session_id;date;user_id;user_age;pc_zone;hours_played;extra_bar_spent;total_paid;payment_method;game_played;client_rating;discount_promo
SESS-15256;2026-08-14 22:58:00;USR-1142;20;PS5;3;600;750;App;Apex Legends;4.0;0
SESS-14949;2026-08-31 16:41:00;USR-1231;18;VIP;2;0;400;Card;Valorant;5.0;0
SESS-12146;2026-08-21 18:21:00;USR-1747;16;Standard;3;0;300;Card;Dota 2;4.5;0
SESS-10501;2026-08-13 17:12:00;USR-1147;16;VIP;1;330;200;Card;Dota 2;4.0;0
SESS-14462;2026-08-09 11:41:00;USR-1532;16;VIP;2;500;400;Card;Minecraft;4.0;0
SESS-14119;2026-08-11 18:28:00;USR-1668;26;Standard;1;50;100;Card;Valorant;3.0;0
SESS-11281;2026-08-04 17:21:00;USR-1396;17;Standard;8;400;800;Card;Minecraft;4.0;0
SESS-15199;2026-08-23 08:08:00;USR-1507;14;Standard;4;800;400;Card;Dota 2;3.0;0
SESS-15033;2026-08-22 16:57:00;USR-1208;20;Standard;3;360;300;Card;Dota 2;3.0;0
SESS-10240;2026-08-24 01:54:00;USR-1130;26;Standard;3;360;300;App;PUBG;4.0;0
SESS-11782;2026-08-04 07:48:00;USR-1660;14;VIP;12;700;2400;App;CS2;2.0;0
SESS-11345;2026-08-04 10:31:00;USR-1638;21;Standard;2;0;200;Card;CS2;5.0;0
SESS-14832;2026-08-12 04:10:00;USR-1107;16;Standard;1;50;100;App;Deadlock;4.0;0
SESS-10381;2026-08-08 15:47:00;USR-1572;26;Standard;2;240;200;Card;Valorant;4.0;0
SESS-12414;2026-08-06 01:30:00;USR-1467;22;Standard;3;360;300;Card;CS2;4.5;0
SESS-12357;2026-08-02 04:38:00;USR-1478;22;VIP;2;500;400;Card;CS2;3.0;0
SESS-13063;2026-08-27 16:52:00;USR-1430;17;VIP;2;200;400;Card;CS2;4.5;0
SESS-10351;2026-08-15 17:27:00;USR-1617;17;Standard;2;400;200;Card;Minecraft;4.0;0
SESS-12416;2026-08-01 01:02:00;USR-1085;16;Standard;4;0;400;Card;Dota 2;4.0;0
SESS-14774;2026-08-03 07:24:00;USR-1063;24;Standard;2;240;200;Card;PUBG;4.5;0
SESS-14358;2026-08-17 01:39:00;USR-1319;22;Bootcamp;8;890;1080;Card;Valorant;4.0;1
SESS-10491;2026-08-27 17:48:00;USR-1209;24;Standard;1;50;100;Card;Dota 2;3.0;0
SESS-10553;2026-08-13 23:24:00;USR-1495;16;Standard;4;320;400;Card;Dota 2;5.0;0
SESS-14200;2026-08-25 00:31:00;USR-1711;34;PS5;2;0;500;Card;CS2;5.0;0
SESS-14430;2026-08-29 17:32:00;USR-1736;24;PS5;2;160;500;Card;Valorant;4.0;0
SESS-13271;2026-08-24 14:25:00;USR-1142;20;Standard;2;100;200;Card;CS2;4.5;0
SESS-14764;2026-08-29 21:42:00;USR-1232;20;Bootcamp;2;0;300;Card;Apex Legends;5.0;0
SESS-10033;2026-08-02 13:54:00;USR-1481;21;Standard;12;0;1200;App;Valorant;4.0;0
SESS-10084;2026-08-23 08:59:00;USR-1270;34;Bootcamp;2;0;300;Cash;Apex Legends;4.5;0
SESS-15188;2026-08-28 07:38:00;USR-1412;32;PS5;2;160;500;App;Minecraft;4.0;0
SESS-13809;2026-08-20 18:32:00;USR-1148;25;Standard;3;600;270;Card;CS2;4.0;1
SESS-12809;2026-08-08 20:45:00;USR-1079;20;VIP;3;0;600;Card;CS2;3.0;0
SESS-10712;2026-08-17 13:43:00;USR-1092;21;Bootcamp;5;350;750;Cash;CS2;4.0;0
SESS-14624;2026-08-29 06:11:00;USR-1528;16;Standard;4;320;360;Card;Valorant;4.0;1
SESS-14221;2026-08-16 13:29:00;USR-1585;19;Bootcamp;5;500;750;Card;Dota 2;5.0;0
SESS-10279;2026-08-29 19:08:00;USR-1490;18;VIP;1;330;180;Card;CS2;4.5;1
SESS-13409;2026-08-05 03:57:00;USR-1732;28;Standard;4;320;400;Card;CS2;4.0;0
SESS-14063;2026-08-04 04:57:00;USR-1442;30;Standard;3;150;300;Card;Dota 2;2.0;0
SESS-14271;2026-08-06 12:18:00;USR-1766;21;Standard;1;0;90;App;Minecraft;4.5;1
SESS-11231;2026-08-03 02:58:00;USR-1337;15;VIP;3;0;540;Card;Dota 2;4.0;1
SESS-10248;2026-08-03 12:44:00;USR-1638;21;Standard;8;0;800;Card;CS2;2.0;0
SESS-14417;2026-08-05 12:25:00;USR-1326;26;Standard;3;0;270;Cash;Deadlock;4.5;1
SESS-11186;2026-08-05 13:30:00;USR-1682;14;VIP;2;0;400;Card;CS2;4.0;0
SESS-12059;2026-08-17 16:38:00;USR-1765;19;Bootcamp;8;650;1200;Card;CS2;5.0;0
SESS-14247;2026-08-13 06:48:00;USR-1015;16;VIP;2;0;360;Card;CS2;4.5;1
SESS-12939;2026-08-26 06:50:00;USR-1724;27;PS5;3;0;750;App;GTA V;5.0;0
SESS-10373;2026-08-29 04:53:00;USR-1155;24;Bootcamp;3;850;450;Card;CS2;3.0;0
SESS-15272;2026-08-18 16:46:00;USR-1321;15;Standard;2;240;200;Card;Dota 2;2.0;0
SESS-14233;2026-08-17 01:28:00;USR-1017;14;Standard;2;0;180;Card;CS2;4.0;1
SESS-10167;2026-08-10 22:36:00;USR-1642;16;Standard;1;50;100;Card;CS2;4.0;0
SESS-13535;2026-08-16 05:05:00;USR-1026;25;VIP;3;610;600;Card;Dota 2;3.0;0
SESS-13433;2026-08-03 06:51:00;USR-1596;24;Standard;2;400;200;Card;Dota 2;5.0;0
SESS-12341;2026-08-29 18:32:00;USR-1540;20;PS5;3;240;750;Card;CS2;4.0;0
SESS-10015;2026-08-20 01:42:00;USR-1422;16;VIP;3;0;600;App;Deadlock;5.0;0
SESS-11419;2026-08-13 05:52:00;USR-1188;16;VIP;1;150;200;App;CS2;3.0;0
SESS-11702;2026-08-22 06:26:00;USR-1054;17;Standard;8;0;800;Cash;CS2;1.0;0
SESS-12138;2026-08-01 20:55:00;USR-1265;22;Bootcamp;2;0;270;Card;Valorant;4.0;1
SESS-10418;2026-08-10 22:17:00;USR-1327;16;Standard;3;0;300;Card;CS2;5.0;0
SESS-11876;2026-08-18 17:54:00;USR-1392;19;Standard;8;960;720;Cash;Dota 2;4.5;1
SESS-11777;2026-08-21 23:56:00;USR-1527;20;Bootcamp;4;0;600;Card;CS2;4.5;0
SESS-12145;2026-08-08 18:59:00;USR-1637;25;Bootcamp;12;1060;1800;Card;Minecraft;4.0;0
SESS-12153;2026-08-07 07:55:00;USR-1306;24;Standard;1;120;90;Card;Dota 2;4.5;1
SESS-13176;2026-08-23 22:09:00;USR-1671;15;Standard;8;1600;800;Card;Dota 2;4.5;0
SESS-12117;2026-08-03 02:54:00;USR-1013;23;Standard;2;100;200;Card;Dota 2;5.0;0
SESS-12222;2026-08-18 18:26:00;USR-1780;23;Bootcamp;3;490;450;App;Dota 2;4.5;0
SESS-13961;2026-08-09 14:52:00;USR-1247;21;Standard;3;0;300;App;CS2;4.0;0
SESS-12276;2026-08-22 22:29:00;USR-1526;22;Bootcamp;3;0;450;Card;GTA V;4.0;0
SESS-10297;2026-08-22 16:06:00;USR-1270;34;VIP;2;0;360;Card;CS2;4.0;1
SESS-14140;2026-08-24 14:27:00;USR-1293;20;VIP;1;220;200;Card;Dota 2;4.0;0
SESS-10555;2026-08-08 04:55:00;USR-1097;21;Bootcamp;3;0;450;App;Dota 2;5.0;0
SESS-14174;2026-08-26 06:41:00;USR-1396;17;Bootcamp;2;0;300;Card;Dota 2;4.0;0
SESS-13715;2026-08-24 16:06:00;USR-1591;24;Standard;3;240;300;App;Minecraft;3.0;0
SESS-13098;2026-08-09 11:03:00;USR-1739;24;VIP;2;500;400;Cash;CS2;5.0;0
SESS-10346;2026-08-18 05:52:00;USR-1375;24;Standard;4;0;400;App;CS2;4.5;0
SESS-11786;2026-08-10 04:37:00;USR-1024;26;Standard;3;150;300;Card;Valorant;4.0;0
SESS-15197;2026-08-22 21:43:00;USR-1720;25;Standard;12;1440;1200;Card;Dota 2;4.0;0
SESS-14387;2026-08-14 03:53:00;USR-1409;23;Standard;1;0;100;Card;Valorant;4.5;0
SESS-10079;2026-08-07 01:07:00;USR-1414;22;VIP;1;370;180;Card;Dota 2;1.0;1
SESS-11128;2026-08-28 11:20:00;USR-1691;19;Standard;3;0;300;Card;Dota 2;4.0;0
SESS-12226;2026-08-25 05:16:00;USR-1600;20;VIP;1;150;200;Card;Valorant;4.5;0
SESS-14996;2026-08-22 00:55:00;USR-1143;24;Bootcamp;2;0;300;Card;Dota 2;2.0;0
SESS-13074;2026-08-11 22:30:00;USR-1643;23;Standard;2;100;180;Card;CS2;3.0;1
SESS-12133;2026-08-14 01:02:00;USR-1543;21;Standard;3;0;300;Card;Minecraft;2.0;0
SESS-11822;2026-08-31 04:52:00;USR-1392;19;Bootcamp;4;0;600;Card;Dota 2;4.5;0
SESS-10705;2026-08-11 09:20:00;USR-1124;17;Standard;1;50;100;Card;Dota 2;4.0;0
SESS-15244;2026-08-14 02:56:00;USR-1527;20;Bootcamp;2;200;270;Cash;CS2;2.0;1
SESS-13774;2026-08-09 16:09:00;USR-1503;21;Bootcamp;3;400;450;Card;CS2;4.5;0
SESS-10008;2026-08-29 19:18:00;USR-1118;15;PS5;2;400;500;App;Dota 2;5.0;0
SESS-15130;2026-08-16 03:22:00;USR-1447;25;Bootcamp;1;0;150;App;CS2;5.0;0
SESS-10800;2026-08-23 05:39:00;USR-1717;15;Standard;2;0;200;App;CS2;4.0;0
SESS-10410;2026-08-30 14:20:00;USR-1318;24;Bootcamp;1;0;150;Card;CS2;4.0;0
SESS-13164;2026-08-03 04:26:00;USR-1781;21;Standard;3;0;300;Card;Dota 2;4.0;0
SESS-10401;2026-08-10 03:13:00;USR-1214;23;Standard;1;0;100;;Dota 2;4.0;0
SESS-11038;2026-08-16 08:01:00;USR-1609;16;Standard;1;0;100;App;CS2;1.0;0
SESS-10742;2026-08-19 17:15:00;USR-1075;33;Standard;2;0;200;App;Deadlock;5.0;0
SESS-13752;2026-08-01 05:03:00;USR-1023;17;Standard;8;640;800;Card;Dota 2;5.0;0
SESS-14280;2026-08-24 08:21:00;USR-1484;17;Standard;3;0;270;App;Valorant;4.0;1
SESS-14529;2026-08-13 09:44:00;USR-1730;30;Standard;3;0;300;Card;CS2;3.0;0
SESS-10530;2026-08-16 15:31:00;USR-1383;27;VIP;1;0;200;Cash;CS2;4.0;0
SESS-13848;2026-08-22 12:30:00;USR-1595;32;VIP;2;0;400;Cash;CS2;4.0;0
SESS-11616;2026-08-08 11:15:00;USR-1353;18;VIP;3;490;600;Card;Deadlock;4.5;0
SESS-14471;2026-08-06 21:41:00;USR-1426;22;PS5;2;0;500;Card;CS2;4.5;0
SESS-12072;2026-08-10 05:08:00;USR-1380;23;Standard;1;80;100;Card;CS2;4.5;0
SESS-13917;2026-08-26 15:35:00;USR-1482;15;VIP;3;490;600;App;CS2;5.0;0
SESS-10865;2026-08-14 03:12:00;USR-1282;26;Standard;1;0;100;Cash;CS2;4.5;0
SESS-13204;2026-08-29 04:44:00;USR-1279;31;Standard;2;100;200;App;Minecraft;2.0;0
SESS-12223;2026-08-04 22:12:00;USR-1277;40;Bootcamp;3;0;450;Card;Deadlock;5.0;0
SESS-13372;2026-08-25 12:37:00;USR-1788;33;Standard;2;400;200;Card;CS2;4.5;0
SESS-14556;2026-08-10 07:48:00;USR-1019;25;PS5;3;600;750;Card;Minecraft;4.5;0
SESS-14319;2026-08-05 03:40:00;USR-1574;15;Bootcamp;2;0;300;Card;CS2;4.0;0
SESS-13297;2026-08-25 15:22:00;USR-1729;25;Standard;3;0;270;Card;CS2;5.0;1
SESS-14083;2026-08-07 20:31:00;USR-1336;14;VIP;2;0;360;App;CS2;5.0;1
SESS-10877;2026-08-13 15:24:00;USR-1552;21;Bootcamp;2;410;300;App;Valorant;5.0;0
SESS-13795;2026-08-16 00:34:00;USR-1172;25;PS5;12;0;3000;App;CS2;4.0;0
SESS-10132;2026-08-06 04:46:00;USR-1733;17;Standard;4;800;400;Card;Minecraft;5.0;0
SESS-13837;2026-08-26 01:06:00;USR-1581;15;Bootcamp;2;0;300;Card;Dota 2;4.0;0
SESS-15150;2026-08-22 01:21:00;USR-1016;19;Bootcamp;5;500;750;App;CS2;4.5;0
SESS-14627;2026-08-15 11:01:00;USR-1209;24;Standard;2;0;180;Card;Dota 2;3.0;1
SESS-10505;2026-08-15 03:33:00;USR-1184;15;Standard;3;360;300;Card;CS2;4.0;0
SESS-12464;2026-08-09 23:29:00;USR-1198;31;Bootcamp;1;0;150;App;Valorant;4.0;0
SESS-12440;2026-08-06 00:21:00;USR-1449;32;VIP;5;700;900;Card;Valorant;5.0;1
SESS-14310;2026-08-04 13:13:00;USR-1245;23;VIP;4;0;720;Cash;GTA V;5.0;1
SESS-10296;2026-08-22 04:40:00;USR-1065;20;Bootcamp;1;300;150;Card;CS2;4.5;0
SESS-14329;2026-08-25 01:44:00;USR-1409;23;Bootcamp;3;0;450;Card;CS2;4.5;0
SESS-10371;2026-08-19 20:14:00;USR-1669;20;Standard;12;0;1200;Card;CS2;4.0;0
SESS-14757;2026-08-31 14:29:00;USR-1651;22;Standard;4;0;360;Card;CS2;5.0;1
SESS-11919;2026-08-14 07:29:00;USR-1418;39;Standard;12;0;1200;Card;CS2;4.0;0
SESS-11514;2026-08-07 06:28:00;USR-1134;16;Bootcamp;2;0;300;Card;CS2;4.5;0
SESS-14615;2026-08-20 16:14:00;USR-1225;19;Bootcamp;2;0;300;App;PUBG;2.0;0
SESS-14386;2026-08-06 06:53:00;USR-1236;19;VIP;12;2500;2400;Card;Deadlock;4.5;0
SESS-15072;2026-08-01 01:09:00;USR-1694;20;VIP;2;0;360;Card;CS2;5.0;1
SESS-14945;2026-08-03 17:13:00;USR-1668;26;PS5;2;100;500;Card;Dota 2;5.0;0
SESS-14325;2026-08-03 14:56:00;USR-1058;23;Bootcamp;1;220;150;Card;Apex Legends;5.0;0
SESS-10696;2026-08-29 03:25:00;USR-1435;17;Standard;2;100;200;Cash;Dota 2;4.0;0
SESS-11483;2026-08-10 16:53:00;USR-1710;35;Standard;3;0;270;Card;CS2;1.0;1
SESS-13898;2026-08-04 18:36:00;USR-1395;19;VIP;1;0;200;Cash;CS2;5.0;0
SESS-14697;2026-08-25 07:14:00;USR-1254;14;PS5;3;0;750;Card;Valorant;4.0;0
SESS-11870;2026-08-21 10:10:00;USR-1729;25;Standard;2;0;200;Card;CS2;2.0;0
SESS-13509;2026-08-22 01:34:00;USR-1291;18;Standard;1;0;100;App;Dota 2;3.0;0
SESS-10881;2026-08-14 17:48:00;USR-1221;21;VIP;3;340;540;Card;Dota 2;5.0;1
SESS-12917;2026-08-10 01:37:00;USR-1466;23; Bootcamp ;1;0;90;App;Browser/Work;3.0;1
SESS-11261;2026-08-27 07:09:00;USR-1134;16;Bootcamp;1;0;135;Card;GTA V;2.0;1
SESS-11224;2026-08-06 02:57:00;USR-1140;16;Standard;1;0;90;Card;CS2;5.0;1
SESS-10168;2026-08-28 04:20:00;USR-1294;25;PS5;2;0;450;Cash;CS2;4.0;1
SESS-12164;2026-08-12 19:22:00;USR-1026;25;Standard;1;0;90;Card;Minecraft;4.0;1
SESS-11361;2026-08-31 20:17:00;USR-1731;17;VIP;3;0;540;Card;CS2;4.5;1
SESS-14098;2026-08-12 04:17:00;USR-1167;17;Standard;2;0;180;Cash;Minecraft;4.5;1
SESS-10023;2026-08-31 19:31:00;USR-1483;17;Standard;1;0;90;Card;CS2;4.0;1
SESS-14149;2026-08-23 13:51:00;USR-1076;35;PS5;1;0;250;Cash;Valorant;4.0;0
SESS-14129;2026-08-03 14:07:00;USR-1405;25;PS5;4;320;1000;Card;CS2;5.0;0
SESS-10798;2026-08-20 04:37:00;USR-1004;25;Standard;3;0;300;Card;Minecraft;3.0;0
SESS-15184;2026-08-12 03:15:00;USR-1426;22;Standard;4;0;400;Card;Dota 2;4.5;0
SESS-11374;2026-08-29 03:00:00;USR-1602;19;Bootcamp;3;400;405;Card;Valorant;4.0;1
SESS-14508;2026-08-20 08:22:00;USR-1238;20;Standard;2;0;200;Cash;Apex Legends;3.0;0
SESS-12275;2026-08-18 14:25:00;USR-1592;21;Standard;12;2400;1200;Card;CS2;4.0;0
SESS-11550;2026-08-01 10:01:00;USR-1049;22;VIP;3;0;600;Card;CS2;4.0;0
SESS-12057;2026-08-18 04:17:00;USR-1529;29;Bootcamp;3;0;450;Card;Dota 2;4.0;0
SESS-12328;2026-08-27 01:45:00;USR-1595;32;PS5;5;0;1250;App;CS2;2.0;0
SESS-11773;2026-08-08 12:52:00;USR-1735;16;VIP;2;0;360;Card;PUBG;2.0;1
SESS-14917;2026-08-29 17:02:00;USR-1279;31;PS5;1;80;250;Card;Valorant;4.0;0
SESS-11553;2026-08-18 23:16:00;USR-1088;29;Standard;4;0;360;Card;Dota 2;4.0;1
SESS-10625;2026-08-04 03:59:00;USR-1600;20;Standard;2;400;200;Card;Minecraft;1.0;0
SESS-14982;2026-08-04 01:04:00;USR-1315;17;Bootcamp;3;460;450;Card;GTA V;2.0;0
SESS-14839;2026-08-30 06:03:00;USR-1347;24;Standard;2;0;200;Card;Apex Legends;3.0;0
SESS-11729;2026-08-13 15:50:00;USR-1661;22;PS5;5;1000;1250;App;Valorant;5.0;0
SESS-15340;2026-08-07 23:51:00;USR-1449;32;Bootcamp;1;0;150;Card;Valorant;2.0;0
SESS-14760;2026-08-09 00:33:00;USR-1618;17;VIP;8;0;1440;Card;Minecraft;5.0;1
SESS-11503;2026-08-07 03:23:00;USR-1095;16;VIP;2;0;400;Card;Dota 2;5.0;0
SESS-13518;2026-08-27 01:01:00;USR-1299;21;Standard;3;0;300;Cash;CS2;3.0;0
SESS-13482;2026-08-06 23:52:00;USR-1386;29;VIP;1;370;200;Card;Valorant;5.0;0
SESS-11779;2026-08-05 21:37:00;USR-1512;25;Standard;1;0;100;Card;Dota 2;4.0;0
SESS-14019;2026-08-16 01:03:00;USR-1641;24;VIP;3;700;600;Card;PUBG;4.0;0
SESS-10333;2026-08-27 14:39:00;USR-1099;18;Bootcamp;4;0;600;Cash;CS2;1.0;0
SESS-13861;2026-08-22 16:51:00;USR-1577;24;Bootcamp;8;740;1080;Card;CS2;4.5;1
SESS-14464;2026-08-21 04:21:00;USR-1189;31;Standard;3;360;300;App;Deadlock;5.0;0
SESS-12569;2026-08-19 02:36:00;USR-1081;15;PS5;5;400;1250;Card;Minecraft;4.0;0
SESS-11765;2026-08-28 21:18:00;USR-1045;19;Bootcamp;3;0;450;Cash;CS2;4.0;0
SESS-10838;2026-08-22 16:54:00;USR-1348;15;Bootcamp;1;300;135;Card;Dota 2;2.0;1
SESS-14195;2026-08-25 01:11:00;USR-1147;16;PS5;3;600;750;Card;CS2;4.0;0
SESS-13590;2026-08-13 13:59:00;USR-1553;22;VIP;1;0;200;App;Valorant;5.0;0
SESS-14371;2026-08-31 02:39:00;USR-1264;16;VIP;3;0;600;Card;CS2;4.5;0
SESS-14081;2026-08-16 07:24:00;USR-1754;19;VIP;5;850;900;Card;Dota 2;5.0;1
SESS-10577;2026-08-29 22:04:00;USR-1481;21;Standard;1;80;100;App;CS2;4.0;0
SESS-10655;2026-08-01 14:15:00;USR-1171;18;Standard;3;0;300;Cash;Valorant;5.0;0
SESS-10426;2026-08-21 21:13:00;USR-1619;18;Bootcamp;1;180;150;Card;Deadlock;5.0;0
SESS-10747;2026-08-17 23:46:00;USR-1394;19;Standard;3;0;300;Card;Dota 2;5.0;0
SESS-15128;2026-08-31 06:39:00;USR-1508;14;Standard;1;0;100;App;CS2;1.0;0
SESS-13682;2026-08-03 05:50:00;USR-1074;16;Standard;2;0;200;App;PUBG;4.5;0
SESS-11957;2026-08-05 01:30:00;USR-1428;24;VIP;2;650;400;Card;CS2;4.5;0
SESS-13889;2026-08-11 08:05:00;USR-1461;36;Standard;3;600;300;Card;CS2;2.0;0
SESS-12550;2026-08-14 23:32:00;USR-1046;17;Bootcamp;3;0;450;Card;CS2;2.0;0
SESS-14986;2026-08-23 22:36:00;USR-1560;22;Standard;4;0;360;App;CS2;4.0;1
SESS-12316;2026-08-09 06:07:00;USR-1403;21;Bootcamp;1;0;150;Card;Dota 2;4.5;0
SESS-10230;2026-08-26 16:28:00;USR-1477;24;VIP;2;0;360;Card;CS2;4.5;1
SESS-10319;2026-08-08 14:58:00;USR-1217;23;Standard;3;0;300;Card;GTA V;4.0;0
SESS-13352;2026-08-01 13:54:00;USR-1546;21;Bootcamp;3;340;450;Card;CS2;3.0;0
SESS-10764;2026-08-18 01:10:00;USR-1387;15;Standard;3;240;300;Card;CS2;4.5;0
SESS-11188;2026-08-17 22:57:00;USR-1355;28;Bootcamp;3;400;450;Card;Apex Legends;5.0;0
SESS-12842;2026-08-11 12:32:00;USR-1102;18;Standard;12;0;1200;App;CS2;4.0;0
SESS-13185;2026-08-02 10:20:00;USR-1355;28;PS5;3;360;750;Card;Dota 2;5.0;0
SESS-14342;2026-08-14 15:51:00;USR-1412;32;Standard;4;320;400;Card;Dota 2;5.0;0
SESS-13542;2026-08-03 04:56:00;USR-1167;17;VIP;2;0;400;Cash;CS2;3.0;0
SESS-14244;2026-08-19 02:50:00;USR-1356;19;Standard;4;0;400;Card;Dota 2;4.0;0
SESS-11720;2026-08-31 23:53:00;USR-1752;18;Standard;4;0;400;Cash;PUBG;3.0;0
SESS-15327;2026-08-13 20:47:00;USR-1114;23;PS5;3;150;750;Card;PUBG;2.0;0
SESS-13129;2026-08-09 12:18:00;USR-1665;24;VIP;2;0;360;Card;CS2;5.0;1
SESS-11921;2026-08-28 07:20:00;USR-1385;19;Standard;4;480;360;Card;Minecraft;4.0;1
SESS-14539;2026-08-29 08:40:00;USR-1741;21;PS5;3;0;750;App;Minecraft;4.5;0
SESS-11543;2026-08-21 01:07:00;USR-1280;26;Bootcamp;2;410;300;Card;CS2;4.0;0
SESS-13321;2026-08-02 09:22:00;USR-1423;24;Standard;2;0;200;App;Dota 2;4.5;0
SESS-12813;2026-08-25 22:08:00;USR-1126;23;Standard;4;480;400;Cash;Dota 2;5.0;0
SESS-11907;2026-08-06 21:57:00;USR-1698;15;Bootcamp;2;0;300;Cash;Minecraft;3.0;0
SESS-14814;2026-08-17 08:47:00;USR-1500;23;Standard;2;0;200;Card;Minecraft;5.0;0
SESS-10893;2026-08-13 20:12:00;USR-1039;35;Standard;4;800;400;Card;GTA V;;0
SESS-13947;2026-08-04 22:57:00;USR-1428;24;PS5;2;0;500;Card;GTA V;5.0;0
SESS-15351;2026-08-30 00:54:00;USR-1081;15;Standard;12;0;1200;App;Browser/Work;4.5;0
SESS-11578;2026-08-24 19:10:00;USR-1097;21;VIP;5;650;1000;Cash;Dota 2;4.5;0
SESS-12225;2026-08-25 23:17:00;USR-1019;25;Standard;4;0;400;Card;CS2;3.0;0
SESS-11173;2026-08-06 03:35:00;USR-1796;36;VIP;3;250;600;App;CS2;4.5;0
SESS-10724;2026-08-14 07:34:00;USR-1352;22;Standard;12;0;1200;Card;CS2;4.5;0
SESS-13034;2026-08-16 18:58:00;USR-1334;14;Standard;3;0;300;Card;Minecraft;2.0;0
SESS-13206;2026-08-18 03:44:00;USR-1732;28;Standard;2;0;200;Card;CS2;1.0;0
SESS-11893;2026-08-05 04:25:00;USR-1233;28;Standard;3;0;300;Card;PUBG;5.0;0
SESS-14241;2026-08-16 10:14:00;USR-1475;26;Standard;2;240;200;App;Valorant;5.0;0
SESS-11379;2026-08-13 03:30:00;USR-1179;19;Standard;4;0;360;App;Minecraft;4.5;1
SESS-10080;2026-08-14 01:44:00;USR-1302;27;PS5;8;0;2000;Card;PUBG;4.0;0
SESS-12342;2026-08-02 23:38:00;USR-1405;25;Standard;5;0;500;Card;Dota 2;1.0;0
SESS-13207;2026-08-29 03:51:00;USR-1607;14;Standard;1;0;100;Card;Valorant;4.0;0
SESS-12694;2026-08-05 09:35:00;USR-1576;19;Standard;3;240;300;Card;Valorant;5.0;0
SESS-14722;2026-08-02 05:16:00;USR-1444;18;Standard;5;1000;500;Card;Valorant;4.0;0
SESS-12518;2026-08-11 09:11:00;USR-1041;20;Standard;3;0;300;Card;Dota 2;3.0;0
SESS-11334;2026-08-27 02:37:00;USR-1192;30;Standard;2;0;200;Card;Valorant;4.0;0
SESS-11129;2026-08-05 18:00:00;USR-1153;24;VIP;5;0;1000;App;Dota 2;4.5;0
SESS-14441;2026-08-25 23:47:00;USR-1289;19;Standard;2;0;200;App;Valorant;4.5;0
SESS-12605;2026-08-05 08:54:00;USR-1669;20;Standard;3;0;300;App;GTA V;4.0;0
SESS-12623;2026-08-19 21:37:00;USR-1305;24;Standard;2;240;200;Card;Apex Legends;3.0;0
SESS-11534;2026-08-08 10:34:00;USR-1551;17;Standard;1;80;100;App;CS2;4.0;0
SESS-14913;2026-08-15 00:59:00;USR-1345;21;VIP;5;0;1000;Card;CS2;4.0;0
SESS-11934;2026-08-05 16:05:00;USR-1366;18;Standard;2;100;200;App;Apex Legends;5.0;0
SESS-13483;2026-08-08 04:11:00;USR-1499;17;Bootcamp;4;580;540;Card;Deadlock;2.0;1
SESS-13007;2026-08-20 14:25:00;USR-1778;17;Standard;3;0;300;Card;Valorant;4.5;0
SESS-15280;2026-08-04 21:06:00;USR-1333;23;VIP;2;0;400;Cash;Deadlock;3.0;0
SESS-12784;2026-08-16 01:28:00;USR-1240;26;Bootcamp;3;0;450;App;CS2;4.0;0
SESS-10439;2026-08-28 13:36:00;USR-1215;15;Standard;4;200;360;Card;Valorant;5.0;1
SESS-14182;2026-08-06 10:46:00;USR-1530;20;VIP;2;0;400;Card;CS2;3.0;0
SESS-14959;2026-08-12 12:30:00;USR-1601;30;Bootcamp;2;0;300;App;CS2;2.0;0
SESS-10584;2026-08-27 02:16:00;USR-1749;15;Bootcamp;2;500;270;App;Dota 2;5.0;1
SESS-11436;2026-08-19 12:35:00;USR-1194;26;Bootcamp;1;0;150;Card;Dota 2;4.0;0
SESS-11862;2026-08-04 15:49:00;USR-1625;15;Bootcamp;2;0;300;Card;CS2;4.0;0
SESS-11942;2026-08-03 22:30:00;USR-1268;31;Standard;1;0;100;Card;Valorant;5.0;0
SESS-10290;2026-08-22 04:18:00;USR-1201;24;PS5;5;0;1250;Card;Valorant;4.5;0
SESS-15274;2026-08-31 08:14:00;USR-1752;18;Standard;1;120;100;Card;CS2;5.0;0
SESS-10926;2026-08-25 00:25:00;USR-1094;29;PS5;4;200;1000;Card;Minecraft;4.5;0
SESS-10315;2026-08-23 06:16:00;USR-1790;34;Standard;5;1000;500;Card;CS2;3.0;0
SESS-13000;2026-08-28 10:58:00;USR-1469;16;Standard;2;100;200;Card;Dota 2;4.5;0
SESS-10911;2026-08-04 09:43:00;USR-1545;26;Standard;1;120;100;Card;Valorant;5.0;0
SESS-13828;2026-08-15 01:57:00;USR-1409;23;PS5;12;0;3000;Card;Minecraft;3.0;0
SESS-13151;2026-08-21 16:15:00;USR-1608;27;Standard;1;80;100;Card;Dota 2;4.5;0
SESS-14512;2026-08-08 11:53:00;USR-1162;17;Standard;2;0;200;Card;Apex Legends;4.0;0
SESS-11295;2026-08-04 01:53:00;USR-1144;20;Standard;2;0;180;Card;Valorant;4.0;1
SESS-14477;2026-08-14 10:55:00;USR-1288;16;Bootcamp;2;410;300;Card;Dota 2;4.5;0
SESS-13379;2026-08-13 06:40:00;USR-1677;27;Standard;2;0;180;Card;Valorant;4.0;1
SESS-13101;2026-08-15 22:53:00;USR-1770;18;Bootcamp;3;0;450;App;CS2;4.0;0
SESS-11839;2026-08-26 06:08:00;USR-1108;21;Standard;1;0;100;Card;GTA V;4.0;0
SESS-12465;2026-08-17 01:15:00;USR-1603;29;Standard;1;0;100;Cash;Dota 2;4.5;0
SESS-13250;2026-08-30 20:27:00;USR-1235;22;Standard;3;0;300;Card;CS2;5.0;0
SESS-10848;2026-08-29 01:04:00;USR-1028;22;Standard;8;0;800;App;Minecraft;5.0;0
SESS-10746;2026-08-03 13:42:00;USR-1516;35;Bootcamp;2;0;300;App;Valorant;4.5;0
SESS-10107;2026-08-18 01:11:00;USR-1302;27;Standard;3;0;300;Card;Valorant;4.5;0
SESS-10879;2026-08-26 02:04:00;USR-1491;21;Bootcamp;1;0;150;Card;CS2;5.0;0
SESS-10029;2026-08-30 02:54:00;USR-1166;20;Standard;2;100;200;Card;CS2;2.0;0
SESS-14403;2026-08-21 09:16:00;USR-1252;20;Bootcamp;3;400;450;Card;Dota 2;5.0;0
SESS-13306;2026-08-13 18:08:00;USR-1544;23;Standard;2;400;180;;Minecraft;5.0;1
SESS-10239;2026-08-31 11:18:00;USR-1062;24;Standard;1;50;100;Cash;Dota 2;4.0;0
SESS-11039;2026-08-13 04:43:00;USR-1021;24;Standard;3;240;300;App;Dota 2;3.0;0
SESS-12094;2026-08-05 00:08:00;USR-1728;22;Standard;3;0;270;Cash;CS2;3.0;1
SESS-11912;2026-08-04 19:14:00;USR-1238;20;VIP;5;650;1000;Card;CS2;4.0;0
SESS-11844;2026-08-10 14:46:00;USR-1679;41;VIP;4;730;800;Card;CS2;4.0;0
SESS-12194;2026-08-27 23:18:00;USR-1585;19;Standard;4;800;400;Card;Dota 2;4.5;0
SESS-14201;2026-08-28 23:54:00;USR-1373;18;PS5;1;0;250;Card;CS2;5.0;0
SESS-15260;2026-08-26 18:51:00;USR-1701;15;Standard;12;2400;1080;App;Minecraft;3.0;1
SESS-11890;2026-08-14 23:20:00;USR-1549;23;Bootcamp;1;300;150;App;Minecraft;4.5;0
SESS-12642;2026-08-15 13:54:00;USR-1572;26;Standard;1;80;90;Card;Minecraft;4.5;1
SESS-14127;2026-08-29 12:21:00;USR-1239;24;Standard;5;0;500;Card;Dota 2;5.0;0
SESS-11199;2026-08-12 22:55:00;USR-1265;22;Standard;3;360;270;App;CS2;4.5;1
SESS-12759;2026-08-23 18:16:00;USR-1558;19;Standard;3;360;300;Card;Valorant;5.0;0
SESS-14147;2026-08-10 18:12:00;USR-1456;17;Standard;5;600;450;Card;Deadlock;4.5;1
SESS-11533;2026-08-01 14:27:00;USR-1089;31;Standard;3;150;300;Card;Dota 2;4.0;0
SESS-14587;2026-08-25 00:51:00;USR-1053;20;Bootcamp;4;0;600;Card;CS2;4.5;0
SESS-13082;2026-08-27 16:27:00;USR-1525;15;PS5;1;0;225;Card;CS2;3.0;1
SESS-12764;2026-08-14 01:14:00;USR-1738;24;Standard;1;0;100;Card;Dota 2;5.0;0
SESS-11272;2026-08-01 16:42:00;USR-1784;32;VIP;12;700;2400;Card;CS2;1.0;0
SESS-14977;2026-08-19 01:17:00;USR-1567;20;PS5;1;120;250;App;CS2;4.0;0
SESS-13135;2026-08-26 11:49:00;USR-1153;24;Bootcamp;2;410;300;App;Deadlock;5.0;0
SESS-10497;2026-08-28 07:52:00;USR-1180;15;Standard;2;0;200;Card;Dota 2;4.0;0
SESS-14087;2026-08-05 07:05:00;USR-1693;24;Standard;2;240;200;;CS2;1.0;0
SESS-14507;2026-08-29 11:20:00;USR-1401;24;Standard;3;360;300;App;Apex Legends;4.0;0
SESS-10787;2026-08-11 20:44:00;USR-1090;20;Standard;3;0;300;App;CS2;4.5;0
SESS-10734;2026-08-21 06:21:00;USR-1525;15;VIP;1;0;200;Card;Dota 2;4.5;0
SESS-13826;2026-08-24 23:48:00;USR-1753;16;Standard;5;250;500;Card;Valorant;5.0;0
SESS-12810;2026-08-06 18:18:00;USR-1042;21;Standard;1;0;100;App;CS2;4.5;0
SESS-11669;2026-08-24 13:47:00;USR-1542;15;VIP;3;400;600;App;CS2;1.0;0
SESS-12860;2026-08-14 05:59:00;USR-1108;21;PS5;2;240;500;Card;Minecraft;4.5;0
SESS-10599;2026-08-04 03:26:00;USR-1042;21;Standard;3;0;300;Card;Valorant;5.0;0
SESS-13337;2026-08-12 03:14:00;USR-1775;22;Standard;2;400;180;App;Apex Legends;4.0;1
SESS-11086;2026-08-09 16:00:00;USR-1728;22;Bootcamp;4;900;600;App;Deadlock;4.5;0
SESS-14639;2026-08-31 06:58:00;USR-1582;23;VIP;12;0;2400;Card;CS2;4.0;0
SESS-11964;2026-08-09 13:04:00;USR-1162;17;PS5;12;600;2700;Card;Minecraft;5.0;1
SESS-11599;2026-08-17 07:16:00;USR-1654;17;Standard;2;0;180;Card;Minecraft;4.0;1
SESS-10453;2026-08-30 11:21:00;USR-1097;21;Standard;2;0;200;Card;CS2;4.0;0
SESS-10393;2026-08-01 08:56:00;USR-1280;26;Standard;3;0;300;Card;Dota 2;2.0;0
SESS-10157;2026-08-12 22:46:00;USR-1320;24;Standard;2;0;180;Card;Dota 2;4.0;1
SESS-10065;2026-08-08 00:14:00;USR-1708;25;Standard;2;400;200;Card;Minecraft;5.0;0
SESS-13963;2026-08-30 20:55:00;USR-1057;19;Standard;2;400;200;Card;Dota 2;4.5;0
SESS-12706;2026-08-29 17:22:00;USR-1428;24;Standard;2;160;180;Card;CS2;1.0;1
SESS-14648;2026-08-18 05:49:00;USR-1551;17;Bootcamp;1;0;150;App;Minecraft;4.0;0
SESS-11501;2026-08-17 00:40:00;USR-1744;22;Bootcamp;3;850;405;App;CS2;4.0;1
SESS-14246;2026-08-19 00:33:00;USR-1458;15;Bootcamp;3;0;450;App;Cyberpunk 2077;5.0;0
SESS-11393;2026-08-22 13:01:00;USR-1212;22;Standard;3;360;300;Card;CS2;4.5;0
SESS-11732;2026-08-27 01:54:00;USR-1745;22;Standard;3;360;270;App;Dota 2;5.0;1
SESS-10915;2026-08-07 10:31:00;USR-1038;19;Standard;2;0;200;Card;GTA V;3.0;0
SESS-11438;2026-08-14 05:32:00;USR-1152;34;Standard;3;240;300;Card;Dota 2;4.0;0
SESS-13949;2026-08-11 23:28:00;USR-1001;26;VIP;2;650;400;App;Dota 2;5.0;0
SESS-12893;2026-08-25 15:14:00;USR-1780;23;Bootcamp;2;0;300;Card;Deadlock;4.5;0
SESS-14570;2026-08-07 00:55:00;USR-1680;29;VIP;1;0;200;Card;Dota 2;5.0;0
SESS-11650;2026-08-25 01:27:00;USR-1103;17;Standard;2;0;200;Card;CS2;4.0;0
SESS-12519;2026-08-14 12:56:00;USR-1763;16;Standard;2;0;200;Cash;GTA V;5.0;0
SESS-12103;2026-08-13 14:29:00;USR-1763;16;VIP;2;0;400;App;Dota 2;3.0;0
SESS-11672;2026-08-31 07:25:00;USR-1227;21;VIP;2;650;400;App;CS2;5.0;0
SESS-11760;2026-08-20 17:50:00;USR-1653;15;Bootcamp;1;370;150;Card;Deadlock;5.0;0
SESS-11545;2026-08-28 23:38:00;USR-1766;21;Standard;3;0;300;Card;Dota 2;4.0;0
SESS-12330;2026-08-18 22:10:00;USR-1293;20;Bootcamp;8;0;1200;Card;GTA V;3.0;0
SESS-12742;2026-08-03 11:48:00;USR-1734;15;Standard;2;100;200;App;CS2;1.0;0
SESS-10151;2026-08-18 00:46:00;USR-1176;19;Bootcamp;1;300;150;Card;Valorant;4.0;0
SESS-13616;2026-08-11 12:39:00;USR-1150;21;Bootcamp;2;200;300;Card;Apex Legends;5.0;0
SESS-14275;2026-08-17 08:11:00;USR-1329;22;Standard;4;800;360;Card;CS2;5.0;1
SESS-11433;2026-08-07 17:18:00;USR-1123;22;Standard;4;0;400;Card;Dota 2;5.0;0
SESS-11532;2026-08-28 22:53:00;USR-1083;22;PS5;2;0;500;Card;Dota 2;3.0;0
SESS-15007;2026-08-03 11:28:00;USR-1213;35;Standard;2;0;180;Card;Valorant;5.0;1
SESS-10811;2026-08-12 11:09:00;USR-1191;16;Standard;3;240;300;App;Dota 2;5.0;0
SESS-14619;2026-08-14 07:54:00;USR-1401;24;VIP;1;300;180;Card;GTA V;5.0;1
SESS-14443;2026-08-29 00:10:00;USR-1681;20;Standard;2;0;200;Cash;CS2;3.0;0
SESS-12395;2026-08-10 15:34:00;USR-1755;29;Bootcamp;1;370;150;Cash;Apex Legends;4.0;0
SESS-11020;2026-08-22 18:39:00;USR-1118;15;Standard;5;0;500;Card;CS2;4.0;0
SESS-12656;2026-08-24 16:12:00;USR-1539;19;Bootcamp;1;0;150;App;Dota 2;4.5;0
SESS-12339;2026-08-29 18:57:00;USR-1465;14;Standard;5;0;500;Cash;CS2;5.0;0
SESS-13539;2026-08-05 19:03:00;USR-1660;14;Standard;2;160;200;App;Deadlock;5.0;0
SESS-14700;2026-08-24 07:42:00;USR-1296;18;Standard;3;360;300;App;CS2;5.0;0
SESS-15078;2026-08-12 10:34:00;USR-1796;36;Standard;2;400;200;App;Browser/Work;4.0;0
SESS-12344;2026-08-21 20:13:00;USR-1692;17;Standard;4;0;400;Card;Dota 2;4.0;0
SESS-11411;2026-08-26 06:26:00;USR-1056;18;VIP;2;500;400;Card;Valorant;3.0;0
SESS-11643;2026-08-16 08:51:00;USR-1238;20;VIP;3;0;600;Cash;CS2;3.0;0
SESS-10626;2026-08-06 03:59:00;USR-1300;45;VIP;2;200;400;Cash;CS2;2.0;0
SESS-15114;2026-08-22 07:16:00;USR-1624;21;Standard;1;50;100;Card;Dota 2;4.5;0
SESS-10471;2026-08-19 22:13:00;USR-1559;23;Standard;3;240;300;App;CS2;4.5;0
SESS-11242;2026-08-28 19:23:00;USR-1258;24;Standard;2;0;200;Card;CS2;4.0;0
SESS-13248;2026-08-16 12:34:00;USR-1191;16;VIP;2;0;400;Card;CS2;2.0;0
SESS-13258;2026-08-26 10:14:00;USR-1328;38;VIP;2;0;360;Card;Apex Legends;4.5;1
SESS-10589;2026-08-14 17:01:00;USR-1124;17;VIP;8;1210;1600;App;Valorant;4.5;0
SESS-10251;2026-08-26 03:09:00;USR-1747;16;Standard;2;100;200;Card;Valorant;5.0;0
SESS-13711;2026-08-24 20:42:00;USR-1544;23;Standard;1;0;100;Cash;CS2;2.0;0
SESS-14909;2026-08-26 00:40:00;USR-1431;19;Standard;1;120;90;Card;CS2;3.0;1
SESS-11292;2026-08-30 02:55:00;USR-1289;19;Bootcamp;2;500;300;Card;CS2;4.5;0
SESS-11881;2026-08-22 15:57:00;USR-1092;21;Bootcamp;3;0;450;Card;Valorant;4.0;0
SESS-10227;2026-08-19 04:05:00;USR-1175;21;VIP;3;340;540;Card;Apex Legends;5.0;1
SESS-12552;2026-08-10 19:37:00;USR-1192;30;Standard;1;0;100;Card;Dota 2;4.5;0
SESS-14679;2026-08-14 04:56:00;USR-1313;19;VIP;12;0;2160;Card;CS2;4.0;1
SESS-14133;2026-08-01 00:32:00;USR-1672;19;Standard;2;240;200;Card;Dota 2;4.0;0
SESS-14718;2026-08-22 13:43:00;USR-1583;24; Bootcamp ;1;80;100;App;Apex Legends;4.5;0
SESS-10794;2026-08-29 16:43:00;USR-1648;19;PS5;8;400;2000;Card;CS2;4.0;0
SESS-13803;2026-08-16 20:06:00;USR-1347;24;Standard;2;160;200;App;Dota 2;4.5;0
SESS-13053;2026-08-02 09:05:00;USR-1518;25;Standard;4;0;400;Card;CS2;5.0;0
SESS-14144;2026-08-29 22:44:00;USR-1110;22;VIP;1;0;200;App;CS2;4.5;0
SESS-14137;2026-08-20 21:25:00;USR-1491;21;Standard;1;0;90;App;Valorant;2.0;1
SESS-11477;2026-08-17 13:35:00;USR-1196;23;Standard;2;0;200;Card;Deadlock;5.0;0
SESS-13870;2026-08-20 20:37:00;USR-1235;22;Standard;3;0;270;Card;GTA V;4.5;1
SESS-10751;2026-08-11 07:11:00;USR-1782;28;Standard;3;0;300;Card;Valorant;4.0;0
SESS-13195;2026-08-18 22:02:00;USR-1047;26;Standard;2;0;200;Card;Cyberpunk 2077;5.0;0
SESS-14179;2026-08-27 18:58:00;USR-1004;25;Bootcamp;5;650;675;Card;Dota 2;4.5;1
SESS-10292;2026-08-13 14:57:00;USR-1134;16;Standard;12;2400;1200;App;Dota 2;4.5;0
SESS-14264;2026-08-28 20:31:00;USR-1444;18;Standard;3;360;300;Card;Valorant;4.0;0
SESS-10932;2026-08-10 23:48:00;USR-1442;30;Standard;1;0;100;App;CS2;4.0;0
SESS-13670;2026-08-01 22:51:00;USR-1091;18;Standard;1;50;100;App;CS2;4.5;0
SESS-12620;2026-08-11 19:38:00;USR-1138;18;VIP;1;450;200;Card;Minecraft;5.0;0
SESS-13552;2026-08-21 00:36:00;USR-1161;19; Bootcamp ;2;0;400;Card;Dota 2;4.0;0
SESS-12377;2026-08-15 02:34:00;USR-1001;26;PS5;1;120;225;App;Dota 2;4.0;1
SESS-12373;2026-08-18 23:15:00;USR-1498;26;Bootcamp;1;300;150;App;Dota 2;5.0;0
SESS-12968;2026-08-16 03:22:00;USR-1748;22;Standard;3;360;300;Card;Minecraft;3.0;0
SESS-10468;2026-08-18 09:54:00;USR-1665;24;VIP;2;0;400;Card;GTA V;1.0;0
SESS-14955;2026-08-05 00:55:00;USR-1035;15;Standard;3;600;300;Card;Minecraft;3.0;0
SESS-13555;2026-08-19 07:07:00;USR-1618;17;Standard;3;0;270;Card;CS2;4.0;1
SESS-14904;2026-08-15 10:37:00;USR-1200;16;Standard;2;400;200;Card;CS2;4.0;0
SESS-13893;2026-08-25 04:41:00;USR-1405;25;Standard;2;160;200;Card;CS2;4.5;0
SESS-10776;2026-08-31 09:54:00;USR-1210;22;Standard;3;0;270;Card;Minecraft;3.0;1
SESS-12217;2026-08-10 09:51:00;USR-1084;25;Standard;8;0;800;Card;Deadlock;4.0;0
SESS-13102;2026-08-15 18:11:00;USR-1489;25;Standard;12;1440;1200;Cash;Dota 2;4.0;0
SESS-11412;2026-08-20 18:29:00;USR-1649;30;Standard;2;160;180;Card;Dota 2;4.5;1
SESS-11315;2026-08-06 08:01:00;USR-1315;17;Standard;4;320;400;Card;Dota 2;5.0;0
SESS-14641;2026-08-19 06:01:00;USR-1086;23;Standard;3;0;270;App;CS2;4.0;1
SESS-11728;2026-08-01 20:19:00;USR-1777;25;Standard;12;0;1200;Card;Apex Legends;4.5;0
SESS-10199;2026-08-20 23:21:00;USR-1114;23;Standard;4;0;400;App;Dota 2;2.0;0
SESS-10544;2026-08-24 09:13:00;USR-1766;21;PS5;12;960;2700;Card;Minecraft;4.0;1
SESS-11488;2026-08-15 06:32:00;USR-1287;17;Standard;2;100;200;Card;CS2;4.5;0
SESS-13874;2026-08-29 19:45:00;USR-1767;16;Bootcamp;1;0;150;Cash;Apex Legends;5.0;0
SESS-11468;2026-08-29 16:08:00;USR-1785;18;Standard;8;0;720;Cash;Cyberpunk 2077;5.0;1
SESS-12715;2026-08-14 10:58:00;USR-1136;28;VIP;3;0;600;App;PUBG;4.5;0
SESS-10624;2026-08-07 18:14:00;USR-1175;21;Standard;2;100;200;App;Valorant;4.5;0
SESS-15237;2026-08-17 03:08:00;USR-1217;23;Bootcamp;4;0;600;App;Valorant;4.0;0
SESS-15365;2026-08-08 14:04:00;USR-1454;20;Standard;3;0;300;Card;CS2;4.5;0
SESS-13689;2026-08-01 13:29:00;USR-1434;22;Standard;5;0;500;Card;Dota 2;3.0;0
SESS-10465;2026-08-06 05:07:00;USR-1491;21;Standard;4;0;400;Card;CS2;4.0;0
SESS-13439;2026-08-05 04:21:00;USR-1570;19;VIP;12;1060;2400;App;CS2;3.0;0
SESS-12753;2026-08-10 05:46:00;USR-1425;19;Bootcamp;2;650;270;Cash;Dota 2;4.0;1
SESS-13050;2026-08-02 03:45:00;USR-1512;25;VIP;12;700;2400;App;Minecraft;3.0;0
SESS-10102;2026-08-04 02:30:00;USR-1509;16;Standard;3;240;270;App;Valorant;3.0;1
SESS-14309;2026-08-15 03:37:00;USR-1794;23;VIP;3;0;540;Card;CS2;4.0;1
SESS-11032;2026-08-24 15:02:00;USR-1725;29;VIP;3;400;540;App;CS2;1.0;1
SESS-13839;2026-08-07 23:06:00;USR-1266;23;Standard;2;0;200;Cash;CS2;4.5;0
SESS-14025;2026-08-23 20:09:00;USR-1638;21;Bootcamp;3;850;450;App;Dota 2;4.5;0
SESS-13968;2026-08-11 16:23:00;USR-1018;22;Standard;3;150;300;Cash;Valorant;4.5;0
SESS-10106;2026-08-23 06:19:00;USR-1035;15;Bootcamp;2;0;270;Card;CS2;4.5;1
SESS-12031;2026-08-06 23:34:00;USR-1393;17;Standard;4;480;360;Cash;Dota 2;4.5;1
SESS-15186;2026-08-03 02:06:00;USR-1203;21;VIP;1;0;200;Card;CS2;5.0;0
SESS-13307;2026-08-02 21:59:00;USR-1140;16;Standard;3;0;300;App;CS2;4.0;0
SESS-13971;2026-08-14 13:34:00;USR-1033;18;Standard;3;150;300;App;Dota 2;5.0;0
SESS-15315;2026-08-14 05:37:00;USR-1598;21;VIP;3;0;600;Card;CS2;3.0;0
SESS-14898;2026-08-10 00:38:00;USR-1245;23;Standard;1;200;100;Cash;Minecraft;4.0;0
SESS-12445;2026-08-31 17:34:00;USR-1729;25;VIP;1;330;200;Card;CS2;4.0;0
SESS-11126;2026-08-14 03:33:00;USR-1097;21;VIP;4;0;800;Card;GTA V;4.0;0
SESS-11049;2026-08-18 00:23:00;USR-1665;24;VIP;3;0;540;Card;CS2;4.0;1
SESS-14414;2026-08-31 21:49:00;USR-1192;30;Bootcamp;3;0;450;Card;Dota 2;4.0;0
SESS-13799;2026-08-18 01:17:00;USR-1143;24;VIP;8;500;1440;Card;Dota 2;5.0;1
SESS-11047;2026-08-31 21:05:00;USR-1514;28;Standard;1;0;100;Card;CS2;4.0;0
SESS-13820;2026-08-03 22:22:00;USR-1154;24;Standard;3;0;270;Card;CS2;4.5;1
SESS-14668;2026-08-13 02:20:00;USR-1601;30;Standard;2;160;180;Card;Apex Legends;5.0;1
SESS-10964;2026-08-23 20:13:00;USR-1693;24; standard ;1;0;100;Card;Dota 2;4.0;0
SESS-13145;2026-08-26 18:23:00;USR-1057;19;Standard;1;200;100;Card;CS2;4.5;0
SESS-13168;2026-08-17 05:55:00;USR-1230;17;Standard;2;0;200;Card;Dota 2;4.0;0
SESS-11220;2026-08-12 21:59:00;USR-1301;24;PS5;3;360;750;Card;Minecraft;4.5;0
SESS-15020;2026-08-26 09:37:00;USR-1365;15;Bootcamp;3;0;450;Card;Cyberpunk 2077;4.0;0
SESS-11057;2026-08-13 12:52:00;USR-1351;35;Standard;8;1600;800;App;CS2;4.5;0
SESS-11485;2026-08-13 18:20:00;USR-1607;14;Bootcamp;2;0;300;App;CS2;5.0;0
SESS-13121;2026-08-19 06:07:00;USR-1754;19;Standard;2;0;200;;CS2;4.5;0
SESS-10416;2026-08-14 09:15:00;USR-1688;18;VIP;2;0;400;App;Valorant;1.0;0
SESS-11073;2026-08-23 05:21:00;USR-1442;30;Standard;3;240;300;Card;CS2;5.0;0
SESS-10534;2026-08-02 18:08:00;USR-1069;40;Standard;1;50;90;Cash;Dota 2;4.0;1
SESS-13551;2026-08-01 14:39:00;USR-1466;23;Bootcamp;2;0;270;App;Deadlock;4.5;1
SESS-13764;2026-08-08 08:50:00;USR-1574;15;Standard;4;0;400;App;Dota 2;4.5;0
SESS-15050;2026-08-25 13:09:00;USR-1218;26;Standard;12;0;1200;Card;Valorant;4.0;0
SESS-11297;2026-08-26 07:48:00;USR-1446;15;VIP;1;0;180;Card;Dota 2;4.5;1
SESS-10179;2026-08-15 17:01:00;USR-1622;14;Bootcamp;1;450;150;App;CS2;2.0;0
SESS-13182;2026-08-11 17:49:00;USR-1762;16;Bootcamp;3;0;450;App;Valorant;5.0;0
SESS-13833;2026-08-29 20:11:00;USR-1342;30;Standard;4;800;360;Card;Dota 2;4.0;1
SESS-15077;2026-08-10 04:49:00;USR-1254;14;Bootcamp;4;1050;540;Card;CS2;4.5;1
SESS-13648;2026-08-01 05:05:00;USR-1598;21;Standard;1;200;100;App;Minecraft;4.0;0
SESS-10711;2026-08-08 12:22:00;USR-1271;25;Standard;2;400;200;Cash;Dota 2;5.0;0
SESS-12554;2026-08-27 23:48:00;USR-1428;24;Standard;12;2400;1200;Card;Dota 2;2.0;0
SESS-15069;2026-08-08 05:46:00;USR-1384;27;Standard;1;120;90;Card;PUBG;4.5;1
SESS-13109;2026-08-03 16:13:00;USR-1065;20;Standard;1;50;100;App;Valorant;4.0;0
SESS-15177;2026-08-29 19:28:00;USR-1361;23;Bootcamp;3;0;450;Card;Apex Legends;4.0;0
SESS-14649;2026-08-30 06:28:00;USR-1208;20;Standard;1;120;100;Card;Dota 2;5.0;0
SESS-15270;2026-08-21 07:31:00;USR-1105;20;VIP;5;700;1000;Card;CS2;1.0;0
SESS-12804;2026-08-24 23:40:00;USR-1293;20;Standard;2;0;200;Card;Minecraft;4.5;0
SESS-11476;2026-08-06 11:42:00;USR-1628;23;Standard;5;1000;500;App;Apex Legends;5.0;0
SESS-15075;2026-08-09 07:43:00;USR-1580;20;PS5;3;240;750;App;Valorant;4.0;0
SESS-14357;2026-08-06 16:53:00;USR-1340;21;Standard;1;0;100;Card;CS2;4.0;0
SESS-10598;2026-08-20 14:57:00;USR-1681;20;Standard;3;0;300;Card;CS2;5.0;0
SESS-13455;2026-08-03 11:11:00;USR-1591;24;Bootcamp;8;0;1200;Card;Valorant;5.0;0
SESS-12157;2026-08-01 03:25:00;USR-1540;20;Standard;2;0;200;App;Dota 2;5.0;0
SESS-12943;2026-08-05 20:21:00;USR-1408;20;Bootcamp;2;260;270;Card;Dota 2;3.0;1
SESS-12499;2026-08-13 01:21:00;USR-1095;16;VIP;4;0;800;Card;PUBG;4.0;0
SESS-11835;2026-08-01 22:15:00;USR-1172;25;VIP;4;570;720;Card;PUBG;5.0;1
SESS-10245;2026-08-15 16:04:00;USR-1239;24;VIP;3;0;540;Cash;Dota 2;4.0;1
SESS-13410;2026-08-02 03:21:00;USR-1289;19;Standard;4;0;360;Card;CS2;4.5;1
SESS-12323;2026-08-27 15:52:00;USR-1024;26;Standard;2;0;200;App;Valorant;4.0;0
SESS-13413;2026-08-02 12:29:00;USR-1001;26;Standard;4;0;400;Card;CS2;4.0;0
SESS-10721;2026-08-06 16:23:00;USR-1157;15;Standard;1;0;100;Card;Deadlock;4.0;0
SESS-10472;2026-08-24 23:27:00;USR-1744;22;VIP;8;0;1600;Card;Apex Legends;4.5;0
SESS-13066;2026-08-06 00:43:00;USR-1199;20;VIP;3;0;540;App;Dota 2;4.5;1
SESS-11168;2026-08-14 17:31:00;USR-1160;16;VIP;1;330;200;Cash;Valorant;3.0;0
SESS-10422;2026-08-09 13:34:00;USR-1119;24;PS5;1;0;250;App;Valorant;4.0;0
SESS-11718;2026-08-10 14:13:00;USR-1722;22;Bootcamp;2;650;300;Card;Apex Legends;4.5;0
SESS-14281;2026-08-10 19:26:00;USR-1390;21;PS5;8;400;2000;Card;CS2;5.0;0
SESS-12534;2026-08-18 02:25:00;USR-1592;21;VIP;4;0;800;App;CS2;4.0;0
SESS-14026;2026-08-04 14:01:00;USR-1064;31;Standard;3;600;300;Card;Valorant;2.0;0
SESS-12897;2026-08-24 16:24:00;USR-1085;16;PS5;3;150;750;Card;Dota 2;2.0;0
SESS-14209;2026-08-30 20:27:00;USR-1764;23;PS5;2;240;500;Card;Apex Legends;3.0;0
SESS-13400;2026-08-16 12:48:00;USR-1712;20;VIP;1;0;200;Card;Dota 2;3.0;0
SESS-14951;2026-08-28 13:59:00;USR-1128;25;Standard;2;0;180;Card;CS2;4.0;1
SESS-12890;2026-08-27 21:55:00;USR-1376;15;Bootcamp;3;850;450;Card;PUBG;4.0;0
SESS-11937;2026-08-14 06:22:00;USR-1568;19;PS5;3;600;750;App;Valorant;2.0;0
SESS-13646;2026-08-14 00:30:00;USR-1045;19;VIP;12;0;2400;;CS2;4.0;0
SESS-14385;2026-08-25 13:39:00;USR-1465;14;Standard;2;100;200;Card;Minecraft;4.0;0
SESS-14751;2026-08-27 18:16:00;USR-1251;27;Standard;2;0;200;Card;Valorant;4.5;0
SESS-12841;2026-08-13 16:31:00;USR-1332;21;VIP;3;0;600;App;Browser/Work;4.0;0
SESS-10272;2026-08-18 13:42:00;USR-1585;19;VIP;8;1060;1600;;Valorant;5.0;0
SESS-13811;2026-08-09 15:48:00;USR-1535;18;Standard;1;80;100;App;CS2;5.0;0
SESS-14168;2026-08-01 00:10:00;USR-1306;24;PS5;3;600;750;Card;CS2;5.0;0
SESS-14787;2026-08-21 01:16:00;USR-1072;17;PS5;4;320;900;App;CS2;2.0;1
SESS-13862;2026-08-29 18:17:00;USR-1097;21;Bootcamp;1;220;150;App;CS2;3.0;0
SESS-13088;2026-08-15 17:01:00;USR-1153;24;Bootcamp;12;0;1800;Card;Dota 2;5.0;0
SESS-15126;2026-08-26 16:48:00;USR-1715;31;Standard;3;240;300;Card;CS2;4.5;0
SESS-14740;2026-08-30 13:46:00;USR-1476;17;Standard;8;1600;800;Card;Minecraft;4.0;0
SESS-14214;2026-08-10 12:37:00;USR-1779;19;Standard;3;0;300;Card;CS2;4.5;0
SESS-14066;2026-08-14 16:08:00;USR-1769;21;VIP;4;0;800;Cash;PUBG;4.0;0
SESS-13538;2026-08-02 20:53:00;USR-1618;17;Bootcamp;2;490;300;App;CS2;5.0;0
SESS-10765;2026-08-06 18:18:00;USR-1498;26;Standard;2;0;200;Card;Minecraft;5.0;0
SESS-10889;2026-08-02 00:12:00;USR-1586;26;Standard;2;0;200;Card;CS2;3.0;0
SESS-14091;2026-08-12 12:19:00;USR-1399;19;VIP;4;0;800;Cash;PUBG;4.5;0
SESS-11569;2026-08-15 10:08:00;USR-1484;17;VIP;8;0;1600;App;Valorant;4.0;0
SESS-12124;2026-08-22 21:15:00;USR-1120;15;PS5;4;320;1000;App;CS2;5.0;0
SESS-11818;2026-08-29 22:54:00;USR-1151;17;Standard;1;0;100;;Dota 2;4.0;0
SESS-12268;2026-08-02 09:15:00;USR-1457;19;PS5;1;0;250;App;CS2;4.5;0
SESS-14427;2026-08-23 03:38:00;USR-1377;22;Standard;5;400;450;Cash;PUBG;4.5;1
SESS-14224;2026-08-20 16:10:00;USR-1179;19;Standard;3;600;270;App;CS2;4.0;1
SESS-10486;2026-08-04 06:20:00;USR-1309;32;Bootcamp;3;0;450;Card;CS2;4.0;0
SESS-10286;2026-08-24 02:37:00;USR-1404;23;VIP;2;0;360;App;Dota 2;4.0;1
SESS-14475;2026-08-29 23:44:00;USR-1668;26;Standard;1;80;100;Card;Dota 2;5.0;0
SESS-13699;2026-08-27 01:36:00;USR-1063;24;PS5;1;120;250;Card;Dota 2;2.0;0
SESS-13573;2026-08-05 15:34:00;USR-1540;20;Standard;2;160;180;App;Valorant;4.0;1
SESS-10254;2026-08-25 02:19:00;USR-1787;31;VIP;2;0;400;Card;Dota 2;4.5;0
SESS-15136;2026-08-04 16:36:00;USR-1062;24;Bootcamp;3;0;450;Card;Dota 2;4.0;0
SESS-12867;2026-08-17 02:59:00;USR-1131;26;Standard;3;0;300;App;Cyberpunk 2077;5.0;0
SESS-14078;2026-08-16 10:33:00;USR-1396;17;Standard;2;0;200;Card;Dota 2;4.5;0
SESS-11183;2026-08-03 06:07:00;USR-1567;20;Standard;2;0;200;Card;CS2;5.0;0
SESS-10952;2026-08-11 20:15:00;USR-1361;23;Standard;8;1600;800;App;CS2;5.0;0
SESS-14618;2026-08-06 11:39:00;USR-1015;16;Standard;2;0;180;App;CS2;4.0;1
SESS-11456;2026-08-08 22:44:00;USR-1128;25;Standard;4;0;400;App;Minecraft;4.5;0
SESS-14918;2026-08-11 23:30:00;USR-1721;22;Standard;2;0;200;Card;Valorant;5.0;0
SESS-12980;2026-08-24 11:02:00;USR-1432;20;Bootcamp;3;0;450;Card;Dota 2;4.0;0
SESS-10538;2026-08-30 17:57:00;USR-1532;16;VIP;2;0;400;Card;GTA V;4.0;0
SESS-14269;2026-08-14 08:37:00;USR-1645;20;Standard;2;100;200;App;CS2;5.0;0
SESS-11702;2026-08-22 06:26:00;USR-1054;17;Standard;8;0;800;Cash;CS2;1.0;0
SESS-15298;2026-08-21 07:50:00;USR-1111;23;Standard;8;0;800;Card;CS2;4.0;0
SESS-15206;2026-08-15 06:15:00;USR-1197;24;Bootcamp;1;450;150;Card;Dota 2;4.0;0
SESS-11832;2026-08-30 19:13:00;USR-1563;15;Bootcamp;3;0;405;App;CS2;4.5;1
SESS-14295;2026-08-25 21:07:00;USR-1523;41;Bootcamp;4;0;600;App;Dota 2;4.0;0
SESS-10812;2026-08-25 18:07:00;USR-1337;15;VIP;1;370;200;Card;Dota 2;2.0;0
SESS-15216;2026-08-01 20:58:00;USR-1501;19;Bootcamp;4;0;600;Card;CS2;4.0;0
SESS-11268;2026-08-19 07:53:00;USR-1108;21;Standard;3;0;270;Card;CS2;4.5;1
SESS-12029;2026-08-30 02:02:00;USR-1760;20;Standard;3;0;300;Card;Deadlock;5.0;0
SESS-15104;2026-08-08 02:07:00;USR-1055;17;Standard;2;400;180;Card;Minecraft;5.0;1
SESS-14209;2026-08-30 20:27:00;USR-1764;23;PS5;2;240;500;Card;Apex Legends;3.0;0
SESS-14597;2026-08-13 20:35:00;USR-1698;15;Bootcamp;4;580;600;Card;GTA V;5.0;0
SESS-13064;2026-08-28 13:03:00;USR-1195;19;PS5;3;360;750;Card;CS2;5.0;0
SESS-13048;2026-08-08 05:45:00;USR-1713;30;Standard;2;0;200;Card;CS2;1.0;0
SESS-14588;2026-08-21 16:35:00;USR-1034;36;Standard;3;0;300;Card;Dota 2;4.5;0
SESS-13619;2026-08-09 06:56:00;USR-1194;26;PS5;1;0;250;App;CS2;4.0;0
SESS-10228;2026-08-09 10:39:00;USR-1362;20;VIP ;2;100;200;Card;Valorant;5.0;0
SESS-12142;2026-08-26 03:17:00;USR-1305;24;VIP;3;460;600;Cash;Dota 2;5.0;0
SESS-14795;2026-08-14 22:17:00;USR-1149;21;Standard;4;800;400;Card;Deadlock;5.0;0
SESS-13540;2026-08-16 20:25:00;USR-1132;25;Bootcamp;2;0;300;Cash;Valorant;4.0;0
SESS-13940;2026-08-24 09:09:00;USR-1386;29;Standard;3;0;300;Card;Valorant;4.5;0
SESS-11400;2026-08-27 20:07:00;USR-1335;34;Standard;3;150;300;App;Dota 2;5.0;0
SESS-10017;2026-08-30 19:13:00;USR-1161;19;Standard;3;150;300;Card;CS2;1.0;0
SESS-11877;2026-08-13 00:16:00;USR-1461;36;Bootcamp;1;0;150;Card;Valorant;4.0;0
SESS-14796;2026-08-22 06:14:00;USR-1240;26;Standard;3;360;270;App;CS2;3.0;1
SESS-11526;2026-08-21 07:28:00;USR-1732;28;Standard;5;250;500;Card;CS2;4.5;0
SESS-10443;2026-08-06 16:02:00;USR-1169;27;Standard;2;0;200;Card;Dota 2;5.0;0
SESS-11580;2026-08-17 16:57:00;USR-1515;14;Standard;2;0;200;Card;PUBG;4.5;0
SESS-10037;2026-08-09 14:21:00;USR-1010;22;VIP;1;330;200;Cash;Apex Legends;5.0;0
SESS-15195;2026-08-01 06:09:00;USR-1199;20;Standard;1;80;90;Card;Deadlock;4.5;1
SESS-12602;2026-08-25 14:29:00;USR-1328;38;Standard;3;0;300;Card;Dota 2;5.0;0
SESS-13149;2026-08-20 00:47:00;USR-1648;19;Standard;5;0;450;Card;Deadlock;4.0;1
SESS-12480;2026-08-09 13:31:00;USR-1563;15;Standard;2;240;200;App;Dota 2;5.0;0
SESS-11849;2026-08-09 08:56:00;USR-1539;19;Bootcamp;8;1210;1080;Card;Valorant;4.5;1
SESS-14369;2026-08-04 04:30:00;USR-1579;40;Bootcamp;1;0;150;Card;Valorant;4.0;0
SESS-11738;2026-08-14 03:49:00;USR-1289;19;Standard;2;0;200;;Dota 2;5.0;0
SESS-12962;2026-08-10 11:38:00;USR-1371;24;Standard;1;0;100;Cash;PUBG;4.0;0
SESS-13150;2026-08-10 23:01:00;USR-1320;24;Standard;1;0;90;Card;Apex Legends;4.0;1
SESS-15314;2026-08-19 07:07:00;USR-1057;19;Standard;3;240;300;App;Dota 2;4.0;0
SESS-11504;2026-08-08 18:30:00;USR-1014;24;PS5;1;80;250;Card;CS2;4.5;0
SESS-15308;2026-08-01 23:12:00;USR-1486;16;Standard;2;240;200;Card;CS2;4.0;0
SESS-14498;2026-08-19 16:09:00;USR-1265;22;Standard;3;0;300;Card;Deadlock;4.5;0
SESS-10856;2026-08-02 13:28:00;USR-1391;14;VIP;4;0;800;Card;CS2;5.0;0
SESS-13706;2026-08-31 02:16:00;USR-1369;23;Bootcamp;3;400;450;App;Deadlock;4.0;0
SESS-10088;2026-08-28 00:19:00;USR-1354;18;VIP;3;0;600;Card;Dota 2;4.5;0
SESS-15143;2026-08-11 20:22:00;USR-1531;25;VIP;12;850;2400;Card;Cyberpunk 2077;3.0;0
SESS-10683;2026-08-02 23:40:00;USR-1421;21;Standard;2;0;200;Card;CS2;4.0;0
SESS-15332;2026-08-26 14:21:00;USR-1295;24;VIP;1;450;200;Card;PUBG;4.0;0
SESS-13414;2026-08-21 21:52:00;USR-1334;14;Standard;3;0;300;Cash;Valorant;4.0;0
SESS-11539;2026-08-14 12:03:00;USR-1795;25;Standard;3;240;270;Card;CS2;5.0;1
SESS-15043;2026-08-27 11:49:00;USR-1600;20;Standard;3;0;300;App;GTA V;4.0;0
SESS-14622;2026-08-10 11:50:00;USR-1531;25;Standard;3;0;300;Card;Minecraft;4.5;0
SESS-14453;2026-08-20 15:31:00;USR-1622;14;Standard;3;150;300;App;CS2;4.0;0
SESS-10144;2026-08-12 11:16:00;USR-1771;17;PS5;1;0;250;Card;Minecraft;4.0;0
SESS-12459;2026-08-31 22:01:00;USR-1233;28;PS5;1;0;250;Card;Valorant;5.0;0
SESS-14461;2026-08-12 12:03:00;USR-1096;31;Bootcamp;12;0;1800;Card;CS2;5.0;0
SESS-11647;2026-08-12 11:22:00;USR-1600;20;Standard;1;50;100;Card;Dota 2;5.0;0
SESS-11397;2026-08-04 11:33:00;USR-1792;22;VIP;2;410;360;App;Valorant;4.0;1
SESS-13158;2026-08-18 15:13:00;USR-1592;21;Standard;2;0;180;App;Dota 2;4.5;1
SESS-12144;2026-08-11 11:17:00;USR-1499;17;Standard;1;0;100;Cash;CS2;4.5;0
SESS-14024;2026-08-01 02:41:00;USR-1712;20;PS5;3;600;750;Card;Valorant;4.5;0
SESS-12034;2026-08-28 02:39:00;USR-1544;23;Standard;4;480;400;Card;CS2;3.0;0
SESS-10485;2026-08-05 10:06:00;USR-1181;24;Bootcamp;1;300;150;Cash;Dota 2;4.0;0
SESS-13996;2026-08-20 17:04:00;USR-1367;30;Standard;3;0;300;Card;Dota 2;5.0;0
SESS-13246;2026-08-21 11:06:00;USR-1206;25;VIP;2;500;400;App;CS2;2.0;0
SESS-15223;2026-08-17 02:46:00;USR-1543;21;Standard;2;160;200;Card;Minecraft;5.0;0
SESS-12422;2026-08-19 15:31:00;USR-1403;21;Standard;3;150;270;Card;CS2;5.0;1
SESS-11770;2026-08-17 12:43:00;USR-1470;23;Standard;1;0;100;Card;Minecraft;1.0;0
SESS-14616;2026-08-17 13:26:00;USR-1709;38;VIP;12;0;2400;Card;Deadlock;5.0;0
SESS-11471;2026-08-09 16:41:00;USR-1448;23;Standard;3;0;300;App;Valorant;5.0;0
SESS-11874;2026-08-30 17:27:00;USR-1275;16;Standard;2;0;200;Card;Dota 2;2.0;0
SESS-11002;2026-08-29 00:07:00;USR-1475;26;VIP;8;0;1600;Card;Dota 2;4.0;0
SESS-14874;2026-08-14 13:16:00;USR-1061;18;Standard;3;240;300;Card;CS2;5.0;0
SESS-10748;2026-08-09 14:46:00;USR-1698;15;Standard;4;0;400;Card;Dota 2;4.5;0
SESS-14020;2026-08-06 07:13:00;USR-1445;22;Standard;3;360;270;Card;CS2;1.0;1
SESS-13707;2026-08-16 21:44:00;USR-1660;14;Standard;2;0;200;App;Minecraft;5.0;0
SESS-11090;2026-08-18 23:55:00;USR-1038;19;Standard;4;0;360;Card;Dota 2;5.0;1
SESS-11741;2026-08-31 21:35:00;USR-1021;24;Standard;3;600;300;Card;Dota 2;5.0;0
SESS-14574;2026-08-04 18:29:00;USR-1462;20;Standard;4;0;400;Card;CS2;5.0;0
SESS-10100;2026-08-11 17:06:00;USR-1416;23;Standard;12;600;1080;App;Dota 2;3.0;1
SESS-13305;2026-08-22 18:07:00;USR-1555;16;Standard;3;600;270;App;Dota 2;3.0;1
SESS-11626;2026-08-07 17:48:00;USR-1349;15;VIP;3;610;600;Card;Dota 2;4.5;0
SESS-11158;2026-08-06 07:35:00;USR-1414;22;PS5;3;360;675;App;PUBG;3.0;1
SESS-10969;2026-08-19 14:16:00;USR-1485;24;Bootcamp;1;0;150;Cash;Dota 2;3.0;0
SESS-14187;2026-08-21 22:34:00;USR-1234;14;Standard;2;0;200;Card;Minecraft;2.0;0
SESS-11209;2026-08-10 20:11:00;USR-1048;28;VIP;1;0;200;Card;CS2;4.5;0
SESS-13698;2026-08-04 05:44:00;USR-1538;17;Standard;12;0;1200;Card;Minecraft;4.0;0
SESS-13167;2026-08-06 16:34:00;USR-1583;24;VIP;1;150;200;Card;Valorant;5.0;0
SESS-12609;2026-08-09 13:05:00;USR-1057;19;Standard;2;240;200;Card;Deadlock;4.0;0
SESS-15342;2026-08-24 07:58:00;USR-1783;16;VIP;2;0;400;App;Dota 2;4.5;0
SESS-10109;2026-08-03 02:45:00;USR-1031;21;Standard;2;400;200;Card;CS2;3.0;0
SESS-12229;2026-08-21 20:28:00;USR-1280;26;Bootcamp;4;0;600;Card;Deadlock;4.5;0
SESS-15167;2026-08-05 01:35:00;USR-1022;19;Bootcamp;2;0;270;Card;CS2;4.0;1
SESS-14572;2026-08-12 06:16:00;USR-1357;34;VIP;1;300;200;Card;Dota 2;3.0;0
SESS-14022;2026-08-28 17:17:00;USR-1536;14;Standard;1;0;100;Card;CS2;3.0;0
SESS-12298;2026-08-16 06:53:00;USR-1737;26;Standard;2;0;200;App;Dota 2;5.0;0
SESS-13557;2026-08-18 18:56:00;USR-1286;25;Standard;1;80;90;Card;CS2;5.0;1
SESS-11322;2026-08-09 00:26:00;USR-1295;24;PS5;1;0;250;Card;Dota 2;5.0;0
SESS-12647;2026-08-08 09:50:00;USR-1164;16;Standard;1;0;90;Card;Deadlock;4.5;1
SESS-13821;2026-08-06 20:29:00;USR-1463;15;Standard;1;0;100;Card;Dota 2;5.0;0
SESS-11319;2026-08-13 15:59:00;USR-1169;27;Standard;5;1000;500;App;Apex Legends;5.0;0
SESS-12907;2026-08-15 14:47:00;USR-1364;15;Standard;3;0;270;Card;PUBG;4.0;1
SESS-13956;2026-08-16 01:00:00;USR-1367;30;VIP;2;0;400;Card;Dota 2;4.5;0
SESS-12227;2026-08-17 02:03:00;USR-1033;18;Standard;1;0;100;Card;Valorant;4.0;0
SESS-15356;2026-08-23 07:56:00;USR-1283;15;Bootcamp;1;0;150;App;CS2;4.5;0
SESS-11858;2026-08-19 06:20:00;USR-1337;15;Standard;2;0;200;Card;PUBG;5.0;0
SESS-13065;2026-08-23 21:13:00;USR-1081;15;Standard;1;0;90;Card;Minecraft;4.0;1
SESS-11255;2026-08-20 03:11:00;USR-1414;22;Standard;3;0;300;Cash;CS2;5.0;0
SESS-13406;2026-08-15 06:13:00;USR-1027;15;Standard;2;400;200;App;GTA V;4.5;0
SESS-14400;2026-08-08 08:42:00;USR-1510;26;Standard;2;0;200;Card;CS2;5.0;0
SESS-12254;2026-08-29 23:32:00;USR-1456;17;VIP;2;340;400;Card;CS2;5.0;0
SESS-11505;2026-08-15 21:03:00;USR-1014;24;Standard;3;0;300;App;Valorant;3.0;0
SESS-10308;2026-08-21 08:34:00;USR-1145;21;PS5;4;320;1000;App;CS2;4.5;0
SESS-11022;2026-08-16 12:19:00;USR-1201;24;Standard;12;0;1200;App;Minecraft;4.0;0
SESS-14254;2026-08-08 14:58:00;USR-1433;34;VIP;1;450;200;Cash;CS2;5.0;0
SESS-10807;2026-08-07 09:52:00;USR-1663;23;Standard;2;0;200;Card;CS2;4.0;0
SESS-13882;2026-08-06 20:32:00;USR-1185;27;Standard;12;1440;1200;App;CS2;4.0;0
SESS-10691;2026-08-22 08:40:00;USR-1464;25;Standard;12;960;1080;Card;PUBG;2.0;1
SESS-14801;2026-08-06 18:39:00;USR-1118;15;Standard;12;2400;1200;Cash;Deadlock;5.0;0
SESS-13754;2026-08-29 19:24:00;USR-1180;15;Standard;1;120;90;Card;Minecraft;4.5;1
SESS-14350;2026-08-30 20:46:00;USR-1686;33;VIP;12;0;2400;Card;Minecraft;5.0;0
SESS-11978;2026-08-13 13:35:00;USR-1510;26;PS5;1;0;250;Cash;Dota 2;4.0;0
SESS-10233;2026-08-28 06:30:00;USR-1462;20;VIP;3;610;600;App;PUBG;4.5;0
SESS-11210;2026-08-13 11:28:00;USR-1721;22;PS5;4;200;1000;Card;Minecraft;4.0;0
SESS-14230;2026-08-05 17:13:00;USR-1568;19;Standard;2;0;200;Card;Dota 2;4.5;0
SESS-14176;2026-08-11 00:24:00;USR-1656;20;Standard;1;0;90;Card;Deadlock;4.5;1
SESS-13493;2026-08-05 16:31:00;USR-1527;20;Standard;1;200;90;Cash;CS2;4.5;1
SESS-11144;2026-08-31 22:08:00;USR-1692;17;Bootcamp;1;330;150;Card;Dota 2;5.0;0
SESS-13859;2026-08-25 02:08:00;USR-1661;22;Standard;1;0;100;Card;CS2;4.5;0
SESS-15052;2026-08-22 22:39:00;USR-1418;39;Standard;3;0;300;App;CS2;4.5;0
SESS-14396;2026-08-30 04:10:00;USR-1669;20;Standard;2;0;180;Card;GTA V;5.0;1
SESS-12580;2026-08-25 15:04:00;USR-1495;16;PS5;5;0;1250;Card;Dota 2;4.0;0
SESS-13247;2026-08-19 04:50:00;USR-1598;21;Bootcamp;4;0;600;Card;Valorant;5.0;0
SESS-10044;2026-08-11 16:36:00;USR-1765;19;Standard;4;800;400;Card;Dota 2;5.0;0
SESS-12098;2026-08-18 17:12:00;USR-1561;37;PS5;5;0;1250;App;CS2;4.0;0
SESS-15369;2026-08-31 04:54:00;USR-1098;36;Standard;2;100;200;Card;Valorant;5.0;0
SESS-10438;2026-08-03 19:03:00;USR-1671;15;Standard;8;0;800;Card;Dota 2;4.0;0
SESS-11487;2026-08-26 18:05:00;USR-1446;15;VIP;4;0;800;Card;Dota 2;3.0;0
SESS-14481;2026-08-02 00:43:00;USR-1455;20;PS5;4;200;1000;App;CS2;5.0;0
SESS-15105;2026-08-07 10:51:00;USR-1620;20;Bootcamp;1;220;150;Card;CS2;4.5;0
SESS-11586;2026-08-07 21:09:00;USR-1134;16;Bootcamp;4;730;600;Card;Dota 2;3.0;0
SESS-14010;2026-08-10 05:37:00;USR-1304;20;Standard;1;50;100;Card;Dota 2;4.0;0
SESS-11615;2026-08-03 12:48:00;USR-1218;26;VIP;8;740;1600;Card;Dota 2;5.0;0
SESS-14791;2026-08-26 08:41:00;USR-1428;24;Bootcamp;2;0;300;App;Apex Legends;3.0;0
SESS-10149;2026-08-19 07:00:00;USR-1689;15;VIP;3;700;600;Card;Dota 2;2.0;0
SESS-10586;2026-08-07 01:10:00;USR-1661;22;Bootcamp;5;0;750;Card;CS2;4.5;0
SESS-15090;2026-08-11 18:17:00;USR-1715;31;Standard;4;0;400;Card;Valorant;4.0;0
SESS-10437;2026-08-26 19:31:00;USR-1471;16;Bootcamp;2;0;270;Card;CS2;4.0;1
SESS-10012;2026-08-24 12:20:00;USR-1409;23;Bootcamp;3;490;450;Card;Dota 2;5.0;0
SESS-10093;2026-08-02 03:46:00;USR-1524;29;Standard;3;0;300;App;Dota 2;5.0;0
SESS-13836;2026-08-16 14:27:00;USR-1782;28;VIP;8;0;1600;Card;Dota 2;;0
SESS-10183;2026-08-27 21:18:00;USR-1002;36;Bootcamp;2;0;300;App;Minecraft;4.0;0
SESS-12905;2026-08-22 17:53:00;USR-1498;26;Bootcamp;1;450;150;Cash;CS2;4.5;0
SESS-10642;2026-08-06 17:19:00;USR-1458;15;Bootcamp;2;410;300;Card;Cyberpunk 2077;3.0;0
SESS-13166;2026-08-29 04:09:00;USR-1229;16;Standard;1;80;100;Card;CS2;4.0;0
SESS-10944;2026-08-22 08:45:00;USR-1638;21;Standard;2;0;200;Card;Valorant;4.0;0
SESS-13161;2026-08-15 18:39:00;USR-1368;21;VIP;3;0;600;Card;Deadlock;3.0;0
SESS-15127;2026-08-12 08:22:00;USR-1201;24;Standard;3;0;270;Card;PUBG;;1
SESS-11197;2026-08-08 18:32:00;USR-1404;23;VIP;12;0;2400;Card;Dota 2;3.0;0
SESS-13997;2026-08-31 10:54:00;USR-1408;20;PS5;5;0;1250;Cash;CS2;4.5;0
SESS-12304;2026-08-01 16:15:00;USR-1552;21;Standard;5;600;500;Card;CS2;4.5;0
SESS-13045;2026-08-02 13:10:00;USR-1699;14;Bootcamp;1;370;150;Card;CS2;4.5;0
SESS-11344;2026-08-25 20:33:00;USR-1183;25;Standard;2;0;200;App;Dota 2;4.5;0
SESS-11509;2026-08-28 02:32:00;USR-1120;15;PS5;1;0;225;Cash;Minecraft;2.0;1
SESS-13456;2026-08-17 21:22:00;USR-1465;14;Bootcamp;3;340;450;Card;CS2;4.5;0
SESS-11305;2026-08-03 12:47:00;USR-1288;16;Standard;2;0;200;Card;GTA V;2.0;0
SESS-12760;2026-08-19 16:27:00;USR-1322;32;Standard;2;160;200;Card;CS2;4.5;0
SESS-10653;2026-08-30 19:54:00;USR-1139;25;Bootcamp;3;0;450;App;CS2;4.5;0
SESS-10429;2026-08-24 00:40:00;USR-1754;19;PS5;1;0;225;Card;Dota 2;4.0;1
SESS-12826;2026-08-15 21:57:00;USR-1696;18;Standard;2;0;200;App;CS2;4.5;0
SESS-12372;2026-08-04 14:18:00;USR-1377;22;Standard;2;0;200;App;Minecraft;4.0;0
SESS-14687;2026-08-11 06:52:00;USR-1181;24;Bootcamp;2;0;300;Card;Apex Legends;5.0;0
SESS-13966;2026-08-05 13:27:00;USR-1578;18;Standard;2;0;180;Card;Valorant;5.0;1
SESS-13664;2026-08-17 21:10:00;USR-1686;33;VIP;1;370;180;Card;Minecraft;4.0;1
SESS-11992;2026-08-28 17:32:00;USR-1629;15;VIP;1;0;200;Card;Dota 2;4.5;0
SESS-10063;2026-08-17 16:54:00;USR-1555;16;Bootcamp;2;500;300;Card;CS2;4.5;0
SESS-14463;2026-08-15 12:35:00;USR-1746;24;Standard;2;400;200;Card;CS2;4.5;0
SESS-15253;2026-08-15 01:32:00;USR-1609;16;VIP;2;0;400;Card;Valorant;5.0;0
SESS-14788;2026-08-14 00:15:00;USR-1531;25;Standard;1;120;100;Card;Deadlock;4.5;0
SESS-14101;2026-08-28 11:32:00;USR-1166;20;Standard;2;100;200;Card;PUBG;3.0;0
SESS-12726;2026-08-23 17:59:00;USR-1510;26;Standard;2;0;200;Card;Deadlock;5.0;0
SESS-12380;2026-08-16 05:04:00;USR-1267;15;Standard;1;80;100;Cash;CS2;4.0;0
SESS-15118;2026-08-22 02:24:00;USR-1356;19;PS5;1;0;250;Card;Valorant;4.5;0
SESS-13585;2026-08-21 18:37:00;USR-1200;16;Standard;1;80;100;Cash;Dota 2;4.5;0
SESS-14782;2026-08-19 03:43:00;USR-1064;31;VIP;12;0;2400;Card;CS2;5.0;0
SESS-11351;2026-08-12 22:27:00;USR-1588;19;Standard;4;0;400;Card;Dota 2;5.0;0
SESS-14902;2026-08-08 11:54:00;USR-1087;21;VIP;3;400;600;Card;Minecraft;4.5;0
SESS-11117;2026-08-12 18:55:00;USR-1150;21;Standard;8;0;800;Card;Dota 2;4.0;0
SESS-15098;2026-08-09 21:30:00;USR-1221;21;Standard;5;0;500;App;Minecraft;4.5;0
SESS-14189;2026-08-12 09:08:00;USR-1302;27;Standard;4;320;400;App;Dota 2;4.0;0
SESS-10287;2026-08-18 23:25:00;USR-1677;27;VIP;1;150;200;Card;GTA V;5.0;0
SESS-12114;2026-08-10 01:54:00;USR-1546;21;Bootcamp;1;150;150;App;Minecraft;5.0;0
SESS-13680;2026-08-15 09:41:00;USR-1405;25;VIP;1;0;200;Card;Valorant;4.5;0
SESS-13008;2026-08-02 03:30:00;USR-1362;20;PS5;12;1440;3000;Card;Cyberpunk 2077;;0
SESS-12572;2026-08-05 06:55:00;USR-1205;22;Bootcamp;2;0;300;App;Minecraft;4.0;0
SESS-11807;2026-08-27 15:34:00;USR-1101;20;Standard;5;0;500;Card;Cyberpunk 2077;4.5;0
SESS-11335;2026-08-20 09:38:00;USR-1660;14;Standard;2;400;180;App;CS2;5.0;1
SESS-10561;2026-08-14 00:28:00;USR-1636;16;Standard;3;0;300;Cash;Cyberpunk 2077;4.0;0
SESS-15181;2026-08-02 15:03:00;USR-1483;17;Standard;2;240;200;Card;Deadlock;4.5;0
SESS-11421;2026-08-08 18:54:00;USR-1494;15;PS5;1;80;225;App;CS2;5.0;1
SESS-13567;2026-08-12 11:20:00;USR-1365;15;Standard;4;0;400;Card;Dota 2;5.0;0
SESS-15117;2026-08-18 20:28:00;USR-1616;24;VIP;1;300;200;Card;CS2;4.5;0
SESS-13830;2026-08-11 07:56:00;USR-1632;21;Standard;2;0;180;Card;Valorant;4.0;1
SESS-14040;2026-08-13 03:45:00;USR-1695;14;Standard;3;600;300;App;CS2;4.0;0
SESS-10763;2026-08-18 09:52:00;USR-1282;26;Standard;3;240;300;Card;PUBG;4.5;0
SESS-13674;2026-08-10 22:06:00;USR-1742;15;VIP;1;330;200;Card;CS2;4.5;0
SESS-11538;2026-08-13 14:59:00;USR-1119;24;Standard;8;400;800;App;Dota 2;4.5;0
SESS-12303;2026-08-31 17:43:00;USR-1339;19;Standard;12;0;1200;Card;CS2;3.0;0
SESS-12686;2026-08-24 12:42:00;USR-1069;40;Standard;1;0;100;App;Dota 2;4.5;0
SESS-12405;2026-08-17 21:48:00;USR-1647;22;Standard;2;240;200;App;CS2;4.5;0
SESS-15284;2026-08-27 03:51:00;USR-1698;15;PS5;2;240;450;Card;PUBG;5.0;1
SESS-10977;2026-08-31 04:39:00;USR-1210;22;Bootcamp;12;1540;1800;Card;CS2;1.0;0
SESS-11600;2026-08-11 09:26:00;USR-1462;20;VIP;4;0;800;Card;Dota 2;5.0;0
SESS-12402;2026-08-14 13:35:00;USR-1789;26;Bootcamp;1;300;150;Card;CS2;5.0;0
SESS-12091;2026-08-22 09:02:00;USR-1281;16;Standard;2;400;200;App;CS2;4.0;0
SESS-11055;2026-08-23 10:53:00;USR-1784;32;Standard;2;0;200;Card;Dota 2;4.0;0
SESS-14114;2026-08-04 06:56:00;USR-1409;23;Bootcamp;2;200;300;App;Dota 2;4.0;0
SESS-12181;2026-08-27 09:57:00;USR-1210;22;Standard;4;0;400;App;Dota 2;5.0;0
SESS-12182;2026-08-04 14:30:00;USR-1728;22;Standard;5;0;500;App;Dota 2;4.5;0
SESS-12173;2026-08-05 11:23:00;USR-1076;35;Standard;3;240;300;Card;CS2;4.0;0
SESS-14270;2026-08-30 11:05:00;USR-1750;14;VIP;2;0;360;Card;CS2;5.0;1
SESS-13505;2026-08-19 18:28:00;USR-1648;19;VIP;2;500;400;Card;CS2;4.0;0
SESS-12749;2026-08-03 11:36:00;USR-1663;23;Standard;3;0;270;Card;Dota 2;4.0;1
SESS-14563;2026-08-25 22:21:00;USR-1798;22;Bootcamp;2;0;300;Card;CS2;4.5;0
SESS-14479;2026-08-30 02:44:00;USR-1120;15;Standard;2;240;200;App;Valorant;5.0;0
SESS-14259;2026-08-02 11:48:00;USR-1473;26;VIP;8;500;1600;Card;Apex Legends;4.5;0
SESS-12864;2026-08-07 14:33:00;USR-1283;15;Bootcamp;2;0;300;Card;CS2;4.0;0
SESS-14534;2026-08-06 01:35:00;USR-1184;15;VIP;1;0;180;Card;Minecraft;4.5;1
SESS-10896;2026-08-09 22:19:00;USR-1622;14;Standard;3;0;300;App;Dota 2;4.0;0
SESS-14410;2026-08-24 22:35:00;USR-1652;15;VIP;2;490;360;Card;Dota 2;4.5;1
SESS-15227;2026-08-22 07:20:00;USR-1359;21;Standard;4;200;360;Cash;Valorant;4.0;1
SESS-13938;2026-08-30 22:16:00;USR-1074;16;PS5;1;200;225;Card;Valorant;3.0;1
SESS-11867;2026-08-20 20:37:00;USR-1362;20;VIP;2;0;400;App;Minecraft;4.5;0
SESS-11491;2026-08-28 20:27:00;USR-1084;25;Bootcamp;4;0;540;Card;Valorant;5.0;1
SESS-11554;2026-08-08 00:34:00;USR-1791;14;Standard;3;150;300;Card;Minecraft;4.5;0
SESS-13221;2026-08-25 20:52:00;USR-1714;15;Standard;3;0;300;Card;Deadlock;4.0;0
SESS-10414;2026-08-16 15:29:00;USR-1786;37;Standard;3;240;300;Card;CS2;4.0;0
SESS-11632;2026-08-09 07:33:00;USR-1428;24;VIP;2;0;360;App;CS2;4.0;1
SESS-12087;2026-08-05 09:53:00;USR-1754;19;Standard;3;0;300;Card;CS2;4.0;0
SESS-12819;2026-08-18 23:45:00;USR-1271;25;Standard;1;80;100;Card;Valorant;2.0;0
SESS-13460;2026-08-03 01:08:00;USR-1363;15;Bootcamp;1;0;150;Card;Valorant;4.5;0
SESS-11260;2026-08-03 05:29:00;USR-1750;14;Bootcamp;2;0;300;Cash;Dota 2;4.0;0
SESS-13599;2026-08-24 01:20:00;USR-1477;24;Bootcamp;2;0;300;App;Apex Legends;5.0;0
SESS-12218;2026-08-18 02:02:00;USR-1172;25;Standard;4;0;400;App;Dota 2;5.0;0
SESS-14071;2026-08-23 05:12:00;USR-1613;26;VIP;4;580;800;Card;Dota 2;4.5;0
SESS-10252;2026-08-02 06:19:00;USR-1175;21;Bootcamp;4;0;540;Card;Dota 2;4.5;1
SESS-10994;2026-08-13 10:39:00;USR-1238;20;Standard;3;150;300;Card;CS2;3.0;0
SESS-10654;2026-08-17 15:58:00;USR-1727;25;Standard;3;0;300;Card;CS2;3.0;0
SESS-10350;2026-08-10 07:16:00;USR-1346;19;Standard;3;0;300;Card;CS2;4.0;0
SESS-15138;2026-08-14 09:22:00;USR-1119;24;Standard;12;0;1080;Cash;CS2;4.0;1
SESS-12104;2026-08-24 02:39:00;USR-1015;16;Standard;2;0;180;Card;Dota 2;;1
SESS-13755;2026-08-31 05:55:00;USR-1201;24;PS5;1;0;250;Card;CS2;4.5;0
SESS-10457;2026-08-26 00:17:00;USR-1291;18;Bootcamp;2;0;300;Card;Dota 2;4.5;0
SESS-12650;2026-08-15 18:31:00;USR-1700;17;Standard;2;240;200;Card;CS2;5.0;0
SESS-11302;2026-08-19 11:47:00;USR-1795;25;Standard;3;360;270;Card;CS2;5.0;1
SESS-10090;2026-08-27 04:41:00;USR-1437;14;Standard;12;960;1200;Card;CS2;4.5;0
SESS-11200;2026-08-26 21:34:00;USR-1418;39;Bootcamp;3;0;450;Cash;Valorant;4.0;0
SESS-14714;2026-08-04 05:15:00;USR-1759;24;Bootcamp;2;200;300;Card;Valorant;2.0;0
SESS-14925;2026-08-11 23:51:00;USR-1290;23;Standard;1;120;90;App;CS2;4.0;1
SESS-10026;2026-08-31 22:35:00;USR-1376;15;Standard;3;0;300;Cash;Valorant;4.5;0
SESS-10810;2026-08-18 18:23:00;USR-1580;20;Standard;5;600;500;Card;Dota 2;5.0;0
SESS-10549;2026-08-12 23:04:00;USR-1405;25;Standard;3;150;300;App;PUBG;2.0;0
SESS-14667;2026-08-24 14:57:00;USR-1156;22;Standard;5;0;500;Card;Dota 2;5.0;0
SESS-10181;2026-08-20 14:19:00;USR-1317;17;Bootcamp;2;350;300;App;Deadlock;4.0;0
SESS-12314;2026-08-10 17:05:00;USR-1367;30;Standard;4;0;400;Card;Deadlock;2.0;0
SESS-10263;2026-08-14 08:08:00;USR-1220;20;Standard;2;100;200;Card;Valorant;5.0;0
SESS-14272;2026-08-13 17:25:00;USR-1119;24;Standard;1;0;100;Card;Deadlock;4.0;0
SESS-12892;2026-08-26 05:05:00;USR-1717;15;PS5;3;600;750;Card;Browser/Work;4.0;0
SESS-14409;2026-08-21 15:37:00;USR-1520;18;Bootcamp;2;650;300;App;CS2;3.0;0
SESS-12209;2026-08-19 22:57:00;USR-1716;17;Standard;3;0;300;Card;Minecraft;4.5;0
SESS-13187;2026-08-21 19:11:00;USR-1702;23;Standard;3;0;270;App;CS2;5.0;1
SESS-11437;2026-08-26 00:33:00;USR-1265;22;Standard;2;240;200;Card;Dota 2;4.5;0
SESS-13035;2026-08-26 21:35:00;USR-1205;22;VIP;1;0;180;App;Dota 2;3.0;1
SESS-10925;2026-08-13 17:30:00;USR-1597;19;VIP;2;410;360;Card;PUBG;4.0;1
SESS-14928;2026-08-23 20:42:00;USR-1096;31;Bootcamp;8;0;1200;App;Minecraft;5.0;0
SESS-12986;2026-08-17 15:20:00;USR-1320;24;VIP;1;0;200;Card;Dota 2;5.0;0
SESS-14681;2026-08-29 18:27:00;USR-1086;23;Bootcamp;1;300;150;Card;CS2;4.0;0
SESS-12955;2026-08-17 09:16:00;USR-1452;19;PS5;1;50;250;App;Deadlock;4.5;0
SESS-13612;2026-08-27 18:49:00;USR-1359;21;Standard;1;50;100;Card;CS2;4.5;0
SESS-11723;2026-08-27 20:43:00;USR-1587;20;VIP;5;0;1000;App;CS2;4.5;0
SESS-15046;2026-08-26 01:44:00;USR-1624;21;VIP;1;300;200;Card;Valorant;5.0;0
SESS-11894;2026-08-10 22:40:00;USR-1794;23;Standard;3;0;300;App;PUBG;4.5;0
SESS-13932;2026-08-08 16:18:00;USR-1369;23;VIP;2;350;400;Card;Minecraft;5.0;0
SESS-12515;2026-08-16 02:47:00;USR-1060;20;VIP;1;220;200;App;Deadlock;4.0;0
SESS-14657;2026-08-03 11:54:00;USR-1412;32;Standard;3;0;300;Cash;Valorant;4.0;0
SESS-12177;2026-08-28 11:43:00;USR-1425;19;Standard;3;0;270;Card;Valorant;5.0;1
SESS-10069;2026-08-31 13:46:00;USR-1703;17;Bootcamp;2;0;270;App;CS2;4.5;1
SESS-12509;2026-08-27 13:15:00;USR-1121;19;Standard;3;0;300;App;CS2;3.0;0
SESS-12549;2026-08-17 15:42:00;USR-1134;16;PS5;3;150;750;Cash;CS2;3.0;0
SESS-10676;2026-08-31 09:52:00;USR-1449;32;PS5;1;200;250;Card;Dota 2;2.0;0
SESS-14404;2026-08-24 19:04:00;USR-1195;19;VIP;2;340;400;App;Deadlock;4.5;0
SESS-11220;2026-08-12 21:59:00;USR-1301;24;PS5;3;360;750;Card;Minecraft;4.5;0
SESS-11730;2026-08-28 10:28:00;USR-1354;18;Standard;1;0;90;Card;Minecraft;5.0;1
SESS-14215;2026-08-10 18:59:00;USR-1552;21;Bootcamp;1;0;135;Card;Minecraft;4.5;1
SESS-10203;2026-08-25 06:27:00;USR-1612;22;Standard;1;0;90;App;CS2;4.0;1
SESS-14023;2026-08-08 23:40:00;USR-1481;21;Bootcamp;4;0;540;Card;Minecraft;4.5;1
SESS-10339;2026-08-29 12:48:00;USR-1266;23;Standard;3;0;300;Card;CS2;1.0;0
SESS-11879;2026-08-02 06:00:00;USR-1296;18;Standard;3;0;270;App;Apex Legends;1.0;1
SESS-11897;2026-08-03 09:21:00;USR-1361;23;Bootcamp;2;0;300;Card;Valorant;4.0;0
SESS-10387;2026-08-17 05:12:00;USR-1707;17;Bootcamp;8;1700;1200;Card;CS2;1.0;0
SESS-14466;2026-08-06 13:24:00;USR-1059;16;VIP;1;0;200;Card;Dota 2;5.0;0
SESS-15338;2026-08-23 07:29:00;USR-1570;19;Bootcamp;3;0;405;Cash;Dota 2;4.5;1
SESS-12865;2026-08-28 08:54:00;USR-1513;15;Standard;1;200;100;Card;CS2;4.5;0
SESS-13883;2026-08-14 19:34:00;USR-1132;25;VIP;2;0;360;Cash;Dota 2;5.0;1
SESS-14596;2026-08-03 17:14:00;USR-1348;15;Standard;1;0;100;Card;Valorant;5.0;0
SESS-11665;2026-08-27 21:15:00;USR-1449;32;VIP;8;1850;1600;App;Dota 2;4.0;0
SESS-12954;2026-08-20 08:29:00;USR-1463;15;PS5;2;160;500;Card;CS2;4.0;0
SESS-12487;2026-08-20 16:00:00;USR-1215;15;Standard;2;0;180;Cash;CS2;3.0;1
SESS-13331;2026-08-01 07:10:00;USR-1675;21;Standard;1;0;100;Cash;CS2;5.0;0
SESS-12370;2026-08-28 13:24:00;USR-1102;18;VIP;3;610;600;Card;Valorant;4.5;0
SESS-11121;2026-08-15 07:40:00;USR-1185;27;Standard;8;0;800;Card;Valorant;4.5;0
SESS-10221;2026-08-17 01:11:00;USR-1108;21;Standard;1;0;100;Card;CS2;4.5;0
SESS-10677;2026-08-18 17:04:00;USR-1555;16;Bootcamp;3;0;450;Card;PUBG;5.0;0
SESS-15132;2026-08-31 17:18:00;USR-1739;24;Standard;2;0;200;Card;CS2;5.0;0
SESS-11044;2026-08-03 17:01:00;USR-1154;24;Standard;3;0;270;Card;Deadlock;5.0;1
SESS-12805;2026-08-11 20:37:00;USR-1404;23;Standard;2;400;200;App;CS2;4.0;0
SESS-10805;2026-08-16 02:11:00;USR-1336;14;PS5;4;0;900;Card;Dota 2;5.0;1
SESS-14229;2026-08-25 14:07:00;USR-1699;14;Standard;3;0;270;Card;CS2;5.0;1
SESS-14317;2026-08-29 15:27:00;USR-1568;19;PS5;2;0;500;Card;CS2;5.0;0
SESS-11454;2026-08-11 02:46:00;USR-1772;23;VIP;3;0;600;Card;Apex Legends;4.5;0
SESS-14644;2026-08-16 16:44:00;USR-1443;26;Standard;1;0;100;Card;CS2;4.0;0
SESS-12318;2026-08-17 07:46:00;USR-1188;16;Standard;8;960;720;Card;CS2;4.0;1
SESS-15066;2026-08-11 11:52:00;USR-1149;21;Standard;1;0;100;Card;GTA V;4.0;0
SESS-11520;2026-08-28 06:19:00;USR-1702;23;Standard;2;0;200;Card;CS2;4.0;0
SESS-13443;2026-08-12 05:38:00;USR-1548;30;Standard;2;0;180;Card;Valorant;4.5;1
SESS-14927;2026-08-28 19:38:00;USR-1097;21;VIP;4;0;800;Card;Valorant;3.0;0
SESS-10177;2026-08-12 20:14:00;USR-1003;21;Bootcamp;3;0;405;Card;Valorant;5.0;1
SESS-14362;2026-08-29 04:57:00;USR-1308;18;VIP;2;0;400;Card;Deadlock;4.0;0
SESS-12348;2026-08-02 10:52:00;USR-1083;22;PS5;4;320;1000;Cash;Valorant;5.0;0
SESS-13523;2026-08-23 04:17:00;USR-1714;15;VIP;2;500;400;Card;Dota 2;5.0;0
SESS-13383;2026-08-15 05:42:00;USR-1132;25;Bootcamp;3;700;450;Card;CS2;3.0;0
SESS-15310;2026-08-03 11:42:00;USR-1705;27;VIP;2;0;400;Cash;CS2;4.0;0
SESS-14260;2026-08-27 21:34:00;USR-1547;18;Standard;12;2400;1080;App;Dota 2;5.0;1
SESS-12851;2026-08-16 13:53:00;USR-1634;26;Standard;1;120;90;Card;Minecraft;4.5;1
SESS-13332;2026-08-05 03:59:00;USR-1183;25;Standard;1;50;100;App;CS2;5.0;0
SESS-11902;2026-08-15 07:09:00;USR-1755;29;Standard;2;0;180;Card;Dota 2;3.0;1
SESS-10733;2026-08-25 03:51:00;USR-1728;22;Standard;2;240;200;Cash;Dota 2;5.0;0
SESS-10605;2026-08-16 04:47:00;USR-1442;30;PS5;2;0;500;Card;Dota 2;4.5;0
SESS-13536;2026-08-25 21:34:00;USR-1431;19;Bootcamp;4;570;600;App;Dota 2;5.0;0
SESS-13245;2026-08-31 05:38:00;USR-1454;20;Standard;12;0;1200;Card;CS2;4.0;0
SESS-14899;2026-08-16 07:48:00;USR-1372;27;Standard;2;0;200;App;Dota 2;5.0;0
SESS-13010;2026-08-23 10:19:00;USR-1717;15;Bootcamp;2;0;270;Card;Minecraft;1.0;1
SESS-13143;2026-08-29 08:07:00;USR-1496;18;VIP;1;370;200;Card;Minecraft;4.0;0
SESS-12669;2026-08-04 22:21:00;USR-1157;15;Standard;8;640;800;Card;Apex Legends;4.5;0
SESS-11618;2026-08-25 13:55:00;USR-1146;17;VIP;2;410;360;Card;Dota 2;5.0;1
SESS-10527;2026-08-06 11:35:00;USR-1308;18;Standard;2;0;200;Card;Valorant;1.0;0
SESS-11223;2026-08-08 04:16:00;USR-1524;29;VIP;4;0;800;App;Valorant;4.5;0
SESS-13062;2026-08-09 02:26:00;USR-1191;16;Standard;2;0;200;App;Dota 2;5.0;0
SESS-13450;2026-08-19 07:02:00;USR-1575;15;PS5;2;0;500;Cash;Deadlock;4.5;0
SESS-11163;2026-08-08 11:57:00;USR-1324;19;PS5;2;0;500;Card;CS2;4.0;0
SESS-10681;2026-08-31 11:28:00;USR-1281;16;Standard;1;0;100;Card;CS2;5.0;0
SESS-11467;2026-08-08 19:31:00;USR-1416;23;Standard;2;0;200;Card;Valorant;4.0;0
SESS-13724;2026-08-07 15:46:00;USR-1634;26;Standard;2;0;200;Card;CS2;4.0;0
SESS-13429;2026-08-30 10:03:00;USR-1052;18;Standard;1;0;100;Cash;CS2;4.0;0
SESS-12131;2026-08-08 13:13:00;USR-1359;21;Standard;3;0;300;App;Deadlock;3.0;0
SESS-10907;2026-08-24 09:13:00;USR-1513;15;Standard;2;0;200;Card;GTA V;5.0;0
SESS-11176;2026-08-19 12:26:00;USR-1467;22;Bootcamp;2;0;270;App;CS2;4.0;1
SESS-10803;2026-08-28 03:29:00;USR-1640;25;Standard;1;120;100;Card;PUBG;5.0;0
SESS-13659;2026-08-04 09:52:00;USR-1395;19;Standard;2;100;200;Card;Valorant;4.5;0
SESS-12210;2026-08-15 22:48:00;USR-1050;22;Standard;5;600;500;Card;CS2;4.0;0
SESS-13478;2026-08-31 20:16:00;USR-1177;21;Bootcamp;1;370;150;Card;Valorant;5.0;0
SESS-12287;2026-08-07 00:42:00;USR-1116;21;Standard;8;0;800;Card;PUBG;3.0;0
SESS-13103;2026-08-20 02:59:00;USR-1710;35;Standard;4;800;400;Card;Dota 2;4.0;0
SESS-12586;2026-08-09 19:00:00;USR-1786;37;VIP;8;0;1440;App;Cyberpunk 2077;5.0;1
SESS-14676;2026-08-07 13:56:00;USR-1783;16;Standard;1;0;100;Card;Minecraft;4.5;0
SESS-10219;2026-08-30 04:47:00;USR-1383;27;VIP;2;0;400;App;Valorant;3.0;0
SESS-12835;2026-08-05 08:56:00;USR-1313;19;VIP;4;730;800;App;CS2;5.0;0
SESS-12420;2026-08-25 14:38:00;USR-1396;17;Standard;4;200;400;Card;Dota 2;3.0;0
SESS-13548;2026-08-11 13:38:00;USR-1241;25;VIP;8;0;1440;App;Dota 2;2.0;1
SESS-10582;2026-08-25 21:48:00;USR-1455;20;Bootcamp;4;0;600;Card;PUBG;5.0;0
SESS-12627;2026-08-18 18:09:00;USR-1206;25;Standard;2;0;200;App;Dota 2;4.5;0
SESS-11025;2026-08-24 23:53:00;USR-1649;30;Standard;2;240;200;Cash;Dota 2;5.0;0
SESS-10043;2026-08-08 07:26:00;USR-1540;20;Standard;8;0;800;Card;Minecraft;4.0;0
SESS-13080;2026-08-04 15:51:00;USR-1212;22;Standard;1;200;100;Card;Dota 2;3.0;0
SESS-10210;2026-08-04 19:02:00;USR-1550;15;VIP;3;0;600;Card;Dota 2;4.5;0
SESS-11084;2026-08-14 08:49:00;USR-1787;31;Standard;2;0;180;Card;Deadlock;4.5;1
SESS-10354;2026-08-21 02:22:00;USR-1762;16;Standard;3;360;300;App;Dota 2;4.0;0
SESS-14759;2026-08-29 05:12:00;USR-1408;20;Standard;4;800;400;App;Minecraft;4.0;0
SESS-15154;2026-08-16 00:01:00;USR-1372;27;Bootcamp;4;0;600;App;Dota 2;5.0;0
SESS-14728;2026-08-04 13:08:00;USR-1521;18;PS5;3;150;750;Cash;CS2;5.0;0
SESS-10479;2026-08-15 03:32:00;USR-1467;22;Bootcamp;3;340;450;App;Dota 2;4.5;0
SESS-11558;2026-08-09 23:33:00;USR-1166;20;Standard;1;80;100;Card;Valorant;5.0;0
SESS-10829;2026-08-07 05:35:00;USR-1250;26;PS5;2;0;500;Card;Dota 2;5.0;0
SESS-10996;2026-08-03 18:18:00;USR-1780;23;VIP;1;370;200;Cash;Dota 2;4.5;0
SESS-10367;2026-08-08 16:24:00;USR-1671;15;Standard;2;0;200;App;CS2;3.0;0
SESS-11425;2026-08-22 14:53:00;USR-1574;15;Standard;3;0;300;Card;Minecraft;3.0;0
SESS-11115;2026-08-26 22:38:00;USR-1343;20;VIP;12;0;2400;Cash;Dota 2;5.0;0
SESS-14767;2026-08-02 07:13:00;USR-1735;16;VIP;5;0;1000;Cash;Valorant;1.0;0
SESS-14376;2026-08-11 09:10:00;USR-1674;19;VIP;2;260;400;App;Minecraft;4.5;0
SESS-10135;2026-08-11 16:03:00;USR-1153;24;Bootcamp;3;400;450;Cash;CS2;4.5;0
SESS-12022;2026-08-03 07:09:00;USR-1628;23;Standard;3;240;270;Card;CS2;;1
SESS-10047;2026-08-29 03:39:00;USR-1089;31;Bootcamp;8;0;1200;Card;Minecraft;4.5;0
SESS-10718;2026-08-26 06:00:00;USR-1453;16;Standard;3;0;300;App;Valorant;4.0;0
SESS-12940;2026-08-25 23:01:00;USR-1486;16;Standard;1;0;100;Card;PUBG;5.0;0
SESS-13825;2026-08-05 08:58:00;USR-1650;36;PS5;1;120;250;Card;CS2;4.0;0
SESS-15053;2026-08-04 07:29:00;USR-1108;21;Standard;1;200;90;Card;Deadlock;4.0;1
SESS-12755;2026-08-06 11:05:00;USR-1760;20;Standard;5;0;450;Card;Dota 2;4.5;1
SESS-10670;2026-08-24 06:50:00;USR-1637;25;ps5;1;300;150;App;Dota 2;4.0;0
SESS-13244;2026-08-10 03:27:00;USR-1681;20;PS5;2;100;450;Card;Valorant;4.0;1
SESS-13357;2026-08-10 19:47:00;USR-1499;17;Standard;3;150;300;App;CS2;4.5;0
SESS-13712;2026-08-23 10:54:00;USR-1204;35;Standard;12;1440;1200;Card;Dota 2;5.0;0
SESS-13276;2026-08-05 18:08:00;USR-1273;14;VIP;3;0;600;Cash;Valorant;5.0;0
SESS-10061;2026-08-20 18:20:00;USR-1456;17;Bootcamp;4;0;600;Card;Deadlock;4.0;0
SESS-11941;2026-08-20 00:02:00;USR-1425;19;Standard;1;0;100;Card;Valorant;5.0;0
SESS-11075;2026-08-23 04:43:00;USR-1044;21;VIP;3;0;600;App;Valorant;3.0;0
SESS-11095;2026-08-14 16:49:00;USR-1274;18;VIP;1;0;200;Card;Minecraft;4.5;0
SESS-15303;2026-08-09 03:33:00;USR-1251;27;Bootcamp;4;0;600;App;Dota 2;4.5;0
SESS-10095;2026-08-20 13:49:00;USR-1403;21;Standard;3;240;300;App;Valorant;4.5;0
SESS-12957;2026-08-14 07:09:00;USR-1368;21;Bootcamp;3;340;450;Card;Apex Legends;1.0;0
SESS-10478;2026-08-24 13:09:00;USR-1280;26;VIP;3;400;600;Card;CS2;4.0;0
SESS-10121;2026-08-11 15:02:00;USR-1060;20;PS5;2;0;500;App;Minecraft;5.0;0
SESS-10842;2026-08-19 22:06:00;USR-1403;21;Bootcamp;2;0;300;App;Dota 2;2.0;0
SESS-12592;2026-08-04 00:35:00;USR-1615;21;Standard;3;0;300;Card;Valorant;5.0;0
SESS-14121;2026-08-30 09:57:00;USR-1411;14;Standard;2;0;180;Card;CS2;4.5;1
SESS-11717;2026-08-28 00:15:00;USR-1703;17;VIP;3;0;600;App;Dota 2;5.0;0
SESS-14720;2026-08-07 16:42:00;USR-1713;30;Standard;3;150;300;Card;Dota 2;5.0;0
SESS-12818;2026-08-15 01:35:00;USR-1231;18;VIP;2;490;400;Card;Valorant;4.0;0
SESS-12536;2026-08-25 06:47:00;USR-1546;21;VIP;3;610;600;Card;Dota 2;3.0;0
SESS-11498;2026-08-02 01:36:00;USR-1106;26;Bootcamp;2;200;300;Card;CS2;4.5;0
SESS-11564;2026-08-28 02:24:00;USR-1022;19;Bootcamp;12;2650;1620;App;Valorant;4.0;1
SESS-11212;2026-08-31 11:30:00;USR-1621;28;Standard;4;320;400;Card;Apex Legends;4.5;0
SESS-10693;2026-08-27 04:15:00;USR-1750;14;Standard;3;0;300;Cash;Valorant;4.5;0
SESS-12004;2026-08-18 11:18:00;USR-1465;14;Standard;2;0;200;App;Deadlock;4.0;0
SESS-11566;2026-08-20 18:47:00;USR-1259;22;Standard;8;1600;800;Card;Valorant;5.0;0
SESS-10322;2026-08-22 17:45:00;USR-1632;21;Bootcamp;2;490;300;Card;Valorant;3.0;0
SESS-11666;2026-08-27 05:31:00;USR-1125;23;VIP;8;0;1600;Card;CS2;2.0;0
SESS-12317;2026-08-09 21:52:00;USR-1751;22;Bootcamp;3;0;450;Card;Dota 2;4.5;0
SESS-15103;2026-08-29 17:33:00;USR-1791;14;VIP;2;260;400;App;Dota 2;4.0;0
SESS-11513;2026-08-24 19:58:00;USR-1015;16;Bootcamp;3;490;450;App;CS2;2.0;0
SESS-14554;2026-08-28 21:41:00;USR-1118;15;VIP;3;340;600;Card;Dota 2;4.5;0
SESS-12617;2026-08-03 15:25:00;USR-1240;26;VIP;2;650;400;Card;Dota 2;4.0;0
SESS-11071;2026-08-04 17:27:00;USR-1465;14;Bootcamp;3;850;405;App;Dota 2;4.0;1
SESS-13576;2026-08-03 04:20:00;USR-1712;20;VIP;2;0;400;App;CS2;3.0;0
SESS-11657;2026-08-26 04:05:00;USR-1796;36;Standard;4;0;400;App;GTA V;4.5;0
SESS-10833;2026-08-28 10:32:00;USR-1598;21;Standard;2;0;180;Card;CS2;5.0;1
SESS-12110;2026-08-30 19:12:00;USR-1041;20;VIP ;2;0;300;Cash;Dota 2;4.5;0
SESS-13975;2026-08-12 17:37:00;USR-1049;22;Bootcamp;3;0;450;Card;Dota 2;4.0;0
SESS-12473;2026-08-29 19:04:00;USR-1179;19;VIP;4;730;720;Card;Valorant;4.0;1
SESS-11094;2026-08-26 06:23:00;USR-1341;21;Standard;2;0;200;Card;CS2;4.5;0
SESS-11561;2026-08-24 18:28:00;USR-1442;30;Standard;2;0;200;Card;Valorant;4.5;0
SESS-10731;2026-08-16 08:08:00;USR-1448;23;Bootcamp;1;150;135;Card;CS2;4.0;1
SESS-10334;2026-08-03 09:48:00;USR-1566;37;Bootcamp;1;370;135;Card;Dota 2;4.0;1
SESS-10291;2026-08-08 12:58:00;USR-1557;22;Standard;1;0;100;Card;Valorant;5.0;0
SESS-11593;2026-08-19 23:31:00;USR-1508;14;Bootcamp;12;0;1800;Card;Cyberpunk 2077;5.0;0
SESS-10184;2026-08-07 20:25:00;USR-1787;31;Standard;2;0;200;App;Minecraft;5.0;0
SESS-13519;2026-08-04 01:08:00;USR-1499;17;Standard;3;240;300;Card;CS2;1.0;0
SESS-13426;2026-08-30 07:40:00;USR-1699;14;Standard;4;480;400;Card;Valorant;3.0;0
SESS-13944;2026-08-30 19:55:00;USR-1097;21;PS5;3;240;750;Card;CS2;2.0;0
SESS-10533;2026-08-22 06:43:00;USR-1238;20;VIP;1;0;200;Cash;Minecraft;5.0;0
SESS-13739;2026-08-23 04:58:00;USR-1762;16;PS5;4;480;1000;Card;CS2;4.5;0
SESS-11684;2026-08-21 21:55:00;USR-1612;22;PS5;1;0;250;App;CS2;3.0;0
SESS-14084;2026-08-24 10:03:00;USR-1796;36;Bootcamp;1;300;150;Card;Minecraft;5.0;0
SESS-15329;2026-08-18 02:20:00;USR-1407;24;Standard;2;240;180;Card;Dota 2;5.0;1
SESS-13887;2026-08-05 12:25:00;USR-1185;27;Standard;5;0;500;Card;GTA V;5.0;0
SESS-12633;2026-08-30 09:44:00;USR-1531;25;Standard;3;150;300;Card;CS2;4.5;0
SESS-10657;2026-08-08 19:24:00;USR-1796;36;Standard;12;1440;1200;Card;Dota 2;2.0;0
SESS-12988;2026-08-12 16:47:00;USR-1188;16;Standard;12;0;1080;Card;CS2;4.5;1
SESS-12083;2026-08-17 04:46:00;USR-1029;21;VIP;4;0;800;Cash;CS2;4.5;0
SESS-12080;2026-08-08 07:29:00;USR-1628;23;Standard;2;0;200;Card;Minecraft;5.0;0
SESS-12787;2026-08-16 16:07:00;USR-1509;16;VIP;3;0;600;Cash;CS2;2.0;0
SESS-11813;2026-08-12 19:39:00;USR-1275;16;Standard;3;360;300;Card;Deadlock;5.0;0
SESS-14651;2026-08-14 07:51:00;USR-1069;40;Standard;1;0;100;Card;Browser/Work;4.0;0
SESS-10898;2026-08-15 03:59:00;USR-1195;19;VIP;1;0;200;Card;CS2;4.0;0
SESS-13381;2026-08-14 00:33:00;USR-1427;24;Bootcamp;2;0;300;App;Deadlock;3.0;0
SESS-10428;2026-08-24 18:54:00;USR-1067;20;VIP;1;0;180;Cash;Valorant;3.0;1
SESS-14162;2026-08-18 00:21:00;USR-1671;15;Bootcamp;8;1210;1200;App;Minecraft;4.0;0
SESS-13475;2026-08-17 00:43:00;USR-1356;19;Standard;5;0;500;Card;CS2;4.0;0
SESS-15207;2026-08-11 14:26:00;USR-1191;16;PS5;5;0;1125;Card;Minecraft;4.0;1
SESS-13349;2026-08-31 17:35:00;USR-1298;15;Standard;3;150;270;Card;CS2;5.0;1
SESS-12925;2026-08-25 17:25:00;USR-1723;31;VIP;2;200;360;Card;CS2;5.0;1
SESS-14549;2026-08-13 12:57:00;USR-1236;19;Standard;2;0;200;App;Dota 2;4.0;0
SESS-12244;2026-08-21 21:36:00;USR-1147;16;PS5;8;0;2000;Card;Dota 2;3.0;0
SESS-12615;2026-08-14 10:48:00;USR-1121;19;Standard;2;0;200;Cash;CS2;2.0;0
SESS-11101;2026-08-28 00:30:00;USR-1776;33;Standard;2;240;200;App;Valorant;4.5;0
SESS-14015;2026-08-28 01:49:00;USR-1737;26;VIP;2;0;360;App;CS2;4.5;1
SESS-13838;2026-08-26 23:27:00;USR-1590;20;VIP;8;0;1600;App;GTA V;4.0;0
SESS-10290;2026-08-22 04:18:00;USR-1201;24;PS5;5;0;1250;Card;Valorant;4.5;0
SESS-13667;2026-08-06 06:40:00;USR-1470;23;VIP;1;180;200;App;CS2;4.0;0
SESS-13211;2026-08-13 09:24:00;USR-1393;17;Standard;1;0;100;Card;Minecraft;5.0;0
SESS-12513;2026-08-15 22:13:00;USR-1757;36;Bootcamp;1;220;150;Card;Dota 2;3.0;0
SESS-12245;2026-08-29 15:52:00;USR-1733;17;VIP;2;0;400;Card;Dota 2;5.0;0
SESS-11350;2026-08-07 14:17:00;USR-1183;25;Standard;3;600;300;Card;Dota 2;4.5;0
SESS-11181;2026-08-29 11:21:00;USR-1387;15;PS5;1;120;250;Card;CS2;4.0;0
SESS-12638;2026-08-27 09:35:00;USR-1280;26;ps5;3;150;300;Card;GTA V;4.5;0
SESS-12862;2026-08-10 21:58:00;USR-1096;31;PS5;2;0;500;Card;CS2;4.0;0
SESS-13012;2026-08-20 04:37:00;USR-1225;19;Bootcamp;2;200;300;App;CS2;4.0;0
SESS-15022;2026-08-23 05:08:00;USR-1583;24;Standard;2;240;200;Card;Valorant;4.0;0
SESS-12692;2026-08-06 06:12:00;USR-1773;23;Bootcamp;2;0;300;Card;CS2;4.0;0
SESS-14635;2026-08-10 11:48:00;USR-1650;36;Standard;3;600;270;Card;CS2;4.0;1
SESS-14919;2026-08-19 12:39:00;USR-1692;17;Standard;2;0;200;Card;Deadlock;5.0;0
SESS-15346;2026-08-22 22:59:00;USR-1701;15;Bootcamp;4;0;540;Card;Apex Legends;4.0;1
SESS-11694;2026-08-17 10:53:00;USR-1295;24;VIP;4;900;720;Cash;CS2;3.0;1
SESS-11074;2026-08-16 18:01:00;USR-1061;18;VIP;2;650;360;Card;Minecraft;3.0;1
SESS-12309;2026-08-26 10:16:00;USR-1184;15;Standard;4;0;360;App;PUBG;5.0;1
SESS-13805;2026-08-24 09:59:00;USR-1477;24;Standard;3;150;300;App;Deadlock;4.0;0
SESS-11595;2026-08-13 00:38:00;USR-1173;15;Bootcamp;4;0;540;Card;CS2;2.0;1
SESS-12644;2026-08-12 13:37:00;USR-1046;17;Standard;12;0;1200;Card;Valorant;5.0;0
SESS-13128;2026-08-08 02:08:00;USR-1491;21;Standard;2;0;180;App;CS2;2.0;1
SESS-11253;2026-08-22 16:42:00;USR-1438;16;Standard;4;0;360;Card;Deadlock;4.0;1
SESS-11756;2026-08-24 22:57:00;USR-1095;16;Standard;2;400;180;Card;CS2;4.0;1
SESS-12042;2026-08-05 12:57:00;USR-1542;15;PS5;2;100;500;App;CS2;4.0;0
SESS-14836;2026-08-31 22:13:00;USR-1135;22;Standard;1;200;100;Card;CS2;4.0;0
SESS-10070;2026-08-23 16:16:00;USR-1635;15;VIP;2;0;400;Card;CS2;4.5;0
SESS-11740;2026-08-22 22:21:00;USR-1091;18;Standard;2;0;200;Card;CS2;4.5;0
SESS-14008;2026-08-17 10:36:00;USR-1520;18;Standard;3;0;300;App;Cyberpunk 2077;1.0;0
SESS-12478;2026-08-18 13:45:00;USR-1320;24;Standard;2;0;200;Cash;Dota 2;5.0;0
SESS-14135;2026-08-26 10:24:00;USR-1349;15;Standard;1;200;100;Card;Deadlock;4.0;0
SESS-13656;2026-08-17 13:13:00;USR-1785;18;Standard;3;0;300;;Valorant;4.0;0
SESS-10831;2026-08-15 21:14:00;USR-1346;19;VIP;1;0;180;Card;Dota 2;4.5;1
SESS-14834;2026-08-15 07:56:00;USR-1315;17;Standard;2;0;200;Cash;Browser/Work;4.0;0
SESS-11918;2026-08-05 20:15:00;USR-1526;22;Bootcamp;3;400;450;Card;CS2;4.5;0
SESS-12700;2026-08-01 09:37:00;USR-1373;18;Bootcamp;1;0;150;App;CS2;5.0;0
SESS-10238;2026-08-11 18:48:00;USR-1752;18;PS5;3;360;750;Card;CS2;4.0;0
SESS-11652;2026-08-15 04:42:00;USR-1347;24;Standard;2;0;200;Card;Dota 2;5.0;0
SESS-11620;2026-08-07 08:01:00;USR-1261;27;Standard;4;800;400;Card;CS2;4.5;0
SESS-11420;2026-08-04 01:06:00;USR-1060;20;VIP;12;0;2400;Card;PUBG;5.0;0
SESS-14222;2026-08-01 23:08:00;USR-1126;23;VIP;2;200;400;Card;PUBG;4.5;0
SESS-11194;2026-08-10 22:10:00;USR-1206;25;VIP;4;730;800;App;Cyberpunk 2077;5.0;0
SESS-13470;2026-08-28 13:46:00;USR-1475;26;Standard;1;0;90;App;GTA V;4.0;1
SESS-11001;2026-08-03 19:43:00;USR-1767;16;Standard;1;50;100;App;Dota 2;3.0;0
SESS-11392;2026-08-17 10:42:00;USR-1668;26;Standard;3;0;300;Cash;CS2;1.0;0
SESS-14262;2026-08-31 23:54:00;USR-1602;19;Standard;4;0;400;Card;Valorant;4.5;0
SESS-11924;2026-08-01 20:24:00;USR-1117;20;VIP;3;0;600;Card;Dota 2;3.0;0
SESS-14546;2026-08-03 15:31:00;USR-1397;21;PS5;2;400;500;Card;Dota 2;5.0;0
SESS-10957;2026-08-16 15:32:00;USR-1270;34;Standard;2;0;200;Card;CS2;5.0;0
SESS-13858;2026-08-17 07:23:00;USR-1622;14;Standard;3;0;300;Card;CS2;4.5;0
SESS-13032;2026-08-15 05:09:00;USR-1390;21;Bootcamp;2;0;300;Card;Minecraft;4.5;0
SESS-11747;2026-08-28 08:00:00;USR-1566;37;VIP;4;0;720;Card;Valorant;4.5;1
SESS-11323;2026-08-09 23:20:00;USR-1059;16;Standard;3;360;300;Card;GTA V;5.0;0
SESS-15217;2026-08-11 09:28:00;USR-1048;28;Bootcamp;1;0;150;Card;Valorant;2.0;0
SESS-14265;2026-08-04 21:38:00;USR-1308;18;Standard;5;400;500;App;Valorant;4.0;0
SESS-14377;2026-08-31 18:35:00;USR-1250;26;VIP;1;0;200;App;Minecraft;2.0;0
SESS-12337;2026-08-05 08:43:00;USR-1002;36;VIP;4;580;800;App;Dota 2;4.0;0
SESS-11034;2026-08-31 03:58:00;USR-1661;22;Standard;2;400;180;Card;Valorant;3.0;1
SESS-12882;2026-08-09 23:42:00;USR-1060;20;Standard;4;0;360;Card;Cyberpunk 2077;4.0;1
SESS-10931;2026-08-05 02:28:00;USR-1394;19;Bootcamp;4;420;600;App;Dota 2;3.0;0
SESS-14960;2026-08-24 00:49:00;USR-1183;25;VIP;3;460;600;App;Minecraft;1.0;0
SESS-13873;2026-08-06 13:31:00;USR-1049;22;Standard;1;0;100;App;Dota 2;3.0;0
SESS-10633;2026-08-27 08:02:00;USR-1140;16;Bootcamp;4;0;540;Card;Dota 2;4.0;1
SESS-13467;2026-08-03 01:01:00;USR-1719;25;Bootcamp;3;400;450;Card;Valorant;4.5;0
SESS-10498;2026-08-16 17:41:00;USR-1775;22;PS5;3;150;750;App;CS2;4.5;0
SESS-13402;2026-08-26 17:21:00;USR-1048;28;Bootcamp;2;0;300;App;Valorant;4.0;0
SESS-10415;2026-08-03 04:08:00;USR-1082;32;Standard;12;960;1200;App;CS2;4.5;0
SESS-15205;2026-08-01 19:18:00;USR-1286;25;PS5;4;0;1000;Cash;PUBG;2.0;0
SESS-12727;2026-08-08 12:12:00;USR-1676;24;Standard;2;0;180;Cash;GTA V;5.0;1
SESS-11175;2026-08-08 04:27:00;USR-1084;25;Bootcamp;5;650;750;Card;Apex Legends;5.0;0
SESS-11983;2026-08-09 00:48:00;USR-1372;27;Standard;4;0;400;Card;CS2;4.0;0
SESS-10757;2026-08-10 03:42:00;USR-1757;36;VIP;2;0;400;Card;CS2;4.5;0
SESS-11103;2026-08-06 17:07:00;USR-1048;28;PS5;2;400;500;App;Valorant;5.0;0
SESS-11041;2026-08-17 09:45:00;USR-1455;20;PS5;3;0;750;Card;Minecraft;4.5;0
SESS-14997;2026-08-17 17:30:00;USR-1100;17;Standard;1;120;100;Card;Dota 2;4.0;0
SESS-12458;2026-08-06 13:26:00;USR-1593;26;Standard;2;0;200;App;CS2;5.0;0
SESS-13732;2026-08-19 16:01:00;USR-1044;21;VIP;3;250;600;App;Browser/Work;4.0;0
SESS-12406;2026-08-24 14:52:00;USR-1767;16;VIP;3;0;600;App;PUBG;5.0;0
SESS-10596;2026-08-06 04:12:00;USR-1090;20;VIP;5;0;1000;Card;CS2;5.0;0
SESS-15017;2026-08-08 11:48:00;USR-1268;31;Bootcamp;4;730;600;Card;Minecraft;5.0;0
SESS-11612;2026-08-20 06:32:00;USR-1479;30;Standard;1;50;100;App;Minecraft;2.0;0
SESS-12683;2026-08-11 19:43:00;USR-1277;40;Standard;2;400;200;Card;Dota 2;2.0;0
SESS-10652;2026-08-11 12:52:00;USR-1610;15;PS5;1;0;250;Card;CS2;4.0;0
SESS-13229;2026-08-06 10:53:00;USR-1671;15;Standard;2;240;200;App;Apex Legends;4.0;0
SESS-12417;2026-08-07 08:27:00;USR-1682;14;Standard;4;0;400;Card;Valorant;4.5;0
SESS-12525;2026-08-29 07:32:00;USR-1275;16;Standard;4;200;400;Card;Valorant;4.5;0
SESS-13125;2026-08-01 11:14:00;USR-1046;17;Bootcamp;12;0;1800;Card;Dota 2;4.0;0
SESS-11244;2026-08-27 20:12:00;USR-1714;15;PS5;3;150;750;Card;Valorant;4.0;0
SESS-12346;2026-08-30 13:57:00;USR-1004;25;Bootcamp;3;0;450;App;Minecraft;4.0;0
SESS-10075;2026-08-09 18:14:00;USR-1328;38;VIP;3;850;600;App;CS2;4.0;0
SESS-12535;2026-08-07 12:12:00;USR-1014;24;Standard;3;0;270;Cash;Apex Legends;5.0;1
SESS-12995;2026-08-20 13:29:00;USR-1467;22;Standard;3;360;300;Card;GTA V;4.0;0
SESS-13666;2026-08-27 05:50:00;USR-1229;16;Standard;2;0;200;Card;CS2;2.0;0
SESS-14603;2026-08-27 07:39:00;USR-1278;19;PS5;12;600;3000;Card;Dota 2;4.5;0
SESS-13708;2026-08-12 21:07:00;USR-1448;23;Standard;4;800;400;Cash;Valorant;4.0;0
SESS-11769;2026-08-31 04:30:00;USR-1734;15;Standard;2;0;200;Card;Valorant;3.0;0
SESS-11831;2026-08-22 21:17:00;USR-1734;15;Standard;2;0;200;Card;CS2;4.0;0
SESS-12671;2026-08-31 01:01:00;USR-1498;26;VIP;3;250;600;Cash;Dota 2;5.0;0
SESS-12945;2026-08-28 22:08:00;USR-1559;23;Standard;3;0;270;App;Apex Legends;5.0;1
SESS-11010;2026-08-28 10:59:00;USR-1119;24;VIP;2;410;360;Card;GTA V;4.0;1
SESS-11029;2026-08-12 09:04:00;USR-1585;19;Bootcamp;2;0;300;Card;Minecraft;5.0;0
SESS-12476;2026-08-27 17:55:00;USR-1041;20;Bootcamp;8;1060;1200;Card;Dota 2;5.0;0
SESS-10828;2026-08-07 23:36:00;USR-1759;24;Standard;1;200;100;Card;Valorant;4.5;0
SESS-13620;2026-08-17 22:25:00;USR-1285;25;PS5;1;80;250;App;Valorant;4.5;0
SESS-10096;2026-08-21 07:58:00;USR-1776;33;Standard;4;200;400;App;Dota 2;5.0;0
SESS-15254;2026-08-30 19:18:00;USR-1107;16;Standard;3;240;300;Card;PUBG;4.0;0
SESS-14173;2026-08-20 08:03:00;USR-1373;18;Standard;3;0;300;Card;Valorant;4.5;0
SESS-13608;2026-08-02 05:36:00;USR-1407;24;PS5;1;0;225;Card;CS2;4.0;1
SESS-10621;2026-08-05 23:16:00;USR-1334;14;Standard;3;360;300;Cash;Dota 2;5.0;0
SESS-10566;2026-08-15 15:53:00;USR-1320;24;Standard;4;0;400;Card;Deadlock;3.0;0
SESS-14845;2026-08-25 17:27:00;USR-1683;15;VIP;2;0;400;Card;Dota 2;4.0;0
SESS-11776;2026-08-22 15:09:00;USR-1136;28;VIP;5;850;1000;Card;Dota 2;4.0;0
SESS-10051;2026-08-03 08:49:00;USR-1199;20;Standard;2;100;180;Card;CS2;5.0;1
SESS-13274;2026-08-28 00:53:00;USR-1040;22;VIP;1;0;200;App;PUBG;5.0;0
SESS-11886;2026-08-23 02:14:00;USR-1316;17;Standard;1;0;100;Card;Valorant;4.5;0
SESS-10745;2026-08-22 19:43:00;USR-1170;25;Standard;2;0;200;Card;Dota 2;3.0;0
SESS-13759;2026-08-22 20:55:00;USR-1328;38;Standard;5;0;500;Card;Browser/Work;4.5;0
SESS-13565;2026-08-22 18:47:00;USR-1134;16;Bootcamp;3;0;450;Card;GTA V;4.5;0
SESS-11330;2026-08-13 14:56:00;USR-1531;25;VIP;2;0;360;Card;Deadlock;4.5;1
SESS-10195;2026-08-18 22:39:00;USR-1012;17;PS5;3;0;750;App;CS2;4.0;0
SESS-12002;2026-08-16 16:48:00;USR-1466;23;PS5;4;0;1000;Card;Valorant;5.0;0
SESS-13494;2026-08-23 09:30:00;USR-1529;29;Standard;1;50;100;Card;Dota 2;4.5;0
SESS-10802;2026-08-15 21:32:00;USR-1374;20;Standard;1;0;100;Card;Dota 2;4.5;0
SESS-13545;2026-08-06 04:55:00;USR-1618;17;VIP;3;0;600;App;Valorant;5.0;0
SESS-11864;2026-08-12 22:38:00;USR-1595;32;Standard;4;200;400;Card;Dota 2;4.0;0
SESS-11193;2026-08-25 18:16:00;USR-1150;21;VIP;3;0;600;Card;CS2;4.5;0
SESS-14978;2026-08-28 08:21:00;USR-1755;29;Standard;2;0;200;Card;Dota 2;5.0;0
SESS-13017;2026-08-24 08:40:00;USR-1554;25;Standard;3;0;270;App;Valorant;3.0;1
SESS-14717;2026-08-15 17:25:00;USR-1552;21;VIP;1;0;200;Card;Deadlock;4.0;0
SESS-11215;2026-08-04 04:21:00;USR-1049;22;VIP;3;400;600;Card;Valorant;4.0;0
SESS-11544;2026-08-09 21:17:00;USR-1340;21;Standard;3;0;300;Card;Dota 2;4.5;0
SESS-10644;2026-08-12 13:39:00;USR-1776;33;Standard;2;0;200;Card;Minecraft;4.0;0
SESS-11371;2026-08-27 23:08:00;USR-1182;23;Standard;12;0;1080;Card;Dota 2;2.0;1
SESS-14059;2026-08-06 18:03:00;USR-1500;23;Standard;3;0;300;Card;Dota 2;4.0;0
SESS-15087;2026-08-29 00:53:00;USR-1436;14;Bootcamp;2;0;300;App;Dota 2;3.0;0
SESS-10120;2026-08-30 00:23:00;USR-1065;20;Standard;2;160;200;App;Dota 2;5.0;0
SESS-14194;2026-08-03 04:41:00;USR-1641;24;Standard;1;120;90;Card;Valorant;4.0;1
SESS-12228;2026-08-02 06:20:00;USR-1215;15;Standard;4;320;400;Card;Minecraft;4.5;0
SESS-11954;2026-08-16 17:04:00;USR-1181;24;Standard;2;0;180;Card;Valorant;4.5;1
SESS-14373;2026-08-23 09:59:00;USR-1678;18;VIP;4;0;800;Card;Dota 2;4.0;0
SESS-12292;2026-08-27 23:37:00;USR-1668;26;Standard;4;0;360;Cash;GTA V;3.0;1
SESS-15376;2026-08-25 15:39:00;USR-1428;24;Standard;3;0;300;App;Deadlock;5.0;0
SESS-14755;2026-08-17 05:57:00;USR-1345;21;Standard;12;0;1200;Card;Valorant;4.5;0
SESS-15317;2026-08-11 20:05:00;USR-1398;15;Bootcamp;2;490;270;App;PUBG;2.0;1
SESS-10134;2026-08-06 02:19:00;USR-1010;22;Standard;3;240;300;App;Dota 2;4.5;0
SESS-12902;2026-08-30 09:53:00;USR-1103;17;Standard;1;50;90;App;CS2;4.0;1
SESS-13613;2026-08-07 02:49:00;USR-1300;45;Bootcamp;8;740;1080;Card;Minecraft;5.0;1
SESS-10511;2026-08-10 12:19:00;USR-1734;15;Standard;1;0;100;App;Browser/Work;1.0;0
SESS-10062;2026-08-14 23:41:00;USR-1738;24;Standard;4;0;400;App;Minecraft;5.0;0
SESS-14879;2026-08-31 04:02:00;USR-1773;23;Bootcamp;3;460;405;Card;Valorant;2.0;1
SESS-13265;2026-08-10 21:15:00;USR-1396;17;Standard;5;250;500;Card;Dota 2;2.0;0
SESS-11583;2026-08-28 20:37:00;USR-1030;16;Standard;2;0;180;Card;CS2;3.0;1
SESS-14519;2026-08-09 00:55:00;USR-1029;21;Standard;2;100;200;App;Dota 2;4.5;0
SESS-10122;2026-08-30 08:14:00;USR-1295;24;Standard;2;160;200;Card;Minecraft;4.0;0
SESS-12195;2026-08-18 03:44:00;USR-1255;18;VIP;2;0;400;Cash;CS2;5.0;0
SESS-15224;2026-08-07 22:13:00;USR-1214;23;Standard;4;0;360;App;CS2;5.0;1
SESS-13973;2026-08-03 13:16:00;USR-1350;16;PS5;3;0;750;Card;Minecraft;4.5;0
SESS-13653;2026-08-29 17:22:00;USR-1750;14;Standard;3;0;270;Card;CS2;4.5;1
SESS-10567;2026-08-19 12:06:00;USR-1244;19;VIP;1;0;180;Card;Dota 2;3.0;1
SESS-11871;2026-08-12 00:55:00;USR-1481;21;VIP;8;0;1440;App;Deadlock;5.0;1
SESS-13761;2026-08-30 03:23:00;USR-1299;21;Bootcamp;3;400;405;App;CS2;4.0;1
SESS-10864;2026-08-30 13:38:00;USR-1549;23;Standard;3;0;270;Card;Dota 2;3.0;1
SESS-15123;2026-08-18 02:24:00;USR-1640;25;Standard;8;960;800;Card;CS2;4.0;0
SESS-12045;2026-08-08 05:50:00;USR-1485;24;Standard;2;240;200;Card;CS2;4.0;0
SESS-13914;2026-08-24 08:02:00;USR-1225;19;Standard;3;0;270;Cash;Dota 2;5.0;1
SESS-11407;2026-08-14 03:48:00;USR-1522;16;Bootcamp;5;0;750;Card;CS2;3.0;0
SESS-13197;2026-08-16 14:41:00;USR-1673;26;VIP;2;410;400;Card;CS2;4.5;0
SESS-10720;2026-08-08 00:47:00;USR-1683;15;VIP;2;490;400;Card;PUBG;4.5;0
SESS-13194;2026-08-23 04:14:00;USR-1462;20;Standard;3;150;270;Card;PUBG;4.5;1
SESS-12974;2026-08-21 10:38:00;USR-1059;16;Bootcamp;1;300;135;Card;GTA V;4.5;1
SESS-12186;2026-08-28 05:03:00;USR-1451;16;Standard;5;0;500;Card;Minecraft;4.5;0
SESS-10602;2026-08-05 04:22:00;USR-1446;15;Bootcamp;3;0;450;Card;CS2;4.5;0
SESS-14584;2026-08-11 08:46:00;USR-1152;34;Standard;2;100;200;Card;CS2;4.5;0
SESS-11611;2026-08-19 00:04:00;USR-1464;25;Bootcamp;12;0;1800;Card;CS2;3.0;0
SESS-14266;2026-08-12 23:31:00;USR-1507;14;Bootcamp;1;0;135;App;CS2;4.5;1
SESS-12698;2026-08-06 03:21:00;USR-1607;14;Standard;5;0;500;Cash;Dota 2;3.0;0
SESS-12436;2026-08-23 11:14:00;USR-1329;22;VIP;12;0;2400;Card;Dota 2;4.5;0
SESS-14943;2026-08-12 21:45:00;USR-1041;20;VIP;4;730;800;Card;Deadlock;5.0;0
SESS-10318;2026-08-18 04:05:00;USR-1666;22;Standard;2;0;200;Card;Dota 2;3.0;0
SESS-11235;2026-08-10 16:03:00;USR-1353;18;VIP;2;0;360;Cash;Dota 2;4.5;1
SESS-10274;2026-08-06 02:55:00;USR-1333;23;VIP;3;0;540;Card;Valorant;3.0;1
SESS-15183;2026-08-19 14:14:00;USR-1688;18;Standard;1;0;100;Card;Minecraft;4.0;0
SESS-14236;2026-08-03 01:53:00;USR-1001;26;Bootcamp;2;0;300;Cash;Valorant;4.0;0
SESS-15003;2026-08-04 23:28:00;USR-1766;21;Bootcamp;3;250;450;Cash;Dota 2;4.5;0
SESS-13575;2026-08-19 21:16:00;USR-1556;24;PS5;1;120;225;Card;Dota 2;4.5;1
SESS-12523;2026-08-28 16:43:00;USR-1301;24;Bootcamp;1;150;150;Cash;CS2;4.0;0
SESS-12651;2026-08-03 11:28:00;USR-1566;37;Bootcamp;3;0;450;Card;GTA V;4.5;0
SESS-14279;2026-08-28 13:15:00;USR-1544;23;Standard;2;0;200;Card;CS2;4.5;0
SESS-15239;2026-08-12 05:09:00;USR-1642;16;Bootcamp;3;340;450;Card;Minecraft;4.0;0
SESS-10295;2026-08-15 22:21:00;USR-1224;17;VIP;2;490;400;App;Dota 2;3.0;0
SESS-13710;2026-08-21 21:58:00;USR-1681;20;VIP;2;0;400;Card;Valorant;3.0;0
SESS-14235;2026-08-27 05:31:00;USR-1799;21;Standard;1;0;100;Card;CS2;4.0;0
SESS-10298;2026-08-28 16:33:00;USR-1059;16;Standard;8;400;800;Card;Deadlock;4.5;0
SESS-10068;2026-08-26 17:01:00;USR-1140;16;Standard;12;2400;1200;Card;CS2;4.0;0
SESS-10736;2026-08-28 04:03:00;USR-1664;17;Bootcamp;1;0;150;Card;Dota 2;5.0;0
SESS-11891;2026-08-12 07:53:00;USR-1451;16;VIP;2;200;400;Card;CS2;4.0;0
SESS-12118;2026-08-23 14:31:00;USR-1486;16;Standard;2;0;200;Card;Minecraft;4.5;0
SESS-12856;2026-08-31 09:33:00;USR-1361;23;VIP;4;0;800;Card;CS2;4.5;0
SESS-10150;2026-08-24 16:43:00;USR-1129;16;Standard;1;200;100;Card;CS2;4.5;0
SESS-10756;2026-08-13 17:51:00;USR-1131;26;VIP;8;500;1600;App;CS2;4.5;0
SESS-14122;2026-08-07 18:49:00;USR-1221;21;Standard;2;0;200;Card;Valorant;4.5;0
SESS-12916;2026-08-16 11:42:00;USR-1590;20;Standard;2;0;180;Card;Minecraft;4.5;1
SESS-15024;2026-08-09 13:33:00;USR-1083;22;Standard;2;0;200;Card;CS2;5.0;0
SESS-12259;2026-08-22 16:35:00;USR-1329;22;PS5;2;0;500;App;Minecraft;5.0;0
SESS-12580;2026-08-25 15:04:00;USR-1495;16;PS5;5;0;1250;Card;Dota 2;4.0;0
SESS-10376;2026-08-29 14:05:00;USR-1106;26;PS5;3;150;675;Card;Dota 2;4.5;1
SESS-12063;2026-08-04 17:27:00;USR-1310;19;PS5;4;0;1000;Card;Valorant;2.0;0
SESS-10859;2026-08-31 23:15:00;USR-1167;17;Standard;2;0;200;Card;Valorant;5.0;0
SESS-13351;2026-08-21 08:29:00;USR-1093;16;PS5;2;0;500;Card;Apex Legends;5.0;0
SESS-14958;2026-08-27 16:26:00;USR-1511;25;Bootcamp;2;0;300;Card;CS2;4.0;0
SESS-10378;2026-08-05 06:14:00;USR-1526;22;VIP;4;1050;800;Card;CS2;5.0;0
SESS-14511;2026-08-06 04:28:00;USR-1598;21;Standard;4;0;400;Card;Dota 2;5.0;0
SESS-12167;2026-08-20 15:42:00;USR-1320;24;Bootcamp;3;850;450;Card;CS2;5.0;0
SESS-15099;2026-08-01 10:43:00;USR-1348;15;PS5;2;160;500;Cash;Deadlock;4.0;0
SESS-12687;2026-08-31 00:52:00;USR-1225;19;Standard;2;0;200;Cash;Dota 2;5.0;0
SESS-12696;2026-08-22 17:00:00;USR-1571;31;Bootcamp;12;0;1800;Card;Apex Legends;4.5;0
SESS-15085;2026-08-17 12:38:00;USR-1758;17;Standard;3;0;300;Card;CS2;3.0;0
SESS-10841;2026-08-13 05:30:00;USR-1678;18;Standard;3;0;300;;Dota 2;4.5;0
SESS-14434;2026-08-09 10:14:00;USR-1447;25;Bootcamp;4;580;600;Card;CS2;4.0;0
SESS-11869;2026-08-24 02:56:00;USR-1117;20;Standard;2;0;200;Card;CS2;1.0;0
SESS-10175;2026-08-26 22:28:00;USR-1060;20;PS5;2;0;500;Card;Valorant;3.0;0
SESS-12201;2026-08-29 16:29:00;USR-1254;14;Bootcamp;1;0;150;App;GTA V;2.0;0
SESS-10927;2026-08-19 03:32:00;USR-1303;22;Bootcamp;5;850;675;Card;CS2;4.5;1
SESS-14541;2026-08-23 09:42:00;USR-1777;25;VIP;3;250;540;Card;CS2;4.5;1
SESS-10045;2026-08-28 00:42:00;USR-1093;16;Standard;8;640;800;Card;CS2;5.0;0
SESS-11096;2026-08-29 04:05:00;USR-1154;24;Standard;3;360;300;Card;Minecraft;4.0;0
SESS-12437;2026-08-31 15:15:00;USR-1637;25;PS5;2;400;500;Card;Dota 2;5.0;0
SESS-13488;2026-08-12 06:06:00;USR-1058;23;VIP;3;0;600;Cash;CS2;4.5;0
SESS-14625;2026-08-12 10:18:00;USR-1594;18;Standard;2;0;200;Card;Dota 2;2.0;0
SESS-13628;2026-08-05 07:36:00;USR-1380;23;Standard;4;800;400;Card;Browser/Work;4.5;0
SESS-14011;2026-08-11 22:24:00;USR-1601;30;Standard;3;600;300;App;CS2;5.0;0
SESS-13153;2026-08-09 21:16:00;USR-1350;16;PS5;3;0;750;App;Apex Legends;3.0;0
SESS-13661;2026-08-04 20:25:00;USR-1019;25;VIP;2;0;360;Card;Valorant;4.5;1
SESS-12100;2026-08-11 01:42:00;USR-1773;23;Standard;2;0;200;Card;Dota 2;4.0;0
SESS-10283;2026-08-24 06:13:00;USR-1658;18;VIP;4;450;800;Cash;Minecraft;4.5;0
SESS-12077;2026-08-01 18:03:00;USR-1044;21;PS5;1;0;225;Card;Minecraft;2.0;1
SESS-14405;2026-08-16 18:33:00;USR-1039;35;Standard;1;200;90;Card;Valorant;4.0;1
SESS-11965;2026-08-10 03:19:00;USR-1671;15;Bootcamp;2;0;300;App;Deadlock;4.0;0
SESS-15025;2026-08-14 01:19:00;USR-1687;20;Standard;3;0;300;Card;Apex Legends;5.0;0
SESS-12302;2026-08-29 07:53:00;USR-1783;16;Standard;5;250;500;Card;Dota 2;1.0;0
SESS-12024;2026-08-24 15:20:00;USR-1353;18;VIP;1;0;200;Card;Apex Legends;3.0;0
SESS-11971;2026-08-30 17:38:00;USR-1080;15;Standard;4;0;400;Card;CS2;1.0;0
SESS-11536;2026-08-28 19:11:00;USR-1358;15;Standard;8;0;720;Card;Valorant;5.0;1
SESS-12439;2026-08-23 09:39:00;USR-1792;22;Standard;12;0;1080;Card;GTA V;5.0;1
SESS-11745;2026-08-17 02:14:00;USR-1369;23;PS5;2;400;500;App;Dota 2;4.0;0
SESS-12170;2026-08-21 16:35:00;USR-1258;24;Standard;1;50;100;App;CS2;5.0;0
SESS-13196;2026-08-10 18:02:00;USR-1638;21;Standard;3;0;300;Card;CS2;5.0;0
SESS-12498;2026-08-15 04:16:00;USR-1689;15;VIP;3;0;540;Card;Apex Legends;4.5;1
SESS-13807;2026-08-03 02:57:00;USR-1207;22;VIP;3;460;540;Card;Valorant;4.5;1
SESS-13685;2026-08-01 09:05:00;USR-1252;20;Standard;2;240;200;Cash;CS2;4.5;0
SESS-14953;2026-08-19 10:01:00;USR-1202;37;Standard;1;0;100;Card;CS2;4.5;0
SESS-10257;2026-08-06 01:42:00;USR-1712;20;Bootcamp;2;0;270;Card;Minecraft;4.5;1
SESS-11918;2026-08-05 20:15:00;USR-1526;22;Bootcamp;3;400;450;Card;CS2;4.5;0
SESS-11321;2026-08-17 03:10:00;USR-1410;21;Standard;5;0;500;Card;Minecraft;5.0;0
SESS-10099;2026-08-03 04:43:00;USR-1368;21;Standard;3;150;300;Card;Deadlock;;0
SESS-12394;2026-08-06 22:43:00;USR-1347;24;Standard;2;240;200;App;Dota 2;4.0;0
SESS-13985;2026-08-28 08:31:00;USR-1071;14;Standard;2;0;200;Card;Dota 2;4.0;0
SESS-13220;2026-08-21 13:48:00;USR-1509;16;Bootcamp;3;340;450;Card;Valorant;1.0;0
SESS-15283;2026-08-03 06:14:00;USR-1189;31;VIP;12;0;2400;Card;Valorant;2.0;0
SESS-12462;2026-08-07 14:12:00;USR-1147;16;Standard;3;360;300;App;CS2;5.0;0
SESS-13841;2026-08-28 02:37:00;USR-1673;26;Bootcamp;5;0;750;Card;CS2;4.0;0
SESS-12067;2026-08-03 02:47:00;USR-1417;26;VIP;3;0;540;App;CS2;5.0;1
SESS-10366;2026-08-24 01:11:00;USR-1395;19;Standard;3;360;300;Card;CS2;5.0;0
SESS-13437;2026-08-26 12:15:00;USR-1191;16;Standard;1;200;90;App;Dota 2;3.0;1
SESS-14240;2026-08-11 23:32:00;USR-1316;17;Bootcamp;1;300;150;Card;Dota 2;3.0;0
SESS-14449;2026-08-24 06:38:00;USR-1393;17;Bootcamp;3;0;450;Card;Valorant;5.0;0
SESS-12990;2026-08-23 15:06:00;USR-1704;41;PS5;1;0;250;Card;CS2;5.0;0
SESS-10949;2026-08-21 19:20:00;USR-1785;18;VIP;2;0;360;Card;Valorant;4.0;1
SESS-11512;2026-08-26 13:39:00;USR-1597;19;Bootcamp;1;150;150;Card;PUBG;4.0;0
SESS-10019;2026-08-09 17:38:00;USR-1248;31;Standard;4;0;360;Card;CS2;4.0;1
SESS-13163;2026-08-04 00:52:00;USR-1004;25;Standard;4;0;400;Card;Dota 2;3.0;0
SESS-10668;2026-08-06 07:30:00;USR-1640;25;PS5;3;0;675;Card;CS2;4.0;1
SESS-10218;2026-08-18 17:59:00;USR-1468;15;Standard;5;0;500;App;Valorant;;0
SESS-15171;2026-08-30 14:58:00;USR-1604;25;VIP;5;0;1000;Card;Deadlock;5.0;0
SESS-12093;2026-08-03 01:17:00;USR-1251;27;Bootcamp;12;1210;1800;Card;Minecraft;4.5;0
SESS-13881;2026-08-03 14:02:00;USR-1032;21;Standard;3;360;300;Card;Dota 2;4.0;0
SESS-14054;2026-08-20 09:31:00;USR-1135;22;VIP;3;0;600;Card;Minecraft;;0
SESS-13259;2026-08-26 01:03:00;USR-1495;16;VIP;4;580;800;App;Dota 2;1.0;0
SESS-13865;2026-08-10 05:54:00;USR-1753;16;PS5;3;0;750;Card;CS2;5.0;0
SESS-10777;2026-08-27 00:36:00;USR-1061;18;Standard;8;0;800;Card;PUBG;5.0;0
SESS-11820;2026-08-10 12:28:00;USR-1628;23;Standard;3;0;300;Card;CS2;5.0;0
SESS-11018;2026-08-14 13:06:00;USR-1689;15;Bootcamp;1;0;135;Card;Dota 2;5.0;1
SESS-12086;2026-08-07 20:11:00;USR-1787;31;Standard;8;0;800;Card;CS2;5.0;0
SESS-15006;2026-08-22 01:04:00;USR-1089;31;Bootcamp;2;650;300;Card;Dota 2;1.0;0
SESS-11557;2026-08-26 15:18:00;USR-1115;14;Standard;1;200;90;Card;Minecraft;4.5;1
SESS-14302;2026-08-05 21:49:00;USR-1473;26;VIP;1;300;200;Card;Valorant;5.0;0
SESS-10517;2026-08-31 10:07:00;USR-1013;23;Standard;1;0;100;App;Dota 2;5.0;0
SESS-14581;2026-08-29 23:47:00;USR-1007;22;Standard;4;800;400;Card;Browser/Work;3.0;0
SESS-11817;2026-08-29 08:40:00;USR-1364;15;Standard;2;0;200;Cash;CS2;4.5;0
SESS-13817;2026-08-22 11:44:00;USR-1627;28;Bootcamp;8;1700;1200;Card;CS2;4.0;0
SESS-12910;2026-08-20 23:08:00;USR-1109;16;VIP;2;0;360;Card;Apex Legends;4.0;1
SESS-14402;2026-08-16 18:31:00;USR-1034;36;Standard;3;360;300;Cash;Dota 2;4.0;0
SESS-11691;2026-08-22 14:08:00;USR-1532;16;VIP;12;1210;2160;Cash;Valorant;4.5;1
SESS-13416;2026-08-08 10:59:00;USR-1190;16;Bootcamp;3;340;450;Card;PUBG;4.5;0
SESS-12778;2026-08-22 14:53:00;USR-1450;18;Standard;2;0;200;Card;Minecraft;4.0;0
SESS-12503;2026-08-30 11:06:00;USR-1742;15;Bootcamp;1;220;150;Card;CS2;4.0;0
SESS-11052;2026-08-26 01:42:00;USR-1181;24;Bootcamp;2;0;300;Card;PUBG;4.5;0
SESS-14981;2026-08-05 05:37:00;USR-1095;16;Standard;1;200;90;App;Valorant;4.0;1
SESS-10759;2026-08-02 06:12:00;USR-1226;21;Standard;2;0;200;Card;CS2;4.0;0
SESS-13142;2026-08-18 01:59:00;USR-1519;20;Standard;2;160;200;App;Apex Legends;4.5;0
SESS-15015;2026-08-10 16:16:00;USR-1795;25;Standard;1;80;100;App;CS2;5.0;0
SESS-10214;2026-08-15 04:15:00;USR-1095;16;Bootcamp;2;0;300;Card;CS2;2.0;0
SESS-15131;2026-08-30 03:11:00;USR-1188;16;Bootcamp;1;0;150;App;Minecraft;4.0;0
SESS-12277;2026-08-28 08:21:00;USR-1061;18;Standard;2;0;180;Card;CS2;4.5;1
SESS-14359;2026-08-27 16:58:00;USR-1233;28;Standard;3;150;270;Card;Cyberpunk 2077;2.0;1
SESS-12495;2026-08-14 00:41:00;USR-1657;18;VIP;4;570;800;Card;Minecraft;5.0;0
SESS-14829;2026-08-08 05:48:00;USR-1559;23;Standard;2;0;200;App;Apex Legends;4.0;0
SESS-11699;2026-08-03 21:02:00;USR-1173;15;Bootcamp;2;500;300;App;CS2;5.0;0
SESS-10196;2026-08-18 10:16:00;USR-1109;16;VIP;2;0;400;App;Dota 2;1.0;0
SESS-11432;2026-08-25 16:39:00;USR-1481;21;Standard;4;0;400;App;Valorant;5.0;0
SESS-14968;2026-08-22 12:28:00;USR-1212;22;PS5;3;360;750;Cash;Minecraft;5.0;0
SESS-14991;2026-08-20 05:29:00;USR-1090;20;PS5;3;600;750;App;GTA V;4.0;0
SESS-11056;2026-08-16 03:34:00;USR-1032;21;Standard;3;600;270;Card;Dota 2;5.0;1
SESS-11755;2026-08-07 17:15:00;USR-1340;21;Standard;2;0;200;Card;Apex Legends;5.0;0
SESS-10887;2026-08-31 01:14:00;USR-1769;21;VIP ;1;0;150;Card;Valorant;4.5;0
SESS-11837;2026-08-01 12:17:00;USR-1484;17;Standard;1;0;100;Card;Valorant;5.0;0
SESS-13529;2026-08-02 18:50:00;USR-1396;17;Standard;3;150;300;App;GTA V;3.0;0
SESS-12927;2026-08-15 14:59:00;USR-1768;24;VIP;5;0;1000;Card;CS2;5.0;0
SESS-10568;2026-08-12 06:40:00;USR-1089;31;Standard;12;960;1200;Card;CS2;4.0;0
SESS-13558;2026-08-22 21:25:00;USR-1048;28;Standard;3;150;270;App;Valorant;5.0;1
SESS-14643;2026-08-29 15:54:00;USR-1446;15;Standard;4;0;400;Cash;GTA V;4.0;0
SESS-11370;2026-08-21 15:23:00;USR-1268;31;Bootcamp;2;0;300;Card;Dota 2;5.0;0
SESS-10139;2026-08-03 08:45:00;USR-1364;15;Standard;2;400;200;App;CS2;4.0;0
SESS-11499;2026-08-17 12:56:00;USR-1797;19;Standard;5;0;500;Card;Valorant;4.5;0
SESS-11658;2026-08-30 15:15:00;USR-1261;27;Standard;5;0;500;Card;Dota 2;5.0;0
SESS-11149;2026-08-25 04:20:00;USR-1632;21;Standard;4;0;360;Card;Deadlock;3.0;1
SESS-12389;2026-08-13 03:53:00;USR-1427;24;Standard;1;0;100;Card;CS2;4.0;0
SESS-14323;2026-08-03 16:01:00;USR-1265;22;VIP;1;0;200;Card;Minecraft;4.0;0
SESS-11744;2026-08-06 04:46:00;USR-1216;26;VIP;1;370;200;App;Minecraft;4.0;0
SESS-10463;2026-08-19 08:38:00;USR-1193;17;Standard;8;400;800;Card;PUBG;5.0;0
SESS-12751;2026-08-15 02:37:00;USR-1134;16;Standard;2;400;180;Cash;PUBG;4.0;1
SESS-14343;2026-08-23 04:53:00;USR-1191;16;Standard;8;0;800;Card;CS2;4.5;0
SESS-14528;2026-08-28 08:40:00;USR-1798;22;PS5;4;0;1000;Card;Minecraft;4.0;0
SESS-10594;2026-08-16 12:48:00;USR-1013;23;VIP;4;730;800;Card;GTA V;5.0;0
SESS-12561;2026-08-19 15:31:00;USR-1497;25;Standard;1;0;90;Card;Minecraft;5.0;1
SESS-10450;2026-08-14 00:50:00;USR-1271;25;Standard;1;80;100;Cash;CS2;4.5;0
SESS-13334;2026-08-14 11:54:00;USR-1651;22;Standard;4;320;400;Card;CS2;4.0;0
SESS-14545;2026-08-09 10:41:00;USR-1096;31;Standard;1;0;100;Card;Valorant;1.0;0
SESS-11780;2026-08-18 08:08:00;USR-1458;15;VIP;2;500;400;Card;Dota 2;5.0;0
SESS-12099;2026-08-30 13:10:00;USR-1131;26;VIP;2;0;400;Card;CS2;3.0;0
SESS-11406;2026-08-25 22:36:00;USR-1106;26;PS5;5;0;1250;Card;Valorant;3.0;0
SESS-11630;2026-08-14 15:29:00;USR-1793;29;VIP;1;150;200;Card;Dota 2;1.0;0
SESS-11448;2026-08-22 07:59:00;USR-1702;23;Standard;1;0;90;Card;Deadlock;3.0;1
SESS-11174;2026-08-03 03:20:00;USR-1184;15;Standard;3;360;300;App;Minecraft;4.0;0
SESS-13447;2026-08-21 10:48:00;USR-1178;21;VIP;2;0;400;;Dota 2;4.0;0
SESS-10451;2026-08-27 01:27:00;USR-1753;16;Bootcamp;4;0;600;App;CS2;5.0;0
SESS-14575;2026-08-20 08:12:00;USR-1195;19;Standard;2;160;200;Card;Cyberpunk 2077;4.5;0
SESS-14211;2026-08-28 22:23:00;USR-1561;37;Standard;2;0;200;Cash;CS2;4.0;0
SESS-14638;2026-08-30 01:16:00;USR-1027;15;PS5;8;960;2000;Card;CS2;5.0;0
SESS-13813;2026-08-11 16:36:00;USR-1106;26;Bootcamp;2;200;300;App;CS2;5.0;0
SESS-13471;2026-08-20 00:40:00;USR-1544;23;VIP;1;0;200;Card;Dota 2;5.0;0
SESS-11263;2026-08-12 02:14:00;USR-1435;17;VIP;3;0;540;App;Valorant;4.5;1
SESS-15086;2026-08-08 02:02:00;USR-1370;27;VIP;2;260;400;App;Dota 2;4.0;0
SESS-10999;2026-08-26 08:36:00;USR-1215;15;Standard;3;150;300;Card;CS2;4.0;0
SESS-15145;2026-08-08 02:15:00;USR-1526;22;PS5;1;80;250;App;GTA V;4.5;0
SESS-14435;2026-08-30 22:27:00;USR-1508;14;Bootcamp;2;350;300;Cash;Valorant;;0
SESS-12347;2026-08-25 20:29:00;USR-1340;21;Standard;2;400;200;Card;CS2;4.5;0
SESS-10192;2026-08-31 02:43:00;USR-1555;16;VIP;2;0;400;Card;CS2;4.0;0
SESS-14255;2026-08-19 21:15:00;USR-1630;21;VIP;3;460;600;Card;Deadlock;4.0;0
SESS-14897;2026-08-21 11:35:00;USR-1162;17;Bootcamp;1;0;150;App;CS2;4.0;0
SESS-14741;2026-08-03 16:13:00;USR-1150;21;Bootcamp;2;0;270;Card;Valorant;5.0;1
SESS-15082;2026-08-04 15:09:00;USR-1214;23;VIP;4;0;800;Card;Dota 2;4.5;0
SESS-14594;2026-08-26 05:03:00;USR-1416;23;Bootcamp;1;220;150;Card;Deadlock;4.5;0
SESS-14812;2026-08-14 16:42:00;USR-1432;20;PS5;4;0;1000;Card;Dota 2;4.5;0
SESS-11338;2026-08-22 04:54:00;USR-1526;22;Bootcamp;2;0;300;Card;CS2;4.0;0
SESS-13718;2026-08-18 17:49:00;USR-1399;19;VIP;2;650;400;Card;GTA V;4.5;0
SESS-13013;2026-08-31 20:38:00;USR-1212;22;Standard;2;400;200;App;Valorant;5.0;0
SESS-12333;2026-08-30 13:04:00;USR-1713;30;VIP;1;150;180;Card;CS2;4.5;1
SESS-14766;2026-08-17 16:27:00;USR-1053;20;VIP;2;0;360;App;CS2;3.0;1
SESS-11293;2026-08-01 03:09:00;USR-1105;20;Standard;2;100;200;Card;CS2;4.0;0
SESS-14096;2026-08-21 09:14:00;USR-1098;36;VIP;2;0;400;App;Dota 2;5.0;0
SESS-15153;2026-08-24 03:07:00;USR-1553;22;Bootcamp;2;0;270;Card;Cyberpunk 2077;4.0;1
SESS-11849;2026-08-09 08:56:00;USR-1539;19;Bootcamp;8;1210;1080;Card;Valorant;4.5;1
SESS-13995;2026-08-21 11:26:00;USR-1495;16;PS5;3;0;750;Card;PUBG;4.0;0
SESS-13503;2026-08-13 21:53:00;USR-1325;15;Standard;1;0;100;Card;CS2;4.0;0
SESS-10368;2026-08-20 15:21:00;USR-1719;25;Standard;1;200;90;Card;Minecraft;5.0;1
SESS-11151;2026-08-27 05:04:00;USR-1308;18;Standard;4;320;400;App;Deadlock;4.0;0
SESS-13366;2026-08-27 10:41:00;USR-1716;17;Standard;1;50;100;App;CS2;4.5;0
SESS-14513;2026-08-09 18:11:00;USR-1674;19;Standard;4;200;360;Card;CS2;5.0;1
SESS-15262;2026-08-17 08:36:00;USR-1148;25;PS5;1;200;250;Card;Browser/Work;3.0;0
SESS-15341;2026-08-29 02:42:00;USR-1623;16;VIP;5;0;1000;Card;Minecraft;4.0;0
SESS-10191;2026-08-14 22:23:00;USR-1392;19;Standard;4;0;400;App;Minecraft;5.0;0
SESS-12016;2026-08-11 22:48:00;USR-1264;16;Standard;2;400;200;Card;Dota 2;5.0;0
SESS-10108;2026-08-16 09:28:00;USR-1594;18;Standard;2;0;200;Card;Dota 2;4.5;0
SESS-12505;2026-08-23 22:10:00;USR-1399;19;Standard;2;0;200;Card;CS2;3.0;0
SESS-13570;2026-08-18 14:49:00;USR-1181;24;PS5;1;0;250;Card;Valorant;4.5;0
SESS-13634;2026-08-23 13:31:00;USR-1155;24;VIP;2;0;360;App;Valorant;5.0;1
SESS-11360;2026-08-01 09:20:00;USR-1513;15;Bootcamp;2;340;300;;CS2;4.0;0
SESS-11623;2026-08-14 21:52:00;USR-1517;17;Standard;3;0;270;Card;Dota 2;5.0;1
SESS-14739;2026-08-11 13:31:00;USR-1721;22;Bootcamp;1;450;150;Card;CS2;5.0;0
SESS-15285;2026-08-29 05:08:00;USR-1369;23;Standard;2;400;200;Card;PUBG;4.5;0
SESS-12855;2026-08-14 15:11:00;USR-1715;31;Standard;2;0;200;App;Dota 2;4.5;0
SESS-12121;2026-08-26 10:33:00;USR-1750;14;VIP;3;490;540;Card;CS2;4.0;1
SESS-11617;2026-08-28 05:44:00;USR-1555;16;Standard;8;400;800;App;Valorant;4.0;0
SESS-13181;2026-08-04 09:02:00;USR-1000;19;Standard;3;600;300;Card;CS2;4.5;0
SESS-10476;2026-08-07 08:13:00;USR-1661;22;Bootcamp;3;340;405;App;CS2;4.5;1
SESS-11480;2026-08-11 23:11:00;USR-1032;21;Standard;1;0;90;Card;Minecraft;3.0;1
SESS-14016;2026-08-08 21:26:00;USR-1708;25;Bootcamp;2;0;300;Card;Valorant;5.0;0
SESS-10312;2026-08-12 01:09:00;USR-1469;16;Standard;1;120;100;App;CS2;4.0;0
SESS-10508;2026-08-17 22:18:00;USR-1297;14;Standard;3;600;300;Card;CS2;5.0;0
SESS-10166;2026-08-09 03:49:00;USR-1600;20;Standard;3;600;300;Card;Dota 2;1.0;0
SESS-14286;2026-08-07 10:49:00;USR-1005;24;Standard;3;0;300;Card;Dota 2;3.0;0
SESS-15129;2026-08-26 23:38:00;USR-1444;18;Standard;4;0;400;Card;Dota 2;4.0;0
SESS-13835;2026-08-15 13:30:00;USR-1428;24;Standard;3;360;300;Card;Valorant;3.0;0
SESS-11024;2026-08-17 19:03:00;USR-1702;23;Standard;2;100;200;Card;Deadlock;5.0;0
SESS-11221;2026-08-21 16:33:00;USR-1212;22;Standard;3;0;300;Card;Dota 2;5.0;0
SESS-11966;2026-08-23 20:39:00;USR-1506;15;VIP;1;0;200;Card;Dota 2;5.0;0
SESS-15210;2026-08-25 07:18:00;USR-1284;20;Standard;3;240;300;Card;Minecraft;4.0;0
SESS-14894;2026-08-02 20:28:00;USR-1519;20;Standard;3;0;300;Card;Apex Legends;5.0;0
SESS-11961;2026-08-09 00:11:00;USR-1458;15;Standard;2;0;180;App;Valorant;4.0;1
SESS-14331;2026-08-07 21:59:00;USR-1523;41;Standard;3;0;300;Card;Valorant;3.0;0
SESS-11789;2026-08-15 17:42:00;USR-1455;20;Standard;2;100;200;App;Valorant;2.0;0
SESS-13942;2026-08-29 03:18:00;USR-1306;24;VIP;1;0;180;Card;Dota 2;4.0;1
SESS-12263;2026-08-19 12:47:00;USR-1702;23;VIP;4;0;800;Cash;CS2;2.0;0
SESS-14855;2026-08-18 14:21:00;USR-1660;14;Standard;3;360;300;Card;Minecraft;3.0;0
SESS-11788;2026-08-29 05:18:00;USR-1060;20;Bootcamp;1;300;150;Card;CS2;3.0;0
SESS-11703;2026-08-30 16:26:00;USR-1387;15;Standard;4;0;360;Card;Valorant;4.0;1
SESS-13033;2026-08-15 06:42:00;USR-1450;18;VIP;3;340;540;Card;Dota 2;4.0;1
SESS-13491;2026-08-21 03:23:00;USR-1178;21;Bootcamp;8;0;1200;Card;Dota 2;5.0;0
SESS-10152;2026-08-26 21:42:00;USR-1501;19;Standard;2;240;200;Card;CS2;5.0;0
SESS-14962;2026-08-19 16:47:00;USR-1592;21;Standard;3;600;300;Card;GTA V;4.0;0
SESS-12984;2026-08-02 09:39:00;USR-1425;19;Bootcamp;2;0;270;Card;CS2;5.0;1
SESS-15094;2026-08-16 05:03:00;USR-1593;26;Standard;4;0;400;Card;Cyberpunk 2077;4.0;0
SESS-14892;2026-08-03 14:48:00;USR-1122;22;Standard;2;0;180;Card;GTA V;4.5;1
SESS-13336;2026-08-10 17:59:00;USR-1017;14;Bootcamp;3;0;450;Card;GTA V;4.0;0
SESS-12053;2026-08-01 17:48:00;USR-1254;14;Bootcamp;3;0;405;App;Minecraft;4.0;1
SESS-14883;2026-08-19 09:36:00;USR-1469;16;Standard;4;200;400;App;GTA V;3.0;0
SESS-13375;2026-08-06 14:56:00;USR-1119;24;Standard;1;0;100;Card;Minecraft;4.5;0
SESS-13263;2026-08-25 07:53:00;USR-1227;21;Standard;3;0;300;App;Valorant;4.0;0
SESS-15235;2026-08-07 13:22:00;USR-1015;16;Standard;2;0;200;App;Minecraft;1.0;0
SESS-12723;2026-08-29 14:06:00;USR-1406;20;Standard;3;600;300;Card;CS2;3.0;0
SESS-15174;2026-08-17 14:51:00;USR-1079;20;PS5;2;0;450;Card;CS2;5.0;1
SESS-10031;2026-08-02 22:44:00;USR-1599;36;Bootcamp;2;0;300;App;CS2;5.0;0
SESS-11225;2026-08-19 18:43:00;USR-1619;18;VIP;1;0;180;Cash;Dota 2;5.0;1
SESS-10937;2026-08-27 08:26:00;USR-1256;20;VIP;12;0;2160;Card;Dota 2;4.5;1
SESS-15243;2026-08-04 11:23:00;USR-1499;17;Standard;2;0;200;App;PUBG;4.5;0
SESS-10752;2026-08-20 15:55:00;USR-1700;17;Standard;3;0;300;Cash;CS2;4.5;0
SESS-11598;2026-08-18 14:54:00;USR-1739;24;VIP;1;0;180;Card;Dota 2;4.5;1
SESS-10309;2026-08-13 06:30:00;USR-1046;17;Bootcamp;2;0;270;Card;Deadlock;3.0;1
SESS-12894;2026-08-17 04:02:00;USR-1705;27;VIP;3;340;600;Card;Minecraft;3.0;0
SESS-11995;2026-08-22 10:12:00;USR-1317;17;Standard;3;360;300;Card;CS2;4.0;0
SESS-13679;2026-08-22 13:45:00;USR-1745;22;Standard;2;400;200;Card;Deadlock;3.0;0
SESS-12486;2026-08-11 12:04:00;USR-1468;15;Standard;1;200;100;Card;Dota 2;1.0;0
SESS-12187;2026-08-14 15:16:00;USR-1541;26;Standard;3;0;300;App;Dota 2;5.0;0
SESS-10495;2026-08-14 09:38:00;USR-1514;28;Standard;2;0;180;Card;Dota 2;5.0;1
SESS-11405;2026-08-10 10:28:00;USR-1564;34;Bootcamp;3;0;450;Card;GTA V;5.0;0
SESS-13586;2026-08-22 23:20:00;USR-1241;25;Bootcamp;3;0;405;Card;Dota 2;4.0;1
SESS-10205;2026-08-26 06:19:00;USR-1496;18;Standard;2;0;200;App;Valorant;3.0;0
SESS-11434;2026-08-23 18:52:00;USR-1136;28;Standard;2;0;200;Card;CS2;3.0;0
SESS-11135;2026-08-01 00:21:00;USR-1470;23;Standard;12;0;1200;Card;CS2;4.5;0
SESS-14954;2026-08-02 23:17:00;USR-1563;15;VIP;2;490;400;Cash;Dota 2;4.0;0
SESS-13965;2026-08-05 04:15:00;USR-1685;19;Standard;3;0;300;Cash;Dota 2;5.0;0
SESS-10701;2026-08-27 18:37:00;USR-1759;24;PS5;3;150;750;Card;Dota 2;4.0;0
SESS-10305;2026-08-04 01:02:00;USR-1077;25;PS5;1;0;250;Card;CS2;4.0;0
SESS-11962;2026-08-16 07:17:00;USR-1403;21;Bootcamp;3;0;450;Card;Dota 2;3.0;0
SESS-11192;2026-08-01 07:18:00;USR-1240;26;VIP;4;0;800;Card;CS2;1.0;0
SESS-14288;2026-08-14 15:18:00;USR-1744;22;Bootcamp;2;650;270;Card;CS2;4.5;1
SESS-12846;2026-08-21 02:10:00;USR-1685;19;Standard;2;0;200;Card;CS2;4.0;0
SESS-11061;2026-08-16 01:48:00;USR-1340;21;Standard;12;2400;1200;Card;CS2;4.0;0
SESS-10843;2026-08-30 07:09:00;USR-1178;21;VIP;4;0;800;Card;CS2;5.0;0
SESS-13792;2026-08-17 09:51:00;USR-1635;15;Standard;1;0;90;Card;CS2;3.0;1
SESS-12663;2026-08-28 07:40:00;USR-1766;21;VIP;2;0;400;Card;Deadlock;2.0;0
SESS-10211;2026-08-30 19:37:00;USR-1091;18;VIP;12;0;2400;Cash;PUBG;3.0;0
SESS-11340;2026-08-24 07:23:00;USR-1532;16;Bootcamp;3;610;450;Card;Valorant;4.0;0
SESS-11108;2026-08-04 07:43:00;USR-1561;37;Standard;1;80;100;Cash;Dota 2;5.0;0
SESS-14239;2026-08-24 09:58:00;USR-1590;20;Standard;8;0;800;Card;Browser/Work;4.0;0
SESS-10679;2026-08-23 00:32:00;USR-1354;18;Bootcamp;3;0;405;App;CS2;4.0;1
SESS-12251;2026-08-16 17:07:00;USR-1081;15;Standard;3;0;270;Card;Dota 2;2.0;1
SESS-14394;2026-08-29 14:29:00;USR-1328;38;Bootcamp;2;410;300;Card;CS2;2.0;0
SESS-10565;2026-08-12 09:05:00;USR-1070;21;PS5;2;100;500;App;Valorant;5.0;0
SESS-14630;2026-08-15 21:42:00;USR-1645;20;PS5;3;150;675;Card;Apex Legends;4.5;1
SESS-14726;2026-08-21 13:10:00;USR-1703;17;VIP;1;0;200;Card;CS2;4.0;0
SESS-10680;2026-08-28 15:31:00;USR-1356;19;Standard;3;0;300;App;CS2;4.0;0
SESS-10180;2026-08-18 19:44:00;USR-1731;17;PS5;5;0;1250;Card;Valorant;4.0;0
SESS-13130;2026-08-25 23:42:00;USR-1134;16;Bootcamp;2;200;270;App;Valorant;3.0;1
SESS-13992;2026-08-03 17:30:00;USR-1164;16;Standard;2;0;200;App;Dota 2;5.0;0
SESS-14155;2026-08-19 04:29:00;USR-1778;17;Bootcamp;2;0;300;App;Dota 2;3.0;0
SESS-14640;2026-08-13 23:37:00;USR-1065;20;PS5;2;0;500;Card;Dota 2;5.0;0
SESS-10278;2026-08-25 14:23:00;USR-1254;14; Bootcamp ;3;150;750;Card;CS2;5.0;0
SESS-14694;2026-08-04 22:39:00;USR-1663;23;VIP;2;340;400;Card;CS2;4.0;0
SESS-13318;2026-08-21 14:56:00;USR-1648;19;VIP;2;350;400;Card;Dota 2;4.0;0
SESS-11204;2026-08-24 04:05:00;USR-1475;26;Bootcamp;5;0;675;Cash;CS2;2.0;1
SESS-11743;2026-08-15 22:42:00;USR-1243;25;Bootcamp;2;500;300;Card;CS2;4.0;0
SESS-10432;2026-08-08 05:45:00;USR-1777;25;Standard;4;320;400;Cash;Dota 2;4.0;0
SESS-10289;2026-08-18 00:42:00;USR-1004;25;Standard;4;200;360;Cash;Valorant;3.0;1
SESS-11027;2026-08-09 19:22:00;USR-1155;24;VIP;2;0;400;Card;Apex Legends;4.5;0
SESS-10535;2026-08-12 08:03:00;USR-1087;21;VIP;4;0;800;Cash;CS2;4.5;0
SESS-14051;2026-08-07 20:00:00;USR-1251;27;VIP;2;650;360;Cash;PUBG;5.0;1
SESS-11187;2026-08-16 08:22:00;USR-1687;20;VIP;3;0;600;Card;CS2;3.0;0
SESS-10188;2026-08-04 16:09:00;USR-1792;22;VIP;3;0;600;Card;Dota 2;5.0;0
SESS-13288;2026-08-20 18:38:00;USR-1592;21;Bootcamp;2;0;270;Cash;Dota 2;1.0;1
SESS-15278;2026-08-06 17:49:00;USR-1509;16;VIP;1;370;200;Card;CS2;4.5;0
SESS-14789;2026-08-02 11:52:00;USR-1190;16;Bootcamp;3;0;450;Cash;GTA V;3.0;0
SESS-13621;2026-08-26 00:03:00;USR-1769;21;Standard;3;0;270;Card;Minecraft;4.0;1
SESS-10706;2026-08-14 02:52:00;USR-1395;19;Bootcamp;1;180;150;App;Dota 2;5.0;0
SESS-14987;2026-08-09 19:11:00;USR-1272;16;Bootcamp;2;490;300;App;Dota 2;4.0;0
SESS-10270;2026-08-23 17:34:00;USR-1618;17;VIP;1;0;200;Card;Deadlock;4.0;0
SESS-14327;2026-08-07 05:29:00;USR-1602;19;PS5;2;0;500;Card;PUBG;4.0;0
SESS-14442;2026-08-21 07:31:00;USR-1760;20;PS5;2;160;500;Card;CS2;4.5;0
SESS-12543;2026-08-04 08:15:00;USR-1242;15;Standard;2;0;200;Card;PUBG;4.5;0
SESS-14307;2026-08-04 11:00:00;USR-1264;16;Standard;3;360;300;Card;CS2;4.5;0
SESS-10111;2026-08-21 22:58:00;USR-1394;19;Standard;4;0;400;Card;Valorant;3.0;0
SESS-11170;2026-08-31 00:47:00;USR-1653;15;Bootcamp;1;0;135;App;CS2;4.0;1
SESS-11391;2026-08-27 04:18:00;USR-1459;22;Bootcamp;2;0;300;App;Dota 2;3.0;0
SESS-12311;2026-08-23 16:22:00;USR-1085;16;Standard;4;0;400;Card;CS2;5.0;0
SESS-10220;2026-08-18 22:42:00;USR-1543;21;Standard;3;0;300;Card;Dota 2;4.0;0
SESS-12447;2026-08-20 00:36:00;USR-1296;18;Standard;2;240;200;Card;Dota 2;4.0;0
SESS-10627;2026-08-06 22:02:00;USR-1681;20;VIP;1;450;200;Cash;Dota 2;4.0;0
SESS-11606;2026-08-12 02:03:00;USR-1589;28;Standard;8;0;720;Card;CS2;5.0;1
SESS-12685;2026-08-22 18:24:00;USR-1319;22;Bootcamp;1;330;150;Card;CS2;5.0;0
SESS-13964;2026-08-28 01:48:00;USR-1134;16;Bootcamp;2;0;300;Cash;Apex Legends;4.0;0
SESS-12858;2026-08-27 16:42:00;USR-1630;21;PS5;2;400;500;App;Dota 2;4.0;0
SESS-10790;2026-08-29 06:04:00;USR-1683;15;Standard;8;400;800;Card;Dota 2;4.0;0
SESS-12366;2026-08-18 10:43:00;USR-1018;22;PS5;1;0;250;App;Valorant;5.0;0
SESS-10461;2026-08-16 01:18:00;USR-1115;14;Standard;8;0;800;Card;Minecraft;4.5;0
SESS-14786;2026-08-22 00:15:00;USR-1633;21;Standard;3;0;300;Card;Deadlock;3.0;0
SESS-10551;2026-08-21 07:19:00;USR-1250;26;Standard;8;640;800;Cash;Valorant;4.0;0
SESS-12305;2026-08-01 11:42:00;USR-1381;14;VIP;3;490;600;Card;Deadlock;4.5;0
SESS-15151;2026-08-26 11:31:00;USR-1759;24;Standard;2;0;200;Card;Dota 2;3.0;0
SESS-11888;2026-08-14 18:28:00;USR-1763;16;Bootcamp;3;0;450;App;Minecraft;4.0;0
SESS-10198;2026-08-01 23:59:00;USR-1794;23;Standard;2;0;200;Card;Minecraft;3.0;0
SESS-13049;2026-08-24 08:28:00;USR-1685;19;Standard;3;0;300;Card;PUBG;5.0;0
SESS-12488;2026-08-27 22:11:00;USR-1294;25;Standard;2;0;200;App;Dota 2;4.0;0
SESS-10402;2026-08-06 04:32:00;USR-1393;17;Standard;3;600;300;App;Dota 2;4.5;0
SESS-14004;2026-08-31 13:03:00;USR-1780;23;VIP;2;0;400;Card;GTA V;4.0;0
SESS-12517;2026-08-30 16:00:00;USR-1194;26;Bootcamp;2;500;300;Card;Valorant;5.0;0
SESS-15175;2026-08-29 13:17:00;USR-1083;22;VIP;1;330;200;Card;Valorant;3.0;0
SESS-14702;2026-08-18 05:22:00;USR-1070;21;Standard;1;200;90;Card;Dota 2;4.5;1
SESS-12168;2026-08-04 08:52:00;USR-1799;21;Standard;8;960;720;App;Valorant;4.5;1
SESS-14852;2026-08-26 12:59:00;USR-1728;22;VIP;2;500;400;App;Dota 2;4.5;0
SESS-10650;2026-08-03 20:54:00;USR-1590;20;VIP;2;350;400;Card;Dota 2;3.0;0
SESS-14355;2026-08-04 14:14:00;USR-1649;30;Standard;8;0;800;App;CS2;1.0;0
SESS-10708;2026-08-11 02:31:00;USR-1125;23;Standard;2;0;200;Card;CS2;2.0;0
SESS-13928;2026-08-25 09:18:00;USR-1471;16;Standard;4;0;400;Card;Dota 2;4.5;0
SESS-14800;2026-08-01 20:38:00;USR-1545;26;Bootcamp;3;0;450;Card;Dota 2;2.0;0
SESS-15063;2026-08-04 09:38:00;USR-1239;24;VIP;4;580;800;App;CS2;4.5;0
SESS-12881;2026-08-06 20:02:00;USR-1378;22;Standard;2;0;180;Card;CS2;4.5;1
SESS-11424;2026-08-11 06:01:00;USR-1001;26;PS5;2;400;450;Card;Dota 2;4.5;1
SESS-11216;2026-08-08 09:31:00;USR-1323;20;Bootcamp;1;0;150;Card;Valorant;2.0;0
SESS-12271;2026-08-25 07:50:00;USR-1626;15;Bootcamp;8;1700;1080;Card;Minecraft;4.5;1
SESS-12231;2026-08-14 05:16:00;USR-1516;35;Standard;5;0;500;Card;CS2;4.0;0
SESS-10314;2026-08-19 02:03:00;USR-1557;22;Standard;3;600;300;App;Dota 2;4.0;0
SESS-12457;2026-08-10 10:07:00;USR-1512;25;Bootcamp;5;1100;675;Card;Dota 2;4.0;1
SESS-11427;2026-08-14 00:31:00;USR-1572;26;Standard;4;0;400;App;Valorant;4.0;0
SESS-11634;2026-08-21 13:51:00;USR-1360;15;Standard;4;800;400;Card;Minecraft;4.0;0
SESS-14864;2026-08-01 16:15:00;USR-1518;25;Standard;2;0;200;App;CS2;4.5;0
SESS-10113;2026-08-05 00:45:00;USR-1439;23;Standard;12;1440;1200;Card;PUBG;4.0;0
SESS-10960;2026-08-07 04:59:00;USR-1740;25;Standard;5;1000;500;Card;Minecraft;5.0;0
SESS-13647;2026-08-16 03:16:00;USR-1169;27;VIP;2;0;400;App;Dota 2;4.5;0
SESS-12670;2026-08-24 20:30:00;USR-1002;36;VIP;3;0;540;Card;Apex Legends;4.0;1
SESS-11114;2026-08-26 01:42:00;USR-1598;21;Standard;1;0;100;Card;Deadlock;4.0;0
SESS-13922;2026-08-19 16:07:00;USR-1508;14;Bootcamp;2;650;300;Card;Deadlock;4.5;0
SESS-12042;2026-08-05 12:57:00;USR-1542;15;PS5;2;100;500;App;CS2;4.0;0
SESS-12101;2026-08-30 14:00:00;USR-1297;14;Standard;3;0;300;Card;Dota 2;4.0;0
SESS-12186;2026-08-28 05:03:00;USR-1451;16;Standard;5;0;500;Card;Minecraft;4.5;0
SESS-14374;2026-08-18 01:26:00;USR-1098;36;Standard;2;0;200;Card;CS2;4.5;0
SESS-14034;2026-08-15 18:40:00;USR-1065;20;Standard;3;0;300;Card;GTA V;3.0;0
SESS-14922;2026-08-20 15:42:00;USR-1430;17;PS5;4;0;1000;Card;Deadlock;2.0;0
SESS-13095;2026-08-12 17:12:00;USR-1232;20;Standard;3;0;300;Card;Minecraft;4.0;0
SESS-12622;2026-08-21 12:39:00;USR-1603;29;Standard;4;480;360;Card;Apex Legends;4.5;1
SESS-12885;2026-08-16 00:04:00;USR-1431;19;Standard;3;0;270;App;PUBG;4.0;1
SESS-15214;2026-08-05 00:29:00;USR-1425;19;Standard;2;100;200;Card;PUBG;4.5;0
SESS-10326;2026-08-01 15:46:00;USR-1066;26;Bootcamp;8;0;1080;App;Valorant;3.0;1
SESS-10604;2026-08-30 08:27:00;USR-1672;19;Standard;3;600;300;Card;Dota 2;5.0;0
SESS-14552;2026-08-18 22:50:00;USR-1547;18;VIP;3;0;600;Card;Deadlock;5.0;0
SESS-14167;2026-08-10 03:52:00;USR-1759;24;Standard;5;0;500;Card;Dota 2;4.5;0
SESS-14458;2026-08-13 04:49:00;USR-1131;26;PS5;1;80;250;Card;Valorant;2.0;0
SESS-13039;2026-08-21 20:52:00;USR-1555;16;Bootcamp;5;500;675;Card;PUBG;4.5;1
SESS-14708;2026-08-06 14:06:00;USR-1144;20;Standard;8;400;800;Card;Browser/Work;3.0;0
SESS-15125;2026-08-31 19:02:00;USR-1585;19;Standard;1;200;100;Card;Dota 2;4.5;0
SESS-12526;2026-08-27 07:07:00;USR-1109;16;Standard;3;600;300;Cash;CS2;4.5;0
SESS-11288;2026-08-01 17:52:00;USR-1003;21;Standard;2;240;200;Card;Dota 2;4.0;0
SESS-12619;2026-08-12 20:34:00;USR-1460;24;Standard;2;0;200;Card;CS2;1.0;0
SESS-14972;2026-08-13 20:29:00;USR-1249;32;Standard;12;0;1200;Card;Dota 2;2.0;0
SESS-13254;2026-08-05 05:17:00;USR-1229;16;VIP;12;1210;2160;Cash;Cyberpunk 2077;5.0;1
SESS-12388;2026-08-11 23:14:00;USR-1752;18;Bootcamp;2;0;300;Cash;CS2;5.0;0
SESS-14793;2026-08-17 06:20:00;USR-1649;30;Standard;5;250;500;Card;Dota 2;4.5;0
SESS-14501;2026-08-30 05:55:00;USR-1631;28;Bootcamp;1;0;150;Cash;CS2;5.0;0
SESS-12197;2026-08-11 04:35:00;USR-1644;22;Standard;2;240;200;Card;CS2;4.5;0
SESS-13148;2026-08-07 07:59:00;USR-1669;20;PS5;3;0;750;App;Dota 2;1.0;0
SESS-10789;2026-08-15 23:35:00;USR-1660;14;VIP;3;610;600;Card;CS2;4.5;0
SESS-12680;2026-08-14 13:31:00;USR-1619;18;Standard;2;0;200;Card;Dota 2;3.0;0
SESS-13126;2026-08-28 02:36:00;USR-1303;22;Standard;3;0;300;Card;Dota 2;5.0;0
SESS-14578;2026-08-08 19:44:00;USR-1197;24;Standard;2;100;200;Card;Minecraft;4.5;0
SESS-10321;2026-08-07 09:04:00;USR-1162;17;VIP;3;0;600;Card;Apex Legends;5.0;0
SESS-10871;2026-08-30 12:39:00;USR-1263;22;Standard;2;0;180;Card;CS2;3.0;1
SESS-10169;2026-08-11 06:22:00;USR-1475;26;Standard;3;600;270;Card;Valorant;4.5;1
SESS-12369;2026-08-06 16:10:00;USR-1064;31;PS5;3;0;750;Card;Valorant;4.0;0
SESS-12404;2026-08-01 05:07:00;USR-1678;18;Standard;12;0;1200;App;Dota 2;4.5;0
SESS-15108;2026-08-04 13:30:00;USR-1043;21;VIP;2;0;400;App;PUBG;4.0;0
SESS-13720;2026-08-10 00:11:00;USR-1445;22;VIP;1;150;200;App;Minecraft;4.5;0
SESS-14942;2026-08-18 21:31:00;USR-1200;16;Standard;2;0;180;Card;CS2;4.0;1
SESS-10073;2026-08-16 18:09:00;USR-1737;26;PS5;8;640;1800;Card;Dota 2;5.0;1
SESS-10420;2026-08-13 00:58:00;USR-1284;20;Standard;4;0;400;Card;Dota 2;3.0;0
SESS-12115;2026-08-30 10:10:00;USR-1561;37;Bootcamp;2;200;300;Card;Apex Legends;5.0;0
SESS-12648;2026-08-08 23:28:00;USR-1255;18;Standard;2;0;200;Card;Apex Legends;4.5;0
SESS-10501;2026-08-13 17:12:00;USR-1147;16;VIP;1;330;200;Card;Dota 2;4.0;0
SESS-10092;2026-08-11 07:07:00;USR-1014;24;Standard;12;2400;1200;Card;Valorant;4.0;0
SESS-14969;2026-08-25 00:29:00;USR-1443;26;Standard;4;800;400;Card;Valorant;5.0;0
SESS-14296;2026-08-25 21:23:00;USR-1671;15;Standard;2;100;200;Card;Apex Legends;1.0;0
SESS-13489;2026-08-01 18:49:00;USR-1338;30;Bootcamp;8;0;1200;Card;CS2;5.0;0
SESS-13403;2026-08-25 07:36:00;USR-1682;14;Standard;2;240;200;Card;Valorant;2.0;0
SESS-12215;2026-08-17 02:40:00;USR-1060;20;VIP;1;0;200;Card;CS2;4.5;0
SESS-14161;2026-08-21 23:39:00;USR-1778;17;VIP;8;0;1600;Card;Cyberpunk 2077;5.0;0
SESS-10494;2026-08-04 18:55:00;USR-1345;21;Standard;3;240;300;Card;Minecraft;4.0;0
SESS-11375;2026-08-05 03:34:00;USR-1786;37;PS5;1;50;250;App;CS2;4.0;0
SESS-13697;2026-08-26 22:16:00;USR-1282;26;Standard;3;0;300;Card;Dota 2;5.0;0
SESS-12584;2026-08-23 16:54:00;USR-1759;24;Standard;8;0;800;Card;CS2;2.0;0
SESS-13773;2026-08-22 19:56:00;USR-1032;21;Standard;8;960;800;Card;Minecraft;4.5;0
SESS-11164;2026-08-23 05:40:00;USR-1383;27;Standard;3;0;300;Card;Apex Legends;4.5;0
SESS-15036;2026-08-06 01:48:00;USR-1372;27;VIP;3;0;540;Card;Dota 2;4.5;1
SESS-11270;2026-08-27 17:38:00;USR-1253;23;Bootcamp;3;490;450;Card;Minecraft;4.5;0
SESS-14778;2026-08-23 01:57:00;USR-1753;16;VIP;2;0;400;App;Dota 2;4.5;0
SESS-14335;2026-08-14 10:16:00;USR-1356;19;VIP;12;0;2400;Card;CS2;5.0;0
SESS-12570;2026-08-21 08:25:00;USR-1206;25;VIP;1;180;200;Card;Cyberpunk 2077;4.5;0
SESS-15344;2026-08-02 23:48:00;USR-1429;18;Standard;12;2400;1080;Card;CS2;5.0;1
SESS-10618;2026-08-30 10:08:00;USR-1169;27;VIP;2;490;360;Card;Deadlock;4.0;1
SESS-14661;2026-08-01 13:30:00;USR-1574;15;Standard;3;0;300;Card;CS2;4.0;0
SESS-13606;2026-08-07 20:01:00;USR-1586;26;Standard;2;0;200;App;Minecraft;4.5;0
SESS-10124;2026-08-10 01:12:00;USR-1628;23;Bootcamp;2;260;300;Card;Dota 2;4.5;0
SESS-11726;2026-08-22 23:11:00;USR-1207;22;Standard;5;0;500;Card;PUBG;4.5;0
SESS-15323;2026-08-17 01:34:00;USR-1083;22;Bootcamp;1;0;150;Card;CS2;3.0;0
SESS-12758;2026-08-14 22:53:00;USR-1422;16;Bootcamp;4;0;600;Card;CS2;4.0;0
SESS-14367;2026-08-15 04:30:00;USR-1210;22;Standard;2;0;180;App;Minecraft;3.0;1
SESS-12915;2026-08-14 20:56:00;USR-1148;25;VIP;3;0;600;App;CS2;4.5;0
SESS-13593;2026-08-03 12:09:00;USR-1306;24;Standard;2;400;200;Card;Dota 2;4.0;0
SESS-12441;2026-08-19 21:55:00;USR-1688;18;PS5;4;0;900;;Valorant;5.0;1
SESS-15277;2026-08-03 01:12:00;USR-1324;19;VIP;3;400;600;Card;Dota 2;2.0;0
SESS-10869;2026-08-28 03:01:00;USR-1779;19;Bootcamp;5;1250;750;Card;Apex Legends;5.0;0
SESS-13203;2026-08-23 01:55:00;USR-1067;20;Standard;12;1440;1200;App;CS2;4.0;0
SESS-11042;2026-08-24 04:38:00;USR-1227;21;Standard;2;0;200;Card;Cyberpunk 2077;4.5;0
SESS-13912;2026-08-08 00:11:00;USR-1312;15;Standard;4;0;400;App;GTA V;4.5;0
SESS-13497;2026-08-25 12:04:00;USR-1355;28;Standard;2;160;200;Card;Minecraft;3.0;0
SESS-10356;2026-08-19 05:34:00;USR-1346;19;Bootcamp;1;0;150;Card;Minecraft;4.0;0
SESS-11162;2026-08-30 05:52:00;USR-1285;25;Standard;1;0;100;Card;Minecraft;5.0;0
SESS-13745;2026-08-07 19:10:00;USR-1732;28;Bootcamp;3;0;450;Card;CS2;4.5;0
SESS-15067;2026-08-15 21:42:00;USR-1025;16;Standard;1;80;100;Card;Dota 2;4.5;0
SESS-13852;2026-08-11 13:11:00;USR-1591;24;VIP;1;0;200;Card;Dota 2;4.0;0
SESS-15163;2026-08-12 14:22:00;USR-1295;24;Standard;2;0;200;App;Dota 2;4.0;0
SESS-13213;2026-08-14 11:23:00;USR-1546;21;Standard;1;80;100;Card;CS2;4.5;0
SESS-15031;2026-08-01 20:14:00;USR-1720;25;VIP;3;0;600;Card;Dota 2;5.0;0
SESS-15213;2026-08-12 17:43:00;USR-1119;24;Bootcamp;2;410;300;Card;CS2;4.5;0
SESS-10579;2026-08-01 07:29:00;USR-1063;24;Standard;5;0;500;Card;PUBG;2.0;0
SESS-14198;2026-08-06 05:49:00;USR-1601;30;Standard;3;0;300;App;Apex Legends;4.0;0
SESS-12607;2026-08-31 19:50:00;USR-1067;20;Bootcamp;1;0;150;Card;CS2;4.0;0
SESS-12095;2026-08-26 21:08:00;USR-1511;25;Standard;1;50;100;Card;Dota 2;5.0;0
SESS-12135;2026-08-19 16:33:00;USR-1538;17;VIP;1;0;200;Card;Dota 2;2.0;0
SESS-13333;2026-08-03 18:37:00;USR-1467;22;Standard;3;240;270;App;Cyberpunk 2077;4.0;1
SESS-10794;2026-08-29 16:43:00;USR-1648;19;PS5;8;400;2000;Card;CS2;4.0;0
SESS-10332;2026-08-29 17:54:00;USR-1266;23;Bootcamp;2;0;300;Card;Valorant;4.0;0
SESS-13077;2026-08-09 16:18:00;USR-1602;19;ps5;5;400;500;Card;CS2;5.0;0
SESS-13227;2026-08-19 01:18:00;USR-1449;32;Standard;12;0;1080;Card;Minecraft;3.0;1
SESS-13618;2026-08-20 01:39:00;USR-1361;23;Bootcamp;3;700;450;App;CS2;;0
SESS-11258;2026-08-09 23:18:00;USR-1768;24;Standard;1;0;100;Card;Valorant;3.0;0
SESS-14213;2026-08-07 14:57:00;USR-1657;18;VIP;2;0;360;App;Cyberpunk 2077;5.0;1
SESS-11451;2026-08-30 17:33:00;USR-1472;14;Standard;2;0;200;Card;Deadlock;4.5;0
SESS-12291;2026-08-06 19:43:00;USR-1258;24;Standard;2;0;200;App;CS2;4.0;0
SESS-11116;2026-08-20 12:30:00;USR-1234;14;Bootcamp;2;0;270;Card;Dota 2;4.5;1
SESS-11541;2026-08-29 21:12:00;USR-1787;31;VIP;4;570;800;App;PUBG;4.5;0
SESS-12282;2026-08-22 09:58:00;USR-1593;26;PS5;2;400;500;App;CS2;5.0;0
SESS-14470;2026-08-03 23:06:00;USR-1335;34;Standard;4;0;400;Card;CS2;4.0;0
SESS-13660;2026-08-16 09:27:00;USR-1259;22;Standard;2;0;200;Card;CS2;4.5;0
SESS-14595;2026-08-27 16:34:00;USR-1662;14;Standard;2;0;200;Cash;Dota 2;4.5;0
SESS-15062;2026-08-21 05:03:00;USR-1164;16;VIP;12;0;2400;Card;CS2;4.5;0
SESS-13703;2026-08-30 03:36:00;USR-1156;22;Standard;5;250;500;App;Cyberpunk 2077;3.0;0
SESS-11878;2026-08-24 16:46:00;USR-1194;26;Standard;2;100;200;Card;Dota 2;4.5;0
SESS-10445;2026-08-09 17:50:00;USR-1783;16;Standard;3;0;300;App;Valorant;4.0;0
SESS-12654;2026-08-19 14:19:00;USR-1009;34;Standard;2;0;200;App;CS2;5.0;0
SESS-13071;2026-08-09 20:48:00;USR-1021;24;Standard;2;0;200;Card;Valorant;4.0;0
SESS-12629;2026-08-11 03:22:00;USR-1300;45;Standard;4;0;400;App;Dota 2;4.0;0
SESS-11413;2026-08-25 08:54:00;USR-1788;33;VIP;2;0;360;App;CS2;4.5;1
SESS-10452;2026-08-01 01:46:00;USR-1267;15;Standard;4;480;400;Card;CS2;3.0;0
SESS-14810;2026-08-27 23:39:00;USR-1446;15;Standard;2;0;200;Card;Minecraft;4.5;0
SESS-14098;2026-08-12 04:17:00;USR-1167;17;Standard;2;0;180;Cash;Minecraft;4.5;1
SESS-14822;2026-08-31 18:09:00;USR-1589;28;PS5;3;0;750;App;Apex Legends;5.0;0
SESS-12750;2026-08-29 19:23:00;USR-1719;25;Bootcamp;3;0;450;Card;Deadlock;5.0;0
SESS-13548;2026-08-11 13:38:00;USR-1241;25;VIP;8;0;1440;App;Dota 2;2.0;1
SESS-10014;2026-08-21 12:39:00;USR-1638;21;Standard;1;120;100;Card;CS2;3.0;0
SESS-13089;2026-08-21 21:25:00;USR-1293;20;Standard;2;160;200;App;Minecraft;4.5;0
SESS-10945;2026-08-23 13:12:00;USR-1304;20;VIP;2;490;400;Card;GTA V;3.0;0
SESS-14576;2026-08-28 19:37:00;USR-1002;36;Bootcamp;1;330;150;Card;Deadlock;5.0;0
SESS-10247;2026-08-10 18:52:00;USR-1055;17;Bootcamp;1;0;150;Card;Apex Legends;5.0;0
SESS-13802;2026-08-13 12:52:00;USR-1465;14;Bootcamp;2;340;300;Card;Dota 2;4.5;0
SESS-10360;2026-08-06 04:15:00;USR-1299;21;Standard;1;50;100;Card;CS2;4.0;0
SESS-12718;2026-08-05 08:03:00;USR-1780;23;Standard;5;0;450;App;Apex Legends;5.0;1
SESS-15057;2026-08-29 10:03:00;USR-1308;18;Bootcamp;1;300;150;Card;Apex Legends;5.0;0
SESS-14425;2026-08-30 04:13:00;USR-1090;20;VIP;4;0;800;Card;Valorant;4.0;0
SESS-14038;2026-08-17 23:30:00;USR-1062;24;VIP;3;0;600;App;Valorant;4.5;0
SESS-12721;2026-08-09 09:44:00;USR-1583;24;Standard;2;0;180;Card;Deadlock;2.0;1
SESS-11860;2026-08-17 22:28:00;USR-1055;17;PS5;8;1600;1800;Card;Minecraft;4.0;1
SESS-13742;2026-08-16 10:53:00;USR-1185;27;Bootcamp;3;0;450;App;Valorant;4.0;0
SESS-12577;2026-08-19 06:51:00;USR-1438;16;Standard;2;0;200;Card;PUBG;3.0;0
SESS-11592;2026-08-13 04:10:00;USR-1047;26;Standard;8;0;720;Cash;PUBG;2.0;1
SESS-13309;2026-08-31 21:52:00;USR-1760;20;VIP;5;850;900;App;Cyberpunk 2077;5.0;1
SESS-14256;2026-08-01 07:39:00;USR-1330;18;Bootcamp;12;1210;1620;Card;PUBG;4.5;1
SESS-15333;2026-08-13 20:48:00;USR-1572;26;Standard;1;200;90;Card;GTA V;4.5;1
SESS-15305;2026-08-03 11:56:00;USR-1456;17;VIP;2;0;400;Card;Dota 2;1.0;0
SESS-13459;2026-08-14 22:27:00;USR-1028;22;Standard;2;0;180;Card;Deadlock;4.5;1
SESS-10490;2026-08-27 23:03:00;USR-1153;24;Standard;3;0;300;Card;Dota 2;5.0;0
SESS-14049;2026-08-10 20:35:00;USR-1243;25;Standard;2;160;200;Card;Valorant;5.0;0
SESS-10862;2026-08-07 10:10:00;USR-1147;16;Standard;3;0;300;App;CS2;3.0;0
SESS-11006;2026-08-07 01:17:00;USR-1639;24;Standard;2;160;200;App;Valorant;5.0;0
SESS-12614;2026-08-25 00:25:00;USR-1698;15;Standard;1;120;100;App;CS2;4.0;0
SESS-11383;2026-08-14 14:43:00;USR-1705;27;Standard;1;200;100;App;CS2;3.0;0
SESS-13408;2026-08-09 16:55:00;USR-1037;21;Standard;3;240;300;Card;CS2;4.5;0
SESS-12886;2026-08-15 06:05:00;USR-1003;21;Standard;8;0;800;App;PUBG;4.0;0
SESS-13407;2026-08-24 17:15:00;USR-1486;16;Standard;3;0;300;App;Browser/Work;5.0;0
SESS-11362;2026-08-09 09:59:00;USR-1499;17;Standard;2;0;200;Card;CS2;2.0;0
SESS-13779;2026-08-04 21:46:00;USR-1767;16;Standard;4;320;400;Card;Deadlock;4.0;0
SESS-10506;2026-08-27 01:18:00;USR-1534;22;Bootcamp;1;150;150;Card;Valorant;4.5;0
SESS-11417;2026-08-16 20:29:00;USR-1497;25;VIP;4;1050;800;Card;CS2;1.0;0
SESS-14252;2026-08-31 11:46:00;USR-1649;30;Bootcamp;2;200;300;Card;Minecraft;3.0;0
SESS-10025;2026-08-25 12:17:00;USR-1545;26;Bootcamp;2;0;300;Card;Valorant;4.5;0
SESS-11973;2026-08-01 10:28:00;USR-1478;22;Standard;1;0;100;Card;Valorant;3.0;0
SESS-13396;2026-08-02 22:46:00;USR-1130;26;Standard;3;0;300;Card;Apex Legends;5.0;0
SESS-11222;2026-08-19 06:00:00;USR-1751;22;VIP;3;0;600;Card;GTA V;4.5;0
SESS-13399;2026-08-06 08:10:00;USR-1538;17;VIP;1;0;180;Card;Valorant;4.5;1
SESS-11113;2026-08-19 10:09:00;USR-1235;22;Bootcamp;1;0;150;Card;Minecraft;5.0;0
SESS-12677;2026-08-09 10:00:00;USR-1304;20;Bootcamp;8;0;1200;Card;Apex Legends;;0
SESS-11552;2026-08-01 13:35:00;USR-1659;19;Standard;1;120;100;Cash;Apex Legends;;0
SESS-14654;2026-08-05 04:54:00;USR-1562;31;Standard;1;120;100;Card;Dota 2;4.5;0
SESS-14043;2026-08-12 15:27:00;USR-1165;23;Standard;5;0;500;Card;Valorant;4.0;0
SESS-14540;2026-08-27 08:52:00;USR-1664;17;Standard;1;0;100;Card;Valorant;5.0;0
SESS-15076;2026-08-29 05:57:00;USR-1737;26;Bootcamp;2;650;300;Card;CS2;4.0;0
SESS-13501;2026-08-14 15:54:00;USR-1226;21;VIP;3;850;600;Card;Dota 2;4.5;0
SESS-10433;2026-08-17 01:07:00;USR-1186;39;Standard;2;400;200;Cash;Dota 2;3.0;0
SESS-15092;2026-08-26 23:34:00;USR-1480;22;Standard;2;240;200;Cash;Dota 2;4.0;0
SESS-14248;2026-08-20 00:37:00;USR-1286;25;Standard;2;0;200;Card;CS2;4.5;0
SESS-12991;2026-08-09 18:15:00;USR-1600;20;VIP;3;0;600;App;CS2;4.5;0
SESS-13340;2026-08-25 18:40:00;USR-1112;24;Bootcamp;1;0;135;Card;Dota 2;4.0;1
SESS-12463;2026-08-11 00:38:00;USR-1431;19;Standard;1;200;100;Card;CS2;5.0;0
SESS-12574;2026-08-20 18:49:00;USR-1753;16;VIP;2;490;400;Card;CS2;4.0;0
SESS-12728;2026-08-14 16:55:00;USR-1338;30;Standard;1;80;100;App;PUBG;5.0;0
SESS-15070;2026-08-04 19:40:00;USR-1459;22;Bootcamp;1;330;150;App;Minecraft;5.0;0
SESS-12512;2026-08-05 13:17:00;USR-1613;26;Standard;3;0;300;Cash;Apex Legends;4.0;0
SESS-12387;2026-08-19 15:21:00;USR-1354;18;Standard;2;0;180;Cash;Apex Legends;4.0;1
SESS-13438;2026-08-29 04:10:00;USR-1701;15;VIP;3;0;600;Card;CS2;2.0;0
SESS-11102;2026-08-11 07:57:00;USR-1567;20;Standard;1;0;100;Card;Valorant;4.5;0
SESS-12598;2026-08-14 00:44:00;USR-1429;18;Standard;2;0;200;Card;CS2;4.5;0
SESS-13319;2026-08-12 22:34:00;USR-1168;24;VIP;2;0;400;Card;CS2;4.0;0
SESS-12857;2026-08-27 20:24:00;USR-1074;16;Standard;2;0;200;Card;CS2;4.0;0
SESS-14316;2026-08-20 04:20:00;USR-1668;26;VIP;2;490;400;Card;GTA V;3.0;0
SESS-10156;2026-08-10 05:07:00;USR-1330;18;Standard;4;320;400;Card;Dota 2;3.0;0
SESS-13515;2026-08-03 21:45:00;USR-1136;28;Standard;3;0;300;Card;CS2;3.0;0
SESS-10194;2026-08-15 03:58:00;USR-1757;36;Bootcamp;1;300;150;Card;Apex Legends;2.0;0
SESS-10615;2026-08-08 06:55:00;USR-1079;20;PS5;2;0;500;Card;Valorant;4.0;0
SESS-10643;2026-08-16 16:19:00;USR-1273;14;Standard;2;240;200;App;PUBG;5.0;0
SESS-14436;2026-08-08 05:07:00;USR-1408;20;Standard;5;0;450;Card;GTA V;4.0;1
SESS-12998;2026-08-26 04:48:00;USR-1128;25;Standard;2;0;200;Card;CS2;3.0;0
SESS-11068;2026-08-12 18:04:00;USR-1149;21;Standard;2;0;200;Card;CS2;5.0;0
SESS-15290;2026-08-24 07:44:00;USR-1570;19;PS5;3;150;750;Card;CS2;2.0;0
SESS-15159;2026-08-21 09:18:00;USR-1119;24;VIP;1;180;200;Card;Deadlock;3.0;0
SESS-13877;2026-08-29 03:17:00;USR-1646;22;Standard;2;0;200;Card;CS2;3.0;0
SESS-13112;2026-08-26 14:55:00;USR-1609;16;VIP;2;0;400;Card;CS2;4.0;0
SESS-14604;2026-08-09 16:26:00;USR-1585;19;Bootcamp;1;0;150;Card;CS2;5.0;0
SESS-11859;2026-08-25 21:21:00;USR-1636;16;VIP;8;0;1600;Cash;Dota 2;5.0;0
SESS-10330;2026-08-01 19:11:00;USR-1782;28;VIP ;2;650;400;Card;Deadlock;3.0;0
SESS-12005;2026-08-03 09:11:00;USR-1273;14;Bootcamp;5;0;750;Card;Dota 2;4.0;0
SESS-13113;2026-08-18 05:10:00;USR-1410;21;Bootcamp;1;0;135;Card;CS2;5.0;1
SESS-12895;2026-08-19 22:53:00;USR-1421;21;VIP;4;0;720;Card;Dota 2;5.0;1
SESS-10622;2026-08-03 21:57:00;USR-1621;28;Standard;2;0;200;Card;CS2;3.0;0
SESS-12119;2026-08-30 07:32:00;USR-1609;16;Standard;4;200;400;Card;Dota 2;5.0;0
SESS-11670;2026-08-20 06:30:00;USR-1216;26;Standard;3;240;300;App;Minecraft;;0
SESS-12746;2026-08-27 00:29:00;USR-1185;27;Bootcamp;2;650;300;Card;CS2;5.0;0
SESS-14039;2026-08-14 13:47:00;USR-1178;21;Standard;3;0;300;Card;Dota 2;4.5;0
SESS-13422;2026-08-14 00:23:00;USR-1506;15;Bootcamp;3;700;405;App;CS2;5.0;1
SESS-13554;2026-08-18 19:05:00;USR-1024;26;Standard;2;100;200;App;Valorant;3.0;0
SESS-13365;2026-08-18 21:06:00;USR-1791;14;Bootcamp;3;460;450;Cash;CS2;4.0;0
SESS-11872;2026-08-24 08:58:00;USR-1489;25;Standard;5;250;500;Card;CS2;4.0;0
SESS-13193;2026-08-30 23:10:00;USR-1299;21;VIP;2;350;400;Card;Minecraft;4.0;0
SESS-13574;2026-08-23 09:50:00;USR-1104;16;Standard;2;240;200;Card;Valorant;4.5;0
SESS-10755;2026-08-25 03:05:00;USR-1087;21;Standard;1;0;90;Card;PUBG;4.5;1
SESS-10518;2026-08-30 13:07:00;USR-1020;26;Bootcamp;1;0;150;Card;Minecraft;3.0;0
SESS-14392;2026-08-12 11:05:00;USR-1184;15; standard ;5;500;750;Card;Valorant;2.0;0
SESS-10032;2026-08-12 22:42:00;USR-1508;14;Standard;1;0;100;App;Dota 2;4.0;0
SESS-13463;2026-08-05 02:24:00;USR-1680;29;Bootcamp;1;0;150;App;Valorant;4.0;0
SESS-14283;2026-08-14 21:25:00;USR-1599;36;Standard;2;0;200;App;Dota 2;5.0;0
SESS-13353;2026-08-20 07:13:00;USR-1716;17;VIP;2;0;400;App;Dota 2;4.5;0
SESS-12981;2026-08-21 08:03:00;USR-1218;26;VIP;1;0;200;App;CS2;5.0;0
SESS-11157;2026-08-27 18:21:00;USR-1651;22;Standard;2;0;200;Card;Valorant;5.0;0
SESS-12662;2026-08-10 04:40:00;USR-1368;21;PS5;2;160;450;Card;PUBG;4.0;1
SESS-11945;2026-08-15 03:49:00;USR-1741;21;Bootcamp;2;0;300;Card;PUBG;4.5;0
SESS-10744;2026-08-03 13:33:00;USR-1387;15;Standard;4;800;400;App;CS2;3.0;0
SESS-15004;2026-08-29 21:49:00;USR-1111;23;Bootcamp;3;0;450;Card;CS2;5.0;0
SESS-14361;2026-08-03 12:55:00;USR-1088;29;Bootcamp;1;300;150;Card;Dota 2;3.0;0
SESS-15296;2026-08-14 00:35:00;USR-1185;27;VIP;8;0;1600;Card;CS2;4.5;0
SESS-11705;2026-08-30 08:02:00;USR-1527;20;VIP;3;0;600;Card;Deadlock;4.5;0
SESS-12941;2026-08-11 02:40:00;USR-1780;23;VIP;12;0;2400;App;GTA V;4.5;0
SESS-13827;2026-08-25 23:36:00;USR-1339;19;PS5;1;0;225;Card;CS2;3.0;1
SESS-12833;2026-08-10 09:06:00;USR-1370;27;VIP;1;150;200;App;CS2;4.5;0
SESS-12154;2026-08-15 15:53:00;USR-1650;36;VIP;2;410;400;Card;Dota 2;5.0;0
SESS-10103;2026-08-03 22:15:00;USR-1047;26;VIP;3;0;540;Card;Dota 2;2.0;1
SESS-14535;2026-08-06 08:17:00;USR-1321;15;Bootcamp;3;340;450;Card;Dota 2;2.0;0
SESS-12107;2026-08-09 07:44:00;USR-1159;25;Bootcamp;1;0;150;App;Dota 2;5.0;0
SESS-10783;2026-08-10 00:51:00;USR-1047;26;Bootcamp;3;0;450;App;CS2;3.0;0
SESS-12232;2026-08-19 16:17:00;USR-1210;22;VIP;8;0;1440;Card;CS2;3.0;1
SESS-14314;2026-08-28 11:37:00;USR-1030;16;Bootcamp;1;0;150;Card;Minecraft;4.5;0
SESS-10229;2026-08-03 01:47:00;USR-1125;23;Standard;3;0;300;Card;Valorant;4.5;0
SESS-10857;2026-08-16 12:37:00;USR-1231;18;Standard;1;0;100;App;Cyberpunk 2077;5.0;0
SESS-11211;2026-08-06 21:44:00;USR-1759;24;Bootcamp;3;0;405;Card;PUBG;3.0;1
SESS-11401;2026-08-21 21:05:00;USR-1111;23;Standard;4;0;400;Card;Dota 2;4.0;0
SESS-14914;2026-08-08 13:24:00;USR-1220;20;Standard;5;1000;500;Cash;CS2;3.0;0
SESS-10408;2026-08-14 12:43:00;USR-1683;15;Standard;2;240;200;Cash;CS2;5.0;0
SESS-10170;2026-08-25 16:22:00;USR-1510;26;Standard;3;600;300;Card;CS2;4.5;0
SESS-10540;2026-08-04 15:32:00;USR-1622;14;VIP;8;0;1440;Card;CS2;4.5;1
SESS-14153;2026-08-22 11:03:00;USR-1778;17;Bootcamp;5;0;750;Cash;Valorant;4.5;0
SESS-14788;2026-08-14 00:15:00;USR-1531;25;Standard;1;120;100;Card;Deadlock;4.5;0
SESS-12722;2026-08-31 20:28:00;USR-1520;18;Standard;4;800;400;Cash;Valorant;5.0;0
SESS-11803;2026-08-16 12:50:00;USR-1764;23;VIP;2;0;400;Card;Dota 2;4.0;0
SESS-13024;2026-08-05 14:46:00;USR-1509;16;Standard;2;100;180;App;Minecraft;4.0;1
SESS-10613;2026-08-13 22:51:00;USR-1151;17;Standard;8;640;800;Card;Dota 2;5.0;0
SESS-13806;2026-08-14 21:47:00;USR-1111;23;Standard;12;0;1200;Card;Minecraft;4.5;0
SESS-13290;2026-08-02 02:46:00;USR-1703;17;Standard;2;0;200;Card;GTA V;3.0;0
SESS-14060;2026-08-05 23:11:00;USR-1546;21;PS5;1;0;250;Card;CS2;4.0;0
SESS-11161;2026-08-17 13:30:00;USR-1318;24;Standard;8;0;720;Card;Minecraft;4.0;1
SESS-12591;2026-08-01 17:07:00;USR-1019;25;Standard;2;0;180;Cash;CS2;4.5;1
SESS-12788;2026-08-08 06:02:00;USR-1537;23;Standard;2;0;200;App;Minecraft;3.0;0
SESS-12273;2026-08-14 23:55:00;USR-1149;21;VIP;3;490;600;Card;Dota 2;4.5;0
SESS-11815;2026-08-05 13:38:00;USR-1424;24;Standard;2;0;200;Card;Valorant;2.0;0
SESS-15229;2026-08-25 12:26:00;USR-1766;21;VIP;2;0;400;Card;CS2;5.0;0
SESS-11700;2026-08-01 07:55:00;USR-1395;19;Bootcamp;3;0;450;Card;CS2;5.0;0
SESS-11840;2026-08-27 01:44:00;USR-1030;16;Standard;1;0;100;Card;Dota 2;5.0;0
SESS-14733;2026-08-07 08:45:00;USR-1359;21;Bootcamp;2;0;300;App;Dota 2;4.0;0
SESS-11609;2026-08-05 00:24:00;USR-1327;16;Standard;2;100;200;App;Dota 2;5.0;0
SESS-12252;2026-08-06 07:25:00;USR-1757;36;VIP;5;0;1000;Card;PUBG;5.0;0
SESS-14494;2026-08-28 12:03:00;USR-1164;16;ps5;1;200;90;Card;Minecraft;5.0;1
SESS-10564;2026-08-20 19:29:00;USR-1289;19;Standard;2;0;200;Card;GTA V;4.0;0
SESS-14590;2026-08-06 03:43:00;USR-1233;28;Standard;2;400;200;Cash;CS2;4.5;0
SESS-14157;2026-08-25 00:03:00;USR-1631;28;Bootcamp;4;1050;600;Card;Deadlock;5.0;0
SESS-14785;2026-08-15 08:50:00;USR-1685;19;VIP;1;0;200;App;CS2;4.0;0
SESS-12484;2026-08-24 13:43:00;USR-1317;17;VIP;2;0;360;App;Dota 2;3.0;1
SESS-15297;2026-08-19 01:24:00;USR-1625;15;Bootcamp;1;0;150;Card;Dota 2;4.5;0
SESS-14073;2026-08-20 19:22:00;USR-1614;22;Standard;1;50;100;Card;Valorant;4.0;0
SESS-13571;2026-08-18 09:28:00;USR-1286;25;Standard;3;0;270;App;CS2;1.0;1
SESS-14593;2026-08-25 04:43:00;USR-1653;15;Bootcamp;2;260;300;Card;CS2;5.0;0
SESS-15354;2026-08-09 21:00:00;USR-1285;25;Standard;1;0;100;Card;CS2;4.5;0
SESS-12025;2026-08-22 00:03:00;USR-1237;29;Bootcamp;1;0;150;Card;Deadlock;4.0;0
SESS-10355;2026-08-20 21:52:00;USR-1276;22;VIP;4;420;800;Card;Dota 2;3.0;0
SESS-12078;2026-08-14 02:24:00;USR-1665;24;Bootcamp;3;0;450;App;CS2;4.5;0
SESS-12242;2026-08-18 10:20:00;USR-1268;31;Standard;3;360;300;Card;CS2;4.0;0
SESS-12822;2026-08-17 06:54:00;USR-1504;23;Standard;12;0;1200;Card;Dota 2;5.0;0
SESS-12929;2026-08-20 19:39:00;USR-1281;16;Bootcamp;3;0;450;Cash;Cyberpunk 2077;5.0;0
SESS-11892;2026-08-10 06:45:00;USR-1283;15;PS5;2;160;500;Card;CS2;2.0;0
SESS-11172;2026-08-07 16:15:00;USR-1779;19;VIP;3;0;600;App;CS2;4.0;0
SESS-13346;2026-08-28 20:45:00;USR-1595;32;VIP;2;0;400;App;Dota 2;4.0;0
SESS-10325;2026-08-19 08:13:00;USR-1539;19;VIP;8;0;1600;App;Minecraft;4.0;0
SESS-11051;2026-08-27 02:24:00;USR-1736;24;Bootcamp;3;0;450;App;Minecraft;5.0;0
SESS-13473;2026-08-25 07:48:00;USR-1091;18;Standard;3;150;300;Card;CS2;4.5;0
SESS-13888;2026-08-20 02:01:00;USR-1007;22;Standard;3;0;300;Card;CS2;4.0;0
SESS-12960;2026-08-30 01:44:00;USR-1365;15;Standard;2;160;200;App;CS2;3.0;0
SESS-13405;2026-08-17 20:55:00;USR-1336;14;Standard;3;0;300;App;Dota 2;5.0;0
SESS-11988;2026-08-22 13:05:00;USR-1110;22;Standard;3;600;300;Card;Minecraft;5.0;0
SESS-11751;2026-08-27 19:37:00;USR-1777;25;PS5;2;0;500;Card;Valorant;4.0;0
SESS-12052;2026-08-18 15:32:00;USR-1031;21;Standard;1;80;100;Card;Dota 2;5.0;0
SESS-11772;2026-08-15 01:44:00;USR-1723;31;Standard;1;0;100;Card;CS2;4.5;0
SESS-11196;2026-08-24 22:48:00;USR-1728;22;Bootcamp;4;580;600;App;CS2;4.5;0
SESS-10620;2026-08-23 03:19:00;USR-1431;19;Standard;1;120;100;Card;CS2;4.5;0
SESS-15040;2026-08-17 08:58:00;USR-1229;16;VIP;4;300;800;App;Dota 2;5.0;0
SESS-14037;2026-08-03 21:29:00;USR-1080;15;Standard;2;0;200;Card;Deadlock;4.0;0
SESS-12418;2026-08-15 09:59:00;USR-1223;22;VIP;3;610;600;Card;Valorant;4.5;0
SESS-11482;2026-08-16 07:28:00;USR-1719;25;VIP;3;0;600;Card;Dota 2;5.0;0
SESS-11189;2026-08-14 14:46:00;USR-1008;14;Standard;2;0;200;App;Valorant;4.5;0
SESS-10328;2026-08-17 06:28:00;USR-1275;16;Standard;2;160;180;Card;Dota 2;3.0;1
SESS-10648;2026-08-03 19:30:00;USR-1252;20;PS5;5;1000;1250;App;Dota 2;4.5;0
SESS-14686;2026-08-13 22:39:00;USR-1060;20;Bootcamp;1;370;135;App;Dota 2;4.0;1
SESS-10897;2026-08-23 08:55:00;USR-1254;14;PS5;3;600;750;App;PUBG;4.0;0
SESS-12018;2026-08-17 01:25:00;USR-1622;14;Bootcamp;8;650;1080;App;Dota 2;4.5;1
SESS-11123;2026-08-14 00:32:00;USR-1290;23;VIP;2;0;400;Card;CS2;5.0;0
SESS-12306;2026-08-03 01:55:00;USR-1531;25;Standard;3;0;300;Card;Valorant;4.5;0
SESS-15042;2026-08-10 07:36:00;USR-1231;18;Standard;3;360;300;App;CS2;5.0;0
SESS-12264;2026-08-07 12:02:00;USR-1542;15;Standard;12;2400;1200;App;Valorant;3.0;0
SESS-13425;2026-08-09 13:56:00;USR-1429;18;Standard;5;0;500;Card;Deadlock;3.0;0
SESS-12364;2026-08-20 05:18:00;USR-1555;16;PS5;1;0;250;Card;PUBG;4.5;0
SESS-12618;2026-08-28 12:28:00;USR-1462;20;VIP;8;1850;1440;Card;Deadlock;4.5;1
SESS-14086;2026-08-23 08:13:00;USR-1687;20;Bootcamp;4;300;600;Card;CS2;5.0;0
SESS-13909;2026-08-23 14:15:00;USR-1330;18;Standard;4;0;400;Cash;Dota 2;5.0;0
SESS-12531;2026-08-29 16:36:00;USR-1614;22;Standard;1;200;100;Card;CS2;3.0;0
SESS-13044;2026-08-02 18:04:00;USR-1778;17;VIP;2;410;400;Card;Dota 2;5.0;0
SESS-12240;2026-08-14 14:41:00;USR-1274;18;VIP;2;0;400;App;CS2;4.5;0
SESS-11519;2026-08-28 18:59:00;USR-1662;14;Standard;2;100;180;Cash;Dota 2;4.0;1
SESS-13916;2026-08-31 20:41:00;USR-1270;34;Standard;4;800;400;App;Dota 2;4.0;0
SESS-11378;2026-08-10 03:16:00;USR-1168;24;Bootcamp;3;0;450;Card;Dota 2;4.0;0
SESS-13867;2026-08-01 02:26:00;USR-1361;23;Standard;2;0;200;Card;Dota 2;2.0;0
SESS-11023;2026-08-02 15:55:00;USR-1507;14;VIP;1;0;180;App;Dota 2;3.0;1
SESS-14818;2026-08-22 22:21:00;USR-1563;15;VIP;3;0;540;Cash;Dota 2;5.0;1
SESS-12820;2026-08-21 14:59:00;USR-1606;20;VIP;2;0;400;Card;Valorant;1.0;0
SESS-10426;2026-08-21 21:13:00;USR-1619;18;Bootcamp;1;180;150;Card;Deadlock;5.0;0
SESS-13684;2026-08-30 08:56:00;USR-1429;18;VIP;12;2500;2400;Card;CS2;3.0;0
SESS-12559;2026-08-26 22:15:00;USR-1324;19;Bootcamp;8;0;1080;Card;Dota 2;4.5;1
SESS-14689;2026-08-11 10:22:00;USR-1111;23;Standard;1;50;90;Card;Minecraft;4.0;1
SESS-10809;2026-08-04 21:40:00;USR-1736;24;VIP;5;0;1000;App;Minecraft;2.0;0
SESS-13361;2026-08-02 20:47:00;USR-1593;26;VIP;3;0;600;Card;CS2;2.0;0
SESS-11675;2026-08-18 17:26:00;USR-1078;20;Bootcamp;1;0;150;App;Cyberpunk 2077;5.0;0
SESS-11746;2026-08-26 21:30:00;USR-1385;19;VIP;1;300;200;Card;Deadlock;5.0;0
SESS-10978;2026-08-09 18:32:00;USR-1353;18;Standard;3;360;270;Card;Valorant;4.0;1
SESS-12575;2026-08-18 11:19:00;USR-1460;24;Standard;1;120;100;Card;CS2;4.5;0
SESS-12646;2026-08-20 08:52:00;USR-1025;16;Standard;1;0;100;Card;Dota 2;4.0;0
SESS-11736;2026-08-29 19:03:00;USR-1340;21;PS5;1;50;250;Card;Valorant;4.0;0
SESS-11629;2026-08-13 22:14:00;USR-1040;22;Standard;12;0;1200;Cash;Minecraft;4.0;0
SESS-13169;2026-08-03 14:14:00;USR-1695;14;VIP;3;0;600;Card;Valorant;5.0;0
SESS-10430;2026-08-03 18:01:00;USR-1251;27;Standard;12;960;1200;Card;Minecraft;3.0;0
SESS-12224;2026-08-03 23:15:00;USR-1303;22;PS5;2;400;450;Cash;CS2;3.0;1
SESS-11808;2026-08-27 11:15:00;USR-1588;19;Standard;1;0;100;Card;CS2;3.0;0
SESS-13864;2026-08-04 21:09:00;USR-1098;36;Bootcamp;1;0;150;App;Deadlock;5.0;0
SESS-12522;2026-08-06 04:14:00;USR-1373;18;Standard;4;0;400;App;CS2;4.5;0
SESS-13921;2026-08-17 17:20:00;USR-1088;29;Standard;1;0;100;Cash;Valorant;4.0;0
SESS-11926;2026-08-08 09:06:00;USR-1256;20;Standard;3;600;300;Card;CS2;4.0;0
SESS-12834;2026-08-16 02:06:00;USR-1101;20;VIP;3;0;600;Card;Dota 2;4.5;0
SESS-15198;2026-08-07 16:02:00;USR-1648;19;Bootcamp;3;340;405;Card;Dota 2;5.0;1
SESS-12899;2026-08-27 22:37:00;USR-1301;24;Bootcamp;2;340;300;App;GTA V;3.0;0
SESS-12922;2026-08-01 18:42:00;USR-1610;15;Bootcamp;1;0;135;Card;Dota 2;5.0;1
SESS-12876;2026-08-26 09:02:00;USR-1620;20;VIP;3;0;600;App;Minecraft;1.0;0
SESS-10174;2026-08-13 13:47:00;USR-1624;21;Standard;3;240;270;App;Minecraft;4.5;1
SESS-14831;2026-08-14 00:22:00;USR-1684;23;VIP;2;650;360;Card;Valorant;4.5;1
SESS-14518;2026-08-20 04:01:00;USR-1550;15;Standard;2;0;200;Card;Cyberpunk 2077;5.0;0
SESS-13671;2026-08-05 07:15:00;USR-1420;22;VIP;8;0;1600;Card;Dota 2;2.0;0
SESS-11752;2026-08-03 18:47:00;USR-1570;19;Standard;2;160;200;Card;Valorant;4.0;0
SESS-13855;2026-08-11 05:50:00;USR-1085;16;VIP;2;0;400;App;CS2;4.5;0
SESS-14851;2026-08-12 11:48:00;USR-1256;20;Standard;1;0;100;Card;CS2;2.0;0
SESS-10217;2026-08-13 01:05:00;USR-1289;19;Bootcamp;3;0;405;Card;CS2;3.0;1
SESS-14830;2026-08-03 16:58:00;USR-1564;34;VIP;2;0;400;Card;PUBG;3.0;0
SESS-11721;2026-08-06 16:44:00;USR-1293;20;Bootcamp;3;610;450;Card;CS2;4.5;0
SESS-14368;2026-08-04 14:26:00;USR-1761;25;Standard;3;360;300;App;Valorant;4.5;0
SESS-11444;2026-08-06 05:00:00;USR-1023;17;Standard;1;200;100;Card;PUBG;5.0;0
SESS-10690;2026-08-01 15:48:00;USR-1525;15;PS5;3;0;750;Card;Valorant;3.0;0
SESS-12378;2026-08-09 22:13:00;USR-1254;14;Bootcamp;1;300;135;Card;Dota 2;4.0;1
SESS-14756;2026-08-28 07:09:00;USR-1665;24;Standard;3;150;300;Cash;Valorant;3.0;0
SESS-12640;2026-08-29 21:18:00;USR-1284;20;Bootcamp;3;0;450;App;CS2;4.0;0
SESS-12847;2026-08-17 18:44:00;USR-1791;14;Standard;2;0;180;Card;CS2;3.0;1
SESS-11106;2026-08-10 03:15:00;USR-1248;31;Standard;4;0;400;App;Minecraft;4.0;0
SESS-12655;2026-08-11 18:18:00;USR-1240;26;VIP;3;250;540;Card;Apex Legends;4.0;1
SESS-10818;2026-08-11 16:11:00;USR-1484;17;Standard;12;960;1200;App;Minecraft;4.5;0
SESS-12471;2026-08-21 02:58:00;USR-1778;17;Standard;12;0;1080;Card;Apex Legends;4.5;1
SESS-11873;2026-08-24 04:26:00;USR-1556;24;PS5;8;960;2000;App;Dota 2;3.0;0
SESS-10611;2026-08-12 02:55:00;USR-1612;22;Standard;1;0;100;Cash;Minecraft;4.0;0
SESS-13392;2026-08-12 14:53:00;USR-1653;15;Bootcamp;2;500;270;Card;Minecraft;4.5;1
SESS-13829;2026-08-04 08:45:00;USR-1534;22;Standard;3;0;300;Card;Dota 2;4.5;0
SESS-11697;2026-08-27 03:32:00;USR-1679;41;Standard;3;0;300;Card;CS2;2.0;0
SESS-10136;2026-08-07 21:46:00;USR-1508;14;Standard;2;100;200;Card;Apex Legends;4.0;0
SESS-12450;2026-08-15 19:04:00;USR-1621;28;Standard;2;0;200;Card;Minecraft;4.5;0
SESS-15289;2026-08-24 23:04:00;USR-1012;17;Standard;3;600;300;App;CS2;4.0;0
SESS-10576;2026-08-25 13:09:00;USR-1217;23;Standard;3;0;300;Card;Minecraft;4.0;0
SESS-13119;2026-08-31 07:23:00;USR-1049;22;Standard;5;400;500;Card;Valorant;4.5;0
SESS-12497;2026-08-09 14:18:00;USR-1403;21;PS5;3;0;750;App;GTA V;4.5;0
SESS-14824;2026-08-01 19:23:00;USR-1072;17;PS5;2;0;500;Card;Dota 2;4.0;0
SESS-11180;2026-08-28 11:04:00;USR-1031;21;Bootcamp;3;250;450;Card;CS2;4.5;0
SESS-12859;2026-08-03 23:25:00;USR-1087;21;Standard;3;0;300;Card;Dota 2;5.0;0
SESS-10888;2026-08-07 12:17:00;USR-1300;45;Standard;2;0;200;Card;CS2;4.0;0
SESS-13694;2026-08-15 12:34:00;USR-1309;32;Bootcamp;8;740;1200;Card;GTA V;4.0;0
SESS-10324;2026-08-19 01:18:00;USR-1440;17;Standard;1;120;90;Card;CS2;5.0;1
SESS-13134;2026-08-14 22:45:00;USR-1001;26;Bootcamp;3;610;450;App;Minecraft;4.0;0
SESS-12407;2026-08-02 15:36:00;USR-1791;14;VIP;1;0;200;App;Valorant;4.5;0
SESS-10817;2026-08-03 05:13:00;USR-1270;34;PS5;2;160;500;Card;Valorant;4.5;0
SESS-13868;2026-08-21 17:43:00;USR-1295;24;Standard;1;0;100;Card;Dota 2;4.0;0
SESS-12288;2026-08-28 07:59:00;USR-1129;16;VIP;3;490;600;Cash;GTA V;5.0;0
SESS-10208;2026-08-05 09:26:00;USR-1205;22;Standard;1;200;100;Cash;CS2;4.5;0
SESS-10293;2026-08-23 09:22:00;USR-1368;21;Bootcamp;2;0;300;App;Valorant;4.5;0
SESS-12092;2026-08-20 01:13:00;USR-1112;24;Standard;2;100;200;Card;CS2;4.5;0
SESS-11119;2026-08-15 09:37:00;USR-1574;15;Standard;4;0;400;Card;Dota 2;5.0;0
SESS-13945;2026-08-31 08:37:00;USR-1471;16;Standard;1;0;100;Cash;Dota 2;5.0;0
SESS-14912;2026-08-24 06:43:00;USR-1158;24;Bootcamp;3;0;450;App;Deadlock;4.0;0
SESS-13132;2026-08-13 19:20:00;USR-1553;22;Standard;1;80;90;Card;Dota 2;3.0;1
SESS-12127;2026-08-05 14:24:00;USR-1407;24;Standard;4;200;400;App;Valorant;4.5;0
SESS-11264;2026-08-31 04:32:00;USR-1539;19;Standard;4;0;400;App;Dota 2;5.0;0
SESS-10990;2026-08-16 11:57:00;USR-1656;20;Bootcamp;4;580;600;Card;CS2;4.5;0
SESS-12689;2026-08-06 13:27:00;USR-1161;19;PS5;8;1600;2000;Card;Dota 2;4.0;0
SESS-11614;2026-08-30 04:54:00;USR-1731;17;VIP;4;1050;800;Card;GTA V;2.0;0
SESS-14669;2026-08-01 21:56:00;USR-1178;21;PS5;1;0;250;App;PUBG;5.0;0
SESS-11739;2026-08-20 01:38:00;USR-1725;29;Standard;2;160;200;App;CS2;3.0;0
SESS-14559;2026-08-07 01:48:00;USR-1138;18;VIP;3;0;600;Card;Deadlock;5.0;0
SESS-15343;2026-08-02 20:29:00;USR-1009;34;Standard;2;400;200;Card;CS2;4.5;0
SESS-11662;2026-08-16 14:37:00;USR-1720;25;Standard;4;800;400;Card;GTA V;3.0;0
SESS-10353;2026-08-24 14:28:00;USR-1309;32;PS5;3;360;750;App;Cyberpunk 2077;5.0;0
SESS-12600;2026-08-23 04:24:00;USR-1491;21;Bootcamp;3;0;405;App;CS2;4.5;1
SESS-14148;2026-08-29 04:33:00;USR-1071;14;VIP;1;450;180;Card;GTA V;4.5;1
SESS-14349;2026-08-26 05:28:00;USR-1081;15;VIP;2;0;400;Card;CS2;4.5;0
SESS-12845;2026-08-23 20:47:00;USR-1318;24;PS5;1;0;250;Card;Dota 2;4.0;0
SESS-11654;2026-08-12 03:23:00;USR-1554;25;PS5;2;0;500;App;Valorant;4.0;0
SESS-13605;2026-08-19 20:47:00;USR-1042;21;Bootcamp;2;410;300;Card;CS2;4.0;0
SESS-11489;2026-08-02 17:20:00;USR-1397;21;VIP;1;180;200;Card;CS2;4.5;0
SESS-13011;2026-08-04 05:27:00;USR-1034;36;Standard;1;0;90;Card;Dota 2;4.0;1
SESS-13269;2026-08-11 17:42:00;USR-1103;17;VIP;1;370;180;;Dota 2;5.0;1
SESS-14872;2026-08-07 23:43:00;USR-1341;21;Standard;8;960;800;Card;Dota 2;4.0;0
SESS-11228;2026-08-31 18:50:00;USR-1280;26;Bootcamp;2;340;300;Card;Valorant;5.0;0
SESS-10259;2026-08-31 00:48:00;USR-1587;20;Standard;1;120;100;Card;Minecraft;4.5;0
SESS-12879;2026-08-09 08:05:00;USR-1010;22;Standard;2;100;180;App;Valorant;5.0;1
SESS-12236;2026-08-08 01:45:00;USR-1491;21;PS5;12;0;3000;Card;CS2;5.0;0
SESS-15149;2026-08-17 10:01:00;USR-1543;21;Bootcamp;1;0;150;Card;Dota 2;4.0;0
SESS-14609;2026-08-08 11:11:00;USR-1571;31;VIP;4;0;800;Card;Minecraft;4.0;0
SESS-14896;2026-08-18 03:40:00;USR-1788;33;Bootcamp;2;490;300;Card;Dota 2;4.5;0
SESS-10052;2026-08-30 11:45:00;USR-1291;18;VIP;8;0;1600;Card;Dota 2;4.0;0
SESS-14620;2026-08-20 04:56:00;USR-1677;27;Standard;3;600;300;App;Dota 2;4.0;0
SESS-12843;2026-08-26 00:12:00;USR-1555;16;Bootcamp;1;300;150;Cash;PUBG;5.0;0
SESS-10411;2026-08-25 06:39:00;USR-1578;18;Standard;3;0;300;Card;Deadlock;4.5;0
SESS-14623;2026-08-17 20:09:00;USR-1035;15;Standard;1;80;100;App;Valorant;4.0;0
SESS-15287;2026-08-23 17:40:00;USR-1306;24;VIP;1;0;200;Card;CS2;4.5;0
SESS-11905;2026-08-30 18:32:00;USR-1110;22;Bootcamp;2;0;270;App;Minecraft;3.0;1
SESS-13286;2026-08-13 00:23:00;USR-1263;22;Standard;1;80;100;Card;Dota 2;4.0;0
SESS-12765;2026-08-12 20:22:00;USR-1628;23;Standard;1;0;90;Card;Minecraft;5.0;1
SESS-13038;2026-08-16 14:25:00;USR-1317;17;Standard;1;120;90;App;CS2;1.0;1
SESS-11589;2026-08-10 09:18:00;USR-1569;26;Bootcamp;1;0;150;Card;Dota 2;4.0;0
SESS-11479;2026-08-27 10:47:00;USR-1601;30;VIP;12;1540;2400;Card;Dota 2;5.0;0
SESS-11507;2026-08-07 14:58:00;USR-1346;19;VIP;3;490;600;Card;CS2;4.5;0
SESS-11033;2026-08-02 00:58:00;USR-1756;24;Standard;1;200;90;Card;Dota 2;4.0;1
SESS-11097;2026-08-27 03:04:00;USR-1183;25;VIP;3;850;600;Card;CS2;4.0;0
SESS-11469;2026-08-13 18:03:00;USR-1050;22;Bootcamp;4;0;600;Card;CS2;4.0;0
SESS-10543;2026-08-08 21:29:00;USR-1714;15;VIP;2;340;400;App;Dota 2;5.0;0
SESS-11046;2026-08-27 14:53:00;USR-1315;17;Standard;12;960;1200;Card;Deadlock;5.0;0
SESS-14480;2026-08-15 09:32:00;USR-1519;20;Bootcamp;4;0;600;Card;CS2;4.5;0
SESS-10336;2026-08-13 23:25:00;USR-1327;16;Standard;2;400;180;Cash;Dota 2;4.5;1
SESS-10030;2026-08-31 09:04:00;USR-1662;14;Standard;1;0;100;Card;PUBG;4.5;0
SESS-10725;2026-08-16 12:29:00;USR-1526;22;PS5;3;240;750;Card;Dota 2;4.5;0
SESS-14802;2026-08-05 09:49:00;USR-1322;32;VIP;2;200;360;Card;CS2;4.5;1
SESS-13601;2026-08-22 12:42:00;USR-1362;20;Standard;2;0;200;Card;Minecraft;4.0;0
SESS-14589;2026-08-23 17:12:00;USR-1215;15;Bootcamp;3;250;450;Card;CS2;4.5;0
SESS-15350;2026-08-26 09:55:00;USR-1174;26;Bootcamp;4;0;600;Card;Apex Legends;1.0;0
SESS-11426;2026-08-14 05:20:00;USR-1378;22;Standard;3;0;270;Cash;Dota 2;4.0;1
SESS-14921;2026-08-24 17:24:00;USR-1723;31;Bootcamp;3;0;450;Card;Minecraft;4.0;0
SESS-12942;2026-08-23 00:21:00;USR-1149;21;VIP;2;0;360;Card;CS2;4.5;1
SESS-10436;2026-08-07 11:49:00;USR-1025;16;VIP ;1;0;100;Card;Minecraft;4.0;0
SESS-13270;2026-08-11 02:45:00;USR-1497;25;Standard;3;600;300;Card;Valorant;4.0;0
SESS-13721;2026-08-09 07:09:00;USR-1293;20;Standard;1;0;100;Card;CS2;3.0;0
SESS-10912;2026-08-25 12:42:00;USR-1151;17;VIP;4;0;800;Card;Valorant;4.0;0
SESS-14585;2026-08-26 01:15:00;USR-1541;26;Standard;4;0;400;App;Minecraft;4.0;0
SESS-14267;2026-08-14 11:10:00;USR-1755;29;Standard;1;120;100;App;Valorant;2.0;0
SESS-11588;2026-08-06 19:27:00;USR-1525;15;VIP;1;150;200;Card;CS2;1.0;0
SESS-14525;2026-08-13 08:35:00;USR-1762;16;Bootcamp;3;0;450;Card;CS2;4.0;0
SESS-14905;2026-08-31 09:23:00;USR-1666;22;Standard;2;0;200;App;CS2;4.0;0
SESS-14690;2026-08-16 11:35:00;USR-1241;25;PS5;3;0;750;Card;Dota 2;2.0;0
SESS-13931;2026-08-14 18:56:00;USR-1422;16;ps5;4;0;800;Card;Apex Legends;5.0;0
SESS-11590;2026-08-28 00:20:00;USR-1701;15;Standard;3;0;300;App;CS2;4.5;0
SESS-15325;2026-08-02 00:17:00;USR-1099;18;Standard;3;0;270;Cash;CS2;3.0;1
SESS-12704;2026-08-21 05:37:00;USR-1719;25;VIP;2;0;400;App;CS2;4.0;0
SESS-13979;2026-08-20 18:32:00;USR-1029;21;Standard;2;160;200;Cash;Valorant;4.0;0
SESS-11238;2026-08-13 16:22:00;USR-1255;18;Standard;5;600;500;App;CS2;2.0;0
SESS-10903;2026-08-18 03:49:00;USR-1169;27;VIP;2;410;400;App;Dota 2;5.0;0
SESS-12233;2026-08-26 15:47:00;USR-1643;23;Bootcamp;1;0;150;Cash;CS2;4.5;0
SESS-14505;2026-08-29 09:55:00;USR-1713;30;Bootcamp;2;340;300;App;Minecraft;4.0;0
SESS-13879;2026-08-30 04:32:00;USR-1023;17;VIP;1;0;200;Card;Dota 2;5.0;0
SESS-10507;2026-08-05 12:12:00;USR-1755;29;Standard;2;160;200;App;CS2;5.0;0
SESS-13001;2026-08-14 04:25:00;USR-1035;15;Standard;3;360;300;Card;Minecraft;4.0;0
SESS-12748;2026-08-07 07:59:00;USR-1725;29;PS5;3;240;750;Card;Dota 2;4.5;0
SESS-11497;2026-08-26 03:27:00;USR-1739;24;Bootcamp;3;700;450;App;Dota 2;1.0;0
SESS-10449;2026-08-26 15:05:00;USR-1128;25;Standard;4;800;400;Card;Minecraft;3.0;0
SESS-12803;2026-08-04 06:43:00;USR-1066;26;VIP;4;1050;720;Card;CS2;5.0;1
SESS-13936;2026-08-03 01:32:00;USR-1521;18;Standard;2;0;200;Card;Dota 2;4.5;0
SESS-15061;2026-08-23 12:30:00;USR-1430;17;Bootcamp;2;0;300;Cash;Valorant;4.0;0
SESS-11551;2026-08-07 23:07:00;USR-1463;15;Bootcamp;2;0;300;App;PUBG;5.0;0
SESS-14826;2026-08-21 21:24:00;USR-1549;23;Bootcamp;3;0;450;Card;Dota 2;5.0;0
SESS-11146;2026-08-28 07:39:00;USR-1065;20;Standard;2;0;200;Card;CS2;4.5;0
SESS-11313;2026-08-24 02:21:00;USR-1664;17;Standard;1;0;90;Cash;CS2;2.0;1
SESS-12015;2026-08-02 19:48:00;USR-1675;21;PS5;3;0;675;Card;Minecraft;4.5;1
SESS-13133;2026-08-09 10:01:00;USR-1310;19;Standard;2;0;200;Cash;Dota 2;4.0;0
SESS-14163;2026-08-27 10:22:00;USR-1525;15;Standard;2;0;200;Card;CS2;4.0;0
SESS-13468;2026-08-02 05:29:00;USR-1671;15;Standard;8;0;800;Card;CS2;4.0;0
SESS-13559;2026-08-08 04:38:00;USR-1755;29;Standard;2;400;200;Cash;Valorant;4.5;0
SESS-12702;2026-08-24 14:51:00;USR-1481;21;Standard;2;0;200;Card;Apex Legends;4.5;0
SESS-10413;2026-08-05 18:11:00;USR-1432;20;PS5;2;0;500;Cash;Valorant;4.5;0
SESS-10941;2026-08-08 20:32:00;USR-1783;16;Standard;12;0;1200;Card;CS2;4.0;0
SESS-10801;2026-08-15 09:42:00;USR-1589;28;Standard;5;0;500;Card;Apex Legends;4.5;0
SESS-13954;2026-08-11 15:42:00;USR-1719;25;VIP;3;340;540;Card;Dota 2;5.0;1
SESS-10256;2026-08-03 07:43:00;USR-1794;23;Bootcamp;2;0;300;Card;Valorant;4.5;0
SESS-15328;2026-08-30 21:56:00;USR-1537;23;Standard;4;800;360;Card;CS2;4.0;1
SESS-10647;2026-08-11 23:04:00;USR-1639;24;Bootcamp;8;500;1080;Card;Minecraft;5.0;1
SESS-11767;2026-08-31 10:36:00;USR-1104;16;VIP;3;250;600;Card;Deadlock;4.0;0
SESS-15184;2026-08-12 03:15:00;USR-1426;22;Standard;4;0;400;Card;Dota 2;4.5;0
SESS-13641;2026-08-16 00:28:00;USR-1356;19;Standard;2;160;200;Card;Valorant;3.0;0
SESS-12481;2026-08-18 09:40:00;USR-1510;26;Standard;2;100;200;Card;Dota 2;5.0;0
SESS-12970;2026-08-23 14:51:00;USR-1383;27;Standard;8;0;800;App;Dota 2;4.0;0
SESS-10024;2026-08-23 22:31:00;USR-1743;32;VIP;3;490;600;Card;Dota 2;4.0;0
SESS-11088;2026-08-22 06:50:00;USR-1654;17;Standard;8;0;720;Card;CS2;2.0;1
SESS-13639;2026-08-13 17:01:00;USR-1583;24;Standard;3;0;270;Card;PUBG;3.0;1
SESS-13382;2026-08-29 18:06:00;USR-1534;22;VIP;1;0;200;Card;CS2;4.5;0
SESS-10112;2026-08-24 23:49:00;USR-1324;19;Standard;1;0;100;Card;Dota 2;4.0;0
SESS-12299;2026-08-24 18:49:00;USR-1062;24;Standard;5;0;450;App;Dota 2;4.0;1
SESS-10056;2026-08-19 14:58:00;USR-1495;16;Standard;4;480;400;Card;CS2;1.0;0
SESS-11309;2026-08-26 15:02:00;USR-1482;15;Bootcamp;2;340;300;Card;Valorant;5.0;0
SESS-10695;2026-08-06 21:01:00;USR-1018;22;Standard;8;1600;720;Card;CS2;4.0;1
SESS-11227;2026-08-13 17:16:00;USR-1219;16;Standard;1;80;90;Card;Minecraft;3.0;1
SESS-15363;2026-08-16 13:16:00;USR-1489;25;Standard;2;0;200;Card;Deadlock;4.5;0
SESS-10276;2026-08-10 18:28:00;USR-1156;22;PS5;4;480;1000;App;Dota 2;4.0;0
SESS-12213;2026-08-17 10:45:00;USR-1767;16;VIP;1;0;200;Card;CS2;5.0;0
SESS-11833;2026-08-30 07:33:00;USR-1539;19;PS5;3;150;675;Card;Valorant;4.5;1
SESS-10682;2026-08-29 15:47:00;USR-1155;24;Standard;2;0;180;Cash;Dota 2;4.0;1
SESS-13384;2026-08-10 03:13:00;USR-1101;20;Bootcamp;8;890;1200;Cash;Cyberpunk 2077;4.0;0
SESS-13796;2026-08-03 02:29:00;USR-1191;16;PS5;8;960;1800;Card;Valorant;5.0;1
SESS-11137;2026-08-30 08:56:00;USR-1127;18;Standard;3;240;300;Card;Dota 2;5.0;0
SESS-13253;2026-08-23 22:48:00;USR-1076;35;PS5;12;0;3000;Cash;Valorant;4.5;0
SESS-12521;2026-08-25 20:34:00;USR-1492;15;Standard;2;0;200;Card;Valorant;5.0;0
SESS-12850;2026-08-06 10:15:00;USR-1538;17;Bootcamp;4;0;600;App;Dota 2;4.5;0
SESS-11346;2026-08-25 01:38:00;USR-1148;25;Bootcamp;2;0;300;Card;Valorant;4.5;0
SESS-12451;2026-08-04 22:31:00;USR-1394;19;VIP;1;0;200;Cash;Dota 2;4.0;0
SESS-12329;2026-08-29 22:59:00;USR-1238;20;Standard;4;320;400;Card;CS2;5.0;0
SESS-14957;2026-08-08 21:00:00;USR-1287;17;VIP;1;0;200;Card;CS2;3.0;0
SESS-13541;2026-08-27 05:45:00;USR-1299;21;Standard;2;0;180;Card;Dota 2;4.5;1
SESS-12707;2026-08-04 20:43:00;USR-1125;23;PS5;2;0;450;Card;CS2;1.0;1
SESS-12757;2026-08-10 04:36:00;USR-1393;17;VIP;3;0;600;Card;CS2;4.5;0
SESS-15215;2026-08-26 08:15:00;USR-1259;22;Standard;2;0;200;App;Dota 2;4.0;0
SESS-15012;2026-08-13 21:13:00;USR-1696;18;Standard;1;0;100;Card;CS2;5.0;0
SESS-14692;2026-08-24 09:11:00;USR-1003;21;Standard;2;0;200;Card;Valorant;5.0;0
SESS-14531;2026-08-07 23:07:00;USR-1790;34;Standard;2;0;200;App;CS2;4.0;0
SESS-14472;2026-08-12 06:50:00;USR-1137;31;VIP;1;330;200;Card;GTA V;5.0;0
SESS-10081;2026-08-04 02:58:00;USR-1268;31;Bootcamp;5;0;675;App;CS2;3.0;1
SESS-11972;2026-08-10 15:03:00;USR-1333;23;Standard;2;0;200;App;GTA V;4.0;0
SESS-11714;2026-08-03 13:35:00;USR-1542;15;Standard;3;0;300;Card;Valorant;4.0;0
SESS-13257;2026-08-15 19:42:00;USR-1019;25;Bootcamp;12;0;1800;Card;Dota 2;3.0;0
SESS-13014;2026-08-17 17:19:00;USR-1722;22;Standard;1;200;100;Card;Valorant;4.5;0
SESS-11946;2026-08-16 01:32:00;USR-1736;24;Bootcamp;3;850;450;Card;Dota 2;5.0;0
SESS-14351;2026-08-21 06:45:00;USR-1534;22;Standard;1;0;100;Card;CS2;5.0;0
SESS-13700;2026-08-19 10:06:00;USR-1017;14;Standard;1;80;100;Card;Cyberpunk 2077;2.0;0
SESS-11610;2026-08-26 12:02:00;USR-1630;21;Standard;2;400;200;Card;CS2;3.0;0
SESS-13299;2026-08-15 22:01:00;USR-1562;31;VIP;5;700;1000;App;Deadlock;4.5;0
SESS-14467;2026-08-27 08:48:00;USR-1438;16;Standard;4;200;400;Card;Deadlock;2.0;0
SESS-12699;2026-08-15 03:05:00;USR-1419;40;Standard;2;400;200;Card;CS2;4.5;0
SESS-15307;2026-08-06 13:46:00;USR-1417;26;Standard;1;0;100;Card;Minecraft;4.0;0
SESS-14196;2026-08-02 21:07:00;USR-1739;24;VIP;5;0;1000;Card;CS2;3.0;0
SESS-10665;2026-08-26 03:12:00;USR-1460;24;Bootcamp;2;0;300;Card;CS2;4.5;0
SESS-13105;2026-08-28 00:17:00;USR-1611;29;Standard;4;320;400;Card;Valorant;3.0;0
SESS-15259;2026-08-01 15:17:00;USR-1489;25;PS5;3;360;750;Card;CS2;5.0;0
SESS-11017;2026-08-16 21:36:00;USR-1340;21;VIP;4;580;800;Card;Deadlock;5.0;0
SESS-10557;2026-08-05 23:05:00;USR-1684;23;Standard;3;240;300;App;CS2;5.0;0
SESS-13154;2026-08-26 18:09:00;USR-1704;41;Bootcamp;3;0;450;Card;PUBG;4.0;0
SESS-12829;2026-08-04 15:55:00;USR-1660;14;Bootcamp;3;0;450;Card;Valorant;4.5;0
SESS-11207;2026-08-22 00:16:00;USR-1522;16;VIP;4;0;800;Card;CS2;4.5;0
SESS-12384;2026-08-04 00:41:00;USR-1539;19;VIP;1;450;180;Card;Valorant;4.0;1
SESS-12516;2026-08-01 19:50:00;USR-1012;17;Standard;2;0;200;Card;CS2;4.5;0
SESS-11510;2026-08-24 20:39:00;USR-1776;33;Standard;12;1440;1200;Card;Dota 2;4.5;0
SESS-13386;2026-08-10 19:50:00;USR-1511;25;VIP;1;0;200;Card;Valorant;5.0;0
SESS-13390;2026-08-26 18:02:00;USR-1173;15;Bootcamp;4;0;600;Card;Dota 2;5.0;0
SESS-10266;2026-08-06 10:41:00;USR-1349;15;Standard;5;1000;500;Card;Minecraft;4.5;0
SESS-12235;2026-08-23 01:48:00;USR-1455;20;VIP;5;650;1000;App;Dota 2;2.0;0
SESS-12789;2026-08-05 16:15:00;USR-1711;34;Bootcamp;2;0;300;Cash;CS2;4.0;0
SESS-12111;2026-08-20 22:04:00;USR-1303;22;Standard;2;0;200;Card;CS2;5.0;0
SESS-13891;2026-08-05 11:51:00;USR-1463;15;Bootcamp;2;340;300;Card;GTA V;5.0;0
SESS-11909;2026-08-30 23:32:00;USR-1395;19;Bootcamp;2;340;300;Card;CS2;4.0;0
SESS-15000;2026-08-15 10:32:00;USR-1317;17;Standard;3;0;300;Card;Apex Legends;4.0;0
SESS-13635;2026-08-23 10:17:00;USR-1713;30;Standard;2;0;180;Card;CS2;3.0;1
SESS-13316;2026-08-21 00:40:00;USR-1569;26;VIP;2;0;360;Card;Valorant;4.0;1
SESS-12673;2026-08-21 22:08:00;USR-1176;19;PS5;2;160;500;Card;Dota 2;3.0;0
SESS-11784;2026-08-02 09:03:00;USR-1664;17;Standard;2;400;200;Card;CS2;5.0;0
SESS-11237;2026-08-17 16:00:00;USR-1128;25;PS5;3;0;750;App;CS2;4.0;0
SESS-15359;2026-08-30 08:18:00;USR-1516;35;Bootcamp;1;300;150;Card;Dota 2;4.0;0
SESS-14626;2026-08-18 06:43:00;USR-1355;28;Bootcamp;4;0;600;Card;CS2;4.5;0
SESS-10908;2026-08-30 02:29:00;USR-1774;15;VIP;2;260;360;Card;CS2;4.0;1
SESS-11303;2026-08-02 00:33:00;USR-1033;18;Standard;3;0;300;Card;CS2;4.0;0
SESS-13749;2026-08-28 21:52:00;USR-1074;16;Standard;1;120;100;Card;Deadlock;2.0;0
SESS-11627;2026-08-23 21:23:00;USR-1742;15;Standard;3;150;300;Cash;Valorant;4.5;0
SESS-11522;2026-08-09 04:09:00;USR-1349;15;PS5;3;240;750;App;Valorant;4.0;0
SESS-10835;2026-08-01 07:53:00;USR-1675;21;VIP;12;2500;2400;Card;Dota 2;4.5;0
SESS-10358;2026-08-09 14:31:00;USR-1106;26;Standard;2;100;200;App;Cyberpunk 2077;5.0;0
SESS-10138;2026-08-16 01:31:00;USR-1023;17;Standard;4;0;400;App;Dota 2;3.0;0
SESS-10299;2026-08-10 00:52:00;USR-1405;25;Standard;2;100;200;Card;Dota 2;4.0;0
SESS-11556;2026-08-19 01:36:00;USR-1611;29;Standard;2;100;200;Card;CS2;3.0;0
SESS-11003;2026-08-08 05:59:00;USR-1689;15;Standard;2;0;200;App;CS2;4.0;0
SESS-10382;2026-08-14 09:28:00;USR-1320;24;Standard;2;240;200;Card;Minecraft;5.0;0
SESS-12321;2026-08-30 17:50:00;USR-1495;16;VIP;2;410;360;Card;Dota 2;4.0;1
SESS-10761;2026-08-13 14:05:00;USR-1393;17;PS5;12;0;3000;Card;Dota 2;4.0;0
SESS-13002;2026-08-21 23:03:00;USR-1634;26;VIP;3;0;600;Card;PUBG;4.0;0
SESS-12456;2026-08-19 19:05:00;USR-1082;32;Standard;3;600;300;Card;Valorant;4.0;0
SESS-12596;2026-08-23 02:56:00;USR-1431;19;Standard;2;240;200;App;CS2;3.0;0
SESS-14399;2026-08-21 19:08:00;USR-1213;35;VIP;8;0;1600;Card;Dota 2;5.0;0
SESS-11402;2026-08-01 09:33:00;USR-1343;20;Standard;2;240;200;App;GTA V;3.0;0
SESS-14946;2026-08-05 00:27:00;USR-1008;14;Bootcamp;2;490;300;Card;Minecraft;5.0;0
SESS-14675;2026-08-04 05:42:00;USR-1380;23;VIP;2;0;400;Card;Dota 2;4.0;0
SESS-11932;2026-08-27 11:35:00;USR-1040;22;Standard;2;240;200;Card;Cyberpunk 2077;;0
SESS-12409;2026-08-24 15:56:00;USR-1313;19;Standard;2;0;200;Card;Dota 2;5.0;0
SESS-14337;2026-08-02 03:52:00;USR-1205;22;Standard;3;0;270;App;CS2;4.5;1
SESS-14653;2026-08-09 19:07:00;USR-1769;21;Standard;12;0;1200;Card;CS2;4.0;0
SESS-12351;2026-08-04 09:56:00;USR-1303;22;Standard;3;0;300;Cash;CS2;4.5;0
SESS-14348;2026-08-04 12:52:00;USR-1425;19;PS5;1;0;225;Card;PUBG;5.0;1
SESS-10058;2026-08-24 21:24:00;USR-1510;26;Standard;2;100;180;Card;CS2;4.5;1
SESS-10076;2026-08-25 05:54:00;USR-1004;25;Standard;5;250;500;App;Apex Legends;4.0;0
SESS-10796;2026-08-16 20:40:00;USR-1560;22;Bootcamp;4;0;600;Card;PUBG;4.5;0
SESS-14299;2026-08-22 08:26:00;USR-1530;20;PS5;3;0;750;Card;Minecraft;4.5;0
SESS-10785;2026-08-19 13:20:00;USR-1023;17;Bootcamp;1;370;150;App;CS2;4.0;0
SESS-14088;2026-08-01 04:43:00;USR-1473;26;Standard;2;240;200;Card;Deadlock;3.0;0
SESS-14416;2026-08-26 05:03:00;USR-1473;26;Bootcamp;2;650;300;Card;CS2;5.0;0
SESS-12313;2026-08-08 17:18:00;USR-1455;20;Standard;3;360;300;Card;Apex Legends;4.0;0
SESS-12191;2026-08-02 03:04:00;USR-1398;15;Standard;2;160;200;Card;Cyberpunk 2077;4.0;0
SESS-15079;2026-08-04 02:14:00;USR-1671;15;Standard;4;0;400;App;CS2;3.0;0
SESS-12792;2026-08-03 08:06:00;USR-1235;22;Bootcamp;3;0;450;Card;Minecraft;3.0;0
SESS-15180;2026-08-14 19:21:00;USR-1476;17;Standard;3;240;300;Card;CS2;4.0;0
SESS-10910;2026-08-06 09:43:00;USR-1496;18;PS5;1;0;225;App;CS2;3.0;1
SESS-12172;2026-08-16 14:55:00;USR-1393;17;VIP;2;200;400;Cash;GTA V;4.0;0
SESS-14612;2026-08-20 03:32:00;USR-1708;25;VIP;4;0;800;Card;Minecraft;4.0;0
SESS-15089;2026-08-30 11:06:00;USR-1039;35;VIP;3;0;600;App;Apex Legends;1.0;0
SESS-11257;2026-08-29 10:40:00;USR-1658;18;Standard;3;0;300;Card;Dota 2;5.0;0
SESS-14102;2026-08-27 20:12:00;USR-1664;17;VIP;1;300;200;Cash;Minecraft;4.5;0
SESS-12973;2026-08-17 05:19:00;USR-1564;34;VIP;3;700;600;Card;PUBG;5.0;0
SESS-11178;2026-08-27 23:00:00;USR-1597;19;Standard;2;0;200;Card;Valorant;5.0;0
SESS-15249;2026-08-02 04:10:00;USR-1151;17;Standard;8;640;800;Card;PUBG;4.0;0
SESS-14445;2026-08-05 20:51:00;USR-1053;20;Standard;2;0;200;Card;Minecraft;4.5;0
SESS-10442;2026-08-24 02:34:00;USR-1712;20;Standard;1;120;100;App;Valorant;4.5;0
SESS-14678;2026-08-29 06:03:00;USR-1544;23;Standard;1;0;100;Card;GTA V;3.0;0
SESS-12780;2026-08-04 08:10:00;USR-1401;24;PS5;3;150;750;Card;Dota 2;4.0;0
SESS-12741;2026-08-19 03:26:00;USR-1776;33;Standard;2;0;200;Card;Valorant;4.5;0
SESS-15182;2026-08-19 00:38:00;USR-1367;30;PS5;4;0;1000;Card;Dota 2;5.0;0
SESS-14093;2026-08-19 17:56:00;USR-1078;20;Standard;3;360;300;App;Dota 2;4.0;0
SESS-12432;2026-08-04 13:53:00;USR-1609;16;Bootcamp;8;1850;1200;Card;CS2;4.5;0
SESS-14172;2026-08-22 15:47:00;USR-1258;24;Standard;2;100;200;Card;Dota 2;4.5;0
SESS-13603;2026-08-20 14:28:00;USR-1013;23;VIP;2;410;400;App;Apex Legends;5.0;0
SESS-13872;2026-08-20 06:24:00;USR-1408;20;Bootcamp;3;0;450;App;Dota 2;4.5;0
SESS-14815;2026-08-18 06:39:00;USR-1498;26;Standard;2;100;200;Card;CS2;4.0;0
SESS-13295;2026-08-31 15:18:00;USR-1791;14;Standard;2;160;200;Cash;Dota 2;4.0;0
SESS-12312;2026-08-25 09:59:00;USR-1498;26;Standard;2;0;200;Card;Valorant;4.0;0
SESS-13589;2026-08-09 10:35:00;USR-1487;19;Standard;1;0;100;Card;Valorant;4.0;0
SESS-11502;2026-08-06 09:41:00;USR-1579;40;VIP;2;0;400;Card;Deadlock;4.0;0
SESS-12589;2026-08-22 22:43:00;USR-1255;18;Standard;2;0;200;Card;PUBG;5.0;0
SESS-14749;2026-08-26 06:42:00;USR-1790;34;Bootcamp;4;0;600;App;Minecraft;4.0;0
SESS-12011;2026-08-18 11:59:00;USR-1243;25;VIP;3;0;600;Card;GTA V;4.0;0
SESS-14125;2026-08-13 11:53:00;USR-1706;16;Standard;3;0;300;Card;CS2;5.0;0
SESS-14160;2026-08-23 02:25:00;USR-1632;21;PS5;4;0;1000;Card;Valorant;5.0;0
SESS-14388;2026-08-22 21:05:00;USR-1398;15;Standard;2;160;180;Card;Valorant;1.0;1
SESS-14112;2026-08-13 06:59:00;USR-1209;24;VIP;12;2650;2400;Card;Deadlock;4.5;0
SESS-10006;2026-08-02 20:34:00;USR-1267;15;Standard;3;0;300;App;Dota 2;5.0;0
SESS-10678;2026-08-15 16:16:00;USR-1537;23;VIP;5;0;1000;Cash;Dota 2;4.5;0
SESS-11943;2026-08-31 09:30:00;USR-1506;15;VIP;3;490;600;Card;CS2;1.0;0
SESS-13094;2026-08-02 03:52:00;USR-1074;16;Bootcamp;2;0;300;App;Valorant;5.0;0
SESS-15005;2026-08-02 21:08:00;USR-1005;24;Standard;2;0;180;App;CS2;4.0;1
SESS-12771;2026-08-10 04:25:00;USR-1253;23;Standard;1;0;100;Card;CS2;4.0;0
SESS-15064;2026-08-03 13:45:00;USR-1726;25;Bootcamp;3;490;450;App;Dota 2;5.0;0
SESS-14562;2026-08-17 14:52:00;USR-1609;16;Standard;1;0;100;Card;Dota 2;4.0;0
SESS-15002;2026-08-02 09:20:00;USR-1433;34;VIP;3;340;600;App;CS2;3.0;0
SESS-11064;2026-08-14 00:41:00;USR-1655;17;Bootcamp;1;220;135;Card;CS2;4.0;1
SESS-13107;2026-08-08 06:29:00;USR-1244;19;Standard;12;960;1200;Cash;Dota 2;4.0;0
SESS-11474;2026-08-25 02:29:00;USR-1681;20;Bootcamp;3;0;450;App;Minecraft;4.5;0
SESS-13982;2026-08-17 11:03:00;USR-1212;22;VIP;3;340;600;Card;CS2;5.0;0
SESS-11889;2026-08-25 16:36:00;USR-1160;16;Standard;2;100;200;Card;CS2;5.0;0
SESS-12874;2026-08-10 22:45:00;USR-1054;17;PS5;3;0;750;Card;Dota 2;4.5;0
SESS-12021;2026-08-23 11:19:00;USR-1750;14;PS5;3;240;750;Card;Minecraft;4.5;0
SESS-15366;2026-08-08 15:00:00;USR-1345;21;Standard;2;0;200;Card;Deadlock;4.0;0
SESS-13626;2026-08-17 23:27:00;USR-1701;15;Standard;2;100;180;Card;Dota 2;4.5;1
SESS-12284;2026-08-10 02:08:00;USR-1658;18;Bootcamp;3;0;405;Card;CS2;4.0;1
SESS-11130;2026-08-22 21:22:00;USR-1710;35;Standard;1;0;100;Card;CS2;4.0;0
SESS-11461;2026-08-24 06:44:00;USR-1407;24;Bootcamp;8;650;1080;Card;Valorant;4.0;1
SESS-14923;2026-08-26 20:38:00;USR-1520;18;Standard;8;0;800;Card;Minecraft;4.0;0
SESS-14028;2026-08-11 20:19:00;USR-1083;22;Bootcamp;2;490;300;App;CS2;4.5;0
SESS-12714;2026-08-02 11:30:00;USR-1347;24;VIP;8;650;1600;Card;Browser/Work;5.0;0
SESS-10222;2026-08-07 19:18:00;USR-1620;20;Standard;12;2400;1200;Card;CS2;5.0;0
SESS-15039;2026-08-10 04:49:00;USR-1449;32;Bootcamp;2;0;300;Card;Cyberpunk 2077;3.0;0
SESS-10048;2026-08-28 23:07:00;USR-1670;18;Standard;1;200;100;App;Valorant;4.0;0
SESS-10573;2026-08-18 04:36:00;USR-1181;24;VIP;3;490;600;Card;CS2;5.0;0
SESS-11236;2026-08-08 19:10:00;USR-1741;21;Standard;2;400;200;Card;CS2;5.0;0
SESS-14139;2026-08-29 06:31:00;USR-1242;15;Bootcamp;3;0;450;App;Valorant;4.0;0
SESS-15267;2026-08-11 02:48:00;USR-1591;24;Standard;2;400;180;Card;CS2;4.0;1
SESS-14888;2026-08-04 06:46:00;USR-1247;21;PS5;3;0;750;Card;Dota 2;4.0;0
SESS-10267;2026-08-18 05:51:00;USR-1162;17;Standard;2;0;200;Card;Dota 2;5.0;0
SESS-11104;2026-08-12 11:25:00;USR-1007;22;Standard;2;0;200;App;Dota 2;5.0;0
SESS-11935;2026-08-03 16:57:00;USR-1289;19;Bootcamp;2;0;270;Card;CS2;4.5;1
SESS-10386;2026-08-14 22:58:00;USR-1792;22;Bootcamp;5;0;750;Cash;CS2;5.0;0
SESS-13905;2026-08-30 00:34:00;USR-1045;19;Standard;8;0;800;App;GTA V;2.0;0
SESS-13651;2026-08-28 00:34:00;USR-1064;31;Standard;2;400;200;Card;CS2;4.5;0
SESS-12658;2026-08-15 20:56:00;USR-1543;21;VIP;2;340;400;App;Valorant;2.0;0
SESS-14763;2026-08-24 16:47:00;USR-1648;19;VIP;2;0;360;Card;Deadlock;;1
SESS-11563;2026-08-09 04:56:00;USR-1535;18;Standard;2;400;180;App;Dota 2;4.5;1
SESS-15300;2026-08-09 07:58:00;USR-1021;24;Standard;8;1600;800;Card;Valorant;4.0;0
SESS-10209;2026-08-21 12:02:00;USR-1056;18;Standard;3;150;300;Card;Deadlock;2.0;0
SESS-10909;2026-08-22 04:12:00;USR-1003;21;Standard;1;50;100;Card;CS2;5.0;0
SESS-11289;2026-08-24 07:22:00;USR-1438;16;Standard;1;0;100;Card;Dota 2;4.5;0
SESS-14109;2026-08-07 01:49:00;USR-1007;22;Standard;2;100;200;Card;Minecraft;5.0;0
SESS-13208;2026-08-09 20:54:00;USR-1415;23;VIP;1;300;200;Card;Dota 2;4.0;0
SESS-11842;2026-08-31 03:02:00;USR-1426;22;Standard;5;600;500;Card;CS2;4.0;0
SESS-14478;2026-08-01 11:25:00;USR-1581;15;Standard;2;400;180;Card;CS2;4.0;1
SESS-13026;2026-08-05 10:53:00;USR-1733;17;Bootcamp;3;610;450;Card;GTA V;4.0;0
SESS-10958;2026-08-07 03:36:00;USR-1636;16;Bootcamp;4;570;600;Cash;Apex Legends;4.5;0
SESS-11793;2026-08-29 00:48:00;USR-1217;23;PS5;2;0;500;App;Minecraft;4.5;0
SESS-12088;2026-08-22 16:47:00;USR-1096;31;PS5;3;0;750;Card;CS2;3.0;0
SESS-10331;2026-08-26 02:36:00;USR-1534;22;Bootcamp;2;0;300;Card;CS2;4.5;0
SESS-12776;2026-08-26 21:00:00;USR-1307;20;VIP;3;340;540;Card;Dota 2;4.0;1
SESS-14346;2026-08-03 09:13:00;USR-1370;27; standard ;3;240;750;Card;CS2;5.0;0
SESS-12977;2026-08-30 09:33:00;USR-1108;21;Standard;3;0;300;Card;CS2;4.0;0
SESS-11774;2026-08-21 04:46:00;USR-1303;22;PS5;4;480;900;Cash;Dota 2;4.5;1
SESS-12802;2026-08-08 03:13:00;USR-1680;29;Bootcamp;4;580;600;Card;Valorant;4.0;0
SESS-13091;2026-08-07 21:53:00;USR-1329;22;PS5;1;0;250;Card;Dota 2;4.0;0
SESS-14418;2026-08-29 23:32:00;USR-1742;15;Standard;2;0;200;Card;Dota 2;4.5;0
SESS-15288;2026-08-07 11:52:00;USR-1381;14;Bootcamp;2;0;300;App;Deadlock;4.5;0
SESS-13184;2026-08-04 07:36:00;USR-1670;18;Standard;3;0;300;App;CS2;4.0;0
SESS-12653;2026-08-11 21:48:00;USR-1770;18;Standard;3;360;300;Card;Dota 2;3.0;0
SESS-13980;2026-08-27 12:06:00;USR-1351;35;Bootcamp;3;0;450;Card;Apex Legends;4.0;0
SESS-14704;2026-08-03 04:27:00;USR-1343;20;VIP;8;0;1600;Card;Valorant;4.5;0
SESS-11366;2026-08-06 16:49:00;USR-1423;24;Bootcamp;3;0;405;Cash;CS2;4.0;1
SESS-10173;2026-08-06 22:50:00;USR-1028;22;Standard;2;240;180;Card;CS2;4.0;1
SESS-13362;2026-08-08 11:37:00;USR-1706;16;VIP;1;0;200;Card;Apex Legends;3.0;0
SESS-13933;2026-08-03 17:23:00;USR-1436;14;Standard;4;200;400;Card;Valorant;3.0;0
SESS-14926;2026-08-08 19:47:00;USR-1459;22;PS5;2;100;500;Card;CS2;4.0;0
SESS-14745;2026-08-25 14:20:00;USR-1169;27;VIP;12;2500;2400;App;PUBG;4.0;0
SESS-11952;2026-08-22 01:24:00;USR-1158;24;Bootcamp;4;1050;600;Cash;Minecraft;5.0;0
SESS-12794;2026-08-11 23:56:00;USR-1360;15;VIP;5;0;1000;Card;Valorant;4.0;0
SESS-12036;2026-08-16 10:07:00;USR-1014;24;Standard;3;150;270;App;Minecraft;4.0;1
SESS-13516;2026-08-21 09:03:00;USR-1617;17;Bootcamp;2;0;300;Card;CS2;4.5;0
SESS-13895;2026-08-02 16:18:00;USR-1392;19;Bootcamp;3;0;450;Card;Minecraft;4.5;0
SESS-14450;2026-08-02 02:38:00;USR-1514;28;VIP;2;0;400;App;Valorant;3.0;0
SESS-10000;2026-08-03 11:26:00;USR-1477;24;Standard;3;0;300;App;CS2;3.0;0
SESS-12174;2026-08-04 20:00:00;USR-1214;23;Bootcamp;1;370;150;Cash;Apex Legends;3.0;0
SESS-11356;2026-08-02 09:50:00;USR-1133;15;Standard;2;0;180;App;Minecraft;5.0;1
SESS-14009;2026-08-22 03:28:00;USR-1689;15;VIP;1;0;200;Card;Valorant;1.0;0
SESS-12641;2026-08-31 05:31:00;USR-1598;21;Standard;1;120;100;App;Valorant;4.5;0
SESS-13729;2026-08-04 23:15:00;USR-1412;32;Bootcamp;1;330;150;Card;Minecraft;4.0;0
SESS-10396;2026-08-14 22:36:00;USR-1364;15;Standard;5;0;500;Card;Dota 2;4.0;0
SESS-14085;2026-08-25 12:48:00;USR-1471;16;Bootcamp;3;0;450;Cash;PUBG;3.0;0
SESS-14828;2026-08-06 02:39:00;USR-1635;15;VIP;2;350;360;Cash;Dota 2;5.0;1
SESS-11812;2026-08-20 08:07:00;USR-1567;20;Standard;2;240;200;Card;CS2;3.0;0
SESS-14808;2026-08-20 09:17:00;USR-1640;25;VIP;8;890;1600;App;Dota 2;5.0;0
SESS-13686;2026-08-23 09:11:00;USR-1523;41;Standard;1;0;100;App;Minecraft;4.0;0
SESS-10816;2026-08-07 12:46:00;USR-1562;31;PS5;3;0;750;App;Valorant;4.0;0
SESS-11572;2026-08-31 11:02:00;USR-1207;22;Standard;1;80;100;App;Dota 2;4.0;0
SESS-14707;2026-08-22 00:24:00;USR-1233;28;PS5;3;0;750;Card;GTA V;1.0;0
SESS-11800;2026-08-20 15:10:00;USR-1352;22;Bootcamp;3;0;405;Card;Dota 2;5.0;1
SESS-12280;2026-08-05 13:10:00;USR-1558;19;PS5;8;0;1800;Cash;Apex Legends;3.0;1
SESS-14305;2026-08-09 14:29:00;USR-1270;34;PS5;4;0;1000;Card;Valorant;5.0;0
SESS-14116;2026-08-08 01:41:00;USR-1759;24;PS5;2;400;500;Card;Minecraft;5.0;0
SESS-15321;2026-08-29 18:51:00;USR-1482;15;Standard;2;0;200;Card;Dota 2;5.0;0
SESS-14696;2026-08-10 15:56:00;USR-1281;16;Bootcamp;2;500;300;App;CS2;1.0;0
SESS-13214;2026-08-04 18:02:00;USR-1487;19;Bootcamp;2;0;270;Card;Dota 2;5.0;1
SESS-12873;2026-08-31 06:18:00;USR-1319;22;Standard;3;150;300;Card;Apex Legends;5.0;0
SESS-12754;2026-08-02 16:50:00;USR-1537;23;VIP;3;0;540;App;CS2;1.0;1
SESS-14274;2026-08-31 05:23:00;USR-1600;20;Bootcamp;4;0;600;App;Browser/Work;4.5;0
SESS-14099;2026-08-27 16:54:00;USR-1753;16;Standard;2;100;200;Card;Valorant;5.0;0
SESS-10554;2026-08-23 23:25:00;USR-1711;34;Bootcamp;2;0;300;App;Deadlock;4.0;0
SESS-11159;2026-08-26 06:00:00;USR-1721;22;VIP;1;0;200;Card;Valorant;5.0;0
SESS-11213;2026-08-01 17:05:00;USR-1285;25;Standard;1;0;100;Card;Dota 2;5.0;0
SESS-12603;2026-08-11 09:36:00;USR-1731;17;Standard;3;150;300;Card;Valorant;4.0;0
SESS-11325;2026-08-04 22:25:00;USR-1580;20;Standard;2;0;200;Card;CS2;3.0;0
SESS-12732;2026-08-14 15:50:00;USR-1777;25;Standard;3;0;270;App;CS2;3.0;1
SESS-15306;2026-08-03 12:05:00;USR-1743;32;PS5;8;640;2000;Card;Valorant;5.0;0
SESS-10700;2026-08-31 17:44:00;USR-1051;32;VIP;4;450;720;App;CS2;4.5;1
SESS-13728;2026-08-21 18:23:00;USR-1688;18;Standard;4;800;400;Card;PUBG;4.0;0
SESS-13705;2026-08-12 17:03:00;USR-1162;17;Bootcamp;8;1210;1200;Card;CS2;3.0;0
SESS-13908;2026-08-05 11:45:00;USR-1449;32;Bootcamp;8;740;1200;App;CS2;4.0;0
SESS-11455;2026-08-13 12:48:00;USR-1028;22;Standard;12;0;1200;Card;Dota 2;5.0;0
SESS-14557;2026-08-25 15:47:00;USR-1252;20;Bootcamp;1;0;150;Card;Dota 2;4.0;0
SESS-14870;2026-08-27 02:35:00;USR-1153;24;Standard;2;240;180;App;CS2;4.0;1
SESS-12379;2026-08-25 12:27:00;USR-1491;21;VIP;1;300;200;Card;Minecraft;4.0;0
SESS-10866;2026-08-02 21:41:00;USR-1339;19;Standard;1;120;90;Card;CS2;2.0;1
SESS-11644;2026-08-13 23:34:00;USR-1720;25;Bootcamp;3;460;450;Card;CS2;3.0;0
SESS-13750;2026-08-28 21:30:00;USR-1792;22;Standard;2;160;200;Card;Valorant;5.0;0
SESS-15112;2026-08-01 00:34:00;USR-1299;21;Bootcamp;1;300;150;Card;Apex Legends;4.5;0
SESS-12868;2026-08-16 22:40:00;USR-1389;22;Standard;1;0;90;Card;Dota 2;4.0;1
SESS-11490;2026-08-28 18:56:00;USR-1464;25;Standard;3;240;300;Card;Minecraft;4.0;0
SESS-12972;2026-08-05 04:22:00;USR-1725;29;Bootcamp;3;250;450;App;Dota 2;4.0;0
SESS-10729;2026-08-16 08:12:00;USR-1382;28;VIP;3;0;540;Card;CS2;5.0;1
SESS-15028;2026-08-15 11:42:00;USR-1368;21;PS5;5;250;1250;Card;Dota 2;4.0;0
SESS-13479;2026-08-08 19:53:00;USR-1635;15;PS5;1;0;250;Card;Minecraft;1.0;0
SESS-11936;2026-08-06 23:40:00;USR-1450;18;Bootcamp;1;0;150;App;PUBG;4.5;0
SESS-12611;2026-08-27 18:47:00;USR-1658;18;Standard;2;100;200;App;Dota 2;5.0;0
SESS-11110;2026-08-18 10:32:00;USR-1114;23;Bootcamp;8;0;1080;App;CS2;5.0;1
SESS-14421;2026-08-08 12:14:00;USR-1568;19;VIP;2;200;400;Card;PUBG;3.0;0
SESS-14861;2026-08-26 14:40:00;USR-1762;16;Standard;2;240;200;Cash;Valorant;5.0;0
SESS-11185;2026-08-28 18:59:00;USR-1240;26;Standard;3;600;300;Card;CS2;1.0;0
SESS-12007;2026-08-31 11:16:00;USR-1201;24;Standard;1;0;100;Card;Minecraft;5.0;0
SESS-10193;2026-08-09 11:31:00;USR-1450;18;Bootcamp;3;340;450;App;Dota 2;5.0;0
SESS-11515;2026-08-04 07:41:00;USR-1402;17;VIP;1;300;180;Card;Apex Legends;1.0;1
SESS-10578;2026-08-10 14:54:00;USR-1661;22;Standard;3;0;300;Card;CS2;4.0;0
SESS-12123;2026-08-04 17:49:00;USR-1222;16;VIP;2;0;400;App;Dota 2;4.0;0
SESS-11429;2026-08-03 20:14:00;USR-1108;21;Standard;1;200;100;Cash;Minecraft;4.5;0
SESS-10771;2026-08-07 16:35:00;USR-1368;21;Standard;2;100;200;App;Dota 2;3.0;0
SESS-15379;2026-08-23 23:22:00;USR-1492;15;Standard;2;160;200;Card;Cyberpunk 2077;5.0;0
SESS-11846;2026-08-25 04:04:00;USR-1636;16;Standard;1;0;100;Card;Minecraft;2.0;0
SESS-10131;2026-08-04 01:39:00;USR-1799;21;PS5;2;0;500;App;Dota 2;4.5;0
SESS-10178;2026-08-10 22:20:00;USR-1528;16;VIP;2;200;400;;CS2;4.5;0
SESS-14856;2026-08-29 06:07:00;USR-1486;16;Standard;1;0;100;Card;Dota 2;4.0;0
SESS-15316;2026-08-27 11:32:00;USR-1606;20; Bootcamp ;3;0;270;Card;Dota 2;5.0;1
SESS-14311;2026-08-05 01:03:00;USR-1525;15;Bootcamp;3;0;450;App;Valorant;5.0;0
SESS-13210;2026-08-26 18:46:00;USR-1003;21;Bootcamp;1;0;150;Card;CS2;4.0;0
SESS-13217;2026-08-27 03:19:00;USR-1647;22;Standard;2;0;200;Card;Deadlock;3.0;0
SESS-13648;2026-08-01 05:05:00;USR-1598;21;Standard;1;200;100;App;Minecraft;4.0;0
SESS-12073;2026-08-08 13:57:00;USR-1706;16;VIP;1;220;200;Card;Dota 2;4.0;0
SESS-10658;2026-08-29 00:49:00;USR-1324;19;Standard;1;0;100;Card;Dota 2;5.0;0
SESS-11896;2026-08-08 12:24:00;USR-1686;33;Standard;5;400;500;Card;CS2;5.0;0
SESS-13915;2026-08-14 09:02:00;USR-1539;19;Bootcamp;2;650;300;Card;CS2;4.5;0
SESS-12221;2026-08-04 14:52:00;USR-1540;20;Standard;2;0;200;Card;Dota 2;4.5;0
SESS-14257;2026-08-29 03:19:00;USR-1303;22;Standard;2;0;180;App;Cyberpunk 2077;3.0;1
SESS-10342;2026-08-11 22:03:00;USR-1779;19;Bootcamp;2;410;300;Card;Minecraft;4.0;0
SESS-12997;2026-08-30 22:22:00;USR-1070;21;Standard;2;0;180;App;Dota 2;5.0;1
SESS-10727;2026-08-10 18:02:00;USR-1533;22;Standard;4;0;400;App;CS2;2.0;0
SESS-14857;2026-08-13 00:38:00;USR-1139;25;Standard;2;0;200;Cash;Dota 2;4.0;0
SESS-10976;2026-08-10 03:52:00;USR-1015;16;Standard;2;0;180;Cash;GTA V;2.0;1
SESS-12399;2026-08-12 21:28:00;USR-1755;29;Standard;3;600;300;Cash;CS2;4.0;0
SESS-13513;2026-08-14 10:12:00;USR-1327;16;Standard;3;0;270;Card;CS2;4.5;1
SESS-11928;2026-08-01 23:15:00;USR-1262;22;Standard;2;0;180;Card;Dota 2;;1
SESS-13076;2026-08-20 23:12:00;USR-1308;18;Standard;4;0;400;App;Dota 2;4.0;0
SESS-13824;2026-08-02 09:25:00;USR-1391;14;PS5;2;0;500;Card;Minecraft;4.5;0
SESS-11299;2026-08-23 03:00:00;USR-1391;14;VIP;1;180;200;Card;CS2;1.0;0
SESS-13976;2026-08-17 05:21:00;USR-1691;19;Bootcamp;2;0;300;Card;Dota 2;3.0;0
SESS-14994;2026-08-22 06:30:00;USR-1678;18;Standard;3;150;300;Card;Dota 2;3.0;0
SESS-10660;2026-08-28 03:26:00;USR-1211;17;Bootcamp;1;0;150;Card;CS2;5.0;0
SESS-11790;2026-08-10 22:26:00;USR-1597;19;Bootcamp;1;300;150;Cash;Dota 2;3.0;0
SESS-10296;2026-08-22 04:40:00;USR-1065;20;Bootcamp;1;300;150;Card;CS2;4.5;0
SESS-13282;2026-08-07 17:38:00;USR-1379;26;Standard;1;0;90;Card;CS2;4.5;1
SESS-15240;2026-08-14 17:37:00;USR-1477;24;Bootcamp;1;370;150;Cash;CS2;4.0;0
SESS-13716;2026-08-16 21:40:00;USR-1057;19;Standard;4;0;400;Cash;Dota 2;2.0;0
SESS-13605;2026-08-19 20:47:00;USR-1042;21;Bootcamp;2;410;300;Card;CS2;4.0;0
SESS-12585;2026-08-16 00:10:00;USR-1066;26;Standard;5;400;500;Card;Dota 2;5.0;0
SESS-14345;2026-08-31 16:53:00;USR-1635;15;Bootcamp;2;0;300;Card;CS2;4.0;0
SESS-11085;2026-08-11 10:16:00;USR-1446;15;PS5;2;160;500;Card;PUBG;4.5;0
SESS-13768;2026-08-17 10:08:00;USR-1317;17;Standard;1;50;100;Card;CS2;4.0;0
SESS-11278;2026-08-01 04:18:00;USR-1690;31;Standard;2;400;200;Card;CS2;4.5;0
SESS-13625;2026-08-01 03:19:00;USR-1342;30;Standard;1;120;100;Cash;Dota 2;4.0;0
SESS-11621;2026-08-09 17:08:00;USR-1676;24;Standard;1;80;100;Card;CS2;5.0;0
SESS-13562;2026-08-13 17:04:00;USR-1729;25;Standard;5;250;500;Card;Deadlock;4.5;0
SESS-14398;2026-08-26 22:57:00;USR-1188;16;Bootcamp;2;340;300;Card;CS2;5.0;0
SESS-10067;2026-08-16 14:16:00;USR-1014;24;VIP;1;300;200;Card;Dota 2;5.0;0
SESS-13504;2026-08-19 09:11:00;USR-1774;15;Bootcamp;12;0;1800;Card;CS2;5.0;0
SESS-13317;2026-08-15 00:23:00;USR-1108;21;Standard;12;600;1080;Card;CS2;5.0;1
SESS-12269;2026-08-09 07:51:00;USR-1577;24;Standard;4;0;400;App;Dota 2;5.0;0
SESS-13614;2026-08-05 03:52:00;USR-1394;19;Standard;1;0;100;App;Valorant;3.0;0
SESS-14287;2026-08-15 05:20:00;USR-1113;17;Standard;1;0;90;Cash;Apex Legends;4.5;1
SESS-10820;2026-08-28 16:50:00;USR-1291;18;VIP;2;0;400;Card;GTA V;5.0;0
SESS-11226;2026-08-25 05:09:00;USR-1269;23;Standard;3;150;300;Card;CS2;4.0;0
SESS-13532;2026-08-13 16:52:00;USR-1333;23;VIP ;2;0;180;App;Dota 2;4.5;1
SESS-14550;2026-08-18 16:56:00;USR-1475;26;VIP ;2;400;500;App;CS2;5.0;0
SESS-12367;2026-08-10 06:20:00;USR-1081;15;VIP;3;490;600;Card;PUBG;4.0;0
SESS-13084;2026-08-06 15:25:00;USR-1116;21;VIP;1;0;180;Cash;Apex Legends;4.0;1
SESS-13235;2026-08-23 21:43:00;USR-1441;23;Standard;3;240;300;Card;Minecraft;4.0;0
SESS-14903;2026-08-29 00:05:00;USR-1420;22;VIP;5;0;1000;App;Valorant;4.0;0
SESS-15299;2026-08-03 20:47:00;USR-1109;16;VIP;1;0;180;Card;CS2;4.5;1
SESS-13955;2026-08-26 19:48:00;USR-1563;15;Standard;1;0;90;Card;Cyberpunk 2077;4.0;1
SESS-11143;2026-08-12 23:36:00;USR-1641;24;VIP;5;0;900;Card;CS2;5.0;1
SESS-10397;2026-08-15 12:47:00;USR-1005;24;Bootcamp;3;400;450;App;CS2;3.0;0
SESS-13428;2026-08-28 21:42:00;USR-1413;26;Standard;3;0;300;Card;CS2;;0
SESS-14670;2026-08-02 05:37:00;USR-1689;15;VIP;3;0;600;App;Dota 2;4.0;0
SESS-13583;2026-08-01 09:11:00;USR-1553;22;VIP;2;0;360;Card;CS2;4.0;1
SESS-11398;2026-08-06 11:03:00;USR-1242;15;Standard;5;0;500;App;Valorant;4.0;0
SESS-11659;2026-08-12 19:52:00;USR-1709;38;VIP;3;400;600;Card;GTA V;4.5;0
SESS-12220;2026-08-22 12:00:00;USR-1022;19;Standard;2;0;200;App;Browser/Work;4.0;0
SESS-10979;2026-08-11 23:25:00;USR-1593;26;Standard;1;200;100;Card;Dota 2;1.0;0
SESS-12331;2026-08-12 05:58:00;USR-1734;15;Standard;2;0;200;App;Valorant;5.0;0
SESS-11298;2026-08-06 18:03:00;USR-1101;20;Bootcamp;3;0;450;Card;Dota 2;4.5;0
SESS-12678;2026-08-30 18:41:00;USR-1075;33;Standard;2;0;180;Card;Valorant;4.5;1
SESS-10082;2026-08-03 16:27:00;USR-1625;15;Standard;4;0;400;Card;Valorant;4.0;0
SESS-12576;2026-08-01 21:42:00;USR-1773;23;PS5;2;240;500;App;Dota 2;5.0;0
SESS-12900;2026-08-21 22:59:00;USR-1302;27;Standard;2;240;200;Card;Apex Legends;4.5;0
SESS-14251;2026-08-19 03:09:00;USR-1293;20;Standard;2;0;200;Card;CS2;4.0;0
SESS-14284;2026-08-18 11:50:00;USR-1587;20;Standard;3;0;270;Card;CS2;4.0;1
SESS-12705;2026-08-19 14:27:00;USR-1667;23;Standard;8;400;800;Card;Apex Legends;4.0;0
SESS-10423;2026-08-17 10:40:00;USR-1131;26;Standard;2;100;200;Cash;Valorant;4.0;0
SESS-14712;2026-08-17 23:53:00;USR-1506;15;Bootcamp;2;0;270;Card;Apex Legends;5.0;1
SESS-11904;2026-08-21 21:51:00;USR-1617;17;VIP;3;0;600;Cash;Dota 2;5.0;0
SESS-14932;2026-08-19 02:46:00;USR-1320;24;Standard;2;0;200;Card;CS2;4.5;0
SESS-13958;2026-08-16 22:51:00;USR-1513;15;PS5;3;0;750;Card;Dota 2;5.0;0
SESS-13765;2026-08-25 01:44:00;USR-1221;21;Standard;2;160;180;Card;Dota 2;2.0;1
SESS-11565;2026-08-05 00:57:00;USR-1522;16;PS5;3;240;750;Card;Valorant;4.0;0
SESS-14762;2026-08-21 22:31:00;USR-1769;21;Bootcamp;3;400;450;Card;GTA V;4.0;0
SESS-10839;2026-08-16 00:42:00;USR-1285;25;Bootcamp;1;0;150;Card;CS2;4.0;0
SESS-10500;2026-08-03 16:22:00;USR-1446;15;PS5;4;0;1000;Card;Apex Legends;5.0;0
SESS-10141;2026-08-16 12:02:00;USR-1054;17;VIP;3;0;600;App;Deadlock;4.5;0
SESS-11377;2026-08-06 06:56:00;USR-1626;15;Standard;2;0;200;App;Apex Legends;4.5;0
SESS-14553;2026-08-07 21:47:00;USR-1075;33;Bootcamp;1;0;135;Card;Minecraft;1.0;1
SESS-15324;2026-08-21 15:42:00;USR-1416;23;Standard;3;150;300;Card;CS2;4.0;0
SESS-12266;2026-08-29 14:19:00;USR-1688;18;Standard;4;0;400;Card;Dota 2;5.0;0
SESS-12527;2026-08-17 11:15:00;USR-1402;17;PS5;3;0;750;Card;Valorant;4.5;0
SESS-11138;2026-08-15 00:31:00;USR-1348;15;Bootcamp;2;0;300;Cash;Dota 2;4.0;0
SESS-14024;2026-08-01 02:41:00;USR-1712;20;PS5;3;600;750;Card;Valorant;4.5;0
SESS-12996;2026-08-29 11:16:00;USR-1791;14;Standard;4;0;400;Card;Apex Legends;4.0;0
SESS-11787;2026-08-04 07:22:00;USR-1249;32;VIP;5;1250;1000;Card;CS2;4.5;0
SESS-13023;2026-08-02 03:02:00;USR-1068;26;Standard;2;0;200;App;Valorant;4.0;0
SESS-10550;2026-08-13 18:12:00;USR-1404;23;Bootcamp;3;250;450;Card;Dota 2;2.0;0
SESS-13662;2026-08-24 02:34:00;USR-1394;19;VIP;5;0;1000;Card;Cyberpunk 2077;4.0;0
SESS-12019;2026-08-05 00:35:00;USR-1767;16;Standard;2;0;200;Card;Apex Legends;3.0;0
SESS-10948;2026-08-13 10:21:00;USR-1263;22;VIP;2;0;400;Card;CS2;4.5;0
SESS-13243;2026-08-08 01:56:00;USR-1400;20;Standard;3;240;300;Card;Dota 2;4.0;0
SESS-12594;2026-08-15 13:40:00;USR-1660;14;Standard;3;0;270;Card;CS2;3.0;1
SESS-10532;2026-08-05 01:11:00;USR-1491;21;VIP;4;450;800;Card;Dota 2;4.0;0
SESS-13199;2026-08-12 15:11:00;USR-1360;15;PS5;2;240;500;Cash;CS2;4.0;0
SESS-11829;2026-08-31 02:56:00;USR-1716;17;Standard;1;0;100;App;Deadlock;4.5;0
SESS-14853;2026-08-29 10:16:00;USR-1437;14;Bootcamp;3;0;450;Card;Deadlock;5.0;0
SESS-14806;2026-08-11 05:42:00;USR-1065;20;Bootcamp;2;0;300;Card;CS2;4.5;0
SESS-14334;2026-08-17 05:42:00;USR-1551;17;VIP;2;0;400;App;CS2;4.0;0
SESS-11602;2026-08-27 17:49:00;USR-1756;24;Standard;4;0;360;Card;Dota 2;2.0;1
SESS-12238;2026-08-16 04:18:00;USR-1184;15;VIP;3;0;600;Card;CS2;5.0;0
SESS-10639;2026-08-21 07:43:00;USR-1000;19;Standard;1;200;100;Card;GTA V;4.5;0
SESS-15247;2026-08-02 01:51:00;USR-1513;15;Standard;3;0;300;Card;Dota 2;5.0;0
SESS-10967;2026-08-25 13:03:00;USR-1543;21;VIP;4;300;800;Card;Deadlock;4.0;0
SESS-14602;2026-08-09 01:37:00;USR-1364;15;Standard;2;0;200;Card;Minecraft;5.0;0
SESS-13090;2026-08-25 17:28:00;USR-1094;29;PS5;2;0;450;Card;Apex Legends;4.0;1
SESS-11683;2026-08-03 17:10:00;USR-1565;38;VIP;2;0;360;Card;GTA V;4.0;1
SESS-12248;2026-08-01 02:57:00;USR-1078;20;VIP;1;220;200;App;CS2;4.5;0
SESS-14860;2026-08-05 07:27:00;USR-1046;17;Standard;3;600;300;Card;Valorant;3.0;0
SESS-12763;2026-08-01 19:18:00;USR-1480;22;VIP;3;0;600;Card;CS2;4.5;0
SESS-10155;2026-08-11 12:47:00;USR-1449;32;PS5;2;0;500;Card;CS2;3.0;0
SESS-12295;2026-08-06 21:52:00;USR-1578;18;Bootcamp;4;0;600;Cash;Apex Legends;4.5;0
SESS-12932;2026-08-27 10:29:00;USR-1357;34;Bootcamp;3;0;450;Card;CS2;4.5;0
SESS-13910;2026-08-30 20:25:00;USR-1247;21;Standard;1;80;100;App;Valorant;1.0;0
SESS-11089;2026-08-23 05:05:00;USR-1216;26;VIP;2;490;400;Card;CS2;4.5;0
SESS-13123;2026-08-18 12:52:00;USR-1485;24;Standard;8;0;720;Card;Cyberpunk 2077;5.0;1
SESS-12319;2026-08-04 01:11:00;USR-1160;16;Bootcamp;2;650;300;App;CS2;5.0;0
SESS-14605;2026-08-23 14:47:00;USR-1071;14;Bootcamp;4;0;600;Card;Minecraft;5.0;0
SESS-10288;2026-08-23 17:59:00;USR-1402;17;Standard;2;240;200;Card;CS2;4.0;0
SESS-10930;2026-08-09 12:58:00;USR-1715;31;Standard;5;0;450;App;Dota 2;4.0;1
SESS-12985;2026-08-08 07:33:00;USR-1459;22;Standard;3;150;270;Card;Dota 2;4.0;1
SESS-12812;2026-08-28 19:12:00;USR-1385;19;VIP;1;0;200;Card;Dota 2;4.0;0
SESS-13657;2026-08-01 03:28:00;USR-1264;16;VIP;1;330;200;Card;CS2;5.0;0
SESS-14935;2026-08-24 07:26:00;USR-1418;39;VIP;3;340;600;App;Minecraft;4.0;0
SESS-13984;2026-08-17 11:19:00;USR-1482;15;Standard;12;2400;1200;Card;CS2;4.5;0
SESS-13544;2026-08-10 01:12:00;USR-1415;23;VIP;3;610;540;App;Dota 2;5.0;1
SESS-13885;2026-08-23 19:16:00;USR-1610;15;PS5;2;0;450;App;Minecraft;4.0;1
SESS-10942;2026-08-09 00:51:00;USR-1170;25;Standard;2;0;200;Card;CS2;4.0;0
SESS-12354;2026-08-19 18:21:00;USR-1430;17;Standard;3;0;270;Cash;CS2;4.5;1
SESS-14674;2026-08-06 08:30:00;USR-1496;18;Bootcamp;1;300;150;Card;CS2;4.0;0
SESS-15065;2026-08-19 10:20:00;USR-1271;25;Bootcamp;2;0;300;Cash;Dota 2;5.0;0
SESS-11698;2026-08-28 19:12:00;USR-1735;16;VIP;4;0;800;Card;Deadlock;5.0;0
SESS-15115;2026-08-13 10:52:00;USR-1190;16;Standard;3;0;270;App;CS2;1.0;1
SESS-13487;2026-08-30 10:15:00;USR-1681;20;Standard;1;0;100;Cash;CS2;4.5;0
SESS-12952;2026-08-20 16:02:00;USR-1475;26;Bootcamp;1;0;150;Card;Valorant;5.0;0
SESS-13398;2026-08-26 01:08:00;USR-1450;18;PS5;3;0;750;Cash;Valorant;5.0;0
SESS-13622;2026-08-22 09:11:00;USR-1069;40;Standard;1;0;100;Card;CS2;5.0;0
SESS-10985;2026-08-14 03:12:00;USR-1280;26;PS5;1;0;225;Card;Dota 2;4.0;1
SESS-13268;2026-08-27 08:01:00;USR-1123;22;Standard;3;600;270;Card;Deadlock;4.5;1
SESS-14092;2026-08-13 14:24:00;USR-1378;22;PS5;1;0;250;App;Dota 2;4.5;0
SESS-14823;2026-08-29 13:40:00;USR-1251;27;Standard;3;240;300;Card;Valorant;5.0;0
SESS-15189;2026-08-03 13:00:00;USR-1797;19;Standard;2;400;200;Cash;Valorant;5.0;0
SESS-10981;2026-08-16 13:36:00;USR-1039;35;VIP;12;0;2400;Cash;CS2;4.0;0
SESS-12937;2026-08-28 23:26:00;USR-1281;16;VIP;2;0;400;Card;CS2;4.5;0
SESS-14947;2026-08-15 21:22:00;USR-1431;19;Standard;3;600;300;App;Dota 2;4.5;0
SESS-14303;2026-08-27 18:55:00;USR-1617;17;Standard;2;100;200;Cash;CS2;4.0;0
SESS-13734;2026-08-04 17:33:00;USR-1641;24;VIP;2;0;400;Card;Valorant;3.0;0
SESS-13469;2026-08-11 03:37:00;USR-1460;24;VIP;2;0;400;App;Minecraft;2.0;0
SESS-14130;2026-08-22 01:14:00;USR-1761;25;Standard;1;50;100;Card;Dota 2;4.0;0
SESS-14671;2026-08-15 08:09:00;USR-1471;16;VIP;4;0;800;Card;Minecraft;4.5;0
SESS-14318;2026-08-27 16:15:00;USR-1730;30;Standard;1;0;100;Card;Apex Legends;4.5;0
SESS-11457;2026-08-11 15:59:00;USR-1288;16;VIP;3;0;600;App;Minecraft;4.5;0
SESS-11395;2026-08-01 16:42:00;USR-1094;29;Bootcamp;2;0;300;App;Dota 2;4.5;0
SESS-10264;2026-08-27 10:16:00;USR-1111;23;Standard;2;400;200;Card;Minecraft;4.0;0
SESS-14703;2026-08-04 21:13:00;USR-1508;14;Standard;3;600;270;Card;PUBG;4.5;1
SESS-10929;2026-08-24 12:25:00;USR-1213;35;PS5;2;0;500;Card;Deadlock;4.5;0
SESS-13615;2026-08-09 09:04:00;USR-1552;21;Standard;12;2400;1200;Card;Dota 2;4.5;0
SESS-12688;2026-08-05 22:58:00;USR-1455;20;Standard;3;240;270;Card;GTA V;4.5;1
SESS-12400;2026-08-29 01:11:00;USR-1224;17;VIP;5;650;1000;Card;CS2;3.0;0
SESS-12178;2026-08-14 12:59:00;USR-1540;20;Bootcamp;3;0;405;Card;CS2;4.5;1
SESS-11545;2026-08-28 23:38:00;USR-1766;21;Standard;3;0;300;Card;Dota 2;4.0;0
SESS-10246;2026-08-13 17:02:00;USR-1777;25;Standard;1;80;100;Card;CS2;4.0;0
SESS-11594;2026-08-20 23:24:00;USR-1107;16;Standard;1;120;100;Card;CS2;5.0;0
SESS-11758;2026-08-17 03:47:00;USR-1292;19;Bootcamp;3;0;450;Card;PUBG;4.5;0
SESS-15282;2026-08-31 10:36:00;USR-1096;31;ps5;4;0;720;Card;CS2;4.5;1
SESS-13311;2026-08-26 02:35:00;USR-1068;26;Standard;2;0;180;Card;CS2;4.0;1
SESS-10923;2026-08-13 22:06:00;USR-1471;16;VIP;2;0;400;Card;Deadlock;1.0;0
SESS-14684;2026-08-30 01:08:00;USR-1686;33;VIP;2;650;360;Card;Valorant;2.0;1
SESS-10268;2026-08-21 14:50:00;USR-1111;23;Standard;4;0;400;App;Cyberpunk 2077;4.0;0
SESS-10669;2026-08-02 17:33:00;USR-1677;27;Standard;1;0;100;Card;Valorant;5.0;0
SESS-13226;2026-08-31 05:11:00;USR-1412;32;Standard;1;0;100;Card;Valorant;4.5;0
SESS-11910;2026-08-07 11:32:00;USR-1605;20;Bootcamp;3;0;450;Card;CS2;1.0;0
SESS-13960;2026-08-20 06:12:00;USR-1339;19;Standard;3;150;270;Card;Deadlock;4.0;1
SESS-11152;2026-08-12 21:52:00;USR-1295;24;PS5;3;0;750;App;PUBG;4.0;0
SESS-15230;2026-08-16 06:07:00;USR-1401;24;Standard;1;0;100;Cash;Apex Legends;5.0;0
SESS-14077;2026-08-20 23:30:00;USR-1579;40;Bootcamp;3;0;450;Card;CS2;5.0;0
SESS-14606;2026-08-09 16:29:00;USR-1479;30;Standard;3;600;300;App;Valorant;4.0;0
SESS-11781;2026-08-30 22:48:00;USR-1426;22;Standard;3;360;300;Cash;Valorant;4.0;0
SESS-12413;2026-08-12 02:43:00;USR-1210;22;Bootcamp;2;0;300;Card;Minecraft;5.0;0
SESS-12307;2026-08-20 04:09:00;USR-1413;26;PS5;2;100;500;Card;Valorant;3.0;0
SESS-15339;2026-08-18 09:27:00;USR-1651;22;Standard;1;120;100;Card;Minecraft;4.5;0
SESS-13520;2026-08-02 10:06:00;USR-1355;28;VIP;3;0;540;Card;Valorant;4.5;1
SESS-11915;2026-08-13 23:21:00;USR-1034;36;Standard;1;0;100;Card;Dota 2;5.0;0
SESS-10612;2026-08-10 15:10:00;USR-1631;28;Standard;2;0;200;Cash;Minecraft;4.5;0
SESS-12836;2026-08-25 11:17:00;USR-1608;27;VIP;2;0;400;App;Dota 2;4.5;0
SESS-12267;2026-08-26 03:50:00;USR-1281;16;VIP;2;490;400;Card;Dota 2;3.0;0
SESS-12533;2026-08-18 03:53:00;USR-1726;25;Bootcamp;2;0;300;Card;Valorant;4.5;0
SESS-10039;2026-08-23 13:31:00;USR-1026;25;Standard;3;0;270;Card;Apex Legends;4.0;1
SESS-11898;2026-08-23 15:44:00;USR-1322;32;PS5;8;0;2000;App;CS2;4.0;0
SESS-11649;2026-08-08 11:48:00;USR-1461;36;Standard;2;0;200;Card;PUBG;4.0;0
SESS-13649;2026-08-09 01:39:00;USR-1185;27;Standard;3;0;300;Card;Minecraft;5.0;0
SESS-10258;2026-08-03 03:03:00;USR-1698;15;VIP;1;180;200;Card;Dota 2;4.0;0
SESS-13926;2026-08-11 10:55:00;USR-1525;15;Standard;3;0;300;Cash;CS2;4.0;0
SESS-10847;2026-08-04 13:32:00;USR-1239;24;Bootcamp;3;0;450;Card;CS2;5.0;0
SESS-13897;2026-08-15 20:39:00;USR-1288;16;Bootcamp;3;490;405;Card;PUBG;4.0;1
SESS-14617;2026-08-14 05:51:00;USR-1414;22;Standard;5;0;500;Card;CS2;3.0;0
SESS-11233;2026-08-03 04:20:00;USR-1614;22;Bootcamp;2;260;300;Cash;Dota 2;4.5;0
SESS-11127;2026-08-01 14:26:00;USR-1765;19;Bootcamp;1;0;135;Card;Valorant;1.0;1
SESS-12908;2026-08-24 05:45:00;USR-1121;19;Standard;3;0;300;;Dota 2;5.0;0
SESS-11967;2026-08-10 15:39:00;USR-1397;21;VIP;2;0;360;Card;CS2;1.0;1
SESS-10558;2026-08-18 20:10:00;USR-1716;17;Standard;2;160;200;Cash;Valorant;4.5;0
SESS-10904;2026-08-14 16:09:00;USR-1296;18;Standard;2;160;200;Card;Minecraft;3.0;0
SESS-10484;2026-08-09 06:12:00;USR-1088;29;PS5;2;0;500;App;CS2;3.0;0
SESS-12211;2026-08-24 23:28:00;USR-1567;20;Standard;3;0;300;Card;Dota 2;5.0;0
SESS-11320;2026-08-28 19:05:00;USR-1463;15;Standard;2;0;180;Card;PUBG;1.0;1
SESS-12775;2026-08-16 13:42:00;USR-1224;17;Standard;3;0;270;Card;CS2;4.5;1
SESS-12555;2026-08-20 17:09:00;USR-1462;20;Standard;2;0;200;Card;CS2;4.0;0
SESS-10007;2026-08-17 07:54:00;USR-1432;20;Bootcamp;8;0;1200;Card;Dota 2;4.0;0
SESS-12315;2026-08-31 21:59:00;USR-1554;25;Standard;2;400;180;Cash;Dota 2;4.5;1
SESS-14993;2026-08-01 23:11:00;USR-1732;28;Standard;5;0;500;Card;Browser/Work;5.0;0
SESS-13871;2026-08-10 12:56:00;USR-1531;25;Standard;2;0;200;App;Dota 2;3.0;0
SESS-14936;2026-08-30 10:46:00;USR-1139;25;VIP;3;460;600;Cash;Cyberpunk 2077;4.5;0
SESS-11450;2026-08-03 14:32:00;USR-1229;16;Standard;2;0;180;Cash;PUBG;3.0;1
SESS-11201;2026-08-09 08:26:00;USR-1150;21;Bootcamp;3;490;450;Card;Dota 2;3.0;0
SESS-12426;2026-08-20 18:43:00;USR-1727;25;VIP;3;340;600;Card;CS2;4.5;0
SESS-11814;2026-08-23 16:06:00;USR-1345;21;Standard;12;0;1200;App;Valorant;4.0;0
SESS-10773;2026-08-24 01:29:00;USR-1175;21;VIP;2;350;400;App;PUBG;4.0;0
SESS-12274;2026-08-24 22:31:00;USR-1123;22;Standard;2;0;180;Card;Dota 2;5.0;1
SESS-11011;2026-08-01 01:14:00;USR-1518;25;Bootcamp;3;610;450;App;Deadlock;4.0;0
SESS-13320;2026-08-31 06:42:00;USR-1204;35;Standard;1;120;100;Cash;Minecraft;3.0;0
SESS-12887;2026-08-24 00:37:00;USR-1123;22;Standard;12;600;1200;App;PUBG;4.0;0
SESS-11991;2026-08-09 07:21:00;USR-1113;17;PS5;1;80;225;Card;PUBG;3.0;1
SESS-11277;2026-08-19 21:21:00;USR-1471;16;VIP;1;150;200;App;Dota 2;5.0;0
SESS-11783;2026-08-21 13:49:00;USR-1088;29;Standard;12;2400;1200;Card;Dota 2;2.0;0
SESS-13669;2026-08-23 00:08:00;USR-1784;32;Standard;1;50;90;;Apex Legends;5.0;1
SESS-10446;2026-08-19 04:52:00;USR-1587;20;Standard;4;0;400;Card;CS2;4.0;0
SESS-10880;2026-08-25 19:10:00;USR-1241;25;PS5;8;0;2000;Card;CS2;4.0;0
SESS-14867;2026-08-28 21:59:00;USR-1710;35;Bootcamp;1;0;150;App;PUBG;5.0;0
SESS-10781;2026-08-05 09:33:00;USR-1473;26;Bootcamp;4;900;600;Card;Minecraft;2.0;0
SESS-11749;2026-08-14 21:53:00;USR-1723;31;Standard;12;960;1200;Card;Minecraft;3.0;0
SESS-14005;2026-08-29 02:04:00;USR-1285;25;VIP;4;450;720;Card;Valorant;5.0;1
SESS-14738;2026-08-11 09:59:00;USR-1745;22;VIP;1;330;200;Card;Dota 2;4.0;0
SESS-12423;2026-08-19 10:40:00;USR-1051;32;VIP;8;1700;1600;Card;Dota 2;4.5;0
SESS-15301;2026-08-02 05:16:00;USR-1241;25;VIP;3;0;600;Card;Apex Legends;4.5;0
SESS-14693;2026-08-31 12:01:00;USR-1175;21;Standard;3;0;270;Card;Minecraft;5.0;1
SESS-10883;2026-08-18 01:23:00;USR-1306;24;VIP;3;400;540;Card;Dota 2;4.0;1
SESS-14769;2026-08-30 23:07:00;USR-1250;26;VIP;3;0;600;Card;GTA V;5.0;0
SESS-11091;2026-08-31 11:45:00;USR-1055;17;PS5;3;0;750;Card;Deadlock;4.0;0
SESS-13804;2026-08-15 10:38:00;USR-1496;18;VIP;1;0;200;Card;Deadlock;4.5;0
SESS-13464;2026-08-15 23:32:00;USR-1702;23;PS5;4;0;1000;App;PUBG;4.0;0
SESS-10531;2026-08-09 22:38:00;USR-1663;23;Standard;2;0;180;Cash;Valorant;4.0;1
SESS-15246;2026-08-31 03:39:00;USR-1212;22;Standard;2;0;200;Cash;Valorant;5.0;0
SESS-12438;2026-08-24 14:10:00;USR-1612;22;Standard;1;120;100;Card;Dota 2;3.0;0
SESS-14412;2026-08-22 04:04:00;USR-1255;18;Standard;4;0;400;Cash;Valorant;2.0;0
SESS-14326;2026-08-26 17:35:00;USR-1224;17;Standard;5;400;500;Card;Dota 2;4.0;0
SESS-13527;2026-08-09 04:40:00;USR-1499;17;Standard;2;160;200;App;CS2;5.0;0
SESS-14456;2026-08-13 20:57:00;USR-1526;22;PS5;1;0;225;Card;PUBG;4.5;1
SESS-12290;2026-08-02 08:01:00;USR-1749;15;VIP;2;0;360;Card;Dota 2;4.0;1
SESS-11727;2026-08-30 17:55:00;USR-1663;23;Standard;3;0;300;Card;CS2;4.5;0
SESS-10610;2026-08-17 04:05:00;USR-1062;24;VIP;2;0;360;Card;Dota 2;3.0;1
SESS-10570;2026-08-04 00:06:00;USR-1484;17;Standard;2;0;200;Card;CS2;3.0;0
SESS-13819;2026-08-23 17:49:00;USR-1557;22;Bootcamp;4;0;600;Card;Dota 2;4.5;0
SESS-14354;2026-08-16 02:07:00;USR-1569;26;VIP;2;0;400;App;Valorant;4.0;0
SESS-10343;2026-08-11 20:10:00;USR-1223;22;Standard;4;0;400;Card;CS2;4.0;0
SESS-13543;2026-08-20 17:12:00;USR-1338;30;Standard;1;0;100;Card;Dota 2;2.0;0
SESS-14865;2026-08-27 23:44:00;USR-1680;29;Bootcamp;3;0;450;Card;Dota 2;5.0;0
SESS-10434;2026-08-08 04:21:00;USR-1350;16;VIP;3;0;600;Card;CS2;4.5;0
SESS-11903;2026-08-13 01:18:00;USR-1312;15;Standard;2;0;200;Card;Valorant;4.5;0
SESS-10097;2026-08-02 22:14:00;USR-1106;26;Bootcamp;5;650;750;Card;Dota 2;4.5;0
SESS-12951;2026-08-11 20:03:00;USR-1141;39;VIP;1;0;200;Card;CS2;3.0;0
SESS-12069;2026-08-26 01:46:00;USR-1577;24;VIP;4;0;800;App;Valorant;4.0;0
SESS-11537;2026-08-30 16:07:00;USR-1653;15;Bootcamp;3;0;450;App;CS2;4.0;0
SESS-12664;2026-08-25 08:11:00;USR-1492;15;Standard;1;0;100;Card;Browser/Work;4.5;0
SESS-12767;2026-08-12 07:27:00;USR-1442;30;VIP;3;0;540;App;CS2;5.0;1
SESS-11517;2026-08-26 23:07:00;USR-1706;16;Standard;3;150;300;Cash;Minecraft;3.0;0
SESS-10965;2026-08-07 08:22:00;USR-1671;15;Standard;2;0;200;Card;Minecraft;4.5;0
SESS-14790;2026-08-31 08:40:00;USR-1021;24;Standard;4;0;400;App;Minecraft;5.0;0
SESS-10528;2026-08-01 22:05:00;USR-1223;22;Bootcamp;1;0;150;Card;CS2;4.0;0
SESS-10176;2026-08-31 07:38:00;USR-1693;24;Standard;5;0;500;App;Dota 2;3.0;0
SESS-12470;2026-08-27 09:30:00;USR-1057;19;Bootcamp;8;0;1200;Card;Dota 2;4.5;0
SESS-14103;2026-08-17 06:58:00;USR-1038;19;Standard;3;600;270;App;Dota 2;5.0;1
SESS-13727;2026-08-30 08:11:00;USR-1385;19;VIP;2;0;360;Card;Apex Legends;3.0;1
SESS-14665;2026-08-31 17:41:00;USR-1148;25;Standard;8;0;720;Cash;Valorant;3.0;1
SESS-10572;2026-08-11 17:01:00;USR-1143;24;Standard;3;240;300;Card;CS2;4.0;0
SESS-13256;2026-08-11 06:36:00;USR-1121;19;Standard;1;0;100;Card;PUBG;4.0;0
SESS-10592;2026-08-13 17:59:00;USR-1605;20;VIP;3;850;600;Card;PUBG;4.0;0
SESS-14517;2026-08-11 09:53:00;USR-1397;21;Bootcamp;2;0;300;Card;Deadlock;3.0;0
SESS-14353;2026-08-08 15:39:00;USR-1444;18;Standard;8;0;800;App;Cyberpunk 2077;1.0;0
SESS-12374;2026-08-06 04:19:00;USR-1337;15;Standard;1;0;90;Cash;Dota 2;5.0;1
SESS-15097;2026-08-03 16:36:00;USR-1769;21;VIP;3;0;600;Card;CS2;5.0;0
SESS-13794;2026-08-03 08:32:00;USR-1572;26;Bootcamp;1;300;150;Card;Apex Legends;4.0;0
SESS-15058;2026-08-23 22:37:00;USR-1596;24;Bootcamp;3;0;450;Card;Dota 2;3.0;0
SESS-12208;2026-08-07 02:33:00;USR-1741;21;VIP;5;700;1000;App;Cyberpunk 2077;4.0;0
SESS-13458;2026-08-09 19:59:00;USR-1771;17;Bootcamp;2;0;300;Card;Valorant;5.0;0
SESS-12492;2026-08-22 03:47:00;USR-1125;23;Standard;5;0;500;Card;CS2;4.5;0
SESS-13580;2026-08-08 10:50:00;USR-1364;15;Standard;3;0;300;Card;CS2;4.5;0
SESS-10383;2026-08-31 23:20:00;USR-1565;38;VIP;1;0;200;App;CS2;5.0;0
SESS-10852;2026-08-18 15:06:00;USR-1135;22;Standard;1;0;100;Card;Valorant;5.0;0
SESS-11880;2026-08-23 17:42:00;USR-1090;20;Standard;3;0;300;App;Minecraft;5.0;0
SESS-10370;2026-08-03 21:43:00;USR-1699;14;VIP;3;700;600;App;Dota 2;5.0;0
SESS-12801;2026-08-04 00:05:00;USR-1503;21;Standard;1;0;90;Card;PUBG;3.0;1
SESS-14848;2026-08-04 04:24:00;USR-1247;21;VIP;4;1050;720;Cash;PUBG;5.0;1
SESS-14695;2026-08-26 08:47:00;USR-1381;14;VIP;5;0;1000;Cash;Dota 2;4.5;0
SESS-11105;2026-08-05 09:19:00;USR-1256;20;VIP;4;0;800;Card;Cyberpunk 2077;5.0;0
SESS-14459;2026-08-27 23:31:00;USR-1418;39;Standard;2;0;200;App;Minecraft;4.0;0
SESS-12361;2026-08-01 16:11:00;USR-1249;32;VIP;5;1250;1000;Card;Minecraft;4.5;0
SESS-14375;2026-08-21 21:09:00;USR-1662;14;Standard;1;50;100;Cash;Dota 2;4.5;0
SESS-11336;2026-08-09 20:37:00;USR-1753;16;Standard;2;0;200;Card;PUBG;4.0;0
SESS-12189;2026-08-29 20:09:00;USR-1667;23;Standard;3;240;300;App;CS2;4.0;0
SESS-14988;2026-08-23 00:50:00;USR-1362;20; standard ;4;0;360;App;Minecraft;5.0;1
SESS-15371;2026-08-24 17:32:00;USR-1737;26;Standard;12;0;1200;Card;CS2;3.0;0
SESS-14645;2026-08-31 19:24:00;USR-1603;29;VIP;1;300;200;Card;Valorant;1.0;0
SESS-13927;2026-08-13 02:06:00;USR-1075;33;Standard;1;0;100;App;CS2;4.5;0
SESS-13733;2026-08-20 12:55:00;USR-1020;26;Bootcamp;2;260;300;Card;CS2;2.0;0
SESS-15264;2026-08-28 03:49:00;USR-1412;32;VIP;3;0;600;Card;PUBG;4.0;0
SESS-11171;2026-08-12 05:12:00;USR-1771;17;Bootcamp;8;650;1080;Card;Cyberpunk 2077;4.0;1
SESS-14381;2026-08-05 08:34:00;USR-1340;21;Standard;2;0;200;Card;GTA V;2.0;0
SESS-13970;2026-08-18 05:09:00;USR-1208;20;Standard;8;1600;720;Card;Dota 2;4.5;1
SESS-11422;2026-08-31 05:41:00;USR-1243;25;Standard;1;0;100;Card;Valorant;4.0;0
SESS-14608;2026-08-03 07:47:00;USR-1799;21;VIP;5;0;1000;Cash;Deadlock;4.5;0
SESS-15013;2026-08-03 11:51:00;USR-1107;16;Bootcamp;1;0;135;Card;Dota 2;4.5;1
SESS-14516;2026-08-03 16:50:00;USR-1040;22;Standard;4;200;400;Card;GTA V;4.0;0
SESS-11464;2026-08-29 14:34:00;USR-1543;21;PS5;12;0;2700;Card;CS2;5.0;1
SESS-10874;2026-08-22 10:26:00;USR-1005;24;Standard;3;0;270;Card;Minecraft;2.0;1
SESS-12297;2026-08-21 04:24:00;USR-1643;23;Standard;3;0;300;Card;Browser/Work;4.0;0
SESS-12643;2026-08-12 03:28:00;USR-1330;18;Standard;1;0;90;Card;CS2;5.0;1
SESS-12807;2026-08-25 06:56:00;USR-1628;23;VIP;2;0;360;Card;Valorant;3.0;1
SESS-14713;2026-08-17 14:11:00;USR-1322;32;VIP;2;410;360;Card;Dota 2;4.5;1
SESS-11251;2026-08-07 13:25:00;USR-1182;23;Standard;2;0;200;Card;Dota 2;4.5;0
SESS-12770;2026-08-08 22:02:00;USR-1157;15;Standard;1;50;90;Card;CS2;5.0;1
SESS-10840;2026-08-07 02:25:00;USR-1536;14;VIP;12;850;2400;Card;Dota 2;3.0;0
SESS-13624;2026-08-28 10:12:00;USR-1401;24;Standard;3;600;300;Card;Valorant;4.0;0
SESS-10581;2026-08-10 00:19:00;USR-1781;21;Standard;2;240;200;App;Valorant;4.0;0
SESS-10204;2026-08-14 11:09:00;USR-1056;18;Standard;2;0;200;Card;CS2;5.0;0
SESS-11641;2026-08-08 00:48:00;USR-1796;36;Bootcamp;1;220;150;Card;CS2;2.0;0
SESS-12014;2026-08-03 00:20:00;USR-1555;16;Standard;8;960;800;Card;Dota 2;3.0;0
SESS-10905;2026-08-04 00:45:00;USR-1594;18;Bootcamp;3;0;405;App;Dota 2;3.0;1
SESS-10631;2026-08-31 13:33:00;USR-1106;26;VIP;4;0;720;Card;PUBG;4.0;1
SESS-13654;2026-08-10 10:19:00;USR-1089;31;PS5;8;0;2000;Cash;Minecraft;3.0;0
SESS-11974;2026-08-24 22:27:00;USR-1619;18;Standard;1;0;100;Card;Dota 2;5.0;0
SESS-10162;2026-08-10 06:14:00;USR-1583;24;Standard;2;0;200;Card;Dota 2;5.0;0
SESS-14983;2026-08-20 10:38:00;USR-1313;19;Standard;3;0;300;App;GTA V;4.0;0
SESS-14217;2026-08-23 12:22:00;USR-1088;29;Standard;2;0;180;Cash;GTA V;5.0;1
SESS-15349;2026-08-15 19:40:00;USR-1669;20;Standard;2;240;200;App;Dota 2;5.0;0
SESS-12924;2026-08-29 13:07:00;USR-1112;24;Standard;4;800;400;Card;Dota 2;4.0;0
SESS-10617;2026-08-16 14:30:00;USR-1649;30;Standard;3;0;300;Card;Valorant;5.0;0
SESS-10875;2026-08-23 23:11:00;USR-1457;19;VIP;2;650;360;Card;Deadlock;3.0;1
SESS-11431;2026-08-25 11:53:00;USR-1489;25;Standard;8;960;800;App;Dota 2;3.0;0
SESS-10547;2026-08-09 01:09:00;USR-1092;21;Standard;2;0;200;Card;Dota 2;4.5;0
SESS-13937;2026-08-20 13:53:00;USR-1402;17;Standard;2;0;200;Card;CS2;2.0;0
SESS-14940;2026-08-14 02:24:00;USR-1578;18;VIP;3;340;600;Card;CS2;4.0;0
SESS-14586;2026-08-15 11:14:00;USR-1601;30;VIP ;3;0;270;Cash;Valorant;4.0;1
SESS-12815;2026-08-02 10:11:00;USR-1786;37;Standard;2;0;200;Card;CS2;3.0;0
SESS-14406;2026-08-13 21:41:00;USR-1328;38;Bootcamp;2;500;300;Card;CS2;5.0;0
SESS-12921;2026-08-31 19:50:00;USR-1166;20;Bootcamp;2;410;300;Card;CS2;5.0;0
SESS-14438;2026-08-30 03:41:00;USR-1014;24;Standard;8;400;800;Card;CS2;4.5;0
SESS-11861;2026-08-06 05:57:00;USR-1599;36;VIP;2;350;360;Card;CS2;4.5;1
SESS-12659;2026-08-08 10:33:00;USR-1035;15;Standard;3;0;270;Card;Dota 2;4.5;1
SESS-10640;2026-08-26 04:41:00;USR-1484;17;PS5;2;0;500;Card;CS2;4.5;0
SESS-14055;2026-08-29 20:49:00;USR-1070;21;Bootcamp;4;570;540;Card;CS2;4.5;1
SESS-10637;2026-08-16 07:36:00;USR-1794;23;Standard;3;0;300;Card;Cyberpunk 2077;4.0;0
SESS-14446;2026-08-28 12:54:00;USR-1507;14;VIP;12;0;2160;Card;Dota 2;4.0;1
SESS-14094;2026-08-07 02:17:00;USR-1777;25;Bootcamp;2;0;300;Card;Valorant;4.0;0
SESS-12308;2026-08-30 15:46:00;USR-1500;23;Standard;2;400;200;App;Minecraft;4.0;0
SESS-13525;2026-08-15 21:17:00;USR-1011;22;Standard;2;0;200;Card;Dota 2;2.0;0
SESS-12096;2026-08-19 11:11:00;USR-1333;23;Standard;5;250;500;Card;Dota 2;4.5;0
SESS-14876;2026-08-19 00:59:00;USR-1375;24;VIP ;4;480;900;App;Valorant;5.0;1
SESS-13632;2026-08-08 17:33:00;USR-1009;34;PS5;2;0;500;Card;Dota 2;4.0;0
SESS-11372;2026-08-07 20:17:00;USR-1633;21;Standard;1;50;90;Cash;Dota 2;4.5;1
SESS-14688;2026-08-28 09:09:00;USR-1714;15;Standard;4;320;400;Card;Dota 2;5.0;0
SESS-10921;2026-08-14 17:59:00;USR-1035;15;Standard;12;0;1200;Card;Valorant;3.0;0
SESS-10546;2026-08-21 23:41:00;USR-1581;15;VIP;2;0;360;Card;Valorant;5.0;1
SESS-11449;2026-08-21 20:36:00;USR-1048;28;Bootcamp;2;490;300;Cash;Dota 2;3.0;0
SESS-12610;2026-08-08 04:26:00;USR-1172;25;Bootcamp;4;300;600;Card;Minecraft;4.0;0
SESS-11900;2026-08-26 18:10:00;USR-1244;19;Standard;1;120;90;Card;Valorant;4.0;1
SESS-12028;2026-08-12 15:07:00;USR-1695;14;VIP;2;410;400;Card;Valorant;4.5;0
SESS-12301;2026-08-31 19:00:00;USR-1093;16;Standard;2;160;200;Card;Dota 2;3.0;0
SESS-11885;2026-08-01 04:43:00;USR-1786;37;Standard;5;0;500;App;Dota 2;1.0;0
SESS-11642;2026-08-20 16:56:00;USR-1008;14;Standard;2;0;200;Cash;CS2;4.5;0
SESS-10972;2026-08-29 17:09:00;USR-1680;29;Standard;3;0;300;Card;Dota 2;4.0;0
SESS-15222;2026-08-03 00:11:00;USR-1621;28;Bootcamp;1;220;150;Card;CS2;4.5;0
SESS-12097;2026-08-04 19:26:00;USR-1760;20;VIP;2;0;360;Card;Minecraft;5.0;1
SESS-14731;2026-08-03 01:49:00;USR-1446;15;VIP;2;0;400;Card;Valorant;4.0;0
SESS-14152;2026-08-03 04:31:00;USR-1417;26;Standard;3;0;300;Card;PUBG;3.0;0
SESS-14886;2026-08-30 06:32:00;USR-1010;22;Bootcamp;2;200;300;Card;CS2;4.0;0
SESS-12656;2026-08-24 16:12:00;USR-1539;19;Bootcamp;1;0;150;App;Dota 2;4.5;0
SESS-10836;2026-08-20 03:53:00;USR-1095;16;Standard;2;0;200;Card;CS2;4.0;0
SESS-10601;2026-08-04 22:27:00;USR-1729;25;PS5;2;100;450;Card;Dota 2;4.5;1
SESS-12184;2026-08-05 19:05:00;USR-1079;20;Standard;1;80;100;Card;Deadlock;4.0;0
SESS-14328;2026-08-12 06:24:00;USR-1316;17;PS5;12;1440;3000;Card;CS2;4.0;0
SESS-14006;2026-08-11 20:41:00;USR-1746;24;Standard;8;640;800;Card;Dota 2;4.5;0
SESS-14677;2026-08-28 10:53:00;USR-1146;17;Standard;2;0;200;Card;CS2;5.0;0
SESS-11582;2026-08-11 07:24:00;USR-1161;19;Standard;3;0;270;App;Minecraft;4.0;1
SESS-14633;2026-08-21 21:45:00;USR-1197;24;Standard;8;0;800;Card;CS2;5.0;0
SESS-14220;2026-08-27 06:02:00;USR-1797;19;PS5;4;0;900;Card;Dota 2;4.0;1
SESS-14204;2026-08-31 17:32:00;USR-1365;15;Standard;2;160;200;App;CS2;4.0;0
SESS-11070;2026-08-08 18:22:00;USR-1442;30;Standard;3;600;300;Cash;Dota 2;4.5;0
SESS-11775;2026-08-15 18:53:00;USR-1458;15;Bootcamp;3;0;405;Card;Valorant;4.0;1
SESS-15221;2026-08-28 06:54:00;USR-1230;17;Bootcamp;3;0;450;App;Dota 2;4.5;0
SESS-11283;2026-08-27 13:02:00;USR-1721;22;Bootcamp;1;0;150;App;Deadlock;4.5;0
SESS-13604;2026-08-22 12:52:00;USR-1489;25;Bootcamp;3;400;450;Card;CS2;1.0;0
SESS-13866;2026-08-21 09:06:00;USR-1077;25;VIP;1;450;180;Card;Dota 2;5.0;1
SESS-15164;2026-08-26 23:10:00;USR-1099;18;VIP;8;1700;1440;Card;Dota 2;3.0;1
SESS-11836;2026-08-24 00:00:00;USR-1414;22;VIP;1;180;200;App;Valorant;2.0;0
SESS-14607;2026-08-03 13:59:00;USR-1055;17;Bootcamp;2;340;300;Card;PUBG;4.5;0
SESS-11019;2026-08-05 23:24:00;USR-1676;24;VIP ;4;900;600;App;Dota 2;4.5;0
SESS-13787;2026-08-27 05:24:00;USR-1399;19;Standard;2;0;200;Card;Valorant;4.0;0
SESS-11326;2026-08-26 20:18:00;USR-1783;16;VIP;2;410;400;Card;Dota 2;3.0;0
SESS-10475;2026-08-08 07:18:00;USR-1388;25;Bootcamp;1;0;150;App;PUBG;5.0;0
SESS-15026;2026-08-08 17:09:00;USR-1121;19;Standard;2;240;200;Card;Cyberpunk 2077;4.5;0
SESS-11651;2026-08-14 08:49:00;USR-1306;24;PS5;12;0;3000;App;Dota 2;4.0;0
SESS-15045;2026-08-17 00:44:00;USR-1054;17;Standard;4;0;400;Cash;Dota 2;4.5;0
SESS-14652;2026-08-22 00:38:00;USR-1145;21;Standard;5;0;500;App;CS2;4.5;0
SESS-12528;2026-08-06 12:10:00;USR-1381;14;Bootcamp;3;0;450;Cash;CS2;4.5;0
SESS-15370;2026-08-16 02:44:00;USR-1102;18;Standard;3;0;300;Card;CS2;5.0;0
SESS-13758;2026-08-21 16:29:00;USR-1745;22;VIP;2;260;400;Card;Valorant;4.5;0
SESS-13043;2026-08-15 13:06:00;USR-1052;18;Standard;2;0;200;Card;Dota 2;4.5;0
SESS-11373;2026-08-19 06:07:00;USR-1639;24;Standard;4;0;400;App;CS2;1.0;0
SESS-10739;2026-08-20 11:28:00;USR-1092;21;Standard;4;200;400;App;Valorant;3.0;0
SESS-14183;2026-08-17 13:54:00;USR-1598;21;Bootcamp;2;350;300;App;CS2;5.0;0
SESS-12877;2026-08-17 23:36:00;USR-1673;26;Standard;3;0;300;Card;PUBG;5.0;0
SESS-10867;2026-08-01 06:45:00;USR-1495;16;Bootcamp;5;500;750;App;Dota 2;4.0;0
SESS-11140;2026-08-22 22:23:00;USR-1401;24;Bootcamp;4;730;540;Card;Cyberpunk 2077;2.0;1
SESS-10997;2026-08-07 22:54:00;USR-1189;31;Standard;1;120;100;App;Valorant;4.0;0
SESS-11337;2026-08-07 14:30:00;USR-1257;23;PS5;2;0;500;Card;Valorant;4.5;0
SESS-10541;2026-08-27 16:58:00;USR-1442;30;VIP;2;0;360;App;Minecraft;5.0;1
SESS-11099;2026-08-30 14:38:00;USR-1482;15;Bootcamp;3;460;405;;Valorant;3.0;1
SESS-11132;2026-08-04 07:19:00;USR-1307;20;Standard;4;0;400;Card;CS2;4.0;0
SESS-15268;2026-08-07 17:25:00;USR-1631;28;Bootcamp;8;1210;1200;Card;Dota 2;5.0;0
SESS-13200;2026-08-15 23:12:00;USR-1128;25;Standard;1;0;100;Card;Valorant;4.0;0
SESS-12258;2026-08-17 18:04:00;USR-1221;21;Standard;3;0;300;Card;CS2;5.0;0
SESS-14395;2026-08-28 22:29:00;USR-1228;17;PS5;8;1600;2000;Card;Minecraft;4.0;0
SESS-10059;2026-08-20 00:16:00;USR-1119;24;Standard;1;80;100;App;Apex Legends;4.0;0
SESS-14165;2026-08-02 20:27:00;USR-1704;41;Standard;4;0;400;Card;Dota 2;4.5;0
SESS-11938;2026-08-24 07:20:00;USR-1751;22;Bootcamp;12;1060;1800;Card;Minecraft;4.0;0
SESS-13137;2026-08-15 09:41:00;USR-1241;25;Standard;12;0;1200;App;Dota 2;3.0;0
SESS-15362;2026-08-17 20:34:00;USR-1236;19;Bootcamp;2;0;300;Card;Minecraft;4.0;0
SESS-12827;2026-08-21 12:49:00;USR-1248;31;PS5;4;320;900;App;Dota 2;5.0;1
SESS-13537;2026-08-08 10:24:00;USR-1043;21;Standard;12;0;1200;App;Valorant;5.0;0
SESS-11078;2026-08-21 11:20:00;USR-1611;29;Bootcamp;12;2500;1800;App;Valorant;3.0;0
SESS-14113;2026-08-30 23:23:00;USR-1769;21;Standard;4;480;360;Card;PUBG;5.0;1
SESS-13814;2026-08-09 02:51:00;USR-1672;19;PS5;3;360;750;Cash;Minecraft;4.5;0
SESS-13693;2026-08-23 05:03:00;USR-1139;25;VIP;2;0;400;App;CS2;5.0;0
SESS-14631;2026-08-01 02:48:00;USR-1143;24;PS5;3;600;675;Card;Dota 2;4.0;1
SESS-12630;2026-08-17 02:39:00;USR-1100;17;Standard;2;100;200;Card;Apex Legends;4.5;0
SESS-14833;2026-08-11 22:21:00;USR-1149;21;Standard;3;0;300;Card;Deadlock;4.5;0
SESS-10940;2026-08-03 13:07:00;USR-1640;25;Standard;2;0;200;Card;CS2;3.0;0
SESS-11080;2026-08-06 06:08:00;USR-1203;21;Standard;2;0;200;Card;CS2;4.0;0
SESS-10187;2026-08-11 10:28:00;USR-1220;20;PS5;2;0;500;App;Deadlock;2.0;0
SESS-13100;2026-08-16 15:16:00;USR-1336;14;Bootcamp;3;0;450;Card;Dota 2;5.0;0
SESS-12085;2026-08-24 02:10:00;USR-1024;26;Standard;4;480;400;App;CS2;4.0;0
SESS-12249;2026-08-08 21:43:00;USR-1473;26;Bootcamp;2;340;300;Card;Valorant;5.0;0
SESS-13070;2026-08-22 08:01:00;USR-1048;28;VIP;3;400;600;Card;CS2;4.5;0
SESS-15312;2026-08-11 20:15:00;USR-1077;25;Standard;2;160;180;Card;Dota 2;4.5;1
SESS-12023;2026-08-27 17:49:00;USR-1339;19;Standard;2;240;180;Card;Dota 2;5.0;1
SESS-13159;2026-08-04 02:42:00;USR-1389;22;Standard;3;0;300;Card;Dota 2;4.0;0
SESS-11492;2026-08-07 06:00:00;USR-1001;26;PS5;1;0;250;Cash;Valorant;4.5;0
SESS-14761;2026-08-31 03:27:00;USR-1500;23;Standard;1;0;90;Card;Dota 2;5.0;1
SESS-10226;2026-08-17 20:08:00;USR-1306;24;Standard;1;80;100;Card;Apex Legends;5.0;0
SESS-14701;2026-08-31 22:25:00;USR-1167;17;PS5;8;960;1800;App;Minecraft;5.0;1
SESS-12583;2026-08-27 04:02:00;USR-1177;21;VIP;3;250;600;Card;Deadlock;5.0;0
SESS-11929;2026-08-14 13:29:00;USR-1665;24;Bootcamp;4;0;600;Card;Dota 2;5.0;0
SESS-13941;2026-08-26 21:14:00;USR-1517;17;Standard;3;0;300;App;CS2;4.0;0
SESS-14881;2026-08-25 05:19:00;USR-1738;24;Standard;2;240;200;Card;Valorant;4.5;0
SESS-11404;2026-08-10 16:42:00;USR-1301;24;Standard;2;0;200;Card;GTA V;4.0;0
SESS-12179;2026-08-31 04:24:00;USR-1417;26;VIP;2;500;400;Card;CS2;2.0;0
SESS-10697;2026-08-12 14:59:00;USR-1110;22;Standard;2;0;200;App;CS2;4.0;0
SESS-11124;2026-08-26 06:26:00;USR-1259;22;Bootcamp;1;450;150;Card;Valorant;2.0;0
SESS-13296;2026-08-21 02:43:00;USR-1251;27;Standard;12;600;1200;App;Dota 2;4.0;0
SESS-13442;2026-08-14 03:44:00;USR-1505;28;Standard;3;0;300;Card;Valorant;4.5;0
SESS-11778;2026-08-29 20:35:00;USR-1552;21;VIP;3;0;600;Cash;PUBG;2.0;0
SESS-12634;2026-08-14 12:10:00;USR-1027;15;PS5;8;640;2000;App;Minecraft;5.0;0
SESS-13370;2026-08-05 23:20:00;USR-1407;24;Standard;8;0;800;Card;Valorant;4.0;0
SESS-11037;2026-08-08 00:17:00;USR-1289;19;Standard;5;0;500;App;Minecraft;4.5;0
SESS-14536;2026-08-05 23:12:00;USR-1775;22;VIP;2;0;400;Cash;Valorant;3.0;0
SESS-12256;2026-08-29 05:08:00;USR-1598;21;Standard;2;0;200;App;CS2;4.0;0
SESS-15367;2026-08-26 10:40:00;USR-1772;23;Standard;2;100;200;Cash;Minecraft;3.0;0
SESS-10313;2026-08-18 12:47:00;USR-1744;22;VIP;2;260;400;Cash;Dota 2;4.5;0
SESS-12649;2026-08-02 02:35:00;USR-1556;24;Standard;4;200;400;App;CS2;4.0;0
SESS-12281;2026-08-08 00:58:00;USR-1459;22;Bootcamp;3;0;450;Card;Minecraft;5.0;0
SESS-13075;2026-08-29 16:49:00;USR-1117;20;Standard;2;160;200;Card;Dota 2;3.0;0
SESS-12547;2026-08-28 02:57:00;USR-1418;39;Standard;4;800;400;Card;Deadlock;4.0;0
SESS-11416;2026-08-03 11:28:00;USR-1424;24;VIP;4;0;720;Cash;CS2;3.0;1
SESS-11036;2026-08-21 09:34:00;USR-1207;22;PS5;3;0;750;Cash;Dota 2;3.0;0
SESS-12159;2026-08-21 16:02:00;USR-1294;25;Standard;2;0;200;Card;CS2;4.5;0
SESS-14524;2026-08-31 23:41:00;USR-1545;26;VIP;3;0;600;Card;Valorant;4.0;0
SESS-11754;2026-08-30 05:22:00;USR-1777;25;Standard;2;0;200;Card;Minecraft;4.5;0
SESS-13678;2026-08-18 15:19:00;USR-1675;21;Standard;3;0;270;;Minecraft;2.0;1
SESS-15295;2026-08-20 14:08:00;USR-1303;22;PS5;3;0;675;Card;CS2;4.0;1
SESS-15027;2026-08-11 16:31:00;USR-1154;24;Standard;1;120;100;Card;Valorant;4.0;0
SESS-12520;2026-08-20 15:14:00;USR-1087;21;VIP;2;0;360;App;CS2;3.0;1
SESS-14080;2026-08-28 12:01:00;USR-1337;15;Standard;5;0;500;Card;Minecraft;2.0;0
SESS-13950;2026-08-06 13:38:00;USR-1057;19;Standard;1;0;100;Card;Dota 2;4.5;0
SESS-14320;2026-08-12 06:22:00;USR-1351;35;VIP;4;0;800;Card;Dota 2;4.0;0
SESS-11506;2026-08-03 01:00:00;USR-1002;36;Bootcamp;4;570;540;Card;Dota 2;5.0;1
SESS-11923;2026-08-19 12:53:00;USR-1761;25;Standard;2;160;180;App;Dota 2;4.0;1
SESS-10448;2026-08-31 04:44:00;USR-1157;15;VIP;2;490;400;Card;Dota 2;5.0;0
SESS-13162;2026-08-24 14:40:00;USR-1102;18;Standard;4;200;400;Card;Dota 2;3.0;0
SESS-15211;2026-08-03 15:01:00;USR-1401;24;Bootcamp;2;490;270;App;Minecraft;4.0;1
SESS-14183;2026-08-17 13:54:00;USR-1598;21;Bootcamp;2;350;300;App;CS2;5.0;0
SESS-13477;2026-08-26 11:55:00;USR-1785;18;VIP;3;0;600;Card;CS2;4.0;0
SESS-10361;2026-08-02 05:23:00;USR-1790;34;Standard;1;0;100;Cash;Dota 2;5.0;0
SESS-12183;2026-08-22 03:43:00;USR-1340;21;Bootcamp;4;570;540;Card;Minecraft;4.0;1
SESS-11134;2026-08-09 04:29:00;USR-1205;22;Bootcamp;2;0;270;Cash;Dota 2;5.0;1
SESS-14339;2026-08-10 16:00:00;USR-1083;22;Standard;2;400;200;Cash;Valorant;4.0;0
SESS-12155;2026-08-15 20:26:00;USR-1076;35;Standard;2;160;200;App;Dota 2;3.0;0
SESS-11830;2026-08-26 11:58:00;USR-1109;16;Bootcamp;4;420;600;Card;CS2;4.5;0
SESS-11053;2026-08-07 12:44:00;USR-1551;17;Bootcamp;4;450;600;Card;Valorant;5.0;0
SESS-12460;2026-08-21 18:05:00;USR-1429;18;Standard;1;120;100;Card;CS2;4.5;0
SESS-10022;2026-08-09 18:27:00;USR-1776;33;Bootcamp;2;0;300;Card;PUBG;4.5;0
SESS-12066;2026-08-24 06:36:00;USR-1674;19;Standard;3;0;300;Card;CS2;4.0;0
SESS-11653;2026-08-06 04:00:00;USR-1392;19;Bootcamp;8;0;1200;Card;CS2;4.0;0
SESS-13047;2026-08-03 21:25:00;USR-1424;24;Bootcamp;8;1060;1200;Card;CS2;4.5;0
SESS-13793;2026-08-10 12:17:00;USR-1468;15;VIP;2;0;360;Card;Dota 2;4.0;1
SESS-12743;2026-08-29 00:54:00;USR-1646;22;VIP;1;370;200;Card;Dota 2;4.0;0
SESS-13298;2026-08-20 17:56:00;USR-1014;24;VIP;2;410;400;Cash;Dota 2;4.5;0
SESS-14423;2026-08-18 13:49:00;USR-1512;25;PS5;5;600;1250;Card;CS2;4.0;0
SESS-12468;2026-08-06 04:33:00;USR-1590;20;Standard;2;240;200;Cash;CS2;5.0;0
SESS-12325;2026-08-02 06:38:00;USR-1432;20;Standard;2;240;200;Card;Deadlock;5.0;0
SESS-10460;2026-08-21 20:05:00;USR-1647;22;Bootcamp;2;500;270;Card;Minecraft;1.0;1
SESS-11067;2026-08-08 10:36:00;USR-1082;32;Standard;4;0;400;Card;PUBG;4.5;0
SESS-10087;2026-08-10 10:46:00;USR-1594;18;Bootcamp;1;0;150;Card;CS2;1.0;0
SESS-11430;2026-08-23 01:18:00;USR-1729;25;Standard;3;360;300;Cash;CS2;4.5;0
SESS-13114;2026-08-14 19:26:00;USR-1287;17;Standard;3;0;300;App;Valorant;4.0;0
SESS-10282;2026-08-07 02:24:00;USR-1391;14;Standard;1;0;100;Card;Dota 2;4.5;0
SESS-12483;2026-08-09 05:53:00;USR-1762;16;PS5;2;160;500;App;Dota 2;5.0;0
SESS-10462;2026-08-05 15:04:00;USR-1575;15;PS5;2;0;500;App;CS2;4.0;0
SESS-10212;2026-08-22 11:33:00;USR-1471;16;Bootcamp;1;180;150;Card;GTA V;4.5;0
SESS-12588;2026-08-10 09:12:00;USR-1350;16;VIP;8;1210;1600;Card;Valorant;4.5;0
SESS-12944;2026-08-30 23:26:00;USR-1569;26;Standard;1;0;90;Card;Deadlock;4.0;1
SESS-12581;2026-08-20 12:24:00;USR-1597;19;PS5;3;0;750;Card;Cyberpunk 2077;4.0;0
SESS-11368;2026-08-18 06:10:00;USR-1758;17;Standard;2;0;200;Card;Dota 2;5.0;0
SESS-10234;2026-08-01 00:36:00;USR-1065;20;Standard;1;0;100;Card;GTA V;4.5;0
SESS-14709;2026-08-01 13:19:00;USR-1453;16;Standard;1;80;100;Card;CS2;4.0;0
SESS-10597;2026-08-09 20:04:00;USR-1032;21;Standard;1;80;100;Card;GTA V;4.0;0
SESS-14807;2026-08-07 00:21:00;USR-1356;19;Bootcamp;3;400;405;Card;Valorant;4.5;1
SESS-12250;2026-08-19 02:57:00;USR-1118;15;Standard;1;80;90;App;CS2;4.5;1
SESS-14420;2026-08-07 15:58:00;USR-1453;16;VIP;5;650;900;Card;Dota 2;3.0;1
SESS-12283;2026-08-24 03:50:00;USR-1309;32;Standard;2;0;200;Card;Dota 2;4.0;0
SESS-10662;2026-08-06 02:47:00;USR-1709;38;PS5;3;0;750;Card;CS2;5.0;0
SESS-12232;2026-08-19 16:17:00;USR-1210;22;VIP;8;0;1440;Card;CS2;3.0;1
SESS-12285;2026-08-12 08:23:00;USR-1543;21;Standard;2;400;200;Cash;Dota 2;4.0;0
SESS-15124;2026-08-06 23:18:00;USR-1387;15;Standard;4;0;400;Card;CS2;5.0;0
SESS-13790;2026-08-10 16:35:00;USR-1339;19;Standard;1;0;100;Card;CS2;4.0;0
SESS-14306;2026-08-24 15:56:00;USR-1316;17;Standard;1;0;100;App;Valorant;3.0;0
SESS-12948;2026-08-09 21:40:00;USR-1139;25;Standard;3;0;300;Card;CS2;4.5;0
SESS-14053;2026-08-04 06:06:00;USR-1047;26;VIP;1;370;200;Card;Dota 2;4.5;0
SESS-10779;2026-08-12 10:01:00;USR-1134;16;Standard;3;0;270;Card;CS2;4.0;1
SESS-12544;2026-08-19 18:02:00;USR-1052;18;Standard;4;0;400;Card;Apex Legends;3.0;0
SESS-13989;2026-08-16 12:25:00;USR-1238;20;Standard;12;2400;1200;Card;Dota 2;4.5;0
SESS-14046;2026-08-24 14:10:00;USR-1640;25;PS5;1;0;250;App;GTA V;3.0;0
SESS-13880;2026-08-03 09:30:00;USR-1606;20;VIP;5;1100;1000;Card;Valorant;4.5;0
SESS-15170;2026-08-02 15:44:00;USR-1594;18;Standard;2;400;200;Card;Valorant;4.0;0
SESS-15250;2026-08-14 15:49:00;USR-1622;14;Standard;2;160;200;Cash;Deadlock;4.5;0
SESS-10685;2026-08-15 15:25:00;USR-1321;15;VIP;4;0;800;Card;PUBG;5.0;0
SESS-15265;2026-08-25 20:00:00;USR-1222;16;Bootcamp;4;0;600;App;Dota 2;5.0;0
SESS-14105;2026-08-27 11:23:00;USR-1668;26;PS5;3;360;750;Card;Dota 2;4.0;0
SESS-14056;2026-08-01 17:09:00;USR-1687;20;VIP;1;0;200;App;Dota 2;5.0;0
SESS-12837;2026-08-01 12:35:00;USR-1033;18;Standard;12;0;1200;App;Valorant;1.0;0
SESS-12171;2026-08-12 17:34:00;USR-1362;20;Bootcamp;2;0;300;Card;GTA V;3.0;0
SESS-13139;2026-08-20 09:37:00;USR-1027;15;Standard;2;400;200;Card;Dota 2;5.0;0
SESS-11850;2026-08-24 18:56:00;USR-1415;23;VIP;3;0;540;Card;CS2;5.0;1
SESS-10487;2026-08-25 03:34:00;USR-1563;15;Bootcamp;12;1210;1800;Card;Valorant;4.0;0
SESS-11688;2026-08-12 18:52:00;USR-1243;25;PS5;1;0;225;App;PUBG;4.5;1
SESS-12230;2026-08-02 03:10:00;USR-1535;18;VIP;2;0;400;Card;CS2;4.0;0
SESS-14238;2026-08-03 06:53:00;USR-1054;17;VIP;2;0;400;Card;Minecraft;2.0;0
SESS-12320;2026-08-23 12:11:00;USR-1347;24;Standard;2;100;200;App;CS2;3.0;0
SESS-10782;2026-08-09 23:10:00;USR-1473;26;VIP;2;410;360;Card;CS2;3.0;1
SESS-10521;2026-08-03 03:03:00;USR-1465;14;VIP;2;500;400;Cash;CS2;4.0;0
SESS-10522;2026-08-29 03:33:00;USR-1171;18;Standard;4;480;400;Card;PUBG;5.0;0
SESS-13988;2026-08-24 02:42:00;USR-1022;19;Standard;5;0;500;Card;Dota 2;4.5;0
SESS-14379;2026-08-26 10:48:00;USR-1384;27;PS5;4;0;1000;App;Dota 2;4.5;0
SESS-12398;2026-08-04 14:26:00;USR-1235;22;VIP;2;0;400;Card;Minecraft;4.0;0
SESS-12207;2026-08-13 16:03:00;USR-1383;27;Standard;5;0;500;Card;Minecraft;4.5;0
SESS-14100;2026-08-23 16:46:00;USR-1590;20;Standard;3;0;300;App;Dota 2;5.0;0
SESS-10780;2026-08-24 05:01:00;USR-1433;34;VIP;3;400;600;Card;Deadlock;;0
SESS-14250;2026-08-02 00:11:00;USR-1175;21;Standard;3;360;300;Card;CS2;3.0;0
SESS-14809;2026-08-23 07:52:00;USR-1195;19;Bootcamp;4;730;600;App;CS2;5.0;0
SESS-11511;2026-08-23 02:55:00;USR-1368;21;Standard;3;0;300;Card;CS2;5.0;0
SESS-11882;2026-08-28 20:09:00;USR-1700;17;Standard;3;240;300;Cash;CS2;4.0;0
SESS-10651;2026-08-08 09:10:00;USR-1552;21;Standard;2;0;200;App;CS2;5.0;0
SESS-13285;2026-08-10 23:00:00;USR-1110;22;Standard;2;400;200;Card;Minecraft;4.5;0
SESS-13650;2026-08-03 19:14:00;USR-1089;31;VIP;3;0;600;App;Dota 2;4.0;0
SESS-10369;2026-08-08 03:07:00;USR-1407;24;Standard;2;0;200;Card;Minecraft;4.0;0
SESS-14753;2026-08-28 14:08:00;USR-1125;23;VIP;3;0;600;Card;CS2;4.0;0
SESS-13106;2026-08-15 02:01:00;USR-1575;15;VIP;3;0;600;Card;Minecraft;4.5;0
SESS-10118;2026-08-19 05:11:00;USR-1747;16;Standard;2;0;180;App;PUBG;5.0;1
SESS-13919;2026-08-28 12:52:00;USR-1061;18;PS5;4;0;900;Card;CS2;4.0;1
SESS-13588;2026-08-09 09:44:00;USR-1033;18;Standard;1;0;100;Card;Dota 2;4.5;0
SESS-12216;2026-08-23 20:36:00;USR-1494;15;Bootcamp;1;0;135;App;Apex Legends;3.0;1
SESS-14816;2026-08-06 07:41:00;USR-1641;24;Bootcamp;1;0;135;App;Minecraft;5.0;1
SESS-11613;2026-08-09 03:33:00;USR-1638;21;Bootcamp;3;340;405;Card;CS2;4.5;1
SESS-12883;2026-08-30 09:02:00;USR-1146;17;PS5;3;150;750;App;CS2;4.5;0
SESS-13435;2026-08-30 16:04:00;USR-1167;17;Standard;2;0;200;Card;Dota 2;5.0;0
SESS-10962;2026-08-16 17:30:00;USR-1120;15;PS5;12;0;3000;Card;Minecraft;4.5;0
SESS-12510;2026-08-27 00:17:00;USR-1220;20;Bootcamp;3;0;450;Card;Cyberpunk 2077;4.0;0
SESS-14141;2026-08-10 08:39:00;USR-1351;35;Standard;4;0;400;App;Valorant;4.0;0
SESS-13326;2026-08-17 00:12:00;USR-1440;17;Standard;3;360;300;Card;Dota 2;5.0;0
SESS-15165;2026-08-09 03:14:00;USR-1423;24;Standard;3;360;300;Card;CS2;4.5;0
SESS-14835;2026-08-25 02:29:00;USR-1128;25;VIP;3;0;600;Card;Cyberpunk 2077;5.0;0
SESS-12415;2026-08-02 17:15:00;USR-1255;18;VIP;2;490;360;Card;CS2;4.5;1
SESS-15054;2026-08-18 21:03:00;USR-1033;18;Standard;2;400;200;Card;CS2;4.5;0
SESS-14600;2026-08-08 03:35:00;USR-1174;26;Bootcamp;12;2500;1800;Card;CS2;3.0;0
SESS-12185;2026-08-11 08:35:00;USR-1273;14;Bootcamp;3;0;450;Card;CS2;4.5;0
SESS-13323;2026-08-14 23:26:00;USR-1311;15;Standard;8;0;800;Card;Dota 2;4.0;0
SESS-12567;2026-08-01 13:16:00;USR-1487;19;Standard;1;200;100;App;CS2;4.5;0
SESS-12037;2026-08-30 11:05:00;USR-1737;26;VIP;12;2500;2400;App;Valorant;4.0;0
SESS-14628;2026-08-17 04:15:00;USR-1684;23;Bootcamp;3;0;450;Card;CS2;4.5;0
SESS-10772;2026-08-11 08:31:00;USR-1240;26;Bootcamp;5;500;750;Card;Cyberpunk 2077;4.0;0
SESS-11284;2026-08-12 10:21:00;USR-1389;22;Standard;2;400;200;App;CS2;3.0;0
SESS-14998;2026-08-31 01:59:00;USR-1183;25;Standard;4;0;400;Card;Minecraft;4.0;0
SESS-15146;2026-08-02 05:42:00;USR-1267;15;Standard;12;960;1080;Card;Dota 2;4.0;1
SESS-12587;2026-08-24 21:00:00;USR-1023;17;Standard;2;0;200;Card;Valorant;5.0;0
SESS-14970;2026-08-06 00:50:00;USR-1698;15;Standard;3;0;270;Card;CS2;4.0;1
SESS-11414;2026-08-30 07:17:00;USR-1660;14;Standard;3;0;300;App;Valorant;4.0;0
SESS-11234;2026-08-01 13:41:00;USR-1420;22;VIP;8;0;1600;Card;Valorant;4.0;0
SESS-14332;2026-08-26 17:34:00;USR-1094;29;Standard;1;200;100;Card;PUBG;4.5;0
SESS-10435;2026-08-17 00:23:00;USR-1007;22;Standard;1;120;100;Card;Dota 2;5.0;0
SESS-11674;2026-08-12 12:39:00;USR-1080;15;Standard;2;100;200;App;Dota 2;5.0;0
SESS-10365;2026-08-22 15:14:00;USR-1295;24;Standard;8;0;800;App;CS2;3.0;0
SESS-13116;2026-08-14 12:02:00;USR-1655;17;VIP;1;300;200;Card;CS2;2.0;0
SESS-10231;2026-08-19 08:08:00;USR-1779;19;VIP;3;0;600;Card;CS2;4.0;0
SESS-14634;2026-08-28 20:37:00;USR-1591;24;Standard;1;0;100;Card;Valorant;4.5;0
SESS-10147;2026-08-03 09:59:00;USR-1088;29;Standard;3;0;300;App;CS2;2.0;0
SESS-14781;2026-08-02 07:43:00;USR-1770;18;Bootcamp;2;410;270;Cash;Valorant;4.5;1
SESS-13358;2026-08-15 22:26:00;USR-1230;17;Standard;2;100;180;Card;Dota 2;5.0;1
SESS-10407;2026-08-23 04:55:00;USR-1669;20;VIP;3;0;600;Cash;Dota 2;5.0;0
SESS-12090;2026-08-07 13:19:00;USR-1542;15;Standard;1;0;100;Card;GTA V;1.0;0
SESS-10086;2026-08-15 20:57:00;USR-1448;23;Standard;1;120;90;Cash;GTA V;4.0;1
SESS-10844;2026-08-22 23:07:00;USR-1791;14;Standard;5;250;500;Card;Valorant;5.0;0
SESS-11031;2026-08-27 05:15:00;USR-1609;16;Standard;4;200;400;App;GTA V;4.5;0
SESS-13096;2026-08-16 17:16:00;USR-1341;21;Standard;3;0;300;Cash;Apex Legends;4.0;0
SESS-13783;2026-08-30 13:40:00;USR-1060;20;Standard;8;1600;800;Card;Valorant;5.0;0
SESS-13209;2026-08-17 11:10:00;USR-1159;25;Bootcamp;3;340;450;Card;CS2;1.0;0
SESS-12987;2026-08-31 10:48:00;USR-1584;15;Standard;2;100;200;Card;Minecraft;4.5;0
SESS-13816;2026-08-10 05:57:00;USR-1391;14;Standard;1;0;100;App;CS2;3.0;0
SESS-12628;2026-08-31 14:43:00;USR-1470;23;Standard;1;0;100;Card;CS2;1.0;0
SESS-13127;2026-08-19 02:02:00;USR-1665;24;Standard;1;200;100;Card;CS2;5.0;0
SESS-10855;2026-08-14 09:12:00;USR-1297;14;Standard;3;0;300;Cash;PUBG;4.5;0
SESS-13903;2026-08-20 19:28:00;USR-1209;24;VIP;2;0;400;Card;Dota 2;3.0;0
SESS-10078;2026-08-10 11:59:00;USR-1294;25;Standard;1;0;100;App;CS2;4.5;0
SESS-12992;2026-08-04 07:51:00;USR-1069;40;Standard;2;0;200;App;Minecraft;4.0;0
SESS-12247;2026-08-31 07:14:00;USR-1142;20;Standard;2;0;200;Cash;GTA V;4.5;0
SESS-13378;2026-08-01 17:27:00;USR-1569;26;Bootcamp;3;850;450;Card;Valorant;1.0;0
SESS-14964;2026-08-04 21:15:00;USR-1189;31;Standard;2;0;200;Card;Dota 2;5.0;0
SESS-15001;2026-08-03 10:14:00;USR-1635;15;VIP;3;0;600;Card;Deadlock;5.0;0
SESS-10758;2026-08-04 19:13:00;USR-1589;28;Standard;8;0;720;Card;CS2;4.0;1
SESS-13434;2026-08-04 21:04:00;USR-1621;28;Standard;1;200;100;App;Minecraft;2.0;0
SESS-13431;2026-08-17 21:10:00;USR-1128;25;Bootcamp;3;610;450;Cash;CS2;4.5;0
SESS-12279;2026-08-27 22:15:00;USR-1689;15;Standard;3;0;300;Card;CS2;4.5;0
SESS-15011;2026-08-12 14:24:00;USR-1271;25;VIP;2;340;400;Card;CS2;4.0;0
SESS-14520;2026-08-12 23:32:00;USR-1054;17;Standard;1;0;100;Card;Valorant;4.5;0
SESS-14333;2026-08-18 03:41:00;USR-1568;19;Standard;2;400;200;Card;CS2;4.0;0
SESS-14048;2026-08-19 13:31:00;USR-1484;17;VIP ;2;500;300;Card;CS2;5.0;0
SESS-12176;2026-08-19 20:16:00;USR-1246;17;Standard;1;0;100;Card;Dota 2;4.5;0
SESS-10424;2026-08-20 22:18:00;USR-1014;24;Standard;2;0;180;App;CS2;1.0;1
SESS-10392;2026-08-07 09:47:00;USR-1127;18;Bootcamp;2;0;300;Card;Minecraft;4.0;0
SESS-15309;2026-08-18 08:24:00;USR-1434;22;Standard;2;160;200;Card;CS2;5.0;0
SESS-14035;2026-08-22 06:42:00;USR-1072;17;Standard;2;400;200;Card;Dota 2;3.0;0
SESS-10104;2026-08-08 10:31:00;USR-1433;34;Bootcamp;1;0;150;Cash;Apex Legends;4.0;0
SESS-12672;2026-08-25 21:14:00;USR-1613;26;Standard;3;600;300;Card;PUBG;3.0;0
SESS-15018;2026-08-01 23:26:00;USR-1125;23;PS5;2;0;500;Card;PUBG;4.0;0
SESS-14727;2026-08-22 18:15:00;USR-1002;36;Standard;2;0;200;Card;Valorant;4.5;0
SESS-13704;2026-08-15 04:49:00;USR-1224;17;VIP;3;610;600;Card;Minecraft;5.0;0
SESS-14384;2026-08-18 15:57:00;USR-1498;26;PS5;2;240;500;App;CS2;4.0;0
SESS-11948;2026-08-18 13:49:00;USR-1607;14;Standard;8;0;720;App;Valorant;4.0;1
SESS-11459;2026-08-27 12:08:00;USR-1086;23;Standard;3;600;300;Card;PUBG;5.0;0
SESS-13846;2026-08-02 05:56:00;USR-1633;21;Bootcamp;1;150;150;App;Valorant;3.0;0
SESS-15263;2026-08-15 04:04:00;USR-1787;31;Bootcamp;2;0;270;Card;CS2;4.0;1
SESS-13934;2026-08-30 13:11:00;USR-1056;18;Standard;4;0;400;App;CS2;2.0;0
SESS-15202;2026-08-18 07:43:00;USR-1335;34;Standard;2;0;200;Cash;Minecraft;4.0;0
SESS-11587;2026-08-11 06:04:00;USR-1389;22;Standard;1;120;100;Card;CS2;4.0;0
SESS-14207;2026-08-20 20:53:00;USR-1643;23;PS5;3;0;750;Card;Minecraft;4.0;0
SESS-11731;2026-08-15 09:19:00;USR-1726;25;Standard;2;0;200;Card;PUBG;4.5;0
SESS-15176;2026-08-21 08:49:00;USR-1555;16;VIP;1;0;200;Card;Valorant;3.0;0
SESS-14237;2026-08-25 21:18:00;USR-1013;23;Bootcamp;8;0;1200;Card;Minecraft;4.0;0
SESS-10182;2026-08-26 18:48:00;USR-1342;30;Standard;2;0;200;Card;Dota 2;4.0;0
SESS-11791;2026-08-21 18:13:00;USR-1070;21;Standard;3;0;300;App;Valorant;4.5;0
SESS-12355;2026-08-04 09:12:00;USR-1729;25;Standard;1;50;90;Card;CS2;5.0;1
SESS-11940;2026-08-28 19:36:00;USR-1596;24;Bootcamp;2;260;300;Card;Dota 2;4.5;0
SESS-10702;2026-08-17 20:47:00;USR-1368;21;Standard;3;0;300;App;CS2;4.5;0
SESS-12442;2026-08-25 22:25:00;USR-1309;32;VIP;3;700;600;;CS2;3.0;0
SESS-13315;2026-08-25 12:09:00;USR-1025;16;Standard;2;400;200;Card;CS2;5.0;0
SESS-10496;2026-08-07 22:22:00;USR-1492;15;Standard;4;0;400;App;CS2;4.5;0
SESS-14228;2026-08-26 19:39:00;USR-1324;19;Bootcamp;2;0;300;Cash;CS2;4.5;0
SESS-10464;2026-08-15 16:18:00;USR-1684;23;Standard;2;0;200;Card;CS2;4.0;0
SESS-13165;2026-08-30 03:33:00;USR-1196;23;Bootcamp;3;490;450;Card;CS2;5.0;0
SESS-14706;2026-08-18 06:06:00;USR-1456;17;Bootcamp;3;250;450;Card;Minecraft;5.0;0
SESS-10172;2026-08-13 17:17:00;USR-1332;21;VIP;1;0;200;Card;CS2;4.0;0
SESS-13630;2026-08-26 22:45:00;USR-1031;21;Standard;3;360;300;App;CS2;4.0;0
SESS-15209;2026-08-02 01:33:00;USR-1783;16;Standard;3;0;300;Card;PUBG;4.0;0
SESS-12540;2026-08-23 15:13:00;USR-1413;26;Standard;4;0;400;App;Dota 2;4.5;0
SESS-14938;2026-08-22 16:20:00;USR-1097;21;Standard;12;0;1200;Card;Dota 2;5.0;0
SESS-13481;2026-08-12 23:51:00;USR-1560;22;VIP;3;0;600;Card;Valorant;4.0;0
SESS-12260;2026-08-17 04:19:00;USR-1796;36;Standard;2;240;200;App;Dota 2;4.0;0
SESS-12112;2026-08-27 04:22:00;USR-1116;21;Standard;2;0;200;Cash;Dota 2;4.5;0
SESS-10900;2026-08-29 00:26:00;USR-1133;15;Standard;5;600;500;Card;CS2;4.5;0
SESS-11446;2026-08-09 18:19:00;USR-1077;25;Standard;4;800;400;Card;Dota 2;2.0;0
SESS-11911;2026-08-13 09:21:00;USR-1005;24;PS5;8;0;2000;App;CS2;4.0;0
SESS-12697;2026-08-19 07:26:00;USR-1020;26;Standard;3;0;300;Card;PUBG;5.0;0
SESS-13339;2026-08-19 22:49:00;USR-1770;18;Standard;3;0;300;App;Dota 2;4.0;0
SESS-10741;2026-08-30 17:43:00;USR-1554;25;Standard;8;0;800;Card;Deadlock;5.0;0
SESS-12293;2026-08-07 23:04:00;USR-1740;25;Bootcamp;3;0;405;Card;CS2;1.0;1
SESS-12452;2026-08-28 21:51:00;USR-1120;15;Standard;1;0;100;Card;Apex Legends;4.0;0
SESS-15028;2026-08-15 11:42:00;USR-1368;21;PS5;5;250;1250;Card;Dota 2;4.0;0
SESS-14444;2026-08-27 10:25:00;USR-1081;15;VIP;1;220;200;Cash;CS2;4.5;0
SESS-11206;2026-08-04 01:18:00;USR-1436;14;VIP;1;0;200;Cash;PUBG;4.0;0
SESS-10509;2026-08-08 10:21:00;USR-1308;18;Standard;2;400;180;Card;CS2;4.5;1
SESS-14515;2026-08-27 00:58:00;USR-1294;25;Bootcamp;3;250;405;Card;Dota 2;3.0;1
SESS-13085;2026-08-11 02:10:00;USR-1191;16;Standard;5;0;500;Card;CS2;3.0;0
SESS-13303;2026-08-15 04:31:00;USR-1397;21;Standard;1;0;100;App;CS2;3.0;0
SESS-13911;2026-08-25 05:18:00;USR-1287;17;Standard;1;0;90;Card;Dota 2;5.0;1
SESS-11549;2026-08-26 04:26:00;USR-1582;23;Standard;3;150;300;Card;CS2;4.5;0
SESS-13029;2026-08-20 11:27:00;USR-1225;19;Bootcamp;3;0;450;Card;Dota 2;1.0;0
SESS-13857;2026-08-06 19:43:00;USR-1027;15;Standard;3;360;300;Cash;Dota 2;4.5;0
SESS-12202;2026-08-27 21:56:00;USR-1275;16;Standard;2;0;180;App;Dota 2;4.0;1
SESS-12566;2026-08-01 04:47:00;USR-1029;21;Standard;2;0;180;Card;Valorant;4.0;1
SESS-13935;2026-08-29 09:16:00;USR-1272;16;Standard;2;160;200;Card;CS2;5.0;0
SESS-12044;2026-08-31 08:10:00;USR-1417;26;Standard;1;0;90;Card;CS2;4.5;1
SESS-10767;2026-08-30 18:37:00;USR-1210;22;Standard;8;0;800;App;Deadlock;5.0;0
SESS-15291;2026-08-22 10:32:00;USR-1716;17;Standard;5;1000;450;Cash;Cyberpunk 2077;3.0;1
SESS-11508;2026-08-08 15:43:00;USR-1417;26;Bootcamp;2;0;270;Card;Valorant;5.0;1
SESS-10421;2026-08-09 23:31:00;USR-1758;17;Bootcamp;2;0;300;Card;Dota 2;5.0;0
SESS-10123;2026-08-20 20:25:00;USR-1761;25;Standard;1;50;100;App;Cyberpunk 2077;4.5;0
SESS-14523;2026-08-24 08:42:00;USR-1441;23;Bootcamp;3;0;450;Card;Deadlock;4.0;0
SESS-14030;2026-08-28 02:57:00;USR-1094;29;VIP;4;300;800;Cash;Minecraft;5.0;0
SESS-10819;2026-08-27 06:15:00;USR-1420;22;PS5;1;120;250;Card;CS2;5.0;0
SESS-11403;2026-08-04 03:31:00;USR-1117;20;PS5;8;0;2000;Card;Valorant;4.5;0
SESS-11382;2026-08-09 00:22:00;USR-1502;16;Standard;3;0;300;App;Deadlock;4.0;0
SESS-12148;2026-08-02 17:06:00;USR-1205;22;Bootcamp;3;0;450;Card;Deadlock;4.0;0
SESS-14582;2026-08-04 04:07:00;USR-1726;25;PS5;4;320;1000;Card;CS2;5.0;0
SESS-11575;2026-08-17 21:19:00;USR-1439;23;Standard;8;640;800;Cash;Minecraft;2.0;0
SESS-11638;2026-08-16 05:58:00;USR-1792;22;Standard;12;2400;1200;App;CS2;4.0;0
SESS-11795;2026-08-03 15:16:00;USR-1730;30;VIP;2;0;400;Card;Dota 2;5.0;0
SESS-15228;2026-08-11 13:58:00;USR-1773;23;Standard;3;0;300;Card;CS2;3.0;0
SESS-14841;2026-08-11 11:39:00;USR-1555;16;Standard;1;80;90;Card;CS2;3.0;1
SESS-10399;2026-08-09 14:32:00;USR-1665;24;Standard;1;0;100;Card;Valorant;4.5;0
SESS-12310;2026-08-22 06:51:00;USR-1728;22;Bootcamp;2;0;300;App;Dota 2;5.0;0
SESS-10882;2026-08-12 13:35:00;USR-1596;24;Standard;8;0;800;Card;Deadlock;5.0;0
SESS-15194;2026-08-30 18:05:00;USR-1481;21;Standard;2;400;180;App;Dota 2;3.0;1
SESS-13418;2026-08-14 17:07:00;USR-1711;34;Standard;5;600;500;App;Browser/Work;4.0;0
SESS-11352;2026-08-26 03:54:00;USR-1117;20;Standard;1;0;100;Card;Apex Legends;2.0;0
SESS-13668;2026-08-06 11:27:00;USR-1325;15;PS5;2;0;500;Card;Minecraft;5.0;0
SESS-14944;2026-08-21 17:49:00;USR-1465;14;Standard;1;50;100;Card;Valorant;4.5;0
SESS-12130;2026-08-02 03:02:00;USR-1536;14;PS5;1;80;250;Card;Dota 2;5.0;0
SESS-10982;2026-08-05 04:20:00;USR-1172;25;VIP;8;0;1600;Card;Dota 2;4.5;0
SESS-10456;2026-08-20 10:23:00;USR-1150;21;VIP;3;0;540;App;PUBG;4.0;1
SESS-11486;2026-08-24 17:46:00;USR-1374;20;Standard;1;0;90;Card;CS2;5.0;1
SESS-11079;2026-08-24 22:14:00;USR-1136;28;VIP;4;900;800;Cash;Cyberpunk 2077;4.5;0
SESS-11950;2026-08-15 01:28:00;USR-1649;30;Standard;2;100;200;Card;Apex Legends;4.5;0
SESS-14685;2026-08-19 16:52:00;USR-1247;21;Standard;5;0;500;Cash;CS2;4.0;0
SESS-10689;2026-08-10 17:49:00;USR-1788;33;Bootcamp;2;0;270;Card;Valorant;5.0;1
SESS-12429;2026-08-05 14:09:00;USR-1254;14;VIP;1;0;200;Card;Deadlock;5.0;0
SESS-10641;2026-08-23 19:39:00;USR-1639;24;VIP;2;260;400;Card;CS2;4.5;0
SESS-12392;2026-08-30 11:07:00;USR-1388;25;Standard;2;160;180;Cash;CS2;3.0;1
SESS-12825;2026-08-14 20:43:00;USR-1096;31;PS5;8;960;2000;App;Valorant;4.0;0
SESS-11953;2026-08-21 21:49:00;USR-1082;32;Bootcamp;12;850;1800;Card;Minecraft;4.5;0
SESS-13240;2026-08-01 15:59:00;USR-1293;20;Standard;1;0;100;Card;CS2;4.0;0
SESS-13058;2026-08-29 07:24:00;USR-1177;21;Standard;3;0;300;App;Valorant;4.0;0
SESS-13262;2026-08-16 05:02:00;USR-1554;25;Standard;3;360;300;Card;GTA V;4.0;0
SESS-15095;2026-08-28 09:39:00;USR-1782;28;Standard;4;480;400;App;CS2;4.5;0
SESS-12710;2026-08-02 02:48:00;USR-1783;16;VIP;8;890;1600;Card;Valorant;5.0;0
SESS-13939;2026-08-13 00:40:00;USR-1516;35;Standard;4;320;400;Card;CS2;3.0;0
SESS-15178;2026-08-28 23:42:00;USR-1537;23;Standard;2;0;180;App;CS2;4.0;1
SESS-13454;2026-08-19 17:45:00;USR-1179;19;VIP;3;0;600;Card;Dota 2;4.5;0
SESS-11884;2026-08-31 00:08:00;USR-1072;17;PS5;12;0;3000;Cash;Minecraft;4.0;0
SESS-14089;2026-08-17 13:40:00;USR-1768;24;VIP;3;0;600;Card;Dota 2;4.5;0
SESS-10389;2026-08-01 13:20:00;USR-1153;24;VIP;1;450;200;Card;PUBG;4.5;0
SESS-12494;2026-08-02 03:01:00;USR-1636;16;Standard;5;1000;500;Card;Cyberpunk 2077;5.0;0
SESS-13683;2026-08-31 07:04:00;USR-1697;14;VIP;3;0;540;Card;Apex Legends;4.0;1
SESS-13036;2026-08-30 07:58:00;USR-1405;25;Standard;3;240;300;Card;CS2;3.0;0
SESS-13411;2026-08-25 15:34:00;USR-1373;18;Standard;1;0;100;Card;Valorant;3.0;0
SESS-10845;2026-08-05 20:31:00;USR-1001;26;Bootcamp;12;0;1620;Card;CS2;4.0;1
SESS-10542;2026-08-14 04:34:00;USR-1520;18;VIP;2;0;400;Card;Valorant;4.0;0
SESS-10091;2026-08-27 22:48:00;USR-1091;18;Standard;1;120;90;App;Dota 2;5.0;1
SESS-15110;2026-08-05 05:39:00;USR-1784;32;PS5;4;0;1000;Card;Minecraft;3.0;0
SESS-13252;2026-08-16 06:09:00;USR-1154;24;Standard;8;400;800;Card;Dota 2;;0
SESS-11979;2026-08-12 19:24:00;USR-1241;25;Standard;3;240;270;Card;Minecraft;4.0;1
SESS-13313;2026-08-06 17:48:00;USR-1230;17;VIP;1;0;200;Card;Valorant;5.0;0
SESS-14447;2026-08-13 13:12:00;USR-1495;16;VIP;1;450;200;App;PUBG;4.5;0
SESS-13424;2026-08-13 20:22:00;USR-1077;25;VIP;2;410;360;Card;Dota 2;3.0;1
SESS-13832;2026-08-01 18:23:00;USR-1591;24;Standard;2;0;180;Card;CS2;4.5;1
SESS-12964;2026-08-14 06:08:00;USR-1047;26;Standard;3;600;300;Card;PUBG;2.0;0
SESS-12529;2026-08-29 14:23:00;USR-1759;24;Standard;3;360;300;Card;Valorant;5.0;0
SESS-11676;2026-08-11 11:05:00;USR-1066;26;Standard;1;0;100;Card;Dota 2;5.0;0
SESS-11048;2026-08-05 05:29:00;USR-1554;25;Standard;1;0;100;App;Minecraft;5.0;0
SESS-12949;2026-08-12 01:01:00;USR-1751;22;VIP;1;0;200;App;CS2;4.0;0
SESS-11960;2026-08-09 23:46:00;USR-1414;22;Standard;2;0;200;Cash;CS2;4.5;0
SESS-12530;2026-08-29 11:04:00;USR-1709;38;Bootcamp;1;0;150;App;Dota 2;4.0;0
SESS-13918;2026-08-20 12:24:00;USR-1151;17;VIP;1;0;200;App;Dota 2;3.0;0
SESS-13279;2026-08-01 00:59:00;USR-1653;15;VIP;2;340;400;Card;Dota 2;5.0;0
SESS-10237;2026-08-28 18:27:00;USR-1712;20;Bootcamp;3;700;405;Card;Dota 2;5.0;1
SESS-13578;2026-08-05 06:10:00;USR-1462;20;VIP;4;420;800;App;Minecraft;2.0;0
SESS-14497;2026-08-30 10:39:00;USR-1493;22;Standard;4;0;400;Card;CS2;1.0;0
SESS-11133;2026-08-14 11:06:00;USR-1292;19;Standard;2;160;200;App;CS2;4.5;0
SESS-12880;2026-08-11 15:44:00;USR-1511;25;Standard;2;400;180;App;Valorant;3.0;1
SESS-11805;2026-08-19 19:52:00;USR-1358;15;PS5;2;240;450;Card;Dota 2;4.5;1
SESS-14503;2026-08-25 22:13:00;USR-1130;26;Standard;2;400;200;Card;PUBG;3.0;0
SESS-10163;2026-08-07 17:38:00;USR-1666;22;Standard;2;0;180;Card;Dota 2;2.0;1
SESS-14108;2026-08-23 08:45:00;USR-1279;31;Standard;4;480;400;Card;Valorant;5.0;0
SESS-15169;2026-08-05 00:12:00;USR-1383;27;Standard;3;360;300;Card;Minecraft;3.0;0
SESS-15304;2026-08-21 16:00:00;USR-1716;17;Standard;3;360;270;App;Apex Legends;4.5;1
SESS-13948;2026-08-11 00:31:00;USR-1096;31;Standard;12;0;1200;Card;CS2;4.5;0
SESS-14075;2026-08-16 14:34:00;USR-1218;26;VIP;3;490;600;Card;Valorant;4.5;0
SESS-13780;2026-08-31 16:56:00;USR-1472;14;Standard;1;0;100;Card;CS2;5.0;0
SESS-10265;2026-08-07 19:45:00;USR-1721;22;Bootcamp;3;0;405;Cash;Dota 2;4.0;1
SESS-12001;2026-08-18 06:01:00;USR-1336;14;VIP;2;0;360;Card;Minecraft;5.0;1
SESS-11811;2026-08-19 08:53:00;USR-1366;18;Standard;2;0;200;App;CS2;4.0;0
SESS-12978;2026-08-01 08:17:00;USR-1255;18;Standard;3;0;300;Card;Dota 2;4.0;0
SESS-14971;2026-08-16 11:33:00;USR-1258;24;Standard;3;0;300;Card;Dota 2;5.0;0
SESS-12906;2026-08-09 23:01:00;USR-1377;22;VIP;3;0;600;Card;Valorant;5.0;0
SESS-14509;2026-08-13 19:44:00;USR-1074;16;Standard;5;0;500;Cash;Dota 2;4.0;0
SESS-11428;2026-08-17 08:34:00;USR-1330;18;Standard;2;0;200;Card;Valorant;4.5;0
SESS-10398;2026-08-27 04:33:00;USR-1216;26;Standard;2;400;200;App;Minecraft;4.0;0
SESS-14383;2026-08-01 21:12:00;USR-1535;18;Standard;3;0;270;Card;CS2;5.0;1
SESS-15102;2026-08-04 18:24:00;USR-1468;15;Standard;3;150;300;Card;Valorant;1.0;0
SESS-13078;2026-08-23 00:48:00;USR-1310;19;Standard;3;0;300;Cash;GTA V;5.0;0
SESS-13138;2026-08-12 18:33:00;USR-1319;22;Bootcamp;8;0;1080;App;Valorant;5.0;1
SESS-14850;2026-08-15 09:26:00;USR-1726;25;Bootcamp;4;0;600;App;Dota 2;5.0;0
SESS-15049;2026-08-22 06:35:00;USR-1277;40;VIP;3;0;600;Card;Dota 2;4.5;0
SESS-13322;2026-08-05 08:25:00;USR-1012;17;Standard;4;0;400;Card;Valorant;4.0;0
SESS-11452;2026-08-24 16:24:00;USR-1157;15;VIP;3;460;600;Card;Dota 2;4.5;0
SESS-10593;2026-08-26 13:03:00;USR-1086;23;VIP;1;0;180;Cash;Dota 2;5.0;1
SESS-12725;2026-08-06 06:58:00;USR-1361;23;Bootcamp;3;0;450;Card;Dota 2;4.5;0
SESS-10041;2026-08-03 21:38:00;USR-1143;24;Standard;5;0;500;App;CS2;4.5;0
SESS-10560;2026-08-11 01:03:00;USR-1625;15;Standard;1;0;100;Card;Dota 2;4.0;0
SESS-14390;2026-08-27 10:39:00;USR-1466;23;Standard;3;240;270;App;Dota 2;1.0;1
SESS-13782;2026-08-09 19:08:00;USR-1767;16;Standard;2;0;200;;Dota 2;4.0;0
SESS-10243;2026-08-18 12:26:00;USR-1356;19;Bootcamp;1;180;150;Card;Valorant;5.0;0
SESS-13172;2026-08-30 13:06:00;USR-1363;15;PS5;4;0;1000;App;Deadlock;3.0;0
SESS-11339;2026-08-30 09:56:00;USR-1385;19;Bootcamp;8;1060;1200;Card;Valorant;4.5;0
SESS-13277;2026-08-28 14:51:00;USR-1438;16;Bootcamp;3;250;450;App;CS2;3.0;0
SESS-13492;2026-08-20 23:53:00;USR-1471;16;Bootcamp;4;0;600;Card;CS2;4.0;0
SESS-10405;2026-08-29 04:59:00;USR-1246;17;PS5;1;120;250;Card;Valorant;3.0;0
SESS-11442;2026-08-19 18:50:00;USR-1419;40;Bootcamp;2;0;300;Card;CS2;5.0;0
SESS-10261;2026-08-24 11:36:00;USR-1759;24;Standard;8;0;800;Card;PUBG;5.0;0
SESS-13260;2026-08-29 02:47:00;USR-1783;16;Bootcamp;4;300;600;Card;CS2;4.0;0
SESS-11689;2026-08-01 12:37:00;USR-1179;19;Standard;2;240;200;App;CS2;4.0;0
SESS-11725;2026-08-08 19:29:00;USR-1602;19;Bootcamp;2;0;270;App;PUBG;3.0;1
SESS-11203;2026-08-02 19:12:00;USR-1553;22;Standard;12;960;1200;Card;Dota 2;1.0;0
SESS-10834;2026-08-21 06:58:00;USR-1433;34;Standard;1;0;100;Card;CS2;4.5;0
SESS-11866;2026-08-28 23:21:00;USR-1064;31;VIP;8;500;1600;App;PUBG;4.0;0
SESS-12496;2026-08-19 06:28:00;USR-1750;14;Bootcamp;1;0;150;App;Apex Legends;4.5;0
SESS-13016;2026-08-29 14:29:00;USR-1505;28;Standard;12;1440;1200;Card;Minecraft;4.5;0
SESS-14095;2026-08-09 04:17:00;USR-1604;25;Standard;3;0;300;Card;Dota 2;4.0;0
SESS-12010;2026-08-03 13:50:00;USR-1099;18;Standard;1;0;100;Cash;Deadlock;3.0;0
SESS-15144;2026-08-06 12:03:00;USR-1691;19;Standard;2;0;200;Card;Valorant;4.0;0
SESS-10340;2026-08-15 21:21:00;USR-1043;21;Standard;8;400;800;Card;Valorant;4.0;0
SESS-13528;2026-08-18 14:28:00;USR-1552;21;Standard;3;360;270;App;Valorant;5.0;1
SESS-11601;2026-08-29 01:35:00;USR-1754;19;Bootcamp;4;0;600;App;Dota 2;2.0;0
SESS-12796;2026-08-31 18:19:00;USR-1764;23;Bootcamp;1;330;150;Card;GTA V;4.5;0
SESS-13547;2026-08-01 13:33:00;USR-1679;41;Standard;3;0;270;Card;Valorant;4.5;1
SESS-15100;2026-08-06 15:16:00;USR-1357;34;Standard;1;200;100;Card;CS2;5.0;0
SESS-10480;2026-08-14 15:43:00;USR-1266;23;Standard;1;0;100;Card;GTA V;4.0;0
SESS-13957;2026-08-07 09:07:00;USR-1066;26;Standard;3;0;300;App;Valorant;4.5;0
SESS-12785;2026-08-17 18:04:00;USR-1465;14;VIP;4;1050;800;Card;CS2;3.0;0
SESS-11523;2026-08-30 04:39:00;USR-1459;22;PS5;2;100;450;Card;Minecraft;4.0;1
SESS-14012;2026-08-12 14:34:00;USR-1065;20;PS5;2;0;450;Card;Dota 2;5.0;1
SESS-14827;2026-08-25 22:32:00;USR-1665;24;Bootcamp;3;0;450;Card;Minecraft;4.5;0
SESS-15037;2026-08-15 14:34:00;USR-1021;24;VIP;2;0;360;Card;Dota 2;4.0;1
SESS-14440;2026-08-13 02:08:00;USR-1095;16;PS5;4;0;1000;App;Minecraft;5.0;0
SESS-10799;2026-08-24 17:15:00;USR-1288;16;Bootcamp;3;250;450;App;CS2;4.0;0
SESS-11766;2026-08-27 02:22:00;USR-1754;19;Standard;2;240;180;Card;CS2;4.0;1
SESS-14863;2026-08-27 09:58:00;USR-1435;17;Standard;3;0;300;Card;Apex Legends;5.0;0
SESS-13786;2026-08-18 09:48:00;USR-1372;27;Standard;12;0;1200;App;CS2;3.0;0
SESS-12453;2026-08-18 11:18:00;USR-1673;26;Standard;5;0;450;Cash;CS2;4.0;1
SESS-13393;2026-08-05 06:12:00;USR-1029;21;PS5;2;0;500;Card;Apex Legends;4.0;0
SESS-14724;2026-08-18 02:33:00;USR-1677;27;Bootcamp;3;490;450;Card;Dota 2;3.0;0
SESS-14407;2026-08-20 20:28:00;USR-1084;25;VIP;2;0;400;Card;Valorant;4.5;0
SESS-15081;2026-08-16 19:45:00;USR-1280;26;Standard;1;50;100;Card;PUBG;3.0;0
SESS-10363;2026-08-20 00:28:00;USR-1070;21;PS5;2;240;500;Card;CS2;2.0;0
SESS-11271;2026-08-20 23:15:00;USR-1681;20;Standard;5;250;450;App;CS2;5.0;1
SESS-15269;2026-08-24 21:17:00;USR-1105;20;Standard;5;0;500;App;CS2;3.0;0
SESS-15142;2026-08-31 22:40:00;USR-1675;21;Standard;12;0;1200;Card;CS2;4.5;0
SESS-13655;2026-08-10 17:00:00;USR-1144;20;VIP;5;500;1000;Card;Dota 2;4.0;0
SESS-15093;2026-08-16 04:55:00;USR-1066;26;Standard;2;100;200;Card;Apex Legends;4.5;0
SESS-14502;2026-08-21 15:14:00;USR-1634;26;VIP;2;650;400;Card;CS2;4.0;0
SESS-10347;2026-08-04 17:35:00;USR-1177;21;Standard;2;0;180;Card;CS2;4.5;1
SESS-14340;2026-08-05 16:43:00;USR-1775;22;Standard;5;0;500;Card;Dota 2;5.0;0
SESS-15019;2026-08-03 20:18:00;USR-1387;15;PS5;3;360;750;Card;Valorant;4.0;0
SESS-12562;2026-08-31 21:34:00;USR-1381;14;Standard;3;150;300;Card;CS2;4.5;0
SESS-13027;2026-08-11 13:14:00;USR-1368;21;PS5;2;400;500;App;Browser/Work;4.0;0
SESS-14984;2026-08-11 06:00:00;USR-1139;25;Standard;3;360;270;Card;Valorant;5.0;1
SESS-11423;2026-08-28 20:59:00;USR-1614;22;Standard;1;120;100;Card;Dota 2;4.5;0
SESS-10656;2026-08-28 18:27:00;USR-1755;29;Bootcamp;3;0;405;Cash;Valorant;5.0;1
SESS-13784;2026-08-22 14:24:00;USR-1065;20;Standard;3;0;300;App;Valorant;5.0;0
SESS-15009;2026-08-23 12:40:00;USR-1340;21;Standard;3;150;270;Card;Dota 2;4.5;1
SESS-12102;2026-08-29 16:40:00;USR-1167;17;VIP;1;0;200;App;CS2;4.0;0
SESS-10632;2026-08-04 07:30:00;USR-1190;16;VIP;3;250;540;Card;Valorant;4.5;1
SESS-13412;2026-08-03 14:09:00;USR-1398;15;Standard;1;0;100;Cash;CS2;4.5;0
SESS-12493;2026-08-26 00:00:00;USR-1647;22;PS5;1;50;250;Card;Dota 2;4.5;0
SESS-12665;2026-08-22 19:56:00;USR-1783;16;PS5;2;160;450;App;Valorant;;1
SESS-13800;2026-08-15 19:55:00;USR-1109;16;VIP;3;0;600;App;Dota 2;4.0;0
SESS-14210;2026-08-16 17:41:00;USR-1364;15;Standard;3;0;300;Card;Cyberpunk 2077;4.0;0
SESS-13904;2026-08-12 23:23:00;USR-1455;20;Bootcamp;8;1700;1080;App;Minecraft;3.0;1
SESS-13658;2026-08-24 17:40:00;USR-1028;22;PS5;2;0;500;Card;Dota 2;4.0;0
SESS-14169;2026-08-13 20:28:00;USR-1658;18;Standard;8;960;800;Card;CS2;4.5;0
SESS-12500;2026-08-15 03:13:00;USR-1023;17;VIP;3;700;600;Card;Apex Legends;3.0;0
SESS-11465;2026-08-02 17:51:00;USR-1582;23;Standard;4;0;400;App;GTA V;4.0;0
SESS-13480;2026-08-26 08:16:00;USR-1747;16;PS5;2;100;500;Card;Valorant;5.0;0
SESS-10115;2026-08-17 00:47:00;USR-1676;24;Standard;2;0;200;Cash;Apex Legends;4.0;0
SESS-11821;2026-08-28 12:39:00;USR-1157;15;Bootcamp;2;0;300;Card;CS2;4.0;0
SESS-11494;2026-08-04 00:50:00;USR-1321;15;Bootcamp;5;500;675;Card;Valorant;4.5;1
SESS-12401;2026-08-25 05:44:00;USR-1693;24;VIP;2;0;400;Card;Minecraft;5.0;0
SESS-11232;2026-08-27 10:38:00;USR-1280;26;Standard;5;600;500;Card;Valorant;4.5;0
SESS-12661;2026-08-12 07:29:00;USR-1215;15;VIP;4;0;800;Cash;Minecraft;5.0;0
SESS-12817;2026-08-25 22:09:00;USR-1125;23;Standard;2;0;200;App;Dota 2;2.0;0
SESS-13388;2026-08-29 10:47:00;USR-1014;24;Standard;3;240;270;Card;Dota 2;4.0;1
SESS-14967;2026-08-05 14:08:00;USR-1088;29;Standard;1;50;90;Cash;Apex Legends;5.0;1
SESS-11153;2026-08-20 13:50:00;USR-1444;18;Standard;2;0;200;Card;Dota 2;4.0;0
SESS-14321;2026-08-21 20:55:00;USR-1415;23;Standard;2;0;200;Cash;CS2;4.5;0
SESS-10057;2026-08-28 18:08:00;USR-1725;29;Bootcamp;3;490;450;Card;Minecraft;4.5;0
SESS-14013;2026-08-20 10:32:00;USR-1642;16;Standard;2;0;180;Card;Valorant;4.0;1
SESS-13785;2026-08-15 19:44:00;USR-1641;24;Bootcamp;2;0;300;Card;CS2;4.5;0
SESS-14655;2026-08-06 21:55:00;USR-1661;22;Standard;2;0;200;Card;Minecraft;4.5;0
SESS-15372;2026-08-04 20:02:00;USR-1583;24;Standard;1;0;100;App;CS2;4.0;0
SESS-11735;2026-08-01 15:31:00;USR-1637;25; standard ;2;0;180;Cash;Minecraft;5.0;1
SESS-12823;2026-08-07 15:23:00;USR-1683;15;VIP;2;0;400;Card;Dota 2;5.0;0
SESS-12196;2026-08-07 15:13:00;USR-1401;24;Standard;1;50;100;Cash;Deadlock;3.0;0
SESS-10159;2026-08-16 23:28:00;USR-1682;14;Bootcamp;1;0;150;Card;Valorant;5.0;0
SESS-12475;2026-08-18 01:35:00;USR-1791;14;VIP;3;250;540;Card;Deadlock;4.0;1
SESS-12564;2026-08-03 10:06:00;USR-1392;19;Standard;1;120;100;Cash;CS2;3.0;0
SESS-13856;2026-08-25 06:28:00;USR-1586;26;Bootcamp;2;490;300;Cash;CS2;3.0;0
SESS-14577;2026-08-09 22:55:00;USR-1469;16;Standard;2;400;200;Card;Minecraft;4.5;0
SESS-12608;2026-08-04 00:00:00;USR-1164;16;Standard;3;150;300;Card;Apex Legends;4.5;0
SESS-14205;2026-08-16 00:56:00;USR-1381;14;Standard;1;50;100;App;Dota 2;5.0;0
SESS-10707;2026-08-18 08:22:00;USR-1495;16;Bootcamp;1;0;150;Card;Valorant;5.0;0
SESS-13046;2026-08-29 05:44:00;USR-1655;17;Bootcamp;3;490;450;App;Apex Legends;4.0;0
SESS-14647;2026-08-15 03:23:00;USR-1642;16;PS5;2;160;500;Card;Dota 2;3.0;0
SESS-11093;2026-08-04 05:52:00;USR-1309;32;VIP;1;0;200;App;Deadlock;4.0;0
SESS-14151;2026-08-02 10:36:00;USR-1077;25;Bootcamp;2;0;300;Card;CS2;1.0;0
SESS-11376;2026-08-10 15:52:00;USR-1493;22;VIP;2;0;400;App;CS2;3.0;0
SESS-15337;2026-08-23 10:13:00;USR-1287;17;Standard;5;0;500;Card;CS2;4.5;0
SESS-10072;2026-08-08 00:56:00;USR-1248;31;Standard;3;240;270;Card;Valorant;5.0;1
SESS-11922;2026-08-27 19:11:00;USR-1379;26;Bootcamp;3;0;450;Card;Dota 2;4.0;0
SESS-14017;2026-08-18 22:39:00;USR-1696;18;Standard;4;0;400;Card;Dota 2;4.0;0
SESS-11764;2026-08-02 08:40:00;USR-1673;26;Standard;1;0;100;Card;Cyberpunk 2077;4.5;0
SESS-10743;2026-08-27 13:46:00;USR-1668;26;Standard;3;360;300;Cash;PUBG;4.5;0
SESS-15111;2026-08-04 18:03:00;USR-1138;18;Standard;3;150;300;Card;CS2;5.0;0
SESS-11005;2026-08-27 12:10:00;USR-1376;15;PS5;2;0;450;Card;Dota 2;4.0;1
SESS-12668;2026-08-25 14:03:00;USR-1776;33;Bootcamp;2;0;300;App;Valorant;4.5;0
SESS-11190;2026-08-30 11:11:00;USR-1053;20;Standard;3;0;300;Card;CS2;4.0;0
SESS-13767;2026-08-31 10:17:00;USR-1131;26;Standard;2;0;200;Card;Dota 2;4.5;0
SESS-12601;2026-08-17 18:43:00;USR-1240;26;Standard;2;0;180;Card;CS2;5.0;1
SESS-11125;2026-08-29 21:40:00;USR-1611;29;Bootcamp;1;0;150;Card;CS2;2.0;0
SESS-11241;2026-08-25 17:43:00;USR-1138;18;PS5;1;0;250;Card;CS2;5.0;0
SESS-13360;2026-08-17 20:45:00;USR-1045;19;VIP;3;0;600;App;CS2;4.0;0
SESS-14490;2026-08-18 01:21:00;USR-1380;23;VIP;3;340;600;Card;CS2;5.0;0
SESS-14393;2026-08-21 01:36:00;USR-1144;20;Bootcamp;4;450;600;Card;PUBG;4.0;0
SESS-10998;2026-08-10 11:01:00;USR-1127;18;Standard;2;0;180;Card;CS2;4.5;1
SESS-14002;2026-08-26 11:49:00;USR-1522;16;Bootcamp;2;0;300;Card;Minecraft;1.0;0
SESS-13355;2026-08-11 01:42:00;USR-1235;22;Standard;5;1000;450;App;Dota 2;4.5;1
SESS-12684;2026-08-05 23:15:00;USR-1320;24;Bootcamp;3;850;405;Card;Valorant;4.5;1
SESS-11577;2026-08-12 15:44:00;USR-1689;15;Standard;2;0;180;Card;Valorant;1.0;1
SESS-15203;2026-08-16 00:48:00;USR-1299;21;Standard;2;100;200;Cash;CS2;4.0;0
SESS-11826;2026-08-03 04:19:00;USR-1412;32;Standard;1;0;100;Card;CS2;5.0;0
SESS-13886;2026-08-23 18:29:00;USR-1189;31;VIP;2;650;400;App;Deadlock;4.5;0
SESS-11534;2026-08-08 10:34:00;USR-1551;17;Standard;1;80;100;App;CS2;4.0;0
SESS-14292;2026-08-27 12:33:00;USR-1189;31;Bootcamp;1;0;150;App;Valorant;3.0;0
SESS-15157;2026-08-21 11:51:00;USR-1073;14;Standard;2;400;200;Card;Dota 2;4.0;0
SESS-10440;2026-08-23 18:36:00;USR-1711;34;PS5;2;240;500;Card;Valorant;5.0;0
SESS-15378;2026-08-17 07:12:00;USR-1790;34;Standard;2;100;180;Cash;Valorant;4.0;1
SESS-11100;2026-08-04 05:35:00;USR-1239;24;Standard;3;0;300;App;Minecraft;5.0;0
SESS-12637;2026-08-29 00:19:00;USR-1595;32;Standard;1;0;100;App;CS2;4.0;0
SESS-13613;2026-08-07 02:49:00;USR-1300;45;Bootcamp;8;740;1080;Card;Minecraft;5.0;1
SESS-10649;2026-08-10 04:39:00;USR-1043;21;Bootcamp;2;0;300;App;Valorant;5.0;0
SESS-11546;2026-08-17 08:16:00;USR-1554;25;Bootcamp;2;0;300;Cash;Dota 2;4.0;0
SESS-13231;2026-08-29 17:49:00;USR-1214;23;Standard;3;0;300;Card;Dota 2;2.0;0
SESS-14871;2026-08-23 13:40:00;USR-1761;25;Bootcamp;4;0;600;Card;PUBG;4.5;0
SESS-14291;2026-08-10 00:47:00;USR-1258;24;Standard;1;120;100;App;Valorant;3.0;0
SESS-13842;2026-08-28 08:08:00;USR-1037;21;VIP;4;0;800;;CS2;4.5;0
SESS-13869;2026-08-11 16:40:00;USR-1461;36;Standard;2;0;200;Card;Valorant;4.5;0
SESS-14253;2026-08-25 09:54:00;USR-1360;15;Standard;3;150;300;Card;Apex Legends;4.5;0
SESS-10630;2026-08-18 14:48:00;USR-1257;23;Standard;1;80;100;Card;Minecraft;5.0;0
SESS-10672;2026-08-17 19:37:00;USR-1483;17;PS5;1;0;250;Card;Apex Legends;4.0;0
SESS-11249;2026-08-12 02:37:00;USR-1667;23;Standard;2;0;200;Card;Valorant;4.0;0
SESS-13404;2026-08-10 15:50:00;USR-1197;24;Bootcamp;4;0;600;Card;CS2;5.0;0
SESS-10482;2026-08-23 11:23:00;USR-1687;20;Standard;8;960;800;Card;Dota 2;4.0;0
SESS-11584;2026-08-22 08:34:00;USR-1485;24;VIP;3;0;540;Card;Dota 2;4.0;1
SESS-13631;2026-08-27 01:55:00;USR-1150;21;Bootcamp;2;650;300;App;CS2;4.5;0
SESS-15023;2026-08-05 16:19:00;USR-1403;21;PS5;2;240;500;Card;Dota 2;5.0;0
SESS-13592;2026-08-27 21:59:00;USR-1713;30;PS5;1;80;250;Cash;Deadlock;4.0;0
SESS-11462;2026-08-19 04:20:00;USR-1342;30;Standard;4;0;400;App;Valorant;4.0;0
SESS-13040;2026-08-31 23:28:00;USR-1496;18;Standard;2;0;200;Card;Dota 2;5.0;0
SESS-14365;2026-08-30 04:28:00;USR-1112;24;Bootcamp;5;500;750;App;CS2;4.0;0
SESS-14184;2026-08-21 23:12:00;USR-1045;19;Standard;1;0;100;Card;CS2;5.0;0
SESS-12910;2026-08-20 23:08:00;USR-1109;16;VIP;2;0;360;Card;Apex Legends;4.0;1
SESS-13273;2026-08-26 21:21:00;USR-1471;16;Standard;1;0;90;App;GTA V;4.0;1
SESS-13238;2026-08-15 09:17:00;USR-1713;30;Standard;3;360;300;App;Dota 2;4.0;0
SESS-13131;2026-08-09 03:43:00;USR-1330;18;Standard;2;0;200;Card;CS2;4.5;0
SESS-12578;2026-08-08 20:28:00;USR-1749;15;Standard;2;400;180;Card;Deadlock;4.0;1
SESS-14290;2026-08-18 22:16:00;USR-1021;24;Bootcamp;1;300;150;Card;Valorant;4.0;0
SESS-10049;2026-08-06 18:16:00;USR-1543;21;PS5;2;0;500;Cash;Dota 2;4.0;0
SESS-14656;2026-08-31 14:58:00;USR-1400;20;PS5;8;0;2000;App;Dota 2;3.0;0
SESS-13611;2026-08-14 03:29:00;USR-1613;26;Standard;1;80;100;Card;CS2;4.5;0
SESS-10858;2026-08-21 08:12:00;USR-1225;19;Standard;2;160;200;Card;Minecraft;4.0;0
SESS-13225;2026-08-25 02:53:00;USR-1233;28;Bootcamp;12;0;1800;Card;CS2;4.5;0
SESS-11072;2026-08-11 17:07:00;USR-1303;22;Standard;4;800;400;Card;Valorant;2.0;0
SESS-10719;2026-08-14 23:26:00;USR-1136;28;PS5;12;0;3000;App;Valorant;4.5;0
SESS-14999;2026-08-19 16:46:00;USR-1583;24;VIP;12;700;2400;Card;CS2;4.5;0
SESS-12631;2026-08-08 20:36:00;USR-1141;39;Standard;4;320;400;Card;Apex Legends;4.5;0
SESS-15292;2026-08-01 18:38:00;USR-1693;24;Standard;2;0;200;App;PUBG;2.0;0
SESS-11660;2026-08-05 10:58:00;USR-1791;14;Standard;8;0;800;Card;GTA V;4.0;0
SESS-11656;2026-08-24 14:47:00;USR-1319;22;PS5;2;0;500;App;Dota 2;4.0;0
SESS-12425;2026-08-24 03:15:00;USR-1596;24;Standard;3;360;300;Card;CS2;5.0;0
SESS-14128;2026-08-31 16:20:00;USR-1304;20;Bootcamp;2;500;300;Card;CS2;4.0;0
SESS-14989;2026-08-14 10:43:00;USR-1394;19;Standard;1;0;90;Card;Minecraft;5.0;1
SESS-11498;2026-08-02 01:36:00;USR-1106;26;Bootcamp;2;200;300;Card;CS2;4.5;0
SESS-13906;2026-08-08 16:15:00;USR-1159;25;Bootcamp;2;260;300;Card;Browser/Work;4.0;0
SESS-13097;2026-08-11 10:27:00;USR-1015;16;VIP;2;200;400;Card;Dota 2;4.0;0
SESS-14866;2026-08-27 17:37:00;USR-1095;16;Standard;2;0;200;Card;Deadlock;4.0;0
SESS-13901;2026-08-20 05:30:00;USR-1370;27;PS5;2;240;500;Card;CS2;4.5;0
SESS-15162;2026-08-19 01:22:00;USR-1169;27;Standard;1;0;100;App;Minecraft;4.0;0
SESS-13189;2026-08-18 10:26:00;USR-1584;15;Standard;12;0;1200;Card;Valorant;4.0;0
SESS-12934;2026-08-07 13:00:00;USR-1359;21;Standard;1;0;100;Card;Dota 2;5.0;0
SESS-14486;2026-08-22 14:45:00;USR-1189;31;Bootcamp;2;0;300;Card;Apex Legends;5.0;0
SESS-15030;2026-08-07 14:51:00;USR-1000;19;VIP;3;0;600;Card;CS2;4.5;0
SESS-12606;2026-08-12 13:40:00;USR-1701;15;Standard;1;0;90;Card;CS2;4.5;1
SESS-11385;2026-08-17 09:27:00;USR-1382;28;Standard;2;0;200;Card;Valorant;3.0;0
SESS-14313;2026-08-01 20:12:00;USR-1444;18;Bootcamp;2;0;300;Card;CS2;4.5;0
SESS-11399;2026-08-22 15:32:00;USR-1415;23;Bootcamp;4;900;600;Card;CS2;3.0;0
SESS-11195;2026-08-16 00:34:00;USR-1489;25;Standard;2;240;200;Card;Valorant;5.0;0
SESS-11408;2026-08-08 18:01:00;USR-1491;21;VIP;2;340;400;App;Apex Legends;4.0;0
SESS-11845;2026-08-30 22:11:00;USR-1132;25;VIP;12;850;2160;Card;Valorant;4.0;1
SESS-11798;2026-08-14 16:51:00;USR-1198;31;Standard;1;0;90;Card;CS2;4.0;1
SESS-11475;2026-08-20 06:32:00;USR-1394;19;Standard;2;400;200;Card;CS2;5.0;0
SESS-13801;2026-08-05 14:31:00;USR-1669;20;Standard;2;100;200;App;Dota 2;5.0;0
SESS-10035;2026-08-07 13:19:00;USR-1295;24;VIP;1;300;200;App;CS2;3.0;0
SESS-14601;2026-08-10 01:32:00;USR-1655;17;Standard;2;100;200;Card;CS2;4.0;0
SESS-12345;2026-08-13 04:52:00;USR-1373;18;PS5;3;0;750;Card;CS2;4.5;0
SESS-13751;2026-08-24 09:23:00;USR-1436;14;Bootcamp;2;0;300;Card;Valorant;5.0;0
SESS-13312;2026-08-03 12:05:00;USR-1630;21;Standard;3;0;270;Card;Minecraft;3.0;1
SESS-12359;2026-08-04 07:45:00;USR-1715;31;VIP ;4;0;400;Card;Dota 2;5.0;0
SESS-13006;2026-08-30 22:56:00;USR-1408;20;Standard;2;0;180;Card;CS2;4.0;1
SESS-12206;2026-08-31 11:26:00;USR-1654;17;PS5;2;400;500;Card;Minecraft;2.0;0
SESS-13781;2026-08-10 00:59:00;USR-1042;21;Standard;8;640;800;Card;Minecraft;3.0;0
SESS-14663;2026-08-20 21:41:00;USR-1774;15;Bootcamp;1;0;135;App;Dota 2;4.0;1
SESS-13179;2026-08-25 12:02:00;USR-1118;15;VIP;5;650;1000;Card;Dota 2;3.0;0
SESS-11286;2026-08-19 07:57:00;USR-1490;18;Standard;2;0;200;App;CS2;5.0;0
SESS-10349;2026-08-04 09:34:00;USR-1339;19;Bootcamp;3;610;405;Card;Dota 2;4.0;1
SESS-12137;2026-08-12 07:21:00;USR-1517;17;Bootcamp;2;200;300;App;Minecraft;4.5;0
SESS-12691;2026-08-22 10:08:00;USR-1792;22;Standard;4;800;400;App;Minecraft;4.5;0
SESS-14629;2026-08-18 22:08:00;USR-1310;19;PS5;4;320;1000;Card;CS2;3.0;0
SESS-13691;2026-08-27 03:34:00;USR-1558;19;Standard;1;0;100;Card;CS2;4.0;0
SESS-11681;2026-08-20 03:32:00;USR-1611;29;Standard;8;0;800;Card;CS2;4.0;0
SESS-14411;2026-08-14 02:50:00;USR-1782;28;VIP;2;0;400;Card;Minecraft;5.0;0
SESS-11443;2026-08-26 23:28:00;USR-1250;26;Standard;12;0;1080;Card;CS2;5.0;1
SESS-13831;2026-08-17 16:14:00;USR-1457;19;VIP;2;0;400;Card;CS2;3.0;0
SESS-13215;2026-08-07 10:18:00;USR-1472;14;Bootcamp;4;300;600;Card;Valorant;3.0;0
SESS-11671;2026-08-28 10:33:00;USR-1539;19;VIP;3;700;600;App;Dota 2;4.5;0
SESS-13484;2026-08-24 21:03:00;USR-1567;20;Standard;3;150;300;Card;Valorant;3.0;0
SESS-11179;2026-08-22 12:47:00;USR-1448;23;VIP;8;1850;1600;Card;Valorant;4.5;0
SESS-12798;2026-08-02 23:11:00;USR-1735;16;Standard;3;150;300;Cash;CS2;4.5;0
SESS-11692;2026-08-31 10:35:00;USR-1544;23;Standard;2;0;200;Card;CS2;4.0;0
SESS-14336;2026-08-07 05:53:00;USR-1350;16;Bootcamp;5;0;750;Card;PUBG;5.0;0
SESS-10372;2026-08-22 10:29:00;USR-1539;19;Standard;4;0;400;Card;Browser/Work;5.0;0
SESS-13055;2026-08-13 00:04:00;USR-1487;19;VIP;3;700;600;Card;Apex Legends;4.5;0
SESS-14180;2026-08-27 21:36:00;USR-1203;21;PS5;2;0;500;Card;Dota 2;5.0;0
SESS-11916;2026-08-11 23:24:00;USR-1367;30;Standard;2;0;180;App;Valorant;4.5;1
SESS-11357;2026-08-17 15:35:00;USR-1015;16;Bootcamp;8;0;1200;Card;Minecraft;3.0;0
SESS-11825;2026-08-08 16:15:00;USR-1037;21;Standard;1;120;90;Card;Minecraft;5.0;1
SESS-10786;2026-08-31 03:25:00;USR-1434;22;Bootcamp;12;0;1800;App;CS2;4.5;0
SESS-10469;2026-08-25 10:27:00;USR-1379;26;Standard;3;240;300;App;Valorant;4.5;0
SESS-10140;2026-08-30 17:11:00;USR-1595;32;VIP;12;0;2400;App;Apex Legends;4.5;0
SESS-10788;2026-08-15 12:48:00;USR-1039;35;VIP;4;1050;800;Card;Apex Legends;5.0;0
SESS-10323;2026-08-08 16:10:00;USR-1547;18;Standard;3;240;300;Card;CS2;4.0;0
SESS-10050;2026-08-25 19:27:00;USR-1772;23;Standard;2;100;200;Cash;CS2;4.5;0
SESS-10714;2026-08-28 05:14:00;USR-1573;33;Standard;2;0;200;Card;Valorant;5.0;0
SESS-14880;2026-08-09 07:38:00;USR-1788;33;Standard;2;400;180;App;Valorant;3.0;1
SESS-12840;2026-08-21 23:44:00;USR-1797;19;VIP;3;0;600;Card;CS2;3.0;0
SESS-12446;2026-08-26 07:32:00;USR-1263;22;Bootcamp;2;0;300;App;Browser/Work;4.0;0
SESS-14266;2026-08-12 23:31:00;USR-1507;14;Bootcamp;1;0;135;App;CS2;4.5;1
SESS-13722;2026-08-11 11:56:00;USR-1141;39;PS5;2;160;500;Card;CS2;5.0;0
SESS-14805;2026-08-31 08:07:00;USR-1430;17;Bootcamp;3;0;450;Cash;Apex Legends;3.0;0
SESS-14990;2026-08-30 05:22:00;USR-1001;26;Standard;8;400;800;App;Minecraft;4.5;0
SESS-13563;2026-08-31 00:34:00;USR-1162;17;Bootcamp;4;900;600;Card;CS2;5.0;0
SESS-12666;2026-08-23 08:49:00;USR-1444;18;Bootcamp;3;850;450;App;Valorant;4.0;0
SESS-10406;2026-08-02 08:54:00;USR-1619;18;Standard;2;0;200;Card;CS2;4.0;0
SESS-13967;2026-08-04 15:27:00;USR-1461;36;Standard;12;600;1080;App;CS2;4.0;1
SESS-11004;2026-08-08 21:44:00;USR-1663;23;Bootcamp;1;180;150;Card;Deadlock;3.0;0
SESS-13550;2026-08-16 21:19:00;USR-1172;25;Standard;12;1440;1080;Card;Dota 2;4.0;1
SESS-10890;2026-08-27 13:20:00;USR-1289;19;Standard;2;0;200;Card;Dota 2;4.5;0
SESS-12411;2026-08-02 23:48:00;USR-1227;21;PS5;2;400;500;Card;Dota 2;4.5;0
SESS-12545;2026-08-10 08:16:00;USR-1600;20;Standard;1;0;90;Card;Valorant;5.0;1
SESS-14058;2026-08-28 05:25:00;USR-1195;19;Standard;3;600;300;Card;CS2;4.0;0
SESS-12390;2026-08-28 16:41:00;USR-1582;23;Bootcamp;2;500;300;App;Minecraft;4.0;0
SESS-14372;2026-08-03 10:51:00;USR-1326;26;Bootcamp;4;0;600;Card;CS2;4.0;0
SESS-10042;2026-08-03 20:59:00;USR-1105;20;VIP;3;0;600;Card;CS2;5.0;0
SESS-12830;2026-08-04 08:06:00;USR-1114;23;Standard;2;100;200;App;PUBG;4.0;0
SESS-13907;2026-08-12 08:12:00;USR-1646;22;Standard;2;240;200;Card;Dota 2;4.0;0
SESS-13371;2026-08-26 22:03:00;USR-1097;21;VIP;1;220;200;Card;Dota 2;4.0;0
SESS-13022;2026-08-22 23:16:00;USR-1621;28;VIP;2;0;400;Cash;CS2;4.0;0
SESS-13364;2026-08-16 16:18:00;USR-1142;20;Standard;3;0;300;Card;Deadlock;4.5;0
SESS-10303;2026-08-24 23:06:00;USR-1300;45;VIP;2;0;400;Cash;CS2;5.0;0
SESS-14906;2026-08-15 18:26:00;USR-1070;21;Standard;2;100;200;App;CS2;2.0;0
SESS-10011;2026-08-05 03:27:00;USR-1163;22;Standard;2;0;200;Card;CS2;4.5;0
SESS-10664;2026-08-17 23:25:00;USR-1123;22;Standard;1;200;100;App;Dota 2;4.0;0
SESS-11177;2026-08-21 11:39:00;USR-1718;16;VIP;2;410;400;App;PUBG;4.0;0
SESS-13292;2026-08-18 04:30:00;USR-1558;19;Standard;2;400;200;Card;CS2;4.0;0
SESS-12676;2026-08-03 08:54:00;USR-1543;21;Standard;1;120;100;Card;Dota 2;5.0;0
SESS-11947;2026-08-29 16:32:00;USR-1192;30;Standard;2;0;200;Card;CS2;4.5;0
SESS-12501;2026-08-05 19:52:00;USR-1333;23;Bootcamp;1;150;135;Card;Dota 2;4.0;1
SESS-11473;2026-08-21 19:03:00;USR-1218;26;Bootcamp;2;0;300;Card;CS2;4.0;0
SESS-12863;2026-08-25 05:53:00;USR-1325;15;Standard;1;0;90;App;Deadlock;4.0;1
SESS-12375;2026-08-09 11:51:00;USR-1590;20;Standard;1;0;90;App;Valorant;4.5;1
SESS-12132;2026-08-15 18:01:00;USR-1292;19;Standard;3;0;300;Card;Minecraft;4.5;0
SESS-11026;2026-08-10 08:24:00;USR-1064;31;Standard;3;240;300;Cash;CS2;5.0;0
SESS-12989;2026-08-29 00:43:00;USR-1247;21;Bootcamp;5;0;750;Card;Apex Legends;4.5;0
SESS-10961;2026-08-13 07:11:00;USR-1321;15;Standard;2;400;200;App;CS2;4.5;0
SESS-12889;2026-08-26 12:45:00;USR-1162;17;Standard;3;0;270;Cash;Dota 2;4.5;1
SESS-13021;2026-08-29 15:30:00;USR-1373;18;PS5;12;0;3000;App;Browser/Work;5.0;0
SESS-13015;2026-08-27 03:15:00;USR-1404;23; Bootcamp ;3;360;750;Card;Dota 2;4.5;0
SESS-13770;2026-08-15 15:13:00;USR-1243;25;Bootcamp;2;260;300;App;CS2;4.5;0
SESS-13338;2026-08-10 03:12:00;USR-1341;21;Standard;4;0;360;Card;Valorant;3.0;1
SESS-12009;2026-08-24 06:52:00;USR-1131;26;Standard;5;0;500;Card;PUBG;2.0;0
SESS-12149;2026-08-25 03:50:00;USR-1332;21;Bootcamp;2;0;270;Card;CS2;4.5;1
SESS-15179;2026-08-17 00:58:00;USR-1244;19;VIP;3;460;600;Card;Apex Legends;5.0;0
SESS-12338;2026-08-15 17:39:00;USR-1303;22;Bootcamp;8;0;1200;Card;GTA V;3.0;0
SESS-10735;2026-08-14 09:27:00;USR-1072;17;VIP;3;0;600;Card;Cyberpunk 2077;4.0;0
SESS-10304;2026-08-13 08:30:00;USR-1371;24;Standard;1;200;100;Card;Apex Legends;4.5;0
SESS-11440;2026-08-05 14:22:00;USR-1088;29;VIP;4;0;800;Card;CS2;4.5;0
SESS-11496;2026-08-15 20:34:00;USR-1439;23;Standard;12;0;1200;Card;Valorant;4.5;0
SESS-12652;2026-08-21 14:33:00;USR-1614;22;Bootcamp;1;0;150;App;Dota 2;4.0;0
SESS-12875;2026-08-12 07:15:00;USR-1171;18;Standard;1;0;90;Card;Valorant;3.0;1
SESS-10916;2026-08-28 23:51:00;USR-1392;19;Standard;3;0;300;Card;CS2;2.0;0
SESS-14543;2026-08-25 03:43:00;USR-1355;28;Bootcamp;1;0;150;Card;Dota 2;4.0;0
SESS-10710;2026-08-26 21:28:00;USR-1659;19;Standard;2;240;200;Card;GTA V;4.0;0
SESS-15021;2026-08-17 09:16:00;USR-1411;14;Bootcamp;2;0;300;App;Deadlock;4.5;0
SESS-14797;2026-08-17 05:41:00;USR-1039;35;VIP;2;650;400;Card;Dota 2;5.0;0
SESS-12772;2026-08-22 05:25:00;USR-1267;15;Bootcamp;8;1850;1080;Cash;CS2;3.0;1
SESS-11624;2026-08-27 11:08:00;USR-1587;20;Standard;3;0;300;Card;Dota 2;4.0;0
SESS-14315;2026-08-19 09:42:00;USR-1677;27;Standard;4;0;400;Card;Dota 2;3.0;0
SESS-10821;2026-08-22 04:38:00;USR-1195;19;Bootcamp;2;0;270;Card;CS2;4.0;1
SESS-13896;2026-08-18 00:25:00;USR-1698;15;PS5;3;0;750;Card;CS2;4.0;0
SESS-11354;2026-08-11 17:26:00;USR-1070;21;Standard;1;200;90;Card;CS2;3.0;1
SESS-14889;2026-08-22 13:09:00;USR-1072;17;Standard;1;200;100;Card;CS2;4.5;0
SESS-10850;2026-08-27 03:15:00;USR-1272;16;Standard;5;0;500;App;CS2;3.0;0
SESS-13350;2026-08-22 19:02:00;USR-1264;16;Bootcamp;1;0;150;App;PUBG;1.0;0
SESS-11000;2026-08-21 01:23:00;USR-1120;15;Standard;1;0;100;Card;Deadlock;2.0;0
SESS-15185;2026-08-07 09:19:00;USR-1766;21;Standard;3;150;300;Card;Dota 2;5.0;0
SESS-10018;2026-08-21 02:36:00;USR-1226;21;Bootcamp;3;850;450;Card;Dota 2;4.5;0
SESS-11637;2026-08-17 23:43:00;USR-1203;21;Standard;2;160;180;Card;CS2;4.0;1
SESS-11667;2026-08-30 13:35:00;USR-1388;25;PS5;3;600;750;Card;CS2;4.0;0
SESS-10493;2026-08-28 09:45:00;USR-1207;22;Standard;3;0;270;Card;CS2;4.5;1
SESS-13173;2026-08-07 09:42:00;USR-1726;25;VIP;3;490;600;Card;PUBG;5.0;0
SESS-14366;2026-08-15 21:02:00;USR-1620;20;Standard;3;150;300;Card;GTA V;4.0;0
SESS-11347;2026-08-26 11:42:00;USR-1367;30;Standard;3;150;300;App;CS2;2.0;0
SESS-13018;2026-08-02 20:08:00;USR-1294;25;Standard;1;0;100;Card;CS2;4.0;0
SESS-14245;2026-08-14 16:49:00;USR-1032;21;VIP;4;450;800;Cash;Apex Legends;4.0;0
SESS-13230;2026-08-29 04:22:00;USR-1312;15;Standard;2;240;200;Card;Valorant;4.5;0
SESS-13844;2026-08-31 18:03:00;USR-1112;24;Bootcamp;1;150;150;Card;Valorant;4.0;0
SESS-14181;2026-08-02 19:29:00;USR-1580;20;Standard;2;0;200;Card;Dota 2;4.5;0
SESS-12828;2026-08-17 02:46:00;USR-1342;30;Standard;4;0;400;Card;PUBG;4.0;0
SESS-10687;2026-08-08 22:15:00;USR-1470;23;Standard;2;160;200;Cash;CS2;4.0;0
SESS-11112;2026-08-13 06:22:00;USR-1620;20;Standard;5;0;500;Card;CS2;4.0;0
SESS-13232;2026-08-01 11:54:00;USR-1351;35;Bootcamp;2;0;300;Card;Deadlock;5.0;0
SESS-11608;2026-08-01 22:46:00;USR-1070;21;PS5;8;400;2000;App;Valorant;4.5;0
SESS-14448;2026-08-06 22:53:00;USR-1064;31;PS5;3;0;750;App;Minecraft;2.0;0
SESS-14715;2026-08-15 20:16:00;USR-1353;18;ps5;4;200;1000;Cash;Minecraft;1.0;0
SESS-11009;2026-08-09 13:46:00;USR-1036;17;PS5;3;0;750;Card;Dota 2;3.0;0
SESS-13291;2026-08-15 16:03:00;USR-1669;20;Standard;1;120;100;Card;Minecraft;4.0;0
SESS-12408;2026-08-09 15:46:00;USR-1310;19;VIP;8;500;1600;Card;Valorant;4.0;0
SESS-11092;2026-08-06 19:08:00;USR-1486;16;PS5;4;0;1000;Card;CS2;4.0;0
SESS-11327;2026-08-28 08:29:00;USR-1795;25;VIP;2;350;360;Card;CS2;4.0;1
SESS-15059;2026-08-22 12:23:00;USR-1341;21;VIP;2;0;400;Card;GTA V;4.0;0
SESS-11677;2026-08-08 16:18:00;USR-1196;23;Standard;4;480;400;Card;Valorant;3.0;0
SESS-11999;2026-08-09 01:33:00;USR-1218;26;Bootcamp;3;0;450;Card;CS2;4.0;0
SESS-11310;2026-08-21 22:03:00;USR-1340;21;Standard;4;0;400;Card;Apex Legends;2.0;0
SESS-14304;2026-08-26 18:42:00;USR-1628;23;Standard;3;360;300;App;Dota 2;2.0;0
SESS-13607;2026-08-17 07:26:00;USR-1238;20; standard ;4;200;360;Card;CS2;5.0;1
SESS-15080;2026-08-16 05:30:00;USR-1092;21;Standard;1;50;100;App;Dota 2;5.0;0
SESS-11987;2026-08-14 01:54:00;USR-1186;39;Standard;8;0;800;Card;Dota 2;5.0;0
SESS-14691;2026-08-31 11:39:00;USR-1065;20;Standard;1;200;100;Card;Valorant;2.0;0
SESS-10344;2026-08-23 00:10:00;USR-1421;21;Standard;2;0;200;Cash;CS2;1.0;0
SESS-14547;2026-08-06 22:44:00;USR-1724;27;Standard;3;150;300;Card;Minecraft;5.0;0
SESS-10986;2026-08-18 04:19:00;USR-1472;14;VIP;3;0;600;Card;Dota 2;4.0;0
SESS-10587;2026-08-14 18:31:00;USR-1430;17;Standard;2;0;200;Cash;Apex Legends;4.0;0
SESS-12791;2026-08-20 12:37:00;USR-1553;22;PS5;12;1440;3000;Card;CS2;4.0;0
SESS-14683;2026-08-30 01:34:00;USR-1649;30;VIP;2;340;400;Cash;Dota 2;;0
SESS-13673;2026-08-07 11:27:00;USR-1631;28;Bootcamp;3;0;450;Card;Deadlock;4.5;0
SESS-14401;2026-08-14 07:57:00;USR-1023;17;Bootcamp;2;410;300;App;CS2;5.0;0
SESS-13485;2026-08-15 16:56:00;USR-1703;17;PS5;3;0;750;Card;PUBG;4.0;0
SESS-13652;2026-08-15 16:34:00;USR-1754;19;PS5;5;400;1250;Card;Dota 2;4.5;0
SESS-15257;2026-08-04 10:26:00;USR-1650;36;Bootcamp;3;700;450;Card;CS2;2.0;0
SESS-13289;2026-08-27 03:34:00;USR-1781;21;VIP;1;0;180;App;Minecraft;4.0;1
SESS-11142;2026-08-18 10:09:00;USR-1799;21;Standard;2;0;200;App;Minecraft;5.0;0
SESS-12358;2026-08-17 01:55:00;USR-1795;25;PS5;12;2400;3000;App;CS2;4.0;0
SESS-13264;2026-08-01 21:17:00;USR-1372;27;PS5;3;600;750;App;Valorant;4.0;0
SESS-11198;2026-08-16 21:56:00;USR-1737;26;VIP;1;0;200;App;PUBG;5.0;0
SESS-10085;2026-08-09 06:30:00;USR-1427;24;VIP;8;0;1440;Card;CS2;4.0;1
SESS-11518;2026-08-02 17:44:00;USR-1793;29;Standard;2;0;180;Card;Dota 2;1.0;1
SESS-10516;2026-08-10 21:30:00;USR-1738;24;PS5;8;0;1800;Card;CS2;5.0;1
SESS-11381;2026-08-09 02:46:00;USR-1593;26;Standard;2;160;200;Card;Dota 2;4.0;0
SESS-14190;2026-08-17 14:18:00;USR-1510;26;Standard;1;200;90;App;Valorant;5.0;1
SESS-12716;2026-08-05 02:46:00;USR-1308;18;Standard;3;0;300;Card;Dota 2;3.0;0
SESS-14561;2026-08-18 20:30:00;USR-1621;28;PS5;2;160;500;App;Valorant;3.0;0
SESS-11014;2026-08-14 09:05:00;USR-1234;14;VIP;2;0;400;Card;Dota 2;3.0;0
SESS-10128;2026-08-15 03:30:00;USR-1068;26;Standard;3;150;300;App;Deadlock;4.0;0
SESS-11364;2026-08-01 07:39:00;USR-1196;23;Standard;2;0;200;Card;CS2;3.0;0
SESS-14821;2026-08-10 10:49:00;USR-1069;40;Bootcamp;1;0;150;App;Deadlock;4.0;0
SESS-15234;2026-08-06 20:00:00;USR-1519;20;Standard;2;0;200;Card;Apex Legends;4.5;0
SESS-13690;2026-08-17 08:59:00;USR-1126;23;Standard;5;0;500;App;Apex Legends;4.0;0
SESS-10891;2026-08-03 12:22:00;USR-1176;19;VIP;4;0;800;Cash;CS2;4.5;0
SESS-12793;2026-08-16 03:04:00;USR-1356;19;VIP;8;0;1600;Card;Valorant;5.0;0
SESS-14792;2026-08-08 15:25:00;USR-1294;25;VIP;12;0;2400;Card;Valorant;4.5;0
SESS-11359;2026-08-31 09:35:00;USR-1417;26;PS5;2;240;450;Card;CS2;4.0;1
SESS-10307;2026-08-30 20:14:00;USR-1247;21;Standard;1;0;100;Card;PUBG;4.5;0
SESS-11661;2026-08-01 04:13:00;USR-1421;21;Standard;2;240;200;Card;CS2;4.0;0
SESS-12431;2026-08-01 14:36:00;USR-1487;19;PS5;1;0;250;Card;Dota 2;4.0;0
SESS-14370;2026-08-01 20:27:00;USR-1779;19;Bootcamp;3;850;405;Card;CS2;3.0;1
SESS-11317;2026-08-26 11:38:00;USR-1612;22;Bootcamp;2;200;300;Card;CS2;3.0;0
SESS-13499;2026-08-16 21:27:00;USR-1599;36;PS5;2;0;500;Card;GTA V;4.5;0
SESS-14672;2026-08-17 19:17:00;USR-1025;16;Bootcamp;5;0;750;Card;CS2;4.0;0
SESS-13249;2026-08-07 13:23:00;USR-1158;24;VIP;2;200;400;App;CS2;5.0;0
SESS-12474;2026-08-05 14:07:00;USR-1553;22;Bootcamp;1;300;150;Card;Dota 2;4.0;0
SESS-12542;2026-08-09 17:56:00;USR-1449;32;VIP;3;490;600;App;Minecraft;4.0;0
SESS-15238;2026-08-16 07:19:00;USR-1435;17;Standard;4;480;400;Card;Valorant;4.0;0
SESS-11246;2026-08-27 17:37:00;USR-1330;18;Bootcamp;1;450;135;Card;CS2;;1
SESS-14532;2026-08-28 12:29:00;USR-1342;30;Bootcamp;3;610;405;App;Dota 2;3.0;1
SESS-11208;2026-08-09 20:05:00;USR-1217;23;Standard;12;960;1200;App;CS2;5.0;0
SESS-13377;2026-08-12 00:31:00;USR-1164;16;Standard;3;0;300;Card;Valorant;4.0;0
SESS-10216;2026-08-16 07:53:00;USR-1383;27;VIP;8;1210;1600;App;Dota 2;4.5;0
SESS-14660;2026-08-26 22:23:00;USR-1369;23;Standard;12;0;1200;Card;Apex Legends;4.0;0
SESS-13617;2026-08-07 19:54:00;USR-1143;24;VIP;2;490;360;Card;Minecraft;4.5;1
SESS-11239;2026-08-20 08:58:00;USR-1159;25;Bootcamp;2;0;300;Card;Browser/Work;3.0;0
SESS-12289;2026-08-19 13:50:00;USR-1567;20;Standard;5;0;500;Card;Dota 2;4.0;0
SESS-12740;2026-08-23 01:21:00;USR-1542;15;Bootcamp;2;500;300;Card;Dota 2;4.5;0
SESS-10275;2026-08-07 23:29:00;USR-1154;24;Standard;3;0;300;Cash;CS2;5.0;0
SESS-10489;2026-08-30 21:03:00;USR-1264;16;Standard;3;150;300;Card;Minecraft;3.0;0
SESS-11035;2026-08-18 01:28:00;USR-1427;24;VIP;3;0;600;Card;GTA V;5.0;0
SESS-11229;2026-08-12 03:54:00;USR-1581;15;Bootcamp;2;0;270;App;CS2;1.0;1
SESS-14979;2026-08-31 19:50:00;USR-1617;17;Standard;1;80;100;Card;CS2;4.0;0
SESS-11008;2026-08-25 04:46:00;USR-1148;25;Bootcamp;1;450;150;Card;Valorant;5.0;0
SESS-15113;2026-08-10 04:20:00;USR-1377;22;Standard;3;0;300;App;CS2;4.0;0
SESS-13725;2026-08-11 12:58:00;USR-1193;17;Standard;3;240;270;Card;Dota 2;5.0;1
SESS-13757;2026-08-18 01:11:00;USR-1439;23;Standard;2;100;200;Card;Dota 2;2.0;0
SESS-12532;2026-08-29 06:39:00;USR-1223;22;VIP;4;0;800;App;Deadlock;4.0;0
SESS-14746;2026-08-31 17:34:00;USR-1384;27;VIP;2;0;400;App;CS2;5.0;0
SESS-11058;2026-08-04 09:24:00;USR-1289;19;Standard;5;1000;500;Card;GTA V;4.0;0
SESS-12166;2026-08-23 10:13:00;USR-1758;17;Standard;1;0;100;Card;Apex Legends;4.5;0
SESS-14457;2026-08-04 00:17:00;USR-1658;18;Standard;2;0;200;Cash;Dota 2;4.5;0
SESS-13986;2026-08-29 13:27:00;USR-1117;20;VIP;2;0;400;Card;Valorant;2.0;0
SESS-10281;2026-08-30 12:04:00;USR-1348;15;Standard;2;160;180;App;Minecraft;3.0;1
SESS-11043;2026-08-10 05:03:00;USR-1518;25;Standard;1;50;90;Card;GTA V;4.0;1
SESS-11316;2026-08-25 16:23:00;USR-1474;32;Standard;4;0;400;Card;Dota 2;4.5;0
SESS-10279;2026-08-29 19:08:00;USR-1490;18;VIP;1;330;180;Card;CS2;4.5;1
SESS-10968;2026-08-08 21:31:00;USR-1729;25;Bootcamp;2;500;270;Cash;PUBG;5.0;1
SESS-13692;2026-08-19 18:17:00;USR-1495;16;Standard;2;100;200;App;Apex Legends;4.0;0
SESS-11939;2026-08-02 14:49:00;USR-1673;26;Bootcamp;12;0;1800;Card;Browser/Work;4.5;0
SESS-13740;2026-08-29 12:31:00;USR-1529;29;Bootcamp;1;0;150;Card;CS2;1.0;0
SESS-11274;2026-08-21 04:37:00;USR-1745;22;Bootcamp;3;340;450;Card;CS2;3.0;0
SESS-10619;2026-08-27 14:58:00;USR-1295;24;PS5;2;0;500;Card;Dota 2;4.0;0
SESS-13822;2026-08-14 13:13:00;USR-1141;39;PS5;12;1440;2700;App;Valorant;4.5;1
SESS-11742;2026-08-03 10:20:00;USR-1637;25;Standard;3;360;300;App;Deadlock;4.0;0
SESS-11390;2026-08-16 18:46:00;USR-1452;19;Standard;3;0;300;Card;CS2;5.0;0
SESS-14431;2026-08-15 12:24:00;USR-1110;22;Standard;1;80;90;Card;Dota 2;4.5;1
SESS-11847;2026-08-13 18:43:00;USR-1798;22;PS5;1;0;250;Card;CS2;5.0;0
SESS-11579;2026-08-23 09:12:00;USR-1156;22;Standard;2;0;200;Card;CS2;4.5;0
SESS-11655;2026-08-13 21:27:00;USR-1755;29;Standard;2;0;200;App;Valorant;4.0;0
SESS-13568;2026-08-06 20:31:00;USR-1665;24;PS5;3;360;750;Card;Dota 2;4.5;0
SESS-12352;2026-08-07 15:05:00;USR-1060;20;Standard;1;0;100;Card;Minecraft;4.5;0
SESS-12212;2026-08-12 06:19:00;USR-1457;19;Standard;1;50;100;Card;Minecraft;4.0;0
SESS-13275;2026-08-26 05:10:00;USR-1206;25;VIP;3;490;600;App;Dota 2;;0
SESS-12020;2026-08-07 18:01:00;USR-1392;19;Standard;2;100;200;Card;Minecraft;5.0;0
SESS-13824;2026-08-02 09:25:00;USR-1391;14;PS5;2;0;500;Card;Minecraft;4.5;0
SESS-11956;2026-08-29 05:34:00;USR-1568;19;Standard;1;120;100;Card;Dota 2;3.0;0
SESS-13178;2026-08-25 03:01:00;USR-1023;17;VIP;2;0;400;Card;CS2;4.5;0
SESS-13192;2026-08-15 06:28:00;USR-1637;25;Standard;3;360;270;Card;CS2;4.0;1
SESS-11307;2026-08-27 10:53:00;USR-1210;22;Standard;2;100;200;Card;PUBG;3.0;0
SESS-12003;2026-08-15 12:08:00;USR-1483;17;Bootcamp;1;180;150;App;Minecraft;5.0;0
SESS-14844;2026-08-31 18:05:00;USR-1024;26;Bootcamp;2;0;300;;CS2;2.0;0
SESS-10575;2026-08-16 15:54:00;USR-1405;25;Standard;3;0;300;App;Dota 2;5.0;0
SESS-12360;2026-08-09 05:11:00;USR-1179;19;PS5;1;0;250;Card;Minecraft;4.0;0
SESS-14564;2026-08-16 06:01:00;USR-1412;32;Standard;2;0;200;Card;Apex Legends;4.5;0
SESS-14825;2026-08-06 05:12:00;USR-1534;22;Standard;2;0;180;Card;PUBG;4.5;1
SESS-11706;2026-08-09 13:42:00;USR-1470;23;Bootcamp;12;0;1800;Card;PUBG;4.0;0
SESS-11799;2026-08-15 11:13:00;USR-1789;26;Standard;3;0;300;Cash;PUBG;4.0;0
SESS-13347;2026-08-26 17:48:00;USR-1172;25;Standard;2;0;200;App;Minecraft;5.0;0
SESS-14732;2026-08-28 14:45:00;USR-1061;18;Standard;3;0;300;Card;CS2;4.5;0
SESS-11280;2026-08-05 00:56:00;USR-1332;21;Standard;3;0;270;App;Dota 2;4.5;1
SESS-14428;2026-08-27 06:01:00;USR-1042;21;Bootcamp;2;500;300;App;Apex Legends;3.0;0
SESS-10861;2026-08-14 02:20:00;USR-1031;21;Standard;8;960;800;App;CS2;4.5;0
SESS-14506;2026-08-06 18:43:00;USR-1212;22;VIP;4;0;800;Card;Dota 2;4.5;0
SESS-11801;2026-08-07 17:57:00;USR-1303;22;Standard;4;0;360;Card;CS2;4.5;1
SESS-11628;2026-08-12 21:43:00;USR-1213;35;Standard;2;100;200;Card;Minecraft;4.5;0
SESS-11993;2026-08-22 05:03:00;USR-1463;15;Standard;3;0;300;App;CS2;4.0;0
SESS-12639;2026-08-02 21:56:00;USR-1608;27;Standard;2;400;200;Card;CS2;4.5;0
SESS-10269;2026-08-23 13:09:00;USR-1352;22;Standard;4;800;400;Card;Valorant;5.0;0
SESS-10629;2026-08-06 15:42:00;USR-1133;15;Standard;2;160;200;Card;CS2;4.0;0
SESS-13081;2026-08-19 13:45:00;USR-1085;16;Standard;1;0;90;Card;Dota 2;4.0;1
SESS-13466;2026-08-05 09:34:00;USR-1783;16;PS5;2;240;450;Card;CS2;4.0;1
SESS-12334;2026-08-30 04:28:00;USR-1759;24;Standard;2;400;200;App;Dota 2;4.0;0
SESS-15047;2026-08-04 13:40:00;USR-1420;22;Standard;4;0;400;App;CS2;5.0;0
SESS-12966;2026-08-02 20:18:00;USR-1382;28;VIP;4;0;800;Card;Dota 2;3.0;0
SESS-10300;2026-08-31 19:42:00;USR-1461;36;Bootcamp;1;0;150;Card;CS2;4.5;0
SESS-10459;2026-08-30 00:19:00;USR-1045;19;Bootcamp;2;0;270;Cash;Valorant;5.0;1
SESS-11447;2026-08-29 15:04:00;USR-1129;16;PS5;12;0;2700;Card;CS2;3.0;1
SESS-11472;2026-08-06 15:39:00;USR-1350;16;Standard;2;0;200;Card;Minecraft;5.0;0
SESS-12046;2026-08-12 12:27:00;USR-1175;21;VIP;3;0;540;Cash;Dota 2;5.0;1
SESS-14591;2026-08-06 21:56:00;USR-1174;26;Bootcamp;2;0;300;Cash;CS2;4.5;0
SESS-14273;2026-08-16 10:37:00;USR-1724;27;Standard;3;240;300;Card;Dota 2;4.5;0
SESS-13951;2026-08-08 08:51:00;USR-1139;25;Standard;2;0;200;Card;Dota 2;5.0;0
SESS-12113;2026-08-23 20:46:00;USR-1474;32;Standard;3;240;300;Card;CS2;5.0;0
SESS-10027;2026-08-01 17:58:00;USR-1736;24;Standard;2;0;200;Card;Valorant;3.0;0
SESS-12040;2026-08-18 19:22:00;USR-1362;20;Standard;1;80;100;App;Minecraft;4.0;0
SESS-14916;2026-08-20 12:56:00;USR-1090;20;Standard;2;160;200;App;CS2;4.0;0
SESS-13216;2026-08-13 06:12:00;USR-1273;14;Standard;3;240;300;Cash;Minecraft;5.0;0
SESS-10837;2026-08-26 04:43:00;USR-1167;17;Standard;1;0;100;Card;Dota 2;5.0;0
SESS-10129;2026-08-31 17:03:00;USR-1131;26;Standard;3;0;270;App;Dota 2;3.0;1
SESS-13978;2026-08-03 06:42:00;USR-1427;24;Standard;1;0;100;Card;Valorant;4.0;0
SESS-12008;2026-08-19 17:01:00;USR-1236;19;Standard;1;0;100;Card;GTA V;4.0;0
SESS-15330;2026-08-24 11:58:00;USR-1317;17;VIP;12;2650;2400;Card;Valorant;4.5;0
SESS-10503;2026-08-05 21:22:00;USR-1732;28;Standard;1;0;100;Card;Browser/Work;3.0;0
SESS-13892;2026-08-02 11:55:00;USR-1670;18;VIP;2;350;400;Card;Deadlock;3.0;0
SESS-14868;2026-08-26 20:34:00;USR-1625;15;Bootcamp;3;700;405;Card;Deadlock;5.0;1
SESS-10380;2026-08-11 16:54:00;USR-1311;15;Standard;4;0;400;Card;CS2;4.0;0
SESS-11851;2026-08-08 22:38:00;USR-1470;23;Bootcamp;1;0;150;Card;Deadlock;4.0;0
SESS-11525;2026-08-09 21:18:00;USR-1420;22;PS5;3;0;750;Card;Minecraft;3.0;0
SESS-12365;2026-08-01 14:55:00;USR-1699;14;VIP;1;300;200;Card;Dota 2;4.0;0
SESS-13815;2026-08-02 02:00:00;USR-1428;24;Standard;1;200;100;App;CS2;;0
SESS-13052;2026-08-02 09:34:00;USR-1688;18;Standard;2;0;200;App;CS2;4.5;0
SESS-12884;2026-08-01 19:09:00;USR-1614;22;Bootcamp;2;0;300;Card;Dota 2;4.5;0
SESS-12340;2026-08-26 03:30:00;USR-1310;19;Standard;3;240;300;Card;Valorant;5.0;0
SESS-10374;2026-08-29 19:13:00;USR-1008;14;Standard;5;0;500;App;Dota 2;4.0;0
SESS-13849;2026-08-17 10:22:00;USR-1475;26;Standard;3;600;300;Card;Valorant;4.5;0
SESS-12381;2026-08-28 07:10:00;USR-1071;14;VIP;4;0;800;Card;GTA V;;0
SESS-14680;2026-08-23 10:28:00;USR-1235;22;Bootcamp;3;700;450;Cash;CS2;5.0;0
SESS-10939;2026-08-31 12:48:00;USR-1255;18;Standard;1;0;100;App;Dota 2;4.5;0
SESS-15204;2026-08-19 03:15:00;USR-1541;26;Standard;3;240;300;Card;CS2;4.0;0
SESS-14322;2026-08-10 21:36:00;USR-1088;29;Bootcamp;2;0;270;Card;Deadlock;4.0;1
SESS-14526;2026-08-10 06:03:00;USR-1076;35;PS5;2;0;500;App;Deadlock;4.5;0
SESS-12799;2026-08-02 03:26:00;USR-1249;32;Standard;3;240;300;App;Dota 2;5.0;0
SESS-12147;2026-08-16 08:49:00;USR-1636;16;Bootcamp;1;0;150;App;Dota 2;4.0;0
SESS-13591;2026-08-21 03:24:00;USR-1436;14;PS5;4;320;900;Card;CS2;4.0;1
SESS-14500;2026-08-21 19:31:00;USR-1080;15;Standard;2;0;200;Card;CS2;3.0;0
SESS-14934;2026-08-20 17:01:00;USR-1587;20;Standard;1;0;100;App;Valorant;4.0;0
SESS-14579;2026-08-19 03:08:00;USR-1129;16;VIP;1;0;200;Card;CS2;4.5;0
SESS-12068;2026-08-25 21:48:00;USR-1271;25;Bootcamp;3;490;450;Card;CS2;5.0;0
SESS-13623;2026-08-02 14:02:00;USR-1454;20;Bootcamp;3;700;450;Card;PUBG;4.5;0
SESS-10529;2026-08-01 10:50:00;USR-1305;24;Bootcamp;3;0;450;Card;Valorant;4.0;0
SESS-13308;2026-08-20 05:23:00;USR-1475;26;Standard;1;120;90;Card;Dota 2;4.5;1
SESS-15335;2026-08-07 20:01:00;USR-1576;19;Standard;4;320;400;Card;Dota 2;5.0;0
SESS-10636;2026-08-03 12:52:00;USR-1461;36;Standard;2;400;200;Card;Valorant;4.0;0
SESS-11269;2026-08-07 19:31:00;USR-1383;27;Standard;5;0;500;Card;Dota 2;4.5;0
SESS-10185;2026-08-11 02:26:00;USR-1576;19;Bootcamp;2;260;300;Cash;GTA V;4.0;0
SESS-11394;2026-08-31 07:51:00;USR-1503;21;Standard;12;600;1200;Card;CS2;2.0;0
SESS-13753;2026-08-23 12:25:00;USR-1209;24;VIP;3;400;600;Card;CS2;3.0;0
SESS-14076;2026-08-06 03:55:00;USR-1497;25;VIP;3;490;600;Card;Valorant;5.0;0
SESS-11797;2026-08-20 21:47:00;USR-1679;41;Standard;3;0;270;Card;Deadlock;4.0;1
SESS-12979;2026-08-24 23:22:00;USR-1222;16;VIP;1;0;200;Card;GTA V;5.0;0
SESS-11441;2026-08-26 11:11:00;USR-1508;14;VIP;5;0;1000;Card;CS2;4.5;0
SESS-14047;2026-08-11 17:13:00;USR-1146;17;Standard;3;360;270;Cash;Dota 2;5.0;1
SESS-15293;2026-08-25 23:09:00;USR-1229;16;VIP;2;0;400;Card;Minecraft;4.5;0
SESS-11535;2026-08-11 19:38:00;USR-1532;16;VIP;2;340;400;Card;Dota 2;4.5;0
SESS-14065;2026-08-02 18:10:00;USR-1614;22;Standard;2;0;200;Card;CS2;4.0;0
SESS-13188;2026-08-21 12:40:00;USR-1618;17;Standard;5;0;500;Card;Dota 2;2.0;0
SESS-11273;2026-08-28 03:59:00;USR-1444;18;PS5;1;0;250;Cash;Dota 2;4.5;0
SESS-12467;2026-08-30 14:29:00;USR-1283;15;Standard;1;50;100;Card;Dota 2;4.5;0
SESS-13688;2026-08-04 08:19:00;USR-1148;25;Bootcamp;1;0;150;Card;CS2;4.5;0
SESS-10607;2026-08-27 01:43:00;USR-1436;14;VIP;1;0;200;Cash;Minecraft;4.5;0
SESS-14003;2026-08-15 04:40:00;USR-1077;25;Bootcamp;3;0;450;Card;Dota 2;5.0;0
SESS-11712;2026-08-23 10:29:00;USR-1008;14;Standard;1;0;90;Card;CS2;4.0;1
SESS-13929;2026-08-31 19:45:00;USR-1434;22;Standard;4;0;360;Card;Valorant;5.0;1
SESS-12199;2026-08-20 11:15:00;USR-1612;22;Standard;3;360;300;App;Dota 2;4.0;0
SESS-10955;2026-08-24 03:19:00;USR-1437;14;Standard;2;240;200;App;Valorant;4.0;0
SESS-12579;2026-08-21 04:49:00;USR-1572;26;Standard;3;0;270;Card;CS2;3.0;1
SESS-14126;2026-08-07 16:31:00;USR-1074;16;VIP;5;650;900;Card;CS2;4.5;1
SESS-14352;2026-08-23 01:22:00;USR-1748;22;Standard;2;400;200;Cash;CS2;4.5;0
SESS-14813;2026-08-22 00:06:00;USR-1341;21;Standard;2;400;180;Card;Valorant;4.5;1
SESS-13994;2026-08-14 00:38:00;USR-1055;17;Bootcamp;2;200;300;App;Valorant;4.5;0
SESS-12852;2026-08-23 13:40:00;USR-1140;16;Standard;1;120;100;Card;CS2;3.0;0
SESS-10403;2026-08-30 17:46:00;USR-1495;16;Standard;1;50;100;Card;Dota 2;4.5;0
SESS-12071;2026-08-08 20:19:00;USR-1211;17;Standard;3;240;300;Card;CS2;4.0;0
SESS-15166;2026-08-16 19:43:00;USR-1263;22;Standard;4;0;400;Cash;Valorant;4.5;0
SESS-11977;2026-08-21 02:19:00;USR-1475;26;PS5;4;800;1000;Card;CS2;5.0;0
SESS-10158;2026-08-13 18:44:00;USR-1059;16;Bootcamp;2;650;300;Card;Dota 2;4.0;0
SESS-11748;2026-08-28 08:07:00;USR-1524;29;Standard;8;960;800;Card;Deadlock;5.0;0
SESS-12909;2026-08-05 10:01:00;USR-1147;16;Standard;2;240;200;Card;Dota 2;5.0;0
SESS-14939;2026-08-04 18:51:00;USR-1727;25;Standard;3;240;300;Card;CS2;4.5;0
SESS-10902;2026-08-27 10:21:00;USR-1149;21;Bootcamp;4;0;600;Card;GTA V;4.0;0
SESS-10352;2026-08-26 13:55:00;USR-1164;16;Standard;2;100;200;Card;Valorant;4.0;0
SESS-11230;2026-08-17 22:40:00;USR-1470;23;Standard;2;0;180;Card;Deadlock;4.0;1
SESS-15073;2026-08-27 04:24:00;USR-1499;17;Bootcamp;8;0;1200;Cash;CS2;4.0;0
SESS-12140;2026-08-16 19:20:00;USR-1048;28;VIP;3;700;600;Card;Dota 2;4.0;0
SESS-10444;2026-08-30 13:19:00;USR-1551;17;Bootcamp;1;0;150;Card;CS2;5.0;0
SESS-15375;2026-08-15 04:41:00;USR-1713;30;Bootcamp;4;1050;600;Card;CS2;4.5;0
SESS-10754;2026-08-06 02:15:00;USR-1442;30;Standard;3;0;300;App;Valorant;4.5;0
SESS-11737;2026-08-06 15:01:00;USR-1724;27;Bootcamp;1;0;135;Card;Dota 2;4.5;1
SESS-12971;2026-08-02 11:23:00;USR-1750;14;Standard;1;0;100;App;Valorant;;0
SESS-13714;2026-08-03 01:59:00;USR-1143;24;Standard;1;50;90;Card;Minecraft;4.0;1
SESS-15291;2026-08-22 10:32:00;USR-1716;17;Standard;5;1000;450;Cash;Cyberpunk 2077;3.0;1
SESS-12920;2026-08-31 21:19:00;USR-1549;23;Standard;3;0;300;App;Valorant;5.0;0
SESS-10311;2026-08-24 13:19:00;USR-1399;19;VIP;2;350;400;Card;Valorant;4.0;0
SESS-13423;2026-08-01 01:24:00;USR-1614;22;Standard;2;0;200;App;Dota 2;4.0;0
SESS-10548;2026-08-23 13:38:00;USR-1653;15;Standard;8;0;720;Card;CS2;2.0;1
SESS-10661;2026-08-24 19:38:00;USR-1278;19;Standard;3;360;300;Cash;Valorant;5.0;0
SESS-15173;2026-08-24 16:49:00;USR-1095;16;Standard;3;0;270;Card;Apex Legends;5.0;1
SESS-11989;2026-08-13 14:24:00;USR-1224;17;Bootcamp;2;0;270;Card;Dota 2;4.5;1
SESS-13665;2026-08-25 04:33:00;USR-1567;20;PS5;12;2400;3000;Card;Valorant;4.5;0
SESS-10306;2026-08-04 00:38:00;USR-1349;15;Standard;12;2400;1200;Card;CS2;4.5;0
SESS-12335;2026-08-23 14:18:00;USR-1706;16;Standard;3;240;300;App;Dota 2;4.0;0
SESS-10694;2026-08-09 00:22:00;USR-1500;23;Standard;2;0;180;Card;CS2;5.0;1
SESS-12356;2026-08-14 10:34:00;USR-1351;35;Standard;1;0;100;Cash;CS2;4.0;0
SESS-13702;2026-08-08 18:37:00;USR-1659;19;Standard;3;360;300;App;CS2;4.0;0
SESS-11927;2026-08-02 13:12:00;USR-1343;20;Standard;1;80;100;Card;CS2;3.0;0
SESS-10684;2026-08-19 15:18:00;USR-1027;15;Standard;1;200;90;Card;Dota 2;4.0;1
SESS-13427;2026-08-29 12:07:00;USR-1142;20;Bootcamp;1;300;150;Card;Dota 2;4.0;0
SESS-10749;2026-08-15 23:55:00;USR-1056;18;PS5;12;0;2700;Card;Dota 2;4.0;1
SESS-13638;2026-08-08 09:24:00;USR-1698;15;Bootcamp;1;370;150;App;PUBG;5.0;0
SESS-13218;2026-08-31 00:11:00;USR-1291;18;Bootcamp;1;450;150;Card;Dota 2;4.5;0
SESS-13834;2026-08-16 09:17:00;USR-1744;22;VIP;2;260;400;Card;CS2;3.0;0
SESS-11266;2026-08-12 07:55:00;USR-1136;28;PS5;5;0;1125;Card;CS2;3.0;1
SESS-13878;2026-08-20 20:44:00;USR-1622;14;VIP;8;1850;1600;App;PUBG;1.0;0
SESS-15084;2026-08-08 12:43:00;USR-1622;14;Standard;2;400;200;Card;Dota 2;4.0;0
SESS-14811;2026-08-30 18:15:00;USR-1632;21;Standard;4;0;360;Card;PUBG;5.0;1
SESS-13946;2026-08-13 12:42:00;USR-1503;21;VIP;8;1060;1600;Card;Valorant;4.0;0
SESS-12134;2026-08-14 04:14:00;USR-1300;45;VIP;8;1850;1600;Card;Dota 2;5.0;0
SESS-13083;2026-08-19 11:32:00;USR-1022;19;VIP;5;0;1000;Cash;CS2;4.0;0
SESS-13061;2026-08-12 03:32:00;USR-1115;14;VIP;4;0;800;App;Valorant;5.0;0
SESS-13025;2026-08-12 06:45:00;USR-1655;17;PS5;3;0;750;Cash;CS2;4.0;0
SESS-10970;2026-08-27 11:37:00;USR-1171;18;Standard;2;0;180;Card;Deadlock;3.0;1
SESS-10013;2026-08-25 11:17:00;USR-1305;24;Standard;2;0;180;App;Valorant;4.0;1
SESS-10873;2026-08-01 15:28:00;USR-1128;25;Standard;3;0;300;App;Dota 2;5.0;0
SESS-13771;2026-08-30 15:22:00;USR-1405;25;Standard;1;0;90;Card;Deadlock;4.0;1
SESS-10808;2026-08-19 10:43:00;USR-1075;33;PS5;2;0;500;Card;Valorant;2.0;0
SESS-13198;2026-08-04 09:08:00;USR-1223;22;Bootcamp;2;410;270;App;CS2;5.0;1
SESS-10514;2026-08-01 06:42:00;USR-1004;25;Standard;2;0;200;Card;Dota 2;4.0;0
SESS-14862;2026-08-17 06:15:00;USR-1071;14;Bootcamp;1;0;150;App;Valorant;4.0;0
SESS-10409;2026-08-31 05:46:00;USR-1106;26;Bootcamp;3;400;450;App;Valorant;5.0;0
SESS-14573;2026-08-22 14:04:00;USR-1476;17;PS5;1;0;225;Card;CS2;5.0;1
SESS-14628;2026-08-17 04:15:00;USR-1684;23;Bootcamp;3;0;450;Card;CS2;4.5;0
SESS-15368;2026-08-10 11:43:00;USR-1410;21;PS5;2;160;500;Cash;PUBG;5.0;0
SESS-14716;2026-08-19 02:00:00;USR-1679;41;Standard;2;0;200;Card;Deadlock;4.0;0
SESS-10207;2026-08-25 04:54:00;USR-1666;22;VIP;1;180;180;App;PUBG;4.0;1
SESS-13808;2026-08-02 08:13:00;USR-1487;19;Bootcamp;2;0;300;App;CS2;1.0;0
SESS-10458;2026-08-09 04:37:00;USR-1572;26;Bootcamp;3;0;450;App;Cyberpunk 2077;4.0;0
SESS-12054;2026-08-27 03:23:00;USR-1433;34;Bootcamp;2;0;300;Card;Minecraft;1.0;0
SESS-12430;2026-08-29 08:59:00;USR-1613;26;Bootcamp;1;0;150;Card;Valorant;4.5;0
SESS-10250;2026-08-27 21:29:00;USR-1193;17;Standard;3;360;300;App;CS2;4.0;0
SESS-10110;2026-08-15 07:26:00;USR-1225;19;Standard;3;240;300;Card;GTA V;2.0;0
SESS-14258;2026-08-08 18:10:00;USR-1454;20;VIP;1;220;180;Cash;CS2;4.0;1
SESS-11107;2026-08-03 05:09:00;USR-1542;15;Standard;2;100;200;Card;Dota 2;4.0;0
SESS-15271;2026-08-06 14:42:00;USR-1577;24;Bootcamp;2;0;300;Card;CS2;4.0;0
SESS-11883;2026-08-11 16:08:00;USR-1608;27;Standard;1;0;100;Card;Dota 2;2.0;0
SESS-11713;2026-08-16 08:32:00;USR-1376;15;Standard;8;0;800;Card;Dota 2;4.5;0
SESS-11287;2026-08-29 13:21:00;USR-1406;20;Standard;4;0;400;Card;Valorant;5.0;0
SESS-14765;2026-08-13 13:42:00;USR-1416;23;Bootcamp;12;1210;1800;Card;CS2;4.5;0
SESS-13441;2026-08-18 11:59:00;USR-1775;22;VIP;2;340;400;Card;Cyberpunk 2077;4.0;0
SESS-10552;2026-08-30 23:23:00;USR-1752;18;Standard;3;0;300;App;Minecraft;4.5;0
SESS-11439;2026-08-12 21:07:00;USR-1747;16;Standard;1;0;100;Card;Dota 2;4.0;0
SESS-12270;2026-08-04 06:04:00;USR-1356;19;VIP;4;0;800;Card;Minecraft;5.0;0
SESS-14192;2026-08-28 12:04:00;USR-1092;21;Standard;2;160;200;App;Dota 2;3.0;0
SESS-13144;2026-08-20 09:24:00;USR-1696;18;VIP;2;0;400;Card;PUBG;4.5;0
SESS-12821;2026-08-23 14:16:00;USR-1000;19;Standard;5;0;500;Card;Dota 2;4.0;0
SESS-15193;2026-08-25 07:53:00;USR-1092;21;Standard;2;160;200;Card;Apex Legends;5.0;0
SESS-11925;2026-08-04 17:55:00;USR-1101;20;PS5;3;150;675;Card;PUBG;4.5;1
SESS-10634;2026-08-30 19:12:00;USR-1790;34;Standard;4;0;360;Card;Valorant;4.0;1
SESS-15218;2026-08-27 10:39:00;USR-1675;21;Standard;3;240;270;Card;Dota 2;4.0;1
SESS-10316;2026-08-20 21:41:00;USR-1503;21;Standard;2;0;200;Card;GTA V;5.0;0
SESS-14666;2026-08-01 10:57:00;USR-1766;21;Bootcamp;2;0;300;Card;CS2;3.0;0
SESS-15106;2026-08-17 06:08:00;USR-1549;23;Standard;5;0;500;App;Dota 2;5.0;0
SESS-11328;2026-08-29 06:02:00;USR-1344;21;Standard;1;200;100;Cash;Cyberpunk 2077;5.0;0
SESS-10427;2026-08-29 06:21:00;USR-1079;20;Standard;12;0;1200;Card;Dota 2;3.0;0
SESS-15160;2026-08-16 12:24:00;USR-1698;15;VIP;3;0;600;Card;Minecraft;4.0;0
SESS-10105;2026-08-15 10:22:00;USR-1213;35;Standard;1;50;100;Card;Dota 2;4.5;0
SESS-13041;2026-08-27 02:14:00;USR-1440;17;PS5;5;0;1250;Card;Deadlock;4.5;0
SESS-10142;2026-08-16 20:27:00;USR-1363;15;Standard;5;1000;450;Card;Minecraft;4.5;1
SESS-12169;2026-08-06 18:33:00;USR-1475;26;Standard;2;0;200;Card;CS2;4.0;0
SESS-14110;2026-08-01 23:50:00;USR-1272;16;VIP;3;0;540;Card;CS2;4.5;1
SESS-10089;2026-08-22 21:12:00;USR-1455;20;Standard;3;0;300;App;CS2;1.0;0
SESS-12918;2026-08-09 10:16:00;USR-1396;17;Standard;2;400;200;Card;Valorant;3.0;0
SESS-13237;2026-08-16 08:47:00;USR-1267;15;Standard;2;240;200;Card;Dota 2;4.0;0
SESS-12241;2026-08-29 20:56:00;USR-1742;15;PS5;2;0;500;Card;CS2;4.5;0
SESS-13174;2026-08-29 17:03:00;USR-1519;20;Standard;12;2400;1080;Card;CS2;4.0;1
SESS-14032;2026-08-30 19:52:00;USR-1317;17;VIP;8;0;1600;Cash;CS2;3.0;0
SESS-13737;2026-08-26 06:42:00;USR-1365;15;VIP;2;350;400;Card;GTA V;5.0;0
SESS-12163;2026-08-19 15:05:00;USR-1623;16;Standard;1;200;90;App;Minecraft;4.0;1
SESS-12636;2026-08-10 22:21:00;USR-1363;15;Standard;8;0;800;Cash;Dota 2;5.0;0
SESS-11949;2026-08-10 19:38:00;USR-1395;19;PS5;2;400;500;Card;Dota 2;4.0;0
SESS-11768;2026-08-09 18:08:00;USR-1197;24;Bootcamp;2;500;300;Card;Minecraft;4.0;0
SESS-14476;2026-08-25 10:48:00;USR-1518;25;Standard;4;200;400;Card;CS2;5.0;0
SESS-12272;2026-08-07 23:27:00;USR-1243;25;Standard;4;0;400;Card;CS2;4.0;0
SESS-10001;2026-08-30 03:20:00;USR-1017;14;Standard;3;240;300;Card;GTA V;5.0;0
SESS-13875;2026-08-13 14:26:00;USR-1140;16;Bootcamp;2;0;300;Card;PUBG;;0
SESS-15370;2026-08-16 02:44:00;USR-1102;18;Standard;3;0;300;Card;CS2;5.0;0
SESS-11951;2026-08-03 03:00:00;USR-1069;40;Bootcamp;2;0;300;Card;Dota 2;5.0;0
SESS-10935;2026-08-13 18:23:00;USR-1438;16;VIP;3;0;600;Card;Dota 2;4.5;0
SESS-14664;2026-08-08 06:14:00;USR-1015;16;VIP;3;460;600;App;Deadlock;4.5;0
SESS-12720;2026-08-10 02:07:00;USR-1575;15;Standard;1;50;100;App;Valorant;4.5;0
SESS-13731;2026-08-16 06:29:00;USR-1465;14;Standard;2;240;200;Card;Valorant;4.5;0
SESS-14104;2026-08-20 19:07:00;USR-1157;15;Standard;1;0;100;Card;Valorant;3.0;0
SESS-11109;2026-08-12 18:52:00;USR-1125;23;Standard;2;100;180;App;PUBG;5.0;1
SESS-14293;2026-08-14 13:24:00;USR-1380;23;VIP;1;0;200;Card;Valorant;2.0;0
SESS-10591;2026-08-06 10:55:00;USR-1531;25;Standard;2;100;200;App;Valorant;4.0;0
SESS-13534;2026-08-20 23:28:00;USR-1659;19;Standard;2;160;200;Card;Dota 2;5.0;0
SESS-11695;2026-08-07 03:40:00;USR-1091;18;Bootcamp;1;330;150;App;CS2;1.0;0
SESS-14072;2026-08-09 14:12:00;USR-1223;22;Standard;1;0;100;Card;Cyberpunk 2077;5.0;0
SESS-12936;2026-08-04 06:50:00;USR-1609;16;VIP;2;200;400;Cash;Dota 2;4.5;0
SESS-14566;2026-08-22 03:57:00;USR-1496;18;Standard;2;0;200;Card;Dota 2;4.0;0
SESS-14031;2026-08-25 05:45:00;USR-1105;20;VIP;2;0;400;App;CS2;2.0;0
SESS-11576;2026-08-31 19:49:00;USR-1121;19;VIP;3;340;600;Card;CS2;5.0;0
SESS-11111;2026-08-08 15:02:00;USR-1352;22;VIP;3;0;540;Cash;CS2;2.0;1
SESS-14773;2026-08-15 14:35:00;USR-1059;16;Bootcamp;3;850;450;Card;PUBG;4.5;0
SESS-10213;2026-08-06 10:20:00;USR-1367;30;Standard;3;150;300;Card;Minecraft;4.5;0
SESS-10778;2026-08-01 06:39:00;USR-1123;22;VIP;2;0;360;Card;CS2;4.5;1
SESS-11415;2026-08-14 08:34:00;USR-1639;24;VIP;4;0;800;Card;Dota 2;4.0;0
SESS-13496;2026-08-07 11:02:00;USR-1479;30;Standard;1;80;100;Card;Minecraft;4.0;0
SESS-10101;2026-08-31 07:04:00;USR-1137;31;Bootcamp;12;1210;1800;Cash;Deadlock;5.0;0
SESS-12043;2026-08-11 22:11:00;USR-1684;23;Standard;3;0;300;Card;Dota 2;4.0;0
SESS-12848;2026-08-10 18:02:00;USR-1667;23;VIP;4;300;720;Card;Deadlock;5.0;1
SESS-15241;2026-08-19 05:12:00;USR-1241;25;VIP;8;0;1600;Card;Valorant;3.0;0
SESS-10033;2026-08-02 13:54:00;USR-1481;21;Standard;12;0;1200;App;Valorant;4.0;0
SESS-14842;2026-08-09 05:55:00;USR-1773;23;Standard;2;0;200;Card;PUBG;5.0;0
SESS-11567;2026-08-08 21:26:00;USR-1209;24;Bootcamp;2;200;300;Card;CS2;4.5;0
SESS-10165;2026-08-22 17:16:00;USR-1179;19;Standard;3;0;300;App;GTA V;2.0;0
SESS-15122;2026-08-30 18:18:00;USR-1600;20;Standard;2;0;200;Card;Minecraft;4.5;0
SESS-13566;2026-08-23 23:01:00;USR-1797;19;Standard;2;160;200;App;Dota 2;5.0;0
SESS-14166;2026-08-12 02:02:00;USR-1320;24;VIP;5;0;1000;Card;Dota 2;5.0;0
SESS-15352;2026-08-25 22:43:00;USR-1516;35;Standard;3;240;300;Card;CS2;5.0;0
SESS-11343;2026-08-13 06:17:00;USR-1201;24;Standard;1;200;100;Card;Dota 2;5.0;0
SESS-12013;2026-08-16 11:32:00;USR-1564;34;Bootcamp;3;0;450;App;CS2;2.0;0
SESS-10273;2026-08-28 13:15:00;USR-1266;23;PS5;2;400;450;Card;CS2;2.0;1
SESS-13860;2026-08-21 13:58:00;USR-1625;15;VIP;2;0;400;Card;Minecraft;3.0;0
SESS-10071;2026-08-29 03:28:00;USR-1540;20;VIP;2;0;400;Card;Apex Legends;1.0;0
SESS-14347;2026-08-31 04:03:00;USR-1434;22;Bootcamp;3;0;405;Cash;Deadlock;4.5;1
SESS-13788;2026-08-10 12:14:00;USR-1390;21;Standard;3;0;300;Card;Valorant;2.0;0
SESS-11087;2026-08-27 19:54:00;USR-1290;23;Standard;4;0;400;Card;Apex Legends;3.0;0
SESS-10394;2026-08-21 05:56:00;USR-1042;21;Standard;5;0;500;App;CS2;4.0;0
SESS-10583;2026-08-04 18:24:00;USR-1795;25;VIP;3;850;540;Card;Valorant;4.0;1
SESS-11367;2026-08-12 14:27:00;USR-1697;14;Bootcamp;12;1060;1800;App;GTA V;4.0;0
SESS-10167;2026-08-10 22:36:00;USR-1642;16;Standard;1;50;100;Card;CS2;4.0;0
SESS-15041;2026-08-02 16:15:00;USR-1148;25;Standard;1;0;100;App;Dota 2;4.5;0
SESS-12548;2026-08-21 15:04:00;USR-1635;15;Bootcamp;1;0;150;Card;Deadlock;5.0;0
SESS-11013;2026-08-11 22:44:00;USR-1295;24;Standard;2;0;200;Card;CS2;4.5;0
SESS-15320;2026-08-24 18:21:00;USR-1263;22;Bootcamp;2;650;300;App;Dota 2;5.0;0
SESS-14050;2026-08-20 05:49:00;USR-1704;41;Standard;2;160;180;Card;CS2;3.0;1
SESS-13003;2026-08-03 22:13:00;USR-1140;16;Standard;3;360;270;Card;CS2;3.0;1
SESS-15201;2026-08-10 05:34:00;USR-1401;24;Standard;3;150;300;Card;Cyberpunk 2077;4.0;0
SESS-11701;2026-08-16 14:16:00;USR-1520;18;Standard;1;0;100;Card;Minecraft;4.0;0
SESS-10520;2026-08-18 07:59:00;USR-1378;22;VIP;3;0;540;Card;Dota 2;4.0;1
SESS-11763;2026-08-28 16:51:00;USR-1217;23;Bootcamp;1;0;135;Card;GTA V;3.0;1
SESS-11875;2026-08-12 07:04:00;USR-1643;23;Standard;12;960;1200;Cash;CS2;5.0;0
SESS-11259;2026-08-18 02:34:00;USR-1632;21;VIP;3;460;540;Card;CS2;4.5;1
SESS-13344;2026-08-21 05:32:00;USR-1739;24;Bootcamp;2;0;300;App;Dota 2;5.0;0
SESS-14924;2026-08-10 10:13:00;USR-1509;16;Bootcamp;8;1700;1080;Card;CS2;4.0;1
SESS-12253;2026-08-26 12:55:00;USR-1047;26;Standard;3;240;300;Card;CS2;5.0;0
SESS-12781;2026-08-17 20:35:00;USR-1274;18;Bootcamp;2;0;300;Card;CS2;4.5;0
SESS-13224;2026-08-20 08:19:00;USR-1080;15;Standard;8;0;800;Card;Dota 2;1.0;0
SESS-10526;2026-08-16 12:15:00;USR-1190;16;Standard;2;0;200;Card;CS2;4.0;0
SESS-14308;2026-08-17 23:03:00;USR-1229;16;Standard;2;100;180;Card;CS2;4.5;1
SESS-14041;2026-08-15 18:13:00;USR-1038;19;PS5;4;0;1000;Card;CS2;4.5;0
SESS-12946;2026-08-08 20:44:00;USR-1266;23;Standard;4;0;400;Card;CS2;3.0;0
SESS-10377;2026-08-31 14:34:00;USR-1437;14;Standard;1;80;100;Card;CS2;5.0;0
SESS-13899;2026-08-27 18:24:00;USR-1734;15;Standard;3;0;300;Card;Dota 2;3.0;0
SESS-11559;2026-08-09 01:51:00;USR-1681;20;Standard;3;0;270;App;CS2;4.5;1
SESS-10692;2026-08-28 01:48:00;USR-1249;32;Bootcamp;3;0;450;Card;CS2;4.5;0
SESS-11963;2026-08-05 18:23:00;USR-1399;19;Standard;1;80;90;Card;Dota 2;2.0;1
SESS-15141;2026-08-14 07:04:00;USR-1577;24;Bootcamp;2;350;300;Card;CS2;3.0;0
SESS-10348;2026-08-25 23:11:00;USR-1707;17;Standard;3;0;300;Card;Deadlock;4.5;0
SESS-12434;2026-08-22 05:54:00;USR-1585;19;Standard;4;0;400;Card;Dota 2;5.0;0
SESS-12246;2026-08-24 16:09:00;USR-1380;23;Standard;1;120;90;App;CS2;3.0;1
SESS-14527;2026-08-04 14:27:00;USR-1314;17;Standard;4;200;400;App;Valorant;4.5;0
SESS-13633;2026-08-15 19:47:00;USR-1110;22;Bootcamp;2;650;270;Card;CS2;4.0;1
SESS-11709;2026-08-28 13:42:00;USR-1689;15;VIP;2;340;400;Card;Minecraft;5.0;0
SESS-11050;2026-08-11 14:26:00;USR-1668;26;Standard;3;0;300;App;Apex Legends;4.5;0
SESS-10590;2026-08-22 13:11:00;USR-1037;21;Bootcamp;4;300;600;App;CS2;4.0;0
SESS-10519;2026-08-24 11:22:00;USR-1268;31;Standard;12;1440;1200;Card;Dota 2;4.0;0
SESS-13380;2026-08-16 22:44:00;USR-1725;29;VIP;4;300;800;Card;Dota 2;4.0;0
SESS-13676;2026-08-22 18:25:00;USR-1438;16;VIP;3;0;600;Card;Dota 2;4.0;0
SESS-14885;2026-08-29 10:16:00;USR-1741;21;Bootcamp;2;0;270;App;Dota 2;4.5;1
SESS-14483;2026-08-24 15:40:00;USR-1170;25;PS5;2;240;500;App;Dota 2;5.0;0
SESS-12477;2026-08-25 03:27:00;USR-1473;26;Standard;1;0;100;App;PUBG;5.0;0
SESS-11083;2026-08-24 10:40:00;USR-1677;27;Standard;3;600;300;Card;Apex Legends;4.0;0
SESS-11607;2026-08-30 06:07:00;USR-1668;26;Standard;2;160;200;Card;Dota 2;4.5;0
SESS-13610;2026-08-17 04:53:00;USR-1082;32;Bootcamp;3;400;450;Card;CS2;5.0;0
SESS-15190;2026-08-18 13:08:00;USR-1670;18;Bootcamp;2;0;300;App;Valorant;4.5;0
SESS-14901;2026-08-16 08:29:00;USR-1241;25;Bootcamp;5;0;750;Cash;GTA V;2.0;0
SESS-11294;2026-08-28 23:38:00;USR-1148;25;Standard;5;0;500;Card;Valorant;4.0;0
SESS-11809;2026-08-12 21:18:00;USR-1597;19;Standard;12;0;1200;Card;Dota 2;5.0;0
SESS-13595;2026-08-15 04:04:00;USR-1404;23;Bootcamp;3;700;405;Card;Valorant;4.5;1
SESS-10791;2026-08-21 14:34:00;USR-1329;22;Standard;3;150;300;App;Deadlock;4.0;0
SESS-10792;2026-08-22 18:34:00;USR-1619;18;Standard;1;50;100;Card;CS2;4.5;0
SESS-14473;2026-08-02 18:15:00;USR-1252;20;VIP;12;2500;2160;App;CS2;4.0;1
SESS-11855;2026-08-14 05:49:00;USR-1656;20;PS5;1;0;250;Card;Dota 2;2.0;0
SESS-15168;2026-08-12 16:28:00;USR-1612;22;Standard;2;0;200;Cash;Valorant;1.0;0
SESS-11980;2026-08-25 13:26:00;USR-1090;20;Standard;1;0;90;;Apex Legends;4.0;1
SESS-13233;2026-08-19 19:48:00;USR-1525;15;PS5;3;0;750;Card;Apex Legends;5.0;0
SESS-13598;2026-08-13 10:48:00;USR-1453;16;Standard;3;0;300;Card;CS2;4.0;0
SESS-10933;2026-08-14 05:38:00;USR-1595;32;VIP;8;0;1600;Card;CS2;4.5;0
SESS-14001;2026-08-22 16:39:00;USR-1760;20;Standard;1;0;100;App;CS2;4.0;0
SESS-13328;2026-08-04 14:12:00;USR-1079;20;PS5;2;0;500;Cash;Dota 2;3.0;0
SESS-11530;2026-08-02 18:35:00;USR-1100;17;VIP;2;200;400;Card;Dota 2;4.5;0
SESS-11410;2026-08-01 21:12:00;USR-1104;16;Standard;2;0;200;Card;CS2;4.5;0
SESS-13524;2026-08-20 14:21:00;USR-1215;15;VIP ;12;850;1800;Card;Deadlock;4.0;0
SESS-14662;2026-08-31 21:48:00;USR-1068;26;Bootcamp;2;340;270;Card;Dota 2;4.5;1
SESS-15048;2026-08-22 08:42:00;USR-1297;14;Standard;4;480;400;App;PUBG;5.0;0
SESS-14159;2026-08-16 23:52:00;USR-1207;22;VIP;5;1100;1000;Cash;Dota 2;4.5;0
SESS-10083;2026-08-31 06:32:00;USR-1656;20;Standard;3;0;300;App;Dota 2;4.5;0
SESS-10868;2026-08-22 16:14:00;USR-1036;17;Standard;1;50;100;Cash;Dota 2;2.0;0
SESS-12350;2026-08-27 09:42:00;USR-1166;20;Standard;2;0;200;Card;CS2;3.0;0
SESS-10020;2026-08-18 10:08:00;USR-1625;15;Bootcamp;1;370;135;Card;Cyberpunk 2077;5.0;1
SESS-14044;2026-08-12 20:17:00;USR-1736;24;VIP;4;300;800;Card;CS2;5.0;0
SESS-14382;2026-08-10 03:48:00;USR-1605;20;Standard;5;400;500;App;PUBG;5.0;0
SESS-15318;2026-08-30 05:15:00;USR-1347;24;Standard;2;240;200;Cash;PUBG;1.0;0
SESS-12795;2026-08-14 17:18:00;USR-1557;22;Standard;1;0;100;Cash;Minecraft;4.5;0
SESS-13453;2026-08-30 09:24:00;USR-1496;18;VIP;4;570;800;Card;Valorant;5.0;0
SESS-14966;2026-08-21 07:55:00;USR-1732;28;Standard;5;600;450;Card;CS2;4.0;1
SESS-13778;2026-08-20 13:59:00;USR-1053;20;Standard;1;200;100;Card;Apex Legends;3.0;0
SESS-11562;2026-08-19 18:31:00;USR-1546;21;Bootcamp;3;460;450;;Valorant;4.0;0
SESS-14567;2026-08-23 18:55:00;USR-1038;19;Standard;1;120;90;Card;CS2;5.0;1
SESS-13093;2026-08-26 17:24:00;USR-1683;15;Standard;4;0;400;Card;Apex Legends;5.0;0
SESS-13155;2026-08-19 10:39:00;USR-1117;20;Standard;2;0;200;App;CS2;4.0;0
SESS-10973;2026-08-10 03:11:00;USR-1593;26;VIP;2;0;360;Card;Dota 2;4.5;1
SESS-11710;2026-08-16 13:07:00;USR-1556;24;Standard;1;0;100;Card;CS2;5.0;0
SESS-13201;2026-08-29 22:03:00;USR-1781;21;Standard;2;0;200;App;CS2;4.0;0
SESS-14391;2026-08-17 19:21:00;USR-1298;15;Standard;5;0;450;Cash;CS2;1.0;1
SESS-15261;2026-08-29 22:37:00;USR-1520;18;VIP;12;700;2400;Card;Minecraft;5.0;0
SESS-11098;2026-08-25 13:35:00;USR-1623;16;Standard;2;0;180;Card;Valorant;5.0;1
SESS-14522;2026-08-20 23:02:00;USR-1351;35;Standard;5;0;500;Card;Minecraft;5.0;0
SESS-12844;2026-08-07 06:15:00;USR-1389;22;Standard;2;0;200;Cash;CS2;4.0;0
SESS-10886;2026-08-12 17:07:00;USR-1441;23;Standard;4;320;400;Card;CS2;4.0;0
SESS-15357;2026-08-10 15:39:00;USR-1547;18;Bootcamp;1;0;135;App;Dota 2;4.0;1
SESS-14219;2026-08-25 15:26:00;USR-1493;22;Standard;2;240;200;Card;PUBG;5.0;0
SESS-13560;2026-08-12 03:41:00;USR-1145;21;Standard;3;240;300;Card;Minecraft;2.0;0
SESS-14974;2026-08-17 16:07:00;USR-1378;22;Standard;5;0;500;Cash;Valorant;5.0;0
SESS-14154;2026-08-14 07:53:00;USR-1475;26;Bootcamp;2;500;300;Cash;Dota 2;1.0;0
SESS-14783;2026-08-07 04:10:00;USR-1112;24;Standard;1;50;100;Card;Valorant;2.0;0
SESS-10515;2026-08-29 20:07:00;USR-1015;16;VIP;4;580;800;Card;Deadlock;3.0;0
SESS-15119;2026-08-25 21:18:00;USR-1040;22;Bootcamp;12;0;1800;App;Cyberpunk 2077;4.5;0
SESS-10737;2026-08-24 18:20:00;USR-1251;27;PS5;2;0;450;Card;Minecraft;4.0;1
SESS-11453;2026-08-21 11:01:00;USR-1604;25;Standard;4;0;360;Cash;Minecraft;3.0;1
SESS-13553;2026-08-25 12:33:00;USR-1069;40;Bootcamp;1;220;150;Cash;Deadlock;4.0;0
SESS-13609;2026-08-29 10:48:00;USR-1426;22;PS5;2;400;500;Card;Dota 2;4.0;0
SESS-12006;2026-08-30 04:25:00;USR-1142;20;Bootcamp;12;0;1800;Card;Valorant;4.5;0
SESS-15107;2026-08-08 17:23:00;USR-1294;25;Standard;3;150;300;Card;Minecraft;4.0;0
SESS-12506;2026-08-01 16:28:00;USR-1096;31;Bootcamp;2;0;300;App;Dota 2;1.0;0
SESS-12994;2026-08-16 03:29:00;USR-1532;16;VIP;1;0;200;App;Cyberpunk 2077;4.5;0
SESS-13999;2026-08-27 18:58:00;USR-1665;24;Standard;2;0;200;Cash;Valorant;5.0;0
SESS-12126;2026-08-23 03:02:00;USR-1722;22;Standard;1;0;90;Card;Valorant;2.0;1
SESS-12926;2026-08-18 16:26:00;USR-1778;17;Bootcamp;5;700;750;Card;CS2;4.0;0
SESS-13717;2026-08-11 05:00:00;USR-1328;38;PS5;1;120;250;App;CS2;;0
SESS-15155;2026-08-24 03:40:00;USR-1378;22;PS5;2;160;500;Card;CS2;4.5;0
SESS-10906;2026-08-20 23:36:00;USR-1073;14;PS5;4;0;1000;Card;Apex Legends;4.0;0
SESS-10028;2026-08-05 00:12:00;USR-1788;33;Standard;1;0;100;App;CS2;4.0;0
SESS-11030;2026-08-01 21:17:00;USR-1718;16;Standard;1;0;100;Card;Deadlock;2.0;0
SESS-12507;2026-08-12 15:47:00;USR-1537;23;PS5;1;0;250;Card;Deadlock;5.0;0
SESS-12428;2026-08-20 23:20:00;USR-1076;35;PS5;3;0;750;Card;PUBG;5.0;0
SESS-10947;2026-08-23 18:30:00;USR-1451;16;Standard;3;0;300;App;Dota 2;4.0;0
SESS-14294;2026-08-01 16:45:00;USR-1121;19;Standard;2;0;200;Card;Dota 2;5.0;0
SESS-10762;2026-08-07 22:51:00;USR-1014;24;VIP;3;0;600;App;Valorant;4.0;0
SESS-13747;2026-08-20 12:52:00;USR-1198;31;Standard;2;0;200;Card;PUBG;2.0;0
SESS-10715;2026-08-12 02:42:00;USR-1758;17;Standard;2;0;200;Card;Dota 2;4.5;0
SESS-10284;2026-08-08 20:25:00;USR-1631;28;Standard;4;800;400;Cash;CS2;4.0;0
SESS-10686;2026-08-12 21:04:00;USR-1417;26;PS5;2;0;500;Card;Dota 2;4.0;0
SESS-10703;2026-08-15 08:29:00;USR-1410;21;Standard;2;0;200;App;Dota 2;3.0;0
SESS-13341;2026-08-26 14:33:00;USR-1542;15;Bootcamp;1;370;150;App;Dota 2;5.0;0
SESS-12353;2026-08-10 22:56:00;USR-1737;26;Standard;3;240;300;Cash;Dota 2;4.0;0
SESS-12257;2026-08-04 19:49:00;USR-1297;14;Bootcamp;2;0;300;Card;CS2;5.0;0
SESS-14378;2026-08-18 15:31:00;USR-1470;23;Standard;12;960;1200;Card;Dota 2;4.5;0
SESS-10473;2026-08-28 01:18:00;USR-1576;19;Standard;1;0;90;Card;CS2;3.0;1
SESS-10021;2026-08-16 07:20:00;USR-1413;26;VIP;2;410;360;App;Dota 2;5.0;1
SESS-12752;2026-08-24 14:43:00;USR-1219;16;Standard;2;0;200;Card;Valorant;3.0;0
SESS-10885;2026-08-31 21:43:00;USR-1414;22;Bootcamp;1;0;150;App;Valorant;4.0;0
SESS-13977;2026-08-06 08:07:00;USR-1404;23;VIP;1;0;200;Card;GTA V;4.5;0
SESS-12448;2026-08-11 00:04:00;USR-1686;33;PS5;4;800;1000;Card;Apex Legends;3.0;0
SESS-10917;2026-08-24 02:59:00;USR-1252;20;Standard;1;0;100;App;PUBG;4.0;0
SESS-12571;2026-08-13 08:46:00;USR-1376;15;Bootcamp;3;0;450;Card;Dota 2;5.0;0
SESS-11040;2026-08-29 12:41:00;USR-1244;19;PS5;3;0;675;Card;CS2;4.0;1
SESS-12239;2026-08-30 03:38:00;USR-1270;34;Bootcamp;4;300;540;Card;Cyberpunk 2077;5.0;1
SESS-10730;2026-08-01 01:47:00;USR-1106;26;VIP;3;340;600;App;Minecraft;2.0;0
SESS-13395;2026-08-18 10:03:00;USR-1228;17;VIP;4;0;800;App;Valorant;5.0;0
SESS-11265;2026-08-17 14:49:00;USR-1486;16;Standard;3;0;300;Card;Valorant;4.0;0
SESS-10483;2026-08-11 20:18:00;USR-1472;14;VIP;1;0;180;App;GTA V;4.0;1
SESS-14710;2026-08-28 09:23:00;USR-1119;24;Standard;8;400;800;App;CS2;4.0;0
SESS-12963;2026-08-03 20:42:00;USR-1249;32;Bootcamp;3;610;450;App;Apex Legends;5.0;0
SESS-11219;2026-08-30 05:02:00;USR-1129;16;Standard;8;0;800;App;Apex Legends;2.0;0
SESS-10277;2026-08-28 21:37:00;USR-1658;18;VIP;8;0;1600;App;CS2;3.0;0
SESS-10988;2026-08-31 03:16:00;USR-1200;16;VIP;1;370;200;Card;Dota 2;4.5;0
SESS-12084;2026-08-11 03:16:00;USR-1199;20;Bootcamp;2;0;300;Card;Valorant;4.0;0
SESS-11245;2026-08-31 17:43:00;USR-1083;22;Standard;1;50;100;Card;Minecraft;4.0;0
SESS-12382;2026-08-13 09:10:00;USR-1727;25;Standard;3;0;300;App;Minecraft;5.0;0
SESS-10571;2026-08-23 05:35:00;USR-1227;21;PS5;2;0;500;Cash;GTA V;4.0;0
SESS-11435;2026-08-14 21:55:00;USR-1017;14;VIP;3;0;540;Card;Minecraft;5.0;1
SESS-13902;2026-08-06 06:25:00;USR-1744;22;PS5;5;600;1250;Card;Apex Legends;3.0;0
SESS-10993;2026-08-25 12:29:00;USR-1320;24;Standard;3;0;300;App;Valorant;3.0;0
SESS-14074;2026-08-21 15:16:00;USR-1360;15;Standard;5;1000;500;Card;CS2;2.0;0
SESS-14145;2026-08-10 17:45:00;USR-1787;31;Standard;2;400;200;Cash;Dota 2;;0
SESS-10585;2026-08-11 05:35:00;USR-1123;22;Standard;3;0;300;Card;Dota 2;5.0;0
SESS-13526;2026-08-02 07:36:00;USR-1475;26;Standard;2;0;200;Cash;CS2;4.0;0
SESS-14650;2026-08-19 07:57:00;USR-1225;19;Standard;1;0;90;Card;CS2;4.5;1
SESS-12514;2026-08-04 03:50:00;USR-1587;20;VIP;4;0;800;App;PUBG;4.0;0
SESS-11349;2026-08-08 15:31:00;USR-1732;28;Standard;12;600;1200;Card;Minecraft;4.0;0
SESS-11007;2026-08-02 06:28:00;USR-1041;20;Standard;4;200;400;App;Dota 2;4.0;0
SESS-10674;2026-08-26 17:46:00;USR-1710;35;VIP;3;0;540;Card;Dota 2;3.0;1
SESS-12412;2026-08-20 13:31:00;USR-1045;19;Standard;3;150;300;App;Minecraft;1.0;0
SESS-12903;2026-08-12 20:41:00;USR-1721;22;Standard;4;0;400;Card;Valorant;5.0;0
SESS-10447;2026-08-26 07:25:00;USR-1692;17;Standard;2;400;200;Cash;Dota 2;2.0;0
SESS-15120;2026-08-28 07:54:00;USR-1511;25;Bootcamp;5;0;750;App;CS2;2.0;0
SESS-12913;2026-08-04 01:20:00;USR-1725;29;Standard;2;100;180;App;CS2;3.0;1
SESS-14231;2026-08-02 02:01:00;USR-1778;17;Bootcamp;2;500;300;Card;Valorant;5.0;0
SESS-10359;2026-08-20 16:35:00;USR-1577;24;Standard;3;0;300;Card;CS2;5.0;0
SESS-12064;2026-08-20 12:48:00;USR-1368;21;Standard;2;100;200;Card;Dota 2;4.0;0
SESS-14838;2026-08-08 06:36:00;USR-1515;14;VIP;3;460;600;Card;Dota 2;5.0;0
SESS-15361;2026-08-17 08:59:00;USR-1771;17;Bootcamp;2;0;300;Card;Dota 2;3.0;0
SESS-11690;2026-08-30 00:15:00;USR-1657;18;VIP;3;0;600;Card;CS2;4.0;0
SESS-14698;2026-08-30 21:30:00;USR-1649;30;PS5;4;200;1000;Card;Dota 2;5.0;0
SESS-11548;2026-08-14 12:17:00;USR-1382;28;Standard;2;400;200;Card;Valorant;4.5;0
SESS-11247;2026-08-22 20:04:00;USR-1542;15;PS5;4;480;900;Card;PUBG;3.0;1
SESS-11985;2026-08-22 09:34:00;USR-1405;25;Standard;3;600;300;App;CS2;5.0;0
SESS-10294;2026-08-18 09:01:00;USR-1678;18;Standard;4;800;400;Cash;Dota 2;4.0;0
SESS-11547;2026-08-09 10:18:00;USR-1011;22;Bootcamp;2;410;300;Card;Valorant;4.0;0
SESS-12012;2026-08-30 14:20:00;USR-1134;16;Standard;1;120;100;Card;Valorant;4.0;0
SESS-10588;2026-08-06 10:40:00;USR-1397;21;VIP;3;0;600;Card;Dota 2;4.0;0
SESS-13789;2026-08-12 18:33:00;USR-1570;19;VIP;3;340;540;Card;CS2;3.0;1
SESS-13329;2026-08-26 02:44:00;USR-1523;41;PS5;4;0;1000;Card;GTA V;4.5;0
SESS-12403;2026-08-15 18:46:00;USR-1453;16;PS5;2;100;500;Card;Valorant;4.5;0
SESS-12129;2026-08-30 08:34:00;USR-1211;17;Standard;3;0;270;App;Minecraft;4.0;1
SESS-13998;2026-08-12 03:26:00;USR-1236;19;Standard;3;360;300;Card;Dota 2;4.5;0
SESS-14768;2026-08-29 20:34:00;USR-1708;25;PS5;3;360;750;Card;Deadlock;4.5;0
SESS-13741;2026-08-16 06:54:00;USR-1439;23;Bootcamp;2;340;300;Card;CS2;3.0;0
SESS-13508;2026-08-02 04:51:00;USR-1208;20;Standard;1;80;100;Card;Valorant;5.0;0
SESS-12410;2026-08-24 14:00:00;USR-1295;24;Standard;5;400;500;Card;CS2;4.0;0
SESS-12719;2026-08-05 00:14:00;USR-1684;23;Standard;3;0;270;Card;CS2;5.0;1
SESS-14948;2026-08-23 23:41:00;USR-1221;21;VIP;2;260;400;App;PUBG;5.0;0
SESS-10425;2026-08-28 12:41:00;USR-1182;23;Standard;1;200;100;Card;Dota 2;4.5;0
SESS-12582;2026-08-14 06:25:00;USR-1470;23;Standard;8;0;720;Card;Minecraft;2.0;1
SESS-11054;2026-08-20 11:55:00;USR-1707;17;Standard;3;0;270;Card;Valorant;4.0;1
SESS-14082;2026-08-25 17:12:00;USR-1777;25;Standard;8;960;720;Cash;PUBG;2.0;1
SESS-14950;2026-08-21 03:16:00;USR-1284;20;Standard;3;0;300;Card;Apex Legends;4.0;0
SESS-14956;2026-08-29 07:30:00;USR-1539;19;Standard;12;960;1200;Card;Valorant;4.5;0
SESS-10556;2026-08-19 10:02:00;USR-1009;34;PS5;3;0;675;Card;CS2;3.0;1
SESS-12469;2026-08-02 22:37:00;USR-1600;20;Bootcamp;8;1210;1200;Card;Dota 2;4.0;0
SESS-13738;2026-08-24 23:25:00;USR-1041;20;Standard;1;0;90;Card;CS2;4.0;1
SESS-11716;2026-08-26 06:15:00;USR-1671;15;Standard;2;0;200;App;GTA V;4.0;0
SESS-12604;2026-08-04 07:04:00;USR-1478;22;Standard;4;0;400;Card;CS2;4.5;0
SESS-14489;2026-08-11 10:11:00;USR-1642;16;Standard;1;0;100;Card;Valorant;5.0;0
SESS-11704;2026-08-03 11:26:00;USR-1259;22;Standard;8;0;720;Card;Minecraft;4.5;1
SESS-12139;2026-08-15 09:17:00;USR-1158;24;Standard;4;0;400;App;Valorant;2.0;0
SESS-13239;2026-08-04 07:35:00;USR-1244;19;PS5;1;200;250;Cash;Minecraft;5.0;0
SESS-12383;2026-08-26 07:08:00;USR-1773;23;Bootcamp;3;460;405;Cash;Minecraft;4.0;1
SESS-11285;2026-08-25 19:15:00;USR-1614;22;Bootcamp;5;0;750;Card;GTA V;3.0;0
SESS-15156;2026-08-25 07:36:00;USR-1186;39;Standard;2;100;200;App;CS2;2.0;0
SESS-14858;2026-08-20 10:54:00;USR-1027;15;VIP;1;0;200;Card;Valorant;4.0;0
SESS-13930;2026-08-08 20:52:00;USR-1471;16;VIP;3;0;600;Card;CS2;4.5;0
SESS-14118;2026-08-18 22:03:00;USR-1699;14;Standard;3;0;300;Card;CS2;4.5;0
SESS-11591;2026-08-27 00:27:00;USR-1332;21;Standard;3;0;300;Card;CS2;5.0;0
SESS-14819;2026-08-23 03:33:00;USR-1578;18;VIP;1;150;200;Card;Apex Legends;5.0;0
SESS-12162;2026-08-03 02:41:00;USR-1587;20;Standard;1;200;100;App;PUBG;5.0;0
SESS-12396;2026-08-07 22:25:00;USR-1450;18;VIP;5;0;900;Cash;CS2;4.0;1
SESS-10317;2026-08-28 03:51:00;USR-1639;24;Standard;3;0;300;Card;CS2;4.0;0
SESS-14882;2026-08-03 12:31:00;USR-1396;17;Bootcamp;1;220;150;Cash;Minecraft;4.5;0
SESS-13111;2026-08-03 12:33:00;USR-1271;25;Standard;2;0;180;App;Minecraft;4.0;1
SESS-14036;2026-08-11 11:17:00;USR-1542;15;Standard;4;0;400;Card;CS2;4.5;0
SESS-10795;2026-08-03 04:15:00;USR-1309;32;Standard;8;0;800;Card;PUBG;4.0;0
SESS-13020;2026-08-25 19:06:00;USR-1679;41;Standard;2;0;200;Card;Deadlock;5.0;0
SESS-11711;2026-08-16 17:20:00;USR-1590;20;PS5;1;80;250;Cash;CS2;5.0;0
SESS-13387;2026-08-09 23:39:00;USR-1068;26;Standard;3;0;300;App;Dota 2;4.0;0
SESS-10036;2026-08-23 15:10:00;USR-1234;14;VIP;12;0;2400;Cash;CS2;4.5;0
SESS-10913;2026-08-24 01:10:00;USR-1355;28;Standard;2;0;200;Card;Valorant;4.0;0
SESS-13972;2026-08-23 14:04:00;USR-1488;16;Bootcamp;2;0;300;Card;Valorant;5.0;0
SESS-10974;2026-08-02 12:04:00;USR-1267;15;Standard;1;0;100;Card;Dota 2;4.5;0
SESS-10983;2026-08-12 09:55:00;USR-1628;23;Standard;12;0;1200;Card;Dota 2;4.5;0
SESS-14439;2026-08-30 11:45:00;USR-1514;28;Standard;2;0;180;Card;Minecraft;5.0;1
SESS-11418;2026-08-31 06:19:00;USR-1120;15;VIP;12;1060;2400;App;CS2;5.0;0
SESS-11560;2026-08-18 15:57:00;USR-1189;31;VIP;2;0;360;Card;Cyberpunk 2077;4.0;1
SESS-11355;2026-08-30 18:49:00;USR-1798;22;Bootcamp;1;330;135;Card;CS2;4.0;1
SESS-15158;2026-08-05 08:47:00;USR-1403;21;PS5;4;0;1000;Card;CS2;4.5;0
SESS-10987;2026-08-10 20:44:00;USR-1634;26;Standard;2;400;200;Card;Valorant;4.0;0
SESS-12682;2026-08-11 14:49:00;USR-1590;20;VIP;4;0;800;App;CS2;4.5;0
SESS-11640;2026-08-02 13:22:00;USR-1609;16;Standard;3;600;300;App;CS2;4.0;0
SESS-11290;2026-08-11 16:49:00;USR-1398;15;Standard;8;640;800;App;Apex Legends;3.0;0
SESS-13681;2026-08-26 09:21:00;USR-1786;37;Standard;3;600;270;Card;Apex Legends;5.0;1
SESS-11380;2026-08-08 15:53:00;USR-1552;21;Standard;1;80;100;Card;PUBG;3.0;0
SESS-11933;2026-08-27 01:09:00;USR-1095;16;Standard;3;0;300;Cash;Valorant;4.5;0
SESS-14772;2026-08-16 20:20:00;USR-1565;38;Standard;5;0;500;Card;Dota 2;1.0;0
SESS-13160;2026-08-02 23:17:00;USR-1057;19;Standard;4;0;400;Card;Valorant;5.0;0
SESS-12030;2026-08-05 23:02:00;USR-1103;17;VIP;2;0;400;Card;Dota 2;4.0;0
SESS-10892;2026-08-12 15:41:00;USR-1052;18;Standard;3;150;300;App;CS2;4.5;0
SESS-14069;2026-08-16 02:00:00;USR-1326;26;Standard;3;360;270;App;Minecraft;4.5;1
SESS-10002;2026-08-25 17:32:00;USR-1439;23;Standard;3;360;300;Cash;Dota 2;4.5;0
SESS-12109;2026-08-04 04:19:00;USR-1402;17;PS5;12;2400;3000;Card;Dota 2;2.0;0
SESS-10849;2026-08-17 03:27:00;USR-1100;17;Bootcamp;1;0;135;Card;Dota 2;3.0;1
SESS-12737;2026-08-10 11:37:00;USR-1022;19;Standard;2;160;180;Card;Apex Legends;4.5;1
SESS-12466;2026-08-20 07:11:00;USR-1182;23;Standard;4;0;400;Card;PUBG;4.0;0
SESS-11914;2026-08-04 08:35:00;USR-1047;26;Standard;4;0;400;App;GTA V;4.0;0
SESS-11596;2026-08-07 17:42:00;USR-1171;18;Bootcamp;1;0;150;Card;PUBG;5.0;0
SESS-11913;2026-08-23 19:06:00;USR-1767;16;Standard;3;360;300;App;Apex Legends;4.0;0
SESS-15121;2026-08-01 03:20:00;USR-1677;27;Standard;5;1000;500;;Valorant;3.0;0
SESS-12736;2026-08-04 10:16:00;USR-1546;21;VIP;3;0;540;App;Minecraft;3.0;1
SESS-10726;2026-08-01 11:29:00;USR-1790;34;Standard;1;0;90;Card;CS2;4.0;1
SESS-10053;2026-08-22 21:33:00;USR-1005;24;Standard;2;160;200;Card;CS2;1.0;0
SESS-11796;2026-08-17 13:49:00;USR-1522;16;Bootcamp;1;0;150;Card;Valorant;1.0;0
SESS-13845;2026-08-10 17:18:00;USR-1150;21;Bootcamp;2;0;300;Card;Valorant;4.0;0
SESS-12553;2026-08-02 19:03:00;USR-1287;17;Standard;2;0;200;App;Dota 2;4.5;0
SESS-12800;2026-08-08 16:57:00;USR-1324;19;VIP;2;410;400;Card;CS2;4.0;0
SESS-10936;2026-08-03 04:46:00;USR-1108;21;Standard;2;0;200;Card;CS2;4.5;0
SESS-14487;2026-08-22 16:43:00;USR-1059;16;Standard;2;0;200;Card;CS2;4.5;0
SESS-10824;2026-08-19 21:54:00;USR-1264;16;VIP;4;420;800;App;Dota 2;1.0;0
SESS-13401;2026-08-28 16:10:00;USR-1407;24;VIP;1;0;180;Card;Dota 2;4.0;1
SESS-11389;2026-08-05 18:41:00;USR-1189;31;Standard;3;360;300;Card;CS2;4.0;0
SESS-13564;2026-08-04 14:15:00;USR-1266;23;PS5;3;600;750;Cash;CS2;4.5;0
SESS-10884;2026-08-04 16:07:00;USR-1270;34;Standard;3;600;300;Card;Deadlock;4.5;0
SESS-11868;2026-08-20 23:50:00;USR-1422;16;Standard;1;0;100;Card;CS2;5.0;0
SESS-10010;2026-08-01 07:46:00;USR-1719;25;VIP;3;0;600;Card;Cyberpunk 2077;4.0;0
SESS-13415;2026-08-13 06:28:00;USR-1409;23;Bootcamp;2;0;300;App;Dota 2;4.0;0
SESS-11463;2026-08-18 18:08:00;USR-1199;20;Bootcamp;2;340;300;Cash;Dota 2;4.5;0
SESS-10806;2026-08-27 01:50:00;USR-1452;19;VIP;2;0;400;Card;Apex Legends;5.0;0
SESS-14278;2026-08-13 10:24:00;USR-1352;22;Standard;3;240;300;Cash;Apex Legends;4.0;0
SESS-14068;2026-08-19 12:56:00;USR-1478;22;Standard;3;0;300;App;CS2;2.0;0
SESS-12108;2026-08-11 18:44:00;USR-1701;15;VIP;5;650;900;Card;CS2;5.0;1
SESS-14599;2026-08-16 15:51:00;USR-1413;26;Standard;2;0;200;Cash;Deadlock;5.0;0
SESS-11379;2026-08-13 03:30:00;USR-1179;19;Standard;4;0;360;App;Minecraft;4.5;1
SESS-12234;2026-08-15 18:30:00;USR-1168;24;Bootcamp;1;0;150;App;Deadlock;4.5;0
SESS-10963;2026-08-16 22:36:00;USR-1527;20;Standard;4;480;360;Card;CS2;4.5;1
SESS-12632;2026-08-23 22:33:00;USR-1531;25;Standard;3;0;300;Card;Dota 2;4.0;0
SESS-10704;2026-08-17 08:19:00;USR-1146;17;Bootcamp;3;0;450;Card;PUBG;3.0;0
SESS-10431;2026-08-13 20:04:00;USR-1689;15;Standard;1;0;100;Card;CS2;4.0;0
SESS-10145;2026-08-08 17:48:00;USR-1421;21;Bootcamp;2;0;300;Cash;Dota 2;4.5;0
SESS-12033;2026-08-20 07:16:00;USR-1084;25;PS5;3;0;750;App;CS2;;0
SESS-14568;2026-08-25 09:58:00;USR-1316;17;Standard;3;0;300;Card;Cyberpunk 2077;4.0;0
SESS-11165;2026-08-30 04:18:00;USR-1738;24;VIP;1;300;200;App;Minecraft;4.0;0
SESS-13500;2026-08-31 09:42:00;USR-1737;26;PS5;1;200;250;Card;Dota 2;5.0;0
SESS-12050;2026-08-25 01:56:00;USR-1525;15;Standard;2;160;200;Card;PUBG;3.0;0
SESS-13760;2026-08-15 02:18:00;USR-1692;17;Bootcamp;4;0;540;App;CS2;3.0;1
SESS-12624;2026-08-06 05:18:00;USR-1469;16;Standard;3;0;300;Card;Minecraft;4.0;0
SESS-14338;2026-08-27 11:49:00;USR-1316;17;Bootcamp;2;200;300;Cash;CS2;4.0;0
SESS-14216;2026-08-30 17:02:00;USR-1015;16;Standard;2;0;200;Cash;Dota 2;4.5;0
SESS-12424;2026-08-11 23:07:00;USR-1626;15;Standard;1;50;100;Card;CS2;5.0;0
SESS-11262;2026-08-28 11:58:00;USR-1520;18;Bootcamp;3;700;450;App;CS2;4.0;0
SESS-11771;2026-08-05 10:58:00;USR-1128;25;Standard;8;640;800;App;CS2;4.5;0
SESS-13511;2026-08-09 07:19:00;USR-1796;36;Bootcamp;3;250;450;Card;Dota 2;5.0;0
SESS-10271;2026-08-02 20:12:00;USR-1351;35;Standard;3;0;300;Cash;Minecraft;4.5;0
SESS-10244;2026-08-26 19:11:00;USR-1280;26;Bootcamp;1;150;150;Card;Valorant;4.5;0
SESS-12032;2026-08-02 19:25:00;USR-1553;22;Standard;2;0;200;App;Deadlock;4.0;0
SESS-14301;2026-08-08 13:44:00;USR-1186;39;Standard;2;0;200;Card;CS2;4.0;0
SESS-10813;2026-08-10 21:01:00;USR-1238;20;VIP;3;340;540;App;Apex Legends;4.0;1
SESS-13810;2026-08-16 22:10:00;USR-1243;25;Standard;2;0;200;Card;Valorant;4.5;0
SESS-14419;2026-08-30 19:52:00;USR-1286;25;PS5;3;150;750;Card;Dota 2;5.0;0
SESS-11804;2026-08-16 04:40:00;USR-1216;26;Standard;4;0;400;Card;Cyberpunk 2077;4.5;0
SESS-12461;2026-08-27 17:01:00;USR-1414;22;Standard;4;480;400;Card;Browser/Work;4.0;0
SESS-10545;2026-08-30 03:03:00;USR-1659;19;Standard;12;2400;1200;Card;CS2;5.0;0
SESS-13241;2026-08-29 17:52:00;USR-1130;26;PS5;5;0;1125;Card;Dota 2;5.0;1
SESS-10738;2026-08-16 13:40:00;USR-1543;21;Standard;2;100;200;Card;Dota 2;3.0;0
SESS-10310;2026-08-30 06:38:00;USR-1091;18;VIP;2;0;400;Card;Minecraft;4.5;0
SESS-13521;2026-08-01 21:42:00;USR-1783;16;Standard;4;0;400;Card;GTA V;1.0;0
SESS-11131;2026-08-23 23:38:00;USR-1083;22;Bootcamp;1;150;150;App;Minecraft;5.0;0
SESS-15345;2026-08-02 03:29:00;USR-1391;14;PS5;2;160;450;App;Dota 2;4.0;1
SESS-14111;2026-08-08 20:18:00;USR-1648;19;Standard;2;0;200;Cash;CS2;5.0;0
SESS-12769;2026-08-05 14:36:00;USR-1307;20;Standard;1;80;100;App;GTA V;4.5;0
SESS-10920;2026-08-29 18:10:00;USR-1052;18;VIP;1;0;200;Card;Dota 2;5.0;0
SESS-13587;2026-08-25 03:35:00;USR-1017;14;Standard;3;360;270;Card;Valorant;4.5;1
SESS-13959;2026-08-21 02:54:00;USR-1604;25;Bootcamp;3;460;450;Card;CS2;2.0;0
SESS-10038;2026-08-31 03:06:00;USR-1503;21;Standard;1;80;100;Card;Valorant;4.5;0
SESS-12983;2026-08-28 15:30:00;USR-1041;20;VIP;3;0;540;Card;Valorant;5.0;1
SESS-14599;2026-08-16 15:51:00;USR-1413;26;Standard;2;0;200;Cash;Deadlock;5.0;0
SESS-12667;2026-08-21 07:32:00;USR-1576;19; standard ;1;220;200;Cash;Apex Legends;4.0;0
SESS-13223;2026-08-27 06:41:00;USR-1428;24;Bootcamp;2;0;300;App;Dota 2;4.0;0
SESS-11182;2026-08-01 17:01:00;USR-1251;27;Standard;2;240;200;Card;Dota 2;4.5;0
SESS-10614;2026-08-26 20:17:00;USR-1259;22;Bootcamp;8;0;1200;App;Deadlock;3.0;0
SESS-15331;2026-08-21 03:53:00;USR-1429;18;Bootcamp;2;0;300;Cash;Deadlock;5.0;0
SESS-11466;2026-08-28 19:35:00;USR-1186;39;Standard;1;80;100;Card;Minecraft;1.0;0
SESS-13042;2026-08-23 11:58:00;USR-1655;17;VIP;3;0;600;Card;CS2;5.0;0
SESS-10934;2026-08-05 18:52:00;USR-1430;17;VIP;3;0;600;Card;Dota 2;4.5;0
SESS-12419;2026-08-12 05:29:00;USR-1372;27;VIP;2;0;400;;Deadlock;4.5;0
SESS-14908;2026-08-16 14:31:00;USR-1445;22;Standard;2;0;200;Cash;CS2;5.0;0
SESS-14408;2026-08-22 19:23:00;USR-1215;15;Standard;12;600;1200;Card;Minecraft;4.5;0
SESS-10826;2026-08-17 23:22:00;USR-1046;17;Bootcamp;2;0;300;App;Apex Legends;4.0;0
SESS-11521;2026-08-31 02:21:00;USR-1196;23;Standard;3;0;300;Card;CS2;4.0;0
SESS-12930;2026-08-12 23:15:00;USR-1389;22;Standard;8;0;800;Card;Minecraft;4.0;0
SESS-14232;2026-08-14 23:31:00;USR-1734;15;VIP;1;180;200;Card;Valorant;3.0;0
SESS-10628;2026-08-24 20:46:00;USR-1468;15;Standard;1;0;90;Card;Dota 2;4.0;1
SESS-13853;2026-08-24 04:02:00;USR-1457;19;VIP;4;300;800;App;Valorant;5.0;0
SESS-10390;2026-08-05 12:20:00;USR-1697;14;Standard;3;600;300;Card;Valorant;3.0;0
SESS-15294;2026-08-25 03:51:00;USR-1403;21;Standard;1;0;100;Cash;Valorant;2.0;0
SESS-13990;2026-08-18 18:54:00;USR-1412;32;Bootcamp;1;0;150;App;Dota 2;4.5;0
SESS-10400;2026-08-09 00:51:00;USR-1612;22;PS5;2;240;500;Cash;Valorant;4.5;0
SESS-13359;2026-08-01 13:05:00;USR-1326;26;Standard;3;600;300;Card;Dota 2;4.5;0
SESS-10046;2026-08-06 11:23:00;USR-1621;28;Standard;1;120;100;Card;Dota 2;4.0;0
SESS-15212;2026-08-17 08:50:00;USR-1018;22;Standard;1;0;100;Card;Dota 2;4.5;0
SESS-15348;2026-08-17 17:03:00;USR-1110;22;Standard;3;0;300;Card;CS2;4.0;0
SESS-13642;2026-08-26 04:12:00;USR-1572;26;VIP;2;0;400;Card;Dota 2;4.5;0
SESS-13726;2026-08-29 00:57:00;USR-1493;22;VIP;2;410;360;Card;Dota 2;3.0;1
SESS-15273;2026-08-17 13:40:00;USR-1296;18;PS5;2;100;500;Card;Cyberpunk 2077;4.0;0
SESS-12421;2026-08-01 04:03:00;USR-1322;32;Standard;2;240;200;Card;CS2;5.0;0
SESS-11750;2026-08-24 02:00:00;USR-1167;17;Standard;8;0;800;Card;PUBG;4.0;0
SESS-15252;2026-08-12 19:52:00;USR-1152;34;VIP;1;0;200;App;Cyberpunk 2077;5.0;0
SESS-14454;2026-08-18 18:29:00;USR-1782;28;PS5;8;400;2000;Card;GTA V;3.0;0
SESS-14062;2026-08-11 16:48:00;USR-1551;17;Standard;4;480;400;Card;CS2;4.5;0
SESS-10338;2026-08-17 12:53:00;USR-1239;24;Standard;5;1000;500;Card;CS2;4.0;0
SESS-10215;2026-08-27 11:30:00;USR-1215;15;Standard;8;400;800;Card;Minecraft;4.5;0
SESS-13663;2026-08-30 23:19:00;USR-1722;22;Standard;3;0;300;Card;Dota 2;4.0;0
SESS-11341;2026-08-23 23:13:00;USR-1560;22;VIP;4;0;800;Card;Dota 2;3.0;0
SESS-15245;2026-08-05 01:51:00;USR-1467;22;Standard;8;1600;800;Card;CS2;4.0;0
SESS-13894;2026-08-30 10:07:00;USR-1538;17;Bootcamp;3;0;405;App;CS2;4.0;1
SESS-13640;2026-08-02 04:10:00;USR-1309;32;Standard;4;0;360;Card;CS2;5.0;1
SESS-10329;2026-08-12 02:29:00;USR-1034;36;Standard;2;0;200;App;Minecraft;5.0;0
SESS-13004;2026-08-08 06:36:00;USR-1654;17;Standard;4;800;400;App;Minecraft;3.0;0
SESS-15194;2026-08-30 18:05:00;USR-1481;21;Standard;2;400;180;App;Dota 2;3.0;1
SESS-13115;2026-08-16 22:27:00;USR-1268;31;Standard;2;400;200;App;CS2;4.5;0
SESS-15255;2026-08-25 09:48:00;USR-1130;26;Bootcamp;2;340;300;Card;Valorant;4.0;0
SESS-12322;2026-08-09 06:23:00;USR-1321;15;Standard;3;0;300;App;CS2;4.0;0
SESS-14197;2026-08-28 09:11:00;USR-1221;21;Standard;2;0;200;App;CS2;5.0;0
SESS-13549;2026-08-09 04:37:00;USR-1080;15;Standard;5;250;500;App;Dota 2;4.0;0
SESS-11458;2026-08-08 09:05:00;USR-1434;22;Standard;12;1440;1200;Card;Valorant;4.0;0
SESS-10171;2026-08-03 09:47:00;USR-1324;19;Standard;3;360;300;Card;Dota 2;4.0;0
SESS-14203;2026-08-12 00:34:00;USR-1311;15;Standard;2;0;180;Card;Apex Legends;4.0;1
SESS-14558;2026-08-21 00:04:00;USR-1707;17;Standard;1;120;100;Card;CS2;4.5;0
SESS-13569;2026-08-10 13:59:00;USR-1161;19;Standard;2;100;180;App;Deadlock;4.5;1
SESS-14226;2026-08-17 20:53:00;USR-1195;19;Bootcamp;3;0;405;Card;Apex Legends;4.5;1
SESS-14437;2026-08-20 05:11:00;USR-1064;31;Standard;5;0;450;Card;CS2;4.5;1
SESS-14482;2026-08-08 10:21:00;USR-1106;26;Standard;1;0;100;Card;Dota 2;4.5;0
SESS-10938;2026-08-26 23:09:00;USR-1503;21;Standard;1;50;100;Card;PUBG;5.0;0
SESS-10060;2026-08-17 03:21:00;USR-1562;31;Bootcamp;3;0;450;Card;CS2;2.0;0
SESS-11240;2026-08-12 23:21:00;USR-1007;22;Standard;4;0;400;Card;CS2;5.0;0
SESS-15010;2026-08-12 19:46:00;USR-1656;20;Bootcamp;3;0;405;App;CS2;4.5;1
SESS-12120;2026-08-28 09:05:00;USR-1480;22;Standard;1;0;100;App;Dota 2;4.5;0
SESS-11524;2026-08-17 08:46:00;USR-1047;26;Standard;2;160;200;Card;Dota 2;4.5;0
SESS-10153;2026-08-17 11:12:00;USR-1691;19;Standard;1;120;100;App;Valorant;4.0;0
SESS-10481;2026-08-10 09:57:00;USR-1520;18;VIP;3;0;600;Card;CS2;4.0;0
SESS-13920;2026-08-12 06:14:00;USR-1070;21;PS5;3;150;675;Card;GTA V;5.0;1
SESS-11762;2026-08-06 09:50:00;USR-1665;24;Standard;2;0;200;Card;Apex Legends;5.0;0
SESS-10750;2026-08-02 18:07:00;USR-1731;17;VIP;8;650;1600;Card;CS2;1.0;0
SESS-11785;2026-08-17 10:54:00;USR-1536;14;VIP;4;570;720;Card;Minecraft;4.0;1
SESS-12711;2026-08-30 09:11:00;USR-1701;15;Bootcamp;3;0;405;Card;PUBG;4.5;1
SESS-14397;2026-08-24 02:18:00;USR-1533;22;Bootcamp;1;0;150;App;Valorant;5.0;0
SESS-14193;2026-08-19 00:27:00;USR-1712;20;VIP;3;0;600;Card;PUBG;4.0;0
SESS-11333;2026-08-03 06:30:00;USR-1113;17;Standard;2;400;200;App;Valorant;1.0;0
SESS-14840;2026-08-16 23:48:00;USR-1193;17;Standard;3;0;300;Card;Valorant;4.0;0
SESS-12854;2026-08-13 18:17:00;USR-1655;17;Bootcamp;2;0;300;App;CS2;4.0;0
SESS-10186;2026-08-29 02:53:00;USR-1523;41;Standard;2;0;200;Card;Dota 2;4.0;0
SESS-11136;2026-08-06 00:19:00;USR-1751;22;Bootcamp;4;0;600;Cash;CS2;5.0;0
SESS-12058;2026-08-17 08:40:00;USR-1496;18;Standard;5;0;500;Card;CS2;5.0;0
SESS-14560;2026-08-13 22:46:00;USR-1504;23;PS5;1;0;250;Card;CS2;1.0;0
SESS-10148;2026-08-23 19:25:00;USR-1429;18;PS5;3;0;750;Card;Dota 2;4.5;0
SESS-14124;2026-08-26 03:32:00;USR-1006;31;Bootcamp;2;410;300;App;Deadlock;4.0;0
SESS-13363;2026-08-06 09:51:00;USR-1441;23;Standard;2;0;200;Card;CS2;1.0;0
SESS-12866;2026-08-14 02:05:00;USR-1548;30;Standard;12;1440;1200;Card;Dota 2;4.0;0
SESS-13776;2026-08-26 05:24:00;USR-1158;24;Standard;3;600;300;Card;CS2;5.0;0
SESS-11386;2026-08-12 06:33:00;USR-1622;14;Bootcamp;8;0;1200;Card;CS2;3.0;0
SESS-15139;2026-08-13 06:26:00;USR-1023;17;Standard;1;0;90;Card;Minecraft;4.0;1
SESS-14504;2026-08-30 13:23:00;USR-1088;29;Standard;1;50;100;Card;PUBG;5.0;0
SESS-13629;2026-08-18 07:52:00;USR-1168;24;Standard;1;0;90;App;Dota 2;5.0;1
SESS-14895;2026-08-14 03:34:00;USR-1574;15;VIP;4;0;800;Card;Deadlock;4.5;0
SESS-13028;2026-08-31 08:36:00;USR-1573;33;Standard;3;600;300;Card;CS2;5.0;0
SESS-12969;2026-08-26 21:01:00;USR-1029;21;VIP;3;0;600;Card;Valorant;3.0;0
SESS-14730;2026-08-31 09:49:00;USR-1162;17;Standard;1;120;100;App;Dota 2;5.0;0
SESS-11708;2026-08-15 05:42:00;USR-1794;23;Bootcamp;1;300;150;Card;Dota 2;5.0;0
SESS-12953;2026-08-27 14:00:00;USR-1065;20;Standard;1;200;100;App;Valorant;4.5;0
SESS-10454;2026-08-23 13:20:00;USR-1161;19;Bootcamp;4;300;600;Card;Dota 2;4.5;0
SESS-10609;2026-08-05 07:09:00;USR-1263;22;Standard;4;480;360;Card;Valorant;4.5;1
SESS-14263;2026-08-20 12:56:00;USR-1592;21;Standard;3;0;300;Card;Dota 2;4.0;0
SESS-14614;2026-08-17 16:10:00;USR-1045;19;Bootcamp;3;0;450;Card;Dota 2;4.5;0
SESS-12074;2026-08-20 14:15:00;USR-1066;26;Standard;3;0;300;Card;Cyberpunk 2077;3.0;0
SESS-14052;2026-08-07 07:36:00;USR-1588;19;Standard;12;2400;1200;Card;Valorant;4.0;0
SESS-14424;2026-08-07 10:53:00;USR-1401;24;Standard;4;200;360;Card;Cyberpunk 2077;5.0;1
SESS-11622;2026-08-15 19:24:00;USR-1426;22;Standard;1;80;90;App;CS2;4.5;1
SESS-14770;2026-08-28 17:00:00;USR-1243;25;VIP;2;0;400;Card;GTA V;4.5;0
SESS-10040;2026-08-28 14:41:00;USR-1441;23;PS5;2;240;500;Cash;Dota 2;5.0;0
SESS-12089;2026-08-29 13:43:00;USR-1154;24;Standard;2;0;200;Cash;CS2;4.0;0
SESS-13924;2026-08-05 21:47:00;USR-1547;18;Standard;2;0;200;Card;Minecraft;3.0;0
SESS-12175;2026-08-19 11:18:00;USR-1764;23;Standard;12;0;1200;App;Valorant;4.5;0
SESS-10074;2026-08-09 12:10:00;USR-1064;31;Bootcamp;5;650;750;Card;CS2;5.0;0
SESS-14356;2026-08-25 00:54:00;USR-1307;20;VIP;3;0;600;Card;Deadlock;4.0;0
SESS-15355;2026-08-31 07:02:00;USR-1783;16;Standard;5;0;450;Card;PUBG;4.5;1
SESS-12657;2026-08-13 22:54:00;USR-1407;24;Bootcamp;12;700;1620;Card;CS2;4.0;1
SESS-13180;2026-08-19 21:18:00;USR-1639;24;VIP;4;1050;800;Card;Dota 2;2.0;0
SESS-12076;2026-08-15 18:06:00;USR-1161;19;Standard;3;0;300;Card;Cyberpunk 2077;4.5;0
SESS-10441;2026-08-14 11:47:00;USR-1675;21;Standard;3;0;300;App;GTA V;4.0;0
SESS-12051;2026-08-22 14:21:00;USR-1434;22;Standard;5;0;500;App;Apex Legends;5.0;0
SESS-12541;2026-08-19 22:42:00;USR-1224;17;Standard;1;0;100;App;Valorant;5.0;0
SESS-11301;2026-08-14 18:34:00;USR-1276;22;Standard;1;80;90;App;Valorant;4.5;1
SESS-13430;2026-08-17 13:21:00;USR-1315;17;Standard;2;400;200;Card;Valorant;5.0;0
SESS-11304;2026-08-19 13:28:00;USR-1299;21;VIP;2;350;400;Card;Minecraft;5.0;0
SESS-10236;2026-08-22 04:04:00;USR-1076;35;Standard;3;0;300;Card;Cyberpunk 2077;5.0;0
SESS-14537;2026-08-04 23:11:00;USR-1379;26;VIP;2;500;400;App;CS2;4.0;0
SESS-12599;2026-08-07 16:10:00;USR-1215;15;PS5;8;0;2000;Card;Dota 2;3.0;0
SESS-12573;2026-08-28 23:24:00;USR-1234;14;VIP;3;0;540;App;CS2;5.0;1
SESS-13280;2026-08-16 23:38:00;USR-1387;15;Standard;3;600;300;Cash;CS2;3.0;0
SESS-13186;2026-08-19 08:57:00;USR-1414;22;Standard;2;0;200;App;Valorant;4.0;0
SESS-13953;2026-08-11 22:25:00;USR-1536;14;Standard;3;240;300;Cash;CS2;4.0;0
SESS-12768;2026-08-07 02:21:00;USR-1315;17;Bootcamp;1;0;150;App;CS2;5.0;0
SESS-14223;2026-08-04 04:50:00;USR-1330;18;Standard;2;100;180;Card;CS2;5.0;1
SESS-12106;2026-08-29 15:19:00;USR-1370;27;PS5;3;0;750;Card;Dota 2;4.0;0
SESS-12679;2026-08-27 22:01:00;USR-1093;16;Bootcamp;1;0;150;Card;CS2;5.0;0
SESS-12761;2026-08-19 15:47:00;USR-1092;21;Standard;3;600;300;Card;CS2;3.0;0
SESS-11387;2026-08-07 10:58:00;USR-1285;25;VIP;4;0;800;Card;Minecraft;4.5;0
SESS-15101;2026-08-25 21:43:00;USR-1454;20;VIP;12;1060;2400;Card;CS2;4.0;0
SESS-14920;2026-08-20 09:41:00;USR-1489;25;Bootcamp;3;610;450;Card;PUBG;5.0;0
SESS-11279;2026-08-05 10:44:00;USR-1082;32;Bootcamp;3;0;450;Cash;CS2;3.0;0
SESS-15322;2026-08-12 15:59:00;USR-1341;21;Bootcamp;2;0;300;Card;Apex Legends;4.0;0
SESS-11555;2026-08-05 04:18:00;USR-1651;22;VIP;3;250;600;App;CS2;4.5;0
SESS-13190;2026-08-04 11:54:00;USR-1119;24;Standard;2;0;200;Card;CS2;4.5;0
SESS-15096;2026-08-11 14:44:00;USR-1035;15;Bootcamp;3;400;450;Card;Cyberpunk 2077;5.0;0
SESS-13594;2026-08-11 21:06:00;USR-1498;26;Standard;5;400;450;Card;Dota 2;3.0;1
SESS-11920;2026-08-13 01:44:00;USR-1041;20;Bootcamp;3;490;450;Card;Cyberpunk 2077;4.5;0
SESS-10513;2026-08-21 02:13:00;USR-1776;33;Bootcamp;1;0;150;Card;Valorant;4.0;0
SESS-14177;2026-08-17 10:27:00;USR-1549;23;VIP;4;0;720;App;Dota 2;4.5;1
SESS-11308;2026-08-21 15:12:00;USR-1143;24;Standard;4;0;400;Card;CS2;5.0;0
SESS-10914;2026-08-26 06:59:00;USR-1712;20;PS5;2;160;500;Card;PUBG;5.0;0
SESS-13452;2026-08-11 11:18:00;USR-1659;19;Standard;3;360;300;App;Valorant;5.0;0
SESS-13695;2026-08-03 17:54:00;USR-1009;34;Standard;12;0;1200;Cash;CS2;4.5;0
SESS-14242;2026-08-07 09:07:00;USR-1449;32;VIP;2;0;400;Card;CS2;5.0;0
SESS-13156;2026-08-06 01:45:00;USR-1143;24;Standard;2;100;180;Card;Apex Legends;5.0;1
SESS-12198;2026-08-12 12:33:00;USR-1378;22;Standard;2;0;200;App;CS2;4.0;0
SESS-10774;2026-08-03 23:05:00;USR-1525;15;Bootcamp;2;0;270;Card;GTA V;4.5;1
SESS-10943;2026-08-08 06:48:00;USR-1524;29;Bootcamp;3;610;450;Cash;Valorant;4.5;0
SESS-10822;2026-08-26 03:10:00;USR-1578;18;VIP;2;350;400;Card;Dota 2;4.5;0
SESS-14277;2026-08-17 17:13:00;USR-1281;16;Standard;1;0;100;Card;Dota 2;;0
SESS-10164;2026-08-06 17:01:00;USR-1592;21;VIP;3;250;600;Card;CS2;4.0;0
SESS-13983;2026-08-06 22:19:00;USR-1220;20;PS5;1;50;250;Cash;CS2;2.0;0
SESS-12538;2026-08-25 20:27:00;USR-1568;19;VIP;1;450;200;Card;Deadlock;4.5;0
SESS-15187;2026-08-14 13:44:00;USR-1301;24;Standard;3;0;300;Card;CS2;4.0;0
SESS-11311;2026-08-05 11:06:00;USR-1246;17;VIP;1;0;180;App;Apex Legends;4.0;1
SESS-14941;2026-08-08 18:50:00;USR-1034;36;VIP;1;0;200;Card;PUBG;4.0;0
SESS-14538;2026-08-27 23:05:00;USR-1400;20;VIP;2;0;360;App;Valorant;4.0;1
SESS-15044;2026-08-07 11:31:00;USR-1723;31;PS5;3;0;750;Card;CS2;4.0;0
SESS-13300;2026-08-03 06:31:00;USR-1357;34;Standard;1;120;90;App;CS2;4.0;1
SESS-13310;2026-08-29 22:59:00;USR-1031;21;Bootcamp;3;0;405;App;Deadlock;4.0;1
SESS-10327;2026-08-18 20:04:00;USR-1699;14;Standard;2;0;200;App;CS2;3.0;0
SESS-12490;2026-08-12 09:11:00;USR-1301;24;VIP;1;0;200;Card;CS2;5.0;0
SESS-15091;2026-08-31 14:09:00;USR-1597;19;Standard;3;0;300;Card;PUBG;3.0;0
SESS-10832;2026-08-23 16:48:00;USR-1012;17;VIP;2;500;400;;CS2;4.0;0
SESS-13079;2026-08-05 13:54:00;USR-1439;23;Bootcamp;1;0;150;Card;Dota 2;5.0;0
SESS-13462;2026-08-05 21:17:00;USR-1694;20;PS5;5;400;1125;Card;CS2;4.0;1
SESS-14771;2026-08-29 18:46:00;USR-1436;14;Bootcamp;4;0;600;Card;Minecraft;4.0;0
SESS-10054;2026-08-24 04:29:00;USR-1259;22;VIP;2;0;400;Card;CS2;5.0;0
SESS-14064;2026-08-03 19:57:00;USR-1278;19;PS5;3;0;750;Card;CS2;5.0;0
SESS-13451;2026-08-05 23:31:00;USR-1376;15;Bootcamp;1;0;150;App;Minecraft;5.0;0
SESS-11901;2026-08-08 07:19:00;USR-1390;21;Bootcamp;1;0;150;Card;Dota 2;4.0;0
SESS-11481;2026-08-01 03:25:00;USR-1457;19;Standard;12;600;1200;Card;Valorant;4.5;0
SESS-14150;2026-08-14 01:48:00;USR-1776;33;Bootcamp;2;0;300;App;CS2;3.0;0
SESS-13335;2026-08-06 11:08:00;USR-1553;22;Bootcamp;3;250;450;App;Dota 2;4.5;0
SESS-10946;2026-08-09 18:23:00;USR-1497;25;VIP;2;0;360;App;CS2;4.0;1
SESS-13293;2026-08-04 07:06:00;USR-1238;20;VIP;1;0;200;Card;CS2;4.0;0
SESS-12161;2026-08-28 10:54:00;USR-1591;24;Bootcamp;1;300;150;Card;Dota 2;4.5;0
SESS-14610;2026-08-17 15:47:00;USR-1053;20;Standard;1;80;100;Card;PUBG;4.5;0
SESS-13057;2026-08-05 16:21:00;USR-1511;25;Standard;2;0;200;Card;CS2;4.5;0
SESS-10768;2026-08-10 15:40:00;USR-1559;23;Bootcamp;12;0;1800;Card;CS2;4.5;0
SESS-15109;2026-08-12 19:03:00;USR-1575;15;Bootcamp;4;0;600;Card;CS2;3.0;0
SESS-13495;2026-08-08 12:41:00;USR-1219;16;Standard;12;960;1080;Card;Deadlock;4.0;1
SESS-10285;2026-08-24 14:10:00;USR-1070;21;Bootcamp;2;0;300;App;Valorant;4.0;0
SESS-15364;2026-08-15 02:50:00;USR-1687;20;Standard;2;240;200;Card;CS2;4.5;0
SESS-14837;2026-08-12 00:55:00;USR-1254;14;Standard;1;0;100;App;CS2;4.5;0
SESS-12332;2026-08-11 01:52:00;USR-1718;16;Standard;3;0;300;Card;CS2;4.5;0
SESS-12717;2026-08-23 15:28:00;USR-1290;23;VIP;3;850;600;Card;Valorant;4.5;0
SESS-12079;2026-08-30 10:27:00;USR-1553;22;PS5;1;0;250;App;CS2;5.0;0
SESS-13389;2026-08-14 13:30:00;USR-1547;18;Bootcamp;3;0;450;App;CS2;3.0;0
SESS-10722;2026-08-11 07:15:00;USR-1588;19;Standard;2;0;200;App;CS2;5.0;0
SESS-10951;2026-08-31 22:53:00;USR-1745;22;Standard;2;0;200;Card;CS2;4.5;0
SESS-14742;2026-08-10 03:00:00;USR-1674;19;Standard;3;0;300;Card;Minecraft;4.5;0
SESS-12262;2026-08-15 21:44:00;USR-1561;37;Standard;3;0;300;Card;CS2;5.0;0
SESS-10989;2026-08-26 16:10:00;USR-1291;18;Standard;3;0;300;Card;CS2;2.0;0
SESS-13212;2026-08-11 13:33:00;USR-1686;33;PS5;2;100;450;Card;Dota 2;4.5;1
SESS-11759;2026-08-06 21:08:00;USR-1769;21;Standard;5;400;500;Card;CS2;4.5;0
SESS-14938;2026-08-22 16:20:00;USR-1097;21;Standard;12;0;1200;Card;Dota 2;5.0;0
SESS-14422;2026-08-01 06:28:00;USR-1490;18;VIP;4;420;800;Card;CS2;4.0;0
SESS-11724;2026-08-17 22:20:00;USR-1510;26;Standard;2;0;200;;Dota 2;4.0;0
SESS-10341;2026-08-15 18:15:00;USR-1288;16;Standard;1;0;100;Card;Valorant;4.0;0
SESS-13701;2026-08-26 21:24:00;USR-1496;18;Standard;5;600;500;Card;Valorant;5.0;0
SESS-14243;2026-08-08 16:20:00;USR-1443;26;Bootcamp;2;0;300;Card;Apex Legends;5.0;0
SESS-10688;2026-08-24 11:11:00;USR-1519;20;VIP;2;0;400;Card;Valorant;4.0;0
SESS-13432;2026-08-21 21:38:00;USR-1482;15;Standard;1;0;100;Card;CS2;5.0;0
SESS-10966;2026-08-22 04:41:00;USR-1748;22;Bootcamp;4;420;540;Card;Apex Legends;5.0;1
SESS-15135;2026-08-24 05:41:00;USR-1328;38;Standard;2;0;200;Card;CS2;4.0;0
SESS-12203;2026-08-22 14:57:00;USR-1793;29;Standard;2;400;200;Card;CS2;4.0;0
SESS-12713;2026-08-16 07:40:00;USR-1596;24;Standard;2;400;180;Card;GTA V;4.5;1
SESS-14794;2026-08-26 11:52:00;USR-1399;19;PS5;2;0;500;Card;Valorant;3.0;0
SESS-14975;2026-08-23 19:51:00;USR-1222;16;VIP;1;0;200;Card;Valorant;1.0;0
SESS-13572;2026-08-13 13:40:00;USR-1000;19;Standard;2;240;200;Card;Valorant;5.0;0
SESS-11990;2026-08-03 09:11:00;USR-1248;31;Standard;3;0;270;Card;CS2;;1
SESS-14120;2026-08-14 23:17:00;USR-1405;25;VIP;8;0;1600;Card;CS2;4.0;0
SESS-14460;2026-08-05 07:34:00;USR-1055;17;Bootcamp;2;410;300;App;CS2;4.0;0
SESS-15152;2026-08-28 07:51:00;USR-1168;24;Standard;2;400;200;App;Deadlock;5.0;0
SESS-13600;2026-08-05 19:04:00;USR-1004;25;Standard;1;80;100;Card;Dota 2;1.0;0
SESS-14961;2026-08-06 01:15:00;USR-1423;24;VIP;3;340;540;Cash;Valorant;4.0;1
SESS-13938;2026-08-30 22:16:00;USR-1074;16;PS5;1;200;225;Card;Valorant;3.0;1
SESS-14484;2026-08-08 05:48:00;USR-1111;23;Bootcamp;2;490;300;Card;Minecraft;4.0;0
SESS-10385;2026-08-14 23:05:00;USR-1527;20;Bootcamp;4;0;600;Card;CS2;4.0;0
SESS-14747;2026-08-07 09:49:00;USR-1018;22;Standard;3;0;300;Card;PUBG;5.0;0
SESS-14963;2026-08-21 20:21:00;USR-1670;18;PS5;3;0;750;Card;Apex Legends;4.5;0
SESS-10536;2026-08-02 09:19:00;USR-1004;25;Bootcamp;3;250;450;Card;Minecraft;2.0;0
SESS-15275;2026-08-10 03:34:00;USR-1560;22;Standard;2;160;180;Card;CS2;4.0;1
SESS-14212;2026-08-05 13:42:00;USR-1455;20;PS5;2;0;450;Card;CS2;5.0;1
SESS-13507;2026-08-19 13:51:00;USR-1184;15;Standard;2;0;200;Card;Minecraft;5.0;0
SESS-10201;2026-08-27 06:26:00;USR-1047;26;Standard;2;160;180;Card;Apex Legends;2.0;1
SESS-11332;2026-08-21 19:52:00;USR-1337;15;PS5;2;400;500;Card;Dota 2;5.0;0
SESS-13502;2026-08-06 05:36:00;USR-1702;23;Standard;1;200;100;App;Dota 2;4.5;0
SESS-12708;2026-08-26 11:33:00;USR-1585;19;Bootcamp;2;0;300;Card;CS2;4.0;0
SESS-14021;2026-08-28 17:44:00;USR-1526;22;Bootcamp;8;0;1200;Card;CS2;4.0;0
SESS-11854;2026-08-31 11:18:00;USR-1332;21;PS5;3;150;750;Card;PUBG;4.0;0
SESS-15347;2026-08-02 14:37:00;USR-1635;15;Standard;1;0;100;Cash;Dota 2;5.0;0
SESS-12872;2026-08-09 17:16:00;USR-1098;36;Standard;12;0;1080;Cash;Deadlock;5.0;1
SESS-13030;2026-08-28 15:20:00;USR-1291;18;Standard;1;120;90;Cash;Dota 2;4.0;1
SESS-11205;2026-08-05 05:13:00;USR-1323;20;Bootcamp;2;0;300;Card;CS2;3.0;0
SESS-11645;2026-08-20 15:21:00;USR-1343;20;PS5;2;0;450;Card;GTA V;4.5;1
SESS-13417;2026-08-08 22:16:00;USR-1017;14;PS5;8;0;2000;Card;Deadlock;4.0;0
SESS-13476;2026-08-27 10:13:00;USR-1327;16;VIP;5;650;1000;Card;Dota 2;4.5;0
SESS-12861;2026-08-26 12:23:00;USR-1312;15;VIP;3;850;540;Card;CS2;4.5;1
SESS-11792;2026-08-31 17:01:00;USR-1089;31;Standard;3;0;300;Card;Cyberpunk 2077;1.0;0
SESS-13797;2026-08-02 18:56:00;USR-1388;25;Bootcamp;1;0;150;Card;CS2;3.0;0
SESS-13368;2026-08-01 00:09:00;USR-1666;22;Standard;2;400;200;Card;Minecraft;4.5;0
SESS-13367;2026-08-16 20:10:00;USR-1498;26;VIP;2;200;400;App;Dota 2;4.0;0
SESS-13533;2026-08-13 02:09:00;USR-1074;16;Bootcamp;4;0;600;Card;Valorant;4.0;0
SESS-14775;2026-08-17 00:33:00;USR-1342;30;Standard;3;150;270;Card;Dota 2;5.0;1
SESS-13449;2026-08-10 22:48:00;USR-1041;20;PS5;2;0;500;App;Dota 2;4.0;0
SESS-10603;2026-08-15 22:08:00;USR-1549;23;PS5;2;400;450;App;CS2;5.0;1
SESS-13056;2026-08-23 22:16:00;USR-1057;19;Standard;2;0;200;Card;Minecraft;4.5;0
SESS-14734;2026-08-17 17:29:00;USR-1431;19;Standard;2;0;200;Card;Dota 2;4.5;0
SESS-10126;2026-08-29 00:30:00;USR-1589;28;Standard;3;150;300;Cash;CS2;4.0;0
SESS-13876;2026-08-20 12:20:00;USR-1207;22;Standard;4;0;400;Cash;CS2;4.0;0
SESS-12935;2026-08-10 19:36:00;USR-1170;25;PS5;2;100;500;App;Minecraft;3.0;0
SESS-14451;2026-08-28 03:31:00;USR-1139;25;VIP;2;0;400;Card;Deadlock;2.0;0
SESS-13531;2026-08-02 08:24:00;USR-1663;23;Bootcamp;2;0;300;Card;Apex Legends;4.0;0
SESS-12730;2026-08-07 05:16:00;USR-1167;17;Standard;2;160;200;App;Dota 2;5.0;0
SESS-10827;2026-08-19 11:53:00;USR-1053;20;Standard;2;160;200;App;CS2;4.0;0
SESS-11639;2026-08-12 05:36:00;USR-1588;19;VIP;4;730;800;Cash;Minecraft;1.0;0
SESS-10984;2026-08-20 07:36:00;USR-1255;18;VIP;2;0;400;Card;Minecraft;5.0;0
SESS-13281;2026-08-22 09:28:00;USR-1653;15;Bootcamp;3;490;450;Card;CS2;3.0;0
SESS-13286;2026-08-13 00:23:00;USR-1263;22;Standard;1;80;100;Card;Dota 2;4.0;0
SESS-12188;2026-08-30 17:22:00;USR-1068;26;PS5;3;0;675;Card;PUBG;5.0;1
SESS-15008;2026-08-17 00:49:00;USR-1476;17;Standard;3;0;300;Card;Apex Legends;4.0;0
SESS-12443;2026-08-29 10:03:00;USR-1566;37;Bootcamp;2;0;270;Card;Dota 2;1.0;1
SESS-10362;2026-08-06 06:23:00;USR-1709;38;Standard;3;240;300;Card;CS2;4.5;0
SESS-12349;2026-08-14 15:43:00;USR-1078;20;Standard;1;80;100;App;Dota 2;3.0;0
SESS-10345;2026-08-23 11:35:00;USR-1678;18;Bootcamp;2;350;300;Cash;CS2;4.0;0
SESS-10814;2026-08-12 21:14:00;USR-1703;17;Standard;2;0;200;App;Valorant;3.0;0
SESS-13205;2026-08-18 08:43:00;USR-1329;22;Standard;3;0;300;Cash;CS2;4.5;0
SESS-14521;2026-08-14 09:42:00;USR-1285;25;Standard;1;200;100;Card;Dota 2;4.0;0
SESS-15208;2026-08-14 08:15:00;USR-1230;17;PS5;3;0;750;Card;Minecraft;3.0;0
SESS-13325;2026-08-17 18:02:00;USR-1583;24;Standard;1;80;100;Card;Valorant;4.5;0
SESS-14106;2026-08-29 17:16:00;USR-1300;45;Standard;3;0;300;App;CS2;5.0;0
SESS-12116;2026-08-19 19:15:00;USR-1588;19;Bootcamp;1;180;150;Card;CS2;4.5;0
SESS-11834;2026-08-26 23:16:00;USR-1373;18;PS5;1;0;250;Card;CS2;4.0;0
SESS-10793;2026-08-13 23:42:00;USR-1275;16;VIP;3;0;600;Card;Dota 2;3.0;0
SESS-15373;2026-08-05 23:21:00;USR-1780;23;Bootcamp;4;1050;600;Card;Dota 2;3.0;0
SESS-12674;2026-08-01 01:00:00;USR-1776;33;Standard;1;50;100;Card;CS2;4.0;0
SESS-10094;2026-08-31 10:06:00;USR-1375;24;Bootcamp;3;250;450;Card;Cyberpunk 2077;4.0;0
SESS-14225;2026-08-21 17:15:00;USR-1231;18;Standard;1;0;100;Card;Apex Legends;5.0;0
SESS-13756;2026-08-16 17:11:00;USR-1005;24;Bootcamp;5;0;750;App;GTA V;3.0;0
SESS-12891;2026-08-14 00:17:00;USR-1277;40;Bootcamp;5;0;750;Card;Minecraft;5.0;0
SESS-12371;2026-08-12 02:18:00;USR-1174;26;Standard;3;0;300;Card;CS2;3.0;0
SESS-14510;2026-08-15 02:12:00;USR-1684;23;VIP;2;0;360;App;CS2;4.0;1
SESS-14820;2026-08-06 06:20:00;USR-1789;26;Standard;1;50;100;Cash;Dota 2;5.0;0
SESS-13228;2026-08-18 06:55:00;USR-1083;22;Bootcamp;5;0;750;App;CS2;3.0;0
SESS-12853;2026-08-02 22:36:00;USR-1417;26;Standard;2;0;200;Card;GTA V;4.0;0
SESS-12912;2026-08-19 13:08:00;USR-1746;24;PS5;8;640;2000;App;CS2;2.0;0
SESS-11865;2026-08-13 18:17:00;USR-1086;23;Bootcamp;1;0;150;Card;Deadlock;4.5;0
SESS-11857;2026-08-11 17:28:00;USR-1574;15;Bootcamp;2;490;300;Cash;Dota 2;4.0;0
SESS-12645;2026-08-04 13:38:00;USR-1295;24;Standard;1;0;100;Card;PUBG;4.0;0
SESS-12243;2026-08-05 19:16:00;USR-1112;24;VIP;2;0;400;Cash;CS2;4.0;0
SESS-12336;2026-08-17 09:35:00;USR-1143;24;Standard;2;240;200;Card;Dota 2;3.0;0
SESS-10950;2026-08-01 12:38:00;USR-1451;16;Standard;8;0;800;Card;Valorant;5.0;0
SESS-13068;2026-08-27 09:51:00;USR-1430;17;Bootcamp;1;0;150;Card;Minecraft;4.5;0
SESS-11120;2026-08-07 02:42:00;USR-1306;24;Standard;5;0;500;App;CS2;4.5;0
SESS-12597;2026-08-20 00:39:00;USR-1074;16;Standard;3;240;270;Card;Valorant;4.0;1
SESS-12204;2026-08-07 22:07:00;USR-1506;15;VIP;2;650;360;Cash;Deadlock;3.0;1
SESS-10419;2026-08-22 15:54:00;USR-1148;25;Standard;3;0;300;App;CS2;4.0;0
SESS-10922;2026-08-22 22:19:00;USR-1186;39;Bootcamp;5;0;750;Card;CS2;4.0;0
SESS-11254;2026-08-01 22:35:00;USR-1099;18;Standard;2;0;180;Card;GTA V;3.0;1
SESS-10477;2026-08-21 10:42:00;USR-1266;23;VIP;12;1690;2400;Cash;Valorant;4.5;0
SESS-12035;2026-08-14 14:19:00;USR-1382;28;Bootcamp;4;0;540;Card;Dota 2;4.0;1
SESS-11202;2026-08-21 17:02:00;USR-1736;24;Standard;2;400;200;Cash;PUBG;4.0;0
SESS-12626;2026-08-13 00:42:00;USR-1111;23;PS5;3;0;750;Card;CS2;4.5;0
SESS-15231;2026-08-25 10:38:00;USR-1321;15;Bootcamp;2;0;300;App;PUBG;5.0;0
SESS-11970;2026-08-08 10:10:00;USR-1796;36;Standard;4;800;400;App;CS2;5.0;0
SESS-13110;2026-08-06 19:07:00;USR-1719;25;Bootcamp;2;650;300;App;CS2;1.0;0
SESS-14018;2026-08-14 22:19:00;USR-1201;24;VIP;8;0;1600;Card;CS2;5.0;0
SESS-12151;2026-08-29 09:27:00;USR-1462;20;Bootcamp;2;0;270;App;PUBG;4.0;1
SESS-13687;2026-08-21 18:42:00;USR-1314;17;Bootcamp;2;260;300;Cash;CS2;5.0;0
SESS-11997;2026-08-27 09:02:00;USR-1671;15;Standard;8;0;800;App;Valorant;4.5;0
SESS-14033;2026-08-09 16:31:00;USR-1473;26;Standard;1;0;100;App;CS2;5.0;0
SESS-13054;2026-08-19 16:58:00;USR-1757;36;VIP;1;0;200;Card;CS2;4.0;0
SESS-11248;2026-08-10 20:40:00;USR-1525;15;Standard;1;0;100;Card;CS2;4.0;0
SESS-12192;2026-08-11 09:56:00;USR-1778;17;Standard;8;0;800;Card;Minecraft;2.0;0
SESS-12712;2026-08-19 16:45:00;USR-1583;24;Standard;2;160;180;App;CS2;2.0;1
SESS-10992;2026-08-14 02:21:00;USR-1654;17;Standard;4;320;360;App;Dota 2;3.0;1
SESS-12190;2026-08-22 01:56:00;USR-1740;25;Standard;3;0;300;Cash;CS2;4.5;0
SESS-13762;2026-08-05 03:14:00;USR-1078;20;Bootcamp;2;500;300;App;Valorant;3.0;0
SESS-13597;2026-08-22 10:23:00;USR-1483;17;Bootcamp;2;340;300;App;Minecraft;2.0;0
SESS-11318;2026-08-26 05:09:00;USR-1166;20;PS5;3;360;750;App;Dota 2;4.5;0
SESS-11863;2026-08-18 11:47:00;USR-1031;21;VIP;1;180;200;Card;Dota 2;3.0;0
SESS-12343;2026-08-31 06:55:00;USR-1163;22;VIP;2;0;400;Card;Valorant;4.5;0
SESS-12449;2026-08-09 22:08:00;USR-1073;14;Standard;1;0;90;App;Dota 2;4.0;1
SESS-12136;2026-08-13 14:35:00;USR-1591;24;Standard;4;0;400;App;Dota 2;4.0;0
SESS-11065;2026-08-01 05:09:00;USR-1740;25;Standard;3;0;300;Card;CS2;4.5;0
SESS-10598;2026-08-20 14:57:00;USR-1681;20;Standard;3;0;300;Card;CS2;5.0;0
SESS-14227;2026-08-02 21:38:00;USR-1564;34;Standard;2;0;200;Card;CS2;4.0;0
SESS-12621;2026-08-18 15:31:00;USR-1194;26;PS5;1;0;250;Card;CS2;4.0;0
SESS-10077;2026-08-08 19:59:00;USR-1207;22;VIP;2;200;400;Card;Minecraft;4.5;0
SESS-12898;2026-08-28 00:37:00;USR-1516;35;Standard;3;600;300;App;Browser/Work;4.0;0
SESS-11314;2026-08-07 15:58:00;USR-1281;16;Bootcamp;2;0;270;App;CS2;5.0;1
SESS-14750;2026-08-31 14:22:00;USR-1176;19;Standard;3;600;300;Card;CS2;5.0;0
SESS-10872;2026-08-03 13:28:00;USR-1509;16;Standard;3;0;300;Card;Dota 2;4.0;0
SESS-13850;2026-08-31 03:37:00;USR-1124;17;Standard;2;0;200;App;CS2;3.0;0
SESS-15200;2026-08-10 10:59:00;USR-1712;20;Standard;2;0;180;App;Dota 2;4.0;1
SESS-12965;2026-08-01 13:00:00;USR-1649;30;Standard;1;0;90;Card;Dota 2;4.0;1
SESS-13391;2026-08-29 14:18:00;USR-1668;26;Standard;3;0;300;Card;Deadlock;5.0;0
SESS-12560;2026-08-24 11:30:00;USR-1310;19;VIP;1;0;200;App;Valorant;4.0;0
SESS-15319;2026-08-17 19:26:00;USR-1596;24;Bootcamp;2;0;300;Card;Dota 2;5.0;0
SESS-12635;2026-08-14 19:34:00;USR-1653;15;Bootcamp;3;340;450;Card;Deadlock;2.0;0
SESS-13530;2026-08-17 20:27:00;USR-1067;20;VIP;2;200;400;Card;CS2;4.0;0
SESS-10375;2026-08-12 06:51:00;USR-1537;23;Standard;4;0;400;App;CS2;4.5;0
SESS-11908;2026-08-25 20:22:00;USR-1343;20;Bootcamp;1;0;150;Card;CS2;4.0;0
SESS-14429;2026-08-13 06:49:00;USR-1321;15;Bootcamp;2;650;300;Card;Dota 2;5.0;0
SESS-14705;2026-08-21 00:55:00;USR-1520;18;Standard;2;240;200;Card;Dota 2;4.0;0
SESS-14758;2026-08-09 22:13:00;USR-1071;14;VIP;3;0;600;Card;CS2;4.0;0
SESS-14027;2026-08-27 07:51:00;USR-1420;22;Standard;2;0;200;Card;Valorant;4.5;0
SESS-11604;2026-08-24 10:54:00;USR-1370;27;PS5;2;0;450;Card;CS2;3.0;1
SESS-11118;2026-08-10 17:48:00;USR-1775;22;Bootcamp;3;850;450;App;Minecraft;3.0;0
SESS-13677;2026-08-02 01:07:00;USR-1606;20;Bootcamp;2;0;270;App;CS2;4.5;1
SESS-13490;2026-08-01 15:46:00;USR-1097;21;Standard;1;0;100;Card;CS2;4.5;0
SESS-15281;2026-08-13 04:37:00;USR-1794;23;Standard;8;640;800;Card;Minecraft;4.5;0
SESS-12958;2026-08-19 20:25:00;USR-1315;17;Bootcamp;1;0;150;App;CS2;3.0;0
SESS-11994;2026-08-30 16:11:00;USR-1601;30;Standard;3;0;300;Card;Minecraft;3.0;0
SESS-11212;2026-08-31 11:30:00;USR-1621;28;Standard;4;320;400;Card;Apex Legends;4.5;0
SESS-14907;2026-08-17 08:31:00;USR-1434;22;VIP;1;330;200;App;Valorant;4.5;0
SESS-12376;2026-08-22 21:47:00;USR-1339;19;Standard;1;80;90;Card;CS2;4.5;1
SESS-11342;2026-08-22 11:56:00;USR-1434;22;Standard;4;0;400;App;CS2;4.0;0
SESS-10320;2026-08-22 10:54:00;USR-1709;38;Standard;3;150;300;Card;CS2;4.5;0
SESS-11619;2026-08-15 13:12:00;USR-1692;17;Standard;2;0;200;Card;CS2;4.0;0
SESS-13713;2026-08-26 23:21:00;USR-1182;23;VIP;3;400;540;Card;CS2;5.0;1
SESS-12060;2026-08-21 05:37:00;USR-1383;27;Bootcamp;2;0;300;Card;CS2;4.5;0
SESS-12219;2026-08-15 01:01:00;USR-1299;21;VIP;1;0;200;App;CS2;5.0;0
SESS-11673;2026-08-05 20:30:00;USR-1005;24;Bootcamp;1;0;150;Cash;Dota 2;4.0;0
SESS-10260;2026-08-02 15:57:00;USR-1185;27;VIP;5;0;900;Card;Minecraft;5.0;1
SESS-14803;2026-08-14 21:37:00;USR-1175;21;Standard;1;0;90;Cash;CS2;5.0;1
SESS-12039;2026-08-29 17:18:00;USR-1727;25;PS5;4;0;1000;Card;Dota 2;2.0;0
SESS-10901;2026-08-16 02:57:00;USR-1734;15;VIP;2;0;400;Card;Valorant;5.0;0
SESS-13744;2026-08-07 04:42:00;USR-1741;21;VIP;12;0;2400;Card;Dota 2;4.5;0
SESS-12026;2026-08-02 06:12:00;USR-1674;19;Standard;1;200;90;Card;CS2;4.0;1
SESS-14234;2026-08-17 04:03:00;USR-1409;23;Bootcamp;2;490;300;Card;CS2;5.0;0
SESS-11917;2026-08-15 04:31:00;USR-1337;15;Standard;4;0;400;Card;Dota 2;4.5;0
SESS-11828;2026-08-16 09:33:00;USR-1130;26;Standard;12;1440;1200;Cash;Valorant;4.0;0
SESS-11573;2026-08-04 05:37:00;USR-1599;36;Standard;8;640;720;Card;CS2;4.0;1
SESS-14415;2026-08-04 21:57:00;USR-1204;35;VIP;3;700;600;Card;Dota 2;4.0;0
SESS-14776;2026-08-14 21:32:00;USR-1765;19;Standard;4;200;400;Cash;CS2;4.0;0
SESS-14208;2026-08-29 14:38:00;USR-1770;18;Standard;3;240;300;Card;CS2;4.0;0
SESS-10224;2026-08-14 00:53:00;USR-1787;31;Standard;2;160;180;Card;Valorant;2.0;1
SESS-10723;2026-08-22 02:59:00;USR-1776;33;Standard;2;0;200;App;CS2;3.0;0
SESS-14877;2026-08-22 12:23:00;USR-1183;25;VIP;2;0;400;App;Dota 2;2.0;0
SESS-11141;2026-08-29 08:27:00;USR-1724;27;Standard;2;240;200;App;Dota 2;4.5;0
SESS-12762;2026-08-16 04:32:00;USR-1785;18;VIP;3;0;540;Card;CS2;2.0;1
SESS-10846;2026-08-29 17:48:00;USR-1011;22;Standard;8;0;800;Card;CS2;5.0;0
SESS-14289;2026-08-01 20:41:00;USR-1758;17;Standard;2;160;200;Card;Dota 2;2.0;0
SESS-12551;2026-08-04 14:32:00;USR-1591;24;Bootcamp;1;0;150;App;Valorant;4.5;0
SESS-12928;2026-08-02 21:43:00;USR-1483;17;Standard;5;0;500;App;Cyberpunk 2077;4.5;0
SESS-10117;2026-08-06 12:07:00;USR-1397;21;VIP;3;0;600;Card;CS2;4.5;0
SESS-10645;2026-08-21 14:26:00;USR-1697;14;Standard;2;0;180;Card;CS2;4.5;1
SESS-10003;2026-08-26 01:43:00;USR-1185;27;VIP;3;0;600;Card;Dota 2;4.0;0
SESS-14170;2026-08-28 18:02:00;USR-1211;17;Bootcamp;3;0;450;Card;CS2;3.0;0
SESS-10467;2026-08-04 15:03:00;USR-1464;25;VIP;2;260;400;Card;Valorant;2.0;0
SESS-10005;2026-08-05 14:46:00;USR-1350;16;Standard;3;0;300;Card;CS2;4.0;0
SESS-10919;2026-08-10 04:44:00;USR-1599;36;Standard;2;400;200;Cash;Dota 2;3.0;0
SESS-12595;2026-08-22 06:19:00;USR-1366;18;PS5;4;800;900;Card;Minecraft;4.0;1
SESS-14324;2026-08-09 01:09:00;USR-1021;24;Bootcamp;3;400;405;Card;CS2;4.0;1
SESS-11063;2026-08-30 06:08:00;USR-1657;18;VIP;1;300;200;Card;Dota 2;4.5;0
SESS-12590;2026-08-15 22:48:00;USR-1587;20;Bootcamp;5;0;750;App;Valorant;3.0;0
SESS-10242;2026-08-10 12:41:00;USR-1494;15;Bootcamp;2;0;270;Card;CS2;4.5;1
SESS-11160;2026-08-20 01:51:00;USR-1335;34;Standard;1;0;100;App;Minecraft;4.5;0
SESS-12870;2026-08-19 21:47:00;USR-1488;16;Standard;12;600;1080;Card;Minecraft;5.0;1
SESS-13735;2026-08-21 17:49:00;USR-1747;16;PS5;12;600;3000;Card;Dota 2;1.0;0
SESS-12397;2026-08-20 05:11:00;USR-1487;19;PS5;2;0;500;Card;Dota 2;4.5;0
SESS-13517;2026-08-14 19:52:00;USR-1166;20;VIP;2;490;400;Card;Dota 2;4.0;0
SESS-13421;2026-08-23 02:26:00;USR-1144;20;PS5;1;80;250;Card;CS2;4.0;0
SESS-12563;2026-08-10 12:26:00;USR-1751;22;Standard;2;240;180;Card;CS2;4.0;1
SESS-11605;2026-08-28 11:20:00;USR-1163;22;Standard;1;120;100;Card;Dota 2;5.0;0
SESS-15242;2026-08-18 03:57:00;USR-1271;25;Standard;3;360;300;Card;Valorant;4.0;0
SESS-12324;2026-08-14 12:58:00;USR-1769;21;Bootcamp;2;0;300;App;Valorant;4.0;0
SESS-12709;2026-08-15 10:34:00;USR-1296;18;VIP;1;0;200;Cash;Valorant;5.0;0
SESS-14847;2026-08-03 07:48:00;USR-1423;24;Standard;2;0;200;Cash;Browser/Work;5.0;0
SESS-11312;2026-08-17 01:15:00;USR-1544;23;VIP;2;0;360;Card;Apex Legends;4.0;1
SESS-13448;2026-08-18 13:58:00;USR-1510;26;Bootcamp;3;0;450;Card;Valorant;3.0;0
SESS-13812;2026-08-03 06:24:00;USR-1623;16;Standard;2;0;200;Cash;CS2;4.5;0
SESS-15055;2026-08-01 05:16:00;USR-1089;31;Bootcamp;4;0;600;Cash;Minecraft;5.0;0
SESS-12362;2026-08-18 02:39:00;USR-1067;20;Standard;1;0;100;Card;PUBG;4.5;0
SESS-11975;2026-08-10 19:10:00;USR-1666;22;PS5;2;160;500;Card;CS2;4.5;0
SESS-13514;2026-08-30 05:45:00;USR-1467;22;Bootcamp;12;0;1800;App;Dota 2;4.0;0
SESS-11761;2026-08-12 23:11:00;USR-1314;17;VIP;1;0;180;Card;Dota 2;4.0;1
SESS-12739;2026-08-25 09:31:00;USR-1360;15;Standard;2;0;200;Card;Dota 2;4.0;0
SESS-15060;2026-08-23 14:34:00;USR-1125;23;Standard;2;160;180;Card;CS2;4.5;1
SESS-12472;2026-08-03 23:15:00;USR-1380;23;VIP;2;0;400;Cash;CS2;2.0;0
SESS-14007;2026-08-30 23:35:00;USR-1135;22;Bootcamp;3;250;450;Card;CS2;3.0;0
SESS-11493;2026-08-12 04:06:00;USR-1496;18;VIP;2;200;400;Card;Dota 2;4.5;0
SESS-14206;2026-08-31 11:42:00;USR-1495;16;Standard;4;0;400;App;Minecraft;4.5;0
SESS-12158;2026-08-31 09:03:00;USR-1562;31;Standard;4;0;400;Cash;GTA V;5.0;0
SESS-11169;2026-08-01 19:34:00;USR-1365;15;Standard;4;320;360;Card;Dota 2;3.0;1
SESS-14910;2026-08-17 22:57:00;USR-1501;19;VIP;5;0;1000;Card;Dota 2;1.0;0
SESS-10232;2026-08-31 07:48:00;USR-1385;19;Standard;2;0;200;Card;Dota 2;4.0;0
SESS-10066;2026-08-02 10:04:00;USR-1128;25;VIP;2;0;400;Card;Valorant;2.0;0
SESS-11603;2026-08-03 12:56:00;USR-1229;16;Standard;2;0;180;Card;CS2;3.0;1
SESS-13283;2026-08-13 19:28:00;USR-1429;18;Standard;8;0;800;Card;Valorant;5.0;0
SESS-13596;2026-08-10 18:46:00;USR-1777;25;Standard;3;360;300;Cash;Dota 2;4.5;0
SESS-14632;2026-08-15 20:03:00;USR-1645;20;Standard;3;240;300;Card;CS2;3.0;0
SESS-10125;2026-08-20 15:38:00;USR-1223;22;VIP;1;0;180;App;CS2;2.0;1
SESS-11296;2026-08-21 12:21:00;USR-1119;24;Bootcamp;3;850;450;Cash;Dota 2;5.0;0
SESS-11976;2026-08-14 21:11:00;USR-1035;15;PS5;3;0;750;Cash;Valorant;4.0;0
SESS-15161;2026-08-11 16:48:00;USR-1718;16;Bootcamp;3;0;405;Card;GTA V;2.0;1
SESS-14873;2026-08-13 00:59:00;USR-1627;28;Bootcamp;3;0;450;App;CS2;3.0;0
SESS-12075;2026-08-10 15:25:00;USR-1658;18;Standard;3;600;300;App;CS2;4.5;0
SESS-14580;2026-08-21 02:16:00;USR-1438;16;Bootcamp;4;0;600;Card;CS2;4.0;0
SESS-13086;2026-08-08 02:43:00;USR-1753;16;PS5;1;0;250;Card;Dota 2;4.0;0
SESS-15137;2026-08-16 18:07:00;USR-1522;16;Bootcamp;3;460;450;Card;CS2;4.5;0
SESS-13345;2026-08-26 14:54:00;USR-1407;24;Standard;2;0;200;Card;Minecraft;4.0;0
SESS-14854;2026-08-25 12:40:00;USR-1093;16;Bootcamp;2;0;270;App;CS2;4.0;1
SESS-12797;2026-08-14 15:22:00;USR-1619;18;Bootcamp;2;0;300;Card;CS2;5.0;0
SESS-10918;2026-08-30 14:42:00;USR-1027;15;Standard;3;0;270;Card;Valorant;4.5;1
SESS-11646;2026-08-07 10:27:00;USR-1600;20;VIP;8;0;1600;Card;Apex Legends;4.5;0
SESS-14621;2026-08-09 09:17:00;USR-1608;27;Bootcamp;2;350;270;App;PUBG;3.0;1
SESS-10364;2026-08-21 02:08:00;USR-1785;18;Standard;1;0;100;Card;Deadlock;4.0;0
SESS-13287;2026-08-31 02:32:00;USR-1019;25;Standard;3;240;300;Card;Minecraft;4.0;0
SESS-12125;2026-08-18 12:37:00;USR-1689;15;PS5;3;0;750;Card;Cyberpunk 2077;4.5;0
SESS-14123;2026-08-26 14:13:00;USR-1268;31;Standard;5;1000;500;Card;Minecraft;4.5;0
SESS-14569;2026-08-15 17:55:00;USR-1657;18;Bootcamp;4;0;540;Card;Dota 2;4.0;1
SESS-10525;2026-08-05 08:09:00;USR-1195;19;VIP;3;250;600;Card;CS2;3.0;0
SESS-10055;2026-08-22 03:49:00;USR-1352;22;Standard;1;120;90;Cash;Dota 2;4.5;1
SESS-10638;2026-08-05 06:21:00;USR-1797;19;PS5;2;160;450;Card;CS2;3.0;1
SESS-10302;2026-08-29 16:10:00;USR-1209;24;Standard;1;0;100;Card;CS2;4.0;0
SESS-12766;2026-08-11 02:45:00;USR-1538;17;Standard;3;360;300;App;Deadlock;3.0;0
SESS-11276;2026-08-09 23:29:00;USR-1180;15;VIP;3;250;600;Card;CS2;5.0;0
SESS-12055;2026-08-29 02:23:00;USR-1699;14;PS5;8;640;1800;App;Valorant;4.5;1
SESS-14432;2026-08-23 14:26:00;USR-1401;24;Standard;2;100;200;App;CS2;4.5;0
SESS-13644;2026-08-06 06:21:00;USR-1674;19;Standard;2;400;200;App;CS2;4.5;0
SESS-14143;2026-08-28 13:37:00;USR-1426;22;Standard;4;480;400;Cash;Dota 2;5.0;0
SESS-12878;2026-08-06 14:03:00;USR-1445;22;Standard;1;50;90;App;Deadlock;1.0;1
SESS-14202;2026-08-05 04:25:00;USR-1120;15;Standard;4;0;400;Card;CS2;3.0;0
SESS-12286;2026-08-29 15:20:00;USR-1361;23;Bootcamp;3;610;450;Card;CS2;4.5;0
SESS-12261;2026-08-09 15:13:00;USR-1494;15;Standard;1;0;100;Card;Minecraft;5.0;0
SESS-12296;2026-08-02 13:27:00;USR-1627;28;Standard;5;600;500;Card;PUBG;5.0;0
SESS-11753;2026-08-24 15:39:00;USR-1445;22;Bootcamp;3;0;450;Card;CS2;4.0;0
SESS-11968;2026-08-31 20:09:00;USR-1769;21;Standard;1;120;100;Card;CS2;5.0;0
SESS-14725;2026-08-10 22:36:00;USR-1207;22;VIP;3;400;600;Card;Minecraft;5.0;0
SESS-13117;2026-08-04 01:46:00;USR-1355;28;Standard;2;0;180;Card;Browser/Work;4.0;1
SESS-12393;2026-08-05 12:12:00;USR-1325;15;Standard;3;0;300;App;Apex Legends;5.0;0
SESS-10523;2026-08-21 04:39:00;USR-1564;34;VIP;4;0;720;Card;Dota 2;5.0;1
SESS-13900;2026-08-22 03:51:00;USR-1635;15;VIP;1;0;200;Card;Minecraft;4.0;0
SESS-14699;2026-08-15 02:39:00;USR-1366;18;Standard;3;0;300;Card;Minecraft;5.0;0
SESS-13122;2026-08-09 03:30:00;USR-1350;16;Bootcamp;3;0;450;Card;Dota 2;4.0;0
SESS-14156;2026-08-01 14:33:00;USR-1107;16;PS5;3;240;675;Card;Dota 2;4.0;1
SESS-11969;2026-08-21 15:05:00;USR-1562;31;Standard;3;0;300;App;CS2;4.5;0
SESS-10671;2026-08-26 08:20:00;USR-1587;20;PS5;3;0;750;Card;Dota 2;4.0;0
SESS-14188;2026-08-31 11:30:00;USR-1017;14;Standard;3;150;300;Card;Dota 2;4.0;0
SESS-10666;2026-08-27 06:07:00;USR-1128;25;Standard;1;200;90;Card;Minecraft;4.5;1
SESS-14711;2026-08-21 03:39:00;USR-1084;25;VIP;3;0;600;Card;Apex Legends;4.0;0
SESS-11887;2026-08-09 08:29:00;USR-1708;25;Standard;1;0;90;App;Minecraft;5.0;1
SESS-13266;2026-08-11 12:29:00;USR-1074;16;Standard;8;0;800;Card;Browser/Work;2.0;0
SESS-10280;2026-08-10 06:19:00;USR-1550;15;VIP;2;350;400;App;Valorant;2.0;0
SESS-11719;2026-08-03 21:46:00;USR-1613;26;Standard;2;400;200;Card;GTA V;5.0;0
SESS-12947;2026-08-13 14:39:00;USR-1135;22;Standard;3;0;300;App;CS2;5.0;0
SESS-14455;2026-08-11 12:08:00;USR-1417;26;Bootcamp;3;0;405;Card;Minecraft;2.0;1
SESS-10899;2026-08-11 06:25:00;USR-1024;26;Standard;2;0;200;Cash;Minecraft;5.0;0
SESS-15266;2026-08-06 02:14:00;USR-1107;16;VIP;8;0;1600;Card;Valorant;5.0;0
SESS-10760;2026-08-02 12:03:00;USR-1549;23;Bootcamp;4;1050;600;Card;Dota 2;4.5;0
SESS-11906;2026-08-19 03:06:00;USR-1189;31;Standard;3;0;300;Card;Dota 2;4.5;0
SESS-14042;2026-08-07 12:30:00;USR-1682;14;Standard;3;0;300;Card;Minecraft;4.5;0
SESS-13823;2026-08-09 14:53:00;USR-1491;21;PS5;3;0;750;Cash;CS2;4.0;0
SESS-14138;2026-08-06 22:57:00;USR-1035;15;VIP;3;340;600;Card;Dota 2;4.0;0
SESS-13818;2026-08-15 23:16:00;USR-1480;22;Standard;5;0;500;App;CS2;5.0;0
SESS-14300;2026-08-29 13:16:00;USR-1031;21;Standard;3;0;300;Card;Deadlock;4.0;0
SESS-12593;2026-08-14 11:52:00;USR-1789;26;VIP;1;0;200;Card;Dota 2;3.0;0
SESS-14164;2026-08-23 17:57:00;USR-1031;21;Bootcamp;2;350;300;Card;Valorant;5.0;0
SESS-13031;2026-08-05 16:28:00;USR-1450;18;VIP;2;0;400;Cash;Minecraft;4.0;0
SESS-13579;2026-08-14 13:54:00;USR-1496;18;Standard;5;400;500;Card;Dota 2;5.0;0
SESS-12832;2026-08-20 22:40:00;USR-1521;18;Standard;12;0;1200;Card;CS2;4.5;0
SESS-13472;2026-08-14 07:01:00;USR-1608;27;PS5;2;400;500;Card;Valorant;4.5;0
SESS-10137;2026-08-20 16:40:00;USR-1634;26;Bootcamp;2;0;300;App;CS2;5.0;0
SESS-12180;2026-08-26 04:34:00;USR-1621;28;VIP;1;300;200;App;CS2;5.0;0
SESS-12128;2026-08-16 06:06:00;USR-1136;28;Standard;1;0;100;Card;Dota 2;4.5;0
SESS-13177;2026-08-21 11:31:00;USR-1233;28;VIP;8;0;1600;App;CS2;4.5;0
SESS-14637;2026-08-06 17:06:00;USR-1716;17;Standard;3;0;300;Card;GTA V;5.0;0
SESS-14743;2026-08-31 12:44:00;USR-1525;15;Standard;8;0;800;Card;Dota 2;3.0;0
SESS-14261;2026-08-12 05:55:00;USR-1482;15;Bootcamp;3;0;405;App;CS2;4.0;1
SESS-14344;2026-08-10 19:11:00;USR-1024;26;PS5;12;2400;3000;Card;Dota 2;5.0;0
SESS-11331;2026-08-02 01:18:00;USR-1045;19;VIP;2;0;400;Card;CS2;5.0;0
SESS-12017;2026-08-08 09:21:00;USR-1797;19;Standard;8;960;800;Card;Dota 2;4.5;0
SESS-14542;2026-08-02 07:36:00;USR-1026;25;Standard;1;200;90;Card;Browser/Work;4.0;1
SESS-12482;2026-08-09 10:11:00;USR-1797;19;Standard;2;0;200;App;CS2;3.0;0
SESS-11358;2026-08-28 03:46:00;USR-1248;31;VIP;8;1700;1440;Card;Apex Legends;2.0;1
SESS-11329;2026-08-25 15:09:00;USR-1560;22;Bootcamp;2;0;300;Card;Dota 2;3.0;0
SESS-12150;2026-08-12 19:29:00;USR-1325;15;Bootcamp;2;0;300;App;PUBG;4.5;0
SESS-14530;2026-08-30 13:20:00;USR-1694;20;Standard;1;200;100;Card;CS2;4.5;0
SESS-12122;2026-08-15 21:33:00;USR-1287;17;Standard;1;120;100;App;CS2;5.0;0
SESS-14673;2026-08-03 09:17:00;USR-1798;22;Standard;5;600;500;App;Dota 2;4.0;0
SESS-13981;2026-08-30 20:27:00;USR-1357;34;Bootcamp;8;0;1200;App;PUBG;5.0;0
SESS-11252;2026-08-26 09:28:00;USR-1768;24;VIP;3;0;600;Card;CS2;5.0;0
SESS-13278;2026-08-28 13:01:00;USR-1077;25;Bootcamp;5;500;750;Card;Dota 2;4.5;0
SESS-13374;2026-08-15 19:17:00;USR-1375;24;Standard;1;0;100;Cash;Valorant;5.0;0
SESS-12814;2026-08-30 13:03:00;USR-1448;23;Bootcamp;2;490;300;Card;Dota 2;4.5;0
SESS-14719;2026-08-11 08:41:00;USR-1454;20;PS5;2;0;500;Card;Dota 2;3.0;0
SESS-11848;2026-08-09 07:00:00;USR-1328;38;Bootcamp;2;260;300;Card;Minecraft;4.0;0
SESS-13037;2026-08-04 21:57:00;USR-1402;17;Standard;2;0;200;App;Dota 2;4.5;0
SESS-10388;2026-08-12 04:08:00;USR-1195;19;Standard;2;0;200;Cash;Dota 2;4.0;0
SESS-10235;2026-08-19 07:13:00;USR-1383;27;Standard;1;200;90;Card;Deadlock;5.0;1
SESS-11077;2026-08-27 22:41:00;USR-1563;15;VIP;3;610;600;Card;CS2;4.5;0
SESS-11984;2026-08-18 22:17:00;USR-1652;15;Standard;2;0;200;Card;Valorant;3.0;0
SESS-14363;2026-08-17 12:36:00;USR-1741;21;VIP;5;850;1000;Cash;Dota 2;4.5;0
SESS-13962;2026-08-14 07:38:00;USR-1580;20;VIP;3;0;600;Card;Minecraft;4.0;0
SESS-10770;2026-08-12 02:45:00;USR-1350;16;Bootcamp;3;0;450;Cash;Valorant;5.0;0
SESS-12165;2026-08-17 18:39:00;USR-1015;16;Standard;1;80;100;Card;Deadlock;4.5;0
SESS-14533;2026-08-05 03:21:00;USR-1581;15;Standard;3;0;300;Card;CS2;4.0;0
SESS-10673;2026-08-31 10:08:00;USR-1771;17;VIP;2;350;400;Cash;Dota 2;4.5;0
SESS-10249;2026-08-21 05:05:00;USR-1397;21;Standard;4;0;400;Card;CS2;4.5;0
SESS-11574;2026-08-03 16:27:00;USR-1306;24;VIP;5;0;1000;App;Minecraft;3.0;0
SESS-13419;2026-08-02 21:44:00;USR-1495;16;VIP;3;0;600;Card;Valorant;5.0;0
SESS-12081;2026-08-09 13:59:00;USR-1018;22;Bootcamp;12;0;1800;Card;Valorant;4.0;0
SESS-11823;2026-08-03 20:45:00;USR-1280;26;PS5;2;0;500;Card;Dota 2;2.0;0
SESS-15029;2026-08-02 20:26:00;USR-1109;16;Bootcamp;1;0;150;Card;Valorant;4.5;0
SESS-14544;2026-08-06 05:28:00;USR-1282;26;Bootcamp;1;370;150;Card;GTA V;5.0;0
SESS-10716;2026-08-04 11:20:00;USR-1352;22;Standard;2;0;200;App;CS2;3.0;0
SESS-15071;2026-08-16 14:20:00;USR-1321;15;Standard;3;600;300;Card;CS2;4.0;0
SESS-12048;2026-08-06 22:35:00;USR-1074;16;Standard;1;0;100;Cash;CS2;2.0;0
SESS-14178;2026-08-24 01:46:00;USR-1047;26;Bootcamp;3;0;450;Card;Dota 2;4.0;0
SESS-12724;2026-08-06 03:15:00;USR-1156;22;Standard;1;200;100;Card;Dota 2;5.0;0
SESS-14915;2026-08-19 09:27:00;USR-1527;20;Bootcamp;4;0;600;Cash;CS2;2.0;0
SESS-11460;2026-08-05 11:55:00;USR-1300;45;Standard;4;320;360;Card;Dota 2;4.5;1
SESS-11668;2026-08-03 20:11:00;USR-1692;17;Standard;1;120;100;Cash;Minecraft;4.5;0
SESS-12756;2026-08-23 04:51:00;USR-1595;32;PS5;3;360;750;App;CS2;5.0;0
SESS-12000;2026-08-13 16:08:00;USR-1035;15;Standard;4;800;360;Card;Dota 2;4.5;1
SESS-14571;2026-08-14 05:47:00;USR-1310;19;PS5;2;100;500;Card;Valorant;5.0;0
SESS-14613;2026-08-29 03:17:00;USR-1037;21;Bootcamp;4;0;600;Card;GTA V;4.0;0
SESS-10404;2026-08-29 16:53:00;USR-1418;39;Bootcamp;1;300;135;Card;CS2;3.0;1
SESS-10384;2026-08-03 16:53:00;USR-1138;18;Bootcamp;4;0;600;App;CS2;2.0;0
SESS-14884;2026-08-21 07:02:00;USR-1598;21;Standard;2;100;200;Card;CS2;5.0;0
SESS-12152;2026-08-27 13:12:00;USR-1662;14;Standard;4;0;400;Card;Dota 2;5.0;0
SESS-11633;2026-08-07 15:55:00;USR-1035;15;VIP;4;900;800;Card;CS2;1.0;0
SESS-14980;2026-08-07 05:17:00;USR-1506;15;Standard;1;0;90;Card;Dota 2;4.0;1
SESS-14784;2026-08-03 08:52:00;USR-1508;14;Standard;2;0;200;App;Dota 2;5.0;0
SESS-13925;2026-08-20 11:49:00;USR-1221;21;Bootcamp;1;0;150;Card;CS2;4.0;0
SESS-14158;2026-08-11 02:01:00;USR-1497;25;Standard;2;0;200;Card;CS2;4.0;0
SESS-10223;2026-08-11 04:11:00;USR-1507;14;VIP;3;610;600;Card;Minecraft;5.0;0
SESS-12193;2026-08-17 03:33:00;USR-1470;23;Standard;2;0;200;App;Deadlock;5.0;0
SESS-13136;2026-08-26 20:48:00;USR-1212;22;Bootcamp;2;0;270;Card;CS2;3.0;1
SESS-14469;2026-08-22 00:46:00;USR-1392;19;Standard;3;360;300;Card;CS2;4.0;0
SESS-11824;2026-08-23 00:09:00;USR-1692;17;PS5;2;0;500;App;Valorant;2.0;0
SESS-14995;2026-08-21 20:13:00;USR-1357;34;VIP;2;0;400;App;GTA V;4.5;0
SESS-10797;2026-08-30 20:47:00;USR-1328;38;Standard;3;0;300;App;Valorant;;0
SESS-12871;2026-08-27 23:59:00;USR-1134;16;Standard;3;0;300;Card;Valorant;3.0;0
SESS-10009;2026-08-19 11:25:00;USR-1491;21;VIP;2;0;400;Cash;GTA V;4.5;0
SESS-11944;2026-08-26 08:00:00;USR-1639;24;Standard;12;960;1200;App;Dota 2;4.5;0
SESS-11838;2026-08-17 10:46:00;USR-1130;26;Bootcamp;2;0;300;App;Valorant;4.5;0
SESS-14804;2026-08-16 01:54:00;USR-1053;20;Bootcamp;4;0;600;Card;GTA V;4.5;0
SESS-10255;2026-08-09 17:02:00;USR-1504;23;VIP;1;0;200;App;Dota 2;3.0;0
SESS-14485;2026-08-07 20:30:00;USR-1159;25;Standard;3;0;300;Card;CS2;4.0;0
SESS-14900;2026-08-10 10:36:00;USR-1059;16;Bootcamp;2;0;300;Cash;Valorant;4.5;0
SESS-11581;2026-08-19 09:03:00;USR-1585;19;Bootcamp;3;700;450;Card;Deadlock;4.0;0
SESS-12956;2026-08-13 06:23:00;USR-1528;16;PS5;2;0;500;Card;Valorant;4.5;0
SESS-10924;2026-08-24 19:12:00;USR-1122;22;Standard;4;0;400;Card;Deadlock;3.0;0
SESS-14817;2026-08-29 17:51:00;USR-1679;41;Standard;2;160;200;Card;Deadlock;5.0;0
SESS-12508;2026-08-03 01:08:00;USR-1288;16;Standard;5;400;450;Card;GTA V;5.0;1
SESS-13775;2026-08-17 05:05:00;USR-1228;17;Bootcamp;1;0;150;App;CS2;3.0;0
SESS-14136;2026-08-24 14:29:00;USR-1647;22;Standard;4;480;360;Cash;Dota 2;4.0;1
SESS-12779;2026-08-24 16:35:00;USR-1205;22;VIP;3;0;600;Card;Deadlock;4.5;0
SESS-10539;2026-08-01 12:35:00;USR-1704;41;Bootcamp;2;0;300;Card;Minecraft;3.0;0
SESS-12745;2026-08-12 04:02:00;USR-1094;29;Standard;2;0;200;Card;CS2;4.5;0
SESS-14890;2026-08-20 02:28:00;USR-1404;23;Standard;3;0;300;Cash;Dota 2;3.0;0
SESS-14965;2026-08-29 08:33:00;USR-1009;34;Bootcamp;3;0;450;Card;PUBG;4.5;0
SESS-11145;2026-08-27 09:33:00;USR-1137;31;Bootcamp;3;460;450;Card;Valorant;4.0;0
SESS-14468;2026-08-03 23:43:00;USR-1683;15;Standard;1;0;90;Card;Valorant;4.0;1
SESS-10667;2026-08-22 17:25:00;USR-1215;15;Bootcamp;2;200;300;Card;Dota 2;3.0;0
SESS-13019;2026-08-29 14:30:00;USR-1746;24;Bootcamp;3;850;450;App;Dota 2;4.0;0
SESS-10357;2026-08-27 23:01:00;USR-1232;20;Standard;2;0;200;Card;CS2;4.5;0
SESS-12831;2026-08-04 19:08:00;USR-1061;18;PS5;1;80;250;Card;CS2;4.0;0
SESS-12783;2026-08-28 16:39:00;USR-1773;23;Standard;5;0;500;Cash;Dota 2;4.0;0
SESS-11353;2026-08-20 13:55:00;USR-1558;19;Standard;4;0;400;Card;CS2;3.0;0
SESS-10470;2026-08-29 01:01:00;USR-1687;20;PS5;1;120;250;Card;Dota 2;4.5;0
SESS-12703;2026-08-10 17:10:00;USR-1767;16;Standard;3;0;300;Card;PUBG;4.0;0
SESS-13330;2026-08-07 03:16:00;USR-1001;26;Standard;2;0;200;Card;CS2;5.0;0
SESS-13637;2026-08-22 14:38:00;USR-1244;19;Standard;5;0;500;Card;CS2;2.0;0
SESS-11396;2026-08-09 13:43:00;USR-1119;24;Bootcamp;4;300;540;Cash;CS2;5.0;1
SESS-13584;2026-08-07 10:31:00;USR-1489;25;PS5;2;100;500;App;Minecraft;3.0;0
SESS-14878;2026-08-22 06:49:00;USR-1053;20;Standard;2;0;200;Cash;Valorant;2.0;0
SESS-13376;2026-08-28 02:37:00;USR-1464;25;Standard;1;0;100;Card;Valorant;3.0;0
SESS-11256;2026-08-14 13:50:00;USR-1131;26;Standard;3;360;300;Card;Minecraft;5.0;0
SESS-13512;2026-08-15 09:03:00;USR-1045;19;Standard;3;240;300;Cash;Valorant;3.0;0
SESS-11250;2026-08-05 21:25:00;USR-1360;15;Standard;3;150;270;Cash;CS2;3.0;1
SESS-15220;2026-08-14 18:52:00;USR-1598;21;Standard;4;0;400;App;PUBG;4.5;0
SESS-14298;2026-08-09 08:44:00;USR-1460;24;VIP;3;850;540;App;Deadlock;2.0;1
SESS-13284;2026-08-16 14:17:00;USR-1168;24;Bootcamp;1;370;150;App;Valorant;5.0;0
SESS-12933;2026-08-17 16:00:00;USR-1420;22;VIP;1;0;200;Card;CS2;5.0;0
SESS-14175;2026-08-24 19:54:00;USR-1594;18;Standard;3;0;300;App;CS2;4.0;0
SESS-11852;2026-08-18 01:45:00;USR-1651;22;VIP;3;0;600;Card;Deadlock;4.0;0
SESS-15083;2026-08-14 02:48:00;USR-1691;19;Standard;3;360;300;App;Valorant;4.0;0
SESS-15286;2026-08-05 22:43:00;USR-1716;17;Standard;3;0;300;Card;Dota 2;4.0;0
SESS-12105;2026-08-24 12:04:00;USR-1608;27;Bootcamp;3;0;450;Card;Deadlock;4.0;0
SESS-10133;2026-08-01 17:02:00;USR-1166;20;Standard;3;150;300;Card;Valorant;4.5;0
SESS-10928;2026-08-07 08:45:00;USR-1325;15;VIP;8;0;1600;Card;CS2;4.5;0
SESS-10823;2026-08-20 22:52:00;USR-1751;22;Standard;4;0;400;App;CS2;4.0;0
SESS-14937;2026-08-26 12:38:00;USR-1439;23;Standard;2;0;200;Card;Valorant;5.0;0
SESS-11531;2026-08-11 21:30:00;USR-1327;16;Standard;2;0;200;Card;CS2;4.0;0
SESS-11214;2026-08-23 12:51:00;USR-1512;25;Standard;1;0;100;App;CS2;1.0;0
SESS-10504;2026-08-12 12:59:00;USR-1676;24;Standard;3;0;300;Card;Dota 2;5.0;0
SESS-14285;2026-08-14 18:16:00;USR-1218;26;Standard;1;120;100;Cash;Valorant;2.0;0
SESS-11996;2026-08-02 17:37:00;USR-1742;15;VIP;2;490;400;App;CS2;4.0;0
SESS-13072;2026-08-09 06:00:00;USR-1415;23;Standard;1;120;100;Card;CS2;4.5;0
SESS-11958;2026-08-04 13:10:00;USR-1361;23;Standard;1;50;100;Card;CS2;3.0;0
SESS-11384;2026-08-01 16:02:00;USR-1185;27;PS5;4;0;900;Card;GTA V;4.0;1
SESS-10894;2026-08-18 12:41:00;USR-1386;29;Standard;2;100;200;Card;Valorant;3.0;0
SESS-10455;2026-08-22 17:50:00;USR-1669;20;PS5;2;0;500;Cash;Minecraft;5.0;0
SESS-15035;2026-08-25 01:24:00;USR-1445;22;Bootcamp;3;400;450;Card;Dota 2;4.0;0
SESS-13709;2026-08-08 12:44:00;USR-1006;31;Standard;3;0;300;Card;CS2;4.5;0
SESS-15014;2026-08-19 18:58:00;USR-1097;21;VIP;3;400;540;Card;Minecraft;5.0;1
SESS-14849;2026-08-09 14:22:00;USR-1351;35;Standard;4;0;400;App;Valorant;4.0;0
SESS-14748;2026-08-18 17:59:00;USR-1771;17;Bootcamp;1;0;150;Card;Deadlock;4.0;0
SESS-14268;2026-08-24 10:10:00;USR-1184;15;PS5;12;0;3000;App;PUBG;4.0;0
SESS-13522;2026-08-21 09:14:00;USR-1507;14;PS5;1;0;250;Card;Dota 2;4.5;0
SESS-14134;2026-08-21 17:08:00;USR-1764;23;Standard;1;0;100;App;Apex Legends;5.0;0
SESS-13602;2026-08-08 11:40:00;USR-1160;16;Standard;3;0;300;App;Dota 2;4.5;0
SESS-10713;2026-08-20 04:57:00;USR-1125;23;Bootcamp;3;0;405;Card;Dota 2;1.0;1
SESS-14186;2026-08-10 10:24:00;USR-1728;22;Bootcamp;2;410;300;Card;Minecraft;2.0;0
SESS-12214;2026-08-25 00:35:00;USR-1241;25;PS5;4;200;1000;Card;GTA V;5.0;0
SESS-12923;2026-08-03 16:29:00;USR-1272;16;Standard;3;150;270;App;Dota 2;5.0;1
SESS-11810;2026-08-06 21:26:00;USR-1160;16;VIP;2;0;400;App;Deadlock;4.0;0
SESS-13486;2026-08-29 10:26:00;USR-1041;20;Standard;4;800;400;Card;Valorant;5.0;0
SESS-13141;2026-08-22 15:12:00;USR-1090;20;Standard;5;400;500;Card;Dota 2;5.0;0
SESS-11827;2026-08-12 08:20:00;USR-1650;36;Standard;2;0;200;App;CS2;2.0;0
SESS-11155;2026-08-26 16:01:00;USR-1312;15;Standard;8;400;800;Card;Minecraft;4.0;0
SESS-11324;2026-08-23 19:35:00;USR-1600;20;Standard;3;150;300;Cash;PUBG;4.0;0
SESS-14312;2026-08-25 21:08:00;USR-1431;19;VIP;1;450;200;Card;CS2;2.0;0
SESS-10510;2026-08-21 17:05:00;USR-1336;14;Standard;3;0;300;Card;Dota 2;4.5;0
SESS-11680;2026-08-04 05:42:00;USR-1549;23;Bootcamp;3;0;450;App;Deadlock;3.0;0
SESS-10499;2026-08-23 09:33:00;USR-1285;25;VIP;2;0;400;Card;Minecraft;4.5;0
SESS-14930;2026-08-25 03:08:00;USR-1754;19;Standard;5;600;450;App;CS2;4.5;1
SESS-11856;2026-08-15 14:20:00;USR-1008;14;VIP;1;450;200;Card;CS2;5.0;0
SESS-11388;2026-08-24 18:29:00;USR-1198;31;Standard;2;100;200;Card;Apex Legends;4.0;0
SESS-13719;2026-08-20 09:28:00;USR-1408;20;VIP;4;0;800;App;CS2;3.0;0
SESS-12386;2026-08-09 19:21:00;USR-1581;15;Standard;2;160;200;Card;Valorant;4.5;0
SESS-13236;2026-08-24 14:19:00;USR-1614;22;Standard;3;600;300;Card;CS2;2.0;0
SESS-11540;2026-08-28 20:33:00;USR-1682;14;Standard;3;0;300;App;GTA V;2.0;0
SESS-11217;2026-08-14 01:23:00;USR-1469;16;Standard;2;100;200;Card;CS2;4.0;0
SESS-12681;2026-08-25 23:16:00;USR-1407;24;Standard;5;0;450;Card;Minecraft;4.5;1
SESS-12993;2026-08-17 21:10:00;USR-1431;19;Standard;4;0;400;Card;Apex Legends;3.0;0
SESS-11191;2026-08-08 00:38:00;USR-1452;19;Standard;1;120;90;Card;CS2;4.0;1
SESS-11542;2026-08-23 03:08:00;USR-1653;15;VIP;3;460;540;App;Dota 2;4.0;1
SESS-13301;2026-08-17 05:37:00;USR-1241;25;Standard;2;0;180;Card;Dota 2;5.0;1
SESS-13324;2026-08-05 22:01:00;USR-1529;29;Standard;2;0;180;App;Valorant;4.0;1
SESS-12539;2026-08-24 20:25:00;USR-1284;20;Standard;2;0;200;Card;Deadlock;5.0;0
SESS-10953;2026-08-18 02:31:00;USR-1438;16;Standard;4;0;400;Card;Dota 2;3.0;0
SESS-14846;2026-08-05 21:58:00;USR-1644;22;Standard;2;400;180;Card;Dota 2;3.0;1
SESS-14330;2026-08-16 05:26:00;USR-1203;21;Standard;1;0;100;App;Dota 2;4.5;0
SESS-10732;2026-08-29 04:57:00;USR-1188;16;Bootcamp;1;0;135;Card;CS2;4.5;1
SESS-11156;2026-08-07 03:45:00;USR-1628;23;PS5;3;0;750;Card;Apex Legends;5.0;0
SESS-15034;2026-08-13 21:56:00;USR-1470;23;Standard;3;600;300;Card;CS2;5.0;0
SESS-13294;2026-08-29 15:08:00;USR-1577;24;Standard;4;0;360;Card;Valorant;5.0;1
SESS-12982;2026-08-27 06:18:00;USR-1644;22;Standard;4;0;400;App;CS2;2.0;0
SESS-12156;2026-08-18 07:58:00;USR-1465;14;Standard;3;0;300;App;Apex Legends;4.0;0
SESS-11062;2026-08-30 02:08:00;USR-1349;15;Standard;1;200;100;Card;CS2;4.0;0
SESS-12616;2026-08-07 05:06:00;USR-1541;26;Standard;8;0;720;Card;CS2;4.5;1
SESS-11167;2026-08-27 05:46:00;USR-1281;16;Standard;1;0;100;App;Valorant;4.0;0
SESS-13222;2026-08-07 20:31:00;USR-1676;24;Bootcamp;2;200;300;Card;Minecraft;4.5;0
SESS-13636;2026-08-23 08:08:00;USR-1100;17;PS5;5;0;1250;Card;Dota 2;5.0;0
SESS-12938;2026-08-10 02:22:00;USR-1705;27;Standard;8;640;800;App;CS2;4.5;0
SESS-14491;2026-08-21 20:35:00;USR-1726;25;Standard;3;600;300;App;CS2;4.5;0
SESS-13140;2026-08-22 17:53:00;USR-1239;24;VIP;2;0;400;Card;CS2;5.0;0
SESS-10143;2026-08-16 16:33:00;USR-1191;16;Bootcamp;2;200;270;Card;CS2;1.0;1
SESS-13577;2026-08-11 01:10:00;USR-1196;23;Standard;2;0;200;Card;CS2;2.0;0
SESS-12782;2026-08-27 21:53:00;USR-1406;20;Standard;3;0;300;Card;Minecraft;4.0;0
SESS-10717;2026-08-31 15:33:00;USR-1016;19;Standard;2;0;200;Card;Deadlock;4.5;0
SESS-11819;2026-08-05 12:56:00;USR-1162;17;VIP;1;0;180;Card;Dota 2;5.0;1
SESS-12502;2026-08-16 06:59:00;USR-1245;23;Standard;4;0;400;App;Dota 2;4.5;0
SESS-14360;2026-08-31 16:01:00;USR-1314;17;Standard;3;240;300;Card;Valorant;4.0;0
SESS-14171;2026-08-20 17:25:00;USR-1031;21;Standard;1;0;100;Card;Dota 2;5.0;0
SESS-10395;2026-08-31 20:45:00;USR-1269;23;Bootcamp;2;0;300;App;CS2;4.5;0
SESS-15251;2026-08-13 10:02:00;USR-1462;20;Bootcamp;2;350;300;App;CS2;5.0;0
SESS-14492;2026-08-16 12:17:00;USR-1271;25;Standard;2;0;200;Cash;Apex Legends;5.0;0
SESS-11365;2026-08-03 19:50:00;USR-1046;17;Bootcamp;8;1060;1200;Cash;Minecraft;5.0;0
SESS-14952;2026-08-12 12:02:00;USR-1598;21;Standard;1;200;90;App;Valorant;4.5;1
SESS-10595;2026-08-12 06:06:00;USR-1108;21;Standard;3;0;300;;CS2;4.0;0
SESS-13952;2026-08-01 05:36:00;USR-1659;19;VIP;4;0;800;Card;Dota 2;4.5;0
SESS-12914;2026-08-12 17:30:00;USR-1320;24;Standard;4;800;400;Card;CS2;5.0;0
SESS-12326;2026-08-18 04:08:00;USR-1358;15;Standard;8;400;720;Card;CS2;5.0;1
SESS-13766;2026-08-26 06:25:00;USR-1557;22;Standard;4;0;400;Card;Deadlock;4.5;0
SESS-13440;2026-08-12 05:24:00;USR-1151;17;PS5;5;400;1250;Card;PUBG;4.5;0
SESS-13851;2026-08-19 08:42:00;USR-1252;20;Bootcamp;12;0;1800;Card;CS2;3.0;0
SESS-14132;2026-08-07 13:56:00;USR-1647;22;PS5;12;0;2700;Card;Dota 2;5.0;1
SESS-14985;2026-08-04 08:18:00;USR-1061;18;Standard;1;120;100;Cash;CS2;4.0;0
SESS-12143;2026-08-27 01:57:00;USR-1655;17;Standard;5;1000;500;Card;Valorant;4.0;0
SESS-11571;2026-08-28 16:24:00;USR-1629;15;Bootcamp;3;0;450;Card;CS2;3.0;0
SESS-14079;2026-08-08 06:18:00;USR-1256;20;Standard;1;0;100;Card;Valorant;4.0;0
SESS-11122;2026-08-08 22:43:00;USR-1745;22;Bootcamp;4;1050;600;Card;Dota 2;5.0;0
SESS-12786;2026-08-24 16:32:00;USR-1369;23;VIP;2;650;400;Card;PUBG;4.5;0
SESS-12967;2026-08-14 07:03:00;USR-1188;16;PS5;2;100;500;Card;CS2;4.0;0
SESS-12504;2026-08-23 12:16:00;USR-1759;24;Bootcamp;1;180;150;Card;CS2;4.0;0
SESS-13465;2026-08-14 18:33:00;USR-1092;21;Standard;4;0;400;App;CS2;3.0;0
SESS-10675;2026-08-13 23:04:00;USR-1737;26;Standard;2;100;200;App;CS2;3.0;0
SESS-12808;2026-08-01 05:05:00;USR-1451;16;Standard;3;0;300;Card;Deadlock;4.5;0
SESS-13348;2026-08-14 00:17:00;USR-1135;22;VIP;1;0;200;Card;CS2;5.0;0
SESS-10728;2026-08-22 05:37:00;USR-1462;20;Standard;4;320;400;Card;Valorant;4.0;0
SESS-10412;2026-08-01 22:51:00;USR-1172;25;Bootcamp;3;460;450;Card;CS2;4.5;0
SESS-13146;2026-08-08 11:27:00;USR-1303;22;Standard;3;0;300;Card;Valorant;4.0;0
SESS-11516;2026-08-20 04:30:00;USR-1306;24;Bootcamp;1;0;135;Card;GTA V;4.0;1
SESS-10825;2026-08-10 18:29:00;USR-1275;16;Bootcamp;2;0;270;Card;Dota 2;5.0;1
SESS-13267;2026-08-01 04:47:00;USR-1604;25;Standard;2;0;200;Card;CS2;4.5;0
SESS-13974;2026-08-27 20:39:00;USR-1510;26;Bootcamp;3;340;450;Card;Dota 2;4.5;0
SESS-10616;2026-08-28 09:29:00;USR-1330;18;PS5;4;0;1000;App;PUBG;4.5;0
SESS-10114;2026-08-21 01:49:00;USR-1050;22;Standard;8;0;800;App;Deadlock;4.0;0
SESS-10417;2026-08-23 02:25:00;USR-1525;15;Bootcamp;2;0;300;Card;CS2;4.0;0
SESS-13069;2026-08-17 14:45:00;USR-1298;15;Standard;2;100;200;Card;Valorant;4.5;0
SESS-11625;2026-08-15 17:44:00;USR-1340;21;Standard;2;0;200;Card;CS2;4.5;0
SESS-15377;2026-08-31 05:58:00;USR-1353;18;PS5;1;120;250;Card;CS2;3.0;0
SESS-14185;2026-08-23 22:17:00;USR-1212;22;VIP;4;450;720;Card;GTA V;3.0;1
SESS-12896;2026-08-14 12:25:00;USR-1355;28;Standard;3;150;300;Card;Dota 2;4.5;0
SESS-15074;2026-08-23 09:50:00;USR-1785;18;Bootcamp;2;410;270;Card;CS2;4.0;1
SESS-12082;2026-08-14 07:25:00;USR-1646;22;Bootcamp;2;410;300;Card;CS2;4.0;0
SESS-10753;2026-08-10 09:28:00;USR-1338;30;Standard;3;600;270;Card;CS2;4.0;1
SESS-12546;2026-08-05 09:23:00;USR-1513;15;Bootcamp;5;0;750;Cash;CS2;4.0;0
SESS-13969;2026-08-30 08:45:00;USR-1133;15;Standard;1;80;100;App;Valorant;4.0;0
SESS-13373;2026-08-06 04:33:00;USR-1145;21;Standard;1;0;100;Card;Apex Legends;4.5;0
SESS-14107;2026-08-07 10:44:00;USR-1746;24;Standard;3;0;300;App;Minecraft;5.0;0
SESS-12444;2026-08-03 08:05:00;USR-1522;16;Standard;2;400;200;Card;Dota 2;3.0;0
SESS-14380;2026-08-25 21:24:00;USR-1283;15;PS5;2;400;450;Cash;CS2;5.0;1
SESS-11066;2026-08-12 00:48:00;USR-1714;15;PS5;2;160;500;Cash;Dota 2;3.0;0
SESS-13913;2026-08-24 02:34:00;USR-1483;17;Bootcamp;2;0;300;App;CS2;4.5;0
SESS-13498;2026-08-11 21:02:00;USR-1324;19;VIP;4;0;720;App;CS2;4.0;1
SESS-12738;2026-08-02 16:16:00;USR-1416;23;Standard;4;0;400;Card;CS2;4.0;0
SESS-14000;2026-08-18 09:58:00;USR-1481;21;Bootcamp;3;490;450;Card;CS2;4.0;0
SESS-11568;2026-08-08 13:44:00;USR-1481;21;Standard;3;0;300;Cash;Minecraft;5.0;0
SESS-12427;2026-08-13 20:03:00;USR-1579;40;PS5;3;150;750;App;Valorant;4.5;0
SESS-13746;2026-08-16 15:43:00;USR-1069;40;Standard;1;0;100;Card;Dota 2;2.0;0
SESS-15038;2026-08-05 07:27:00;USR-1025;16;VIP;1;0;200;Card;Minecraft;2.0;0
SESS-11687;2026-08-06 06:52:00;USR-1181;24;Standard;5;1000;450;Card;Dota 2;5.0;1
SESS-10851;2026-08-06 03:35:00;USR-1796;36;Standard;12;1440;1200;Card;CS2;5.0;0
SESS-13546;2026-08-11 10:04:00;USR-1437;14;Bootcamp;4;0;600;App;CS2;5.0;0
SESS-10895;2026-08-11 07:18:00;USR-1302;27;Standard;8;960;720;Card;GTA V;1.0;1
SESS-14592;2026-08-16 09:29:00;USR-1564;34;Standard;1;50;100;Cash;Minecraft;4.0;0
SESS-10335;2026-08-02 12:55:00;USR-1723;31;Standard;2;0;200;Card;Apex Legends;4.5;0
SESS-12839;2026-08-29 11:20:00;USR-1724;27;Bootcamp;2;340;300;Card;GTA V;4.0;0
SESS-13087;2026-08-08 04:12:00;USR-1026;25;Standard;2;400;180;App;CS2;4.0;1
SESS-14611;2026-08-28 14:08:00;USR-1064;31;Standard;1;0;100;App;CS2;4.0;0
SESS-11348;2026-08-12 07:41:00;USR-1742;15;Standard;1;120;100;Cash;Dota 2;4.0;0
SESS-11015;2026-08-25 13:36:00;USR-1266;23;VIP;2;410;360;Card;Dota 2;4.5;1
SESS-12816;2026-08-15 05:21:00;USR-1126;23;Standard;1;0;100;App;Dota 2;4.0;0
SESS-11631;2026-08-30 20:19:00;USR-1427;24;Bootcamp;2;410;300;Card;CS2;4.5;0
SESS-12489;2026-08-30 08:20:00;USR-1570;19;VIP;1;180;180;Card;CS2;4.0;1
SESS-13730;2026-08-12 11:40:00;USR-1786;37;Standard;3;0;300;Card;Deadlock;5.0;0
SESS-13251;2026-08-22 08:07:00;USR-1608;27;Standard;8;0;800;Card;Valorant;4.0;0
SESS-15032;2026-08-25 01:50:00;USR-1400;20;VIP;3;400;600;Cash;CS2;4.5;0
SESS-12070;2026-08-29 18:38:00;USR-1477;24;Standard;3;240;300;Card;Dota 2;3.0;0
SESS-14452;2026-08-15 21:57:00;USR-1395;19;Bootcamp;3;850;450;Card;CS2;5.0;0
SESS-15302;2026-08-21 09:57:00;USR-1471;16;Bootcamp;3;700;450;Card;CS2;2.0;0
SESS-11635;2026-08-27 06:03:00;USR-1543;21;Bootcamp;2;0;300;Card;Dota 2;4.5;0
SESS-14646;2026-08-12 21:01:00;USR-1498;26;Bootcamp;4;300;600;Card;Apex Legends;4.0;0
SESS-12479;2026-08-01 12:41:00;USR-1289;19;Standard;1;200;100;App;Valorant;5.0;0
SESS-12265;2026-08-13 02:58:00;USR-1351;35;VIP;1;0;200;Card;Apex Legends;2.0;0
SESS-12959;2026-08-13 08:08:00;USR-1152;34;PS5;1;80;250;App;Dota 2;3.0;0
SESS-15140;2026-08-09 11:44:00;USR-1647;22;Standard;1;120;90;Card;Dota 2;4.5;1
SESS-13059;2026-08-26 15:49:00;USR-1212;22;PS5;2;160;500;App;CS2;4.5;0
SESS-12141;2026-08-16 17:33:00;USR-1148;25;VIP;1;220;200;Card;Deadlock;1.0;0
SESS-13118;2026-08-20 03:14:00;USR-1700;17;Standard;2;0;200;App;CS2;4.0;0
SESS-15133;2026-08-01 00:43:00;USR-1633;21;VIP;3;250;600;Card;Deadlock;4.0;0
SESS-14045;2026-08-21 23:11:00;USR-1545;26;Bootcamp;3;340;450;Card;CS2;4.0;0
SESS-13356;2026-08-16 06:30:00;USR-1394;19;Standard;3;0;270;Card;Minecraft;4.5;1
SESS-12744;2026-08-01 07:36:00;USR-1791;14;Standard;12;960;1200;Card;CS2;5.0;0
SESS-13506;2026-08-20 00:59:00;USR-1610;15;Standard;8;640;720;Card;Dota 2;5.0;1
SESS-11679;2026-08-23 03:10:00;USR-1296;18;Standard;12;600;1200;Card;CS2;3.0;0
SESS-14249;2026-08-11 12:00:00;USR-1196;23;Standard;3;0;300;Card;GTA V;5.0;0
SESS-13147;2026-08-02 01:07:00;USR-1758;17;Standard;1;80;100;Card;CS2;4.0;0
SESS-12294;2026-08-05 15:39:00;USR-1211;17;Bootcamp;2;350;270;App;CS2;4.5;1
SESS-10580;2026-08-17 10:04:00;USR-1433;34;Bootcamp;2;350;300;Card;CS2;4.5;0
SESS-11470;2026-08-04 11:00:00;USR-1626;15;Standard;3;240;300;Card;Minecraft;5.0;0
SESS-14799;2026-08-22 21:38:00;USR-1298;15;Standard;3;600;300;App;PUBG;4.0;0
SESS-14070;2026-08-03 18:42:00;USR-1783;16;Bootcamp;2;0;300;Card;Apex Legends;4.5;0
SESS-13343;2026-08-12 07:03:00;USR-1115;14;Standard;2;0;200;Card;Valorant;5.0;0
SESS-14992;2026-08-23 19:57:00;USR-1497;25;Standard;2;0;200;Card;CS2;5.0;0
SESS-14583;2026-08-18 19:40:00;USR-1139;25;Standard;2;0;200;Card;CS2;4.0;0
SESS-13672;2026-08-05 00:45:00;USR-1428;24;Standard;3;360;300;App;Deadlock;3.0;0
SESS-10559;2026-08-24 01:21:00;USR-1665;24;PS5;4;0;1000;Card;Valorant;4.0;0
SESS-12849;2026-08-14 15:26:00;USR-1014;24;Standard;8;400;800;Card;Dota 2;4.0;0
SESS-10512;2026-08-03 14:00:00;USR-1446;15;Standard;2;0;180;Card;Dota 2;4.0;1
SESS-14729;2026-08-17 22:43:00;USR-1449;32;Bootcamp;2;260;270;App;CS2;2.0;1
SESS-11081;2026-08-15 12:49:00;USR-1224;17;Standard;1;120;100;App;Dota 2;5.0;0
SESS-11664;2026-08-24 08:24:00;USR-1670;18;VIP;1;0;200;Card;Minecraft;5.0;0
SESS-11012;2026-08-20 09:28:00;USR-1431;19;VIP ;3;150;300;Card;CS2;5.0;0
SESS-11931;2026-08-21 00:15:00;USR-1315;17;Standard;1;0;100;Card;Dota 2;4.0;0
SESS-11150;2026-08-11 16:17:00;USR-1176;19;Standard;3;0;300;Card;CS2;1.0;0
SESS-12838;2026-08-15 02:21:00;USR-1796;36;VIP;3;610;540;Card;CS2;5.0;1
SESS-10116;2026-08-10 22:59:00;USR-1004;25;Standard;1;0;100;Card;Dota 2;4.0;0
SESS-10740;2026-08-02 18:09:00;USR-1589;28;VIP;1;0;200;Card;CS2;4.0;0
SESS-15219;2026-08-12 22:47:00;USR-1215;15;Standard;3;0;270;Cash;Valorant;5.0;1
SESS-13675;2026-08-04 15:32:00;USR-1413;26;VIP;1;0;200;Card;CS2;3.0;0
SESS-10830;2026-08-28 22:01:00;USR-1063;24;Standard;2;0;200;Card;Valorant;1.0;0
SESS-10119;2026-08-28 10:13:00;USR-1531;25;Bootcamp;3;490;450;Card;Dota 2;4.5;0
SESS-14752;2026-08-11 18:49:00;USR-1442;30;Standard;2;400;200;Card;Valorant;3.0;0
SESS-11894;2026-08-10 22:40:00;USR-1794;23;Standard;3;0;300;App;PUBG;4.5;0
SESS-15148;2026-08-14 16:15:00;USR-1144;20;VIP;1;370;200;Cash;CS2;4.0;0
SESS-10635;2026-08-30 08:23:00;USR-1690;31;Standard;3;240;300;;CS2;5.0;0
SESS-14465;2026-08-31 18:52:00;USR-1468;15;Standard;3;360;270;Card;CS2;4.0;1
SESS-14364;2026-08-18 10:10:00;USR-1546;21;Standard;2;0;180;Card;Apex Legends;5.0;1
SESS-14142;2026-08-20 06:58:00;USR-1713;30;Standard;3;0;300;Card;CS2;4.5;0
SESS-10991;2026-08-26 10:43:00;USR-1672;19;Standard;2;400;200;Cash;Minecraft;5.0;0
SESS-10876;2026-08-08 03:53:00;USR-1543;21;Bootcamp;1;150;150;Card;CS2;4.0;0
SESS-14869;2026-08-07 12:07:00;USR-1504;23;Standard;2;240;200;Card;CS2;1.0;0
SESS-10004;2026-08-02 23:17:00;USR-1373;18;Standard;12;960;1080;Card;CS2;4.0;1
SESS-13051;2026-08-11 19:45:00;USR-1766;21;Standard;5;0;500;Card;Minecraft;2.0;0
SESS-13124;2026-08-22 21:44:00;USR-1724;27;Standard;1;0;90;Cash;Deadlock;4.5;1
SESS-12660;2026-08-06 19:14:00;USR-1596;24;VIP;2;0;400;Card;CS2;3.0;0
SESS-12491;2026-08-06 00:11:00;USR-1567;20; standard ;1;370;200;App;CS2;3.0;0
SESS-13854;2026-08-20 05:57:00;USR-1184;15;Standard;2;400;200;Card;CS2;4.5;0
SESS-14933;2026-08-10 02:04:00;USR-1726;25;Standard;5;0;450;Card;CS2;2.0;1
SESS-14777;2026-08-02 12:43:00;USR-1522;16;Standard;2;240;200;Card;CS2;2.0;0
SESS-11715;2026-08-22 18:35:00;USR-1276;22;Bootcamp;3;490;450;Card;CS2;3.0;0
SESS-11148;2026-08-31 02:46:00;USR-1572;26;PS5;3;150;750;Card;Dota 2;4.5;0
SESS-13261;2026-08-25 11:21:00;USR-1348;15;Standard;12;0;1080;App;Dota 2;5.0;1
SESS-10574;2026-08-11 05:52:00;USR-1581;15;VIP;2;650;400;App;Valorant;5.0;0
SESS-13769;2026-08-28 15:07:00;USR-1359;21;Standard;1;0;100;Card;Dota 2;4.5;0
SESS-13736;2026-08-09 14:53:00;USR-1680;29;VIP;2;350;400;Card;Valorant;4.5;0
SESS-14146;2026-08-30 10:55:00;USR-1600;20;Standard;12;1440;1200;App;CS2;4.0;0
SESS-10853;2026-08-01 07:24:00;USR-1108;21;VIP;2;490;360;Card;Minecraft;4.0;1
SESS-11982;2026-08-27 07:01:00;USR-1524;29;Standard;3;0;300;App;Minecraft;4.0;0
SESS-12774;2026-08-19 17:06:00;USR-1340;21;VIP;1;0;200;App;Dota 2;5.0;0
SESS-14929;2026-08-10 16:37:00;USR-1241;25;VIP;1;0;200;;CS2;4.0;0
SESS-11166;2026-08-13 21:10:00;USR-1594;18;Bootcamp;2;490;270;Card;Dota 2;4.0;1
SESS-10971;2026-08-13 03:34:00;USR-1378;22;Bootcamp;4;730;600;Card;Dota 2;4.0;0
SESS-12701;2026-08-31 15:01:00;USR-1032;21;Standard;2;100;200;Card;Dota 2;4.0;0
SESS-14495;2026-08-26 09:17:00;USR-1414;22;Standard;1;0;100;Card;Valorant;3.0;0
SESS-13847;2026-08-08 20:19:00;USR-1760;20;PS5;3;240;750;App;Dota 2;4.0;0
SESS-12368;2026-08-16 03:34:00;USR-1019;25;Standard;2;0;200;Card;Cyberpunk 2077;3.0;0
SESS-14115;2026-08-05 11:40:00;USR-1791;14;Standard;12;0;1200;Card;Dota 2;4.5;0
SESS-14780;2026-08-21 10:07:00;USR-1442;30;VIP ;3;600;300;Card;Dota 2;4.5;0
SESS-14131;2026-08-07 07:27:00;USR-1012;17;Bootcamp;8;0;1080;Card;CS2;5.0;1
SESS-12950;2026-08-17 23:52:00;USR-1009;34;VIP;2;350;360;App;CS2;1.0;1
SESS-10524;2026-08-28 10:29:00;USR-1641;24;PS5;2;400;500;Card;CS2;4.0;0
SESS-12455;2026-08-09 12:53:00;USR-1630;21;Standard;2;160;180;App;Dota 2;4.0;1
SESS-15016;2026-08-08 18:31:00;USR-1533;22;Standard;8;0;720;Card;CS2;4.5;1
SESS-11841;2026-08-29 12:19:00;USR-1307;20;Standard;3;0;300;App;PUBG;5.0;0
SESS-10537;2026-08-04 05:50:00;USR-1696;18;Bootcamp;1;450;150;Cash;Dota 2;4.5;0
SESS-12806;2026-08-23 03:26:00;USR-1066;26;Standard;3;0;300;Card;Valorant;5.0;0
SESS-14341;2026-08-08 06:09:00;USR-1113;17;VIP;1;0;200;App;Valorant;4.0;0
SESS-13175;2026-08-26 23:34:00;USR-1147;16;Standard;2;0;200;Card;Minecraft;4.0;0
SESS-10784;2026-08-08 08:30:00;USR-1694;20;Bootcamp;2;340;300;Card;CS2;4.0;0
SESS-14057;2026-08-15 23:45:00;USR-1311;15;Bootcamp;2;650;300;App;Apex Legends;4.5;0
SESS-11409;2026-08-15 11:44:00;USR-1220;20;Standard;2;400;200;Card;PUBG;4.0;0
SESS-12537;2026-08-05 17:49:00;USR-1304;20;Standard;3;360;300;Card;CS2;4.0;0
SESS-10154;2026-08-01 06:00:00;USR-1268;31;Bootcamp;2;260;300;Card;Dota 2;5.0;0
SESS-13009;2026-08-23 22:09:00;USR-1344;21;Standard;4;800;400;Card;CS2;5.0;0
SESS-11686;2026-08-30 16:39:00;USR-1572;26;Standard;1;50;100;Card;CS2;4.5;0
SESS-12901;2026-08-21 00:44:00;USR-1609;16;Bootcamp;4;0;600;App;CS2;5.0;0
SESS-15376;2026-08-25 15:39:00;USR-1428;24;Standard;3;0;300;App;Deadlock;5.0;0
SESS-14721;2026-08-23 08:09:00;USR-1764;23;Bootcamp;4;420;540;Card;GTA V;5.0;1
SESS-13863;2026-08-06 18:50:00;USR-1150;21;VIP;2;650;360;Card;CS2;4.0;1
SESS-12733;2026-08-09 06:04:00;USR-1295;24;PS5;3;0;750;Cash;CS2;4.0;0
SESS-11895;2026-08-10 04:44:00;USR-1459;22;Bootcamp;1;180;150;Card;CS2;4.0;0
SESS-10569;2026-08-17 04:40:00;USR-1359;21;Standard;1;0;100;Card;CS2;5.0;0
SESS-11816;2026-08-07 16:03:00;USR-1643;23;VIP;5;0;1000;Card;Valorant;4.5;0
SESS-12065;2026-08-05 19:45:00;USR-1082;32;PS5;3;0;675;App;Deadlock;2.0;1
SESS-10127;2026-08-06 09:31:00;USR-1329;22;Standard;2;0;200;Card;CS2;5.0;0
SESS-13394;2026-08-18 07:52:00;USR-1250;26;VIP;3;400;600;Card;CS2;4.5;0
SESS-13327;2026-08-29 18:55:00;USR-1648;19;Standard;3;0;270;Card;CS2;4.0;1
SESS-10297;2026-08-22 16:06:00;USR-1270;34;VIP;2;0;360;Card;CS2;4.0;1
SESS-12975;2026-08-15 00:56:00;USR-1568;19;Standard;1;0;100;Card;Minecraft;4.5;0
SESS-10980;2026-08-27 16:59:00;USR-1784;32;PS5;3;240;750;Card;Valorant;4.5;0
SESS-12300;2026-08-24 16:38:00;USR-1035;15;Bootcamp;3;0;450;Card;CS2;4.0;0
SESS-10190;2026-08-04 12:42:00;USR-1167;17;Bootcamp;3;340;405;Card;Minecraft;5.0;1
SESS-11139;2026-08-24 20:12:00;USR-1650;36;Standard;2;160;200;App;CS2;4.0;0
SESS-15088;2026-08-02 10:22:00;USR-1711;34;Bootcamp;5;0;675;Card;CS2;4.0;1
SESS-10699;2026-08-07 02:27:00;USR-1195;19;PS5;1;80;250;Card;Dota 2;5.0;0
SESS-15192;2026-08-20 18:16:00;USR-1402;17;Bootcamp;4;1050;600;Card;Minecraft;4.0;0
SESS-10606;2026-08-21 15:10:00;USR-1102;18;Standard;3;150;300;App;Valorant;4.0;0
SESS-14276;2026-08-25 06:55:00;USR-1072;17;Standard;2;0;180;Cash;Dota 2;4.0;1
SESS-10301;2026-08-16 11:14:00;USR-1379;26;VIP;2;200;360;Card;PUBG;4.0;1
SESS-13420;2026-08-19 20:39:00;USR-1049;22;Standard;8;0;800;App;Valorant;5.0;0
SESS-15233;2026-08-26 07:33:00;USR-1238;20;VIP;3;0;600;Cash;Valorant;5.0;0
SESS-11060;2026-08-20 22:41:00;USR-1661;22;PS5;2;0;500;Card;Valorant;4.5;0
SESS-12565;2026-08-05 02:21:00;USR-1104;16;Bootcamp;2;0;270;App;Valorant;5.0;1
SESS-13657;2026-08-01 03:28:00;USR-1264;16;VIP;1;330;200;Card;CS2;5.0;0
SESS-11069;2026-08-20 18:58:00;USR-1744;22;Bootcamp;1;330;135;Card;Deadlock;4.0;1
SESS-12524;2026-08-21 15:54:00;USR-1303;22;Standard;3;0;270;Card;CS2;4.5;1
SESS-12205;2026-08-27 16:51:00;USR-1797;19;Standard;3;600;270;App;Minecraft;4.5;1
SESS-11243;2026-08-09 04:03:00;USR-1766;21;Bootcamp;2;0;300;Card;Dota 2;4.5;0
SESS-10016;2026-08-14 22:34:00;USR-1620;20;PS5;3;150;750;Card;Deadlock;5.0;0
SESS-13120;2026-08-23 08:25:00;USR-1109;16;Standard;4;320;400;Card;Minecraft;5.0;0
SESS-14642;2026-08-03 15:39:00;USR-1049;22;VIP;3;0;600;App;CS2;4.0;0
SESS-14754;2026-08-07 19:48:00;USR-1745;22;Bootcamp;12;2500;1800;Card;Minecraft;4.5;0
SESS-10815;2026-08-10 01:42:00;USR-1762;16;Standard;12;0;1200;Card;CS2;5.0;0
SESS-13067;2026-08-19 02:46:00;USR-1124;17;Bootcamp;4;730;600;Cash;CS2;5.0;0
SESS-15196;2026-08-01 14:31:00;USR-1395;19;VIP;2;0;360;Card;CS2;3.0;1
SESS-10959;2026-08-22 11:35:00;USR-1420;22;Standard;3;360;300;App;GTA V;4.5;0
SESS-14893;2026-08-19 18:12:00;USR-1739;24;Bootcamp;2;0;300;Card;Dota 2;4.0;0
SESS-10225;2026-08-29 21:06:00;USR-1553;22;Standard;4;0;360;App;Minecraft;4.0;1
SESS-13354;2026-08-08 07:45:00;USR-1787;31;Standard;2;0;200;Card;Valorant;4.5;0
SESS-12485;2026-08-22 20:08:00;USR-1770;18;PS5;2;160;500;;Dota 2;3.0;0
SESS-10562;2026-08-26 23:49:00;USR-1244;19;Standard;3;150;300;Cash;Dota 2;5.0;0
SESS-13436;2026-08-20 06:44:00;USR-1281;16;Bootcamp;1;0;150;Card;Minecraft;4.0;0
SESS-11693;2026-08-09 03:19:00;USR-1576;19;Standard;2;0;200;Cash;Deadlock;3.0;0
SESS-11045;2026-08-29 07:32:00;USR-1434;22;PS5;2;0;500;Card;Valorant;5.0;0
SESS-13446;2026-08-18 14:19:00;USR-1408;20;Standard;1;80;100;Card;CS2;5.0;0
SESS-14565;2026-08-01 04:18:00;USR-1470;23;Standard;3;0;270;Cash;Valorant;1.0;1
SESS-10954;2026-08-18 21:02:00;USR-1664;17;VIP;4;900;800;App;PUBG;3.0;0
SESS-15131;2026-08-30 03:11:00;USR-1188;16;Bootcamp;1;0;150;App;Minecraft;4.0;0
SESS-12735;2026-08-21 05:21:00;USR-1491;21;Standard;2;0;180;Card;Minecraft;1.0;1
SESS-15326;2026-08-09 02:08:00;USR-1014;24;Bootcamp;2;490;300;Cash;Minecraft;4.0;0
SESS-14735;2026-08-03 21:32:00;USR-1440;17;Bootcamp;3;460;450;App;Dota 2;5.0;0
SESS-15236;2026-08-26 10:25:00;USR-1333;23;Standard;1;120;100;Cash;GTA V;5.0;0
SESS-11218;2026-08-04 18:22:00;USR-1150;21;Bootcamp;2;260;300;Card;Cyberpunk 2077;2.0;0
SESS-11527;2026-08-18 11:04:00;USR-1358;15;VIP;5;0;1000;Card;CS2;4.5;0
SESS-13987;2026-08-23 01:35:00;USR-1715;31;PS5;3;600;750;App;Dota 2;4.5;0
SESS-15358;2026-08-24 12:19:00;USR-1129;16;Standard;8;1600;800;App;Dota 2;3.0;0
SESS-11300;2026-08-28 08:15:00;USR-1358;15;Standard;2;400;200;App;Deadlock;5.0;0
SESS-15313;2026-08-22 00:36:00;USR-1688;18;PS5;12;0;3000;App;Apex Legends;3.0;0
SESS-10160;2026-08-06 16:12:00;USR-1519;20;Bootcamp;5;0;675;Card;Dota 2;3.0;1
SESS-14067;2026-08-12 12:14:00;USR-1592;21;VIP;2;410;400;Card;CS2;5.0;0
SESS-10956;2026-08-22 14:10:00;USR-1186;39;Standard;3;0;270;Card;CS2;4.0;1
SESS-13791;2026-08-09 01:24:00;USR-1214;23;Standard;3;360;270;Card;Valorant;4.5;1
SESS-13234;2026-08-23 09:58:00;USR-1007;22;Standard;3;240;300;Cash;Dota 2;4.0;0
SESS-12869;2026-08-27 12:36:00;USR-1171;18;VIP;2;0;400;Card;CS2;5.0;0
SESS-13777;2026-08-25 14:22:00;USR-1510;26;VIP;1;0;200;Cash;CS2;5.0;0
SESS-14433;2026-08-20 01:13:00;USR-1550;15;Standard;1;120;100;App;Valorant;3.0;0
SESS-14973;2026-08-21 11:01:00;USR-1415;23;Standard;1;120;100;Card;Dota 2;4.0;0
SESS-12961;2026-08-14 22:43:00;USR-1786;37;Standard;3;600;270;Card;CS2;3.0;1
SESS-12200;2026-08-18 19:18:00;USR-1073;14;Standard;3;240;270;Card;Minecraft;4.5;1
SESS-10098;2026-08-12 16:17:00;USR-1028;22;Standard;12;0;1200;Card;Valorant;5.0;0
SESS-12557;2026-08-06 02:18:00;USR-1523;41;Standard;1;0;90;Card;PUBG;4.0;1
SESS-13183;2026-08-17 14:50:00;USR-1633;21;PS5;2;0;500;Card;CS2;3.0;0
SESS-10253;2026-08-20 21:05:00;USR-1268;31;Standard;2;0;180;Cash;Dota 2;2.0;1
SESS-13923;2026-08-15 09:28:00;USR-1656;20;Standard;3;360;300;App;PUBG;3.0;0
SESS-14199;2026-08-28 04:05:00;USR-1578;18;PS5;12;0;3000;App;Minecraft;5.0;0
SESS-11445;2026-08-08 12:27:00;USR-1258;24;VIP;4;450;800;App;Deadlock;4.5;0
SESS-11648;2026-08-17 14:32:00;USR-1338;30;Standard;1;120;100;Card;Dota 2;4.0;0
SESS-14682;2026-08-07 22:26:00;USR-1672;19;Bootcamp;2;200;300;Card;Dota 2;2.0;0
SESS-14723;2026-08-02 20:25:00;USR-1796;36;Standard;3;360;300;App;Dota 2;5.0;0
SESS-13991;2026-08-02 21:33:00;USR-1256;20;Standard;1;0;100;Card;Valorant;4.5;0
SESS-11696;2026-08-08 21:50:00;USR-1560;22;Bootcamp;2;0;300;Card;Deadlock;5.0;0
SESS-13191;2026-08-03 11:47:00;USR-1557;22;Standard;4;800;400;Cash;GTA V;4.5;0
SESS-14499;2026-08-05 23:32:00;USR-1739;24;VIP;5;0;1000;App;CS2;3.0;0
SESS-11154;2026-08-08 15:06:00;USR-1274;18;VIP;1;0;200;Card;CS2;4.5;0
SESS-12255;2026-08-23 09:40:00;USR-1144;20;PS5;12;1440;2700;Card;PUBG;3.0;1
SESS-11682;2026-08-17 19:43:00;USR-1783;16;Bootcamp;1;0;150;App;CS2;5.0;0
SESS-13170;2026-08-18 12:41:00;USR-1348;15;Standard;12;2400;1080;Cash;CS2;2.0;1
SESS-12056;2026-08-31 17:34:00;USR-1039;35;Standard;1;0;100;Card;CS2;3.0;0
SESS-14090;2026-08-04 15:22:00;USR-1185;27;Bootcamp;1;330;150;Card;Valorant;4.5;0
SESS-13108;2026-08-03 08:00:00;USR-1754;19;Standard;2;240;200;Card;Valorant;4.0;0
SESS-14548;2026-08-02 01:53:00;USR-1657;18;VIP;3;0;600;Card;Valorant;5.0;0
SESS-13723;2026-08-26 02:19:00;USR-1725;29;VIP;12;0;2400;Card;CS2;4.5;0
SESS-12049;2026-08-15 09:40:00;USR-1350;16;Standard;4;0;400;Cash;Minecraft;4.0;0
SESS-14976;2026-08-19 21:18:00;USR-1082;32;Bootcamp;1;0;135;Card;Dota 2;3.0;1
SESS-13643;2026-08-23 06:57:00;USR-1600;20;VIP;12;700;2160;Card;Dota 2;5.0;1
SESS-15353;2026-08-15 14:43:00;USR-1292;19;Standard;3;0;300;Cash;Valorant;4.0;0
SESS-10623;2026-08-11 08:03:00;USR-1351;35;VIP;5;0;1000;Cash;Dota 2;5.0;0
SESS-10262;2026-08-08 13:56:00;USR-1200;16;Bootcamp;2;340;300;App;Dota 2;4.5;0
SESS-13369;2026-08-07 12:28:00;USR-1084;25;Bootcamp;1;0;150;Card;CS2;4.0;0
SESS-14061;2026-08-17 12:56:00;USR-1769;21;VIP;8;0;1600;Card;Dota 2;4.5;0
SESS-11802;2026-08-13 12:28:00;USR-1417;26;Bootcamp;3;850;405;App;Minecraft;5.0;1
SESS-14736;2026-08-10 19:04:00;USR-1026;25;Standard;3;0;300;Card;CS2;5.0;0
SESS-13256;2026-08-11 06:36:00;USR-1121;19;Standard;1;0;100;Card;PUBG;4.0;0
SESS-12385;2026-08-03 21:54:00;USR-1120;15;Bootcamp;4;450;540;Card;Dota 2;4.5;1
SESS-11959;2026-08-27 12:12:00;USR-1249;32;Bootcamp;3;0;450;Card;Dota 2;3.0;0
SESS-12976;2026-08-30 04:39:00;USR-1261;27;PS5;2;240;500;Cash;CS2;5.0;0
SESS-10488;2026-08-28 01:09:00;USR-1427;24;Standard;1;200;100;App;Minecraft;5.0;0
SESS-11843;2026-08-19 06:20:00;USR-1501;19;Standard;1;0;100;Card;PUBG;4.5;0
SESS-11734;2026-08-26 15:27:00;USR-1683;15;VIP;1;300;200;App;Minecraft;5.0;0
SESS-12911;2026-08-11 23:08:00;USR-1007;22;Standard;12;0;1200;Cash;Minecraft;4.0;0
SESS-13219;2026-08-27 03:37:00;USR-1693;24;Standard;1;0;100;Card;Valorant;4.0;0
SESS-10146;2026-08-08 07:16:00;USR-1282;26;Bootcamp;12;0;1800;Cash;Minecraft;3.0;0
SESS-11986;2026-08-16 21:27:00;USR-1764;23;PS5;12;0;3000;Card;CS2;5.0;0
SESS-11369;2026-08-08 22:46:00;USR-1393;17;VIP;1;0;200;Card;Valorant;4.0;0
SESS-12811;2026-08-27 07:17:00;USR-1037;21;Standard;2;100;200;Card;Cyberpunk 2077;3.0;0
SESS-10659;2026-08-26 06:55:00;USR-1000;19;Standard;5;600;450;Card;Dota 2;;1
SESS-11794;2026-08-28 22:27:00;USR-1640;25;Standard;4;320;400;Card;CS2;5.0;0
SESS-12511;2026-08-26 22:37:00;USR-1769;21;Standard;4;0;360;Card;Minecraft;5.0;1
SESS-13397;2026-08-05 00:05:00;USR-1111;23;Standard;8;960;800;App;CS2;4.5;0
SESS-14282;2026-08-09 01:37:00;USR-1793;29;Standard;2;0;180;Cash;CS2;3.0;1
SESS-11147;2026-08-17 20:10:00;USR-1019;25;Bootcamp;1;0;150;Card;PUBG;4.0;0
SESS-13272;2026-08-08 13:07:00;USR-1620;20;Bootcamp;1;370;150;App;Deadlock;5.0;0
SESS-10608;2026-08-17 21:43:00;USR-1052;18;VIP;2;0;400;Cash;CS2;4.5;0
SESS-13582;2026-08-21 03:46:00;USR-1677;27;Standard;1;50;100;Cash;CS2;3.0;0
SESS-11930;2026-08-16 09:48:00;USR-1664;17;Standard;1;0;100;Card;Dota 2;4.5;0
SESS-10197;2026-08-09 21:48:00;USR-1455;20;Standard;2;0;180;App;PUBG;2.0;1
SESS-12931;2026-08-05 18:49:00;USR-1092;21;Standard;3;360;300;Card;CS2;4.5;0
SESS-12327;2026-08-01 04:20:00;USR-1146;17;Standard;1;80;90;App;Dota 2;3.0;1
SESS-14389;2026-08-06 11:39:00;USR-1563;15;Bootcamp;2;0;300;Card;Valorant;5.0;0
SESS-10766;2026-08-31 15:17:00;USR-1297;14;Standard;2;0;200;Cash;Dota 2;4.5;0
SESS-14496;2026-08-24 11:49:00;USR-1082;32;Standard;5;250;500;Cash;CS2;5.0;0
SESS-14218;2026-08-03 14:39:00;USR-1764;23;Bootcamp;4;0;600;Card;CS2;3.0;0
SESS-13255;2026-08-27 21:28:00;USR-1587;20;Standard;3;360;300;Cash;Dota 2;3.0;0
SESS-10202;2026-08-29 22:27:00;USR-1786;37;Bootcamp;1;0;150;Card;CS2;4.5;0
SESS-13510;2026-08-06 08:46:00;USR-1049;22;VIP;3;0;600;Card;Valorant;3.0;0
SESS-14931;2026-08-29 22:38:00;USR-1155;24;Standard;2;0;180;Cash;Dota 2;5.0;1
SESS-11733;2026-08-07 13:30:00;USR-1019;25;Standard;1;80;100;Card;CS2;4.0;0
SESS-12777;2026-08-08 23:34:00;USR-1133;15;PS5;3;600;675;Card;CS2;5.0;1
SESS-11707;2026-08-18 09:46:00;USR-1601;30;VIP;8;0;1600;Card;CS2;4.0;0
SESS-15172;2026-08-06 07:37:00;USR-1173;15;Standard;12;0;1200;Card;PUBG;5.0;0
SESS-13474;2026-08-19 08:29:00;USR-1566;37;Standard;8;0;720;App;Minecraft;2.0;1
SESS-10854;2026-08-03 11:30:00;USR-1379;26;Bootcamp;12;700;1800;Card;Minecraft;4.0;0
SESS-14737;2026-08-03 13:39:00;USR-1481;21;PS5;5;0;1250;App;CS2;4.0;0
SESS-14097;2026-08-11 00:12:00;USR-1543;21;Standard;3;0;300;Card;Dota 2;4.0;0
SESS-12160;2026-08-12 01:58:00;USR-1336;14;Standard;1;50;100;Cash;Dota 2;4.0;0
SESS-10698;2026-08-03 16:55:00;USR-1310;19;VIP;1;450;200;Card;Dota 2;5.0;0
SESS-15374;2026-08-08 18:09:00;USR-1410;21;Standard;3;0;300;Card;Valorant;4.0;0
SESS-12999;2026-08-28 14:55:00;USR-1241;25;PS5;4;0;1000;Card;Valorant;4.5;0
SESS-13696;2026-08-31 21:37:00;USR-1406;20;Standard;1;50;100;Card;Valorant;5.0;0
SESS-11636;2026-08-27 11:21:00;USR-1712;20;Standard;8;0;800;Card;Dota 2;3.0;0
SESS-13457;2026-08-16 19:10:00;USR-1263;22;PS5;3;0;750;Card;CS2;1.0;0
SESS-13581;2026-08-09 14:02:00;USR-1533;22;Bootcamp;2;350;300;Card;Minecraft;4.5;0
SESS-11291;2026-08-20 23:33:00;USR-1097;21;VIP;5;700;1000;Card;Deadlock;3.0;0
SESS-14659;2026-08-12 08:05:00;USR-1637;25;Bootcamp;2;0;300;App;CS2;5.0;0
SESS-11853;2026-08-01 14:53:00;USR-1053;20;VIP;1;0;200;Card;Valorant;5.0;0
SESS-15232;2026-08-08 15:45:00;USR-1087;21;PS5;12;0;3000;Card;CS2;4.0;0
SESS-13763;2026-08-17 03:07:00;USR-1431;19;Bootcamp;3;700;450;Card;Dota 2;3.0;0
SESS-13304;2026-08-03 21:16:00;USR-1221;21;Standard;1;200;100;Cash;Valorant;4.5;0
SESS-15336;2026-08-26 23:35:00;USR-1636;16;Standard;4;0;360;Card;CS2;2.0;1
SESS-13743;2026-08-26 00:07:00;USR-1708;25;Standard;12;0;1200;App;Dota 2;4.0;0
SESS-13445;2026-08-22 11:26:00;USR-1388;25;Bootcamp;1;450;150;Cash;Dota 2;4.5;0
SESS-11998;2026-08-22 05:48:00;USR-1118;15;PS5;3;0;750;App;Dota 2;5.0;0
SESS-10663;2026-08-30 21:02:00;USR-1677;27;Bootcamp;4;450;540;App;Valorant;3.0;1
SESS-14779;2026-08-17 06:33:00;USR-1544;23;Standard;12;0;1200;Card;CS2;3.0;0
SESS-13748;2026-08-22 10:38:00;USR-1775;22;VIP;2;490;400;Card;Deadlock;4.0;0
SESS-14413;2026-08-09 03:16:00;USR-1298;15;Standard;3;0;300;Card;Dota 2;4.0;0
SESS-14744;2026-08-07 01:30:00;USR-1091;18;VIP;1;300;200;Card;Valorant;5.0;0
SESS-10709;2026-08-16 01:39:00;USR-1322;32;Standard;3;0;300;Card;GTA V;5.0;0
SESS-11282;2026-08-08 12:55:00;USR-1158;24;PS5;8;0;2000;Card;Valorant;3.0;0
SESS-15068;2026-08-22 12:36:00;USR-1600;20;VIP;12;0;2160;Card;Dota 2;3.0;1
SESS-12675;2026-08-02 06:59:00;USR-1676;24;Standard;1;80;100;App;CS2;1.0;0
SESS-14029;2026-08-28 18:12:00;USR-1367;30;Standard;1;80;90;Cash;Minecraft;4.0;1
SESS-11306;2026-08-30 00:25:00;USR-1380;23;Bootcamp;2;500;300;App;Minecraft;5.0;0
SESS-12237;2026-08-20 02:46:00;USR-1377;22;Standard;3;0;300;App;Valorant;4.0;0
SESS-13302;2026-08-19 01:22:00;USR-1696;18;Standard;3;0;300;Card;Valorant;4.5;0
SESS-12038;2026-08-11 20:02:00;USR-1706;16;Standard;1;120;100;Card;CS2;4.0;0
SESS-11529;2026-08-14 05:35:00;USR-1414;22;Standard;2;0;200;Card;Valorant;5.0;0
SESS-11663;2026-08-11 10:01:00;USR-1521;18;Standard;1;0;100;Cash;CS2;4.0;0
SESS-15360;2026-08-13 01:19:00;USR-1259;22;Bootcamp;2;0;300;;Deadlock;5.0;0
SESS-10705;2026-08-11 09:20:00;USR-1124;17;Standard;1;50;100;Card;Dota 2;4.0;0
SESS-13627;2026-08-07 07:10:00;USR-1214;23;Standard;1;0;100;Card;CS2;4.0;0
SESS-15147;2026-08-09 10:10:00;USR-1652;15;Standard;2;0;180;App;Apex Legends;4.0;1
SESS-14891;2026-08-30 00:12:00;USR-1141;39;Standard;3;0;300;Card;CS2;4.5;0
SESS-12693;2026-08-31 16:55:00;USR-1227;21;Bootcamp;2;0;300;Card;CS2;4.5;0
SESS-13060;2026-08-19 02:41:00;USR-1092;21;Bootcamp;3;0;450;App;CS2;5.0;0
SESS-11597;2026-08-22 03:08:00;USR-1689;15;Standard;1;50;100;App;Minecraft;3.0;0
SESS-12729;2026-08-29 19:02:00;USR-1316;17;Standard;5;600;500;Card;CS2;5.0;0
SESS-12625;2026-08-07 12:28:00;USR-1038;19;Standard;1;0;90;Card;CS2;5.0;1
SESS-13157;2026-08-15 19:51:00;USR-1721;22;Bootcamp;1;180;150;Card;CS2;4.5;0
SESS-13314;2026-08-06 15:14:00;USR-1475;26;Bootcamp;2;0;300;Card;Dota 2;4.0;0
SESS-11722;2026-08-20 08:50:00;USR-1566;37;Standard;4;800;360;Card;Dota 2;2.0;1
SESS-15279;2026-08-03 12:57:00;USR-1067;20;Standard;1;120;100;Card;Browser/Work;3.0;0
SESS-11059;2026-08-13 09:18:00;USR-1705;27;VIP;8;0;1600;App;CS2;5.0;0
SESS-14636;2026-08-09 13:01:00;USR-1069;40;VIP;2;0;400;Card;Deadlock;4.0;0
SESS-13242;2026-08-14 01:24:00;USR-1193;17;Bootcamp;2;650;300;App;Valorant;4.0;0
SESS-11678;2026-08-23 19:33:00;USR-1775;22;Standard;3;0;300;Card;Apex Legends;4.5;0
SESS-11757;2026-08-01 14:55:00;USR-1419;40;Standard;2;100;200;Card;GTA V;4.5;0
SESS-14191;2026-08-02 19:06:00;USR-1502;16;Standard;3;150;300;Card;Valorant;4.0;0
SESS-15116;2026-08-16 01:22:00;USR-1408;20;Bootcamp;2;0;300;App;Dota 2;5.0;0
SESS-10563;2026-08-22 07:18:00;USR-1342;30;Standard;2;100;180;App;PUBG;5.0;1
SESS-12790;2026-08-10 03:32:00;USR-1734;15;Standard;5;0;450;Card;Minecraft;2.0;1
SESS-10863;2026-08-24 14:04:00;USR-1081;15;Standard;4;200;400;Card;Dota 2;3.0;0
SESS-11484;2026-08-20 19:10:00;USR-1150;21;Standard;1;0;100;Card;Minecraft;4.5;0
SESS-15134;2026-08-09 23:00:00;USR-1784;32;Bootcamp;2;260;300;Card;Valorant;4.0;0
SESS-10206;2026-08-01 03:50:00;USR-1262;22;Standard;1;0;100;Card;GTA V;5.0;0
SESS-14488;2026-08-12 00:58:00;USR-1174;26;Standard;2;160;200;Card;PUBG;4.0;0
SESS-10870;2026-08-14 07:59:00;USR-1356;19;Standard;1;200;90;Cash;Dota 2;5.0;1
SESS-14493;2026-08-05 09:04:00;USR-1689;15;Bootcamp;3;0;450;Cash;Valorant;4.0;0
SESS-10502;2026-08-22 23:11:00;USR-1612;22;Bootcamp;2;350;270;Card;Dota 2;4.5;1
SESS-11028;2026-08-07 15:53:00;USR-1705;27;Standard;2;0;200;Card;Dota 2;2.0;0
SESS-13840;2026-08-17 00:32:00;USR-1416;23;Standard;3;0;270;App;CS2;1.0;1
SESS-12690;2026-08-14 10:47:00;USR-1491;21;Standard;1;0;100;Card;Valorant;4.0;0
SESS-15056;2026-08-09 08:43:00;USR-1701;15;Standard;2;0;200;App;CS2;4.0;0
SESS-11570;2026-08-03 22:42:00;USR-1550;15;Standard;12;0;1200;App;Apex Legends;4.0;0
SESS-12773;2026-08-09 00:31:00;USR-1578;18;Standard;1;200;100;Card;Minecraft;5.0;0
SESS-12731;2026-08-22 19:42:00;USR-1320;24;Standard;5;250;500;Card;Apex Legends;4.0;0
SESS-10804;2026-08-04 22:59:00;USR-1570;19;Standard;1;200;100;Card;CS2;4.5;0
SESS-13645;2026-08-26 01:11:00;USR-1512;25;Standard;3;0;300;Card;Dota 2;5.0;0
SESS-12454;2026-08-11 00:11:00;USR-1786;37;VIP;2;500;400;Card;CS2;4.0;0
SESS-14598;2026-08-07 02:20:00;USR-1334;14;Standard;8;960;720;Cash;Minecraft;4.5;1
SESS-13104;2026-08-18 05:13:00;USR-1311;15;Standard;3;240;300;Card;Valorant;4.5;0
SESS-14875;2026-08-01 09:59:00;USR-1109;16;VIP;2;0;400;Card;CS2;2.0;0
SESS-10200;2026-08-18 15:53:00;USR-1394;19;VIP;4;0;800;App;Deadlock;4.0;0
SESS-13099;2026-08-19 03:27:00;USR-1174;26;Standard;1;200;100;Card;Apex Legends;4.0;0
SESS-12278;2026-08-06 08:23:00;USR-1654;17;VIP;1;220;200;Card;Apex Legends;4.5;0
SESS-13561;2026-08-29 05:19:00;USR-1430;17;VIP;3;0;600;Card;Apex Legends;4.0;0
SESS-14474;2026-08-15 05:51:00;USR-1544;23;Bootcamp;8;650;1200;App;CS2;4.0;0
SESS-14514;2026-08-20 12:26:00;USR-1798;22;Standard;4;800;360;App;CS2;3.0;1
SESS-10391;2026-08-05 13:04:00;USR-1418;39;Standard;1;50;100;Card;Deadlock;4.5;0
SESS-15258;2026-08-04 08:39:00;USR-1408;20;Bootcamp;2;410;300;App;Dota 2;4.0;0
SESS-11495;2026-08-25 17:40:00;USR-1569;26;Standard;2;0;200;Card;Apex Legends;5.0;0
SESS-12695;2026-08-10 15:41:00;USR-1450;18;Standard;3;360;300;Card;CS2;4.0;0
SESS-12027;2026-08-27 01:00:00;USR-1407;24;Standard;2;0;200;App;CS2;5.0;0
SESS-15248;2026-08-24 04:50:00;USR-1318;24;Bootcamp;2;650;270;App;CS2;4.5;1
SESS-12568;2026-08-09 09:53:00;USR-1374;20;Standard;12;0;1200;Card;CS2;4.0;0
SESS-10064;2026-08-18 23:58:00;USR-1395;19;VIP;8;0;1600;Cash;CS2;3.0;0
SESS-13884;2026-08-10 00:34:00;USR-1743;32;Bootcamp;12;0;1800;Card;Valorant;4.0;0
SESS-12062;2026-08-31 06:53:00;USR-1716;17;VIP;1;0;200;App;Valorant;4.5;0
SESS-15276;2026-08-19 13:34:00;USR-1376;15;Bootcamp;2;410;270;App;Valorant;1.0;1
SESS-10492;2026-08-08 05:35:00;USR-1375;24;Bootcamp;3;0;450;Card;CS2;5.0;0
SESS-10379;2026-08-14 15:30:00;USR-1737;26;Standard;1;200;100;Card;Minecraft;1.0;0
SESS-14859;2026-08-19 02:16:00;USR-1352;22;Bootcamp;2;0;300;Card;Minecraft;3.0;0
SESS-13993;2026-08-19 17:53:00;USR-1307;20;Bootcamp;3;0;450;App;Dota 2;2.0;0
SESS-14887;2026-08-25 12:11:00;USR-1456;17;PS5;12;0;3000;Cash;CS2;4.5;0
SESS-11076;2026-08-09 01:30:00;USR-1011;22;Standard;1;200;100;Card;GTA V;4.5;0
SESS-10878;2026-08-31 05:11:00;USR-1069;40;Standard;3;0;300;App;Valorant;2.0;0
SESS-10337;2026-08-07 20:11:00;USR-1109;16;Bootcamp;4;1050;600;Card;Valorant;4.5;0
SESS-11016;2026-08-23 05:09:00;USR-1220;20;Standard;8;0;800;Card;Dota 2;4.5;0
SESS-11275;2026-08-29 14:20:00;USR-1295;24;Standard;1;0;100;Card;Dota 2;4.0;0
SESS-13798;2026-08-08 23:50:00;USR-1451;16;Bootcamp;4;0;600;App;CS2;5.0;0
SESS-14551;2026-08-25 15:37:00;USR-1560;22;Bootcamp;3;0;405;Card;Minecraft;4.0;1
SESS-13342;2026-08-22 10:16:00;USR-1114;23;Standard;1;0;100;Card;CS2;4.0;0
SESS-14911;2026-08-18 02:43:00;USR-1502;16;Standard;2;100;200;Card;CS2;4.5;0
SESS-10995;2026-08-12 23:16:00;USR-1362;20;Standard;4;320;400;Card;Dota 2;4.5;0
SESS-11981;2026-08-05 02:49:00;USR-1371;24;PS5;2;0;500;Card;Valorant;5.0;0
SESS-14297;2026-08-20 18:20:00;USR-1266;23;Standard;1;0;100;Card;Dota 2;1.0;0
SESS-10161;2026-08-17 07:54:00;USR-1390;21;Standard;3;0;300;App;Dota 2;2.0;0
SESS-14798;2026-08-12 00:14:00;USR-1130;26;Standard;1;0;100;Cash;Dota 2;4.5;0
SESS-11500;2026-08-29 03:34:00;USR-1039;35;Standard;5;0;450;Card;CS2;3.0;1
SESS-13843;2026-08-28 23:20:00;USR-1681;20;Standard;4;480;360;App;CS2;5.0;1
SESS-15225;2026-08-21 07:06:00;USR-1222;16;VIP;4;300;800;Card;CS2;4.5;0
SESS-12613;2026-08-30 18:32:00;USR-1259;22;VIP;12;0;2400;Card;Valorant;3.0;0
SESS-13461;2026-08-09 16:07:00;USR-1273;14;VIP;3;0;600;App;GTA V;5.0;0
SESS-11021;2026-08-31 19:53:00;USR-1281;16;PS5;1;0;250;App;Minecraft;2.0;0
SESS-13073;2026-08-25 12:40:00;USR-1189;31;Standard;4;0;360;Card;CS2;3.0;1
SESS-13943;2026-08-22 02:43:00;USR-1424;24;Standard;3;0;270;Cash;Deadlock;4.5;1
SESS-11585;2026-08-31 00:11:00;USR-1327;16;VIP;2;340;400;Card;CS2;4.0;0
SESS-11955;2026-08-16 07:08:00;USR-1001;26;Bootcamp;3;700;405;Card;CS2;4.0;1
SESS-13152;2026-08-22 13:21:00;USR-1146;17;PS5;2;100;500;Card;CS2;5.0;0
SESS-10034;2026-08-11 02:30:00;USR-1435;17;VIP;2;200;400;Card;Dota 2;5.0;0
SESS-14014;2026-08-07 02:12:00;USR-1106;26;Standard;4;0;400;Card;Valorant;5.0;0
SESS-10775;2026-08-06 19:41:00;USR-1661;22;VIP;3;340;600;App;CS2;3.0;0
SESS-12556;2026-08-19 17:52:00;USR-1046;17;Standard;3;360;300;Card;Dota 2;4.0;0
SESS-11478;2026-08-17 09:26:00;USR-1661;22;Standard;1;0;100;Cash;CS2;4.0;0
SESS-11363;2026-08-24 18:21:00;USR-1631;28;Standard;1;50;90;Card;CS2;4.0;1
SESS-12612;2026-08-01 15:51:00;USR-1501;19;Standard;1;0;100;Card;Apex Legends;4.0;0
SESS-12824;2026-08-29 13:36:00;USR-1286;25;Standard;1;200;100;App;CS2;4.0;0
SESS-12041;2026-08-31 18:51:00;USR-1433;34;Bootcamp;3;0;450;Card;Valorant;5.0;0
SESS-10241;2026-08-30 18:08:00;USR-1520;18;VIP;8;740;1600;Card;Browser/Work;4.0;0
SESS-12061;2026-08-18 11:39:00;USR-1426;22;VIP;12;0;2400;App;Dota 2;4.0;0
SESS-12363;2026-08-11 13:11:00;USR-1561;37;Standard;3;0;300;Card;Minecraft;4.0;0
SESS-10600;2026-08-06 09:05:00;USR-1305;24;VIP;3;0;540;Card;Dota 2;4.0;1
SESS-12435;2026-08-18 05:46:00;USR-1537;23;Standard;4;800;400;Card;PUBG;4.0;0
SESS-12888;2026-08-22 18:14:00;USR-1602;19;Standard;1;50;90;Card;Minecraft;4.0;1
SESS-10646;2026-08-21 16:18:00;USR-1618;17;VIP;2;200;400;Card;Valorant;4.5;0
SESS-13890;2026-08-25 23:34:00;USR-1768;24;Standard;2;0;200;App;Dota 2;4.5;0
SESS-13556;2026-08-27 09:44:00;USR-1027;15;PS5;1;0;250;Card;Valorant;5.0;0
SESS-13202;2026-08-06 20:23:00;USR-1348;15;VIP;4;0;800;Card;Dota 2;4.5;0
SESS-11528;2026-08-30 01:59:00;USR-1729;25;Standard;1;50;100;Cash;Dota 2;4.5;0
SESS-11267;2026-08-24 00:09:00;USR-1531;25;Bootcamp;2;0;270;App;CS2;5.0;1
SESS-11899;2026-08-18 09:40:00;USR-1689;15;PS5;2;240;500;Card;Dota 2;4.5;0
SESS-14658;2026-08-28 13:53:00;USR-1280;26;VIP;2;500;400;Card;Dota 2;3.0;0
SESS-13005;2026-08-20 07:16:00;USR-1017;14;Standard;2;160;200;Card;CS2;4.5;0
SESS-12734;2026-08-02 02:38:00;USR-1098;36;Bootcamp;2;0;300;Card;CS2;3.0;0
SESS-10189;2026-08-14 15:02:00;USR-1792;22;VIP;2;260;400;Card;Minecraft;5.0;0
SESS-11806;2026-08-29 04:58:00;USR-1044;21;VIP;3;850;600;App;CS2;5.0;0
SESS-10975;2026-08-21 20:17:00;USR-1460;24;VIP;12;0;2400;Card;CS2;4.0;0
SESS-12747;2026-08-25 12:43:00;USR-1611;29;Standard;5;0;500;Card;CS2;4.5;0
SESS-12047;2026-08-22 19:43:00;USR-1115;14;Bootcamp;3;0;450;App;CS2;5.0;0
SESS-12558;2026-08-02 08:28:00;USR-1215;15;Bootcamp;2;0;300;App;Dota 2;5.0;0
SESS-11082;2026-08-12 11:13:00;USR-1308;18;Standard;2;0;200;Card;Dota 2;5.0;0
SESS-10474;2026-08-15 11:31:00;USR-1738;24;Standard;8;640;800;Card;Valorant;2.0;0
SESS-12904;2026-08-24 00:36:00;USR-1070;21;VIP;3;0;540;Card;Valorant;5.0;1
SESS-14843;2026-08-10 07:12:00;USR-1222;16;PS5;4;0;1000;Card;Minecraft;4.5;0
SESS-14117;2026-08-17 04:45:00;USR-1457;19;Standard;2;0;200;Card;PUBG;5.0;0
SESS-13385;2026-08-02 20:18:00;USR-1585;19;Bootcamp;8;650;1200;App;Dota 2;1.0;0
SESS-14555;2026-08-21 21:11:00;USR-1445;22;Standard;1;200;90;Card;Valorant;4.0;1
SESS-11184;2026-08-09 08:50:00;USR-1753;16;Standard;1;120;90;Card;Dota 2;4.0;1
SESS-15051;2026-08-09 00:50:00;USR-1575;15;VIP;3;460;600;Card;PUBG;4.5;0
SESS-15311;2026-08-09 12:18:00;USR-1678;18;Standard;2;0;200;Card;CS2;4.0;0
SESS-12433;2026-08-28 06:46:00;USR-1120;15;Bootcamp;3;460;450;;Dota 2;4.0;0
SESS-12391;2026-08-24 08:18:00;USR-1311;15;Bootcamp;3;0;450;Card;CS2;4.0;0
SESS-10769;2026-08-25 02:05:00;USR-1635;15;Standard;3;0;300;Card;Valorant;4.0;0
SESS-11685;2026-08-25 14:39:00;USR-1235;22;Bootcamp;12;0;1800;Card;Deadlock;3.0;0
SESS-10130;2026-08-07 12:26:00;USR-1565;38;Standard;3;0;270;Card;Dota 2;4.0;1
SESS-12919;2026-08-13 11:52:00;USR-1125;23;PS5;2;160;500;Card;Apex Legends;4.5;0
SESS-13171;2026-08-20 08:38:00;USR-1083;22;PS5;1;0;250;App;Dota 2;4.5;0
SESS-13444;2026-08-15 01:26:00;USR-1648;19;Standard;1;0;100;Cash;Apex Legends;3.0;0
SESS-14426;2026-08-04 00:43:00;USR-1796;36;VIP;1;0;200;App;CS2;3.0;0
SESS-15334;2026-08-03 20:05:00;USR-1316;17;Standard;2;400;200;App;Apex Legends;4.5;0
SESS-10466;2026-08-30 12:28:00;USR-1406;20;PS5;3;240;750;Card;CS2;4.5;0
SESS-13092;2026-08-25 19:10:00;USR-1583;24;Standard;5;250;500;;Dota 2;3.0;0
SESS-13772;2026-08-04 03:09:00;USR-1285;25;Standard;3;360;300;Card;Dota 2;4.0;0
SESS-15191;2026-08-20 11:35:00;USR-1619;18;Bootcamp;2;200;300;App;CS2;5.0;0
SESS-15226;2026-08-06 03:39:00;USR-1682;14;Standard;2;0;200;Card;Deadlock;5.0;0
SESS-15111;2026-08-04 18:03:00;USR-1138;18;Standard;3;150;300;Card;CS2;5.0;0
SESS-10860;2026-08-13 23:42:00;USR-1290;23;Standard;2;0;200;App;CS2;4.0;0
