session_id;date;user_id;birth_date;gender;pc_zone;hours_played;extra_bar_spent;total_paid;payment_method;game_played;client_rating;discount_promo
SESS-15623;2026-08-25 13:43:02;USR-1012;2006-05-26;M;Bootcamp;3;0;450;App;Valorant;;0
SESS-13771;2026-08-16 22:07:11;USR-1430;2011-08-06;M;Standard;5;0;500;Card;CS2;;0
SESS-14502;2026-08-05 23:06:27;USR-1498;2023-06-15;M;VIP;-2;4410;2160;Card;CS2;4.0;1
SESS-10379;2026-08-21 02:06:13;USR-1484;2003-06-05;F;Standard;1;0;100;Card;CS2;;0
SESS-11460;2026-08-27 19:51:04;USR-1170;2001-05-18;M;PS5;1;120;250;Card;Dota 2;;0
SESS-13468;2026-08-07 12:52:35;USR-1161;2012-05-09;F;Standard;3;168;270;Card;GTA V;;1
SESS-15846;2026-08-26 19:01:17;USR-1796;2011-02-13;M;Standard;1;0;100;Card;CS2;4.5;0
SESS-15589;2026-08-05 21:40:04;USR-1273;2005-03-24;M;Standard;3;360;300;Card;CS2;3.0;0
SESS-15602;2026-08-20 18:15:20;USR-1058;2006-06-09;M;VIP;2;0;400;App;CS2;;0
SESS-15365;2026-08-25 09:07:34;USR-1055;2007-06-20;M;Standard;12;0;1200;App;Valorant;4.5;0
SESS-11409;2026-08-01 08:11:05;USR-1269;2009-05-19;F;Standard;1;0;100 руб.;Cash;Minecraft;4.0;0
SESS-12309;2026-08-03 10:23:45;USR-1745;1886-09-20;M;Bootcamp;999;650;300;Card;Browser/Work;4.0;0
SESS-13961;2026-08-17 21:11:45;USR-1734;1991-03-22;M;Bootcamp;1;0;150;Card;Browser/Work;;0
SESS-11800;2026-08-11 19:03:27;USR-1489;2011-07-19;M;Standard;5;0;450;Cash;Dota 2;4.5;1
SESS-14313;2026-08-07 00:44:51;USR-1108;2005-03-19;M;Bootcamp;8;1903;1080;Card;Valorant;3.0;1
;2026-08-03 19:32:34;;2010-03-07;M;Standard;1;0;100;App;CS2;;0
SESS-12824;2026-08-07 20:46:26;USR-1002;2012-02-08;M;Standard;4;224;360;App;CS2;;1
SESS-15188;2026-08-11 15:07:51;USR-1115;2001-08-07;M;Standard;2;0;200;Cash;Dota 2;;0
SESS-13898;2026-08-25 21:55:50;USR-1219;2009-03-07;M;Standard;3;0;300;Card;Deadlock;4.5;0
SESS-14217;2026-08-26 17:05:45;USR-1030;2011-05-18;M; Bootcamp ;2;0;180;Card;GTA V;4.0;1
SESS-11948;2026-08-17 22:11:05;USR-1015;2011-11-25;M;PS5;8;0;2000;Cash;Minecraft;;0
SESS-16779;2026-08-11 00:31:16;USR-1140;2006-12-27;F;Standard;3;0;300;Card;Valorant;;0
SESS-12502;2026-08-22 16:27:46;USR-1577;1995-03-03;M;PS5;5;2170;1125;Card;Dota 2;4.5;1
SESS-12292;2026-08-28 21:23:17;USR-1794;2003-09-04;M;Standard;2;0;200;App;CS2;3.0;0
SESS-13616;2026-08-09 02:56:09;USR-1572;2005-08-27;M;VIP;4;0;800;Card;CS2;1.0;0
SESS-10302;2026-08-15 12:38:05;USR-1766;1994-08-05;M;VIP;2;0;400;Card;CS2;;0
SESS-12825;2026-08-06 23:47:48;USR-1032;2009-06-21;M;Bootcamp;8;0;1200;Card;Minecraft;;0
SESS-14586;2026-08-02 03:31:23;USR-1447;2005-02-07;M;Standard;1;0;100;App;CS2;;0
SESS-16973;2026-08-16 11:53:22;USR-1113;2005-12-17;M;Standard;5;0;500;Card;Valorant;;0
SESS-13568;2026-08-09 02:53:38;USR-1200;2009-09-06;M;Standard;5;280;450;Card;CS2;5.0;1
SESS-16146;2026-08-17 00:49:56;USR-1525;2005-01-17;M;PS5;8;0;2000;App;CS2;5.0;0
SESS-16197;2026-08-15 19:51:51;USR-1304;2005-07-18;M;VIP;1;160;200;Card;CS2;;0
SESS-16599;2026-08-19 15:27:05;USR-1080;2003-02-28;M;Standard;1;120;100;Card;Minecraft;1.0;0
SESS-15058;2026-08-06 15:15:09;USR-1146;2005-04-03;M;Standard;4;640;400;App;Deadlock;1.0;0
SESS-13772;2026-08-21 16:02:47;USR-1346;1992-02-19;M;VIP;3;0;600;Card;Dota 2;;0
SESS-14198;2026-08-17 15:52:02;USR-1248;2003-10-08;M;PS5;2;0;500;Card;Dota 2;;0
SESS-10161;2026-08-04 12:15:25;USR-1075;2008-12-21;M;Standard;1;80;100;Card;Dota 2;;0
SESS-12325;2026-08-29 17:51:55;USR-1046;2009-05-11;F;Standard;8;320;800;App;Minecraft;;0
SESS-12442;2026-08-18 13:30:59;USR-1128;2008-04-02;F;Standard;4;448;360;Card;CS2;5.0;1
SESS-15952;2026-08-14 23:50:04;USR-1795;1998-02-03;M;Standard;8;0;800;Card;Browser/Work;;0
SESS-16666;2026-08-30 17:03:05;USR-1028;2008-11-24;M;Bootcamp;1;0;150;App;Dota 2;1.0;0
SESS-16167;2026-08-28 21:00:44;USR-1619;2007-10-26;M;Standard;3;0;270;Cash;CS2;4.0;1
SESS-14690;2026-08-31 02:28:11;USR-1175;1994-07-23;M;PS5;3;690;750;Card;CS2;4.5;0
SESS-15617;2026-08-30 13:54:12;USR-1157;2005-06-14;M;Standard;2;0;200;App;CS2;;0
SESS-15900;2026-08-28 18:49:11;USR-1596;2011-06-10;M;Bootcamp;8;0;1200;App;CS2;3.0;0
SESS-10378;2026-08-04 01:10:37;USR-1383;2006-09-18;M;Standard;2;240;200;Card;Dota 2;;0
SESS-16486;2026-08-28 11:27:16;USR-1124;2012-08-08;M;VIP ;2;120;500;App;Minecraft;;0
SESS-11795;2026-08-15 21:55:14;USR-1018;2002-11-17;M;Standard;1;120;100;Card;Deadlock;5.0;0
SESS-11191;2026-08-27 12:42:56;USR-1126;1997-11-08;M;Standard;8;2800;720;Card;Dota 2;;1
SESS-15536;2026-08-28 01:59:31;USR-1690;2002-01-05;M;Standard;8;640;800;App;Dota 2;5.0;0
SESS-11585;2026-08-16 15:05:06;USR-1795;1998-02-03;M;VIP;3;0;600;Card;Dota 2;;0
SESS-13766;2026-08-10 14:57:20;USR-1038;2007-09-18;M;Standard;4;448;360;Card;CS2;5.0;1
SESS-12570;2026-08-08 23:14:32;USR-1274;2007-02-14;M;Bootcamp;3;440;450;Card;Valorant;4.0;0
SESS-12025;2026-08-16 21:23:37;USR-1044;1999-09-01;M;VIP;4;1020;800;Card;PUBG;4.0;0
SESS-14889;2026-08-16 14:15:31;USR-1762;2006-09-25;M;Standard;3;360;300;App;CS2;;0
SESS-14572;2026-08-14 14:07:41;USR-1392;2002-10-07;M;Standard;4;0;400;Card;Valorant;;0
SESS-13431;2026-08-02 07:54:27;USR-1085;2000-03-10;M;Bootcamp;3;660;450;Card;CS2;4.0;0
SESS-11197;2026-08-16 16:14:45;USR-1408;1994-03-23;M;VIP;2;540;400;Card;Dota 2;4.0;0
SESS-12648;2026-08-20 21:00:32;USR-1270;2005-08-03;M;VIP;2;0;400;App;Deadlock;;0
SESS-10150;2026-08-23 16:29:11;USR-1127;2009-06-13;M;Bootcamp;2;0;300;App;Apex Legends;;0
SESS-13398;2026-08-11 18:44:39;USR-1416;2009-11-15;M;Standard;3;0;300;Cash;Minecraft;;0
SESS-13762;2026-08-15 18:24:43;USR-1166;2004-11-20;M;VIP;2;390;400;Card;Valorant;4.5;0
SESS-10768;2026-08-27 19:46:26;USR-1449;2007-04-21;M;Bootcamp;2;0;300;App;CS2;;0
SESS-14915;2026-08-20 20:32:29;USR-1487;2006-10-22;M;Standard;3;360;300;Card;Dota 2;5.0;0
SESS-16449;2026-08-22 11:01:00;USR-1050;2008-08-14;M;Standard;3;672;270;Card;CS2;;1
SESS-10231;2026-08-12 16:22:02;USR-1748;2004-02-07;M;Standard;1;0;100;Card;CS2;;0
SESS-13258;2026-08-22 10:48:20;USR-1117;2010-06-21;M;Standard;1;60;100;Cash;CS2;;0
SESS-11705;2026-08-09 12:38:25;USR-1524;2008-02-17;M;Standard;8;0;800;Card;Dota 2;4.0;0
SESS-14179;2026-08-29 21:47:10;USR-1299;2011-12-03;F;Standard;2;0;200;App;Valorant;;0
SESS-14443;2026-08-30 20:29:41;USR-1016;2005-05-28;F;Standard;2;0;180;Card;Valorant;;1
SESS-14800;2026-08-22 18:08:18;USR-1333;2006-01-18;M;VIP;3;0;540;Card;Dota 2;4.0;1
SESS-15998;2026-08-10 21:55:28;USR-1421;1998-04-13;M;Standard;3;0;300;Card;Deadlock;4.0;0
SESS-10798;2026-08-22 16:47:29;USR-1130;2011-08-14;M;Standard;5;0;500;Cash;Deadlock;;0
SESS-14397;2026-08-30 19:49:30;USR-1118;2008-09-20;F;Standard;1;120;100;App;Deadlock;;0
SESS-15260;2026-08-16 22:30:54;USR-1283;2010-09-11;F;Standard;12;0;1200;Card;CS2;;0
SESS-13623;2026-08-08 08:10:07;USR-1760;2010-09-15;F;Standard;3;336;270;Cash;Dota 2;;1
SESS-10446;2026-08-01 22:16:30;USR-1310;1993-08-17;M;PS5;5;1959;1125;Card;CS2;4.5;1
SESS-13931;2026-08-23 14:55:15;USR-1225;2003-07-25;M;Standard;5;400;500;Cash;Deadlock;5.0;0
SESS-11042;2026-08-22 23:03:04;USR-1405;2009-02-24;M;Bootcamp;8;480;1200;Cash;GTA V;4.0;0
SESS-13016;2026-08-21 21:43:55;USR-1067;2006-04-02;M;Bootcamp;3;510;450;Card;PUBG;;0
SESS-10463;2026-08-16 12:42:44;USR-1207;2012-09-11;M;VIP;2;0;400;App;Minecraft;;0
SESS-12062;08/22/2026 16:10:00;USR-1690;2002-01-05;M;Bootcamp;3;320;450;Card;Dota 2;;0
SESS-14022;2026-08-02 20:10:11;USR-1584;2011-09-26;M;Standard;2;0;180;Card;Dota 2;4.5;1
SESS-10501;2026-08-04 13:48:31;USR-1424;2004-04-03;F;Bootcamp;3;0;450;Card;Valorant;;0
SESS-11937;2026-08-06 17:47:58;USR-1528;2011-06-05;M;Standard;4;448;360;App;Dota 2;5.0;1
SESS-16906;2026-08-30 16:57:03;USR-1416;2009-11-15;M;Standard;1;40;100;App;Deadlock;;0
SESS-14956;2026-08-25 21:03:22;USR-1517;2009-04-09;M;Bootcamp;1;0;150;Cash;Valorant;;0
SESS-13230;2026-08-04 13:46:30;USR-1157;2005-06-14;M;Bootcamp;2;0;3ОО;Card;CS2;;0
SESS-15359;2026-08-26 14:59:06;USR-1630;2008-03-12;M;PS5;3;360;750;Card;Deadlock;4.5;0
SESS-12668;2026-08-07 11:44:46;USR-1597;2010-07-06;M;Standard;5;300;500;App;Minecraft;4.0;0
SESS-16758;2026-08-31 17:54:35;USR-1006;2005-05-17;M;VIP;4;400;800;Card;Valorant;5.0;0
SESS-15315;2026-08-01 15:18:09;USR-1067;2006-04-02;M;Standard;3;240;300;App;Dota 2;;0
SESS-12358;2026-08-07 11:50:17;USR-1134;2004-08-26;M;VIP;3;0;600;Card;Dota 2;;0
SESS-15774;2026-08-14 13:54:29;USR-1069;2004-01-15;M;Bootcamp;4;658;540;Card;Dota 2;4.0;1
SESS-11613;2026-08-31 18:12:39;USR-1113;2005-12-17;M;VIP;4;560;800;Card;CS2;3.0;0
SESS-12282;2026-08-19 18:17:41;USR-1074;2004-09-03;M;Bootcamp;2;400;300;Card;Apex Legends;;0
SESS-13015;2026-08-14 20:17:32;USR-1714;2004-09-13;M;Standard;12;2015;1080;Card;Dota 2;4.5;1
SESS-13374;2026-08-22 12:52:53;USR-1442;2005-01-20;M;Standard;1;120;100;App;GTA V;;0
SESS-15505;2026-08-14 12:46:45;USR-1151;1994-06-23;M;VIP;1;0;200;App;Deadlock;;0
SESS-17026;2026-08-29 19:42:49;USR-1619;2007-10-26;M;PS5;2;240;500;App;CS2;;0
SESS-13696;2026-08-03 11:21:44;USR-1023;2008-04-24;F;Standard;2;224;180;Card;Apex Legends;;1
SESS-15368;2026-08-26 00:35:08;USR-1255;2011-03-26;F;Standard;5;0;500;Cash;Deadlock;4.0;0
SESS-16683;2026-08-06 14:55:04;USR-1028;2008-11-24;M;Standard;3;480;300;Card;PUBG;4.0;0
SESS-15817;2026-08-10 12:03:39;USR-1504;2004-11-27;M;Bootcamp;1;434;135;App;CS2;;1
SESS-12319;2026-08-05 03:18:25;USR-1752;2008-10-12;M;VIP;1;0;200;Card;Deadlock;;0
SESS-10404;2026-08-12 10:55:35;USR-1719;1886-09-20;M;Bootcamp;-2;240;300;Card;GTA V;;0
SESS-11877;2026-08-28 14:37:18;USR-1315;2002-01-22;M;Standard;3;0;300;Card;Deadlock;3.0;0
SESS-16845;2026-08-07 18:34:20;USR-1001;2007-02-26;M;Bootcamp;2;0;300;App;Valorant;;0
SESS-10494;2026-08-07 16:51:21;USR-1178;2011-04-10;M;VIP;5;0;1000;Cash;Minecraft;4.0;0
SESS-13641;2026-08-05 18:07:34;USR-1139;2012-11-24;M;Standard;3;0;300;Cash;Dota 2;5.0;0
SESS-11992;2026-08-12 18:56:21;USR-1502;1990-03-10;M;PS5;2;510;500;Card;Cyberpunk 2077;;0
SESS-12275;2026-08-29 23:05:26;USR-1573;2005-10-03;M;Standard;8;1344;720;App;Deadlock;5.0;1
SESS-10939;2026-08-30 20:05:52;USR-1609;2004-04-15;M;PS5;2;0;500;App;Valorant;2.0;0
SESS-11980;2026-08-16 20:16:27;USR-1680;2006-07-25;M;VIP;2;310;400;App;CS2;4.0;0
SESS-10496;2026-08-31 19:17:57;USR-1611;2009-09-07;M;Standard;2;120;200;App;Dota 2;3.0;0
SESS-11532;2026-08-29 01:17:07;USR-1117;2010-06-21;M;Bootcamp;8;0;1200;Cash;Minecraft;4.0;0
SESS-12410;2026-08-22 19:58:55;USR-1248;2003-10-08;M;Bootcamp;1;200;150;App;CS2;;0
SESS-12537;2026-08-07 19:32:24;USR-1698;2006-03-02;M;Standard;4;320;400;Card;PUBG;;0
SESS-16307;2026-08-08 18:26:40;USR-1498;1986-07-05;M;Standard;2;360;200;App;Dota 2;;0
SESS-13513;2026-08-29 19:13:13;USR-1217;2003-04-26;M;Bootcamp;2;470;300;App;Dota 2;;0
SESS-16997;2026-08-01 23:18:02;USR-1255;2011-03-26;F;VIP;12;0;2160;App;CS2;;1
SESS-13188;2026-08-05 13:46:14;USR-1324;1996-05-14;M;ps5;1;420;200;Card;Valorant;5.0;0
SESS-16211;2026-08-20 22:59:33;USR-1399;1987-07-23;M;VIP;12;1740;2400;Card;Cyberpunk 2077;4.0;0
SESS-15421;2026-08-01 09:22:24;USR-1395;2009-08-08;M;Standard;2;0;200;App;Valorant;;0
SESS-11876;2026-08-10 21:54:11;USR-1104;2003-04-21;F;Standard;3;336;270;App;Dota 2;4.5;1
SESS-14442;2026-08-14 10:37:25;USR-1253;2011-10-01;M;Standard;2;0;200;App;CS2;;0
SESS-15584;2026-08-25 19:02:49;USR-1493;2005-01-28;M;Standard;2;240;200;App;Dota 2;4.0;0
SESS-12549;2026-08-08 17:05:04;USR-1050;2008-08-14;M;Bootcamp;1;160;150;App;Dota 2;3.0;0
SESS-16724;2026-08-07 15:51:58;USR-1049;1997-11-16;M;Standard;2;500;200;Card;Cyberpunk 2077;4.0;0
SESS-11373;2026-08-22 22:44:17;USR-1262;2006-01-15;F;VIP;5;550;1000;Card;Deadlock;5.0;0
SESS-11324;2026-08-01 20:02:47;USR-1724;2010-03-04;F;PS5;3;120;750;Card;Deadlock;4.5;0
SESS-14828;2026-08-07 08:23:35;USR-1047;2005-09-11;M;VIP;3;546;540;Card;Dota 2;5.0;1
SESS-16384;2026-08-17 19:52:11;USR-1133;2005-08-18;M;Standard;1;0;100;App;Dota 2;;0
SESS-14725;2026-08-24 19:11:31;USR-1113;2005-12-17;M;VIP;3;390;600;App;Dota 2;4.0;0
SESS-12856;2026-08-25 14:56:16;USR-1076;2004-03-02;M;Standard;3;480;300;Card;Dota 2;;0
SESS-12854;2026-08-09 18:45:11;USR-1025;1997-05-13;F;;Standard;2;0;Card;Dota 2;;0
SESS-11905;2026-08-03 03:05:41;USR-1188;2005-12-26;M;ps5;2;310;300;Card;Minecraft;4.0;0
SESS-12747;2026-08-14 22:50:06;USR-1044;1999-09-01;M;VIP;5;0;1000;Card;Dota 2;;0
SESS-12183;2026-08-29 00:06:16;USR-1148;1993-02-16;M;VIP;8;1110;1600;Card;Dota 2;;0
SESS-14867;2026-08-04 14:03:07;USR-1752;;M;Bootcamp;4;1007;540;Card;Apex Legends;;1
SESS-14587;2026-08-30 23:43:50;USR-1052;2007-01-01;M;Standard;12;1344;1080;Card;CS2;5.0;1
SESS-14599;2026-08-23 20:00:53;USR-1515;2007-01-14;M;Standard;2;240;200;Cash;Dota 2;;0
;2026-08-28 03:12:37;;2009-08-02;M;Standard;2;0;200;Card;Dota 2;;0
SESS-15499;2026-08-22 13:55:34;USR-1779;2006-11-16;M;Standard;2;160;200;App;Valorant;4.0;0
SESS-10536;2026-08-22 01:29:26;USR-1134;2004-08-26;M;PS5;8;0;2000;Card;Dota 2;4.5;0
SESS-11019;2026-08-29 19:36:12;USR-1059;2012-10-27;F;Standard;2;0;200;App;Deadlock;;0
SESS-16060;2026-08-11 15:24:23;USR-1089;2002-06-04;F;VIP;2;0;400;Cash;Dota 2;4.5;0
SESS-15480;2026-08-08 14:19:59;USR-1443;2009-07-16;M;Standard;2;0;200;App;Valorant;3.0;0
SESS-15956;2026-08-20 23:59:42;USR-1228;2007-07-03;M;Bootcamp;8;790;1200;App;CS2;3.0;0
SESS-12245;2026-08-15 21:48:28;USR-1004;01/08/2006;M;Standard;5;0;500;Card;Dota 2;4.5;0
SESS-10019;2026-08-12 22:56:55;USR-1079;2003-02-01;F;Standard;2;320;200;Card;Valorant;;0
SESS-14259;2026-08-14 17:46:50;USR-1742;2011-08-07;M;Standard;1;0;100;Cash;Dota 2;;0
SESS-15733;2026-08-23 16:40:05;USR-1528;2011-06-05;M;;Bootcamp;3;0;Card;Valorant;4.5;1
SESS-12964;2026-08-14 17:21:06;USR-1636;2004-03-21;M;Bootcamp;4;1106;540;Card;Dota 2;5.0;1
SESS-13255;2026-08-08 08:31:32;USR-1068;1993-04-03;M;VIP;3;900;600;Card;Deadlock;5.0;0
SESS-11580;2026-08-02 06:28:38;USR-1212;2010-09-05;M;Bootcamp;2;224;270;Card;Minecraft;;1
SESS-12229;2026-08-28 15:23:51;USR-1100;2003-04-03;M;Bootcamp;1;0;150;Card;CS2;4.0;0
SESS-13124;2026-08-30 20:01:07;USR-1036;2004-09-28;M;VIP;5;480;1000;Card;PUBG;4.0;0
SESS-12193;2026-08-06 14:42:28;USR-1109;2007-12-25;M;Bootcamp;2;0;300;Card;Dota 2;;0
SESS-12253;2026-08-25 02:52:48;USR-1105;2008-12-10;M;Standard;4;0;400;Cash;PUBG;4.0;0
SESS-12624;2026-08-07 17:51:26;USR-1043;2007-04-22;M;Bootcamp;3;0;450;;Valorant;4.5;0
SESS-13034;2026-08-28 19:02:10;USR-1753;2007-07-27;F;Standard;3;336;270;Card;PUBG;4.5;1
SESS-13951;2026-08-14 22:51:36;USR-1003;2008-10-26;M;PS5;5;800;1250;Card;Deadlock;4.5;0
SESS-15598;2026-08-23 17:13:22;USR-1581;1996-10-10;M;Bootcamp;1;0;150;Card;Dota 2;;0
SESS-10082;2026-08-27 08:03:57;USR-1082;2004-05-06;F;VIP;8;1430;1600;App;Minecraft;5.0;0
SESS-14244;2026-08-09 19:27:24;USR-1462;2005-11-05;M;Standard;2;0;200;App;CS2;2.0;0
SESS-13231;2026/08/25 17:21:07;USR-1260;2011-05-05;F;Standard;2;120;200;Cash;Minecraft;;0
SESS-12163;2026-08-22 11:45:24;USR-1487;2006-10-22;M;PS5;1;80;250;;CS2;;0
SESS-14987;2026-08-27 18:27:44;USR-1091;2007-11-13;M;Standard;1;112;90;Card;Apex Legends;4.0;1
SESS-12479;2026-08-15 17:04:51;USR-1252;2007-11-03;M;Bootcamp;3;320;450;Card;Deadlock;;0
SESS-12727;2026-08-03 22:59:15;USR-1743;2009-08-03;F;VIP;8;0;1600;Cash;Dota 2;;0
SESS-13409;2026-08-18 14:13:34;USR-1057;2002-08-25;M;VIP;4;720;800;App;Dota 2;4.5;0
SESS-13249;2026-08-14 22:41:41;USR-1079;2003-02-01;F;Standard;5;400;500;Card;Apex Legends;1.0;0
SESS-13389;2026-08-30 12:43:12;USR-1082;2004-05-06;F;Standard;5;0;500;Card;CS2;;0
SESS-12715;2026-08-30 19:20:35;USR-1174;2002-07-12;M;Standard;1;120;100;Card;Apex Legends;5.0;0
SESS-16403;2026-08-15 17:27:47;USR-1212;2010-09-05;M;Standard;1;0;100;App;Dota 2;1.0;0
SESS-12354;2026-08-21 21:54:47;USR-1094;2004-06-11;M;Standard;1;0;100;Card;Dota 2;;0
SESS-14168;2026-08-28 15:36:37;USR-1236;2012-01-11;F;Standard;3;120;300;App;CS2;;0
SESS-12993;2026-08-22 18:01:30;USR-1777;2007-05-08;M;Standard;3 ч.;672;270;Cash;Valorant;;1
SESS-10615;2026-08-17 17:25:13;USR-1575;1996-08-27;F;Standard;2;360;200;Card;CS2;;0
SESS-15519;2026-08-08 10:31:18;USR-1374;1993-07-26;M;VIP;4;0;800;Card;GTA V;4.0;0
SESS-10596;2026-08-26 00:19:11;USR-1737;2004-08-16;M;Standard;5;0;500;Card;CS2;5.0;0
SESS-12928;2026-08-11 17:42:54;USR-1122;2004-02-05;M;Bootcamp;1;270;150;App;Valorant;4.5;0
SESS-10684;2026-08-14 14:56:38;USR-1151;1994-06-23;M;VIP;2;390;400;Card;Cyberpunk 2077;;0
SESS-13644;2026-08-07 06:42:34;USR-1017;1994-02-15;M;VIP;2;0;400;Card;Cyberpunk 2077;5.0;0
SESS-14318;2026-08-23 14:54:05;USR-1213;2006-10-12; M ;Standard;5;800;500;App;CS2;5.0;0
SESS-16118;2026-08-02 11:33:07;USR-1465;2004-01-26;M;Standard;2;160;200;Card;CS2;;0
SESS-11985;2026-08-28 18:28:18;USR-1745;1992-10-09;M;Standard;1;120;100;Card;CS2;2.0;0
SESS-16602;2026-08-05 19:03:27;USR-1039;2003-04-10;F;VIP;2;470;400;Card;Dota 2;;0
SESS-13391;2026-08-21 16:38:17;USR-1678;2006-12-03;M;Bootcamp;3;0;450;Card;Valorant;;0
SESS-10099;2026-08-22 02:33:31;USR-1671;2006-06-07;M;Standard;2;224;180;Card;Valorant;;1
SESS-13645;2026-08-02 19:09:11;USR-1758;2006-09-14;F;Bootcamp;2;0;270;Card;CS2;;1
SESS-14983;2026-08-26 17:47:35;USR-1070;2007-01-05;M;Bootcamp;3;560;450;App;CS2;4.0;0
SESS-13155;2026-08-09 07:37:02;USR-1265;2010-01-24;M;Standard;2;0;200;Cash;CS2;;0
SESS-14854;2026-08-23 18:27:39;USR-1332;2004-11-09;M;Standard;3;336;270;Card;Deadlock;4.0;1
SESS-10915;2026-08-13 08:59:15;USR-1728;;M;Standard;2;160;200;Card;CS2;5.0;0
SESS-11521;2026-08-19 16:39:53;USR-1292;1993-12-24;F;VIP;1;330;200;Card;PUBG;;0
SESS-16276;2026-08-28 17:59:32;USR-1358;2004-05-16;F;Standard;1;160;100;Card;Valorant;;0
SESS-13203;2026-08-13 18:13:39;USR-1473;2001-01-15;M;Standard;2;224;180;Cash;Deadlock;;1
SESS-15643;2026-08-09 17:03:51;USR-1127;2009-06-13;M;Standard;3;0;300;App;Minecraft;;0
SESS-16592;2026-08-09 02:36:21;USR-1438;2006-03-21;M;Standard;1;120;100;Cash;CS2;;0
SESS-11347;2026-08-19 15:25:02;USR-1158;2010-12-14;F;Standard;3;120;300;App;CS2;4.0;0
SESS-11846;2026-08-17 12:33:09;USR-1043;2007-04-22;M;Bootcamp;2;400;300;Card;CS2;4.0;0
SESS-11671;2026-08-21 17:59:11;USR-1152;2004-07-27;M;Bootcamp;1;0;150;Card;CS2;4.0;0
SESS-14519;2026-08-29 00:49:29;USR-1581;1996-10-10;M;VIP;8;0;1600;Card;Dota 2;;0
SESS-13693;2026-08-17 23:12:25;USR-1283;2010-09-11;F;Standard;8 ч.;0;800;Card;CS2;5.0;0
SESS-11018;2026-08-23 00:48:30;USR-1608;2006-06-07;M;Standard;8;0;800;Cash;Deadlock;4.5;0
SESS-12093;2026-08-06 08:35:30;USR-1075;2008-12-21;M;VIP;2;470;400;App;CS2;;0
SESS-10392;2026-08-27 21:40:31;USR-1609;2004-04-15;M;VIP;2;470;400;App;CS2;;0
SESS-10355;2026-08-16 00:37:57;USR-1574;2008-10-18;M;VIP;5;680;1000;Card;CS2;5.0;0
SESS-16445;2026-08-22 14:42:30;USR-1718;1994-09-16;M;Bootcamp;12;3444;1620;Card;Valorant;4.5;1
SESS-11614;2026-08-07 15:26:36;USR-1419;2006-08-12;M;Standard;3;240;300;Card;CS2;4.5;0
SESS-11225;2026-08-02 22:12:51;USR-1009;1997-10-05;F;PS5;5;900;1250;Card;Dota 2;5.0;0
;2026-08-25 19:34:54;;2010-10-27;M;Bootcamp;2;80;300;Cash;Apex Legends;;0
SESS-14539;2026-08-21 15:57:50;USR-1743;2009-08-03;F;Standard;4;0;360;Cash;Valorant;4.0;1
SESS-12216;2026-08-19 12:33:12;USR-1678;2006-12-03;M;Bootcamp;4;0;600;App;Dota 2;3.0;0
SESS-12044;2026-08-31 18:15:14;USR-1245;2008-05-27;F;Bootcamp;1;310;150;Card;CS2;4.5;0
SESS-13711;2026-08-20 16:28:47;USR-1031;2010-03-02;M;Standard;3;0;300;App;Dota 2;;0
SESS-15651;2026-08-05 17:34:48;USR-1152;2004-07-27;M;VIP;4;400;800;Card;Valorant;;0
SESS-15203;2026-08-29 16:30:55;USR-1282;2005-08-11;F;Standard;4;480;400;Cash;CS2;;0
SESS-10022;2026-08-30 17:04:25;USR-1660;2011-07-03;M;Standard;3;168;270;App;Minecraft;5.0;1
SESS-12062;08/22/2026 16:10:00;USR-1690;2002-01-05;M;Bootcamp;3;320;450;Card;Dota 2;;0
SESS-11790;2026-08-24 10:02:43;USR-1147;2012-09-13;M;Standard;5;0;500;App;Dota 2;;0
SESS-10707;2026-08-06 18:27:10;USR-1146;2005-04-03;M;Standard;2;0;200;Card;Deadlock;;0
SESS-12205;2026-08-14 14:55:40;USR-1599;2011-12-13;M;Standard;5;280;450;Cash;CS2;4.0;1
SESS-14153;2026-08-31 23:53:48;USR-1374;1993-07-26;M;Bootcamp;8;1110;1200;Card;Dota 2;;0
SESS-11208;2026-08-02 23:22:02;USR-1577;1995-03-03;M;Bootcamp;3;900;450;Card;PUBG;;0
SESS-14035;2026-08-16 18:55:02;USR-1036;2004-09-28;M;VIP;2;470;400;App;CS2;;0
SESS-13570;2026-08-05 03:25:41;USR-1159;2004-02-12;M;VIP;3;0;600;Card;Apex Legends;;0
SESS-11628;2026-08-31 01:44:32;USR-1099;2004-01-10;F;VIP;8;1360;1600;Card;CS2;4.0;0
SESS-15785;2026-08-30 13:50:35;USR-1077;2005-03-16;M;Bootcamp;12;0;1800;App;Dota 2;4.0;0
SESS-11645;2026-08-16 06:24:58;USR-1033;2008-06-16;M;PS5;2;240;500;Card;Valorant;;0
SESS-16704;2026-08-19 00:36:16;USR-1271;2009-10-10;M;Standard;12;0;1200;Cash;Dota 2;;0
SESS-14921;2026-08-12 13:57:06;USR-1649;2006-07-26;M;Standard;3;336;270;Card;CS2;4.0;1
SESS-12361;2026-08-29 10:02:43;USR-1013;2012-02-18;M;Standard;3;0;300;Card;CS2;;0
SESS-10407;2026-08-09 13:15:17;USR-1765;2004-12-25;M;Bootcamp;5;0;750;Card;Dota 2;;0
SESS-12765;2026-08-30 08:46:15;USR-1464;2004-11-01;M;Bootcamp;3;0;450 ₽;Card;Dota 2;;0
SESS-13544;2026-08-23 17:43:31;USR-1011;2007-06-06;M;Standard;2;240;200;Card;Deadlock;5.0;0
SESS-10532;2026-08-14 15:52:15;USR-1042;2004-06-10;M;Standard;2;0;200;Cash;CS2;4.0;0
SESS-14878;2026-08-07 18:16:22;USR-1687;2004-01-25;M;Bootcamp;2;390;300;App;Valorant;;0
SESS-14344;08/22/2026 13:17:30;USR-1062;2012-09-01;M;Standard;1;0;100;Card;Valorant;;0
SESS-13526;2026-08-09 19:01:16;USR-1130;2011-08-14;M;Standard;4;224;360;Cash;Minecraft;;1
SESS-14380;2026-08-24 21:02:34;USR-1029;2012-04-14;M;Standard;5;0;500;App;Dota 2;;0
SESS-16615;2026-08-16 23:54:37;USR-1375;2006-04-10;M;VIP;5;950;1000;Card;Dota 2;4.0;0
SESS-14706;2026-08-22 14:21:59;USR-1442;2005-01-20;M;Standard;2;448;180;Card;CS2;5.0;1
SESS-12370;2026-08-10 23:38:33;USR-1629;2005-03-17;M;Bootcamp;12;2000;1800;App;PUBG;4.5;0
SESS-14419;2026-08-02 13:19:01;USR-1021;2004-07-25;M;VIP;1;230;200;Card;CS2;;0
SESS-11721;2026-08-29 11:32:06;USR-1603;2010-12-22;M;Bootcamp;3;0;450;Card;Valorant;;0
SESS-16108;2026-08-12 16:08:23;USR-1016;2005-05-28;F;Standard;8;1344;720;Card;Dota 2;4.0;1
SESS-16016;2026-08-15 21:37:32;USR-1610;2012-01-22;M;Standard;3;120;300;Cash;Dota 2;4.5;0
SESS-13553;2026-08-18 17:26:11;USR-1275;1998-10-28;M;PS5;1;330;25О;App;PUBG;;0
SESS-13611;2026-08-16 16:15:27;USR-1514;2008-04-05;M;VIP;2;0;400;Card;Dota 2;;0
SESS-15813;2026-08-29 18:09:50;USR-1164;2009-01-06;M;VIP;2;0;400;App;Dota 2;;0
SESS-10846;2026-08-22 17:34:52;USR-1138;2002-01-01;M;PS5;2;320;500;Card;Dota 2;;0
SESS-10280;2026-08-06 21:12:34;USR-1545;1987-06-01;M;PS5;2;510;500;Card;Dota 2;;0
SESS-16938;2026-08-09 12:45:11;USR-1103;2008-04-20;M;Bootcamp;4;790;600;Card;CS2;5.0;0
SESS-14382;2026-08-30 17:47:43;USR-1367;2008-06-11;M;Bootcamp;12;1590;1800;Card;CS2;;0
SESS-16698;2026-08-31 16:39:05;USR-1541;2011-11-17;M;Standard;4;0;400;Cash;Minecraft;4.0;0
SESS-13088;2026-08-15 17:34:50;USR-1035;2007-12-13;M;Standard;3;336;270;App;CS2;;1
SESS-12853;2026-08-21 19:26:12;USR-1064;2006-08-21;F;Bootcamp;4;400;600;Card;CS2;4.0;0
SESS-15092;2026-08-14 16:09:27;USR-1132;2008-09-20;M;Standard;4;448;360;Card;Valorant;;1
SESS-10252;2026-08-14 20:55:56;USR-1046;2009-05-11;F;Bootcamp;3;0;405;App;Minecraft;;1
SESS-14761;2026-08-29 21:22:29;USR-1547;2008-10-14;M;Bootcamp;2;0;300;Card;Dota 2;;0
SESS-13523;2026-08-04 09:52:15;USR-1143;2007-06-16;M;Standard;2;0;200;Card;Valorant;3.0;0
SESS-14487;2026-08-05 00:46:40;USR-1742;2011-08-07;M;Standard;3;0;300;Cash;Minecraft;;0
SESS-13709;2026-08-03 13:33:59;USR-1040;01/02/2005;M;VIP;2;470;400;Card;Deadlock;4.0;0
SESS-15856;2026-08-04 15:43:34;USR-1137;2005-01-22;M;PS5;1;168;225;Card;CS2;;1
SESS-14950;2026-08-02 18:30:47;USR-1733;2007-06-21;M;Standard;3;0;300;Card;Deadlock;;0
SESS-13522;2026-08-06 21:57:53;USR-1059;2012-10-27;F;VIP;2;0;400;Card;Valorant;;0
SESS-12029;2026-08-15 16:41:29;USR-1113;2005-12-17;M;Standard;5;0;500;App;Valorant;4.0;0
SESS-14167;2026-08-01 16:33:31;USR-1089;2002-06-04;F;Bootcamp;2;240;300;Card;CS2;4.0;0
SESS-17013;2026-08-02 11:20:08;USR-1451;2005-05-19;M;Standard;1;160;100;Card;PUBG;;0
SESS-15026;2026-08-04 20:51:27;USR-1076;2004-03-02;M;Standard;2;160;200;Card;PUBG;;0
SESS-15053;2026-08-15 19:47:50;USR-1341;2011-07-21;M;Bootcamp;4;336;540;Cash;CS2;4.0;1
SESS-11829;2026-08-15 15:23:07;USR-1057;2002-08-25;M;VIP;1;230;200;Card;Deadlock;;0
SESS-12660;2026-08-30 01:18:34;USR-1112;2005-08-25;M;Bootcamp;5;750;750;Card;Valorant;4.0;0
SESS-12713;2026-08-08 18:41:45;USR-1145;2000-12-11;M;VIP;3;1176;540;Card;CS2;;1
SESS-14338;2026-08-05 17:45:38;USR-1224;2004-10-06;M;Bootcamp;3;448;405;Card;Dota 2;4.5;1
SESS-10630;2026-08-29 21:47:23;USR-1380;2008-09-13;M;Standard;8;960;800;Card;Valorant;;0
SESS-13418;2026-08-06 18:05:42;USR-1219;2009-03-07;M;Standard;3;180;300;Card;Minecraft;4.0;0
SESS-16648;2026-08-01 23:39:57;USR-1032;2009-06-21;M;Standard;12;480;1200;Card;GTA V;;0
SESS-13569;2026-08-28 18:44:22;USR-1003;;M;Standard;2;0;200;Card;CS2;;0
SESS-13040;2026-08-07 12:58:42;USR-1171;2012-08-13;M;VIP;3;0;600;Cash;Deadlock;;0
SESS-16642;2026-08-29 16:59:09;USR-1766;1994-08-05;M;VIP;4;630;800;Card;Deadlock;4.5;0
SESS-12628;2026-08-09 13:54:15;USR-1093;19.09.1995;M;Standard;2;503;180;Card;Dota 2;;1
SESS-11450;2026-08-07 09:36:45;USR-1096;2007-03-05;M;VIP;2;0;400;Card;Valorant;4.5;0
SESS-10039;2026-08-22 11:39:28;USR-1130;2011-08-14;M;Standard;5;0;450;Cash;CS2;5.0;1
SESS-11387;2026-08-17 13:06:21;USR-1017;1994-02-15;M;PS5;2;0;500;Card;CS2;;0
SESS-10923;2026-08-24 09:45:53;USR-1199;2006-07-24;M; Bootcamp ;5;600;500;App;PUBG;4.5;0
SESS-16927;2026-08-22 23:22:09;USR-1046;2009-05-11;F;Bootcamp;12;480;1800;App;CS2;;0
SESS-12279;2026-08-12 17:18:25;USR-1697;2002-12-15;M;VIP;2;470;400;Card;Dota 2;4.0;0
SESS-15152;2026-08-03 15:00:50;USR-1145;2000-12-11;M;PS5;1;480;250;App;CS2;;0
SESS-15285;2026-08-07 18:01:39;USR-1009;1997-10-05;F;Standard;4;0;360;Card;PUBG;;1
SESS-15705;2026-08-03 13:03:57;USR-1452;2008-06-05;M;Bootcamp;3;0;450;App;Deadlock;1.0;0
SESS-16804;2026-08-16 20:31:46;USR-1000;2005-11-15;M;Standard;2;0;180;Card;Dota 2;;1
SESS-17096;2026-08-07 01:00:55;USR-1018;2002-11-17;M;VIP;5;680;1000;App;Valorant;5.0;0
SESS-12878;2026-08-15 12:56:37;USR-1237;2004-01-20;M;Bootcamp;1;270;150;Card;Deadlock;4.0;0
SESS-16559;2026-08-30 22:45:39;USR-1148;1993-02-16;M;Standard;12;3024;1080;Card;CS2;5.0;1
SESS-12212;2026-08-21 14:38:04;USR-1480;1991-01-14;M;Standard;1;120;100;Card;Dota 2;3.0;0
SESS-13640;2026-08-16 17:42:22;USR-1761;1986-09-19;M;PS5;3;1470;675;Card;CS2;1.0;1
SESS-10459;2026-08-30 22:54:44;USR-1073;2010-12-24;M;Standard;8;0;800;Card;Valorant;;0
SESS-11921;2026-08-16 15:49:17;USR-1417;2006-09-11;F;Standard;2;0;200;Cash;CS2;;0
SESS-12927;2026-08-01 10:18:12;USR-1256;2004-02-14;M;Standard;2;160;200;Card;Dota 2;4.5;0
SESS-11071;2026-08-04 13:12:29;USR-1674;2005-08-20;F;VIP;5;672;900;Card;CS2;4.5;1
SESS-15126;2026-08-12 08:03:13;USR-1017;1994-02-15;M;PS5;2;390;500;Cash;Deadlock;;0
SESS-14837;2026-08-20 20:21:27;USR-1609;2004-04-15;M;PS5;2;0;500;App;PUBG;;0
SESS-11535;2026-08-14 17:34:01;USR-1708;2008-03-08;M;Standard;3;240;300;Card;Valorant;;0
SESS-14538;2026-08-02 13:48:59;USR-1132;2008-09-20;M;Standard;4;0;360;App;CS2;;1
SESS-12405;2026-08-06 14:14:51;USR-1203;2008-05-15;M;Bootcamp;4;658;540;Card;CS2;;1
SESS-10980;2026-08-18 15:03:27;USR-1656;2003-11-06;M;Standard;4;672;360;Card;Dota 2;5.0;1
SESS-12584;2026-08-06 22:12:09;USR-1258;;M;PS5;12;1920;3000;App;Dota 2;4.5;0
SESS-10034;2026-08-02 16:14:26;USR-1323;2001-12-14;M;Standard;3;0;300;Card;CS2;;0
SESS-15687;2026-08-02 18:33:08;USR-1154;2000-02-18;M;PS5;~1;270;250;Card;GTA V;4.5;0
SESS-15342;2026-08-06 01:54:56;USR-1167;2004-04-20;M;Standard;12;2688;1080;Card;Dota 2;4.0;1
SESS-12578;2026-08-20 17:33:32;USR-1666;2000-02-22;F;Standard;8;1344;720;App;CS2;4.0;1
SESS-13033;2026-08-05 23:54:50;USR-1149;2006-12-05;M;Standard;8;0;800;App;CS2;3.0;0
SESS-13439;2026-08-08 19:26:43;USR-1689;2010-02-14;M;Bootcamp;1;0;150;Card;Deadlock;4.5;0
SESS-11758;2026-08-30 20:59:41;USR-1336;2005-03-08;M;VIP;3;560;600;Card;Valorant;;0
SESS-10495;2026-08-01 20:20:15;USR-1115;2001-08-07;M;Bootcamp;4;1106;540;Card;PUBG;5.0;1
SESS-14739;2026-08-28 11:49:10;USR-1334;2003-02-02;M;Standard;5;0;450;Cash;Dota 2;;1
SESS-11487;2026-08-16 15:49:37;USR-1083;1886-09-20;M;Bootcamp;999;0;150;Cash;Minecraft;4.5;0
SESS-12859;2026-08-19 18:48:27;USR-1000;2005-11-15;M;Bootcamp;4;400;600;App;PUBG;3.0;0
SESS-15934;2026-08-20 18:19:12;USR-1439;2007-12-25;M;Bootcamp;2;0;300;Card;Apex Legends;;0
SESS-16069;2026-08-11 14:19:04;USR-1410;2006-06-22;F;Standard;2;0;200;Card;Dota 2;4.5;0
SESS-11405;2026-08-01 09:16:19;USR-1125;2002-08-14;M;VIP;1;200;200;Card;PUBG;;0
SESS-11260;2026-08-16 13:54:02;USR-1238;2008-11-08;M;Bootcamp;2;0;300;Card;Apex Legends;;0
SESS-10682;2026-08-03 13:41:47;USR-1324;1996-05-14;M;PS5;1;0;250;Card;Cyberpunk 2077;;0
SESS-12431;2026-08-15 19:57:48;USR-1126;1997-11-08;M;Standard;4;1000;400;Card;Cyberpunk 2077;4.0;0
SESS-14380;2026-08-24 21:02:34;USR-1029;2012-04-14;M;Standard;5;0;500;App;Dota 2;;0
SESS-15695;2026-08-22 19:06:59;USR-1425;2010-06-12;M;Standard;2;0;200;App;Dota 2;;0
SESS-11176;2026-08-01 19:17:53;USR-1014;2010-10-27;M;Standard;1;60;100;Card;Minecraft;;0
SESS-15288;2026-08-01 15:38:13;USR-1703;2005-01-04;M;Standard;2;0;200;Card;Valorant;;0
SESS-11657;2026-08-24 22:50:38;USR-1343;2005-03-24;M;Standard;8;640;800;Card;Apex Legends;4.5;0
SESS-16382;2026-08-01 21:51:49;USR-1026;2004-11-05;M;PS5;4;896;900;Card;Dota 2;4.5;1
SESS-13492;2026-08-29 23:33:28;USR-1261;2012-03-26;M;Standard;5;400;500;;Dota 2;4.0;0
SESS-11681;2026-08-21 09:33:23;USR-1057;2002-08-25;M;;Standard;2;224;App;CS2;;1
SESS-11184;2026-08-23 18:44:17;USR-1087;1886-09-20;M;Bootcamp;999;440;450;Card;CS2;;0
SESS-15045;2026-08-15 16:02:32;USR-1431;2011-08-20;M;Standard;4;224;360;Card;Dota 2;;1
SESS-14948;2026-08-15 14:56:41;USR-1348;2008-04-26;M;Standard;1;0;100;Card;Dota 2;;0
SESS-16022;2026-08-18 00:50:13;USR-1001;2007-02-26;M;Standard;8;960;800;Card;Dota 2;4.5;0
SESS-13991;2026-08-23 12:52:50;USR-1189;2007-03-10;M;VIP;2;0;400;Card;Dota 2;;0
SESS-15072;2026-08-22 08:06:26;USR-1010;1991-07-05;F;PS5;3;0;750;App;CS2;4.5;0
SESS-11910;2026-08-20 18:22:34;USR-1132;2008-09-20;M;Bootcamp;4;560;540;App;Dota 2;;1
SESS-14496;2026-08-14 22:43:21;USR-1094;2004-06-11;M;Bootcamp;12;1554;1620;Card;CS2;4.5;1
SESS-13925;2026-08-27 21:34:24;USR-1089;2002-06-04;F;Standard;1;224;90;Card;Dota 2;;1
SESS-15153;2026-08-25 19:00:01;USR-1486;2010-10-17;M;PS5;1;0;250;Cash;Minecraft;;0
SESS-15193;2026-08-23 14:35:58;USR-1005;1997-04-20;M;Standard;2;0;200;Card;Browser/Work;;0
SESS-13012;2026-08-16 10:18:08;USR-1146;2005-04-03;M;PS5;2;320;500;App;Dota 2;;0
SESS-12233;2026-08-16 17:39:05;USR-1003;2008-10-26;M;VIP;3;320;600;App;Valorant;;0
SESS-14533;2026-08-19 20:15:39;USR-1017;1994-02-15;M;Bootcamp;12;0;1620;Card;CS2;4.5;1
SESS-16986;2026-08-09 20:36:58;USR-1014;2010-10-27;M;Standard;3;251;270;App;Valorant;;1
SESS-13997;2026-08-02 15:49:12;USR-1585;2002-01-22;M;PS5;1;0;250;Card;CS2;;0
SESS-13458;2026-08-29 18:27:00;USR-1340;2005-09-12;M;Standard;2;240;200;Card;Valorant;;0
SESS-14851;2026-08-13 20:30:09;USR-1064;2006-08-21;F;VIP;1;230;200;Card;Dota 2;;0
SESS-17108;2026-08-09 05:34:21;USR-1032;2009-06-21;M;Standard;3;240;300;Cash;CS2;5.0;0
SESS-13943;2026-08-15 16:12:12;USR-1145;2000-12-11;M;VIP;3;900;600;Card;Dota 2;;0
SESS-16261;2026-08-19 10:18:45;USR-1256;2004-02-14;M;VIP;1;310;200;App;Dota 2;;0
SESS-12518;2026-08-15 20:47:46;USR-1141;1998-03-28;M;Bootcamp;5;1959;675;Card;Dota 2;5.0;1
SESS-12073;2026-08-21 17:38:14;USR-1363;2003-07-12;M;VIP;1;0;200;Card;Minecraft;;0
SESS-15054;2026-08-25 19:44:38;USR-1625;2012-08-19;M;Bootcamp;2;80;300;App;CS2;4.5;0
SESS-14494;2026-08-06 18:29:11;USR-1222;2006-11-04;M;VIP;3;0;540;Card;CS2;5.0;1
SESS-10841;2026-08-01 00:56:13;USR-1696;2004-04-13;M;Bootcamp;3;560;450;Card;CS2;4.5;0
SESS-17016;2026-08-16 11:51:27;USR-1504;2004-11-27;M;Bootcamp;3;0;450;App;Valorant;;0
SESS-16969;2026-08-07 17:45:51;USR-1738;2012-03-17;M;Standard;1 часа;0;100;Cash;Deadlock;;0
SESS-15329;2026-08-22 13:58:42;USR-1130;2011-08-14;M;Bootcamp;2;0;300;App;Minecraft;;0
SESS-12491;2026-08-08 14:59:39;USR-1018;2002-11-17;M;Standard;2;0;200;Card;CS2;;0
SESS-14166;2026-08-20 16:36:02;USR-1287;2006-01-08;M;Standard;4;672;360 руб.;Card;CS2;4.0;1
SESS-15355;2026-08-24 18:23:44;USR-1078;1995-10-22;F;Bootcamp;5;2170;675;Card;Cyberpunk 2077;4.5;1
SESS-13489;2026-08-29 16:51:44;USR-1132;2008-09-20;M;Bootcamp;4;784;540;App;Valorant;5.0;1
SESS-10901;2026-08-04 19:48:29;USR-1103;2008-04-20;M;Standard;2;160;200;Card;CS2;;0
SESS-15348;2026-08-15 18:15:20;USR-1700;2010-12-07;M;Bootcamp;2;0;300;Cash;Minecraft;;0
SESS-16879;2026-08-05 02:57:50;USR-1112;2005-08-25;M;Standard;5;0;500;Card;Deadlock;;0
SESS-13682;2026-08-11 18:49:09;USR-1088;2004-05-15;M;Standard;3;0;300;Card;CS2;;0
SESS-16141;2026-08-10 18:39:00;USR-1051;2005-01-12;M;Bootcamp;4;1106;540;Card;CS2;;1
SESS-11351;2026-08-11 12:23:50;USR-1332;2004-11-09;M;VIP;1;224;180;Card;CS2;5.0;1
SESS-16249;2026-08-02 23:04:01;USR-1164;2009-01-06;M;Standard;8;896;720;Card;Dota 2;;1
SESS-13165;2026-08-07 23:40:10;USR-1241;1992-12-03;M;Bootcamp;5;1470;675 ₽;Card;Dota 2;5.0;1
SESS-12678;2026-08-23 21:57:39;USR-1407;1994-07-04;M;VIP;4;1150;800;Card;GTA V;3.0;0
SESS-15552;2026-08-22 15:23:30;USR-1749;1995-12-12;M;VIP;2;0;400;App;Dota 2;5.0;0
SESS-16748;2026-08-29 19:20:32;USR-1090;2010-05-10;M;Standard;12;0;1080;App;CS2;4.5;1
SESS-14481;2026-08-26 01:05:23;USR-1058;2006-06-09;M;Standard;8;960;800;Card;Valorant;5.0;0
SESS-13866;2026-08-14 23:00:02;USR-1603;2010-12-22;M;Standard;5;0;500;Card;Valorant;4.5;0
SESS-14077;2026-08-16 12:04:58;USR-1728;2008-12-16;M;Standard;~2;240;200;Card;Dota 2;;0
SESS-16494;2026-08-08 09:09:40;USR-1229;2007-06-14;M;Standard;1;160;100;Card;CS2;4.0;0
SESS-14288;2026-08-31 11:06:36;USR-1563;1992-06-16;M;VIP;4;1020;800;Card;Cyberpunk 2077;4.5;0
SESS-16626;2026-08-12 17:16:07;USR-1053;1998-05-01;M;PS5;1;0;250;Card;Dota 2;5.0;0
SESS-15562;2026-08-13 21:46:00;USR-1146;2005-04-03;M;Standard;2;0;200;App;Deadlock;;0
SESS-11520;2026/08/27 14:55:56;USR-1643;2002-07-25;M;VIP;5;0;900;Card;Dota 2;4.5;1
SESS-10272;2026-08-28 11:16:13;USR-1031;2010-03-02;M;Standard;2;0;180;App;Deadlock;3.0;1
SESS-11986;2026-08-22 09:47:06;USR-1006;2005-05-17;M;Standard;2;0;200;Card;CS2;;0
SESS-14243;2026-08-01 14:07:06;USR-1449;2007-04-21;M;Standard;3;480;300;Card;Dota 2;;0
SESS-10879;2026-08-22 18:26:38;USR-1123;1995-12-22;M;VIP;3;510;600;Card;CS2;;0
SESS-12880;2026-08-05 19:03:38;USR-1351;2012-06-13;M;Standard;3;0;300;App;CS2;;0
SESS-15038;2026-08-29 20:29:53;USR-1256;2004-02-14;M;Bootcamp;2;0;300;Card;Apex Legends;4.0;0
SESS-15804;2026-08-09 19:59:44;USR-1008;1991-02-01;F;VIP;2;714;360;Cash;CS2;;1
SESS-10091;2026-08-14 16:19:09;USR-1120;2006-07-03;M;Standard;1;120;100;Card;Deadlock;4.5;0
SESS-12805;2026-08-08 09:39:23;USR-1737;2004-08-16;M;Bootcamp;5;1050;675;Cash;Deadlock;4.0;1
SESS-13606;2026-08-01 16:46:14;USR-1097;2010-04-26;M;PS5;2;0;500;App;Valorant;;0
SESS-15126;2026-08-12 08:03:13;USR-1017;1994-02-15;M;PS5;2;390;500;Cash;Deadlock;;0
SESS-11155;2026-08-05 01:25:14;USR-1074;2004-09-03;M;VIP;8;790;1600 руб.;Card;Deadlock;4.5;0
SESS-11063;2026-08-26 13:35:03;USR-1676;1998-07-07;M;VIP;4;780;800;Card;CS2;;0
SESS-11437;2026-08-14 12:35:22;USR-1113;2005-12-17;M;Bootcamp;1;0;150;Card;Valorant;4.0;0
;2026-08-24 10:45:36;USR-1558;2007-12-03;M;Standard;2;320;200;Card;CS2;;0
SESS-10924;2026-08-29 19:35:41;USR-1307;2006-12-03;F;VIP;2;0;400;Card;Dota 2;;0
SESS-16149;2026-08-29 18:37:08;USR-1253;2011-10-01;M;VIP;2;80;400;Cash;CS2;;0
SESS-10287;2026-08-20 14:59:00;USR-1119;2003-06-06;F;Standard;2;0;180 руб.;Card;PUBG;;1
SESS-12047;2026-08-15 07:04:00;USR-1112;2005-08-25;M;VIP;1;270;200;Card;Dota 2;;0
SESS-13328;2026-08-05 07:19:48;USR-1340;2005-09-12;M;Standard;8;896;720;App;Dota 2;;1
SESS-10851;2026-08-20 21:13:22;USR-1215;2007-05-16;M;VIP;2;390;400;Card;Dota 2;;0
SESS-14032;2026-08-16 13:41:31;USR-1592;2005-06-27;M;Bootcamp;1;0;150;Card;CS2;;0
SESS-14076;2026-08-03 17:59:12;USR-1638;2007-02-24;F;Bootcamp;2;320;300;Card;Valorant;;0
SESS-13850;2026-08-21 00:09:35;USR-1102;;M;VIP;3;0;600;Cash;Minecraft;;0
SESS-13907;2026-08-18 16:09:16;USR-1321;2010-05-10;M;VIP;4;0;720;Cash;CS2;4.5;1
SESS-14608;2026-08-28 15:52:54;USR-1075;2008-12-21;M;Standard;2;240;200;Card;CS2;3.0;0
SESS-13130;2026-08-05 10:55:32;USR-1267;2004-12-08;M;PS5;4;448;900;Card;Minecraft;;1
SESS-10542;2026-08-21 17:41:29;USR-1132;2008-09-20;M;Standard;3;0;300;Card;Dota 2;;0
SESS-15300;2026-08-07 16:30:35;USR-1576;2005-07-05;F;Standard;2;240;200;App;CS2;3.0;0
SESS-14384;2026-08-02 07:00:26;USR-1022;2000-09-26;M;Bootcamp;1;0;150;Card;Browser/Work;;0
SESS-13122;2026-08-29 11:22:07;USR-1123;1995-12-22;M;VIP;3;900;600;Card;GTA V;;0
SESS-16917;2026-08-01 14:20:39;USR-1413;2001-06-20;M;Standard;2;320;200;Card;CS2;5.0;0
SESS-10789;2026-08-01 07:53:07;USR-1782;2010-04-14;M;Standard;1;60;100;Card;CS2;4.5;0
SESS-15231;2026-08-16 16:39:42;USR-1540;1993-02-15;M;PS5;3;0;675;App;Dota 2;4.5;1
SESS-14180;2026-08-29 13:15:27;USR-1120;2006-07-03;M;VIP;2;0;400;Card;Valorant;;0
SESS-14140;2026-08-18 15:30:12;USR-1066;1994-01-05;м;VIP;3;660;600;App;CS2;4.5;0
SESS-12562;2026-08-07 19:20:37;USR-1122;2004-02-05;M;PS5;4;320;1000;App;Deadlock;;0
SESS-10600;2026-08-26 16:11:22;USR-1030;2011-05-18;M;Standard;4;0;400;Cash;Minecraft;;0
SESS-15569;2026-08-29 18:51:58;USR-1073;2010-12-24;M;Standard;5;400;500;Card;Dota 2;;0
SESS-15367;2026-08-09 18:54:04;USR-1088;2004-05-15;M;VIP;3;0;600;Card;Apex Legends;;0
SESS-11272;2026-08-15 21:30:09;USR-1025;1997-05-13;F;VIP;2;650;400;Card;CS2;;0
SESS-12039;2026-08-23 14:12:23;USR-1641;2009-10-17;M;PS5;3;180;750;App;Minecraft;4.5;0
SESS-16664;2026-08-30 15:04:40;USR-1079;2003-02-01;F;Standard;3;360;300;Card;CS2;;0
SESS-14774;2026-08-30 19:18:16;USR-1152;2004-07-27;M;;VIP;2;400;Card;CS2;4.0;0
SESS-14769;2026-08-21 08:11:09;USR-1400;2006-09-16;M;Standard;1;120;100 руб.;Cash;Valorant;;0
SESS-16425;2026-08-24 20:17:01;USR-1362;2007-07-04;F;VIP;1;0;200;Card;Valorant;;0
SESS-17023;2026-08-01 19:56:29;USR-1414;2008-04-21;M;Standard;2;240;200;App;Valorant;;0
SESS-16391;2026-08-04 10:14:14;USR-1270;2005-08-03;M;VIP;2;470;400;Card;Dota 2;;0
SESS-13680;2026-08-05 00:00:36;USR-1729;2006-02-25;M;Bootcamp;8;720;1200;App;Valorant;4.5;0
SESS-14731;2026-08-14 22:45:08;USR-1572;2005-08-27;M;Standard;3;0;300;Card;CS2;;0
SESS-16162;2026-08-29 17:06:33;USR-1159;2004-02-12;M;Bootcamp;4;784;540;Card;Valorant;;1
SESS-14218;2026-08-02 15:39:05;USR-1041;1992-05-02;M;VIP;4;870;800;Card;Cyberpunk 2077;;0
SESS-11983;2026-08-20 15:38:00;USR-1085;2000-03-10;M;Standard;1;0;100;Card;Cyberpunk 2077;;0
SESS-13300;2026-08-02 17:42:02;USR-1025;1997-05-13;F;VIP;4;882;720;Card;Valorant;4.5;1
SESS-16459;2026-08-06 00:36:27;USR-1100;2003-04-03;M;Standard;5;0;500;App;Deadlock;;0
SESS-14403;2026-08-29 19:11:26;USR-1097;2010-04-26;M;Bootcamp;2;120;300 ₽;App;CS2;5.0;0
SESS-10217;2026-08-10 19:18:02;USR-1134;2004-08-26;M;VIP;2;470;400;Card;CS2;4.5;0
SESS-10832;2026-08-28 21:52:38;USR-1013;2012-02-18;M;Standard;3;0;300;Cash;CS2;;0
SESS-10602;2026-08-20 16:14:05;USR-1157;2005-06-14;M;Bootcamp;2;400;300;App;Valorant;;0
SESS-13854;2026-08-12 19:57:54;USR-1533;2008-10-09;M;Standard;2;448;180;App;Dota 2;;1
SESS-16706;2026-08-10 18:10:08;USR-1131;2006-08-05;M;PS5;4;480;1000;Card;Dota 2;4.0;0
SESS-11363;2026-08-01 12:22:51;USR-1119;2003-06-06;F;Standard;2;448;180;Card;CS2;4.5;1
SESS-16522;2026-08-02 20:36:39;USR-1122;2004-02-05;M;Standard;1;0;100;Card;Dota 2;;0
SESS-13013;2026-08-18 17:42:23;USR-1136;1993-06-01;M;Bootcamp;4;780;600;Card;GTA V;;0
SESS-10865;2026-08-04 20:35:38;USR-1005;1997-04-20;M;PS5;3;923;675;Card;CS2;;1
SESS-14799;2026-08-25 20:38:01;USR-1573;2005-10-03;M;VIP;5;951;900;Card;Deadlock;4.0;1
SESS-12238;2026-08-24 14:33:38;USR-1489;2011-07-19;M;Standard;3;0;270;Card;Minecraft;5.0;1
SESS-12641;2026-08-04 21:04:06;USR-1018;2002-11-17;M;VIP;1;0;200;Cash;Valorant;;0
SESS-15842;2026-08-09 17:09:27;USR-1189;2007-03-10;M;Standard;4;480;400;Card;CS2;;0
SESS-13831;2026-08-01 14:00:57;USR-1731;1998-02-04;M;VIP;2;390;400;App;Dota 2;;0
SESS-11652;2026-08-29 03:16:26;USR-1360;2000-09-11;M;Bootcamp;4;0;600;Card;CS2;;0
SESS-14812;2026-08-22 12:25:35;USR-1383;2006-09-18;M;Standard;2;320;200;App;Dota 2;;0
SESS-11871;2026-08-02 17:17:25;USR-1039;2003-04-10;F;VIP;3;630;600;Card;Dota 2;;0
SESS-16329;2026-08-21 15:04:30;USR-1286;1993-06-23;M;VIP;8;1740;1600;Card;Dota 2;;0
SESS-13844;2026-08-15 13:17:12;USR-1603;2010-12-22;M;Standard;1;60;100;Cash;Apex Legends;;0
SESS-13216;2026-08-30 17:07:50;USR-1498;1986-07-05;M;VIP;2;660;400;Cash;Cyberpunk 2077;;0
SESS-11226;2026-08-26 05:34:09;USR-1488;2008-08-08;F;PS5;2;0;500;Card;CS2;;0
SESS-12712;2026-08-18 18:37:20;USR-1195;2005-08-17;M;Standard;5;0;500;Card;Deadlock;;0
SESS-15812;2026-08-01 18:28:53;USR-1072;2005-05-26;M;Bootcamp;5;0;675;Cash;Valorant;5.0;1
SESS-16390;2026-08-28 12:17:44;USR-1135;2012-06-13;M;Bootcamp;1;0;150;App;Deadlock;;0
SESS-13245;2026-08-15 21:20:32;USR-1621;2006-12-15;M;PS5;3;0;675;Card;Cyberpunk 2077;;1
SESS-14294;2026-08-09 09:21:16;USR-1096;2007-03-05;M;VIP;2;0;400;App;CS2;4.0;0
SESS-11443;2026-08-01 10:13:23;USR-1198;2004-10-15;M;Bootcamp;1;0;150;Card;Valorant;;0
SESS-11557;2026-08-09 15:09:20;USR-1035;2007-12-13;M;Standard;5;560;450;Card;Dota 2;5.0;1
SESS-13741;2026-08-19 23:07:07;USR-1669;2005-06-05;M;Standard;5;560;450 ₽;Card;CS2;5.0;1
SESS-14791;2026-08-07 15:19:10;USR-1018;2002-11-17;M;VIP;2;400;400;Cash;Dota 2;;0
SESS-17080;2026-08-27 15:24:55;USR-1515;2007-01-14;M;Bootcamp;3;440;450;App;Apex Legends;;0
SESS-13975;2026-08-21 22:36:09;USR-1591;2007-08-05;M;VIP;12;0;2400;Card;Apex Legends;4.5;0
SESS-15928;2026-08-13 18:04:17;USR-1382;2010-02-10;M;Standard;2;120;200;Cash;Valorant;4.5;0
SESS-11473;2026-08-22 21:49:28;USR-1011;2007-06-06;M;Bootcamp;2;0;270;Card;Deadlock;;1
SESS-16623;2026-08-06 16:51:46;USR-1149;2006-12-05;M;Standard;2;0;200;Card;Valorant;;0
SESS-15490;2026-08-27 17:37:48;USR-1303;2006-10-23;M;Bootcamp;3;714;405;Cash;Dota 2;;1
SESS-12369;2026-08-16 14:05:42;USR-1036;2004-09-28;M;;Bootcamp;4;0;Cash;Dota 2;4.0;0
SESS-16723;2026-08-09 16:16:58;USR-1051;2005-01-12;M;Standard;1;0;100;Card;Dota 2;;0
SESS-12788;2026-08-28 17:01:10;USR-1418;2006-08-28;M;PS5;5;800;1250;Card;Valorant;4.5;0
SESS-12582;2026-08-28 07:45:56;USR-1551;2003-01-20;M;Standard;3;480;300;App;Valorant;4.5;0
SESS-14838;2026-08-31 19:39:29;USR-1042;2004-06-10;M;PS5;2;240;500;Card;CS2;1.0;0
SESS-17062;2026-08-22 09:03:55;USR-1036;2004-09-28;M;Bootcamp;1;322;135;Card;Dota 2;3.0;1
SESS-11108;2026-08-31 19:57:36;USR-1541;2011-11-17;M;Standard;3;336;270;Card;Deadlock;;1
SESS-12673;2026-08-14 17:47:46;USR-1590;2011-11-05;M;Standard;3;168;270;Cash;CS2;;1
SESS-15615;2026-08-01 17:10:18;USR-1676;1998-07-07;M;Bootcamp;8;0;1200;App;PUBG;;0
SESS-16882;2026-08-08 06:33:51;USR-1432;2004-06-21;M;Standard;3;503;270;Card;Dota 2;;1
SESS-11331;2026-08-16 17:53:33;USR-1531;2004-10-05;M;Bootcamp;1;230;150;App;Valorant;4.5;0
SESS-12480;2026-08-06 20:58:55;USR-1358;2004-05-16;F;VIP;5;550;1000;Card;Minecraft;4.0;0
SESS-10561;2026-08-10 10:49:09;USR-1243;2005-06-18;M;Bootcamp;1;0;150;Card;Minecraft;;0
SESS-15447;2026-08-14 17:07:19;USR-1536;2002-06-13;M;Standard;2;0;200;Cash;Valorant;4.0;0
SESS-13226;2026-08-24 19:59:00;USR-1065;2012-05-07;F;Standard;2;0;200;App;Valorant;;0
SESS-11390;2026-08-21 20:34:12;USR-1207;2012-09-11;M;Standard;1;0;100;App;Deadlock;;0
SESS-16194;2026-08-14 17:50:11;USR-1097;2010-04-26;M;Bootcamp;4;448;540;Cash;Minecraft;3.0;1
SESS-15824;2026-08-26 17:35:09;USR-1067;2006-04-02;M;Standard;4;448;360;Card;Apex Legends;3.0;1
SESS-13282;2026-08-17 21:58:04;USR-1067;2006-04-02;M;Bootcamp;3;714;405;Card;Dota 2;;1
SESS-11722;2026-08-12 14:01:02;USR-1070;2007-01-05;M;Bootcamp;2;240;300;App;Deadlock;4.0;0
SESS-15331;2026-08-01 10:15:57;USR-1621;2006-12-15;M;VIP;3;616;540;;CS2;5.0;1
SESS-15550;2026-08-29 17:51:34;USR-1072;2005-05-26;M;Bootcamp;1;310;150;Card;Valorant;;0
SESS-10131;2026-08-21 17:26:21;USR-1652;2004-12-09;M;Standard;2;160;200;App;Dota 2;;0
SESS-15394;2026-08-16 00:24:21;USR-1147;2012-09-13;M;Standard;8;0;720;Cash;Dota 2;5.0;1
SESS-14163;2026-08-27 12:08:29;USR-1064;2006-08-21;F;Standard;2;240;200;Cash;Dota 2;;0
SESS-11440;2026-08-15 11:33:16;USR-1261;2012-03-26;M;Standard;1;0;100;Cash;CS2;;0
SESS-12847;2026-08-03 11:14:37;USR-1331;2007-03-24;M;Standard;4;480;400;Card;CS2;;0
SESS-12472;2026-08-16 15:29:44;USR-1507;1991-02-02;M;Standard;2;500;200;Card;CS2;;0
SESS-10730;2026-08-01 16:37:30;USR-1155;2010-04-23;F;Standard;8;0;720;App;Valorant;4.0;1
SESS-13371;2026-08-26 19:48:20;USR-1728;2008-12-16;1;VIP;1;0;200;Card;Valorant;;0
SESS-10949;2026-08-11 20:26:28;USR-1343;2005-03-24;M;Standard;~3;0;270;Card;Dota 2;;1
SESS-15046;2026-08-04 17:13:25;USR-1407;1994-07-04;M;Bootcamp;2;650;300;Card;Dota 2;;0
SESS-13743;2026-08-18 18:20:37;USR-1106;1997-11-09;M;Standard;4;0;400;Card;CS2;;0
SESS-16566;2026-08-07 17:36:19;USR-1176;1997-02-22;F;VIP;1;550;200;Card;Cyberpunk 2077;;0
SESS-15176;2026-08-09 19:06:06;USR-1149;2006-12-05;M;Standard;4;448;360;App;Dota 2;5.0;1
SESS-11038;2026-08-10 02:46:08;USR-1470;1992-02-25;M;Bootcamp;2;800;300;Cash;CS2;3.0;0
SESS-15498;2026-08-28 17:33:15;USR-1096;2007-03-05;M;Standard;4;320;400;App;CS2;4.0;0
SESS-12663;2026-08-15 14:38:01;USR-1409;2007-05-15;M;VIP;1;280;180;Cash;Dota 2;1.0;1
SESS-11436;2026-08-08 15:55:32;USR-1034;2010-09-11;F;Standard;8;896;720;Cash;Minecraft;4.0;1
SESS-11762;2026-08-23 13:56:21;USR-1538;2010-01-26;M;Standard;2;0;200;Card;Minecraft;;0
SESS-12435;2026-08-07 15:14:40;USR-1481;2012-01-04;F;Standard;1;60;100;Cash;Minecraft;;0
SESS-16732;2026-08-25 18:23:45;USR-1242;2005-09-25;F;Bootcamp;2;400;300;Card;Dota 2;4.0;0
SESS-14392;2026-08-06 16:23:11;USR-1230;1992-06-15;F;Standard;2;360;200;Card;Dota 2;;0
SESS-10003;2026-08-28 12:14:12;USR-1351;2012-06-13;M;Standard;5;0;450;App;CS2;;1
SESS-13684;2026-08-02 19:37:06;USR-1522;2023-06-15;M;Bootcamp;-2;560;450;Card;CS2;;0
SESS-13010;2026-08-24 15:32:15;USR-1100;2003-04-03;M;Standard;4;0;360;Card;PUBG;3.0;1
SESS-14879;2026-08-16 19:00:31;USR-1067;2006-04-02;M;Standard;4;0;360;Card;CS2;4.5;1
SESS-15440;2026-08-16 19:38:37;USR-1628;2008-10-25;F;PS5;4;0;1000;App;Dota 2;;0
SESS-16600;2026-08-04 18:48:22;USR-1675;2005-06-14;M;Standard;3;480;300;Card;Valorant;;0
SESS-11035;2026-08-27 00:56:24;USR-1257;2009-05-25;F;Standard;2;0;200;Cash;CS2;4.0;0
SESS-12783;2026-08-10 07:34:44;USR-1571;2003-01-10;M;Standard;12;960;1200;Card;CS2;5.0;0
SESS-16037;2026-08-25 07:47:18;USR-1524;2008-02-17;M;Standard;1;112;90;Card;Deadlock;;1
SESS-14884;2026-08-18 23:14:06;USR-1701;1996-05-13;F;VIP;2 ч.;390;400;Card;GTA V;;0
SESS-15446;2026-08-24 19:09:42;USR-1665;2006-07-08;F;Bootcamp;4;658;540;App;Cyberpunk 2077;;1
SESS-15920;2026-08-17 15:46:27;USR-1012;2006-05-26;M;Bootcamp;1;0;150;Card;CS2;;0
SESS-10524;2026-08-06 12:32:05;USR-1159;2004-02-12;M;;Bootcamp;5;0;App;CS2;;1
SESS-11323;2026-08-06 02:41:48;USR-1058;2006-06-09;M;Bootcamp;1;0;150;Card;CS2;;0
SESS-10006;2026-08-13 14:38:51;USR-1563;1992-06-16;M;VIP;2;0;400;Cash;Valorant;;0
SESS-14488;2026-08-07 13:43:16;USR-1161;05/09/2012;F;Standard;1;0;100;App;Deadlock;;0
SESS-12077;2026-08-07 13:14:56;USR-1526;2007-04-16;F;Bootcamp;1;160;150;App;Dota 2;5.0;0
SESS-11926;2026-08-14 18:10:38;USR-1387;1988-10-23;M;VIP;2;0;400;Card;Cyberpunk 2077;;0
SESS-16871;2026-08-08 17:12:16;USR-1011;2007-06-06;M;Bootcamp;4;0;600;Card;Dota 2;;0
SESS-13760;2026-08-28 16:39:58;USR-1514;2008-04-05;M;PS5;3;0;750;Card;CS2;;0
SESS-12151;2026-08-18 19:23:33;USR-1146;2005-04-03;м;Standard;3;360;300;Card;CS2;4.0;0
SESS-16291;2026-08-03 11:37:03;USR-1653;2006-09-10;F;Standard;5;0;500;Cash;CS2;4.5;0
SESS-15808;2026-08-01 08:16:40;USR-1727;2001-04-28;1;Bootcamp;1;0;150;Card;Minecraft;;0
SESS-12179;2026-08-24 18:27:48;USR-1153;2006-11-27;M;Standard;3;503;270;App;PUBG;;1
SESS-16740;2026-08-14 15:32:32;USR-1460;2011-12-11;M;Standard;2;0;200;Cash;CS2;4.5;0
SESS-16802;2026-08-22 23:43:26;USR-1713;2005-09-25;M; Bootcamp ;8;1280;800;Card;CS2;4.0;0
SESS-11887;2026-08-21 20:54:49;USR-1383;2006-09-18;M;Standard;3;0;300;Card;Dota 2;;0
SESS-15721;2026-08-17 19:32:37;USR-1334;2003-02-02;M;Bootcamp;1;270;150;App;Dota 2;4.0;0
SESS-16975;2026-08-13 03:19:40;USR-1076;2004-03-02;M;Standard;2;320;200;Card;Dota 2;5.0;0
SESS-15560;2026-08-03 17:30:33;USR-1164;2009-01-06;M;PS5;2;112;450;App;GTA V;5.0;1
SESS-16336;2026-08-30 11:35:14;USR-1031;2010-03-02;M;Standard;2;120;200;Card;Dota 2;;0
SESS-10596;2026-08-26 00:19:11;USR-1737;2004-08-16;M;Standard;5;0;500;Card;CS2;5.0;0
SESS-11868;2026-08-31 16:18:47;USR-1502;1990-03-10;M;PS5;2;540;500;Card;Browser/Work;;0
SESS-16813;2026-08-01 15:29:44;USR-1071;2007-09-17;M;Bootcamp;2;0;300;Cash;Minecraft;4.5;0
SESS-16938;2026-08-09 12:45:11;USR-1103;2008-04-20;M;Bootcamp;4;790;600;Card;CS2;5.0;0
SESS-10872;2026-08-30 22:07:29;USR-1273;2005-03-24;M;PS5;12;1440;3000;App;CS2;;0
SESS-15166;2026-08-01 14:16:35;USR-1291;1995-02-07;F;VIP;2;510;400;Card;Browser/Work;;0
SESS-12501;2026-08-27 23:27:30;USR-1404;2010-02-10;M;Standard;8;640;800;App;CS2;;0
SESS-12174;2026-08-22 17:10:37;USR-1376;2003-07-08;M;Standard;2;0;200;Card;Dota 2;;0
SESS-15973;2026-08-13 15:51:12;USR-1083;2009-01-17;M;Standard;1;40;100;Cash;CS2;;0
SESS-10550;2026-08-28 12:59:42;USR-1061;2003-09-11;M;Standard;3;360;300;Cash;CS2;4.5;0
SESS-16775;2026-08-08 07:08:45;USR-1792;2008-06-16;F;Bootcamp;1;310;150;Card;Dota 2;;0
SESS-16196;2026-08-23 16:56:44;USR-1069;2004-01-15;M;VIP;2;0;400;App;Dota 2;;0
SESS-13881;2026-08-15 19:23:14;USR-1287;2006-01-08;M;Bootcamp;3;0;450;App;CS2;5.0;0
SESS-12721;2026-08-28 15:10:39;USR-1777;2007-05-08;M;VIP;4;0;800;Card;Dota 2;5.0;0
SESS-11078;2026-08-18 00:58:51;USR-1627;1990-04-25;M;VIP;8;0;1600;Card;GTA V;;0
SESS-14708;2026-08-18 18:39:24;USR-1170;2001-05-18;M;PS5;3;480;750;App;Dota 2;;0
SESS-15591;2026-08-06 05:26:39;USR-1053;1998-05-01;M;Standard;2;0;200;App;PUBG;;0
SESS-11848;2026-08-05 18:20:03;USR-1079;2003-02-01;F;Standard;3;360;300 руб.;Card;Deadlock;;0
SESS-13213;2026-08-27 14:38:14;USR-1533;;M;PS5;3;360;750;App;CS2;;0
SESS-12925;2026-08-23 15:20:36;USR-1784;2007-12-05;M;Bootcamp;2;240;300;Card;CS2;;0
SESS-11410;2026-08-24 01:40:54;USR-1063;2008-01-18;F;Standard;5;0;500;App;Dota 2;4.0;0
SESS-14616;2026-08-21 08:01:02;USR-1303;2006-10-23;M;Bootcamp;2;390;300;Card;CS2;4.5;0
SESS-15922;2026-08-18 23:57:49;USR-1039;2003-04-10;F;Standard;5;600;500;Card;CS2;5.0;0
SESS-15335;2026-08-07 19:22:15;USR-1084;2005-03-01;F;Bootcamp;1;230;150;Card;Minecraft;;0
SESS-12498;2026-08-30 14:44:51;USR-1290;2010-01-20;M;Standard;2;0;200;Cash;CS2;4.5;0
SESS-12765;2026-08-30 08:46:15;USR-1464;2004-11-01;M;Bootcamp;3;0;450 ₽;Card;Dota 2;;0
SESS-15259;2026-08-15 21:32:39;USR-1425;2010-06-12;M;Standard;3;0;270;App;Minecraft;;1
SESS-16633;2026-08-29 19:30:43;USR-1119;2003-06-06;F;Bootcamp;1;378;135;App;CS2;;1
SESS-11012;2026-08-05 17:31:41;USR-1121;2008-02-21;M;Standard;3;0;300;Card;Valorant;;0
SESS-10650;2026-08-12 22:53:57;USR-1217;2003-04-26;M;Standard;8;960;800;App;Dota 2;4.5;0
SESS-17081;2026-08-11 22:23:09;USR-1365;1995-04-18;M;PS5;5;1400;1250;Card;Cyberpunk 2077;;0
SESS-14897;2026-08-22 15:06:37;USR-1097;2010-04-26;M;Standard;2;224;180;;Deadlock;;1
SESS-16769;2026-08-05 23:38:01;USR-1075;2008-12-21;M;Bootcamp;8;1903;1080;App;CS2;4.0;1
SESS-15230;2026-08-13 12:43:47;USR-1151;1994-06-23;M;Bootcamp;4;1092;540;Card;CS2;4.0;1
SESS-11416;2026-08-13 08:48:40;USR-1367;2008-06-11;M;VIP;1;160;200;Card;CS2;;0
SESS-10233;2026-08-08 14:20:43;USR-1025;1997-05-13;F;VIP;2;540;400;Card;Dota 2;;0
SESS-10714;2026-08-16 15:22:49;USR-1093;09/19/1995;M;PS5;2;660;500;Card;CS2;4.5;0
SESS-15473;2026-08-24 14:52:56;USR-1140;2006-12-27;F;Standard;2;160;200;Cash;CS2;;0
SESS-12298;2026-08-16 23:12:20;USR-1106;1997-11-09;M;PS5;8;3220;1800;Cash;Dota 2;4.5;1
SESS-11746;2026-08-04 12:45:31;USR-1000;2005-11-15;M;VIP;3;320;600;Card;Dota 2;4.0;0
SESS-10182;2026-08-16 20:41:07;USR-1140;2006-12-27;F;Bootcamp;2;470;300;Card;CS2;5.0;0
SESS-14486;2026-08-07 21:37:34;USR-1376;2003-07-08;M;Standard;2;0;200;Card;CS2;;0
SESS-15604;2026-08-09 03:19:53;USR-1540;1993-02-15;M;PS5;2;800;500;Card;Cyberpunk 2077;4.0;0
SESS-10337;2026-08-08 15:29:54;USR-1078;1995-10-22;F;Bootcamp;3;900;450;Card;Cyberpunk 2077;5.0;0
SESS-13720;2026-08-18 22:52:33;USR-1249;2010-09-12;M;Standard;12;0;1200;Cash;Dota 2;4.0;0
SESS-10487;2026-08-24 18:26:43;USR-1432;2004-06-21;M;Standard;3;0;270;App;Deadlock;;1
SESS-11471;2026-08-12 00:49:31;USR-1401;2002-10-03;M;VIP;3;0;540;App;CS2;4.0;1
SESS-12055;2026-08-24 10:45:47;USR-1442;2005-01-20;M;Standard;3;0;270;Card;CS2;;1
SESS-10060;2026-08-29 14:12:12;USR-1462;2005-11-05;M;Bootcamp;2;0;300;Card;Dota 2;3.0;0
SESS-16970;2026-08-26 23:20:31;USR-1057;2002-08-25;M;Standard;12;2015;1080;Card;Dota 2;4.5;1
SESS-15471;2026-08-28 14:04:05;USR-1643;2002-07-25;M;Standard;1;120;100;Card;Dota 2;;0
SESS-10213;2026-08-30 18:33:47;USR-1613;;M;VIP;3;690;600;Card;Browser/Work;5.0;0
SESS-12908;2026-08-22 16:09:01;USR-1550;2006-12-13;M;VIP;1;160;200;Card;CS2;;0
SESS-10252;2026-08-14 20:55:56;USR-1046;2009-05-11;F;Bootcamp;3;0;405;App;Minecraft;;1
SESS-16587;2026-08-30 21:18:26;USR-1040;2005-01-02;M;Bootcamp;1;0;150;Card;Dota 2;4.0;0
SESS-11813;2026-08-06 09:28:43;USR-1649;2006-07-26;M;Standard;2;160;200;App;Dota 2;4.0;0
SESS-10209;2026-08-06 15:19:41;USR-1408;1994-03-23;M;PS5;1;270;250;Card;Browser/Work;;0
SESS-16166;2026-08-06 15:45:07;USR-1177;2003-09-19;M;Bootcamp;3;0;450;App;CS2;;0
SESS-14162;2026-08-29 11:37:56;USR-1239;2009-07-17;M;PS5;2;80;500;App;Valorant;;0
SESS-14478;2026-08-07 18:31:55;USR-1119;2003-06-06;F;VIP;2;390;400;Card;CS2;;0
SESS-10638;2026-08-02 00:00:33;USR-1624;2008-01-03;M;Standard;8;0;800;Card;CS2;4.5;0
SESS-15005;2026-08-09 19:47:09;USR-1082;2004-05-06;F;Bootcamp;8;0;1200;Card;CS2;4.0;0
;2026-08-26 19:13:27;USR-1312;2011-11-05;F;Standard;3;0;300;Cash;CS2;;0
SESS-10221;2026-08-13 23:43:06;USR-1001;2007-02-26;M; Bootcamp ;8;0;2000;Card;Dota 2;4.0;0
SESS-12178;2026-08-31 14:41:27;USR-1007;2003-09-21;M;Bootcamp;2;448;270;App;Deadlock;;1
SESS-12514;2026-08-15 23:11:09;USR-1111;1997-10-25;M; standard ;8;2150;1600;App;Cyberpunk 2077;;0
SESS-16143;2026-08-23 23:20:52;USR-1139;2012-11-24;M;Bootcamp;8;0;1200;Cash;CS2;3.0;0
SESS-12459;2026-08-13 17:46:21;USR-1017;1994-02-15;M;Standard;3;503;270;Card;CS2;4.0;1
;2026-08-24 12:23:03;;2002-07-12;M;Bootcamp;3;448;405;Card;CS2;4.5;1
SESS-14819;2026-08-22 18:19:54;USR-1001;2007-02-26;M;Standard;3;240;300;Card;Dota 2;3.0;0
SESS-11611;2026-08-01 14:37:45;USR-1707;2011-03-12;M;Standard;2;0;200;Cash;CS2;;0
SESS-11321;2026-08-07 18:34:45;USR-1694;2001-09-20;M;Standard;2;320;200;Cash;Dota 2;4.5;0
SESS-10382;2026-08-14 13:38:06;USR-1071;2007-09-17;M;Bootcamp;1;270;150;Card;Dota 2;4.0;0
SESS-11156;2026-08-30 19:47:17;USR-1039;2003-04-10;F;Bootcamp;3;714;405;Card;GTA V;;1
SESS-14982;2026-08-30 15:39:13;USR-1068;1993-04-03;M;Bootcamp;2;0;300;App;CS2;4.0;0
SESS-16416;2026-08-07 12:37:18;USR-1142;2004-11-07;Мужской;Standard;8;960;800;App;Valorant;;0
SESS-17048;2026-08-21 17:45:49;USR-1451;2005-05-19;M;Standard;1;0;100;Card;Valorant;4.5;0
SESS-15839;2026-08-31 19:48:05;USR-1086;2011-03-02;M;Standard;5;0;500;App;Valorant;;0
SESS-10024;2026-08-02 08:50:28;USR-1044;1999-09-01;M;VIP;2;0;400;App;Dota 2;;0
SESS-14114;2026-08-14 12:06:13;USR-1148;1993-02-16;M;PS5;2;660;500;Card;PUBG;;0
SESS-14482;2026-08-28 14:26:49;USR-1641;2009-10-17;M;Standard;3;0;270;Cash;CS2;4.5;1
SESS-11698;2026-08-14 15:35:25;USR-1766;1994-08-05;M;Standard;5;840;450;Card;CS2;3.0;1
SESS-12198;2026-08-09 12:41:39;USR-1117;2010-06-21;M;Standard;1;80;100;Cash;CS2;;0
SESS-14888;2026-08-23 15:34:31;USR-1556;2005-04-09;M;VIP;3 ч.;0;600;Card;CS2;4.5;0
SESS-14636;2026-08-24 16:54:17;USR-1597;2010-07-06;M;Standard;3;0;300;App;Dota 2;;0
SESS-11801;2026-08-28 19:19:11;USR-1065;2012-05-07;F;Bootcamp;4;0;600;Cash;Dota 2;;0
SESS-13904;2026-08-10 13:01:28;USR-1095;2005-12-26;M;Standard;2;240;200;Card;Dota 2;4.5;0
SESS-11475;2026-08-15 22:15:00;USR-1782;2010-04-14;M;Standard;12;0;1200;App;CS2;;0
SESS-16794;2026-08-16 15:26:18;USR-1636;2004-03-21;M;Bootcamp;1;200;150;Card;CS2;;0
SESS-11650;2026-08-23 10:31:13;USR-1798;2003-05-06;F;Standard;4;0;360;App;Dota 2;4.5;1
SESS-12655;2026-08-20 07:49:46;USR-1612;2012-07-16;M;Standard;2;0;200;Cash;Dota 2;4.0;0
SESS-12875;2026-08-24 12:09:55;USR-1522;2006-08-27;M;Standard;2;0;200;Cash;Valorant;;0
SESS-15089;2026-08-31 21:02:59;USR-1078;1995-10-22;F;Standard;2;360;200;App;CS2;;0
SESS-10282;2026-08-28 19:56:25;USR-1156;2009-04-26;M;Standard;3;0;300;App;Minecraft;4.5;0
SESS-16792;2026-08-14 12:25:37;USR-1075;2008-12-21;M;;Standard;3;503;App;Dota 2;;1
SESS-15018;2026-08-28 13:39:29;USR-1063;2008-01-18;F;Bootcamp;~3;320;450;Card;CS2;;0
SESS-10385;2026-08-09 10:33:45;USR-1478;2006-11-04;F;Standard;2;160;200;Cash;CS2;;0
SESS-11262;2026-08-09 21:59:24;USR-1617;2009-07-04;M;Bootcamp;3;168;405;App;Valorant;;1
SESS-15697;2026-08-30 19:28:59;USR-1130;2011-08-14;M;Standard;2;120;200;Cash;Minecraft;;0
SESS-14833;2026-08-02 10:15:26;USR-1532;1997-10-18;M;PS5;2;0;500;Card;CS2;;0
SESS-14614;2026-08-15 14:51:36;USR-1284;2012-02-26;M;Standard;2;0;200;App;Dota 2;;0
SESS-15105;2026-08-08 11:16:44;USR-1196;2007-09-09;M;VIP;3;882;540;Card;CS2;4.5;1
SESS-10439;2026-08-31 08:25:33;USR-1139;2012-11-24;M;Standard;2;0;180;Cash;CS2;4.5;1
SESS-10386;2026-08-16 08:45:04;USR-1431;2011-08-20;M;Standard;3;0;300;Cash;CS2;;0
SESS-16312;2026-08-29 18:55:30;USR-1087;2006-03-16;M;PS5;2;0;500;Card;Deadlock;;0
SESS-13516;2026-08-12 07:17:11;USR-1474;2007-10-28;M;Standard;2;0;200;Card;Deadlock;;0
SESS-12085;2026-08-13 02:09:08;USR-1137;2005-01-22;M;Standard;2;0;200;App;Valorant;;0
SESS-11669;2026-08-10 16:38:44;USR-1101;1997-03-02;M;VIP;5;2170;900;Card;CS2;;1
SESS-13297;2026-08-18 20:03:23;USR-1686;2007-08-12;M;Bootcamp;2;310;300;Card;CS2;;0
SESS-14985;2026-08-10 13:39:26;USR-1473;2001-01-15;M;VIP;2;0;400;Card;CS2;;0
SESS-13863;2026-08-07 16:59:32;USR-1556;2005-04-09;M;VIP;2;240;400;Card;PUBG;;0
SESS-12550;2026-08-27 11:39:10;USR-1474;2007-10-28;M;Standard;1;80;100;Card;Dota 2;;0
SESS-16154;2026-08-29 18:20:35;USR-1659;2004-02-16;F;Bootcamp;1;0;150;App;Apex Legends;5.0;0
SESS-14840;2026-08-14 13:44:30;USR-1075;2008-12-21;M; standard ;2;240;200;Card;CS2;;0
SESS-11547;2026-08-31 16:50:01;USR-1386;2012-05-08;M;Bootcamp;3;0;450;Cash;Minecraft;;0
SESS-16954;2026-08-09 16:36:25;USR-1658;2010-03-07;M;Standard;1;40;100;App;Deadlock;4.0;0
SESS-12383;2026-08-22 20:09:27;USR-1250;1995-01-26;M;VIP;3;0;600;Card;GTA V;;0
SESS-15032;2026-08-01 19:49:10;USR-1545;1987-06-01;M;PS5;5;0;1250;Card;GTA V;4.5;0
SESS-13683;2026-08-08 18:41:37;USR-1667;2006-01-07;M;Standard;1;0;100;App;Dota 2;4.0;0
SESS-11139;2026-08-30 13:39:30;USR-1226;2006-05-20;M;Standard;1;0;100;Card;CS2;;0
SESS-14817;2026-08-21 10:41:52;USR-1001;2007-02-26;M;Bootcamp;3;390;450;Cash;Dota 2;4.0;0
SESS-13797;2026-08-25 19:10:07;USR-1254;2007-02-23;M;Bootcamp;4;400;600;App;CS2;3.0;0
SESS-13595;2026-08-28 19:52:23;USR-1167;2004-04-20;M;Bootcamp;4;630;600;Card;CS2;4.0;0
SESS-12539;2026-08-20 22:46:56;USR-1620;2011-02-02;M;Standard;12;0;1200;App;CS2;4.0;0
SESS-15277;2026-08-18 13:30:08;USR-1077;2005-03-16;M;Standard;5;560;450;Card;GTA V;4.0;1
SESS-12532;2026-08-22 21:37:29;USR-1039;2003-04-10;F;Bootcamp;3;390;450;Card;Dota 2;;0
SESS-12646;2026-08-27 19:38:32;USR-1494;2005-12-24;M;VIP;2;0;400;Card;Dota 2;;0
SESS-15252;2026-08-23 18:50:25;USR-1441;1994-02-24;M;PS5;2;390;500;Card;CS2;;0
SESS-10472;2026-08-12 06:05:06;USR-1669;2005-06-05;M;VIP;1;200;200;App;CS2;4.0;0
SESS-12955;2026-08-22 12:59:54;USR-1046;2009-05-11;F;Standard;3;0;300;Cash;Valorant;;0
SESS-11305;2026-08-15 19:58:27;USR-1089;2002-06-04;F;Standard;3;0;300;Card;Dota 2;4.5;0
SESS-10809;2026-08-14 11:14:45;USR-1054;1999-10-07;F;Standard;1;180;100;Card;Cyberpunk 2077;;0
SESS-16518;2026-08-08 11:50:33;USR-1361;1994-07-23;M;Bootcamp;2;800;300;Card;CS2;;0
SESS-12689;2026-08-22 17:54:44;USR-1141;1998-03-28;M;Bootcamp;2;0;300;Card;Cyberpunk 2077;;0
SESS-15323;2026-08-11 20:33:32;USR-1437;2007-05-08;F;Standard;2;224;180;Card;Deadlock;;1
SESS-12553;2026-08-29 14:37:31;USR-1624;2008-01-03;M;Bootcamp;5;1050;675;Card;Cyberpunk 2077;;1
SESS-14925;2026-08-18 21:35:07;USR-1033;2008-06-16;M;Bootcamp;5;0;675;Card;Dota 2;;1
SESS-12190;2026-08-06 18:42:51;USR-1669;2005-06-05;M;Bootcamp;8;1456;1080;Card;CS2;5.0;1
SESS-16980;2026-08-23 16:23:04;USR-1497;2009-07-10;M;Bootcamp;1;0;150;Card;CS2;4.5;0
SESS-16005;2026-08-23 19:43:26;USR-1157;2005-06-14;M;Bootcamp;3;0;450;App;CS2;4.0;0
SESS-14110;2026-08-02 23:10:18;USR-1177;2003-09-19;M;Standard;5;400;500;Card;Cyberpunk 2077;;0
SESS-14097;2026-08-22 13:22:18;USR-1238;2008-11-08;M;VIP;2;0;400;App;Valorant;;0
SESS-14510;2026-08-14 17:26:17;USR-1268;2006-10-23;M;VIP;2;0;400;Card;Apex Legends;2.0;0
SESS-12934;2026-08-22 17:47:27;USR-1758;2006-09-14;F;Bootcamp;2;0;300;Card;CS2;;0
SESS-10692;2026-08-30 19:32:46;USR-1089;2002-06-04;F;Standard;1;0;100;Card;CS2;;0
SESS-13624;2026-08-15 11:05:36;USR-1028;2008-11-24;M;VIP;2;0;400;Card;Valorant;;0
SESS-14449;2026-08-22 18:26:02;USR-1099;2004-01-10;F;VIP;3;0;540;Card;Dota 2;5.0;1
SESS-16052;2026-08-08 16:43:28;USR-1434;2003-07-23;M;Bootcamp;1 часа;160;150;Card;CS2;;0
SESS-13502;2026-08-12 21:11:01;USR-1148;1993-02-16;M;Bootcamp;1;400;150;App;PUBG;2.0;0
SESS-15535;17.08.2026 14:21:06;USR-1538;2010-01-26;M;Standard;3;0;300;App;GTA V;;0
SESS-17044;2026-08-01 14:47:05;USR-1681;2011-11-16;M;VIP;1;0;200;App;CS2;;0
SESS-15263;2026-08-29 19:17:40;USR-1343;2005-03-24;M; standard ;3;560;450;Card;CS2;2.0;0
SESS-14535;2026-08-29 11:14:42;USR-1480;1991-01-14;M;Bootcamp;2;0;300;Card;Cyberpunk 2077;;0
SESS-16465;2026-08-27 13:15:39;USR-1194;2023-06-15;M;Standard;-2;0;300;Cash;Dota 2;5.0;0
SESS-13966;2026-08-09 12:03:07;USR-1307;2006-12-03;F;Bootcamp;4;1007;540;Card;CS2;4.0;1
SESS-13293;2026-08-06 18:16:15;USR-1116;2003-02-05;F;Standard;2;240;200;Card;CS2;;0
SESS-12182;2026-08-18 20:48:18;USR-1572;2005-08-27;M;Bootcamp;5;0;675;Card;Valorant;4.5;1
SESS-15736;2026-08-22 19:02:25;USR-1049;1997-11-16;M;Standard;1;0;100;Card;PUBG;3.0;0
SESS-13985;2026-08-05 21:36:50;USR-1432;2004-06-21;M;Bootcamp;2;0;300;Card;CS2;;0
SESS-15508;2026-08-07 13:06:36;USR-1082;2004-05-06;F;Bootcamp;1;230;150;Cash;CS2;;0
SESS-13913;2026-08-31 13:10:36;USR-1107;2011-02-22;M;Standard;5;0;500;App;Dota 2;4.0;0
SESS-13022;2026-08-22 20:06:43;USR-1013;2012-02-18;M;Standard;3;0;300;App;Valorant;5.0;0
SESS-14934;2026-08-03 03:32:54;USR-1238;2008-11-08;M;Bootcamp;2;400;300;App;Apex Legends;;0
SESS-14172;08/05/2026 20:19:33;USR-1098;2012-02-17;M;Standard;1;0;100;App;Valorant;;0
SESS-12990;2026-08-14 07:36:37;USR-1038;2007-09-18;M;Standard;4;0;400;App;Deadlock;;0
SESS-14704;2026-08-03 18:02:28;USR-1325;2012-04-06;M;PS5;3;0;750;App;Valorant;4.0;0
SESS-10825;2026-08-13 17:19:48;USR-1145;2000-12-11;M;VIP;3;900;600;Card;CS2;4.5;0
SESS-12653;2026-08-11 11:17:42;USR-1121;2008-02-21;M;Standard;2;320;200;Card;Valorant;;0
SESS-10748;2026-08-21 13:46:15;USR-1458;2000-12-18;M;Standard;3;0;300;App;Cyberpunk 2077;;0
SESS-15668;2026-08-07 03:42:33;USR-1746;2001-08-27;M;PS5;3;480;750;Cash;CS2;;0
SESS-16292;2026-08-21 16:56:32;USR-1292;1993-12-24;F;;Standard;2;0;Card;CS2;4.5;0
SESS-15358;2026-08-19 20:34:03;USR-1513;2003-05-15;F;Standard;2;160;200;App;CS2;;0
SESS-15657;2026-08-23 17:52:13;USR-1177;2003-09-19;M;Standard;1;0;100;Card;Dota 2;;0
SESS-10077;2026-08-26 15:02:16;USR-1733;2007-06-21;M;Standard;3 часа;672;270;Card;CS2;5.0;1
SESS-15957;2026-08-14 17:39:24;USR-1014;2010-10-27;M;VIP;1;40;200;App;Dota 2;4.0;0
SESS-10668;2026-08-01 17:47:57;USR-1727;2023-06-15;M;Standard;999;0;200;App;CS2;;0
SESS-15961;2026-08-15 18:26:13;USR-1081;2004-02-04;M;;VIP;4;0;App;CS2;4.5;0
SESS-12962;2026-08-04 19:33:49;USR-1271;2009-10-10;M;Standard;12;0;1200;App;CS2;4.0;0
SESS-11259;2026-08-23 12:51:26;USR-1088;2004-05-15;M;Standard;4;0;400;Card;CS2;4.0;0
SESS-12800;2026-08-13 13:37:50;USR-1059;2012-10-27;F;PS5;2;0;500;;CS2;;0
SESS-13731;2026-08-31 15:31:52;USR-1102;2012-11-14;M;PS5;2;0;500;App;Dota 2;3.0;0
SESS-11749;2026-08-10 09:18:07;USR-1059;2012-10-27;F;Standard;1;80;100;Card;Valorant;4.0;0
SESS-13259;2026-08-15 19:27:49;USR-1039;2003-04-10;F;Standard;5;0;500;Card;Deadlock;4.5;0
SESS-12729;2026-08-23 14:49:18;USR-1256;2004-02-14;M;Standard;2;160;200;App;Deadlock;;0
SESS-16897;2026-08-24 20:50:37;USR-1176;1997-02-22;F;VIP;3;690;600;Card;Browser/Work;;0
SESS-14721;2026-08-29 16:08:54;USR-1307;2006-12-03;F;PS5;5;560;1125;App;Deadlock;5.0;1
SESS-16330;15.08.2026 01:44:13;USR-1344;2007-08-23;M;Standard;8;0;800;App;CS2;;0
SESS-11612;2026-08-31 19:50:46;USR-1514;2008-04-05;M;VIP;2;240;400;Card;CS2;5.0;0
SESS-10908;2026-08-31 21:45:08;USR-1594;2003-05-19;F;Standard;3;360;300;App;CS2;;0
SESS-10969;2026-08-29 16:05:46;USR-1251;2004-08-07;M;Standard;2;240;200;Cash;Valorant;;0
SESS-15672;2026-08-09 11:59:33;USR-1164;2009-01-06;M;Standard;4;0;360;App;CS2;5.0;1
SESS-10653;2026-08-29 13:36:01;USR-1669;2005-06-05;M;Standard;2;0;200;App;Apex Legends;;0
SESS-11735;2026-08-18 13:11:43;USR-1013;2012-02-18;M;Standard;4;0;400;Card;CS2;;0
SESS-15357;2026-08-10 13:21:10;USR-1113;2005-12-17;M;VIP;5;951;900;Cash;CS2;5.0;1
SESS-16029;2026-08-20 14:34:07;USR-1118;2008-09-20;F;Standard;5;400;500;Card;Deadlock;4.0;0
SESS-16726;2026-08-21 22:17:04;USR-1326;1991-02-19;M;Standard;5;1250;500;Card;Cyberpunk 2077;4.0;0
SESS-16919;2026-08-09 19:28:01;USR-1700;2010-12-07;M;Standard;4;0;360;App;CS2;;1
SESS-11264;2026-08-16 14:11:11;USR-1473;15.01.2001;M;Standard;2;0;200;Card;CS2;;0
SESS-10029;2026-08-30 19:47:28;USR-1014;2010-10-27;M;Standard;4;0;400;Card;Dota 2;5.0;0
SESS-11024;2026-08-01 11:25:10;USR-1075;2008-12-21;M;Bootcamp;1;310;150;Card;Valorant;;0
SESS-11269;2026-08-28 19:06:46;USR-1107;2011-02-22;M;;Bootcamp;3;120;Cash;CS2;4.0;0
SESS-14200;2026-08-04 01:54:11;USR-1014;2010-10-27;M;Standard;5;420;450;App;Valorant;4.5;1
SESS-16208;2026-08-15 17:55:54;USR-1382;2010-02-10;M;Bootcamp;2;168;270;Cash;CS2;;1
SESS-16696;2026-08-24 13:54:31;USR-1774;2007-09-02;M;Standard;3;360;300;Cash;Dota 2;4.0;0
SESS-14810;2026-08-25 07:10:23;USR-1643;2002-07-25;M;VIP ;8;960;800;Cash;CS2;;0
SESS-14102;2026-08-16 18:14:17;USR-1409;2007-05-15;M;Standard;2;160;200;Card;Deadlock;;0
SESS-14396;2026-08-02 15:52:28;USR-1050;2008-08-14;M;VIP;2;0;400;App;Valorant;4.0;0
SESS-14371;2026-08-22 22:01:55;USR-1359;2007-02-10;M;Bootcamp;5;0;750;Card;Dota 2;;0
SESS-11569;2026-08-17 20:37:40;USR-1590;2011-11-05;M;Bootcamp;12;0;1800;Card;CS2;1.0;0
SESS-10406;2026-08-21 00:51:58;USR-1095;2005-12-26;M;Bootcamp;2;390;300;Card;Dota 2;5.0;0
SESS-11678;2026-08-29 18:28:42;USR-1482;1997-09-04;M;VIP;1;550;200;App;GTA V;;0
SESS-13482;2026-08-17 16:42:07;USR-1528;2011-06-05;M;VIP;4;0;720;App;Minecraft;4.0;1
SESS-15939;2026-08-30 18:00:57;USR-1178;2011-04-10;M;Standard;2;0;180;App;CS2;;1
SESS-11133;2026-08-14 07:35:38;USR-1175;1994-07-23;M;VIP;5;1470;900;App;Browser/Work;4.0;1
SESS-12184;2026-08-16 09:39:43;USR-1134;2004-08-26;M;Standard;4;480;400;Card;Dota 2;4.0;0
SESS-10203;2026-08-31 11:03:54;USR-1086;2011-03-02;M;Standard;2;0;200;Cash;CS2;4.0;0
SESS-12471;2026-08-25 11:39:27;USR-1155;2010-04-23;F;Standard;4 часа;0;400;Cash;Apex Legends;;0
SESS-15566;2026-08-08 15:12:10;USR-1742;2011-08-07;M;Standard;5;300;500;App;CS2;4.5;0
SESS-14947;2026-08-09 16:39:59;USR-1415;2011-09-13;M;Standard;1;0;100;App;GTA V;3.0;0
SESS-12301;2026-08-08 21:38:45;USR-1085;2000-03-10;M;VIP;3;660;600;Card;CS2;5.0;0
SESS-11747;2026-08-05 19:45:45;USR-1441;1994-02-24;M;PS5;4;1428;900;Card;Dota 2;;1
SESS-15485;2026-08-29 22:54:21;USR-1401;2002-10-03;M;PS5;8;0;2000;App;Dota 2;;0
SESS-16107;2026-08-13 22:52:12;USR-1378;2005-03-07;M;VIP;5;0;900;Card;CS2;;1
SESS-13361;2026-08-22 12:08:58;USR-1141;1998-03-28;M;VIP;5;0;1000;Card;Cyberpunk 2077;1.0;0
SESS-16926;2026-08-25 15:29:56;USR-1459;2002-07-10;F;Standard;4;480;400;Card;CS2;4.0;0
SESS-11011;2026-08-16 19:33:40;USR-1389;2005-02-24;F;Bootcamp;2;0;300;App;CS2;5.0;0
SESS-15726;2026-08-06 17:40:02;USR-1009;1997-10-05;F;Standard;1;0;100;Card;Dota 2;;0
SESS-12513;2026-08-21 07:44:55;USR-1081;2004-02-04;M;Standard;2;320;200;Card;CS2;;0
SESS-14256;2026/08/20 19:27:52;USR-1639;2007-08-16;M;Standard;1;80;100;Card;CS2;5.0;0
SESS-12418;2026-08-29 20:06:48;USR-1338;2023-06-15;M;Standard;-2;0;100;Card;Dota 2;;0
SESS-10990;2026-08-24 20:13:28;USR-1734;1991-03-22;M;Standard;3;0;300;;GTA V;4.0;0
SESS-10701;2026-08-13 10:49:12;USR-1467;2006-07-05;F;PS5;3;0;750;Card;CS2;4.0;0
SESS-14926;2026-08-29 14:09:29;USR-1286;1993-06-23;M;Bootcamp;3;0;450;Card;PUBG;;0
SESS-11151;2026-08-03 20:40:16;USR-1195;2005-08-17;M;Standard;2;0;200;App;GTA V;4.0;0
SESS-15451;2026-08-05 19:45:27;USR-1644;2012-07-22;F;Bootcamp;2;80;300;App;Dota 2;4.5;0
SESS-12631;2026-08-24 12:00:16;USR-1111;1997-10-25;M;VIP;4;1218;720;Card;Browser/Work;2.0;1
SESS-12952;2026-08-09 19:52:03;USR-1478;2006-11-04;F;Bootcamp;2;390;300;Card;Valorant;;0
SESS-17093;2026-08-01 17:35:55;USR-1338;2004-10-27;M;Standard;1;120;100;App;CS2;;0
SESS-11792;2026-08-09 18:58:17;USR-1065;2012-05-07;F;Standard;3;336;270;App;Dota 2;;1
SESS-13028;2026-08-22 14:16:21;USR-1042;2004-06-10;M;Standard;2;0;200;Cash;Dota 2;;0
SESS-14988;2026-08-07 13:47:13;USR-1017;1994-02-15;M;PS5;2;0;500;App;CS2;;0
SESS-14475;2026-08-07 13:51:34;USR-1145;2000-12-11;M;Standard;2;500;200;Card;GTA V;;0
SESS-10951;2026-08-01 07:12:10;USR-1072;2005-05-26;M;Standard;4;0;400;App;Deadlock;4.0;0
SESS-12942;2026-08-25 23:54:28;USR-1605;2006-06-01;M;Standard;8;640;800;App;Dota 2;;0
SESS-13058;2026-08-07 11:39:11;USR-1039;2003-04-10;F;Standard;3;0;300;Card;CS2;4.5;0
SESS-16266;2026-08-14 11:06:51;USR-1701;1996-05-13;F;PS5;2;390;500;Card;Cyberpunk 2077;;0
SESS-10881;2026-08-11 14:27:45;USR-1302;2007-11-25;M;PS5;5;0;1125;App;Apex Legends;4.0;1
SESS-13253;2026-08-04 14:34:46;USR-1019;1993-10-21;M;PS5;2;800;500;App;Dota 2;;0
SESS-14752;2026-08-24 14:29:48;USR-1284;2012-02-26;M;Standard;1;60;100;Card;Minecraft;;0
SESS-15185;2026-08-26 15:21:04;USR-1165;1999-09-15;M;VIP;3;1260;540;Card;Cyberpunk 2077;;1
SESS-12257;2026-08-13 18:06:25;USR-1576;2005-07-05;F;Bootcamp;3;320;450;Card;Dota 2;;0
SESS-12826;2026-08-21 10:17:54;USR-1051;2005-01-12;M;Standard;2;160;200;Card;Valorant;;0
SESS-12693;2026-08-18 09:54:38;USR-1066;1994-01-05;M;Standard;3;0;300;Cash;GTA V;5.0;0
SESS-14558;2026-08-07 11:57:58;USR-1600;2005-07-17;M;VIP;3;390;600;Card;CS2;;0
SESS-13048;2026-08-28 17:49:24;USR-1476;2007-07-12;M;Bootcamp;2;0;270;Card;CS2;4.0;1
SESS-15843;2026-08-12 20:06:06;USR-1115;2001-08-07;M;VIP;1;0;200;Card;CS2;;0
SESS-13924;2026-08-22 20:13:42;USR-1156;2009-04-26;M;Standard;8;0;800;App;Valorant;4.0;0
SESS-13723;2026-08-02 21:07:00;USR-1662;2006-12-28;F;Bootcamp;8;1360;1200;App;CS2;;0
SESS-14750;2026-08-04 23:04:39;USR-1769;1995-09-11;F;Standard;8;1440;800;Card;Deadlock;3.0;0
SESS-10989;2026-08-25 21:15:48;USR-1656;2003-11-06;M; standard ;3;240;300;Card;Deadlock;4.5;0
SESS-11482;2026-08-22 13:07:50;USR-1524;2008-02-17;M;Bootcamp;1;0;150;App;CS2;;0
SESS-17007;2026-08-23 00:35:08;USR-1214;2004-11-05;F;Standard;12;0;1200;Cash;Valorant;;0
SESS-16164;2026-08-23 15:49:53;USR-1627;1990-04-25;M;Standard;3;750;300;Card;Cyberpunk 2077;;0
SESS-14574;2026-08-12 17:35:53;USR-1376;2003-07-08;M;VIP;1;0;200;Card;CS2;4.0;0
SESS-14315;2026-08-05 01:18:27;USR-1059;2012-10-27;F;Standard;8;0;800;Card;Minecraft;3.0;0
SESS-11955;2026-08-22 21:01:11;USR-1543;2010-11-12;M;Standard;1;0;100;Card;CS2;;0
SESS-17122;2026-08-30 14:26:08;USR-1181;2003-01-07;F;Bootcamp;1;0;150;App;CS2;;0
SESS-14183;2026-08-21 17:20:49;USR-1444;1996-03-22;M;VIP;3;1470;540;Card;CS2;;1
SESS-10490;2026-08-12 19:59:13;USR-1012;2006-05-26;M;Standard;2;0;200;Card;CS2;;0
SESS-12080;2026-08-21 15:46:32;USR-1087;2006-03-16;M;Standard;1;120;100;Card;Deadlock;;0
SESS-16822;2026-08-07 13:13:52;USR-1001;2007-02-26;M;Bootcamp;3;0;450;Card;Dota 2;4.0;0
SESS-14986;2026-08-15 16:30:57;USR-1014;2010-10-27;M;Standard;4;0;400;App;CS2;;0
SESS-15489;2026-08-17 18:22:37;USR-1300;2008-04-23;F;VIP;2;0;400;Card;Dota 2;5.0;0
SESS-10551;2026-08-28 22:49:16;USR-1027;1997-11-04;F;PS5;5;0;1250;Cash;Browser/Work;4.0;0
SESS-15090;2026-08-29 22:26:12;USR-1660;2011-07-03;M; standard ;8;0;720;Card;CS2;4.5;1
SESS-13563;2026-08-29 14:15:30;USR-1380;2008-09-13;M;PS5;2;0;500;Card;Dota 2;4.5;0
SESS-15279;2026-08-22 21:18:18;USR-1092;2007-02-23;M;Standard;3;0;300;Card;Valorant;;0
SESS-15548;2026-08-15 11:38:43;USR-1703;2005-01-04;M;Standard;2;0;180;Card;GTA V;;1
SESS-12307;2026-08-21 15:42:46;USR-1322;2011-04-03;M;Standard;5;200;500;Card;CS2;4.5;0
SESS-10183;2026-08-01 15:21:31;USR-1071;2007-09-17;M;Bootcamp;2;0;300;Card;CS2;;0
SESS-14156;2026-08-23 16:54:53;USR-1344;2007-08-23;M;PS5;1;0;250;App;Dota 2;4.0;0
SESS-13373;2026-08-08 17:36:07;USR-1331;2007-03-24;M;VIP;5;1050;900;Card;CS2;4.0;1
SESS-15430;2026-08-01 11:52:49;USR-1234;2012-05-15;M;Bootcamp;3;0;450;Card;Dota 2;;0
SESS-15142;2026-08-16 17:56:51;USR-1000;2005-11-15;M;Standard;3;360;300;App;CS2;;0
SESS-14530;2026-08-15 16:47:52;USR-1463;2003-05-07;M;Standard;3;480;300;Card;Dota 2;;0
SESS-16717;2026-08-17 20:31:08;USR-1199;2006-07-24;M;PS5;3;0;750;Card;CS2;;0
SESS-15426;2026-08-24 13:02:38;USR-1165;1999-09-15;M;VIP;1;550;200;Card;CS2;;0
SESS-14568;2026-08-16 14:48:01;USR-1349;1992-07-28;F;Standard;2;0;200;Cash;Cyberpunk 2077;;0
SESS-10266;2026-08-30 14:45:18;USR-1059;2012-10-27;F;Standard;4;0;400;App;Minecraft;4.0;0
SESS-10281;2026-08-20 17:00:19;USR-1172;2011-08-20;M; Bootcamp ;1;0;150;Cash;Dota 2;;0
SESS-15418;2026-08-19 12:34:52;USR-1443;;M;Standard;2;0;200;App;Dota 2;;0
SESS-13857;2026-08-20 17:29:47;USR-1440;2006-10-21;M;VIP;4;784;720;App;Dota 2;5.0;1
SESS-11907;2026-08-26 05:27:54;USR-1560;2007-10-06;M;Bootcamp;3;0;45О;Card;Apex Legends;;0
SESS-10837;2026-08-25 18:40:20;USR-1501;2009-03-16; M ;Standard;1;0;100;Cash;CS2;;0
SESS-11296;2026/08/29 13:52:18;USR-1037;2010-08-28;M;VIP;5;0;1000;Cash;Valorant;;0
SESS-13276;2026-08-14 17:32:26;USR-1546;2008-04-14;M;Bootcamp;2;0;300;Card;Dota 2;;0
SESS-16759;2026-08-17 09:01:59;USR-1546;2008-04-14;M;Standard;2;336;180;Card;Apex Legends;;1
SESS-12614;2026-08-25 17:25:06;USR-1115;2001-08-07;M;Standard;3;0;300;Card;Valorant;;0
SESS-15712;2026-08-23 21:00:45;USR-1100;2003-04-03;M;Bootcamp;1;200;150;Card;Dota 2;3.0;0
SESS-13588;2026-08-24 18:42:42;USR-1374;1993-07-26;M;Standard;1;180;100;Card;Dota 2;;0
SESS-17050;2026-08-16 16:57:04;USR-1499;2007-05-20;M;VIP;3;784;540;Card;CS2;4.5;1
SESS-16117;2026-08-29 18:53:01;USR-1036;2004-09-28;M;Bootcamp;2;320;300;Card;Dota 2;;0
SESS-10153;2026-08-09 22:16:45;USR-1519;1996-11-27;F;PS5;12;2436;2700;Card;Cyberpunk 2077;4.5;1
SESS-14429;2026-08-04 10:57:08;USR-1065;2012-05-07;F;Standard;4;448;360;App;Valorant;;1
SESS-13041;2026-08-07 12:16:19;USR-1018;2002-11-17;M;Standard;2;0;200;Card;Dota 2;;0
SESS-14672;2026-08-22 15:25:50;USR-1355;2003-03-22;M;Standard;4;320;400;App;Dota 2;;0
SESS-15740;2026-08-04 10:23:04;USR-1780;2010-08-17;M;Standard;3;0;300;Cash;Apex Legends;5.0;0
SESS-15031;2026-08-28 20:12:41;USR-1485;2011-05-10;F;Bootcamp;1;0;150;App;Minecraft;;0
SESS-11193;2026-08-19 20:06:55;USR-1377;2004-08-26;M;Standard;2;0;200;App;Valorant;4.0;0
SESS-12192;2026-08-09 12:28:39;USR-1347;2006-11-23;M;Standard;2;0;200;App;Valorant;;0
SESS-11285;2026-08-23 17:52:45;USR-1768;2006-03-08;M;Bootcamp;1;336;135;Card;CS2;4.5;1
SESS-12421;2026-08-31 17:11:18;USR-1403;2004-05-06;M;Standard;3;240;300;Card;Dota 2;1.0;0
SESS-12596;2026-08-14 16:03:48;USR-1135;2012-06-13;M;VIP;5;300;1000;App;Valorant;4.0;0
SESS-16649;2026-08-27 16:21:23;USR-1154;2000-02-18;M;VIP;12;3300;2400;Card;CS2;;0
SESS-15128;2026-08-26 18:00:05;USR-1086;2011-03-02;M;Standard;1;0;100;Card;Deadlock;;0
SESS-12611;2026-08-16 21:08:47;USR-1245;2008-05-27;F;Standard;5;560;450;Card;CS2;;1
SESS-14389;2026-08-06 11:50:00;USR-1684;2008-10-14;M;Standard;4;0;360;App;Dota 2;;1
SESS-12079;08/26/2026 16:58:41;USR-1757;2010-01-25;M;Standard;3;0;300;Cash;Minecraft;;0
SESS-14373;2026-08-18 22:01:16;USR-1023;2008-04-24;F;PS5;8;960;2000;Card;Dota 2;5.0;0
SESS-17099;2026-08-07 16:27:38;USR-1411;2010-08-16;F;Standard;2;0;200;Card;Apex Legends;;0
SESS-10494;2026-08-07 16:51:21;USR-1178;2011-04-10;M;VIP;5;0;1000;Cash;Minecraft;4.0;0
SESS-17024;2026-08-30 16:32:05;USR-1504;2004-11-27;M;Standard;2;0;200;Card;CS2;;0
SESS-17132;2026-08-19 15:59:12;USR-1373;1993-11-14;M;Standard;3;1050;270;Cash;Dota 2;;1
SESS-10171;2026-08-06 14:19:45;USR-1033;2008-06-16;M;VIP;3;0;540;App;Dota 2;;1
SESS-12187;2026-08-17 17:08:16;USR-1037;2010-08-28;M;Bootcamp;2;80;300;Cash;Minecraft;;0
SESS-12797;2026-08-29 19:47:03;USR-1555;2011-04-14;F;Standard;3;0;300;App;Deadlock;4.5;0
SESS-16438;2026-08-16 15:36:04;USR-1016;2005-05-28;F;Standard;2;0;200;Card;Dota 2;;0
SESS-11559;2026-08-02 16:35:23;USR-1096;2007-03-05;M;Standard;1;0;100;Card;Dota 2;;0
SESS-15899;2026-08-13 08:19:31;USR-1083;2009-01-17;M;Standard;3;168;270;Cash;Dota 2;4.0;1
SESS-10952;2026-08-24 10:39:35;USR-1044;1999-09-01;M;Bootcamp;2;540;300;Card;Dota 2;;0
SESS-16161;2026-08-10 13:58:14;USR-1005;1997-04-20;M;Standard;2;0;200;Card;CS2;;0
SESS-16530;2026-08-23 11:10:18;USR-1675;2005-06-14;M;Bootcamp;3;0;405;Card;CS2;4.0;1
SESS-10589;2026-08-26 18:21:22;USR-1702;1990-01-22;F;Standard;8;0;720;Card;CS2;4.5;1
SESS-13794;2026-08-02 14:28:56;USR-1462;2005-11-05;M;Standard;3;480;300;Card;Deadlock;;0
SESS-11757;2026-08-20 03:06:44;USR-1628;2008-10-25;F;PS5;2;0;500;App;Deadlock;;0
SESS-11797;2026-08-28 07:01:14;USR-1144;;M;VIP;2;0;400;Card;CS2;;0
SESS-10081;2026-08-23 17:14:42;USR-1710;2003-03-07;F;Bootcamp;2;310;300;Card;Deadlock;4.5;0
SESS-15487;2026-08-26 16:56:51;USR-1455;2010-07-28;M;Standard;3;0;270;Cash;Valorant;4.5;1
SESS-15014;2026-08-28 22:50:53;USR-1065;2012-05-07;F;Bootcamp;8;480;1200;Card;Minecraft;;0
SESS-10553;2026-08-01 21:11:50;USR-1059;2012-10-27;F;Standard;2;0;200;Cash;Valorant;;0
SESS-14467;2026-08-17 10:52:50;USR-1704;2005-09-25;M;Standard;1;120;100;Card;Dota 2;;0
SESS-16662;2026-08-13 17:25:07;USR-1389;2005-02-24;F;PS5;5;840;1125;App;CS2;;1
SESS-15377;2026-08-26 20:56:28;USR-1120;2006-07-03;M;PS5;5;0;1250;App;Dota 2;4.5;0
SESS-11672;2026-08-08 07:21:45;USR-1015;2011-11-25;M;VIP;2;0;400;App;Minecraft;;0
SESS-10058;2026-08-08 14:52:50;USR-1052;2007-01-01;M;VIP;3;320;600;App;CS2;4.5;0
SESS-10139;2026-08-23 21:55:56;USR-1307;2006-12-03;F;Standard;1;0;100;Card;CS2;;0
SESS-14663;2026-08-28 19:57:17;USR-1009;1997-10-05;F;Standard;2;500;200;Card;Cyberpunk 2077;4.0;0
SESS-14387;2026-08-08 20:16:50;USR-1025;1997-05-13;F;VIP;3;660;600;Card;Deadlock;4.5;0
SESS-16676;2026-08-01 14:51:10;USR-1748;2004-02-07;M;Bootcamp;4;400;600;App;CS2;;0
SESS-14794;2026-08-01 18:10:42;USR-1137;2005-01-22;M;Standard;2;160;200;Card;CS2;;0
SESS-16966;2026-08-30 20:45:55;USR-1026;2004-11-05;M;Bootcamp;5;672;675;App;CS2;4.0;1
SESS-17085;2026-08-10 19:17:54;USR-1798;2003-05-06;F;Standard;2;240;200;App;CS2;4.0;0
SESS-16716;2026-08-16 14:52:33;USR-1553;2010-07-20;F;Standard;5;0;450;App;Valorant;5.0;1
SESS-15605;2026-08-01 17:24:11;USR-1779;2006-11-16;M;Standard;3;360;300;Card;Valorant;5.0;0
SESS-13695;2026-08-26 15:55:51;USR-1391;2005-03-11;M;Standard;2;0;200;Card;Deadlock;;0
SESS-12283;2026-08-25 09:58:15;USR-1148;1993-02-16;M;Standard;3;1050;270;Card;CS2;;1
SESS-12075;2026-08-19 13:31:34;USR-1556;2005-04-09;M;VIP;3;320;600;App;CS2;4.5;0
SESS-14767;2026-08-21 10:40:22;USR-1220;2007-03-02;M;Standard;3;503;270;Card;Apex Legends;;1
SESS-15694;2026-08-07 10:30:53;USR-1140;2006-12-27;F;Standard;1;120;100;Card;Deadlock;5.0;0
SESS-16262;2026-08-10 00:32:26;USR-1622;1998-02-02;M;VIP;5;1200;1000;Card;CS2;2.0;0
SESS-12177;2026-08-01 19:28:29;USR-1233;2008-10-06;M;VIP;2;240;400;App;Dota 2;4.5;0
SESS-13055;2026-08-29 11:41:04;USR-1122;2004-02-05;M;VIP;2;240;400;Cash;Cyberpunk 2077;;0
SESS-13790;2026-08-07 14:59:09;USR-1003;2008-10-26;M;Bootcamp;3;784;405;Card;CS2;4.0;1
SESS-16526;2026-08-20 19:38:04;USR-1176;1997-02-22;F;VIP;1;550;200;Card;Dota 2;4.0;0
SESS-15727;2026-08-18 20:37:10;USR-1018;2002-11-17;M;VIP;2;0;400;Card;Minecraft;;0
SESS-12031;08/30/2026 20:08:52;USR-1035;2007-12-13;M;Bootcamp;2;0;300;Card;CS2;;0
SESS-13823;2026-08-08 20:29:30;USR-1072;2005-05-26;M;Standard;4;672;360;Card;Deadlock;;1
SESS-15531;2026-08-12 06:09:34;USR-1622;1998-02-02;M;PS5;3;0;750;App;GTA V;4.5;0
SESS-16324;2026-08-18 21:37:52;USR-1241;1992-12-03;M;VIP;1;550;200;Card;CS2;;0
SESS-10489;2026-08-26 22:56:00;USR-1481;2012-01-04;F;Standard;8;448;720;App;Minecraft;4.5;1
SESS-10008;2026-08-21 23:28:33;USR-1732;2005-07-01;M;Standard;8;0;720;Card;Minecraft;4.5;1
SESS-13512;2026-08-15 23:31:01;USR-1719;2005-05-18;M;PS5;12;2688;2700;App;CS2;;1
SESS-16444;2026-08-20 19:53:11;USR-1671;2006-06-07;M;Bootcamp;3;0;405;App;Valorant;;1
SESS-10065;2026-08-18 14:53:57;USR-1019;1993-10-21;M;VIP;2;0;400;App;CS2;;0
SESS-13123;2026-08-24 01:21:08;USR-1206;2003-07-25;M;Standard;12;0;1200;;CS2;5.0;0
SESS-10479;2026-08-08 12:47:32;USR-1169;1988-04-12;M;VIP;2;714;360;Card;GTA V;;1
SESS-12981;2026-08-18 19:12:11;USR-1537;2012-08-26;M;Standard;1;0;100;Card;Minecraft;;0
SESS-11838;2026-08-11 13:09:55;USR-1497;2009-07-10;M;;Standard;1;0;Card;Dota 2;;0
SESS-13358;2026-08-08 23:31:43;USR-1031;2010-03-02;M;Standard;12;0;1200;Card;Dota 2;;0
SESS-12135;2026-08-24 17:04:31;USR-1150;2003-04-24;M;Bootcamp;1;0;150;App;Deadlock;4.0;0
SESS-14130;2026-08-25 19:23:10;USR-1107;2011-02-22;M;Standard;1;0;100;App;Minecraft;4.0;0
SESS-14688;2026-08-31 19:01:59;USR-1155;2010-04-23;F;Standard;5;0;450;Cash;Minecraft;;1
SESS-12064;2026-08-24 21:39:54;USR-1151;1994-06-23;M;Standard;2;503;180;Card;GTA V;4.5;1
SESS-10846;2026-08-22 17:34:52;USR-1138;2002-01-01;M;PS5;2;320;500;Card;Dota 2;;0
SESS-12975;2026-08-07 21:19:08;USR-1136;1993-06-01;M;Standard;2;360;200;App;Dota 2;;0
SESS-11392;2026-08-11 16:57:37;USR-1453;1994-05-01;M;VIP;5;1050;900;Card;CS2;4.0;1
SESS-13376;2026-08-22 11:52:20;USR-1679;2002-11-05;M;Standard;1;80;100;;Dota 2;;0
SESS-17117;2026-08-07 16:45:51;USR-1706;2011-11-16;F;Standard;2;0;200 ₽;Cash;Minecraft;;0
SESS-12446;2026-08-23 21:49:09;USR-1590;2011-11-05;M;Standard;3;0;300;Cash;Minecraft;4.0;0
SESS-13612;2026-08-30 22:18:11;USR-1457;2009-10-17;M;Standard;8;0;800;Cash;CS2;4.5;0
SESS-11389;2026-08-02 19:42:11;USR-1062;2012-09-01;M;Standard;3;0;300;App;Valorant;;0
SESS-13589;2026-08-06 21:38:34;USR-1445;2002-01-11;F;VIP;2;0;400;Card;Deadlock;;0
SESS-14489;2026-08-10 19:18:31;USR-1340;2005-09-12;M;VIP;1;0;200;Card;CS2;;0
SESS-16846;2026-08-28 18:50:30;USR-1277;2005-11-21;M;VIP;2;390;400;Cash;CS2;;0
SESS-10374;2026-08-27 21:45:12;USR-1145;2000-12-11;M;VIP;8;3220;1440;Card;Cyberpunk 2077;;1
SESS-10193;2026-08-27 18:37:34;USR-1218;1992-12-18;M;VIP;2 часа;756;360;Card;Deadlock;;1
SESS-13706;2026-08-02 18:13:38;USR-1760;2010-09-15;F;Standard;2;0;200;Cash;Dota 2;;0
SESS-11703;2026-08-06 13:23:14;USR-1222;2006-11-04;M;Standard;1;160;100;App;CS2;;0
SESS-15197;2026-08-07 12:38:52;USR-1001;2023-06-15;M;Bootcamp;-2;270;150;Card;CS2;;0
SESS-16645;2026-08-09 15:20:03;USR-1083;2009-01-17;M;Bootcamp;1;0;150;App;Minecraft;;0
SESS-15760;2026-08-27 19:09:04;USR-1102;2012-11-14;M;Standard;3;0;300;Card;Deadlock;;0
SESS-13253;2026-08-04 14:34:46;USR-1019;1993-10-21;M;PS5;2;800;500;App;Dota 2;;0
SESS-10925;2026-08-06 18:35:41;USR-1749;1995-12-12;M;Bootcamp;2;660;300;Card;Dota 2;4.0;0
SESS-15871;2026-08-27 17:05:50;USR-1149;2006-12-05;M;Bootcamp;3;630;450;Cash;Apex Legends;4.5;0
SESS-13438;2026-08-13 20:50:42;USR-1315;2002-01-22;M;Bootcamp;1;0;135;Card;Valorant;;1
SESS-15387;2026-08-06 22:52:31;USR-1048;2010-12-21;M;Standard;5;300;500;Cash;CS2;4.5;0
SESS-11230;2026-08-13 18:32:59;USR-1314;2007-11-23;M;PS5;2;160;500;App;Apex Legends;5.0;0
SESS-11660;2026-08-21 20:29:47;USR-1075;2008-12-21;M;VIP;1;0;200;Card;CS2;;0
SESS-15000;2026-08-29 10:44:37;USR-1124;2012-08-08;M;Standard;3;251;270;Card;Deadlock;5.0;1
SESS-12889;2026-08-16 11:56:19;USR-1080;2003-02-28;M;Standard;1;160;100;App;CS2;;0
SESS-11113;2026-08-27 19:53:13;USR-1187;2004-03-01;M;VIP;1;0;200;Card;CS2;;0
SESS-12285;2026-08-24 14:05:28;USR-1783;2004-01-12;M;Bootcamp;1;0;150;Cash;CS2;;0
SESS-10622;2026-08-27 19:56:27;USR-1731;1998-02-04;M;Standard;2;360;200;Card;GTA V;4.5;0
SESS-12534;2026-08-07 19:00:55;USR-1669;2005-06-05;M;Bootcamp;4;560;540;Card;Valorant;;1
SESS-14138;2026-08-03 17:42:03;USR-1316;1988-06-07;M;Standard;4;480;400;Card;Dota 2;5.0;0
SESS-11091;2026-08-15 02:19:29;USR-1170;2001-05-18;M;VIP;2;0;400;App;Dota 2;;0
SESS-12450;2026-08-10 11:35:18;USR-1163;2006-01-12;M;Bootcamp;4;0;600;App;Valorant;;0
SESS-12921;2026-08-10 18:46:53;USR-1405;2009-02-24;M;Standard;5;200;500;Card;Minecraft;4.0;0
SESS-10603;2026-08-08 14:41:21;USR-1027;1997-11-04;F;Standard;3;503;270;Card;Cyberpunk 2077;;1
SESS-11969;2026-08-13 14:39:18;USR-1054;1999-10-07;F;VIP;2;650;400;App;GTA V;5.0;0
SESS-10591;2026-08-16 17:25:39;USR-1239;2009-07-17;M;Standard;1;0;100;Cash;Valorant;;0
SESS-12123;2026-08-27 19:12:05;USR-1442;2005-01-20;M;Standard;5;0;500;Cash;Valorant;4.0;0
SESS-10862;2026-08-16 18:18:32;USR-1335;2006-07-04;M;VIP;3;882;540;Card;CS2;;1
SESS-16250;2026-08-14 22:34:21;USR-1664;1997-08-14;M;VIP ;12;3000;1200;Card;Dota 2;;0
SESS-10705;2026-08-06 19:16:44;USR-1501;2009-03-16;M;Standard;2;0;200;Card;Minecraft;5.0;0
SESS-13887;2026-08-15 22:49:35;USR-1608;06/07/2006;M;Bootcamp;12;0;1800;Card;Deadlock;5.0;0
SESS-12941;2026-08-02 18:20:03;USR-1505;2006-03-05;M;Standard;3;360;300;Card;CS2;;0
SESS-14508;2026-08-15 12:57:03;USR-1004;2006-01-08;M;Standard;3;240;300;App;Valorant;;0
SESS-12499;2026-08-25 13:36:41;USR-1423;2009-08-02;M;Standard;1;0;100;App;Valorant;;0
SESS-10167;2026-08-16 21:57:24;USR-1122;2004-02-05;M;Bootcamp;2;240;300;Card;Valorant;;0
SESS-15250;2026-08-27 03:39:43;USR-1152;2004-07-27;M;Standard;2;0;200;App;CS2;;0
SESS-15213;2026-08-27 19:15:47;USR-1041;1992-05-02;M;VIP;5;900;1000;Card;CS2;4.5;0
SESS-13420;2026-08-23 19:52:16;USR-1336;2005-03-08; M ;Bootcamp;4;720;600;Card;Deadlock;;0
SESS-14772;2026-08-25 19:52:55;USR-1412;2009-12-06;M;Standard;2;120;200;Cash;Dota 2;;0
SESS-11419;2026-08-08 15:08:37;USR-1381;2005-07-15;F;;VIP;1;310;Card;Dota 2;;0
SESS-15251;2026-08-21 16:08:20;USR-1523;2005-05-04;M;Standard;1;160;100;Card;Valorant;4.5;0
SESS-10434;2026-08-19 13:39:07;USR-1665;2006-07-08;F;Bootcamp;1;310;150;Card;Deadlock;4.0;0
SESS-15074;2026-08-15 08:15:45;USR-1163;2006-01-12;M;Bootcamp;1;0;135;Card;Deadlock;4.5;1
SESS-12593;2026-08-07 21:06:25;USR-1323;2001-12-14;M;Standard;1;0;100;Card;CS2;;0
SESS-12231;2026-08-17 12:11:59;USR-1542;1990-10-16;M;VIP;4;1300;800;Card;GTA V;4.5;0
SESS-14856;2026-08-30 11:46:37;USR-1497;10.07.2009;M;Bootcamp;1;0;150;Cash;Valorant;;0
SESS-12487;2026-08-12 14:52:08;USR-1579;2005-07-07;M;Standard;3;360;300;Card;CS2;;0
SESS-12913;2026-08-30 10:49:19;USR-1256;2004-02-14;M;Bootcamp;3;0;450;App;CS2;;0
SESS-16430;2026-08-12 15:58:54;USR-1413;2001-06-20;M;Standard;1;160;100;Card;CS2;3.0;0
SESS-12122;2026-08-29 15:03:22;USR-1589;1998-03-23;M;VIP;1;420;200;Card;Cyberpunk 2077;;0
SESS-15184;2026-08-23 12:50:17;USR-1178;2011-04-10;M;Bootcamp;3 часа;0;450;App;Dota 2;3.0;0
SESS-14835;2026-08-08 18:40:40;USR-1103;2008-04-20;M;Standard;3;0;300;Card;CS2;3.0;0
SESS-12295;2026-08-30 15:24:27;USR-1476;2007-07-12;M;PS5;2;0;450;Cash;Dota 2;4.5;1
SESS-15303;2026-08-09 17:30:15;USR-1075;2008-12-21;M;Bootcamp;2;0;300;Card;Valorant;;0
SESS-11542;2026-08-12 21:31:59;USR-1053;1998-05-01;M;PS5;3;900;750;Card;Dota 2;4.5;0
SESS-16209;2026-08-28 20:12:04;USR-1612;2012-07-16;M;Standard;2;120;200;Card;CS2;;0
SESS-12914;2026-08-26 23:19:16;USR-1134;2004-08-26;M;VIP;5;880;1000;Card;CS2;5.0;0
SESS-15507;2026-08-09 13:28:42;USR-1350;2012-12-04;M;Bootcamp;4;336;540;Cash;GTA V;5.0;1
SESS-14821;2026-08-01 17:18:27;USR-1524;2008-02-17;M;Bootcamp;4;470;600;Card;Valorant;;0
SESS-12107;2026-08-30 10:25:21;USR-1045;2006-03-25;F;VIP;1;0;200;App;CS2;4.5;0
SESS-10047;2026-08-18 16:27:01;USR-1041;1992-05-02;M;VIP;3;900;600;Cash;Dota 2;4.0;0
SESS-14836;2026-08-09 19:42:25;USR-1330;2007-02-18;M;PS5;4;896;900;Card;CS2;;1
SESS-14145;2026-08-01 09:00:01;USR-1503;2011-07-13;F;Bootcamp;4;0;540;Cash;CS2;4.5;1
SESS-15710;2026-08-14 19:00:12;USR-1486;2010-10-17;M;Bootcamp;2;0;300;Cash;Deadlock;;0
SESS-11594;2026-08-07 17:59:21;USR-1528;;M;Standard;2;0;200;App;Minecraft;;0
SESS-11477;2026-08-07 18:41:00;USR-1259;2005-08-15;M;Standard;2;0;200;Card;Valorant;;0
SESS-10669;2026-08-12 10:57:58;USR-1138;2002-01-01;M;Bootcamp;1;200;150;App;Valorant;;0
SESS-11500;2026-08-30 13:02:42;USR-1231;2005-11-24;M;Standard;1;0;100;Card;Apex Legends;;0
SESS-11077;2026-08-23 20:15:21;USR-1119;2003-06-06;F;VIP;3;440;600;Card;Deadlock;;0
SESS-11375;2026-08-02 11:48:01;USR-1061;2003-09-11;M;Standard;4;320;400;App;CS2;4.0;0
SESS-14534;2026-08-02 00:46:50;USR-1008;1991-02-01;F;Bootcamp;3;1050;450;App;Dota 2;;0
SESS-16073;2026-08-14 09:32:20;USR-1782;2010-04-14;M;PS5;4;0;1000;App;Dota 2;;0
SESS-11783;2026-08-07 23:30:00;USR-1692;2007-12-16;M;Bootcamp;12;1456;1620;Card;Dota 2;;1
SESS-16341;2026-08-04 23:05:00;USR-1787;11/20/2005;M;VIP;3;0;600;App;Apex Legends;;0
SESS-17071;2026-08-29 18:02:43;USR-1029;2012-04-14;M;Bootcamp;1;0;150;Card;Dota 2;;0
SESS-16206;2026-08-14 20:14:55;USR-1067;04/02/2006;M;Bootcamp;2;0;300;Card;Dota 2;;0
SESS-15495;2026-08-29 13:29:09;USR-1309;2006-05-24;M;Bootcamp;2;310;300;App;CS2;4.0;0
SESS-11957;2026-08-13 07:48:57;USR-1403;2004-05-06;M;PS5;2;0;500;App;CS2;;0
SESS-10248;2026-08-27 17:57:13;USR-1126;1997-11-08;M;VIP;~2;660;400;App;Cyberpunk 2077;5.0;0
SESS-14127;2026-08-14 19:31:36;USR-1031;2010-03-02;M;VIP;5;0;900;Cash;CS2;4.0;1
SESS-11865;2026-08-18 14:13:26;USR-1106;1997-11-09;M;VIP;2;390;400;Card;Dota 2;;0
SESS-15910;2026-08-02 10:53:30;USR-1793;2010-09-10;M;VIP;2;0;360;App;Minecraft;;1
SESS-14060;2026-08-20 22:44:57;USR-1021;2004-07-25;M;VIP ;5;0;500;App;CS2;;0
SESS-14176;2026-08-22 00:07:14;USR-1133;2005-08-18;M;PS5;12;2688;2700;App;Apex Legends;;1
SESS-10703;2026-08-29 11:43:37;USR-1016;2005-05-28;F;Standard;4;640;400;App;CS2;2.0;0
SESS-12986;2026-08-16 22:48:49;USR-1128;2008-04-02;F;Standard;5;800;500;Card;CS2;5.0;0
SESS-13870;2026-08-12 18:36:52;USR-1111;1997-10-25;M;Standard;2;240;200;Cash;GTA V;4.5;0
SESS-13444;2026-08-19 18:48:56;USR-1043;2007-04-22;M;VIP;2;0;400;App;Dota 2;;0
SESS-14080;2026-08-06 19:37:03;USR-1567;2007-11-15;M;;Bootcamp;2;0;Card;Dota 2;;0
SESS-16424;2026-08-28 21:27:28;USR-1071;2007-09-17;M;Bootcamp;8;1040;1200;Card;Valorant;4.0;0
SESS-16082;2026-08-28 15:27:36;USR-1045;2006-03-25;F;VIP;4;0;800;Card;CS2;4.5;0
SESS-12521;2026-08-27 23:00:39;USR-1760;2010-09-15;F;Bootcamp;8;480;1200;App;Deadlock;1.0;0
SESS-14719;2026-08-10 14:33:35;USR-1707;2011-03-12;M;Standard;3;0;300;App;Minecraft;5.0;0
SESS-15796;2026-08-06 18:09:13;USR-1048;2010-12-21;M;Standard;2;0;180;Cash;Minecraft;;1
SESS-15592;2026-08-28 10:22:46;USR-1357;1992-05-25;M;PS5;2;0;500;Cash;CS2;;0
SESS-10527;2026-08-15 19:57:09;USR-1574;2008-10-18;M;Standard;1;0;100;Card;Dota 2;;0
SESS-15644;2026-08-02 17:19:41;USR-1374;1993-07-26;M;VIP;4;1020;800;Card;Cyberpunk 2077;;0
SESS-10275;2026-08-29 21:05:52;USR-1651;2004-10-24;M;Standard;3;0;300;Card;CS2;4.5;0
SESS-13003;2026-08-10 19:43:01;USR-1047;2005-09-11;M;VIP;4;0;800;App;Deadlock;;0
SESS-14559;2026-08-04 15:17:50;USR-1712;2007-05-20;M;PS5;1;120;250;Card;CS2;4.0;0
SESS-10202;2026-08-11 11:10:17;USR-1206;2003-07-25;M;VIP;5;0;1000;Card;Valorant;;0
SESS-14084;2026-08-24 16:01:11;USR-1345;2004-11-13;M;Standard;3;0;300;Card;Valorant;;0
SESS-14484;2026-08-07 10:34:14;USR-1034;2010-09-11;F;Standard;4;336;360;Card;Dota 2;4.5;1
SESS-15027;2026-08-29 17:29:09;USR-1086;2011-03-02;M;Standard;2;0;200;App;PUBG;;0
SESS-13143;2026-08-06 17:31:09;USR-1377;2004-08-26;M;Bootcamp;3;390;450;Card;Valorant;2.0;0
SESS-13843;2026-08-02 21:13:26;USR-1032;2009-06-21;M;Standard;4;0;360;App;Apex Legends;;1
SESS-10122;2026-08-23 15:56:01;USR-1067;2006-04-02;M;Standard;3;0;300;Cash;Dota 2;4.0;0
SESS-10464;2026-08-21 23:46:09;USR-1057;2002-08-25;M;VIP;8;1360;1600;Card;Valorant;;0
SESS-10330;2026-08-25 16:49:07;USR-1650;2004-11-18;M;Standard;5;1120;450;Card;Dota 2;5.0;1
SESS-11944;2026-08-18 20:31:04;USR-1037;2010-08-28;M;Standard;8;0;720;App;CS2;;1
SESS-13660;2026-08-15 14:03:19;USR-1298;2003-10-08;M;Standard;2;160;200;Card;Deadlock;4.0;0
SESS-10486;2026-08-08 15:59:34;USR-1116;2003-02-05;F;VIP;4 часа;1007;720;App;Dota 2;4.0;1
SESS-15715;2026-08-10 10:06:35;USR-1281;2008-06-22;M;Standard;2;240;200;Card;Dota 2;;0
SESS-13834;2026-08-28 13:40:06;USR-1109;2007-12-25;M;Standard;1;0;100;Card;PUBG;;0
SESS-13449;2026-08-17 19:18:23;USR-1744;2011-10-06;M;Bootcamp;4;0;540;App;Valorant;;1
SESS-14274;2026-08-23 16:06:31;USR-1213;2006-10-12;M;Standard;3;0;300;App;Dota 2;4.5;0
SESS-14468;2026-08-19 14:59:19;USR-1069;2004-01-15;M;VIP;3;440;600;Cash;Valorant;4.5;0
SESS-14548;2026-08-31 15:40:57;USR-1784;2007-12-05;M;Standard;2;320;200;Cash;Deadlock;;0
SESS-10310;2026-08-18 01:04:54;USR-1428;2005-02-13;M;Bootcamp;2;470;300;Card;CS2;;0
SESS-14579;2026-08-15 12:03:30;USR-1060;1990-02-23;M;VIP;2;0;400;Card;Valorant;;0
SESS-15351;2026-08-21 16:05:04;USR-1422;2006-09-19;M;Bootcamp;1;0;150;Card;Apex Legends;;0
SESS-10833;2026-08-26 15:18:38;USR-1326;1991-02-19;M;PS5;1;420;250;Card;Browser/Work;4.0;0
SESS-11318;2026-08-01 11:59:47;USR-1436;2003-06-10;M;;VIP;2;320;Card;CS2;4.5;0
SESS-10200;2026-08-10 17:53:20;USR-1090;2010-05-10;M;Bootcamp;3;0;450;App;Valorant;;0
SESS-12041;2026-08-15 18:10:04;USR-1021;2004-07-25;M;PS5;1;0;250;Card;CS2;;0
SESS-13313;2026-08-12 21:51:02;USR-1126;1997-11-08;M;VIP;1;550;200;Card;GTA V;;0
SESS-16220;2026-08-05 16:10:54;USR-1051;2005-01-12;M;Standard;12;1920;1200;Cash;CS2;5.0;0
SESS-15688;2026-08-20 00:51:51;USR-1051;2005-01-12;M;PS5;8;0;2000;Card;Dota 2;4.5;0
SESS-10922;2026-08-23 18:19:11;USR-1114;2010-06-11;F;PS5;8;480;2000;App;Minecraft;4.5;0
SESS-13470;2026-08-16 18:54:25;USR-1347;2006-11-23;M;Standard;2;240;200;Card;Valorant;;0
SESS-10808;2026-08-02 11:39:43;USR-1277;2005-11-21;M;Bootcamp;2;390;300;Card;Apex Legends;3.0;0
SESS-14991;2026-08-01 13:23:55;USR-1491;2012-07-02;M;Standard;4;336;360;Cash;Valorant;4.5;1
SESS-16887;2026-08-27 16:15:39;USR-1065;2012-05-07;F;Standard;1;0;100;Cash;Dota 2;;0
SESS-11823;2026-08-06 09:50:07;USR-1584;2011-09-26;M;Standard;2;80;200;Cash;Minecraft;;0
SESS-16950;2026-08-30 20:38:18;USR-1029;2012-04-14;M;Bootcamp;4;448;540;Card;Deadlock;5.0;1
SESS-14236;2026-08-04 18:54:49;USR-1765;2004-12-25;M;Standard;2;320;200;App;CS2;;0
SESS-15113;2026-08-22 20:49:26;USR-1042;2004-06-10;M;Standard;3;0;300;Cash;GTA V;;0
SESS-13883;2026-08-18 15:45:43;USR-1141;1998-03-28;M;VIP;5;1260;900;Card;Dota 2;3.0;1
SESS-11187;2026-08-25 22:20:33;USR-1595;1991-02-26;M;Standard;3;750;300;Card;CS2;;0
SESS-13759;2026-08-06 18:17:41;USR-1620;2011-02-02;M;Bootcamp;1;0;150 ₽;App;CS2;;0
SESS-12195;2026-08-08 22:32:53;USR-1136;1993-06-01;M;Standard;5;1260;450;App;GTA V;;1
SESS-14296;2026-08-18 00:47:31;USR-1679;2002-11-05;M;Standard;12;1920;1200;Card;Dota 2;;0
SESS-13248;2026-08-28 20:02:07;USR-1507;1991-02-02;M;PS5;3;1176;675;Card;CS2;;1
SESS-15788;2026-08-08 09:49:35;USR-1073;2010-12-24;M;Bootcamp;2;80;300;Cash;Minecraft;2.0;0
SESS-17069;2026-08-12 10:55:34;USR-1202;2004-09-21;F;VIP;5;672;900;Cash;Dota 2;5.0;1
SESS-16983;2026-08-30 20:46:18;USR-1005;1997-04-20;M;Standard;3;0;270;Card;CS2;;1
SESS-14121;2026-08-16 14:07:37;USR-1745;1992-10-09;M;Bootcamp;2;510;300;Card;CS2;;0
SESS-13337;2026-08-07 14:23:33;USR-1015;2011-11-25;M;Standard;3;0;300;App;CS2;5.0;0
SESS-16832;2026-08-01 19:51:55;USR-1251;2004-08-07;M;VIP;3;560;600;Card;Apex Legends;5.0;0
SESS-16771;2026-08-24 09:14:46;USR-1264;2010-11-04;M;Standard;3;0;300;App;Valorant;;0
SESS-16762;2026-08-15 17:57:45;USR-1050;2008-08-14;M;Standard;1;120;100;Card;CS2;;0
SESS-12894;2026-08-08 22:48:44;USR-1727;2001-04-28;M;VIP ;2;390;400;App;Deadlock;4.5;0
SESS-13826;2026-08-17 23:22:26;USR-1671;2006-06-07;M;VIP;5;480;1000;Card;CS2;4.0;0
SESS-13675;2026-08-13 20:41:00;USR-1060;1990-02-23;M;Bootcamp;4;1150;600;Card;CS2;4.5;0
SESS-15011;2026-08-09 21:09:03;USR-1090;2010-05-10;M;Standard;3;120;300;App;Minecraft;4.0;0
SESS-12587;2026-08-10 11:10:28;USR-1447;2005-02-07;M;Standard;3;0;300;Card;Dota 2;5.0;0
SESS-11709;2026-08-09 18:16:36;USR-1719;2005-05-18;M;VIP;2;0;400;Card;CS2;;0
SESS-15991;2026-08-14 12:05:41;USR-1085;2000-03-10;M;Standard;5;1260;450;Card;Browser/Work;5.0;1
SESS-13786;2026-08-15 21:05:56;USR-1135;2012-06-13;M;Bootcamp;2;80;300;App;Deadlock;5.0;0
SESS-11160;2026-08-02 17:02:57;USR-1785;1997-05-20;F;PS5;2;650;500;App;CS2;;0
SESS-13434;2026-08-10 18:18:48;USR-1061;2003-09-11;M;Standard;2;0;200;Card;GTA V;;0
SESS-14611;2026-08-01 22:09:49;USR-1349;1992-07-28;F;Standard;8;960;800;Card;CS2;4.5;0
SESS-10884;2026-08-30 22:09:47;USR-1097;2010-04-26;M;Standard;12;0;1080;Cash;CS2;4.0;1
SESS-13593;2026-08-09 15:03:18;USR-1304;2005-07-18;M;VIP;2;0;400;Card;CS2;;0
SESS-10206;2026-08-11 20:55:10;USR-1489;2011-07-19;M;Standard;2;160;200;Cash;CS2;;0
SESS-16353;2026-08-23 19:16:38;USR-1369;2004-03-05;M;Bootcamp;2;0;300;Card;Dota 2;3.0;0
;2026-08-15 12:57:51;;1997-11-09;M;Standard;3;503;270;Card;CS2;4.5;1
SESS-12026;2026-08-24 22:46:21;USR-1486;2010-10-17;M;Bootcamp;8;320;1200;Cash;Dota 2;;0
SESS-12590;2026-08-08 20:03:39;USR-1407;1994-07-04;M;Standard;2;500;200;Card;Dota 2;;0
SESS-15865;2026-08-12 15:29:53;USR-1703;2005-01-04;M;Standard;1;80;100;Card;CS2;;0
SESS-11497;2026-08-13 20:19:40;USR-1791;1995-04-04;M;PS5;4;1610;900;Card;Dota 2;5.0;1
SESS-14918;2026-08-24 00:42:32;USR-1746;2001-08-27;M;VIP;12;1040;2400;Card;Deadlock;;0
SESS-11743;2026-08-08 18:26:05;USR-1054;1999-10-07;F;PS5;3;1050;750;Card;GTA V;;0
SESS-13157;2026-08-06 14:02:37;USR-1163;2006-01-12;M;VIP;2;0;400;Card;CS2;;0
SESS-10414;2026-08-08 22:37:01;USR-1112;2005-08-25;M;Standard;8;1280;800;Card;Deadlock;4.0;0
SESS-11984;2026-08-22 19:55:01;USR-1440;2006-10-21;M;PS5;8;896;1800;App;CS2;5.0;1
SESS-16960;2026-08-06 23:40:35;USR-1719;2005-05-18;M;Bootcamp;8;1360;1200;Card;CS2;5.0;0
SESS-16596;2026-08-26 09:22:07;USR-1448;2008-08-23;M;Standard;2;0;200;Card;CS2;;0
SESS-11144;2026-08-21 20:38:34;USR-1222;2006-11-04;M;Standard;1;160;100;App;Dota 2;;0
SESS-15915;2026-08-22 09:03:43;USR-1499;2007-05-20;M;VIP;3;0;600;App;CS2;4.5;0
SESS-12210;2026-08-14 08:19:51;USR-1319;03.01.1998;M;VIP;2;540;400;Card;Browser/Work;;0
SESS-11118;2026-08-02 14:06:42;USR-1391;2005-03-11;M;VIP;4;1106;720;Card;CS2;4.0;1
SESS-16544;2026-08-13 00:11:59;USR-1571;2003-01-10;M;Bootcamp;8;1360;1200;App;CS2;5.0;0
SESS-10834;2026-08-01 19:44:13;USR-1120;2006-07-03;M;VIP;2;434;360;Card;Dota 2;4.5;1
SESS-11750;2026-08-15 11:58:54;USR-1578;2012-07-09;M;Standard;1;40;100;App;CS2;;0
SESS-10987;2026-08-14 14:43:40;USR-1068;1993-04-03;M;Standard;1;350;90;Card;CS2;4.0;1
SESS-16719;2026-08-27 23:18:51;USR-1152;2004-07-27;M;Standard;8;0;720;Card;Dota 2;;1
SESS-16564;2026-08-22 19:14:37;USR-1285;1998-10-11;M;VIP;2;0;400;Card;Dota 2;;0
SESS-12379;2026-08-02 10:29:44;USR-1449;2007-04-21;M;PS5;3;0;750;App;CS2;4.0;0
SESS-13470;2026-08-16 18:54:25;USR-1347;2006-11-23;M;Standard;2;240;200;Card;Valorant;;0
SESS-16733;2026-08-25 19:17:24;USR-1069;2004-01-15;M;Standard;5;0;500;Card;CS2;;0
SESS-13340;2026-08-12 11:40:57;USR-1166;2004-11-20;M;Bootcamp;3;510;450;Card;Deadlock;4.0;0
SESS-13688;2026-08-03 13:35:57;USR-1423;2009-08-02;M;Standard;2;0;200;Card;Dota 2;;0
SESS-11738;2026-08-01 17:42:22;USR-1666;2000-02-22; F ;PS5;2;0;500;Card;Browser/Work;5.0;0
SESS-16358;2026-08-12 09:51:55;USR-1639;2007-08-16;M;Standard;1;0;100;App;CS2;5.0;0
SESS-17102;2026-08-30 18:49:40;USR-1005;1997-04-20;M;PS5;3;1470;675;Card;Deadlock;5.0;1
SESS-14350;2026-08-14 21:38:21;USR-1032;2009-06-21;M;VIP;2;0;400;App;Deadlock;;0
SESS-12782;2026-08-08 18:01:10;USR-1529;2008-04-09;M;Bootcamp;2;0;270;Cash;Deadlock;;1
SESS-15607;2026-08-28 21:23:39;USR-1779;2006-11-16;M;Bootcamp;2;0;300;Card;Dota 2;4.5;0
SESS-14198;2026-08-17 15:52:02;USR-1248;2003-10-08;M;PS5;2;0;500;Card;Dota 2;;0
SESS-14268;2026-08-09 15:18:02;USR-1609;2004-04-15;M;VIP;3;0;600;Card;Dota 2;4.0;0
SESS-10286;2026-08-28 15:58:23;USR-1242;2005-09-25;F;Bootcamp;2;0;300;App;Deadlock;;0
SESS-15532;2026-08-13 17:33:04;USR-1450;2007-05-10;F;Standard;5;0;450;Card;CS2;4.5;1
SESS-11022;2026-08-02 15:33:34;USR-1378;;M;Bootcamp;1;270;150;Card;Dota 2;;0
SESS-14544;2026-08-04 18:55:00;USR-1043;2007-04-22;M;Standard;1;160;100;Card;CS2;;0
SESS-10157;2026-08-06 21:04:52;USR-1132;2008-09-20;M;Standard;1;160;100;Card;Deadlock;;0
SESS-12287;2026-08-18 02:27:08;USR-1188;2005-12-26;M;Standard;3;0;300;Card;Valorant;4.0;0
SESS-11092;2026-08-10 12:11:25;USR-1108;2005-03-19;M;Standard;2;0;200;App;CS2;;0
SESS-15277;2026-08-18 13:30:08;USR-1077;2005-03-16;M;Standard;5;560;450;Card;GTA V;4.0;1
SESS-10912;2026/08/18 18:50:22;USR-1663;2006-11-18;M;Standard;1;0;100;Card;Deadlock;;0
SESS-16677;2026-08-27 02:04:17;USR-1782;2010-04-14;M;Standard;2;0;200;App;Minecraft;5.0;0
SESS-12079;08/26/2026 16:58:41;USR-1757;2010-01-25;M;Standard;3;0;300;Cash;Minecraft;;0
SESS-11396;2026-08-07 13:07:14;USR-1282;2005-08-11;F;PS5;3;0;675;Cash;Dota 2;;1
SESS-16588;2026-08-21 14:08:09;USR-1253;2011-10-01;M;Standard;1;0;100;Card;GTA V;;0
SESS-11481;2026-08-15 19:11:07;USR-1388;2004-05-07;M;Standard;1;0;100;Card;Dota 2;;0
SESS-11764;2026-08-28 12:48:33;USR-1362;2007-07-04;F;Standard;1;160;100;Card;Dota 2;;0
SESS-12432;2026-08-31 11:10:59;USR-1071;2007-09-17;M;PS5;4;0;1000;Card;Valorant;5.0;0
SESS-13923;2026-08-16 22:45:27;USR-1326;1991-02-19;M;Bootcamp;8;1590;1200;Card;PUBG;;0
SESS-11515;2026-08-18 20:21:12;USR-1042;2004-06-10;M;Bootcamp;3;440;450;Card;Apex Legends;;0
SESS-12520;2026-08-26 17:17:53;USR-1045;2006-03-25;F;Standard;2;0;200;Card;Dota 2;;0
SESS-16094;2026-08-20 16:08:41;USR-1525;2005-01-17;M;Standard;2;0;200;Card;CS2;;0
SESS-12638;2026-08-12 16:12:49;USR-1243;2005-06-18;M;PS5;1;0;250;App;Valorant;;0
SESS-14992;2026-08-02 16:41:30;USR-1564;2002-05-01;M;Bootcamp;2;310;300;App;Valorant;4.0;0
SESS-14893;2026-08-04 22:23:14;USR-1086;2011-03-02;M;Bootcamp;8;0;1200;Card;Minecraft;;0
SESS-12382;2026-08-17 17:24:09;USR-1053;1886-09-20;M;Standard;-2;250;100;Card;CS2;;0
SESS-12243;2026-08-11 19:26:02;USR-1095;2005-12-26;M;VIP;3;0;540;App;CS2;;1
SESS-10052;2026-08-16 21:39:09;USR-1005;1997-04-20;M;Standard;4;672;360;Card;CS2;;1
SESS-14676;2026-08-02 00:11:58;USR-1428;2005-02-13;M;Standard;3;672;270;App;CS2;4.5;1
SESS-14557;2026-08-01 13:04:59;USR-1355;2003-03-22;M;Bootcamp;4;784;540;Card;CS2;4.0;1
SESS-14890;2026-08-07 20:34:02;USR-1058;2006-06-09;M;Bootcamp;1;160;150;Card;CS2;;0
SESS-13896;2026-08-14 20:38:29;USR-1415;2011-09-13;M;VIP;12;672;2160;Cash;CS2;4.5;1
SESS-10737;2026-08-22 13:02:48;USR-1787;2005-11-20;M;Standard;1;0;100;Card;Dota 2;;0
SESS-11166;2026-08-16 20:07:34;USR-1369;2004-03-05;M;VIP;4;400;800;Card;CS2;;0
SESS-16421;2026-08-07 19:41:01;USR-1422;2006-09-19;M;VIP;4;790;800;Card;Apex Legends;4.0;0
SESS-15919;2026-08-06 18:05:49;USR-1027;1997-11-04;F;Standard;4;1000;400;Card;Dota 2;;0
SESS-12511;2026-08-04 12:56:00;USR-1334;2003-02-02;M;Standard;2;0;200;Card;Dota 2;4.5;0
SESS-14651;2026-08-16 18:21:09;USR-1129;1998-11-08;M;Standard;1;0;100;Card;CS2;;0
SESS-15704;2026-08-13 12:38:28;USR-1006;2005-05-17;M;VIP;3;714;540;Card;PUBG;3.0;1
SESS-15791;2026-08-21 19:38:05;USR-1501;2009-03-16;M;PS5;3;0;675;App;Minecraft;5.0;1
SESS-16333;2026-08-23 20:15:25;USR-1552;2012-06-16;M;Standard;1;40;100;Cash;Dota 2;;0
SESS-11153;2026-08-22 19:36:46;USR-1626;2004-08-28;F;Bootcamp;3;630;450;App;CS2;;0
SESS-12023;2026-08-19 08:09:10;USR-1411;2010-08-16;F;Standard;2;0;200;App;Apex Legends;4.5;0
SESS-11125;2026-08-06 18:23:35;USR-1212;2010-09-05;M;Standard;1;0;100;Cash;Apex Legends;;0
SESS-14034;2026-08-21 17:37:07;USR-1050;2008-08-14;M;Standard;1;160;100;Card;Valorant;;0
SESS-12203;2026-08-28 08:00:36;USR-1505;2006-03-05;M;Bootcamp;8;720;1200;Card;Deadlock;5.0;0
SESS-10732;2026-08-22 09:44:53;USR-1156;2009-04-26;M;Standard;1;0;100;App;Valorant;;0
SESS-15912;2026-08-18 19:40:19;USR-1125;2002-08-14;M;Bootcamp;3;784;405;Card;Deadlock;4.0;1
SESS-12353;2026-08-31 19:28:52;USR-1080;2003-02-28;M;Standard;1;0;100;Card;Deadlock;;0
SESS-10693;2026-08-01 17:48:39;USR-1321;;M;Standard;3;336;270;App;Valorant;;1
SESS-14033;2026-08-26 02:09:02;USR-1713;2005-09-25;M;VIP;8;0;1600;Card;Deadlock;4.5;0
SESS-13545;2026-08-17 23:29:24;USR-1404;2010-02-10;M;Standard;5;300;500;App;CS2;4.5;0
SESS-10312;2026-08-01 18:50:19;USR-1096;2007-03-05;M;VIP;2;0;400;App;Valorant;4.0;0
SESS-16273;2026-08-30 14:45:50;USR-1601;2010-08-01;F;Bootcamp;2;0;300;Cash;Dota 2;5.0;0
SESS-15439;2026-08-31 15:20:42;USR-1123;1995-12-22;M;VIP;8;1590;1600;Card;GTA V;4.0;0
SESS-13555;2026-08-11 19:15:51;USR-1301;2012-09-01;M;Bootcamp;4;0;540;Cash;CS2;3.0;1
SESS-10364;2026-08-28 15:42:24;USR-1004;2006-01-08;M;PS5;3;480;750;App;CS2;4.5;0
SESS-12073;2026-08-21 17:38:14;USR-1363;2003-07-12;M;VIP;1;0;200;Card;Minecraft;;0
SESS-13132;2026-08-22 12:31:06;USR-1104;2003-04-21;F;Bootcamp;3;630;450;App;Dota 2;4.0;0
SESS-10455;2026-08-17 12:30:23;USR-1542;1990-10-16;M;PS5;1;330;250;Cash;Dota 2;;0
SESS-12475;2026-08-07 17:00:59;USR-1698;2006-03-02;M;Standard;5;400;500;Card;Valorant;;0
SESS-16860;2026-08-07 19:01:02;USR-1117;2010-06-21;M;VIP;5;0;1000;Cash;Apex Legends;4.0;0
SESS-16138;2026-08-08 22:36:23;USR-1447;2005-02-07;M;Bootcamp;12;0;1620;Card;CS2;4.0;1
;2026-08-06 20:09:56;USR-1485;2011-05-10;F;Standard;4;224;360;App;Dota 2;;1
SESS-10205;2026-08-04 12:05:23;USR-1146;2005-04-03;M;Standard;4;672;360;App;Minecraft;4.5;1
SESS-10152;2026-08-05 16:26:39;USR-1400;2006-09-16;M;Standard;1;80;100;App;Deadlock;;0
SESS-16322;2026-08-22 14:58:23;USR-1591;2007-08-05;M;Bootcamp;3;510;450;Card;Dota 2;;0
SESS-14876;2026-08-02 08:41:03;USR-1601;2010-08-01;F;Standard;2;120;200;App;Dota 2;4.0;0
SESS-17036;2026-08-02 15:04:24;USR-1569;2005-01-13;M;Standard;4;672;360;App;Dota 2;2.0;1
SESS-12832;2026-08-31 16:45:36;USR-1105;2008-12-10;M;PS5;4;0;1000;;Dota 2;;0
SESS-14870;2026-08-28 21:58:51;USR-1068;1993-04-03;M;VIP;4;1092;720;Card;CS2;;1
SESS-11560;2026-08-16 18:12:27;USR-1555;2011-04-14;F;Standard;3;120;300;App;CS2;;0
SESS-16075;2026-08-29 21:34:38;USR-1762;2006-09-25;M;Bootcamp;5;880;750;Cash;GTA V;3.0;0
SESS-10442;2026-08-22 21:31:49;USR-1156;2009-04-26;M;Standard;2;0;200;Card;Valorant;;0
SESS-11697;2026-08-29 08:55:41;USR-1098;2012-02-17;M;Bootcamp;3;0;450;App;Dota 2;3.0;0
SESS-10542;2026-08-21 17:41:29;USR-1132;2008-09-20;M;Standard;3;0;300;Card;Dota 2;;0
SESS-12148;2026-08-19 18:01:14;USR-1484;2003-06-05;F;Standard;2;160;200;Cash;CS2;4.0;0
SESS-14470;2026-08-06 18:28:30;USR-1120;2006-07-03;M;VIP;1;0;200;Card;Dota 2;;0
SESS-14503;2026-08-29 18:22:12;USR-1627;1990-04-25;M;Standard;4;672;360;Card;CS2;;1
SESS-13105;2026-08-20 17:59:26;USR-1244;03/24/2007;F;Standard;1;168;90;App;Dota 2;;1
SESS-11399;2026-08-10 13:11:07;USR-1077;2005-03-16;M;Standard;3;480;300;Card;CS2;;0
SESS-11979;2026-08-18 09:21:59;USR-1018;2002-11-17;M;VIP;2;0;400;Card;Valorant;5.0;0
SESS-12443;2026-08-22 20:54:17;USR-1113;2005-12-17;M;Bootcamp;3;0;405;Card;CS2;4.0;1
SESS-16948;2026-08-28 16:13:54;USR-1464;2004-11-01;M;Bootcamp;2;0;300;Card;PUBG;4.0;0
SESS-15718;2026-08-22 02:42:47;USR-1125;2002-08-14;M;Bootcamp;1;200;150;App;Deadlock;;0
SESS-15171;2026-08-01 15:36:00;USR-1050;2008-08-14;M;VIP;8;0;1600;Card;CS2;;0
SESS-16337;2026-08-22 10:28:03;USR-1247;1995-01-20;M;VIP;2;0;400;Card;Dota 2;;0
SESS-15568;2026-08-22 21:05:45;USR-1323;2001-12-14;M;Bootcamp;3 часа;0;450;Cash;CS2;;0
SESS-12175;2026-08-30 09:24:24;USR-1085;2000-03-10;M;VIP;1;330;200;Card;CS2;4.0;0
SESS-16474;2026-08-18 13:35:58;USR-1599;2011-12-13;M;Standard;1;0;100;Card;Valorant;;0
SESS-15256;2026-08-01 11:03:51;USR-1466;1998-10-16;F;Bootcamp;3;0;450;Card;GTA V;3.0;0
SESS-13721;2026-08-11 19:25:33;USR-1034;2010-09-11;F;Standard;1;40;100;App;Valorant;5.0;0
SESS-11497;2026-08-13 20:19:40;USR-1791;1995-04-04;M;PS5;4;1610;900;Card;Dota 2;5.0;1
SESS-14177;2026-08-30 12:12:41;USR-1485;2023-06-15;F;Standard;999;56;90;App;CS2;;1
SESS-13190;2026-08-27 10:53:26;USR-1676;1998-07-07;M;Bootcamp;3;1470;405;Card;Dota 2;;1
SESS-10916;2026-08-13 09:06:50;USR-1476;2007-07-12;M;Bootcamp;2;400;300;Card;Valorant;;0
SESS-14434;2026-08-15 20:23:48;USR-1128;2008-04-02;F;Standard;2;320;200;App;Deadlock;;0
;2026-08-05 06:46:25;;2010-10-27;M;Standard;2;0;200;App;Valorant;;0
SESS-16803;2026-08-23 17:58:46;USR-1319;1998-01-03;M;VIP;1;550;200;Card;Cyberpunk 2077;;0
SESS-13208;2026-08-30 08:47:21;USR-1506;2011-09-23;M;Standard;3;120;300;Cash;Valorant;;0
SESS-12997;2026-08-29 01:22:44;USR-1044;1999-09-01;M;Bootcamp;5;1550;750;Card;Cyberpunk 2077;3.0;0
SESS-11285;2026-08-23 17:52:45;USR-1768;2006-03-08;M;Bootcamp;1;336;135;Card;CS2;4.5;1
SESS-12650;2026-08-14 08:02:09;USR-1158;2010-12-14;F;Standard;1;56;90;App;CS2;4.5;1
SESS-16089;2026-08-29 18:13:26;USR-1169;1988-04-12;M;PS5;1;400;250;Card;Cyberpunk 2077;;0
SESS-12725;2026-08-08 21:44:00;USR-1110;2004-11-28;F;Standard;1;120;100;App;Dota 2;;0
SESS-10340;2026-08-14 18:01:26;USR-1436;2003-06-10;M;VIP;3;0;600;App;CS2;;0
SESS-11782;2026-08-10 17:44:57;USR-1732;2005-07-01;M;Standard;3;0;300;Card;CS2;5.0;0
SESS-14245;2026-08-30 15:14:15;USR-1710;2003-03-07;F;Standard;3;0;300;Card;Dota 2;4.5;0
SESS-10567;2026-08-23 21:10:15;USR-1009;1997-10-05;F;Bootcamp;2;800;300;Card;Dota 2;;0
SESS-16712;2026-08-17 19:22:24;USR-1794;2003-09-04;M;Standard;3;336;270;App;Dota 2;4.0;1
SESS-15751;2026-08-29 16:15:29;USR-1038;2007-09-18;M;Bootcamp;3;0;450;Card;CS2;;0
SESS-13496;2026-08-28 07:31:50;USR-1332;2004-11-09;M;Standard;8;896;720;Card;Valorant;4.5;1
SESS-15317;2026-08-08 18:20:33;USR-1331;2007-03-24;M;Standard;3;240;300;Card;CS2;;0
SESS-10765;2026-08-05 17:52:44;USR-1769;1995-09-11;F;VIP;5;0;1000;Card;Deadlock;4.5;0
SESS-11316;2026-08-28 21:26:49;USR-1007;2003-09-21;M;PS5;2;160;500;App;Deadlock;;0
SESS-11512;2026-08-01 23:54:58;USR-1316;1988-06-07;M;VIP;8;1740;1600;Card;PUBG;5.0;0
SESS-14086;2026-08-16 12:02:31;USR-1679;2002-11-05;M;Standard;2;320;200;App;Dota 2;4.5;0
SESS-15301;2026-08-13 23:38:25;USR-1458;2000-12-18;M;VIP;8;1260;1600;Card;CS2;5.0;0
SESS-16894;2026-08-02 20:24:16;USR-1441;1994-02-24;M;Bootcamp;8;2150;1200;Card;Cyberpunk 2077;5.0;0
SESS-16604;2026-08-23 20:44:18;USR-1134;2004-08-26;M;VIP;3;714;540;App;CS2;4.0;1
SESS-10471;2026-08-27 16:16:38;USR-1631;2007-08-07;F;Standard;2;240;200;Card;Deadlock;1.0;0
SESS-17066;2026-08-25 23:45:29;USR-1065;2012-05-07;F;Bootcamp;5;0;750;Cash;CS2;4.5;0
SESS-16417;2026-08-04 00:58:32;USR-1107;2011-02-22;M;Standard;12;0;1200;Card;Minecraft;;0
SESS-14694;2026-08-19 20:37:16;USR-1054;1999-10-07;F;PS5;4;0;1000;Card;Dota 2;;0
SESS-11925;2026-08-17 13:23:56;USR-1028;2008-11-24;M;Standard;2;0;200;Card;Dota 2;4.5;0
SESS-12920;2026-08-04 01:51:05;USR-1155;2010-04-23;F;Standard;8;672;720;App;Deadlock;5.0;1
SESS-15248;2026-08-22 15:44:36;USR-1124;2012-08-08;M;Bootcamp;4;320;600;Cash;CS2;;0
SESS-13962;2026-08-28 18:02:55;USR-1027;1997-11-04;F;PS5;2;756;450;App;Cyberpunk 2077;1.0;1
SESS-13298;2026-08-10 17:27:51;USR-1772;2005-07-01;M;Bootcamp;~1;224;135;Card;Dota 2;4.0;1
SESS-16558;2026-08-15 15:11:12;USR-1128;2008-04-02;F;VIP;1;0;200;App;CS2;;0
SESS-10214;2026-08-23 17:09:05;USR-1440;2006-10-21;M;VIP;3;616;540;App;Apex Legends;4.0;1
SESS-14155;2026-08-21 21:16:14;USR-1255;2011-03-26;F; Bootcamp ;4;320;400;App;Valorant;;0
SESS-15339;2026-08-26 00:14:40;USR-1364;2012-04-23;M;Standard;5;0;500;App;Valorant;5.0;0
SESS-13142;2026-08-12 15:52:32;USR-1060;1990-02-23;M;Bootcamp;2;546;270;Card;Cyberpunk 2077;;1
SESS-15288;2026-08-01 15:38:13;USR-1703;2005-01-04;M;Standard;2;0;200;Card;Valorant;;0
SESS-10648;2026-08-02 14:37:12;USR-1408;1994-03-23;M;Standard;3;756;270;Cash;Cyberpunk 2077;4.5;1
SESS-15129;2026-08-05 19:01:56;USR-1048;2010-12-21;M;VIP;12;480;2400;Card;Minecraft;5.0;0
SESS-15314;2026-08-05 19:17:24;USR-1253;2011-10-01;M;PS5;2;0;500;Card;CS2;;0
SESS-12754;2026-08-22 11:15:19;USR-1032;2009-06-21;M;Standard;3;0;300;Cash;Minecraft;;0
SESS-14106;2026-08-25 21:49:55;USR-1260;2011-05-05;F;Standard;1;0;100;App;CS2;;0
SESS-14194;2026-08-14 12:25:58;USR-1675;2005-06-14;M;Standard;2;0;200;Card;Dota 2;4.0;0
SESS-10847;2026-08-20 13:56:38;USR-1129;;M;Standard;2;240;200;Card;Cyberpunk 2077;4.5;0
SESS-11318;2026-08-01 11:59:47;USR-1436;2003-06-10;M;;VIP;2;320;Card;CS2;4.5;0
SESS-15599;2026-08-25 20:45:43;USR-1059;2012-10-27;F;Standard;2;160;200;App;Minecraft;;0
SESS-14263;01.08.2026 22:13:29;USR-1564;2002-05-01;M;VIP;8;0;1440;Card;Deadlock;;1
SESS-13080;2026-08-31 07:43:12;USR-1777;2007-05-08;M;VIP;4;1007;720;Cash;Valorant;;1
SESS-16934;2026-08-14 10:45:22;USR-1306;2007-01-28;M;Bootcamp;4;0;540;Card;Valorant;2.0;1
SESS-16410;2026-08-07 21:04:20;USR-1762;2006-09-25;M;Standard;4;448;360;Card;Apex Legends;4.5;1
SESS-17065;2026-08-01 02:08:21;USR-1101;1997-03-02;M;Standard;2;240;200;Card;GTA V;;0
SESS-13218;2026-08-02 16:18:37;USR-1759;2009-11-23;M;Standard;1;40;100;Cash;CS2;;0
SESS-10129;2026-08-02 11:11:19;USR-1353;2006-08-23;M;Bootcamp;2;320;300;App;Apex Legends;;0
SESS-15674;2026-08-14 15:10:09;USR-1151;1994-06-23;M;PS5;3;0;675;Card;Cyberpunk 2077;2.0;1
SESS-15461;2026-08-02 11:15:26;USR-1108;2005-03-19;M;Standard;5;0;500;Card;CS2;4.5;0
SESS-13564;2026-08-28 14:19:35;USR-1352;2010-08-16;M;Standard;2;0;200;Card;Valorant;4.0;0
SESS-11960;2026-08-30 20:04:04;USR-1496;2003-01-28;M;VIP;1;0;200;Card;Dota 2;;0
SESS-13550;2026-08-26 17:02:15;USR-1216;2002-01-27;M;Bootcamp;1;270;150;Card;Dota 2;;0
SESS-13269;2026-08-23 20:30:48;USR-1009;1997-10-05;F;PS5;1;550;250;Card;Deadlock;4.0;0
;2026-08-06 13:33:03;USR-1085;2000-03-10;M;Bootcamp;2;0;300;Card;Valorant;;0
SESS-14182;2026-08-21 17:28:45;USR-1117;2010-06-21;M;Standard;3;0;300;Card;Minecraft;;0
SESS-11189;2026-08-10 12:40:41;USR-1515;2007-01-14;M;VIP;4;0;720;App;CS2;4.0;1
SESS-16875;2026-08-02 06:01:57;USR-1481;2012-01-04;F;VIP;2;112;360;Cash;Minecraft;4.0;1
SESS-10922;2026-08-23 18:19:11;USR-1114;2010-06-11;F;PS5;8;480;2000;App;Minecraft;4.5;0
SESS-13054;2026-08-16 17:27:34;USR-1659;2004-02-16;F;Standard;1;0;100;Card;CS2;;0
SESS-15400;2026-08-09 19:42:04;USR-1581;1996-10-10;1;Standard;8;1344;720;Card;Deadlock;4.5;1
SESS-11673;2026-08-13 13:02:38;USR-1077;2005-03-16;M;Bootcamp;3;0;405;Card;Dota 2;4.5;1
SESS-14580;2026-08-03 14:16:02;USR-1523;2005-05-04;M;Standard;4;448;360;Card;PUBG;;1
SESS-13251;2026-08-19 14:21:13;USR-1058;2006/06/09;M;Standard;1;160;100;App;Dota 2;2.0;0
SESS-12767;2026-08-14 17:55:20;USR-1066;1994-01-05;M;VIP;2;0;400;App;Cyberpunk 2077;;0
SESS-15143;2026-08-29 08:31:59;USR-1009;1997-10-05;F;Bootcamp;3;1260;405;Card;Cyberpunk 2077;;1
SESS-10100;2026-08-08 17:48:55;USR-1328;2005-04-15;M;Standard;1;160;100;Card;Valorant;;0
SESS-15538;2026-08-01 20:44:47;USR-1218;1992-12-18;M;Standard;1;120;100;Card;Cyberpunk 2077;;0
SESS-12661;2026-08-08 16:07:03;USR-1625;2012-08-19;M;Standard;4;0;360;Card;Valorant;;1
SESS-13521;2026-08-11 20:32:27;USR-1246;1992-09-07;M;Standard;3;750;300;Card;Cyberpunk 2077;;0
SESS-10613;2026-08-23 17:11:24;USR-1039;2003-04-10;F;PS5;12;2688;2700;App;Apex Legends;2.0;1
SESS-15955;2026-08-22 17:39:11;USR-1640;2008-04-12;M;Standard;4 часа;0;400;Cash;Dota 2;;0
SESS-10749;2026-08-10 11:10:48;USR-1242;2005-09-25;F;Standard;3;240;300;Card;Dota 2;4.0;0
SESS-12622;2026-08-14 09:33:10;USR-1463;2003-05-07;M;Bootcamp;4;0;600;Cash;CS2;3.0;0
SESS-10384;2026-08-14 15:43:18;USR-1052;2007-01-01;M;Standard;3;0;300;Card;Dota 2;4.5;0
SESS-10886;2026-08-30 10:31:47;USR-1616;2011-06-10;M;Bootcamp;3;0;450;Cash;Minecraft;4.5;0
SESS-14629;2026-08-20 16:33:16;USR-1590;2011-11-05;M;Bootcamp;2;0;300;Cash;Valorant;;0
SESS-14112;2026-08-18 15:45:06;USR-1258;2006-10-13;M;Bootcamp;1;0;150;App;Dota 2;;0
SESS-11096;2026-08-28 15:50:32;USR-1077;2005-03-16;M;Bootcamp;2;400;300;Card;Deadlock;4.0;0
SESS-15330;2026-08-30 18:09:20;USR-1030;2011-05-18;M;Standard;1;40;100;Card;Valorant;;0
SESS-15786;2026-08-14 16:01:55;USR-1349;1992-07-28;F;Standard;3;750;300;Card;CS2;4.5;0
SESS-11948;2026-08-17 22:11:05;USR-1015;2011-11-25;M;PS5;8;0;2000;Cash;Minecraft;;0
SESS-12448;2026-08-29 20:27:54;USR-1650;2004-11-18;M;Standard;3;240;300;App;Deadlock;;0
SESS-12545;2026-08-11 18:44:33;USR-1150;2003-04-24;M;VIP;3;560;600;Card;Valorant;4.0;0
SESS-16579;2026-08-22 18:23:00;USR-1121;2008-02-21;M;Standard;1;80;100;Cash;CS2;;0
SESS-11881;2026-08-23 12:44:56;USR-1233;2008-10-06;M;VIP;8;1110;1600;App;CS2;4.5;0
SESS-11966;2026-08-17 10:06:52;USR-1572;2005-08-27;M;Standard;1;0;100;Cash;Dota 2;2.0;0
SESS-10561;2026-08-10 10:49:09;USR-1243;2005-06-18;M;Bootcamp;1;0;150;Card;Minecraft;;0
SESS-16165;2026-08-07 16:45:51;USR-1141;1998-03-28;M;Standard;12;3000;1200;Card;PUBG;5.0;0
SESS-14707;2026-08-11 00:35:10;USR-1251;2004-08-07;M;Standard;8;0;800;Card;CS2;;0
SESS-15458;2026-08-01 23:45:38;USR-1399;1987-07-23;M;PS5;3;660;750;Card;Dota 2;;0
SESS-12734;2026-08-15 19:23:27;USR-1142;2004-11-07;M;VIP;3;714;540;Card;CS2;4.0;1
SESS-16041;2026-08-19 18:26:27;USR-1760;2010-09-15;F;VIP;2;120;400;Cash;Dota 2;4.5;0
SESS-11558;2026-08-18 23:29:50;USR-1135;2012-06-13;M;Standard;8;0;800;App;Dota 2;5.0;0
SESS-14485;2026-08-30 19:47:01;USR-1425;2010-06-12;M;Standard;2;0;180;App;Minecraft;;1
SESS-16469;2026-08-16 20:48:15;USR-1296;1994-03-08;M;Bootcamp;3;1260;405;;CS2;;1
SESS-10612;2026-08-04 08:37:08;USR-1322;2011-04-03;M;VIP;4;0;720;Cash;Deadlock;;1
SESS-12730;2026-08-23 13:30:19;USR-1484;2003-06-05;F;PS5;4;0;1000;App;Dota 2;5.0;0
SESS-11913;2026-08-17 15:26:44;USR-1107;2011-02-22;M;Standard;1;0;100;App;Dota 2;;0
SESS-10868;2026-08-03 12:33:16;USR-1061;2003-09-11;M;Standard;3;480;300;App;CS2;;0
SESS-15066;2026-08-15 20:19:56;USR-1515;2007-01-14;M;Bootcamp;2;0;300;Card;CS2;4.0;0
SESS-13933;2026-08-21 13:42:19;USR-1116;2003-02-05;F;Standard;1;120;100;App;Dota 2;3.0;0
SESS-12387;2026-08-12 16:02:46;USR-1083;2009-01-17;M;Standard;2;0;200;Cash;Minecraft;;0
SESS-12963;2026-08-21 08:09:12;USR-1603;2010-12-22;M;VIP;3;120;600;App;Minecraft;;0
SESS-16888;2026-08-15 17:23:14;USR-1008;1991-02-01;F;Standard;3;756;270;Card;Dota 2;;1
SESS-13497;2026-08-24 17:47:49;USR-1599;2011-12-13;M;VIP;2;224;360;App;Dota 2;4.0;1
SESS-11027;2026-08-12 20:17:23;USR-1520;1995-11-17;M;VIP;1;420;200;Card;Dota 2;4.5;0
SESS-11601;2026-08-12 20:40:01;USR-1384;2009-05-15;M;PS5;1;0;250;Cash;Minecraft;5.0;0
SESS-10941;2026-08-01 09:52:44;USR-1775;1990-12-05;M;Standard;5;1260;450;;CS2;3.0;1
SESS-10935;2026-08-01 10:05:30;USR-1023;2008-04-24;F;Standard;1;0;100;Card;CS2;;0
SESS-14000;2026-08-28 00:45:53;USR-1077;2005-03-16;M;Bootcamp;3;0;450;Card;Dota 2;;0
SESS-14689;2026-08-30 10:27:09;USR-1093;1995-09-19;M;PS5;2;0;500;Card;Dota 2;;0
SESS-12869;2026-08-30 16:56:29;USR-1485;2011-05-10;F;Standard;2;0;200;Cash;Dota 2;;0
SESS-12329;2026-08-19 17:20:06;USR-1555;2011-04-14;F;Standard;1;40;100;Card;Valorant;5.0;0
SESS-14281;2026-08-31 20:38:26;USR-1205;2003-02-15;M;Standard;3;240;300;Card;Dota 2;5.0;0
SESS-16852;2026-08-08 10:49:50;USR-1681;2011-11-16;M;Standard;4;0;400;Cash;CS2;4.0;0
SESS-15555;2026-08-03 14:52:21;USR-1492;1998-11-10;M;VIP;3;690;600;Card;CS2;;0
SESS-13116;2026-08-07 20:43:54;USR-1610;2012-01-22;M;Standard;8;0;800;Cash;CS2;5.0;0
SESS-16855;2026-08-12 11:17:28;USR-1082;2004-05-06;F;Standard;3;480;300;Cash;CS2;5.0;0
SESS-12202;2026-08-19 17:21:08;USR-1459;2002-07-10;F;Standard;1;0;90;App;CS2;;1
SESS-15685;2026-08-06 13:30:21;USR-1762;2006-09-25;M;Bootcamp;3;440;450;Card;CS2;4.0;0
SESS-16064;2026-08-19 17:45:38;USR-1528;2011-06-05;M;Standard;2;0;200;App;CS2;;0
SESS-14231;2026-08-08 14:39:55;USR-1158;2010-12-14;F;Standard;2;0;200;Card;Minecraft;;0
SESS-11699;2026-08-22 16:43:59;USR-1113;2005-12-17;M;Standard;2;0;200;App;CS2;;0
SESS-11828;08/21/2026 21:54:28;USR-1017;1994-02-15;M;VIP;5;0;900;Card;Dota 2;5.0;1
SESS-12739;2026-08-01 21:15:58;USR-1122;2004-02-05;M;Standard;3;0;270;Card;Deadlock;4.0;1
SESS-15669;2026-08-05 16:52:27;USR-1039;2003-04-10;F;Bootcamp;2;0;300;Cash;CS2;;0
SESS-14743;2026-08-01 19:28:14;USR-1064;2006-08-21;F;PS5;5;0;1125;Card;Valorant;4.5;1
SESS-10369;2026-08-21 13:19:49;USR-1042;2004-06-10;M;Standard;1;120;100;Card;Dota 2;3.0;0
SESS-16574;2026-08-01 17:28:42;USR-1108;2005-03-19;M;Standard;3;360;300;Card;Valorant;;0
SESS-12281;2026-08-04 17:51:41;USR-1563;1992-06-16;M;VIP;2;800;400;Card;Cyberpunk 2077;;0
SESS-13057;2026-08-23 12:25:22;USR-1736;2009-04-01;M;Bootcamp;2;0;270;Cash;Valorant;5.0;1
SESS-10531;2026-08-10 15:00:31;USR-1776;1886-09-20;M;Bootcamp;999;120;300;Cash;Dota 2;5.0;0
SESS-12043;2026-08-22 21:04:24;USR-1090;2010-05-10;M;Standard;2;0;200;Cash;Dota 2;;0
SESS-14265;2026-08-02 21:49:47;USR-1044;1999-09-01;M;VIP;2;540;400;Card;GTA V;;0
SESS-14598;2026-08-16 14:59:26;USR-1507;1991-02-02;M;Bootcamp;5;1680;675;App;GTA V;3.0;1
SESS-13204;2026-08-02 16:48:10;USR-1112;2005-08-25;M;Standard;2;0;200;Card;CS2;;0
SESS-16157;2026-08-28 02:20:32;USR-1240;2010-05-01;M;Standard;2;0;200;App;CS2;;0
SESS-13400;2026-08-04 18:25:49;USR-1542;1990-10-16;M;VIP;2;0;400;Card;Dota 2;4.0;0
SESS-12719;2026-08-24 23:33:54;USR-1142;2004-11-07;M;Bootcamp;12;1590;1800;Card;Dota 2;4.5;0
SESS-11661;2026-08-22 22:31:39;USR-1013;2012-02-18;M;Standard;5;0;500;App;Dota 2;4.0;0
SESS-11157;2026-08-04 20:33:05;USR-1070;2007-01-05;M;Standard;1;120;100;;Deadlock;3.0;0
SESS-13987;2026-08-22 20:35:12;USR-1597;2010-07-06;M;Bootcamp;3;0;450;Card;CS2;;0
SESS-11561;2026-08-02 15:37:45;USR-1097;2010-04-26;M;VIP;2;0;400;App;CS2;;0
SESS-13155;2026-08-09 07:37:02;USR-1265;2010-01-24;M;Standard;2;0;200;Cash;CS2;;0
SESS-12336;2026-08-14 15:32:59;USR-1546;2008-04-14;M;VIP;3;784;540;Card;Dota 2;;1
SESS-11916;2026-08-11 12:57:34;USR-1319;1998-01-03;M;PS5;2;0;500;Card;Dota 2;;0
SESS-10575;2026-08-04 12:11:58;USR-1368;2006-06-09;M;VIP;1;240;200;Card;Dota 2;;0
SESS-10035;2026-08-29 21:09:32;USR-1592;2005-06-27;M;Standard;1;0;100;Card;CS2;;0
SESS-14770;2026-08-30 17:32:37;USR-1000;2005-11-15;M;Bootcamp;2;400;300;Card;CS2;4.5;0
SESS-15324;2026-08-15 21:23:02;USR-1290;2010-01-20;M;PS5;4;0;900;Card;Deadlock;;1
SESS-14247;2026-08-15 16:58:12;USR-1049;1997-11-16;M;VIP;8;1110;1600;Card;CS2;3.0;0
SESS-14626;2026-08-06 15:05:37;USR-1012;2006-05-26;M;Bootcamp;1;200;150;App;Dota 2;;0
SESS-12708;2026-08-10 00:36:52;USR-1415;2011-09-13;M;PS5;8;0;1800;Cash;Valorant;5.0;1
SESS-16747;2026-08-02 21:07:33;USR-1572;2005-08-27;M;Bootcamp;3;0;405;Card;Valorant;4.5;1
SESS-13935;2026-08-23 22:38:21;USR-1001;2007-02-26;M;VIP;8;720;1600;App;Dota 2;4.0;0
SESS-12555;2026-08-28 22:15:54;USR-1036;2004-09-28;M;Standard;5;0;500;Card;CS2;;0
SESS-17073;2026-08-01 17:09:25;USR-1217;2003-04-26;M;Bootcamp;2;0;300;Card;Valorant;;0
SESS-16163;2026-08-15 23:48:34;USR-1363;2003-07-12;M;Standard;8;0;800;Card;Apex Legends;4.5;0
SESS-16233;2026-08-06 08:24:42;USR-1051;2005-01-12;M;Standard;3;503;270;App;Dota 2;;1
SESS-16174;2026-08-22 19:33:26;USR-1542;1990-10-16;M;VIP;1;330;200;App;Cyberpunk 2077;;0
SESS-16281;2026-08-14 23:53:02;USR-1591;2007-08-05;M;PS5;12;2015;2700;App;CS2;5.0;1
SESS-11083;2026-08-01 14:33:40;USR-1229;2007-06-14;M;Standard;2;0;180;App;CS2;5.0;1
SESS-10075;2026-08-17 21:09:11;USR-1469;2004-03-02;M;Standard;4;480;400;Card;CS2;;0
SESS-13600;2026-08-28 12:30:29;USR-1676;1998-07-07;M;Standard;5;1750;450;Card;Cyberpunk 2077;4.5;1
SESS-16453;2026-08-07 01:45:30;USR-1053;1998-05-01;M;VIP;12;2460;2400;Card;CS2;;0
SESS-11972;2026-08-29 19:55:12;USR-1162;2004-02-09;M;PS5;3;0;750;Card;Deadlock;4.0;0
SESS-13855;2026-08-31 15:08:44;USR-1027;1997-11-04;F;VIP;2;0;400;Card;Dota 2;;0
SESS-10041;2026-08-18 21:58:08;USR-1374;1993-07-26;M;PS5;3;0;675;Card;CS2;;1
SESS-12536;2026-08-09 13:27:14;USR-1510;2005-04-12;M;VIP;5;880;1000;Card;Dota 2;;0
SESS-16784;2026-08-26 16:55:02;USR-1181;2003-01-07;F;Bootcamp;2;390;300;Card;Deadlock;5.0;0
SESS-14827;2026-08-08 17:54:48;USR-1185;09/18/2000;F;VIP;3;714;540;App;Dota 2;;1
SESS-10227;2026-08-19 12:55:35;USR-1004;2006-01-08;M;Standard;4;480;400;Card;CS2;4.0;0
SESS-13111;2026-08-17 20:23:25;USR-1409;2007-05-15;M;VIP;5;0;1000;Card;CS2;;0
SESS-11499;2026-08-14 16:36:12;USR-1752;2008-10-12;M;Bootcamp;1;0;150;App;PUBG;;0
SESS-11425;2026-08-08 20:06:44;USR-1595;1991-02-26;M;PS5;3;1050;750;Card;Browser/Work;4.0;0
SESS-14165;2026-08-11 22:25:24;USR-1053;1998-05-01;M;Standard;8;960;800;App;PUBG;3.0;0
SESS-14652;2026-08-28 08:04:27;USR-1151;1994-06-23;M;Bootcamp;3;1470;405;Card;Dota 2;4.5;1
SESS-11854;2026-08-20 15:43:41;USR-1274;2007-02-14;M;VIP;2;310;400;Cash;Apex Legends;;0
;2026-08-01 16:39:44;;2011-02-02;M;Bootcamp;2;120;300;App;Minecraft;;0
SESS-13916;2026-08-03 22:59:26;USR-1238;2008-11-08;M;PS5;5;800;1250;Cash;CS2;4.0;0
SESS-15984;2026-08-29 16:45:34;USR-1013;2012-02-18;M;Standard;2;0;180;Cash;CS2;;1
SESS-15462;2026-08-14 12:26:02;USR-1124;2012-08-08;M;VIP;5;0;1000;;Dota 2;4.5;0
SESS-14222;2026-08-16 18:17:04;USR-1777;2007-05-08;M;PS5;2;320;500;App;Dota 2;;0
SESS-12605;2026-08-04 21:00:01;USR-1080;28.02.2003;M;VIP;2;0;400;App;Apex Legends;4.5;0
SESS-16730;2026-08-15 10:43:24;USR-1720;2012-11-25;F;Standard;2;80;200;Cash;Minecraft;4.5;0
SESS-11904;2026-08-13 15:44:54;USR-1155;2010-04-23;F;Bootcamp;1;0;150;Card;Valorant;;0
SESS-14740;2026-08-12 14:07:02;USR-1064;2006-08-21;F;Bootcamp;2;390;300;Card;Deadlock;;0
SESS-11076;2026-08-17 22:02:24;USR-1447;2005-02-07;M;VIP;8;0;1440;Card;Dota 2;;1
SESS-17067;2026-08-31 17:53:31;USR-1120;2006-07-03;M;Standard;3;360;300;Card;Dota 2;4.5;0
SESS-11313;2026-08-15 02:37:50;USR-1066;1994-01-05;M;VIP;8;1764;1440 ₽;Card;Cyberpunk 2077;4.0;1
SESS-15130;2026-08-05 17:13:49;USR-1531;2004-10-05;M;Bootcamp;1;240;150;Card;Dota 2;;0
SESS-12018;2026-08-01 17:02:03;USR-1739;2009-06-08;M;Bootcamp;2;0;300 ₽;Card;Valorant;;0
SESS-14718;2026-08-20 22:57:07;USR-1088;2004-05-15;M;Standard;8;960;800;Card;CS2;4.0;0
SESS-11251;2026-08-27 23:03:45;USR-1549;2005-11-12;M;Standard;12;0;1200;App;Valorant;;0
SESS-12114;2026-08-18 17:43:13;USR-1129;1998-11-08;M;PS5;2;510;500;App;Valorant;;0
SESS-15161;2026-08-18 22:03:37;USR-1663;2006-11-18;M;VIP;8;1040;1600;Card;Dota 2;4.0;0
SESS-11970;2026-08-21 16:50:07;USR-1542;1990-10-16;M;VIP;2;0;400;App;PUBG;;0
SESS-14367;2026-08-28 19:42:08;USR-1089;2002-06-04;F;VIP;2;240;400;Cash;CS2;;0
SESS-17021;2026-08-01 16:58:17;USR-1144;1993-04-03;M;PS5;3;840;750;Card;Dota 2;;0
SESS-15909;2026-08-09 15:30:34;USR-1311;2009-11-01;F;Bootcamp;2;160;300;App;Apex Legends;;0
SESS-14741;2026-08-31 21:48:26;USR-1046;2009-05-11;F;Bootcamp;1;0;150;Cash;CS2;;0
SESS-13795;2026-08-23 17:33:09;USR-1448;2008-08-23;M;VIP;2;390;400;Card;Dota 2;;0
SESS-14619;2026-08-19 13:31:14;USR-1572;2005-08-27;M;Bootcamp;3;630;450;Cash;Dota 2;4.5;0
SESS-11461;2026-08-04 21:38:45;USR-1085;2000-03-10;M;Bootcamp;3;0;450;Card;Browser/Work;4.0;0
SESS-13167;2026-08-11 14:45:27;USR-1009;1997-10-05;F;VIP;2;510;400;Card;GTA V;;0
;2026-08-15 11:21:12;;2005-01-22;M;Bootcamp;2;0;300;Card;CS2;;0
SESS-13056;2026-08-16 17:24:09;USR-1401;2002-10-03;M;VIP;1;270;200;Card;CS2;;0
SESS-17091;2026-08-24 17:40:44;USR-1078;1995-10-22;F;Standard;3;750;300;Card;Dota 2;4.5;0
SESS-10810;2026-08-01 16:21:22;USR-1511;2007-07-17;M;Bootcamp;4;720;600;Card;CS2;5.0;0
SESS-12454;2026-08-07 19:00:03;USR-1167;2004-04-20;M;VIP;2;240;400;Card;Deadlock;;0
SESS-10646;2026-08-07 14:14:25;USR-1391;2005-03-11;м;VIP;1;0;200;Card;PUBG;;0
SESS-14796;2026-08-10 20:13:13;USR-1624;2008-01-03;M;VIP;2;400;400;Card;Deadlock;;0
SESS-10348;2026-08-08 23:57:28;USR-1015;2011-11-25;M;Bootcamp;8;320;1200;Cash;Dota 2;4.0;0
SESS-14659;2026-08-18 17:57:00;USR-1196;2007-09-09;M;VIP;2;240;400;Card;Dota 2;4.5;0
SESS-14141;2026-08-13 19:19:19;USR-1144;1993-04-03;м;Standard;2;0;200;App;Dota 2;;0
SESS-14524;2026-08-28 19:06:54;USR-1098;2012-02-17;M;Standard;4;0;400;App;Minecraft;5.0;0
SESS-11037;2026-08-23 19:26:09;USR-1019;1993-10-21;M;Standard;3;1050;270;App;GTA V;;1
SESS-14552;2026-08-08 22:00:28;USR-1045;2006-03-25;F;Standard;12;1920;1200;Card;Valorant;4.0;0
SESS-13538;2026-08-01 13:50:28;USR-1101;1997-03-02;M;PS5;1;0;250;Card;Cyberpunk 2077;;0
SESS-10902;2026-08-28 23:14:12;USR-1476;2007-07-12;M;Standard;8;640;800;App;Valorant;2.0;0
SESS-16738;2026-08-10 20:36:05;USR-1063;2008-01-18;F;Bootcamp;1;0;150;App;Deadlock;;0
SESS-15177;2026-08-04 23:12:00;USR-1075;2008-12-21;M;Bootcamp;5;880;750;App;Dota 2;;0
SESS-11330;2026-08-19 16:52:18;USR-1518;2007-03-09;M;VIP;1;0;200;Card;Dota 2;;0
SESS-13605;2026-08-15 20:18:29;USR-1218;1992-12-18;M;VIP;2;540;400;Card;Cyberpunk 2077;2.0;0
;2026-08-01 09:36:03;USR-1091;2007-11-13;M;VIP;1;240;200;App;Dota 2;4.0;0
SESS-13020;2026-08-20 16:56:03;USR-1715;2011-06-05;M;VIP;5;0;1000;Cash;CS2;4.5;0
SESS-11619;2026-08-25 19:26:19;USR-1006;2005-05-17;M;Standard;2;336;180;App;PUBG;5.0;1
SESS-11469;2026-08-06 15:20:32;USR-1275;1998-10-28;M;PS5;1;400;250;App;Dota 2;4.5;0
SESS-16350;2026-08-26 20:30:58;USR-1712;2007-05-20;M;Standard;1;80;100;Card;CS2;;0
SESS-14112;2026-08-18 15:45:06;USR-1258;2006-10-13;M;Bootcamp;1;0;150;App;Dota 2;;0
SESS-15353;2026-08-21 12:48:57;USR-1702;1990-01-22;F;VIP;2;0;400;Card;Dota 2;;0
SESS-14709;2026-08-23 16:28:15;USR-1558;2007-12-03;M;Standard;1;0;100;Card;PUBG;;0
SESS-14319;2026-08-02 21:08:13;USR-1037;2010-08-28;M;Standard;2;120;200;App;CS2;;0
SESS-15398;2026-08-31 19:36:53;USR-1062;2012-09-01;M;VIP;3;120;600;Cash;CS2;4.5;0
SESS-16675;2026-08-01 15:51:57;USR-1343;2005-03-24;M;Standard;3;0;300;App;Dota 2;5.0;0
SESS-15945;2026-08-13 00:41:34;USR-1194;2010-08-10;M;PS5;8;480;2000;App;CS2;4.5;0
SESS-14995;2026-08-15 14:34:50;USR-1429;2011-02-10;M;VIP;1;0;200;App;CS2;;0
SESS-16546;2026-08-07 19:46:51;USR-1149;2006-12-05;M;Bootcamp;2;0;300;Card;CS2;4.0;0
SESS-16150;2026-08-02 14:28:54;USR-1385;1999-10-15;F;Bootcamp;5;1680;675;Card;GTA V;4.0;1
SESS-12965;2026-08-13 20:52:52;USR-1775;1990-12-05;M;VIP;1;0;200;Card;Cyberpunk 2077;;0
SESS-14798;2026-08-06 02:35:11;USR-1043;2007-04-22;M;Bootcamp;2;400;300;Card;Apex Legends;;0
SESS-16896;2026-08-28 19:35:37;USR-1770;2008-02-15;F;VIP;2;0;400;App;Apex Legends;;0
SESS-15557;2026-08-09 19:36:18;USR-1137;2005-01-22;M;Standard;1;0;100;Card;Valorant;;0
SESS-13504;2026-08-17 18:49:11;USR-1017;1994-02-15;M;Standard;3;756;270;Card;GTA V;;1
SESS-13045;2026-08-25 12:16:12;USR-1239;;M;Bootcamp;8;0;1080;Cash;Minecraft;5.0;1
SESS-14095;2026-08-16 15:46:38;USR-1727;2001-04-28;M;PS5;2;160;500;App;CS2;4.5;0
SESS-14635;2026-08-05 23:30:43;USR-1497;2009-07-10;M;Bootcamp;8;0;1200;App;Minecraft;5.0;0
SESS-10069;2026-08-20 10:39:58;USR-1382;2010-02-10;M;Bootcamp;4;448;540;App;Minecraft;4.5;1
SESS-14601;2026-08-15 13:42:10;USR-1371;2006-04-08;M;Standard;3;0;300;App;CS2;;0
SESS-13885;2026-08-28 20:13:40;USR-1715;2011-06-05;M;VIP;1;0;200;App;Minecraft;;0
SESS-16516;2026-08-06 17:56:29;USR-1207;2012-09-11;M;PS5;2;0;500;Cash;Minecraft;4.5;0
SESS-14748;2026-08-15 19:37:14;USR-1660;2011-07-03;M;Standard;3;0;300;App;Minecraft;;0
SESS-11129;2026-08-04 14:36:10;USR-1388;2004-05-07;M;PS5;1;0;250;Card;Dota 2;;0
SESS-16551;2026-08-23 06:57:10;USR-1766;1994-08-05;M;Standard;2;0;200;Card;PUBG;;0
;2026-08-03 19:32:34;;2010-03-07;M;Standard;1;0;100;App;CS2;;0
SESS-14762;2026-08-15 15:08:35;USR-1129;1998-11-08;M;Bootcamp;3;510;450;Card;CS2;4.5;0
SESS-10759;2026-08-30 20:09:18;USR-1781;2006-08-24;M;Bootcamp;4;560;600;Card;CS2;4.0;0
SESS-15325;2026-08-25 13:30:52;USR-1136;1993-06-01;M;Standard;3;0;300;App;GTA V;4.0;0
SESS-15399;2026-08-22 23:41:09;USR-1007;2003-09-21;M;Standard;12;2688;1080;Cash;CS2;5.0;1
SESS-16849;2026-08-06 12:06:19;USR-1111;1997-10-25;M;PS5;3;0;750;App;GTA V;;0
SESS-11934;2026-08-15 21:50:07;USR-1190;2003-01-24;M;VIP;5;950;1000;Card;Dota 2;;0
SESS-10554;2026-08-25 12:27:21;USR-1033;2008-06-16;M;Bootcamp;1;322;135;Cash;Dota 2;;1
SESS-11218;2026-08-21 16:11:43;USR-1438;2006-03-21;M;;VIP;4;560;Card;CS2;4.5;1
SESS-12541;2026-08-08 17:20:56;USR-1199;2006-07-24;M;Standard;3;336;270;Card;CS2;;1
SESS-16074;2026-08-07 16:40:42;USR-1520;1995-11-17;M;PS5;3;0;750;App;Cyberpunk 2077;5.0;0
SESS-11834;2026-08-18 23:14:29;USR-1001;2007-02-26;M;Standard;5;0;500;Card;CS2;4.0;0
SESS-10611;2026-08-02 22:07:22;USR-1120;2006-07-03;M;Standard;8;960;800;App;Deadlock;;0
SESS-14052;2026-08-27 14:48:00;USR-1636;2004-03-21;M;VIP;4;0;720;Card;Dota 2;4.5;1
SESS-11776;2026-08-29 17:39:33;USR-1490;2010-04-27;M;Bootcamp;4;0;600;Cash;Dota 2;;0
SESS-14432;2026-08-04 14:48:06;USR-1158;2010-12-14;F;Standard;3;0;300;App;Valorant;;0
SESS-13486;2026-08-06 13:11:26;USR-1001;2007-02-26;M;VIP;8;0;1440;Card;Valorant;;1
SESS-10891;2026-08-23 16:15:29;USR-1064;2006-08-21;F;VIP;3;0;600;App;CS2;;0
SESS-13816;2026-08-07 21:47:08;USR-1791;1995-04-04;M;PS5;5;900;1250;Card;Cyberpunk 2077;;0
SESS-14883;08/25/2026 22:20:01;USR-1514;2008-04-05;M;Standard;5;800;500;Card;Dota 2;;0
SESS-16481;2026-08-29 22:53:14;USR-1051;2005-01-12;M;Standard;12;0;1200;Card;Dota 2;;0
SESS-15827;2026-08-30 03:23:34;USR-1045;2006-03-25;2;Standard;3;0;270;App;CS2;;1
SESS-10942;2026-08-29 16:29:02;USR-1404;2010-02-10;M;VIP;3;336;540;Cash;Minecraft;4.5;1
SESS-13717;2026-08-21 19:55:36;USR-1785;1997-05-20;F;PS5;4;1819;900;Card;Deadlock;;1
SESS-10231;2026-08-12 16:22:02;USR-1748;2004-02-07;M;Standard;1;0;100;Card;CS2;;0
SESS-10104;2026-08-02 18:25:22;USR-1041;1992-05-02;M;VIP;12;2310;2400;App;Dota 2;;0
SESS-10201;2026-08-18 16:46:55;USR-1149;2006-12-05;M;Standard;2;240;200;Card;Dota 2;;0
SESS-11472;2026-08-29 13:50:19;USR-1775;1990-12-05;M;Standard;2;0;200;App;CS2;;0
SESS-10228;2026-08-26 14:40:46;USR-1034;2010-09-11;F;VIP;2;160;400;Cash;Minecraft;4.5;0
SESS-10360;2026-08-23 16:09:33;USR-1036;2004-09-28;M;VIP;3;0;600;Card;Dota 2;5.0;0
;2026-08-05 11:56:15;;1998-12-06;M;VIP;2;1120;360;Card;Dota 2;5.0;1
SESS-15779;2026-08-28 20:05:15;USR-1454;1998-11-09;M;VIP;2;650;400;Card;CS2;;0
SESS-12236;2026-08-23 20:27:04;USR-1589;1998-03-23;M;VIP;1;400;200;Card;CS2;;0
SESS-12209;2026-08-22 13:23:25;USR-1088;2004-05-15;M;Bootcamp;3;320;450;App;Deadlock;;0
SESS-15364;2026-08-17 12:16:16;USR-1106;1997-11-09;M;Standard;3;0;300;Card;Cyberpunk 2077;;0
SESS-14232;2026-08-15 13:59:30;USR-1752;2008-10-12;M;Standard;8;1344;720;Card;Dota 2;;1
SESS-13152;2026-08-02 18:41:04;USR-1180;2012-05-05;M;Standard;8;448;720;App;Dota 2;4.5;1
SESS-11891;2026-08-22 13:05:28;USR-1148;1993-02-16;M;VIP;2;390;400;Card;CS2;;0
SESS-11246;2026-08-29 20:57:26;USR-1456;2003-05-02;M;ps5;1;160;100;Card;CS2;;0
SESS-12882;2026-08-22 16:58:08;USR-1432;2004-06-21;M;VIP;1;0;200;Card;Deadlock;;0
SESS-16772;2026-08-06 20:07:29;USR-1270;2005-08-03;M;Standard;1;0;100;Card;Valorant;;0
SESS-15579;2026-08-19 18:55:20;USR-1233;2008-10-06;M;Standard;3;0;300;Cash;CS2;4.0;0
SESS-13657;2026-08-15 15:15:48;USR-1510;;M;Standard;3;360;300;App;Dota 2;4.5;0
SESS-16881;2026-08-04 19:33:32;USR-1133;2005-08-18;M;Standard;2;240;200;Card;Dota 2;;0
SESS-10678;2026-08-15 20:20:20;USR-1026;2004-11-05;M;VIP;3;390;600;Card;Valorant;4.5;0
SESS-17053;2026-08-22 12:40:18;USR-1362;2007-07-04;F;Standard;3;336;270;App;Apex Legends;3.0;1
SESS-11690;2026-08-02 19:53:18;USR-1049;1997-11-16;M;PS5;3;714;675;Cash;Cyberpunk 2077;5.0;1
SESS-10090;2026-08-02 00:29:03;USR-1553;2010-07-20;F;Bootcamp;5;300;750;Card;Valorant;4.0;0
SESS-12452;2026-08-24 20:41:54;USR-1150;2003-04-24;M;VIP;5;1232;900;Card;Dota 2;3.0;1
SESS-10670;2026-08-05 16:04:18;USR-1110;2004-11-28;F;PS5;2;160;500;Card;Dota 2;5.0;0
SESS-10292;2026-08-30 16:11:00;USR-1015;2011-11-25;M;Bootcamp;2;0;300;Card;CS2;4.5;0
SESS-14170;2026-08-14 23:21:46;USR-1078;1995-10-22;F;Standard;2;500;200;Card;Cyberpunk 2077;;0
SESS-11577;2026-08-22 21:37:18;USR-1053;1998-05-01;M;Bootcamp;4;0;600;Card;Browser/Work;;0
SESS-14620;2026-08-21 22:05:29;USR-1255;2011-03-26;F;Standard;5;300;500;Cash;Deadlock;;0
SESS-12244;2026-08-08 22:58:22;USR-1673;2012-03-03;M;Standard;12;960;1200;App;Dota 2;4.5;0
SESS-13318;2026-08-28 02:06:15;USR-1488;2008-08-08;F;VIP;3;0;600;App;Valorant;;0
SESS-10072;2026-08-25 21:02:37;USR-1047;2005-09-11;M;VIP;2;310;400;Card;Valorant;5.0;0
SESS-15393;2026-08-10 21:04:10;USR-1114;2010-06-11;F;;Bootcamp;1;0;App;Minecraft;4.0;0
SESS-10514;2026-08-07 21:09:25;USR-1284;2012-02-26;M;PS5;3;336;675;Cash;CS2;;1
SESS-13021;2026-08-04 10:12:46;USR-1678;1886-09-20;M;Bootcamp;-2;658;270;Card;Valorant;;1
SESS-15390;2026-08-19 16:04:26;USR-1003;2008-10-26;M;VIP;3;440;600;Cash;Dota 2;;0
SESS-11769;2026-08-21 00:27:22;USR-1238;2008-11-08;M;PS5;8;0;2000;Card;Apex Legends;;0
SESS-16912;2026-08-16 19:28:09;USR-1098;2012-02-17;M;Standard;5;0;450;Card;Valorant;4.5;1
SESS-14631;2026-08-23 17:04:45;USR-1342;1992-07-05;M;VIP;2;0;400;App;GTA V;;0
SESS-14978;2026-08-22 12:08:34;USR-1761;1986-09-19;M;VIP;1;550;200;Card;GTA V;;0
SESS-14655;2026-08-16 03:43:56;USR-1689;2010-02-14;M;Standard;1;0;90;Card;CS2;;1
SESS-16628;2026-08-07 12:14:50;USR-1479;2002-01-21;M;VIP;5;951;900;Card;CS2;4.0;1
SESS-12602;2026-08-05 17:25:16;USR-1668;1990-01-06;M;VIP;5;1050;900;Card;GTA V;4.5;1
SESS-16046;2026-08-12 18:04:43;USR-1270;2005-08-03;M;Bootcamp;2;0;270;App;CS2;;1
SESS-13505;2026-08-11 17:49:04;USR-1117;2010-06-21;M;Standard;3;0;300;Cash;CS2;4.5;0
SESS-16810;2026-08-10 21:46:53;USR-1758;2006-09-14;F;PS5;2;0;500;App;Valorant;4.5;0
SESS-13195;2026-08-30 19:46:24;USR-1080;2003-02-28;M;Bootcamp;2;320;300;Card;CS2;4.0;0
SESS-14865;2026-08-31 17:14:44;USR-1145;2000-12-11;M;PS5;1;330;250;Card;Dota 2;;0
SESS-10119;2026-08-20 19:01:25;USR-1439;2007-12-25;M;PS5;1;80;250;Cash;Dota 2;;0
SESS-14287;2026-08-20 19:30:51;USR-1701;1996-05-13;F;VIP;3;1050;600;Card;PUBG;4.0;0
SESS-11291;2026-08-09 19:22:58;USR-1135;2012-06-13;M;Bootcamp;3;0;450;App;Dota 2;;0
SESS-14412;2026-08-16 00:44:18;USR-1170;2001-05-18;M;PS5;8;960;2000;Card;Valorant;;0
SESS-16002;2026-08-19 17:31:30;USR-1032;2009-06-21;M;Standard;2;120;200;App;Dota 2;;0
SESS-10096;2026-08-03 14:15:55;USR-1097;2010-04-26;M;Standard;5;0;500;App;CS2;4.0;0
SESS-10830;2026-08-13 09:48:09;USR-1672;2009-01-15;M;VIP;2;0;400;Cash;Minecraft;4.0;0
SESS-12947;2026-08-20 18:04:50;USR-1109;2007-12-25;M;Standard;1;0;100;Card;CS2;;0
SESS-15179;2026-08-31 22:37:03;USR-1541;2011-11-17;M;Standard;12;960;1200;App;Dota 2;;0
SESS-10649;2026-08-08 10:51:14;USR-1092;2007-02-23;M;Standard;1;0;100;Card;Valorant;;0
SESS-12698;2026-08-27 17:52:22;USR-1109;2007-12-25;M;Bootcamp;2;390;300;Card;PUBG;;0
SESS-10893;2026-08-15 16:03:21;USR-1219;2009-03-07;M;Standard;3;168;270;App;CS2;4.0;1
SESS-15527;2026-08-22 19:34:56;USR-1353;2006-08-23;M;Standard;2;0;200;Card;CS2;;0
SESS-11930;2026-08-13 14:44:39;USR-1000;2005-11-15;M;Bootcamp;1;240;150;Card;Dota 2;5.0;0
SESS-15964;2026-08-13 02:15:36;USR-1000;2005-11-15;M;Standard;1;0;100;Card;CS2;;0
SESS-12733;2026-08-28 08:08:14;USR-1041;1992-05-02;M;PS5;2;0;500;App;CS2;;0
SESS-13039;2026-08-23 19:19:42;USR-1495;2004-10-04;M;Standard;2;0;200;Card;CS2;;0
SESS-14229;2026-08-23 06:31:21;USR-1456;2003-05-02;M;PS5;1;160;250;Cash;Dota 2;;0
SESS-13019;2026-08-10 10:51:01;USR-1286;1993-06-23;M;VIP;1;0;200;App;Dota 2;;0
SESS-14100;2026-08-31 09:24:05;USR-1590;2011-11-05;M;;Standard;1;0;App;Dota 2;4.5;0
SESS-10954;2026-08-27 21:52:40;USR-1486;2010-10-17;M;VIP;2;0;400;Cash;CS2;4.5;0
SESS-13179;2026-08-25 21:48:26;USR-1637;2007-10-27;M;Standard;2;0;200;App;Deadlock;;0
SESS-14570;2026-08-09 17:23:09;USR-1128;2008-04-02;F;PS5;3;336;675;Cash;Apex Legends;4.0;1
SESS-12091;2026-08-25 21:53:45;USR-1038;2007-09-18;M;Bootcamp;2;390;300;Card;CS2;4.0;0
SESS-16837;2026-08-30 11:35:38;USR-1218;1992-12-18;M;VIP;3;1050;600;Card;PUBG;;0
SESS-16282;2026-08-14 13:26:39;USR-1135;2012-06-13;M;Standard;1;80;100;Card;CS2;1.0;0
SESS-11498;2026-08-06 12:37:07;USR-1297;2006-01-15;M;Bootcamp;1;230;150;Card;Dota 2;;0
SESS-11905;2026-08-03 03:05:41;USR-1188;2005-12-26;M;ps5;2;310;300;Card;Minecraft;4.0;0
SESS-15395;2026-08-19 19:39:12;USR-1120;2006-07-03;M; Bootcamp ;2;240;500;Cash;Valorant;4.0;0
SESS-12848;2026-08-30 20:53:01;USR-1324;1996-05-14;M;Bootcamp;3;0;450;Card;PUBG;4.5;0
SESS-13056;2026-08-16 17:24:09;USR-1401;2002-10-03;M;VIP;1;270;200;Card;CS2;;0
SESS-12217;2026-08-14 18:53:05;USR-1750;1992-05-26;F;PS5;3;690;750;Card;CS2;;0
SESS-16527;2026-08-09 19:13:22;USR-1181;2003-01-07;F;Standard;2;240;200;App;Dota 2;;0
SESS-10526;2026-08-13 23:48:21;USR-1309;2006-05-24;M;VIP;3;0;600;App;Dota 2;;0
SESS-14251;2026-08-29 18:14:41;USR-1357;1992-05-25;M;VIP;3;840;600;Card;Browser/Work;4.0;0
SESS-14464;2026-08-21 13:22:38;USR-1160;2001-07-16;F;Standard;1;120;100;App;Apex Legends;;0
SESS-14184;2026-08-06 00:40:58;USR-1026;2004-11-05;M;Standard;8;0;800;Card;PUBG;;0
SESS-14026;2026-08-01 20:52:46;USR-1518;2007-03-09;M;Bootcamp;2;0;300;Card;Valorant;;0
SESS-15610;2026-08-21 11:27:51;USR-1154;2000-02-18;M;Standard;2;360;200;Card;PUBG;4.5;0
SESS-11457;2026-08-03 21:36:20;USR-1713;2005-09-25;M;VIP;1;0;200;Card;CS2;;0
SESS-11265;2026-08-31 23:51:52;USR-1060;1990-02-23;M;Standard;8;2015;720;Card;CS2;5.0;1
SESS-14264;2026-08-18 17:58:29;USR-1041;1992-05-02;M;PS5;2;510;500;App;Dota 2;;0
SESS-11456;2026-08-22 17:16:30;USR-1038;2007-09-18;M;Bootcamp;3;448;405;Card;Deadlock;5.0;1
SESS-14332;2026-08-22 16:45:05;USR-1117;2010-06-21;M;Standard;3;0;270;App;Valorant;5.0;1
SESS-12015;2026-08-02 14:32:25;USR-1285;1998-10-11;M;Bootcamp;12;0;1620;App;Browser/Work;5.0;1
SESS-16458;2026-08-21 04:27:05;USR-1723;1999-12-13;M;PS5;4;1610;900;Card;PUBG;5.0;1
SESS-12621;2026-08-02 20:25:48;USR-1034;2010-09-11;F;Standard;5;420;450;Card;CS2;5.0;1
SESS-15528;2026-08-16 23:55:31;USR-1360;2000-09-11;M;Bootcamp;12;1590;1800;Card;Valorant;3.0;0
SESS-11571;2026-08-23 19:55:15;USR-1301;2012-09-01;M;Bootcamp;2;0;300;Card;Dota 2;4.5;0
SESS-13642;2026-08-28 22:02:14;USR-1418;2006-08-28;M;Standard;3;0;270;App;CS2;3.0;1
SESS-16293;2026-08-14 20:48:00;USR-1670;2006-02-07;M;Bootcamp;3;0;450;Card;CS2;4.0;0
SESS-11135;2026-08-12 17:02:13;USR-1572;2005-08-27;M;Standard;3;672;270;Card;CS2;5.0;1
SESS-14989;2026-08-31 20:32:13;USR-1447;2005-02-07;M;Standard;2;240;200;Card;Valorant;;0
SESS-15403;2026-08-25 15:01:18;USR-1087;2006-03-16;M;PS5;2;160;500;Card;CS2;4.0;0
SESS-12659;2026-08-14 09:22:26;USR-1114;2010-06-11;F;Bootcamp;5;420;675;App;CS2;4.0;1
SESS-10521;2026-08-29 00:41:02;USR-1353;2006-08-23;M;Standard;12;0;1200;App;Cyberpunk 2077;;0
SESS-13114;2026-08-18 10:17:51;USR-1581;1996-10-10;M;PS5;2;650;500;Card;Dota 2;;0
SESS-12681;2026-08-24 21:53:22;USR-1439;2007-12-25;M;Bootcamp;1;0;150;App;Deadlock;;0
SESS-13646;2026-08-23 17:16:14;USR-1018;2002-11-17;M;VIP;1;240;200;Card;CS2;;0
SESS-10001;2026-08-28 20:59:00;USR-1623;2010-04-05;M;Standard;2;224;180;Cash;CS2;1.0;1
SESS-11079;2026-08-27 18:42:34;USR-1382;2010-02-10;M;Bootcamp;3;0;450;App;CS2;;0
SESS-11025;2026-08-25 17:56:19;USR-1150;2003-04-24;M;Standard;1;80;100;Cash;Apex Legends;4.0;0
SESS-12353;2026-08-31 19:28:52;USR-1080;2003-02-28;M;Standard;1;0;100;Card;Deadlock;;0
SESS-10540;2026-08-25 11:50:47;USR-1519;1996-11-27;F;PS5;3;690;750;Card;GTA V;5.0;0
SESS-12753;2026-08-18 13:36:16;USR-1321;2010-05-10;M;Bootcamp;3;0;405;App;CS2;3.0;1
SESS-10877;2026-08-15 11:52:14;USR-1004;2006-01-08;M;VIP;2;0;400;App;CS2;;0
SESS-16376;2026-08-12 21:29:52;USR-1401;2002-10-03;M;Bootcamp;1;310;150;App;Dota 2;;0
;2026-08-16 16:28:03;;2008-12-21;M;Bootcamp;4;400;600;Card;Deadlock;4.0;0
SESS-17075;2026-08-06 17:46:31;USR-1097;2010-04-26;M;Standard;3;120;300;Cash;Minecraft;;0
SESS-12892;2026-08-30 20:38:03;USR-1784;2007-12-05;M;Standard;1;160;100;App;Valorant;;0
SESS-13627;2026-08-22 19:29:43;USR-1100;2003-04-03;M;VIP;1;270;200;App;Apex Legends;5.0;0
SESS-12342;2026-08-29 16:28:48;USR-1714;2004-09-13;M;Bootcamp;3;390;450;App;Dota 2;;0
SESS-12279;2026-08-12 17:18:25;USR-1697;2002-12-15;M;VIP;2;470;400;Card;Dota 2;4.0;0
SESS-10769;2026-08-31 21:38:20;USR-1157;2005-06-14;M;Standard;1;0;100;Card;Dota 2;3.0;0
SESS-13500;2026-08-27 14:36:40;USR-1601;2010-08-01;F;Standard;4;160;400;Card;Deadlock;;0
SESS-12995;2026-08-01 17:48:43;USR-1299;2011-12-03;F;Standard;2;160;200;Cash;Minecraft;4.5;0
SESS-11190;2026-08-05 14:02:32;USR-1142;2004-11-07;M;Standard;4;448;360;App;CS2;4.0;1
SESS-14724;2026-08-12 10:53:53;USR-1007;2003-09-21;M;Standard;2;0;200;Card;PUBG;4.5;0
SESS-11303;2026-08-30 20:23:05;USR-1005;1997-04-20;M;Standard;4;672;360;Card;PUBG;4.0;1
SESS-11059;2026-08-07 19:14:20;USR-1791;1995-04-04;M;Standard;1;180;100;Card;Dota 2;;0
SESS-14590;2026-08-25 22:43:05;USR-1161;2012-05-09;F;Standard;8;320;800;App;CS2;;0
SESS-15684;2026-08-27 19:54:06;USR-1316;1988-06-07;M;PS5;1;270;250;App;Cyberpunk 2077;5.0;0
SESS-11712;2026-08-07 15:27:23;USR-1643;2002-07-25;M;VIP;1;0;200;Card;Dota 2;5.0;0
SESS-15668;2026-08-07 03:42:33;USR-1746;2001-08-27;M;PS5;3;480;750;Cash;CS2;;0
SESS-15684;2026-08-27 19:54:06;USR-1316;1988-06-07;M;PS5;1;270;250;App;Cyberpunk 2077;5.0;0
SESS-16269;2026-08-07 12:32:24;USR-1120;2006-07-03;M;Standard;3;672;270;App;CS2;4.5;1
SESS-13081;2026-08-24 18:45:23;USR-1190;2003-01-24;M;Bootcamp;4;630;600;Card;PUBG;5.0;0
SESS-12679;2026-08-22 13:06:47;USR-1767;2003-06-20;M;VIP;1;0;200;Cash;Apex Legends;5.0;0
SESS-11276;2026-08-06 09:47:51;USR-1265;2010-01-24;M;Standard;2;0;200;Card;Minecraft;;0
SESS-15450;2026-08-10 14:44:41;USR-1075;2008-12-21;M;VIP;5;1330;900;Cash;Deadlock;4.5;1
SESS-15583;2026-08-19 19:29:50;USR-1097;2010-04-26;M;Standard;3;0;300;Cash;CS2;;0
SESS-14413;2026-08-23 23:01:40;USR-1401;2002-10-03;M;Bootcamp;8;1430;1200;Card;PUBG;;0
SESS-16777;2026-08-07 10:42:40;USR-1017;1994-02-15;M;PS5;4;1020;1000;Card;PUBG;4.5;0
SESS-16647;2026-08-07 20:30:50;USR-1257;2009-05-25;F;Standard;2;160;200;App;Minecraft;;0
SESS-14797;2026-08-06 18:11:10;USR-1572;2005-08-27;M;VIP;2;400;400;Card;GTA V;5.0;0
SESS-15085;2026-08-11 09:38:08;USR-1310;1993-08-17;M;PS5;3;900;750;App;CS2;4.0;0
SESS-12366;2026-08-31 17:24:51;USR-1563;1992-06-16;M;Standard;3;540;300;Card;Dota 2;;0
SESS-13764;2026-08-22 20:55:34;USR-1620;2011-02-02;M;Standard;2;120;200;App;Dota 2;5.0;0
SESS-12489;2026-08-10 07:55:33;USR-1698;2006-03-02;M;VIP;3;0;600;Card;Dota 2;4.5;0
SESS-15784;2026-08-13 17:23:49;USR-1089;2002-06-04;F;VIP;4;630;800;Card;CS2;;0
SESS-13384;2026-08-14 23:39:30;USR-1537;2012-08-26;M;Standard;8;0;800;App;Valorant;;0
SESS-14648;2026-08-01 18:19:11;USR-1266;10/12/1995;F;Standard;1;120;100;App;PUBG;;0
SESS-15083;2026-08-11 18:48:27;USR-1179;2005-02-05;M;VIP;3;546;540;App;CS2;5.0;1
SESS-13131;2026-08-07 16:14:15;USR-1741;1998-10-22;F;VIP;2;510;400;Card;CS2;5.0;0
SESS-13326;2026-08-31 20:49:22;USR-1358;2004-05-16;F;Bootcamp;1;0;135;Card;Dota 2;;1
SESS-16133;2026-08-15 19:47:57;USR-1481;2012-01-04;F;Standard;3;0;300;Cash;Minecraft;3.0;0
SESS-16178;2026-08-22 14:33:42;USR-1047;2005-09-11;M;Bootcamp;3;630;450;Card;CS2;;0
SESS-13407;2026-08-09 20:30:25;USR-1203;2008-05-15;M;Bootcamp;1;0;150;Card;GTA V;4.0;0
SESS-14424;2026-08-14 18:57:30;USR-1052;2007-01-01;M;Bootcamp;2;320;300;App;Deadlock;;0
SESS-14451;2026-08-26 14:30:24;USR-1250;1995-01-26;M;VIP;3;0;600;App;GTA V;4.5;0
SESS-16524;2026-08-16 09:34:06;USR-1772;2005-07-01;M;Standard;2;160;200;Card;Minecraft;4.0;0
SESS-10966;2026-08-14 20:51:03;USR-1572;2005-08-27;M;Bootcamp;3;0;405;Card;Dota 2;;1
SESS-10556;2026-08-29 21:38:54;USR-1750;1992-05-26;F;PS5;1;550;250;Cash;Dota 2;;0
SESS-16129;2026-08-19 19:32:33;USR-1012;2006-05-26;M;PS5;1;120;250;App;Dota 2;;0
SESS-15719;2026-08-07 10:47:59;USR-1116;2003-02-05;F;VIP;1;0;200;Card;CS2;4.0;0
SESS-13025;2026-08-21 20:17:02;USR-1565;2010-06-08;M;Bootcamp;3;0;450;Cash;Dota 2;1.0;0
SESS-13639;2026-08-07 21:47:34;USR-1654;2012-02-24;M;Standard;4;0;360;App;Minecraft;;1
SESS-11068;2026-08-12 15:20:51;USR-1738;2012-03-17;M;Standard;1;0;100;Cash;Deadlock;4.5;0
SESS-13507;2026-08-14 09:40:12;USR-1127;2009-06-13;M;Bootcamp;1;80;150;Cash;CS2;;0
SESS-15221;2026-08-06 00:04:12;USR-1000;2005-11-15;M;Bootcamp;5;550;750;Card;CS2;4.5;0
SESS-15298;2026-08-06 17:42:02;USR-1035;2007-12-13;M;Bootcamp;1;0;150;Card;Minecraft;4.5;0
SESS-11987;2026-08-21 17:15:20;USR-1090;2010-05-10;M;Bootcamp;1;0;150;Cash;Dota 2;;0
SESS-15898;2026-08-13 20:06:14;USR-1340;2005-09-12;M;Bootcamp;1;230;150;Card;CS2;;0
;2026-08-28 21:00:55;USR-1354;2006-11-15;M;Bootcamp;1;310;150;App;Deadlock;;0
SESS-12732;2026-08-19 21:46:22;USR-1038;2007-09-18;M;Bootcamp;3;784;405;App;Dota 2;;1
SESS-13520;2026-08-11 10:17:44;USR-1126;1997-11-08;M;Standard;3;360;300;Card;Dota 2;;0
SESS-16338;2026-08-21 16:28:27;USR-1241;1992-12-03;M;VIP;2;0;400;Cash;CS2;4.5;0
SESS-15947;2026-08-28 12:25:52;USR-1109;2007-12-25;M;VIP;2;320;400;Card;Dota 2;;0
SESS-16563;2026-08-04 19:37:03;USR-1616;2011-06-10;M;VIP;2;80;400;App;Minecraft;;0
SESS-15202;2026-08-02 17:58:30;USR-1729;2006-02-25;M;VIP;4;784;720;App;Apex Legends;4.5;1
SESS-16688;2026-08-09 07:09:19;USR-1348;2008-04-26;M;Standard;3;0;300;App;Apex Legends;4.5;0
SESS-10265;2026-08-18 19:19:06;USR-1728;2008-12-16;M;Standard;3;336;270;Card;CS2;;1
SESS-13461;2026-08-18 16:49:51;USR-1642;1989-12-23;M;Standard;2;240;200;Card;Cyberpunk 2077;;0
SESS-13158;2026-08-06 15:22:44;USR-1671;2006-06-07;M;Standard;2;0;200;App;CS2;;0
SESS-13510;2026-08-15 11:51:37;USR-1731;1998-02-04;M;Standard;5;840;450;Card;Valorant;4.0;1
SESS-14418;2026-08-18 20:33:26;USR-1067;2006-04-02;M;Bootcamp;1;160;150;Card;GTA V;;0
SESS-11492;2026-08-17 18:25:43;USR-1467;2006-07-05;F;Bootcamp;3;0;450;Card;Apex Legends;;0
SESS-12685;2026-08-25 17:20:09;USR-1083;2009-01-17;M;Standard;2;0;200;App;PUBG;;0
SESS-12106;2026-08-11 19:43:05;USR-1081;2004-02-04;M;Bootcamp;3;320;450;Card;Dota 2;;0
SESS-14710;2026-08-16 18:45:07;USR-1106;1997-11-09;M;Standard;2;240;200;Cash;Dota 2;4.5;0
SESS-10742;2026-08-15 16:27:55;USR-1154;2000-02-18;M;PS5;1;480;250;App;PUBG;4.5;0
SESS-14096;2026-08-26 11:01:15;USR-1368;2006-06-09;M;VIP;12;0;2400;Cash;CS2;5.0;0
SESS-13889;2026-08-19 18:37:01;USR-1417;2006-09-11;F;Bootcamp;2;240;300;Card;CS2;4.0;0
SESS-11817;2026-08-14 02:38:50;USR-1704;2005-09-25;M;VIP;1;0;200;Card;Dota 2;4.0;0
SESS-15923;2026-08-29 19:50:36;USR-1490;2010-04-27;M;Standard;3;0;300;App;CS2;;0
SESS-11217;2026-08-28 19:18:13;USR-1649;2006-07-26;M;Standard;5;1120;450;Card;Dota 2;5.0;1
SESS-12751;2026-08-19 18:39:33;USR-1154;2000-02-18;M;VIP;1;400;200;Card;Cyberpunk 2077;4.0;0
SESS-10758;2026-08-01 21:34:40;USR-1124;2012-08-08;M;Standard;2;0;200;Cash;CS2;4.5;0
SESS-17070;2026-08-07 18:19:19;USR-1530;1994-12-28;M;Standard;3;750;300;Card;Cyberpunk 2077;;0
SESS-16364;2026-08-29 15:29:38;USR-1390;1994-03-20;M;PS5;2;0;500;Card;Cyberpunk 2077;;0
SESS-12665;2026-08-15 18:01:32;USR-1132;2008-09-20;M;VIP;1;0;200;Card;CS2;;0
SESS-15810;2026-08-10 14:39:37;USR-1579;2005-07-07;M;Standard;2;240;200;App;Apex Legends;4.0;0
SESS-15391;2026-08-28 08:03:53;USR-1265;2010-01-24;M;Standard;12;0;1200;App;Minecraft;4.5;0
SESS-10601;2026/08/03 14:15:35;USR-1253;2011-10-01;M;PS5;3;251;675;Cash;Deadlock;5.0;1
SESS-14679;2026-08-13 22:00:42;USR-1178;2011-04-10;M;Bootcamp;8;0;1080;Card;Minecraft;4.0;1
SESS-10067;2026-08-29 14:32:05;USR-1001;2007-02-26;M;VIP;1;230;200;Card;Minecraft;;0
SESS-11901;2026-08-30 18:35:27;USR-1748;2004-02-07;M;Bootcamp;3;546;405;Card;CS2;4.5;1
SESS-13370;2026-08-01 09:51:45;USR-1004;2006-01-08;M;Bootcamp;5;750;750;Card;CS2;;0
SESS-15500;2026-08-21 20:32:36;USR-1314;2007-11-23;M;Standard;3;0;300;App;CS2;;0
SESS-15944;2026-08-17 18:12:58;USR-1388;2004-05-07;M;Bootcamp;2;434;270;Card;CS2;;1
SESS-12402;2026-08-02 17:20:21;USR-1128;2008-04-02;F;Standard;2;0;200;Card;Dota 2;5.0;0
SESS-17000;2026-08-01 19:59:25;USR-1372;2000-03-21;M;VIP;2;0;400;Card;GTA V;;0
SESS-15858;2026-08-09 21:56:29;USR-1060;1990-02-23;M;VIP;3;0;600;;Dota 2;;0
SESS-10754;2026-08-27 17:26:57;USR-1143;2007-06-16;Мужской;Standard;1;160;100;App;CS2;;0
SESS-14352;2026-08-30 15:26:49;USR-1148;1993-02-16;M;VIP;2;800;400;App;CS2;;0
SESS-13397;2026-08-05 05:40:18;USR-1152;2004-07-27;M;Bootcamp;4;882;540;Cash;CS2;4.5;1
SESS-16182;2026-08-20 10:39:32;USR-1018;2002-11-17;M;Standard;1;120;100;Card;Valorant;;0
SESS-16137;2026-08-01 08:40:27;USR-1082;2004-05-06;F;Bootcamp;2;390;300;Card;Valorant;;0
SESS-14016;2026-08-24 14:56:53;USR-1129;1998-11-08;M;Standard;3;360;300;Card;CS2;;0
SESS-13938;2026-08-02 19:46:18;USR-1117;2010-06-21;M;Bootcamp;2;80;300;App;Minecraft;;0
SESS-15582;2026-08-21 12:29:34;USR-1610;2012-01-22;M;Standard;5;280;450;Cash;CS2;4.5;1
SESS-14929;2026-08-03 06:56:36;USR-1286;1993-06-23;M;VIP;3;1050;600;Card;CS2;;0
SESS-15057;2026-08-30 16:30:03;USR-1143;2007-06-16;M;Bootcamp;3;0;450;Card;CS2;;0
SESS-13360;2026-08-26 19:41:10;USR-1797;2007-11-07;M;Standard;3;240;300;Card;Valorant;;0
SESS-16705;2026-08-28 15:33:04;USR-1604;2005-08-22;M;VIP;1;0;200;App;CS2;;0
SESS-11292;2026-08-21 12:42:06;USR-1649;2006-07-26;M;Bootcamp;4;1106;540;Card;Dota 2;3.0;1
SESS-16785;2026-08-23 16:29:21;USR-1694;2001-09-20;M;Standard;2 ч.;320;200;Card;CS2;;0
SESS-13236;2026-08-19 20:26:20;USR-1055;2007-06-20;M;Standard;3;0;300;Cash;Apex Legends;;0
SESS-13433;2026-08-21 19:49:24;USR-1471;2012-12-23;M;Standard;2;80;200;Card;GTA V;4.0;0
SESS-10379;2026-08-21 02:06:13;USR-1484;2003-06-05;F;Standard;1;0;100;Card;CS2;;0
SESS-14862;2026-08-24 20:29:27;USR-1385;1999-10-15;F;Standard;2;240;200;Card;GTA V;;0
SESS-13228;2026-08-15 22:47:14;USR-1464;2004-11-01;M;Standard;8;0;800;Card;Valorant;4.0;0
SESS-16749;2026-08-09 12:11:42;USR-1142;;M;Bootcamp;5;550;750;Card;Dota 2;5.0;0
SESS-12625;2026-08-21 02:19:20;USR-1092;2007-02-23;M;Bootcamp;5;0;750;App;Valorant;4.5;0
SESS-12885;2026-08-23 00:14:02;USR-1154;2000-02-18;M;VIP;8;1260;1600;Card;Deadlock;4.5;0
SESS-15612;2026-08-29 21:43:51;USR-1592;2005-06-27;M; standard ;1;0;100;App;Dota 2;;0
SESS-12411;2026-08-11 20:14:32;USR-1195;2005-08-17;M;Standard;1;160;100;Card;CS2;;0
SESS-15091;2026-08-30 12:46:39;USR-1700;;M;Bootcamp;4;320;600;App;Valorant;;0
SESS-11048;2026-08-23 13:30:49;USR-1202;2004-09-21;F;Standard;4;448;360;Card;Dota 2;4.0;1
SESS-12862;2026-08-07 15:07:37;USR-1537;2023-06-15;M;Standard;999;0;200;Cash;Minecraft;;0
SESS-16899;2026-08-03 17:26:03;USR-1340;2005-09-12;M;PS5;3;360;750;Card;Deadlock;;0
SESS-12246;2026-08-10 05:40:12;USR-1246;1992-09-07;M;VIP;4;0;800;Card;Cyberpunk 2077;5.0;0
SESS-16408;2026-08-03 13:47:21;USR-1746;2001-08-27;M;Standard;3;503;270;App;CS2;5.0;1
SESS-13413;2026-08-22 12:39:11;USR-1461;2010-06-09;M;Standard;2;160;200;App;Dota 2;;0
SESS-15999;2026-08-16 01:58:14;USR-1477;2005-07-07;F;VIP;8;720;1600;Card;CS2;4.5;0
SESS-11722;2026-08-12 14:01:02;USR-1070;2007-01-05;M;Bootcamp;2;240;300;App;Deadlock;4.0;0
SESS-12867;2026-08-29 05:18:29;USR-1676;1998-07-07;M;PS5;2;660;500;Card;Deadlock;;0
SESS-14958;2026-08-31 00:56:58;USR-1310;1993-08-17;M;PS5;2;0;500;Card;Valorant;;0
SESS-14735;2026-08-29 08:48:18;USR-1027;1997-11-04;F;VIP;1;330;200;Card;Deadlock;5.0;0
SESS-11062;2026-08-16 08:17:25;USR-1269;2009-05-19;F;Standard;2;0;200;App;Valorant;;0
SESS-10771;2026-08-26 17:56:01;USR-1389;2005-02-24;F;Standard;5;400;500;Card;CS2;4.5;0
;2026-08-04 21:52:35;;2011-07-03;M;Standard;3;180;300;Card;Deadlock;3.0;0
SESS-10481;2026-08-01 12:14:30;USR-1272;2006-03-16;F;VIP;2;320;400;Card;CS2;4.0;0
SESS-14843;2026-08-01 17:02:32;USR-1053;1998-05-01;M;VIP;1;480;200;Card;Browser/Work;5.0;0
SESS-16411;2026-08-09 17:07:54;USR-1754;2023-06-15;M;Standard;999;320;200;App;Dota 2;;0
SESS-16076;2026-08-16 14:06:37;USR-1117;2010-06-21;M;Standard;5;560;450;App;Dota 2;4.5;1
SESS-13592;2026-08-26 19:18:40;USR-1607;2007-01-23;F;Bootcamp;2 часа;320;300;App;Deadlock;4.5;0
SESS-11510;2026-08-12 20:49:06;USR-1055;2007-06-20;M;VIP;2;310;400;Card;CS2;4.5;0
SESS-16957;2026-08-09 16:21:32;USR-1123;1995-12-22;M;VIP;2;390;400;Card;GTA V;4.5;0
SESS-13664;2026-08-22 16:04:10;USR-1008;1991-02-01;F;VIP;1;0;200;Card;CS2;5.0;0
SESS-10226;2026-08-09 15:01:38;USR-1080;2003-02-28;M;PS5;3;0;675;Card;Dota 2;4.0;1
SESS-14203;2026-08-15 22:53:57;USR-1428;2005-02-13;M;Standard;3;360;300;App;Deadlock;;0
SESS-15513;2026-08-13 19:30:48;USR-1040;2005-01-02;M;Standard;1;0;100;App;Apex Legends;5.0;0
SESS-13035;2026-08-01 17:13:12;USR-1092;2007-02-23;M;Bootcamp;2;390;300;Card;Valorant;;0
SESS-16251;2026-08-02 09:15:49;USR-1661;1998-12-06;M;Standard;1;180;100;Card;Cyberpunk 2077;;0
SESS-11700;2026-08-05 18:24:56;USR-1054;1999-10-07;F;Bootcamp;3;900;450;Card;Dota 2;;0
SESS-16656;2026-08-14 21:42:31;USR-1683;1993-12-17;F;VIP;4;1020;800;App;GTA V;5.0;0
SESS-13411;2026-08-15 18:10:29;USR-1217;2003-04-26;M;VIP;1;160;200 руб.;Card;CS2;;0
SESS-11237;2026-08-29 14:04:05;USR-1545;1987-06-01;M;PS5;2;510;500;App;CS2;;0
SESS-10351;2026-08-18 15:50:38;USR-1590;2011-11-05;M;Standard;3;251;270;Cash;Valorant;4.0;1
SESS-11954;2026-08-10 10:47:26;USR-1086;2011-03-02;M;Bootcamp;3;0;450;Cash;CS2;;0
SESS-14808;2026-08-14 05:02:09;USR-1509;1994-03-11;M;PS5;2;540;500;Card;Cyberpunk 2077;;0
SESS-12525;2026-08-14 07:23:09;USR-1405;2009-02-24;M;Standard;2;224;180;Cash;Dota 2;;1
SESS-13457;2026-08-11 18:32:44;USR-1631;2007-08-07;F;Standard;3;480;300;Cash;Deadlock;;0
SESS-14673;2026-08-13 17:37:48;USR-1755;1991-07-19;M;Standard;12;2015;1080;Card;CS2;3.0;1
SESS-14691;2026-08-31 22:47:53;USR-1104;2003-04-21;F;VIP;8;1040;1600;App;Valorant;5.0;0
SESS-12261;2026-08-02 19:54:47;USR-1214;2004-11-05;F;Bootcamp;1;240;150;Card;Valorant;4.5;0
SESS-15569;2026-08-29 18:51:58;USR-1073;2010-12-24;M;Standard;5;400;500;Card;Dota 2;;0
SESS-12516;2026-08-04 02:00:26;USR-1255;2011-03-26;F;VIP;1;0;200;Cash;GTA V;5.0;0
SESS-15970;2026-08-16 15:14:08;USR-1798;2003-05-06;F;Standard;1;80;100;Cash;Dota 2;;0
SESS-10683;2026-08-20 15:17:49;USR-1696;2004-04-13;M;Standard;1;120;100;App;Valorant;4.0;0
SESS-14839;2026-08-29 19:53:33;USR-1783;2004-01-12;M;Standard;3 часа;0;270;Card;CS2;;1
SESS-14066;2026-08-14 00:32:08;USR-1307;2006-12-03;F;Standard;12;2015;1080;Card;Deadlock;4.5;1
SESS-15345;2026-08-11 16:58:23;USR-1649;2006-07-26;M;Bootcamp;2;0;300;App;Apex Legends;;0
SESS-15614;2026-08-09 12:40:30;USR-1658;2010-03-07;M; Bootcamp ;5;280;450;Cash;Minecraft;4.5;1
SESS-13562;2026-08-19 15:46:05;USR-1051;2023-06-15;M;VIP;999;0;200;Card;Dota 2;;0
SESS-14517;2026-08-27 20:24:45;USR-1783;2004-01-12;M; standard ;2;160;200;Card;Dota 2;;0
SESS-13162;2026-08-09 21:19:08;USR-1010;1991-07-05;F;Bootcamp;5;750;750;App;CS2;4.0;0
SESS-11772;2026-08-28 17:53:13;USR-1249;2010-09-12;M;Standard;3;0;300;Cash;CS2;4.5;0
SESS-13006;2026-08-17 14:37:37;USR-1070;2007-01-05;M;Bootcamp;1;0;150;Card;Dota 2;;0
SESS-13387;2026-08-02 17:43:51;USR-1015;2011-11-25;M;VIP;5;0;900;App;Dota 2;5.0;1
SESS-13109;2026-08-24 21:40:40;USR-1776;2010-05-20;M;VIP;2;0;400;App;CS2;;0
SESS-17107;2026-08-25 10:24:56;USR-1313;2009-03-06;M;Standard;2;80;200;Cash;CS2;4.0;0
SESS-14101;2026-08-20 17:38:26;USR-1728;2008-12-16;M;VIP;3;320;600;Card;Dota 2;;0
SESS-15401;2026-08-13 20:46:46;USR-1043;2007-04-22;M;Standard;1;0;90;App;Dota 2;;1
SESS-11759;2026-08-20 20:49:10;USR-1462;2005-11-05;M;VIP;5;1050;900;Card;Cyberpunk 2077;5.0;1
SESS-12423;2026-08-08 12:58:49;USR-1571;2003-01-10;M;Standard;2;0;200;App;Dota 2;;0
SESS-14269;2026-08-23 16:05:57;USR-1106;1997-11-09;M;Standard;4;1007;360;;Dota 2;4.0;1
SESS-14951;2026-08-29 15:51:19;USR-1155;2010-04-23;F;Bootcamp;3;0;450;App;CS2;4.5;0
SESS-13485;2026-08-16 08:53:27;USR-1347;2006-11-23;M;PS5;1;80;250;Card;CS2;;0
SESS-16049;2026-08-25 19:21:01;USR-1370;2007-12-16;M;Standard;1;80;100;Card;Dota 2;;0
SESS-14440;2026-08-04 18:53:40;USR-1007;2003-09-21;M;VIP;2;390;400;Card;CS2;;0
SESS-10255;2026-08-14 20:58:34;USR-1151;1994-06-23;M;Standard;2;0;200;Card;CS2;;0
SESS-15442;2026-08-09 16:57:58;USR-1041;1992-05-02;M;Standard;~4;1400;360;Card;PUBG;;1
SESS-10760;2026-08-08 23:09:02;USR-1548;2009-01-20;M;Bootcamp;8;0;1080;App;CS2;;1
SESS-11991;2026-08-11 00:53:04;USR-1061;2003-09-11;M;VIP;8;0;1600;Card;Valorant;;0
SESS-16903;2026-08-16 22:44:05;USR-1381;2005-07-15;F;Bootcamp;8;1360;1200;Card;CS2;4.0;0
SESS-10367;2026-08-05 17:36:42;USR-1117;2010-06-21;M;Bootcamp;1;60;150;App;Minecraft;5.0;0
SESS-17118;2026-08-22 17:13:50;USR-1205;2003-02-15;M;Standard;2;240;200;App;CS2;;0
SESS-16500;2026-08-04 17:42:02;USR-1415;2011-09-13;M;Standard;5;400;500;Cash;Valorant;3.0;0
SESS-11100;2026-08-02 21:40:39;USR-1500;2012-09-28;M;Standard;2;0;200;Cash;Dota 2;;0
SESS-15748;2026-08-07 16:37:12;USR-1316;1988-06-07;M;PS5;1;0;250;Card;Cyberpunk 2077;4.5;0
SESS-13910;2026-08-31 22:20:35;USR-1140;2006-12-27;F;VIP;12;1040;2400;App;Dota 2;;0
SESS-15366;2026-08-24 19:52:35;USR-1489;2011-07-19;M;Standard;1;60;100;Cash;CS2;;0
SESS-16477;2026-08-11 14:45:02;USR-1460;2011-12-11;M;Standard;2;80;200;Cash;CS2;;0
SESS-10482;2026-08-31 18:10:04;USR-1039;2003-04-10;F;PS5;3;503;675;Card;GTA V;4.5;1
SESS-13625;2026-08-06 13:15:54;USR-1022;2000-09-26;M;VIP;2;0;400;Card;PUBG;2.0;0
SESS-14456;2026-08-03 15:54:09;USR-1782;2010/04/14;M;Standard;1;80;100;App;CS2;;0
SESS-11848;2026-08-05 18:20:03;USR-1079;2003-02-01;F;Standard;3;360;300 руб.;Card;Deadlock;;0
SESS-13757;2026-08-08 11:32:55;USR-1076;2004-03-02;M;PS5;2;0;500;App;CS2;;0
SESS-15309;2026-08-22 12:03:24;USR-1769;1995-09-11;F;Standard;1 ч.;250;100;Card;Dota 2;4.5;0
SESS-14603;2026-08-15 13:21:55;USR-1056;1985-10-21;M;Standard;3;750;300;Card;Cyberpunk 2077;3.0;0
SESS-13970;2026-08-24 15:03:53;USR-1273;2005-03-24;M;Standard;2;240;200;Card;Dota 2;;0
SESS-12190;2026-08-06 18:42:51;USR-1669;2005-06-05;M;Bootcamp;8;1456;1080;Card;CS2;5.0;1
SESS-14778;2026-08-20 16:17:40;USR-1328;2005-04-15;M;VIP;5;880;1000;Cash;CS2;4.5;0
SESS-16245;2026-08-01 20:33:45;USR-1258;2006-10-13;M;PS5;1;0;250;Card;Dota 2;;0
SESS-12534;2026-08-07 19:00:55;USR-1669;2005-06-05;M;Bootcamp;4;560;540;Card;Valorant;;1
SESS-16933;2026-08-01 16:04:34;USR-1549;2005-11-12;1;Bootcamp;3;510;450;Card;Valorant;3.0;0
SESS-14225;2026-08-09 17:25:54;USR-1138;2002-01-01;M;Bootcamp;8;0;1200;Card;Dota 2;2.0;0
SESS-10583;2026-08-15 18:45:50;USR-1718;1994-09-16;M;Standard;1;0;100;App;CS2;;0
SESS-11654;2026-08-23 20:10:49;USR-1739;2009-06-08;1;Bootcamp;2;0;300;App;CS2;4.0;0
SESS-15766;2026-08-27 21:45:49;USR-1712;2007-05-20;M;Bootcamp;2;658;270;App;Dota 2;;1
SESS-15346;2026-08-08 15:31:51;USR-1729;2006-02-25;M;PS5;1;224;225;Cash;Apex Legends;;1
SESS-11689;2026-08-31 23:42:10;USR-1734;1991-03-22;M;VIP;8;1740;1600;Card;Dota 2;4.0;0
SESS-13529;2026-08-29 22:35:59;USR-1131;2006-08-05;M;Standard;12;0;1200;Card;Dota 2;4.0;0
SESS-14898;2026-08-09 16:44:04;USR-1563;1992-06-16;M;VIP;2;923;360;Card;GTA V;5.0;1
SESS-16400;2026-08-18 20:20:00;USR-1379;2007-03-19;M;Standard;2;240;200;Card;CS2;;0
SESS-12687;2026-08-08 17:37:30;USR-1130;2011-08-14;M;Bootcamp;3;0;405;App;Dota 2;;1
SESS-15084;2026-08-28 16:45:38;USR-1151;06/23/1994;M;VIP;2;0;400;App;GTA V;;0
SESS-14881;2026-08-10 13:01:10;USR-1580;2010-05-09;F;Standard;3;0;270;App;CS2;;1
SESS-17038;2026-08-28 14:23:14;USR-1137;2005-01-22;M;Standard;2;448;180;Card;Dota 2;;1
SESS-11439;2026-08-01 08:29:53;USR-1095;2005-12-26;M;Standard;1;0;100;Cash;Dota 2;;0
SESS-12801;2026-08-17 18:23:01;USR-1028;2008-11-24;M;VIP;4;0;800;Card;Apex Legends;4.5;0
SESS-15809;2026-08-03 12:06:29;USR-1222;2006-11-04;M;Standard;2;0;200;Cash;Valorant;;0
SESS-12527;2026-08-19 15:43:01;USR-1780;2010-08-17;M;Standard;4;0;400;App;Valorant;;0
SESS-15438;2026-08-09 10:13:33;USR-1716;1998-02-21;M;Standard;2;240;2ОО;Card;CS2;4.0;0
SESS-11089;2026-08-09 22:45:19;USR-1143;2007-06-16;M;Bootcamp;8;1430;1200;Card;Dota 2;;0
SESS-13919;2026-08-06 15:46:07;USR-1038;2007-09-18;M;Bootcamp;2;0;300;Card;CS2;;0
SESS-16366;2026-08-09 08:12:26;USR-1040;2005-01-02;M;Bootcamp;5;0;675;App;Dota 2;5.0;1
SESS-10373;2026-08-03 01:36:17;USR-1764;2004-03-12;F;Bootcamp;8;0;1200;Card;Dota 2;5.0;0
SESS-10194;2026-08-16 22:03:10;USR-1147;2012-09-13;M;Standard;8;0;800;App;CS2;;0
SESS-17064;2026-08-03 11:19:45;USR-1041;1992-05-02;M;Bootcamp;8;3220;1080;Card;Cyberpunk 2077;4.5;1
SESS-10186;2026-08-14 22:03:49;USR-1271;2009-10-10;M;Standard;12;0;1200;App;Minecraft;4.0;0
SESS-15814;2026-08-15 22:40:18;USR-1296;1994-03-08;M;PS5;8;0;2000;Card;CS2;4.5;0
SESS-13893;2026-08-02 12:17:12;USR-1235;2010-05-08;M;Standard;4;0;400;Cash;Valorant;;0
SESS-10724;2026-08-01 19:46:18;USR-1380;2008-09-13;M;Bootcamp;2;0;300;Card;CS2;;0
SESS-15384;2026-08-15 17:38:58;USR-1755;1991-07-19;M;VIP;3;1260;540;Card;CS2;;1
SESS-13661;2026-08-07 17:35:22;USR-1466;1998-10-16;F;PS5;2;714;450;Card;GTA V;;1
SESS-12640;2026-08-02 12:41:28;USR-1163;2006-01-12;M;PS5;5;840;1125;App;Dota 2;;1
SESS-13467;2026-08-22 19:40:22;USR-1576;2005-07-05;F;PS5;3;480;750;App;CS2;4.5;0
SESS-16951;2026-08-06 20:30:40;USR-1654;2012-02-24;M;Standard;2;120;200;Cash;CS2;4.5;0
SESS-12623;2026-08-14 21:48:09;USR-1141;1998-03-28;M;Standard;2;240;200;Card;CS2;3.0;0
SESS-11803;2026-08-07 13:54:52;USR-1089;2002-06-04;F;Standard;2;240;200;Card;Dota 2;4.0;0
SESS-13023;2026-08-08 18:26:50;USR-1567;2007-11-15;M;Bootcamp;2;400;300;Card;Valorant;4.0;0
SESS-14654;2026-08-13 16:20:26;USR-1492;1998-11-10;M;VIP;4;0;800;App;Dota 2;4.0;0
SESS-11550;2026-08-28 19:29:04;USR-1219;2009-03-07;M;Bootcamp;2;160;300;Cash;Minecraft;;0
SESS-16985;2026-08-17 19:54:44;USR-1082;2004-05-06;F;Standard;3;0;300;App;CS2;;0
SESS-16620;2026-08-19 08:20:02;USR-1593;2008-03-02;M;Bootcamp;3;0;450;App;Dota 2;;0
SESS-14087;2026-08-14 09:28:31;USR-1370;2007-12-16;M;Bootcamp;4;790;600;Card;Valorant;4.0;0
SESS-10073;2026-08-23 20:18:28;USR-1046;2009-05-11;F;Standard;2;112;180;Cash;CS2;;1
SESS-15172;2026-08-29 19:03:32;USR-1030;2011-05-18;M;PS5;1;40;250;App;Minecraft;;0
SESS-14304;2026-08-16 20:22:52;USR-1690;2002-01-05;M;Standard;2;240;200;Card;CS2;4.0;0
SESS-12483;2026-08-27 03:35:39;USR-1784;2007-12-05;M;VIP;1;270;200;Card;CS2;;0
SESS-16325;2026-08-15 11:01:43;USR-1167;2004-04-20;M;Bootcamp;2;470;300;App;Valorant;;0
SESS-14754;2026-08-21 13:01:53;USR-1419;2006-08-12;M;Bootcamp;2;0;300;Card;CS2;;0
SESS-15703;2026-08-27 19:59:38;USR-1146;2005-04-03;M;VIP;4;1007;720;Cash;Dota 2;4.0;1
SESS-10377;2026-08-07 22:21:38;USR-1615;2002-05-02;M;Standard;5;0;500;App;Dota 2;4.0;0
SESS-11055;2026-08-01 17:04:13;USR-1572;2005-08-27;M;VIP;2;0;400;Card;Dota 2;;0
SESS-14024;2026-08-23 21:18:42;USR-1218;1992-12-18;M;VIP;1;550;200;App;Browser/Work;;0
SESS-10607;2026-08-17 12:19:56;USR-1121;2008-02-21;M;Standard;2;320;200;Card;CS2;;0
SESS-12554;2026-08-21 00:46:30;USR-1308;2008-11-07;F;Standard;8;0;800;Card;Deadlock;4.0;0
SESS-13240;2026-08-20 18:52:09;USR-1411;2010-08-16;F;Bootcamp;4;160;600;App;CS2;;0
SESS-14669;2026-08-08 21:48:58;USR-1162;2004-02-09;M;Bootcamp;2;0;300;App;Valorant;5.0;0
SESS-14025;2026-08-23 12:39:09;USR-1645;2002-09-17;M;Standard;4;320;400;App;CS2;;0
SESS-15929;2026-08-20 21:51:39;USR-1165;1999-09-15;M;VIP;1;270;200;Card;Browser/Work;4.0;0
SESS-12757;2026-08-26 19:18:13;USR-1071;2007-09-17;M;VIP;1;240;200;Card;CS2;;0
SESS-10634;2026-08-15 13:52:39;USR-1089;2002-06-04;F;PS5;2;0;500;Card;Apex Legends;;0
SESS-12937;2026-08-28 08:46:18;USR-1049;1997-11-16;M;VIP;1;0;200;Card;GTA V;4.0;0
SESS-12086;2026-08-26 23:37:36;USR-1762;2006-09-25;M;VIP;8;1110;1600;Cash;Deadlock;5.0;0
SESS-10573;2026-08-23 22:50:41;USR-1348;2008-04-26;M;Bootcamp;3;714;405;Card;Deadlock;3.0;1
SESS-11426;2026-08-24 20:56:11;USR-1310;1993-08-17;M;PS5;2;0;500;Card;Dota 2;5.0;0
SESS-14591;2026-08-19 11:03:22;USR-1016;2005-05-28;F;Bootcamp;2;240;300;Card;Dota 2;5.0;0
SESS-11353;2026-08-22 18:12:17;USR-1351;2012-06-13;M;Standard;1;80;100;Cash;Minecraft;4.0;0
SESS-11529;2026-08-07 14:56:18;USR-1158;2010-12-14;F;VIP;1;60;200;Card;CS2;5.0;0
SESS-10722;2026-08-18 07:29:43;USR-1409;2007-05-15;M;VIP;4;1007;720;Card;Deadlock;;1
SESS-14632;2026-08-03 11:01:04;USR-1356;2011-01-22;M;Standard;3;180;300;Card;CS2;4.0;0
SESS-10354;2026-08-28 08:44:11;USR-1789;2009-01-28;M;Standard;3;168;270;App;Minecraft;4.0;1
SESS-13278;2026-08-24 18:16:13;USR-1785;1997-05-20;F;Standard;5;1260;450;App;PUBG;5.0;1
SESS-15448;2026-08-09 16:34:11;USR-1641;2009-10-17;M;VIP;3;240;600;Card;PUBG;;0
SESS-12476;2026-08-27 16:08:20;USR-1133;2005-08-18;M;VIP;2;470;400;Card;Apex Legends;4.0;0
SESS-10963;2026-08-01 20:12:22;USR-1511;2007-07-17;M;VIP;1;160;200;Card;CS2;;0
SESS-16884;2026-08-26 09:51:14;USR-1070;2007-01-05;M;Standard;4;640;400;App;Dota 2;;0
SESS-14093;2026-08-08 16:58:44;USR-1505;2006-03-05;M;Bootcamp;1;240;150;Cash;CS2;3.0;0
SESS-13542;2026-08-03 21:19:07;USR-1243;2005-06-18;M;Standard;1;0;100;Card;Dota 2;;0
SESS-16952;2026-08-30 17:26:59;USR-1147;2012-09-13;M;VIP;1;40;200;App;GTA V;;0
SESS-10435;2026-08-21 18:48:50;USR-1797;2007-11-07;M;Standard;3;503;270;Card;Dota 2;;1
SESS-16301;2026-08-03 22:25:07;USR-1645;2002-09-17;M;Standard;8;0;800;Card;Deadlock;;0
SESS-13474;2026-08-18 19:08:32;USR-1122;2004-02-05;M;Standard;4;640;400;App;Dota 2;;0
SESS-10973;2026-08-23 19:28:04;USR-1571;2003-01-10;M;PS5;4 часа;896;900;Card;CS2;;1
SESS-13392;2026-08-24 12:44:19;USR-1094;2004-06-11;M;Standard;3;0;300;App;Apex Legends;;0
SESS-11016;2026/08/30 11:11:50;USR-1110;2004-11-28;F;Standard;3;0;300;Card;PUBG;;0
SESS-11600;2026-08-21 21:26:17;USR-1228;2007-07-03;M;PS5;1;0;250;Card;Cyberpunk 2077;4.5;0
SESS-13332;2026-08-06 13:26:55;USR-1597;2010-07-06;M;PS5;3;0;750;App;CS2;4.5;0
SESS-15051;2026-08-07 19:18:51;USR-1429;2011-02-10;M;VIP;3;0;600;App;CS2;;0
SESS-16743;2026-08-10 13:47:46;USR-1032;2009-06-21;M;Standard;2;0;200;Cash;Valorant;;0
SESS-13629;2026-08-08 17:59:17;USR-1103;2008-04-20;M;Standard;2;320;200;Card;CS2;4.5;0
SESS-12430;2026-08-16 19:25:28;USR-1256;02/14/2004;M;Standard;2;320;200;Card;CS2;;0
SESS-16956;2026-08-08 17:14:39;USR-1065;2012-05-07;F;Standard;5;0;450;App;Valorant;4.5;1
SESS-11775;2026-08-19 00:09:00;USR-1772;2005-07-01;M;Standard;5;400;500 ₽;Card;Valorant;;0
SESS-12176;2026-08-12 00:40:41;USR-1639;2007-08-16;M;VIP;2;240;400;App;CS2;4.5;0
SESS-14282;2026-08-04 12:11:19;USR-1306;2007-01-28;M;VIP;3;390;600;App;Dota 2;4.0;0
SESS-15816;2026-08-22 18:48:11;USR-1022;2000-09-26;M;PS5;1;270;250;Card;Browser/Work;4.0;0
SESS-16173;2026-08-18 18:04:11;USR-1499;2007-05-20;M;Standard;4;896;360;App;Apex Legends;4.5;1
SESS-12128;2026-08-04 12:39:52;USR-1633;2003-08-25;M;Bootcamp;3;0;450;Card;Dota 2;;0
;2026-08-29 19:57:28;USR-1373;1993-11-14;M;VIP;3;660;600;Card;Cyberpunk 2077;;0
SESS-12854;2026-08-09 18:45:11;USR-1025;1997-05-13;F;;Standard;2;0;Card;Dota 2;;0
SESS-16404;2026-08-20 02:49:04;USR-1052;2007-01-01;M;Standard;3;336;270;Cash;CS2;5.0;1
SESS-14334;2026-08-11 18:52:58;USR-1076;2004-03-02;M;VIP;3;0;600;Card;Dota 2;;0
SESS-16744;2026-08-13 19:39:59;USR-1160;2001-07-16;F;;Standard;12;1344;Card;Dota 2;;1
SESS-12675;2026-08-23 14:48:57;USR-1573;2005-10-03;M;Bootcamp;2;470;300;Card;Apex Legends;;0
SESS-14789;2026-08-17 11:25:38;USR-1215;2007-05-16;M;Standard;2;0;200;Card;Valorant;;0
SESS-14753;2026-08-16 01:01:01;USR-1768;2006-03-08;M;Standard;8;0;800;Card;Apex Legends;;0
SESS-12631;2026-08-24 12:00:16;USR-1111;1997-10-25;M;VIP;4;1218;720;Card;Browser/Work;2.0;1
SESS-15302;2026-08-11 11:00:11;USR-1146;2005-04-03;M;Bootcamp;1;160;150;Card;CS2;4.0;0
SESS-14931;2026-08-28 09:41:22;USR-1113;2005-12-17;M;Standard;2;0;200;App;CS2;4.5;0
SESS-14763;2026-08-29 16:30:10;USR-1477;2005-07-07;F;Standard;2;320;200;Card;Apex Legends;;0
SESS-13050;2026-08-27 16:34:01;USR-1339;2004-04-05;M;Standard;2;0;200;App;Dota 2;4.5;0
SESS-16354;2026-08-19 17:01:08;USR-1794;2003-09-04;M;Bootcamp;3;616;405;Card;CS2;4.0;1
SESS-14045;2026-08-12 14:27:13;USR-1518;2007/03/09;M;Standard;2;320;200;Card;GTA V;5.0;0
SESS-15799;2026-08-27 11:54:25;USR-1149;2006-12-05;M;PS5;5;400;1250;Card;CS2;4.5;0
SESS-13335;2026-08-24 21:10:00;USR-1060;1990-02-23;M;VIP;3;0;600;Card;GTA V;;0
SESS-12636;2026-08-09 18:43:36;USR-1127;2009-06-13;M;Standard;1;80;100;App;CS2;;0
SESS-11298;2026-08-23 00:46:37;USR-1058;2006-06-09;M;VIP;8;0;1600;Card;CS2;;0
SESS-14994;2026-08-01 22:28:19;USR-1680;2006-07-25;M;Standard;8;1344;720;App;Dota 2;4.5;1
SESS-10736;2026-08-12 13:26:04;USR-1678;2006-12-03;M;VIP;2;470;400;Card;Deadlock;5.0;0
SESS-16657;2026-08-15 15:41:05;USR-1680;2006-07-25;M;Standard;2;0;200;Card;Dota 2;;0
SESS-13700;2026-08-16 19:05:26;USR-1123;1995-12-22;M;Standard;3;1050;270;Card;Dota 2;5.0;1
SESS-15041;2026-08-21 12:45:37;USR-1757;2010-01-25;M;Standard;1;0;100;Cash;GTA V;;0
SESS-11583;2026-08-01 19:13:32;USR-1522;08/27/2006;M;Standard;1;0;100;Card;Dota 2;;0
SESS-12839;2026-08-20 16:23:14;USR-1577;1995-03-03;M;VIP;3;0;600;Card;CS2;5.0;0
SESS-16979;2026-08-01 16:32:36;USR-1459;2002-07-10;F;Bootcamp;3;0;405;Card;Dota 2;4.0;1
SESS-10300;2026-08-15 11:19:40;USR-1114;2010-06-11;F;Bootcamp;2;0;300;Card;Valorant;4.0;0
SESS-10674;2026-08-21 20:13:49;USR-1327;2007-07-01;M;Bootcamp;2;390;300;Card;CS2;4.5;0
SESS-10984;2026-08-30 20:37:31;USR-1128;2008-04-02;F;Standard;2;160;200;Card;CS2;5.0;0
SESS-11418;2026-08-21 11:54:59;USR-1261;2012-03-26;M;Standard;5;0;450;Card;Minecraft;4.5;1
SESS-11511;2026-08-29 14:10:50;USR-1085;2000-03-10;M;PS5;8;1740;2000;Card;CS2;4.5;0
SESS-15110;2026-08-29 10:35:43;USR-1076;2004-03-02;Мужской;VIP;2;0;400;Card;Valorant;;0
SESS-12160;2026-08-23 16:15:05;USR-1078;1995-10-22;F;Standard;2;0;200;App;Dota 2;4.0;0
SESS-13803;2026-08-10 20:46:52;USR-1070;2007-01-05;M;VIP;5;0;1000;Card;CS2;;0
SESS-16085;2026-08-15 00:03:39;USR-1153;2006-11-27;M;Standard;12;2688;1080;App;CS2;4.5;1
SESS-15889;2026-08-25 07:53:52;USR-1280;1997-06-08;M;PS5;2;800;500;Card;CS2;;0
SESS-13083;2026-08-07 19:02:19;USR-1506;2011-09-23;M;Standard;3;180;300;App;Valorant;;0
SESS-14346;2026-08-16 12:44:33;USR-1114;2010-06-11;F;Standard;2;0;200;Cash;Valorant;;0
SESS-14081;2026-08-25 06:33:15;USR-1166;2004-11-20;M;Standard;8;1344;720 руб.;Cash;Dota 2;;1
SESS-16561;2026-08-01 17:05:55;USR-1690;2002-01-05;M;Bootcamp;1;160;150;Card;Valorant;;0
SESS-15911;2026-08-22 00:48:07;USR-1650;2004-11-18;M;Standard;12;960;1200;Card;CS2;;0
SESS-16265;2026-08-09 18:18:52;USR-1614;2000-08-04;M;VIP;4;0;720;Card;Deadlock;4.0;1
SESS-10270;2026-08-02 17:23:25;USR-1621;2006-12-15;M;Standard;1;80;100;App;Dota 2;5.0;0
SESS-10175;2026-08-27 12:23:35;USR-1450;2007-05-10;F;Standard;3;480;300;App;Dota 2;3.0;0
SESS-12002;2026-08-13 17:06:12;USR-1725;2004-08-20;M;VIP;1;0;200;Card;Deadlock;;0
SESS-12698;2026-08-27 17:52:22;USR-1109;2007-12-25;M;Bootcamp;2;390;300;Card;PUBG;;0
SESS-13093;2026-08-04 21:02:14;USR-1020;2011-09-06;M;Standard;5;0;450;App;Valorant;5.0;1
SESS-12116;2026-08-04 16:29:00;USR-1567;2007/11/15;M;Bootcamp;1;0;150;App;CS2;;0
SESS-12058;2026-08-23 16:14:11;USR-1174;2002-07-12;M;Bootcamp;2;470;300;App;Dota 2;;0
SESS-10016;2026-08-09 19:15:07;USR-1348;2008-04-26;M;Standard;1;0;100;App;Valorant;4.0;0
SESS-13972;2026-08-16 14:55:24;USR-1790;2012-03-14;M;Standard;3;0;300;Card;Dota 2;;0
SESS-10647;2026-08-20 23:59:28;USR-1436;2003-06-10;M;Standard;8;0;800;Card;Apex Legends;4.5;0
SESS-13347;2026-08-02 11:43:44;USR-1789;2009-01-28;M;Standard;3;0;300;Card;Dota 2;4.5;0
SESS-16598;2026-08-22 18:38:04;USR-1133;2005-08-18;M;VIP;4;1007;720;Cash;CS2;1.0;1
SESS-16532;2026-08-19 14:38:23;USR-1304;2005-07-18;M;VIP;4;1007;720;Card;Apex Legends;;1
SESS-15010;2026-08-25 02:07:33;USR-1138;2002-01-01;M;Standard;1;160;100;App;Valorant;;0
SESS-10019;2026-08-12 22:56:55;USR-1079;2003-02-01;F;Standard;2;320;200;Card;Valorant;;0
SESS-16015;2026-08-09 20:56:01;USR-1759;2009-11-23;M;Standard;8;0;800;App;Valorant;4.5;0
SESS-13341;2026-08-10 15:10:05;USR-1487;2006-10-22;M;Bootcamp;2;470;300;App;Valorant;;0
SESS-13868;2026-08-22 10:56:12;USR-1320;2012-04-04;F;Standard;1;0;100;Card;CS2;;0
SESS-10618;2026-08-17 22:35:52;USR-1595;1991-02-26;M;VIP;3;510;600;Card;Cyberpunk 2077;5.0;0
SESS-10579;2026-08-12 19:58:24;USR-1413;2001-06-20;M;VIP;1;160;200;Card;Dota 2;4.5;0
SESS-12598;2026/08/30 19:46:53;USR-1099;2004-01-10;F;Standard;2;0;200;Card;GTA V;;0
SESS-16529;2026-08-02 21:24:07;USR-1111;1997-10-25;M;Standard;2;360;200;App;Cyberpunk 2077;;0
SESS-11704;2026-08-09 12:54:45;USR-1035;2007-12-13;M;Standard;3;360;300;Cash;CS2;;0
SESS-15175;2026-08-02 12:07:42;USR-1303;2006-10-23;M;Standard;3;0;270;Card;CS2;;1
SESS-15125;2026-08-08 12:14:18;USR-1159;2004-02-12;M;VIP;2;0;400;Card;GTA V;4.5;0
SESS-12356;2026-08-02 12:18:08;USR-1151;1994-06-23;M;VIP;2;0;400;Cash;PUBG;4.5;0
SESS-10831;2026-08-23 11:33:57;USR-1147;2012-09-13;M;Standard;2;224;180;App;Apex Legends;;1
SESS-10112;2026-08-09 09:16:44;USR-1496;2003-01-28;M;VIP;4;658;720;Card;Valorant;5.0;1
SESS-16369;2026-08-15 22:18:47;USR-1247;1995-01-20;M;PS5;12;4620;2700;Card;Cyberpunk 2077;4.0;1
SESS-11701;2026-08-01 19:27:10;USR-1385;1999-10-15;F;VIP;3;0;600 ₽;Card;PUBG;3.0;0
SESS-11723;2026-08-26 16:34:07;USR-1427;2000-01-10;M;Standard;2;240;200;App;CS2;2.0;0
SESS-13917;2026-08-04 19:59:08;USR-1350;2012-12-04;M;Bootcamp;3;0;450;App;CS2;5.0;0
SESS-12615;2026-08-09 12:39:14;USR-1510;2005-04-12;M;Standard;2;0;200;Card;Cyberpunk 2077;;0
SESS-15149;2026-08-16 17:50:05;USR-1384;2009-05-15;M;Standard;3;0;270;App;Minecraft;4.5;1
SESS-10821;2026-08-14 16:09:06;USR-1418;2006-08-28;M;Bootcamp;5;1232;675;Card;CS2;5.0;1
SESS-16375;2026-08-02 21:37:55;USR-1016;2005-05-28;F;VIP;1;434;180;Card;CS2;4.5;1
SESS-14625;2026-08-28 07:56:10;USR-1488;2008-08-08;F;Standard;3;672;270;Card;Apex Legends;4.5;1
SESS-14610;2026-08-27 17:00:52;USR-1572;2005-08-27;M;Bootcamp;3;510;450;Card;CS2;4.5;0
SESS-14592;2026-08-29 23:20:18;USR-1061;2003-09-11;M;Standard;5;560;450;Card;CS2;4.5;1
SESS-13044;2026-08-01 14:21:53;USR-1321;2010-05-10;M;Standard;2;160;200;App;Minecraft;4.0;0
SESS-10339;2026-08-19 00:28:25;USR-1044;;M;PS5;8;1110;2000;Card;CS2;5.0;0
SESS-13628;2026-08-20 18:45:33;USR-1524;2008-02-17;M;Bootcamp;2;0;300;Card;Dota 2;;0
SESS-14584;2026-08-29 14:55:06;USR-1124;2012-08-08;M;Standard;4;0;400;App;CS2;;0
SESS-13139;2026-08-18 18:48:16;USR-1165;1999-09-15;M;VIP;2;0;400;Card;GTA V;;0
SESS-14405;2026-08-30 07:16:03;USR-1606;1990-02-12;M;VIP;2;650;400;Card;Dota 2;;0
SESS-16816;2026-08-02 10:38:11;USR-1630;2008-03-12;M;Bootcamp;4;470;600;App;Deadlock;3.0;0
SESS-12669;2026-08-19 11:20:57;USR-1127;2009-06-13;M;Standard;1;0;100;Card;CS2;4.5;0
SESS-12140;2026-08-01 12:17:30;USR-1571;2003-01-10;M;VIP;3;320;600;App;Apex Legends;5.0;0
SESS-11752;2026-08-27 13:57:15;USR-1044;;M;VIP;2;800;400;Card;GTA V;5.0;0
SESS-12613;2026-08-11 14:37:39;USR-1423;2009-08-02;M;VIP;5;0;1000;Cash;Minecraft;4.5;0
SESS-12145;2026-08-28 20:26:35;USR-1423;2009-08-02;M;Standard;2;0;200;App;Apex Legends;5.0;0
SESS-12359;2026-08-02 18:38:41;USR-1576;2005-07-05;F;VIP;1;310;200;Card;PUBG;5.0;0
;2026-08-06 19:51:03;USR-1111;1997-10-25;M;VIP;3;1260;540;App;Cyberpunk 2077;;1
SESS-16923;2026-08-30 10:48:04;USR-1435;2001-06-18;F;Standard;1;0;100;Card;Deadlock;;0
SESS-17012;2026-08-23 14:02:46;USR-1724;2010-03-04;F;Bootcamp;2;120;300;App;Dota 2;1.0;0
SESS-13884;2026-08-09 02:55:34;USR-1293;2004-07-12;M;Standard;4;0;400;App;Valorant;;0
SESS-13380;2026-08-16 19:41:18;USR-1163;2006-01-12;M;Bootcamp;3;0;450;App;CS2;;0
SESS-14644;2026-08-16 12:32:39;USR-1096;2007-03-05;M;VIP;3;882;540;Card;CS2;;1
SESS-15857;2026-08-20 19:26:37;USR-1499;2007-05-20;M;Standard;1;0;100;App;Dota 2;;0
SESS-13338;2026-08-06 09:12:51;USR-1136;1993-06-01;M;PS5;2;0;500;Card;GTA V;;0
SESS-11819;2026-08-31 13:41:32;USR-1003;2008-10-26;M;PS5;3;503;675;App;CS2;5.0;1
;2026-08-01 22:18:49;USR-1150;2003-04-24;M;Standard;3;360;300;Cash;Dota 2;;0
SESS-12001;2026-08-01 12:27:00;USR-1314;2007-11-23;M;Standard;2;240;200;Card;Dota 2;;0
SESS-11174;2026-08-16 14:55:12;USR-1656;2003-11-06;M;Bootcamp;5;680;750;Card;CS2;4.5;0
SESS-16388;2026-08-04 12:16:20;USR-1669;2005-06-05;M;Standard;5;600;500;App;Dota 2;4.0;0
SESS-10651;2026-08-13 23:10:39;USR-1016;2005-05-28;F;Standard;12;0;1080;Cash;Deadlock;4.0;1
SESS-12126;2026-08-16 20:46:26;USR-1123;1995-12-22;M;VIP;2;800;400;Card;PUBG;;0
SESS-13601;2026-08-16 14:06:40;USR-1268;2006-10-23;M;VIP;1;322;180;Card;CS2;;1
SESS-16554;2026-08-06 18:05:09;USR-1529;2008-04-09;M; Bootcamp ;3;672;270;Card;Dota 2;;1
SESS-12468;2026-08-12 14:16:00;USR-1034;2010-09-11;F;VIP;3;180;600;App;Dota 2;;0
SESS-15551;2026-08-13 16:31:46;USR-1499;2007-05-20;M;Bootcamp;5;0;750;Card;CS2;5.0;0
SESS-13450;2026-08-04 18:22:43;USR-1649;2006-07-26;M;Standard;1 часа;0;100;Cash;Deadlock;5.0;0
SESS-10958;2026-08-09 21:48:46;USR-1073;2010-12-24;M;Standard;4;0;360;Cash;Valorant;3.0;1
SESS-10415;2026-08-20 17:55:12;USR-1511;2007-07-17;M;Standard;2;160;200;App;Dota 2;;0
SESS-10499;2026-08-22 15:28:50;USR-1699;2005-02-05;F;Standard;3;0;270;Card;CS2;;1
SESS-15935;2026-08-14 10:01:59;USR-1177;2003-09-19;M;Bootcamp;4;0;600;App;Dota 2;2.0;0
SESS-15408;2026-08-20 01:33:47;USR-1110;2004-11-28;F;VIP;5;1330;900;App;Dota 2;2.0;1
SESS-12508;2026-08-28 21:59:16;USR-1099;2004-01-10;F;VIP;1;310;200;App;Minecraft;;0
SESS-16340;2026-08-02 17:48:57;USR-1131;2006-08-05;M;PS5;1;0;250;Cash;CS2;;0
SESS-11919;2026-08-19 12:31:01;USR-1047;2005-09-11;M;Bootcamp;2;0;300;Card;CS2;;0
SESS-13658;2026-08-23 21:22:39;USR-1074;2004-09-03;M;Bootcamp;2;310;300;Card;Dota 2;;0
SESS-16999;2026-08-05 14:57:30;USR-1033;2008-06-16;M;Standard;2;0;200;Card;CS2;;0
SESS-11268;2026-08-08 13:31:38;USR-1123;1995-12-22;M;PS5;4;1092;900;Card;Dota 2;;1
SESS-16059;2026-08-16 01:06:21;USR-1241;1992-12-03;M;VIP;3;840;600;Card;PUBG;5.0;0
SESS-11889;2026-08-28 00:19:12;USR-1567;2007-11-15;M;Standard;8;896;720;Card;Valorant;3.0;1
SESS-14305;2026-08-29 02:51:08;USR-1012;2006-05-26;M;Bootcamp;3;390;450;Card;Cyberpunk 2077;;0
SESS-14169;2026-08-15 10:24:47;USR-1443;2009-07-16;M;Standard;12;0;1200;Cash;Minecraft;;0
SESS-11257;2026-08-09 16:51:29;USR-1031;2010-03-02;M;Standard;3;0;270;Card;Valorant;;1
SESS-15753;2026-08-14 20:49:59;USR-1176;1997-02-22;F;VIP;2;650;400;Card;CS2;4.5;0
SESS-15178;2026-08-16 19:57:01;USR-1621;2006-12-15;M;VIP;2;390;400;Card;CS2;;0
SESS-13512;2026-08-15 23:31:01;USR-1719;2005-05-18;M;PS5;12;2688;2700;App;CS2;;1
SESS-12293;2026-08-28 23:59:13;USR-1424;2004-04-03;F;VIP;12;2070;2400;Card;Dota 2;4.0;0
SESS-16397;2026-08-22 18:29:28;USR-1248;2003-10-08;M;Standard;2;320;200;Card;Deadlock;;0
SESS-13694;2026-08-31 19:26:20;USR-1012;2006-05-26;M;VIP;5;550;1000;App;PUBG;5.0;0
SESS-13290;2026-08-06 13:09:07;USR-1487;2006-10-22;M;VIP;1;240;200;App;CS2;;0
SESS-12378;2026-08-30 07:01:23;USR-1219;2009-03-07;M;Standard;2;0;200;Card;Minecraft;;0
SESS-11918;2026-08-06 11:56:04;USR-1719;2005-05-18;M;VIP;2;0;400;Card;Valorant;;0
SESS-11445;2026-08-29 15:00:13;USR-1082;2004-05-06;F;VIP;1;160;200;App;CS2;;0
SESS-16863;2026-08-23 18:45:45;USR-1241;1992-12-03;M;PS5;5;900;1250;Card;CS2;4.0;0
SESS-16575;2026-08-25 00:45:57;USR-1125;2002-08-14;M;VIP;2;470;400;Card;Dota 2;4.0;0
SESS-15523;2026-08-01 16:55:40;USR-1097;2010-04-26;M;Standard;4;0;400;App;CS2;;0
SESS-10699;2026-08-26 10:33:19;USR-1523;2005-05-04;M;Standard;1;160;100;App;CS2;;0
SESS-14697;2026-08-04 19:15:52;USR-1602;2010-04-11;M;Standard;3;240;300;Cash;Apex Legends;3.0;0
SESS-12234;2026-08-31 22:47:42;USR-1650;2004-11-18;M;Standard;8;0;800;Card;Apex Legends;4.5;0
SESS-15008;2026-08-17 22:31:13;USR-1091;2007-11-13;M;PS5;5;0;1250;Card;CS2;4.0;0
SESS-15201;2026-08-01 11:44:23;USR-1548;2009-01-20;M;Standard;2;0;180;App;CS2;;1
SESS-10538;2026-08-03 20:15:21;USR-1115;2001-08-07;M;Standard;5;0;500;Card;CS2;4.0;0
SESS-10336;2026-08-06 17:07:02;USR-1049;1997-11-16;M;Standard;2;0;200;Card;Cyberpunk 2077;;0
SESS-15028;2026-08-07 19:46:30;USR-1745;1992-10-09;M;PS5;3;900;750;Card;PUBG;;0
SESS-11196;2026-08-15 17:58:21;USR-1056;1985-10-21;M;VIP;1;330;200;Card;GTA V;4.0;0
SESS-16313;2026-08-22 18:20:17;USR-1284;2012-02-26;M;Standard;2;0;200;Cash;Valorant;1.0;0
SESS-16797;2026-08-01 15:50:54;USR-1232;2000-03-24;M;PS5;2;0;450;Card;Cyberpunk 2077;;1
SESS-15834;2026-08-09 17:56:09;USR-1064;2006-08-21;F;Bootcamp;2;320;300;Card;CS2;;0
SESS-13941;2026-08-01 18:19:50;USR-1492;1998-11-10;M;VIP;1;550;200;Card;Dota 2;;0
SESS-11448;2026-08-23 16:05:30;USR-1790;2012-03-14;M;Standard;5;0;500;App;CS2;3.0;0
SESS-15226;2026-08-23 23:03:12;USR-1280;1997-06-08;M;;Bootcamp;8;2226;Card;CS2;4.5;1
SESS-11562;2026-08-17 21:07:30;USR-1031;2010-03-02;M;Bootcamp;5;0;675;Cash;Dota 2;4.5;1
SESS-16945;2026-08-22 16:20:35;USR-1037;2010-08-28;M;Standard;4;240;400;App;CS2;3.0;0
SESS-16543;2026-08-23 12:42:09;USR-1068;1993-04-03;M;PS5;2;540;500;Card;Dota 2;;0
SESS-15253;2026-08-11 20:30:31;USR-1609;2004-04-15;M;Standard;2;0;200;Card;Valorant;;0
SESS-10352;2026-08-21 18:40:27;USR-1236;2012-01-11;F;Standard;4;0;360;Card;CS2;4.5;1
SESS-10927;2026-08-28 19:16:43;USR-1084;2005-03-01;F;Bootcamp;3;0;405;Card;Dota 2;5.0;1
SESS-16125;2026-08-10 16:34:38;USR-1031;2010-03-02;M;Bootcamp;3;0;450;Cash;Minecraft;;0
SESS-15745;2026-08-04 16:37:40;USR-1019;1993-10-21;M;Standard;2;360;200;Card;CS2;;0
SESS-11164;2026-08-22 01:38:10;USR-1143;2007-06-16;M;VIP;8;1110;1600;App;CS2;5.0;0
SESS-10558;2026-08-13 23:38:43;USR-1156;2009-04-26;M;Standard;3;0;300;Card;Minecraft;;0
SESS-16130;2026-08-16 14:06:20;USR-1110;2004-11-28;F;Standard;2;160;200;Card;Cyberpunk 2077;;0
SESS-15455;2026-08-15 21:10:18;USR-1451;2005-05-19;M;Standard;4;0;400;Card;Deadlock;;0
SESS-11791;2026-08-14 18:13:43;USR-1322;2011-04-03;M;VIP;~3;0;600;Card;Dota 2;4.0;0
SESS-16205;2026-08-08 14:39:49;USR-1513;2003-05-15;F;Standard;2;160;200;Card;Valorant;;0
SESS-16585;2026-08-14 15:06:31;USR-1110;2004-11-28;F;Standard;2;240;200;Card;CS2;4.0;0
SESS-12810;2026-08-27 15:14:42;USR-1483;2008-05-08;F;PS5;4;480;1000;Card;Dota 2;;0
SESS-16573;2026-08-21 16:58:59;USR-1060;1990-02-23;M;VIP;1;420;200;Card;CS2;;0
SESS-10114;2026-08-28 15:07:20;USR-1414;2008-04-21;M;Bootcamp;2;0;300;Card;Valorant;;0
SESS-11177;2026-08-13 20:55:21;USR-1094;2004-06-11;M;VIP;2;240;400;Card;Deadlock;4.5;0
SESS-16707;2026-08-01 15:10:57;USR-1685;1993-04-26;F;PS5;3;923;675;Card;CS2;4.5;1
SESS-15931;2026-08-29 17:08:45;USR-1414;2008-04-21;M;Standard;3;0;270;Card;Dota 2;4.0;1
SESS-15869;2026-08-09 03:33:26;USR-1223;2010-02-18;M;Standard;2;120;200;Cash;Minecraft;;0
SESS-11997;2026-08-02 14:21:44;USR-1609;2004-04-15;M;Standard;1;0;100;Card;GTA V;;0
SESS-10452;2026-08-15 03:10:17;USR-1128;2008-04-02;F;Bootcamp;3;784;405;App;Deadlock;5.0;1
SESS-14329;2026-08-27 20:54:42;USR-1329;2001-05-11;M;Bootcamp;1;0;150;Card;Valorant;;0
SESS-16159;2026-08-11 16:02:34;USR-1102;2012-11-14;M;Standard;4;0;400;App;Dota 2;;0
SESS-15574;2026-08-25 20:14:32;USR-1091;2007-11-13;M;VIP;2;0;400;Card;Deadlock;5.0;0
SESS-15333;2026-08-15 21:51:50;USR-1309;2006-05-24;M;Standard;3;503;270;App;CS2;4.5;1
SESS-12344;2026-08-16 13:38:17;USR-1774;2007-09-02;M;Standard;2;320;200;App;Deadlock;;0
SESS-11855;2026-08-29 23:00:42;USR-1606;1990-02-12;M;PS5;3;660;750;Card;Dota 2;;0
SESS-16774;2026-08-20 18:20:08;USR-1108;2005-03-19;M;PS5;1;0;225;App;Dota 2;;1
SESS-12748;2026-08-02 16:24:21;USR-1069;2004-01-15;M;PS5;2;160;500;Card;CS2;;0
SESS-10588;2026-08-01 23:28:50;USR-1116;2003-02-05;F;Standard;12;960;1200;App;Dota 2;4.0;0
SESS-10022;2026-08-30 17:04:25;USR-1660;2011-07-03;M;Standard;3;168;270;App;Minecraft;5.0;1
SESS-14278;2026-08-10 18:37:56;USR-1336;2005-03-08;M;Standard;4;448;360;Card;Dota 2;;1
SESS-15874;2026-08-06 20:19:33;USR-1387;1988-10-23;M;VIP;12;4410;2160;Card;CS2;5.0;1
SESS-11242;2026-08-17 20:12:41;USR-1057;2002-08-25;M;Standard;8;896;720;App;CS2;4.5;1
SESS-12961;2026-08-07 16:53:42;USR-1610;2012-01-22;M;Bootcamp;5;420;675;Cash;Valorant;4.5;1
SESS-11537;2026-08-13 20:26:45;USR-1505;2006-03-05;M;VIP;2;470;400;Cash;CS2;4.5;0
SESS-14042;2026-08-30 22:31:54;USR-1259;2005-08-15;M;PS5;5;400;1250;App;CS2;5.0;0
SESS-10688;2026-08-17 08:58:49;USR-1356;2011-01-22;M;Standard;2;160;200;Card;CS2;;0
SESS-14578;2026-08-08 08:54:49;USR-1610;2012-01-22;M;Bootcamp;8;0;1200;Card;Deadlock;;0
SESS-12711;2026-08-18 17:55:31;USR-1337;2009-03-21;M;Standard;3;251;270;Cash;CS2;1.0;1
SESS-11495;2026-08-04 14:37:53;USR-1650;2004-11-18;M;VIP;2;0;400;Card;Valorant;4.5;0
SESS-12529;2026-08-02 19:59:17;USR-1400;2006-09-16;M;Standard;2;0;200;Card;Dota 2;;0
SESS-12563;2026-08-07 14:46:31;USR-1017;1994-02-15;M;Standard;3;0;300;Card;Dota 2;4.0;0
SESS-15290;2026-08-28 02:42:04;USR-1477;2005-07-07;F;Bootcamp;3;0;405;Card;Dota 2;;1
SESS-17088;2026-08-07 15:19:46;USR-1107;2011-02-22;M;Standard;2;160;200;;Minecraft;;0
SESS-11766;2026-08-11 17:28:37;USR-1005;1997-04-20;M;VIP;12;4620;2160;Card;GTA V;;1
SESS-14723;2026-08-29 17:34:42;USR-1014;2010-10-27;M;Bootcamp;~2;0;300;Card;Dota 2;;0
SESS-13674;2026-08-04 18:11:33;USR-1705;2006-01-08;F;Bootcamp;2;320;300;Card;CS2;;0
SESS-10657;2026-08-05 13:43:53;USR-1099;2004-01-10;F;Bootcamp;2;390;300;Cash;CS2;;0
SESS-11909;2026-08-19 14:10:28;USR-1571;2003-01-10;M;Standard;3;672;270;Card;CS2;4.5;1
SESS-11897;2026-08-09 14:28:55;USR-1288;2004-01-09;M;Bootcamp;4;784;540;App;CS2;;1
SESS-13037;2026-08-29 11:25:43;USR-1042;2004-06-10;M;VIP;1;310;200;Card;PUBG;;0
SESS-16918;2026-08-16 16:13:48;USR-1421;1998-04-13;M;VIP;2;800;400;Card;PUBG;;0
SESS-13713;2026-08-16 11:57:34;USR-1695;2006-09-10;M;Standard;1;80;100;Card;Dota 2;;0
SESS-15165;2026-08-11 18:16:08;USR-1643;2002-07-25;M;PS5;3;0;750;Card;CS2;;0
SESS-15273;2026-08-03 10:11:39;USR-1020;2011-09-06;M;Standard;1;84;90;Cash;Deadlock;;1
SESS-13557;2026-08-29 00:08:25;USR-1092;2007-02-23;M;VIP;8;0;1600;App;Dota 2;;0
SESS-14049;2026-08-19 19:46:11;USR-1635;1996-11-22;M;PS5;5;1260;1125;;CS2;5.0;1
SESS-14379;2026-08-19 19:56:35;USR-1120;2006-07-03;M;VIP;1;160;200;App;Dota 2;;0
SESS-10461;2026-08-01 18:17:58;USR-1300;2008-04-23;F;VIP;2;470;400;Card;Apex Legends;;0
SESS-14649;2026-08-03 13:52:37;USR-1202;2004-09-21;F;Standard;2;160;200;Card;CS2;5.0;0
SESS-15044;2026/08/13 09:53:43;USR-1055;2007-06-20;M;Bootcamp;2;310;300;App;CS2;;0
SESS-12506;2026-08-25 14:29:21;USR-1099;2004-01-10;F;VIP;2;240;400;Card;CS2;;0
SESS-14592;2026-08-29 23:20:18;USR-1061;2003-09-11;M;Standard;5;560;450;Card;CS2;4.5;1
SESS-15976;2026-08-08 11:38:46;USR-1693;2012-12-06;M;Standard;3;251;270;App;Valorant;;1
SESS-13665;2026-08-14 21:39:16;USR-1434;2003-07-23;M;Standard;4;320;400;App;CS2;4.5;0
SESS-13964;2026-08-16 18:52:23;USR-1429;2011-02-10;M;Standard;2;0;200;Card;Deadlock;;0
SESS-12566;2026-08-23 16:38:45;USR-1524;2008-02-17;M;Standard;1;80;100;App;CS2;;0
SESS-11302;2026-08-10 15:18:57;USR-1166;2004-11-20;M;Bootcamp;3;0;450;App;Valorant;4.0;0
SESS-16243;2026-08-05 17:56:05;USR-1656;2003-11-06;M;VIP;3;546;540;App;Dota 2;3.0;1
SESS-14208;2026-08-15 17:39:20;USR-1718;1994-09-16;M;Standard;3;0;300;Card;Dota 2;;0
SESS-15985;2026-08-12 10:05:53;USR-1394;2004-05-22;M;PS5;2;240;500;Card;Dota 2;;0
SESS-13712;2026-08-25 23:43:29;USR-1503;2011-07-13;F;Standard;8;896;720;App;Valorant;4.5;1
SESS-14249;2026-08-21 14:51:10;USR-1149;2006-12-05;M;Bootcamp;3;546;405;Card;CS2;4.0;1
SESS-13029;2026-08-14 12:52:59;USR-1077;2005-03-16;M;VIP;12;0;2160;;Valorant;;1
SESS-11666;2026-08-07 12:24:43;USR-1064;;F;Standard;1;0;100;App;Minecraft;;0
SESS-13817;2026-08-01 13:34:10;USR-1053;1998-05-01;M;VIP;4;0;800;Card;Dota 2;;0
SESS-16475;2026-08-22 00:12:15;USR-1411;2010-08-16;F;Standard;8;640;800;App;GTA V;5.0;0
SESS-17035;2026-08-05 16:48:57;USR-1054;1999-10-07;F;PS5;1;560;225;Card;PUBG;;1
SESS-15118;2026-08-01 11:02:43;USR-1155;2010-04-23;F;;Standard;3;251;Cash;CS2;5.0;1
SESS-11841;2026-08-10 00:16:25;USR-1529;2008-04-09;M;Standard;8;1280;800;App;Deadlock;1.0;0
SESS-15571;2026-08-25 18:11:21;USR-1086;2011-03-02;M;Standard;4;448;360;Cash;Valorant;4.5;1
SESS-10478;2026-08-29 19:55:40;USR-1054;1999-10-07;F;PS5;5;0;1250;App;Dota 2;4.5;0
SESS-11172;2026-08-12 00:05:06;USR-1462;2005-11-05;M;Bootcamp;8;1903;1080;Card;Valorant;;1
SESS-12157;2026-08-01 08:58:59;USR-1047;2005-09-11;M;Standard;2;0;200;App;Dota 2;4.5;0
SESS-15559;2026-08-14 17:36:20;USR-1358;2004-05-16;F;Standard;1;80;100;Card;CS2;;0
SESS-12606;2026-08-07 21:41:19;USR-1018;2002-11-17;M;Standard;1;0;100;App;Dota 2;5.0;0
SESS-12610;2026-08-01 10:46:16;USR-1112;2005-08-25;M;Bootcamp;4;658;540;Cash;PUBG;;1
SESS-10709;2026-08-11 15:38:07;USR-1483;2023-06-15;F;VIP;999;0;800;App;Deadlock;;0
SESS-14463;2026-08-08 20:03:13;USR-1593;2008-03-02;M;PS5;2;240;500;App;Dota 2;;0
SESS-12979;2026-08-26 20:59:59;USR-1605;2006-06-01;M;Standard;2;0;200;App;CS2;;0
SESS-13750;2026-08-06 12:44:11;USR-1781;2006-08-24;M;Standard;3;240;300;Card;Dota 2;;0
SESS-16700;2026-08-21 10:50:20;USR-1291;1995-02-07;F;Standard;1;0;100;Card;Browser/Work;;0
SESS-13151;2026-08-07 20:21:43;USR-1048;2010-12-21;M;Standard;5;0;500;App;Dota 2;4.0;0
SESS-11883;2026-08-31 17:57:43;USR-1312;2011-11-05;F;Standard;2;0;200;App;Dota 2;;0
SESS-13738;2026-08-24 00:27:49;USR-1005;1997-04-20;M;Standard;8;0;800;Card;Dota 2;;0
SESS-12425;2026-08-08 16:47:36;USR-1486;2010-10-17;M;Standard;3;0;300;App;CS2;;0
;2026-08-14 06:47:56;USR-1121;2008-02-21;M;Standard;1;0;100;Card;CS2;;0
SESS-10801;2026-08-23 15:59:55;USR-1061;2003-09-11;M;Bootcamp;4;560;540;App;Deadlock;;1
;2026-08-07 16:15:35;;1996-08-27;F;Standard;2;0;200;Card;Dota 2;;0
SESS-13159;2026-08-27 17:36:03;USR-1050;2008-08-14;M;Bootcamp;4;560;600;Card;CS2;4.5;0
SESS-11169;2026-08-14 11:23:06;USR-1609;1886-09-20;M;Standard;-2;0;200;Card;Minecraft;;0
SESS-10449;2026-08-17 14:23:41;USR-1069;2004-01-15;M;Standard;1;160;100;App;Deadlock;;0
SESS-15154;2026-08-14 13:58:12;USR-1228;2007-07-03;M;PS5;3;0;750;Card;Dota 2;5.0;0
SESS-15826;2026-08-25 09:11:42;USR-1287;2006-01-08;M;Standard;1;80;100;Cash;Valorant;;0
SESS-14936;2026-08-12 18:28:14;USR-1390;1994-03-20;M;Standard;4;672;360;Card;Cyberpunk 2077;3.0;1
SESS-12589;2026-08-14 07:03:45;USR-1097;2010-04-26;M;Bootcamp;2;0;300;Card;CS2;;0
SESS-12098;2026-08-14 11:51:51;USR-1159;2004-02-12;M;Standard;3;0;300;Card;Minecraft;;0
SESS-10062;2026-08-18 15:13:00;USR-1367;2008-06-11;M;Bootcamp;3;390;450;Card;Dota 2;;0
SESS-10907;2026-08-08 19:19:35;USR-1346;1992-02-19;M;Standard;1;250;100;App;CS2;3.0;0
SESS-11287;2026-08-10 19:16:38;USR-1060;1990-02-23;M;Bootcamp;2;0;300;Card;Cyberpunk 2077;;0
SESS-10582;2026-08-28 17:26:53;USR-1003;2008-10-26;M;Standard;3;0;300;Card;Deadlock;;0
SESS-15464;2026-08-17 22:27:27;USR-1058;2006-06-09;M;Standard;3;0;300;Card;CS2;;0
SESS-15524;2026-08-21 12:48:38;USR-1020;2011-09-06;M;Standard;1;0;100;Cash;CS2;;0
SESS-14234;2026-08-12 12:35:07;USR-1721;2007-02-06;M;Bootcamp;1;230;150;Card;Valorant;;0
SESS-16865;2026-08-17 01:33:06;USR-1245;2008-05-27;F;VIP;5;680;1000 руб.;App;PUBG;;0
SESS-17114;2026-08-29 14:28:52;USR-1295;1994-10-12;M;Bootcamp;4;1819;540;Cash;CS2;5.0;1
SESS-12505;2026-08-01 18:09:53;USR-1267;2004-12-08;M;Standard;5;800;500;Card;Dota 2;4.5;0
SESS-14885;2026-08-14 20:25:51;USR-1135;2012-06-13;M;Standard;2;168;180;Cash;Valorant;5.0;1
SESS-14837;2026-08-20 20:21:27;USR-1609;2004-04-15;M;PS5;2;0;500;App;PUBG;;0
SESS-14967;2026-08-09 19:36:00;USR-1058;2006-06-09;M;Standard;4;0;400;Cash;Dota 2;;0
SESS-15993;2026-08-29 17:09:19;USR-1143;2007-06-16;M;Standard;1;160;100;Card;CS2;;0
SESS-11065;2026-08-07 18:25:09;USR-1362;2007-07-04;F;Bootcamp;1;0;150;Card;Dota 2;3.0;0
SESS-16296;2026-08-14 14:55:04;USR-1416;2009-11-15;M;Standard;3;240;300;Card;Minecraft;5.0;0
SESS-10398;2026-08-16 15:59:52;USR-1075;2008-12-21;M;Standard;3;503;270;Card;Apex Legends;;1
SESS-13608;2026-08-16 20:04:19;USR-1412;2009-12-06;M;Standard;1;0;100;Cash;Valorant;;0
SESS-14957;2026-08-01 21:34:28;USR-1140;2006-12-27;F;VIP;5;672;900;App;Valorant;5.0;1
SESS-15776;2026-08-12 16:45:50;USR-1527;2011-07-09;M;Standard;3;0;300;App;Valorant;4.5;0
SESS-13546;2026-08-01 18:51:57;USR-1658;2010-03-07;M;Standard;3;0;300;App;Dota 2;;0
SESS-15291;2026-08-21 15:59:35;USR-1541;2011-11-17;M;Standard;2;0;200;Card;Minecraft;4.0;0
SESS-12827;2026-08-18 18:31:22;USR-1388;2004-05-07;M;Standard;2;448;180;Card;Dota 2;;1
SESS-12799;2026-08-20 14:26:58;USR-1007;2003-09-21;M;ps5;4;720;600;Card;Valorant;5.0;0
SESS-13703;2026-08-25 17:33:06;USR-1637;2007-10-27;M;PS5;3;503;675;Card;Cyberpunk 2077;;1
SESS-12119;2026-08-26 17:34:54;USR-1467;2006-07-05;F;Standard;1;0;100;App;CS2;;0
SESS-12409;2026-08-02 20:46:46;USR-1323;2001-12-14;M;Bootcamp;5;0;675;App;Valorant;;1
SESS-13998;2026-08-23 10:59:26;USR-1079;;F;PS5;2;0;500;Card;Valorant;3.0;0
SESS-14545;2026-08-30 09:50:52;USR-1122;2004-02-05;M;VIP;2;0;400;Card;Dota 2;5.0;0
SESS-13652;2026-08-25 18:03:16;USR-1141;1998-03-28;M;Standard;3;750;300;Card;Cyberpunk 2077;4.0;0
SESS-12795;2026-08-08 19:23:03;USR-1739;2009-06-08;M;Bootcamp;1;0;150;App;Dota 2;;0
SESS-16373;2026-08-07 21:03:53;USR-1720;2012-11-25;F;Bootcamp;4;0;540;App;CS2;3.0;1
SESS-16787;2026-08-28 18:47:59;USR-1129;1998-11-08;M;PS5;1;270;250;Card;CS2;3.0;0
SESS-16115;2026-08-24 18:12:26;USR-1763;2007-01-21;F;Bootcamp;1;200;150;Cash;GTA V;;0
SESS-12294;2026-08-08 14:56:22;USR-1359;2007-02-10;M;VIP;1;0;200;Card;CS2;;0
SESS-13184;2026-08-08 10:46:49;USR-1062;2012-09-01;M;Standard;3;0;300;App;CS2;;0
SESS-10873;2026-08-07 19:05:21;USR-1091;2007-11-13;M;PS5;2;0;500;Card;Dota 2;;0
SESS-11227;2026-08-23 16:35:37;USR-1588;2023-06-15;M;VIP;999;0;800;Card;CS2;;0
SESS-16270;2026-08-06 01:42:58;USR-1027;1997-11-04;F;Standard;2;500;200;Card;Dota 2;;0
SESS-16506;2026-08-07 11:49:35;USR-1576;2005-07-05;F;VIP;2;434;360;Card;Valorant;;1
SESS-13748;2026-08-01 13:07:28;USR-1286;1993-06-23;M;VIP;3;714;540;Card;PUBG;;1
SESS-11017;2026-08-18 13:51:06;USR-1345;2004-11-13;M;PS5;2;160;500;Card;Apex Legends;4.5;0
SESS-12531;2026-08-24 17:16:11;USR-1502;1990-03-10;м;VIP;3;1176;540;Card;CS2;3.0;1
SESS-10733;2026-08-08 10:22:08;USR-1090;2010-05-10;M;Standard;2;120;200;App;CS2;;0
SESS-10757;2026-08-27 17:30:47;USR-1370;2007-12-16;M;VIP;3;0;540;Card;Deadlock;5.0;1
SESS-14291;2026-08-01 17:42:44;USR-1214;2004-11-05;F;PS5;1;0;250;Card;Dota 2;;0
SESS-14809;2026-08-04 09:46:48;USR-1355;2003-03-22;M;Standard;3;672;270;Card;CS2;;1
SESS-13615;2026-08-16 17:36:12;USR-1013;2012-02-18;M;Standard;3;0;300;App;CS2;3.0;0
SESS-14438;2026-08-25 06:34:25;USR-1402;2007-10-17;F;Standard;1;0;100;Card;CS2;;0
SESS-16319;2026-08-16 16:30:58;USR-1423;2009-08-02;M;Bootcamp;2;0;300;Card;Dota 2;;0
SESS-10625;2026-08-14 09:54:30;USR-1396;2007-05-04;F;VIP;2;0;400;Card;Dota 2;;0
SESS-11533;2026-08-24 19:21:05;USR-1026;2004-11-05;M;VIP;4;1106;720;Card;Dota 2;;1
SESS-12588;2026-08-27 11:26:30;USR-1117;2010-06-21;M;Standard;3;0;270;;Deadlock;5.0;1
SESS-16767;2026-08-26 18:16:09;USR-1296;1994-03-08;M;PS5;2;650;500;Card;PUBG;4.5;0
SESS-11633;2026-08-04 18:31:01;USR-1608;2006-06-07;M;Standard;3;0;300;Card;CS2;;0
SESS-15878;2026-08-21 17:21:18;USR-1429;2011-02-10;M;Standard;2;0;200;Cash;CS2;2.0;0
SESS-11045;2026-08-06 09:13:51;USR-1163;2006-01-12;M;Bootcamp;5;750;750;Card;CS2;;0
SESS-14295;2026-08-22 18:40:10;USR-1497;2009-07-10;M;Standard;3;0;300;App;Valorant;5.0;0
SESS-14401;2026-08-02 18:04:22;USR-1743;2009-08-03;F;Standard;2;0;200;App;Valorant;;0
SESS-14103;2026-08-15 21:13:51;USR-1678;2006-12-03;M;Bootcamp;1;230;150;Card;Cyberpunk 2077;;0
SESS-11768;2026-08-14 09:41:07;USR-1485;2011-05-10;F;Standard;2;0;200;Card;CS2;;0
SESS-14220;2026-08-22 19:27:10;USR-1286;1993-06-23;M;Standard;1;180;100;App;CS2;;0
SESS-15215;2026-08-19 12:53:45;USR-1250;1995-01-26;M;Bootcamp;4;1610;540;Card;CS2;4.5;1
SESS-17111;2026-08-08 01:52:32;USR-1596;2011-06-10;M;Standard;8 ч.;320;800;App;Deadlock;5.0;0
SESS-12052;2026-08-23 15:51:58;USR-1014;2010-10-27;M;Standard;2;160;200;App;Dota 2;;0
SESS-11360;2026-08-15 13:06:21;USR-1340;2005-09-12;M;Standard;5;840;450;Card;Dota 2;5.0;1
SESS-12559;2026-08-18 07:53:25;USR-1123;1995-12-22;M;Bootcamp;3;1260;405;App;Cyberpunk 2077;4.5;1
SESS-16470;2026-08-15 19:23:29;USR-1145;2000-12-11;M;PS5;2;0;500;Card;Deadlock;;0
SESS-10169;2026-08-25 21:18:39;USR-1029;2012-04-14;M;Standard;3;180;300;App;CS2;2.0;0
SESS-15181;2026-08-05 19:02:29;USR-1136;1993-06-01;M;Bootcamp;3;840;450;Card;Dota 2;5.0;0
SESS-15234;2026-08-28 16:23:04;USR-1103;2008-04-20;M;Standard;2;160;200;Card;Valorant;;0
SESS-14795;2026-08-25 12:17:23;USR-1577;1995-03-03;M;Standard;2;500;200;Card;PUBG;;0
SESS-15222;2026-08-08 19:47:25;USR-1538;2010-01-26;M;VIP;2;0;400;App;CS2;;0
SESS-13263;2026-08-25 17:57:17;USR-1716;1998-02-21;M;Standard;2;503;180;Card;CS2;;1
SESS-16526;2026-08-20 19:38:04;USR-1176;1997-02-22;F;VIP;1;550;200;Card;Dota 2;4.0;0
SESS-13932;2026-08-11 13:24:09;USR-1741;1998-10-22;F;PS5;12;3150;3000;Card;Cyberpunk 2077;5.0;0
SESS-11900;2026-08-30 18:09:11;USR-1327;2007-07-01;M;VIP;4;882;720;Card;CS2;4.5;1
SESS-10216;08/21/2026 17:09:32;USR-1427;2000-01-10;M;Standard;2;240;200;Card;Cyberpunk 2077;3.0;0
SESS-11263;2026-08-09 04:58:17;USR-1102;2012-11-14;M;Standard;4;0;360;App;Minecraft;;1
SESS-15849;2026-08-14 13:51:18;USR-1012;2006-05-26;M;Standard;2;160;200;Card;Dota 2;4.0;0
SESS-10475;2026-08-02 12:32:33;USR-1220;2007-03-02;M;VIP;2;470;400;Cash;Dota 2;;0
SESS-10585;2026-08-30 18:44:02;USR-1287;2006-01-08;M;Standard;1;80;100;Card;CS2;;0
SESS-15553;2026-08-08 14:59:19;USR-1337;2009-03-21;M;Standard;2;0;200;App;Minecraft;;0
SESS-16305;2026-08-09 21:31:27;USR-1124;2012-08-08;M;VIP;2;0;400;Cash;Valorant;;0
SESS-10714;2026-08-16 15:22:49;USR-1093;09/19/1995;M;PS5;2;660;500;Card;CS2;4.5;0
SESS-16547;2026-08-12 13:41:29;USR-1770;2008-02-15;F;Bootcamp;2;0;270;Card;Valorant;4.0;1
SESS-10587;2026-08-30 18:44:19;USR-1026;2004-11-05;M;Bootcamp;4;784;540;Card;Dota 2;4.5;1
SESS-12243;2026-08-11 19:26:02;USR-1095;2005-12-26;M;VIP;3;0;540;App;CS2;;1
SESS-10258;2026-08-03 20:36:04;USR-1090;2010-05-10;M;VIP;3;251;540;Cash;CS2;;1
SESS-15801;2026-08-30 00:08:07;USR-1289;2007-10-10;M;VIP;12;0;2400;Card;CS2;;0
SESS-12375;2026-08-22 12:23:44;USR-1584;2011-09-26;M;Standard;4;160;400;Cash;CS2;;0
SESS-14666;2026-08-28 22:00:43;USR-1275;1998-10-28;M;Bootcamp;5;1260;675;Card;Cyberpunk 2077;;1
SESS-15003;2026-08-28 12:44:47;USR-1144;1993-04-03;M;PS5;2;0;500;App;Dota 2;;0
SESS-16023;2026-08-11 14:12:48;USR-1070;2007-01-05;M;Standard;2;0;200;Card;Dota 2;;0
SESS-11261;2026-08-18 09:44:15;USR-1450;2007-05-10;F;Bootcamp;2;320;300;Card;Deadlock;4.0;0
SESS-13527;2026-08-08 20:35:02;USR-1007;2003-09-21;M;Bootcamp;4;1007;540;Card;CS2;5.0;1
SESS-10500;2026-08-24 08:13:03;USR-1173;2008-05-17;M;PS5;2;0;500;App;Dota 2;;0
SESS-12363;2026-08-31 16:37:51;USR-1604;2005-08-22;M;Standard;2;240;200;Card;Valorant;;0
SESS-16471;2026-08-29 01:58:07;USR-1144;1993-04-03;M;PS5;5;2170;1125;Card;Cyberpunk 2077;3.0;1
SESS-13220;2026-08-15 13:06:17;USR-1531;2004-10-05;M;PS5;5;400;1250;Card;Dota 2;;0
SESS-12112;2026-08-30 11:10:25;USR-1795;1998-02-03;M;Standard;4;672;360;Card;Dota 2;2.0;1
SESS-14426;2026-08-29 19:39:16;USR-1746;2001-08-27;M;Bootcamp;2;470;300;Card;Dota 2;4.5;0
SESS-16331;2026-08-19 14:00:52;USR-1003;2008-10-26;M;Bootcamp;1;230;150;Card;Apex Legends;;0
SESS-12420;2026-08-11 12:38:03;USR-1799;02.09.2010;M;Standard;1;60;100;Cash;CS2;;0
SESS-13246;2026-08-24 18:51:15;USR-1233;2008-10-06;M;;Standard;1;120;App;CS2;;0
SESS-13395;2026-08-17 18:24:30;USR-1525;2005-01-17;M;Standard;2;448;180;Card;GTA V;;1
SESS-16483;2026-08-09 14:31:25;USR-1007;2003-09-21;M;Standard;2;224;180;Card;CS2;4.5;1
SESS-14695;2026-08-02 16:28:32;USR-1102;2012-11-14;M;Standard;2;80;200;Cash;Valorant;4.5;0
SESS-16809;2026-08-01 13:33:39;USR-1229;2007-06-14;M;Standard;8;0;800;App;Deadlock;4.5;0
SESS-11061;2026-08-09 19:00:51;USR-1065;2012-05-07;F;Standard;3;0;270;Cash;CS2;;1
SESS-14213;2026-08-04 19:44:35;USR-1436;2003-06-10;M;Standard;2;0;200;Card;Valorant;;0
SESS-14161;2026-08-07 12:11:48;USR-1754;2005-09-24;M;Bootcamp;2;400;300;Card;CS2;;0
SESS-16699;2026-08-03 14:08:26;USR-1143;2007-06-16;M;Standard;2;320;200;Card;Valorant;;0
SESS-12464;2026-08-16 19:00:43;USR-1089;2002-06-04;F;VIP ;1;160;100;Card;Cyberpunk 2077;3.0;0
SESS-16172;2026-08-11 19:59:00;USR-1485;2011-05-10;F;Standard;3;0;300;App;Deadlock;;0
SESS-11343;2026-08-28 20:21:31;USR-1163;2006-01-12;M;Bootcamp;2;400;300;Card;Apex Legends;;0
SESS-15771;2026-08-01 19:51:42;USR-1734;1991-03-22;M;PS5;3;923;675;Card;Deadlock;4.5;1
SESS-12016;2026-08-13 21:32:55;USR-1115;2001-08-07;M;PS5;5;400;1250;Cash;CS2;;0
SESS-10516;2026-08-21 19:56:55;USR-1591;2007-08-05;M;Bootcamp;2;320;300;App;CS2;;0
SESS-16858;2026-08-14 16:18:06;USR-1019;1993-10-21;M;VIP;3;1176;540;Card;CS2;;1
SESS-15564;2026-08-03 12:50:57;USR-1101;1997-03-02;M;Standard;1;180;100;Card;Deadlock;4.0;0
SESS-11804;2026-08-21 15:34:58;USR-1384;2009-05-15;M;Bootcamp;2;0;300;App;Dota 2;;0
SESS-14242;2026-08-16 21:01:19;USR-1134;2004-08-26;M;Standard;5;0;450;Card;Minecraft;4.0;1
SESS-13980;2026-08-18 18:28:28;USR-1036;2004-09-28;M;VIP;2;0;400;Card;Minecraft;;0
SESS-11253;2026-08-01 22:44:11;USR-1593;2008-03-02;M;PS5;8;1280;2000;Card;Valorant;4.5;0
SESS-13141;2026-08-11 14:32:12;USR-1756;2003-09-05;M;Standard;1;0;100;Card;Dota 2;4.0;0
SESS-10570;2026-08-04 15:12:21;USR-1059;2012-10-27;F;Standard;3;120;300;Cash;Valorant;;0
SESS-10010;2026-08-19 16:53:58;USR-1102;2012-11-14;M;Standard;2;0;200;Card;Minecraft;;0
SESS-16246;2026-08-09 16:19:33;USR-1118;2008-09-20;F;VIP;1;0;200;Card;Deadlock;;0
SESS-12933;2026-08-16 18:45:08;USR-1597;2010-07-06;M;Standard;5;0;450;Cash;Minecraft;;1
SESS-10409;2026-08-23 15:26:41;USR-1043;2007-04-22;M;Bootcamp;2;400;300;Card;Deadlock;;0
SESS-12512;2026-08-23 18:28:19;USR-1209;2011-07-04;M;Standard;3;168;270;App;Minecraft;;1
SESS-12919;2026-08-15 18:08:31;USR-1627;1990-04-25;M;Bootcamp;2;510;300;Card;Cyberpunk 2077;1.0;0
SESS-15611;2026-08-28 12:14:32;USR-1021;2004-07-25;M;PS5;1;120;250;Card;Apex Legends;;0
SESS-10563;2026-08-13 23:25:07;USR-1012;2006-05-26;M;VIP;12;1554;2160;Card;Deadlock;4.5;1
SESS-12980;2026-08-08 18:09:01;USR-1117;2010-06-21;M;Standard;2;120;200;App;Minecraft;;0
SESS-10483;2026-08-22 16:28:03;USR-1432;2004-06-21;M;Bootcamp;1;0;150;Card;CS2;;0
SESS-14844;2026-08-10 11:06:31;USR-1714;2004-09-13;M;Standard;8;1792;720;Card;Dota 2;;1
SESS-11109;2026-08-07 16:51:23;USR-1451;;M;Standard;2;160;200;Card;Valorant;;0
SESS-13718;2026-08-25 07:12:12;USR-1287;2006-01-08;M;Standard;4;672;360;App;CS2;4.0;1
SESS-11686;2026-08-08 21:10:28;USR-1076;2004-03-02;M;VIP;2;0;400;Cash;CS2;;0
SESS-11849;2026-08-22 15:45:55;USR-1413;2001-06-20;M;PS5;4;640;1000;Card;Dota 2;2.0;0
SESS-15754;2026-08-19 15:56:24;USR-1148;1993-02-16;M;Standard;2;360;200;Card;CS2;;0
SESS-14196;2026-08-05 12:03:34;USR-1479;2002-01-21;M;Bootcamp;1;230;150;Card;Apex Legends;4.5;0
SESS-13232;2026-08-14 14:46:48;USR-1212;2010-09-05;M;Standard;8;0;800;Cash;CS2;3.0;0
SESS-11662;2026-08-29 20:20:36;USR-1048;2010-12-21;M;Standard;1;60;100;App;CS2;;0
SESS-12249;2026-08-12 12:51:50;USR-1129;11/08/1998;M;Bootcamp;2;390;300;Card;Dota 2;;0
SESS-12669;2026-08-19 11:20:57;USR-1127;2009-06-13;M;Standard;1;0;100;Card;CS2;4.5;0
SESS-10921;2026-08-04 17:51:53;USR-1048;2010-12-21;M;Standard;3;336;270;Cash;CS2;4.0;1
SESS-13180;2026-08-17 15:24:02;USR-1315;2002-01-22;M;Bootcamp;3;0;450;Card;CS2;1.0;0
SESS-16360;2026-08-23 19:14:50;USR-1575;1996-08-27;F;VIP;1;400;200;Card;CS2;;0
SESS-15467;2026-08-30 11:16:33;USR-1068;1993-04-03;M;VIP;3;840;600;Card;CS2;4.5;0
SESS-13159;2026-08-27 17:36:03;USR-1050;2008-08-14;M;Bootcamp;4;560;600;Card;CS2;4.5;0
SESS-15312;2026-08-09 20:27:49;USR-1177;2003-09-19;M;Bootcamp;4;790;600;App;CS2;;0
SESS-14968;2026-08-12 13:37:49;USR-1136;1993-06-01;M;Standard;1;0;100;Card;CS2;;0
SESS-11167;2026-08-01 16:21:57;USR-1319;1998-01-03;M;VIP;3;0;540;Card;Cyberpunk 2077;4.5;1
SESS-12545;2026-08-11 18:44:33;USR-1150;2003-04-24;M;VIP;3;560;600;Card;Valorant;4.0;0
SESS-10839;2026-08-15 17:45:33;USR-1086;2011-03-02;M;Bootcamp;4;0;540;Cash;CS2;;1
SESS-13676;2026-08-29 09:43:22;USR-1672;2009-01-15;M;Standard;5;560;450;App;Dota 2;5.0;1
SESS-13092;2026-08-30 20:31:41;USR-1129;1998-11-08;M;PS5;2;0;500;Card;CS2;;0
SESS-11856;2026-08-08 15:39:21;USR-1031;2010-03-02;M;PS5;2;160;500;Card;Minecraft;;0
SESS-15310;2026-08-30 19:55:17;USR-1042;2004-06-10;M;Bootcamp;3;616;405;App;CS2;4.5;1
SESS-12372;2026-08-22 16:28:47;USR-1277;2005-11-21;M;Standard;1;80;100;App;Deadlock;;0
SESS-14051;2026-08-05 01:35:48;USR-1114;2010-06-11;F;Standard;12;0;1080;App;Dota 2;;1
SESS-11149;2026-08-28 22:04:11;USR-1305;2008-04-18;M;Standard;12;1440;1200;Card;CS2;4.0;0
SESS-14699;2026-08-09 04:25:47;USR-1723;1999-12-13;m;VIP;3;0;600;Card;CS2;4.5;0
SESS-15379;2026-08-05 14:17:55;USR-1081;2004-02-04;M;;Bootcamp;8;1554;Cash;CS2;4.5;1
SESS-10356;2026-08-26 18:17:52;USR-1100;2003-04-03;M;Standard;4;0;400;App;Valorant;4.5;0
SESS-16257;2026-08-09 17:56:32;USR-1736;2009-04-01;M;Standard;3;0;300;Card;Valorant;;0
SESS-17034;2026-08-07 21:16:00;USR-1012;2006-05-26;M;VIP;2;0;400;App;Dota 2;;0
SESS-13182;2026-08-27 16:06:22;USR-1094;2004-06-11;M;VIP;3;714;540;App;CS2;4.0;1
SESS-16709;2026-08-28 19:56:00;USR-1664;1997-08-14;M;VIP;4;1610;720;Card;Browser/Work;;1
SESS-15122;2026-08-14 19:05:10;USR-1335;2006-07-04;M;;Standard;8;0;Card;CS2;;1
SESS-14415;2026-08-22 15:03:27;USR-1793;2010-09-10;M;VIP;3;120;600;Cash;Minecraft;;0
SESS-11888;2026-08-15 16:20:36;USR-1026;2004-11-05;M;Standard;4;448;360;Card;CS2;5.0;1
SESS-11522;2026-08-15 13:52:59;USR-1274;2007-02-14;M;Standard;4;0;360;Cash;CS2;;1
SESS-15936;2026-08-02 20:05:48;USR-1120;2006-07-03;M;Bootcamp;5;770;675;App;CS2;5.0;1
SESS-12479;2026-08-15 17:04:51;USR-1252;2007-11-03;M;Bootcamp;3;320;450;Card;Deadlock;;0
SESS-15370;2026-08-23 21:14:20;USR-1495;2004-10-04;M;Standard;2;0;200;App;PUBG;;0
SESS-10640;2026-08-16 16:43:38;USR-1145;2000-12-11;M;VIP;2;510;400;Card;CS2;;0
SESS-14887;2026-08-10 21:13:09;USR-1000;2005-11-15;M;Standard;2;0;200;App;Dota 2;4.5;0
SESS-15324;2026-08-15 21:23:02;USR-1290;2010-01-20;M;PS5;4;0;900;Card;Deadlock;;1
SESS-12364;2026-08-27 11:33:45;USR-1116;2003-02-05;F;PS5;3;360;750;Card;Cyberpunk 2077;4.5;0
SESS-13765;2026-08-21 16:25:04;USR-1005;1997-04-20;M;PS5;4;630;1000;Card;Cyberpunk 2077;;0
SESS-15921;08/12/2026 00:03:36;USR-1652;2004-12-09;M;VIP;8;1430;1600;App;Dota 2;4.5;0
SESS-12519;2026-08-05 07:38:19;USR-1425;2010-06-12;M;Standard;5;560;450;App;Minecraft;3.0;1
SESS-10445;2026-08-07 16:13:40;USR-1147;2012-09-13;M;Bootcamp;2;0;300;App;CS2;;0
SESS-10507;2026-08-11 14:20:55;USR-1368;2006-06-09;M;VIP;2;240;400;Card;Valorant;4.5;0
SESS-17128;2026-08-27 12:27:30;USR-1136;1993-06-01;M;Standard;2;500;200;Card;Cyberpunk 2077;4.0;0
SESS-10189;2026-08-09 02:40:18;USR-1382;2010-02-10;M;Standard;3;336;270;Cash;Dota 2;;1
SESS-12844;2026-08-13 08:50:44;USR-1611;2009-09-07;M;Standard;3;180;300;Cash;Dota 2;4.5;0
SESS-15101;2026-08-26 15:08:15;USR-1032;2009-06-21;M;Bootcamp;4;0;600;Cash;CS2;2.0;0
SESS-15115;2026-08-12 00:21:01;USR-1423;2009-08-02;M;Standard;8;672;720;Cash;Deadlock;3.0;1
SESS-14144;2026-08-15 18:11:23;USR-1468;2011-10-24;M;Bootcamp;2;0;300;Cash;CS2;4.0;0
SESS-16672;2026-08-12 16:09:44;USR-1503;2011-07-13;F;VIP;3;0;600;Cash;Valorant;3.0;0
SESS-15683;2026-08-15 02:30:04;USR-1720;2012-11-25;F;Standard;2;120;200;Cash;Dota 2;;0
SESS-14902;2026-08-18 15:57:50;USR-1138;2002-01-01;M;Standard;2;160;200;App;Deadlock;4.5;0
SESS-11029;2026-08-29 14:57:28;USR-1163;2006-01-12;M;VIP;3;0;600;App;Valorant;5.0;0
SESS-15656;2026-08-22 16:43:04;USR-1035;2007-12-13;M;Standard;4;320;400;App;CS2;;0
SESS-16766;2026-08-13 15:17:27;USR-1495;2004-10-04;M;Standard;3;0;270;Card;CS2;;1
SESS-14447;2026-08-07 01:16:08;USR-1774;2007-09-02;M;Bootcamp;12;0;1800;App;PUBG;;0
SESS-11470;2026-08-27 18:45:11;USR-1491;02.07.2012;M;VIP;4;336;720;Card;Minecraft;4.0;1
SESS-14734;2026-08-26 16:42:33;USR-1560;2007-10-06;M;Bootcamp;2;400;300;Card;Valorant;3.0;0
SESS-16473;2026-08-31 22:56:16;USR-1091;2007-11-13;M;Bootcamp;8;0;1200;App;CS2;5.0;0
SESS-12320;2026-08-07 10:51:33;USR-1056;1985-10-21;M;VIP;2;0;400;Card;PUBG;;0
SESS-12299;2026-08-25 13:36:24;USR-1723;1999-12-13;M;Standard;2;500;200;Card;Cyberpunk 2077;;0
SESS-10076;2026-08-16 12:52:48;USR-1075;2008-12-21;M;VIP;2;470;400;Card;Dota 2;;0
SESS-14865;2026-08-31 17:14:44;USR-1145;2000-12-11;M;PS5;1;330;250;Card;Dota 2;;0
SESS-13043;2026-08-23 17:03:50;USR-1035;2007-12-13;M;Bootcamp;3;784;405;Card;Dota 2;;1
SESS-12003;2026-08-31 10:51:08;USR-1375;2006-04-10;M;VIP;5;672;900;App;Apex Legends;3.0;1
SESS-14583;2026-08-22 12:17:35;USR-1340;2005-09-12;M;PS5;4;0;900;Cash;Dota 2;3.0;1
SESS-16967;2026-08-02 16:53:37;USR-1544;2003-03-06;M;VIP;1;0;200;Card;Dota 2;;0
SESS-15522;2026-08-26 14:54:18;USR-1101;1997-03-02;M;VIP;1;0;200;Card;Valorant;;0
SESS-11250;2026-08-26 15:25:40;USR-1659;2004-02-16;F;Standard;2;0;200;App;Dota 2;4.0;0
SESS-13071;2026-08-08 20:28:10;USR-1781;2006-08-24;M;Bootcamp;2;0;300;Card;Dota 2;;0
SESS-15911;2026-08-22 00:48:07;USR-1650;2004-11-18;M;Standard;12;960;1200;Card;CS2;;0
SESS-10806;2026-08-11 14:08:10;USR-1410;2006-06-22;F;VIP;3;448;540;Card;GTA V;;1
SESS-15969;08/08/2026 14:15:48;USR-1170;2001-05-18;M;Standard;4;640;400;App;CS2;4.0;0
SESS-15097;2026-08-03 21:34:47;USR-1760;2010-09-15;F;Standard;2;0;200;App;Deadlock;;0
SESS-12898;2026-08-16 17:59:29;USR-1076;2004-03-02;M;VIP;3;560;600;Card;CS2;;0
SESS-11488;2026-08-08 12:16:39;USR-1095;2005-12-26;M;Standard;4;480;400;Cash;CS2;3.0;0
SESS-10845;2026-08-05 02:57:24;USR-1031;2010-03-02;M;PS5;2;0;500;Cash;CS2;4.5;0
SESS-11421;2026-08-22 11:00:04;USR-1497;2009-07-10;M;Bootcamp;4;0;600;Cash;Minecraft;;0
SESS-10208;2026-08-21 11:42:35;USR-1039;2003-04-10;F;VIP;2;0;400;Card;Dota 2;;0
SESS-10027;2026-08-26 22:12:21;USR-1466;1998-10-16;F;PS5;3;840;750;App;Cyberpunk 2077;5.0;0
SESS-10933;2026-08-27 13:22:19;USR-1030;2023-06-15;M;Standard;999;0;400;App;Valorant;;0
SESS-15655;2026-08-07 22:54:00;USR-1286;1993-06-23;M;Bootcamp;3;660;450;App;Browser/Work;5.0;0
SESS-15625;2026-08-02 05:30:42;USR-1069;2004-01-15;M;Bootcamp;2;400;300;App;Dota 2;;0
SESS-14416;2026-08-02 15:39:57;USR-1385;1999-10-15;F;VIP;1;550;200;Card;Browser/Work;;0
SESS-15863;2026-08-30 18:59:26;USR-1139;2012-11-24;M;Standard;5;560;450;Card;CS2;4.0;1
SESS-15411;2026-08-09 19:45:54;USR-1055;2007-06-20;M;VIP;1;336;180;Card;Valorant;5.0;1
SESS-14801;2026-08-21 15:14:49;USR-1114;2010-06-11;F;PS5;1;0;250;App;Dota 2;;0
SESS-10614;2026-08-23 15:27:40;USR-1083;2009-01-17;M;Standard;8;320;800;Cash;Valorant;;0
SESS-11607;2026-08-04 17:22:44;USR-1758;2006-09-14;F;Standard;2 ч.;320;200;Card;Dota 2;4.0;0
SESS-10979;2026-08-02 07:56:35;USR-1059;2012-10-27;F;VIP;2;0;400;Cash;Dota 2;;0
SESS-10983;2026-08-29 10:47:31;USR-1780;2010-08-17;M;Bootcamp;2;80;300;Cash;CS2;3.0;0
SESS-14235;2026-08-01 08:58:02;USR-1257;2009-05-25;F;Standard;3;180;300;App;Minecraft;2.0;0
SESS-16673;2026-08-26 11:22:51;USR-1513;2003-05-15;F;VIP;2;310;400;App;Valorant;;0
SESS-13747;2026-08-09 16:08:31;USR-1697;2002-12-15;M;Bootcamp;1;160;150;Card;GTA V;;0
SESS-11053;2026-08-01 22:59:35;USR-1034;2010-09-11;F;Standard;8;0;800;App;Minecraft;4.5;0
SESS-11339;2026-08-15 14:39:13;USR-1102;2012-11-14;M;Bootcamp;4;0;600;App;CS2;;0
SESS-15405;2026-08-21 11:46:24;USR-1084;2005-03-01;F;Standard;1;80;100;App;CS2;;0
SESS-13031;2026-08-16 19:02:58;USR-1753;2007-07-27;F;Bootcamp;3;0;450;Card;Minecraft;2.0;0
SESS-10610;2026-08-19 11:03:25;USR-1489;2011-07-19;M;VIP;3;180;600;Card;Minecraft;5.0;0
SESS-12438;2026-08-14 15:51:18;USR-1084;2005-03-01;F;Standard;3;0;300;Card;Deadlock;;0
SESS-12407;2026-08-30 13:05:54;USR-1002;2012-02-08;M;Bootcamp;2;160;300;Card;CS2;4.5;0
SESS-16843;2026-08-20 15:48:54;USR-1697;2002-12-15;M;Standard;5;0;500;Card;Apex Legends;4.0;0
SESS-10662;2026-08-28 14:38:11;USR-1384;2009-05-15;M;Standard;1;0;100;App;CS2;;0
SESS-16272;2026-08-30 18:45:31;USR-1318;2011-03-19;M;Standard;3;251;270;Card;Minecraft;;1
SESS-13555;2026-08-11 19:15:51;USR-1301;2012-09-01;M;Bootcamp;4;0;540;Cash;CS2;3.0;1
SESS-17055;2026-08-16 16:04:06;USR-1557;2012-03-23;M;Standard;1;0;100;App;Dota 2;;0
SESS-11159;2026-08-18 19:35:09;USR-1243;2023-06-15;M;Standard;999;0;200;Card;Valorant;;0
SESS-12763;2026-08-01 15:58:54;USR-1428;2005-02-13;M;Standard;1;160;100;Card;CS2;5.0;0
SESS-16807;2026-08-11 19:30:45;USR-1380;2008-09-13;M;Standard;3;0;300;App;CS2;4.0;0
SESS-17101;2026-08-11 20:02:27;USR-1593;2008-03-02;M;Standard;2;0;200;Card;Dota 2;;0
SESS-13225;2026-08-08 20:00:48;USR-1138;2002-01-01;M;Standard;1;112;90;App;CS2;;1
SESS-16534;2026-08-27 00:31:44;USR-1471;2012-12-23;M;Bootcamp;12;960;1800;App;Apex Legends;1.0;0
SESS-15039;2026-08-05 17:38:51;USR-1111;1997-10-25;M;Standard;2;360;200;Card;Deadlock;4.0;0
SESS-16240;2026-08-11 20:44:06;USR-1111;1997-10-25;M;PS5;3;923;675;Card;Cyberpunk 2077;4.0;1
SESS-17057;2026-08-21 21:34:12;USR-1670;2006-02-07;M;Standard;3;672;270;Card;Dota 2;;1
SESS-11325;2026-08-16 00:22:33;USR-1099;;F;Standard;3;0;300;App;CS2;;0
SESS-11043;2026-08-29 17:36:04;USR-1129;1998-11-08;M;Standard;2;0;200;Card;CS2;;0
SESS-12228;2026-08-29 11:12:30;USR-1053;1998-05-01;M;PS5;3;1176;675;Card;CS2;;1
SESS-12890;2026-08-16 14:00:20;USR-1095;2005-12-26;M;Standard;3;0;300;Card;Dota 2;3.0;0
SESS-15678;2026-08-12 07:16:17;USR-1112;2005-08-25;M;PS5;5;0;1250;Card;CS2;4.0;0
SESS-14325;2026-08-30 20:39:24;USR-1774;2007-09-02;M;Standard;5;0;450;Card;CS2;;1
SESS-16847;2026-08-06 16:25:54;USR-1005;1997-04-20;M;Bootcamp;3;660;450;Card;Browser/Work;;0
SESS-13732;2026-08-01 10:10:43;USR-1706;2011-11-16;F;Standard;3;0;300;Card;Dota 2;;0
SESS-10453;2026-08-14 12:45:54;USR-1065;2012-05-07;F;Standard;4;320;400;App;CS2;4.0;0
SESS-10708;2026-08-24 21:53:58;USR-1275;1998-10-28;M;Standard;1;168;90;App;Valorant;;1
SESS-11332;2026-08-12 14:29:08;USR-1503;2011-07-13;F;Standard;~2;0;200;App;Valorant;4.5;0
SESS-12084;2026-08-30 09:37:33;USR-1103;2008-04-20;M;;VIP;1;224;Card;Deadlock;4.0;1
SESS-11209;2026-08-01 03:01:34;USR-1317;2004-05-12;M;Bootcamp;2;0;300;Card;CS2;;0
SESS-16180;2026-08-08 16:25:47;USR-1594;2003-05-19;F;Standard;4;480;400;Card;Dota 2;4.5;0
SESS-15428;2026-08-26 09:01:50;USR-1168;2005-04-12;M;VIP;2;400;400;Card;CS2;;0
SESS-14835;2026-08-08 18:40:40;USR-1103;2008-04-20;M;Standard;3;0;300;Card;CS2;3.0;0
SESS-13475;2026-08-17 09:14:57;USR-1102;2012-11-14;M;VIP;1;0;200;;Minecraft;;0
SESS-14290;2026-08-03 17:13:18;USR-1008;1991-02-01;F;PS5;2;650;500;Card;CS2;;0
SESS-14273;2026-08-09 14:33:46;USR-1588;2006-07-15;M;Standard;8;960;800;Card;Valorant;4.5;0
SESS-15919;2026-08-06 18:05:49;USR-1027;1997-11-04;F;Standard;4;1000;400;Card;Dota 2;;0
SESS-12317;2026-08-25 22:51:59;USR-1699;2005-02-05;F;PS5;8;1280;2000;Card;Deadlock;;0
SESS-14738;2026-08-05 18:05:47;USR-1125;2002-08-14;M;Bootcamp;2;0;300;Card;CS2;4.0;0
SESS-17100;2026-08-16 13:08:13;USR-1646;2007-12-26;F;VIP;1;240;200;Card;Dota 2;;0
SESS-12521;2026-08-27 23:00:39;USR-1760;2010-09-15;F;Bootcamp;8;480;1200;App;Deadlock;1.0;0
SESS-13742;2026-08-11 03:24:28;USR-1678;2006-12-03;M;PS5;2;240;500;Card;CS2;;0
SESS-13860;2026-08-27 15:30:35;USR-1269;2009-05-19;F;Standard;2;0;200;App;Minecraft;4.5;0
SESS-13415;2026-08-04 18:51:47;USR-1386;2012-05-08;M;Standard;3;336;270;Cash;Dota 2;2.0;1
SESS-12082;2026-08-12 08:34:54;USR-1147;2012-09-13;M;Bootcamp;1;0;135;Cash;CS2;4.0;1
SESS-10043;2026-08-15 11:00:54;USR-1615;2002-05-02;M;Bootcamp;4;790;600;Card;CS2;4.5;0
SESS-16316;2026-08-15 19:34:00;USR-1042;2004-06-10;M;Standard;2;320;200;Card;Valorant;;0
SESS-12857;2026-08-07 18:46:51;USR-1267;2004-12-08;M;Bootcamp;1;160;150;Card;CS2;4.0;0
SESS-13499;2026-08-27 15:59:11;USR-1764;2004-03-12;F;Bootcamp;3;0;405;Card;Dota 2;;1
SESS-12034;2026-08-24 09:41:33;USR-1593;2008-03-02;M;PS5;3;480;750;Card;Dota 2;4.5;0
SESS-16773;2026-08-09 19:07:10;USR-1593;2008-03-02;M;VIP;1;160;200;App;CS2;5.0;0
SESS-16300;2026-08-22 12:00:39;USR-1557;2012-03-23;M;Bootcamp;1;0;135;App;Minecraft;;1
SESS-13566;2026-08-06 14:56:08;USR-1117;2010-06-21;M;Standard;3;251;270;App;Deadlock;;1
SESS-11929;2026-08-18 23:24:58;USR-1188;2005-12-26;M;Standard;8;640;800;Card;CS2;3.0;0
SESS-14279;2026-08-31 10:48:14;USR-1312;2011-11-05;F;Standard;2;0;200;Cash;CS2;;0
SESS-12945;2026-08-08 20:42:04;USR-1068;1993-04-03;M;Bootcamp;1;270;150;Card;Deadlock;;0
SESS-13299;2026-08-19 18:42:41;USR-1767;2003-06-20;M;Bootcamp;3;560;450;Card;Apex Legends;;0
SESS-12542;2026-08-26 12:04:09;USR-1049;1997-11-16;M;VIP;1;270;200;Card;PUBG;;0
SESS-16535;2026-08-18 11:53:07;USR-1542;1990-10-16;M;VIP;2;660;400;Card;Dota 2;4.0;0
SESS-10390;2026-08-03 16:48:40;USR-1016;2005-05-28;F;Bootcamp;1;200;150;Card;CS2;;0
SESS-13737;2026-08-04 17:26:00;USR-1470;1992-02-25;M;Standard;2;0;200;Card;GTA V;;0
SESS-16701;2026-08-24 12:42:23;USR-1462;2005-11-05;M;VIP;4;1106;720;App;Deadlock;4.5;1
SESS-15076;2026-08-23 13:21:04;USR-1606;1990-02-12;M;VIP;4;0;800;Card;GTA V;;0
SESS-14880;2026-08-02 12:08:06;USR-1452;2008-06-05;M;Standard;~5;840;450;Card;Deadlock;4.5;1
SESS-10050;2026-08-23 16:51:54;USR-1348;2008-04-26;м;Bootcamp;5;0;750;Card;Deadlock;;0
SESS-16541;2026-08-11 16:03:41;USR-1438;2006-03-21;M;Bootcamp;3;510;450;Card;Valorant;;0
SESS-14157;2026-08-22 00:31:48;USR-1472;1995-11-20;M;Standard;5;0;500;App;CS2;4.0;0
SESS-10725;2026-08-28 18:50:09;USR-1434;2003-07-23;M;VIP;2;320;400;Card;CS2;;0
SESS-16806;2026-08-11 02:17:56;USR-1049;1997-11-16;M;Bootcamp;3;510;450;App;Cyberpunk 2077;;0
SESS-15758;2026-08-29 17:31:54;USR-1447;2005-02-07;M;Bootcamp;4;784;540;Card;CS2;5.0;1
SESS-15800;2026-08-01 16:38:19;USR-1058;2006-06-09;M;Standard;3;0;300;Cash;Valorant;;0
SESS-14343;2026-08-19 21:51:05;USR-1069;2004-01-15;M;PS5;2;0;500;App;Valorant;;0
SESS-13742;2026-08-11 03:24:28;USR-1678;2006-12-03;M;PS5;2;240;500;Card;CS2;;0
SESS-11618;2026-08-19 21:49:59;USR-1069;2004-01-15;M;VIP;1;0;200;Card;Valorant;;0
SESS-10135;2026-08-24 21:31:43;USR-1076;2004-03-02;M;Standard;8;640;800;Card;GTA V;;0
SESS-15948;2026-08-29 19:43:56;USR-1023;2008-04-24;F;Bootcamp;3;440;450;Card;Minecraft;5.0;0
SESS-12900;2026-08-28 14:08:07;USR-1673;2012-03-03;M;Standard;4;0;400;App;GTA V;;0
SESS-13100;2026-08-21 18:28:38;USR-1155;2010-04-23;F;Standard;1;0;100;Card;Minecraft;5.0;0
SESS-15659;2026-08-23 12:52:46;USR-1798;2003-05-06;F;Standard;2;0;200;Card;Dota 2;;0
SESS-15210;2026-08-04 15:44:10;USR-1456;2003-05-02;M;PS5;1;0;250;Card;CS2;;0
SESS-15775;2026-08-03 14:14:32;USR-1494;2005-12-24;M;Standard;8;0;720;Card;Minecraft;4.0;1
SESS-16344;2026-08-13 14:34:03;USR-1022;2000-09-26;M;PS5;5;1680;1125;Card;CS2;4.5;1
SESS-11041;2026-08-02 02:09:28;USR-1264;2010-11-04;M;Standard;3;240;300;App;Valorant;4.0;0
SESS-14137;2026-08-03 19:19:26;USR-1608;2006-06-07;M;Standard;1;80;100;Card;Dota 2;;0
SESS-10713;2026-08-13 17:20:08;USR-1649;2006-07-26;M;PS5;3;503;675;Card;Dota 2;4.0;1
SESS-16853;2026-08-13 02:25:34;USR-1680;2006-07-25;M;Standard;2;0;200;Card;Dota 2;;0
SESS-13145;2026-08-07 21:45:30;USR-1438;2006-03-21;M;Bootcamp;3;390;450;Card;Dota 2;;0
SESS-14054;2026-08-01 18:27:13;USR-1693;2012-12-06;M;Standard;1;60;100;App;CS2;;0
SESS-11770;2026-08-09 13:14:49;USR-1048;2010-12-21;M;ps5;2;0;200;Cash;Dota 2;1.0;0
SESS-12815;2026-08-26 19:00:21;USR-1701;1996-05-13;F;PS5;2;540;500;Card;CS2;;0
SESS-16667;2026-08-30 18:19:55;USR-1099;2004-01-10;F;Bootcamp;3;0;450;Card;CS2;;0
SESS-15416;2026-08-07 20:39:42;USR-1016;2005-05-28;F;Standard;2;0;200;Card;Dota 2;;0
SESS-12930;2026-08-22 12:51:33;USR-1096;2007-03-05;M;Standard;4;0;400;App;CS2;;0
SESS-11465;2026-08-24 12:51:02;USR-1091;2007-11-13;M;VIP;2;470;400;Card;Valorant;4.5;0
SESS-15237;2026-08-16 00:51:05;USR-1007;2003-09-21;M;Standard;5;0;500;Card;Cyberpunk 2077;5.0;0
SESS-15728;2026-08-16 14:09:25;USR-1315;2002-01-22;M;Standard;1;0;100;App;CS2;;0
SESS-15990;2026-08-26 15:24:32;USR-1116;2003-02-05;F;PS5;2;160;500;App;GTA V;4.5;0
SESS-16694;2026-08-26 02:35:49;USR-1015;2011-11-25;M;Standard;1;60;100;Card;Minecraft;;0
SESS-12351;2026-08-01 00:43:19;USR-1117;2010-06-21;M;VIP;8;0;1600;App;Minecraft;4.0;0
SESS-14567;2026/08/26 02:53:34;USR-1025;1997-05-13;F;VIP;1;480;200;Card;Dota 2;;0
SESS-13209;2026-08-18 22:07:58;USR-1125;2002-08-14;M;VIP;5;0;1000;Cash;Dota 2;5.0;0
SESS-16640;2026-08-19 11:14:49;USR-1183;09/05/2005;M;Standard;2;448;180;Card;Valorant;;1
SESS-15006;2026-08-19 02:47:48;USR-1338;2004-10-27;M;PS5;3;480;750;Card;Apex Legends;4.0;0
SESS-11378;2026-08-07 15:37:51;USR-1068;1993-04-03;M;VIP;4;0;800;Card;GTA V;;0
SESS-15969;08/08/2026 14:15:48;USR-1170;2001-05-18;M;Standard;4;640;400;App;CS2;4.0;0
SESS-14455;2026-08-22 17:30:27;USR-1555;2011-04-14;F;Standard;3;0;270;App;CS2;4.5;1
SESS-15200;2026-08-09 17:39:03;USR-1715;2011-06-05;M;Standard;8;448;720;Cash;Minecraft;;1
SESS-10747;2026-08-25 11:34:14;USR-1635;1996-11-22;M;PS5;2;390;500;Card;PUBG;;0
SESS-15667;2026-08-10 20:46:54;USR-1575;1996-08-27;F;Standard;1;250;100;App;Cyberpunk 2077;5.0;0
SESS-12268;2026-08-11 23:26:48;USR-1332;2004-11-09;M;Standard;8;0;800;App;CS2;;0
SESS-13783;2026-08-29 12:50:39;USR-1136;1993-06-01;M;Standard;1;250;100;Card;Cyberpunk 2077;;0
SESS-11427;2026-08-30 02:08:51;USR-1205;2003-02-15;M;Bootcamp;2;240;300;App;Valorant;;0
SESS-11377;2026-08-01 11:12:57;USR-1147;2012-09-13;M;Standard;2;80;200;App;PUBG;;0
SESS-16552;2026-08-11 16:42:23;USR-1046;2009-05-11;F;PS5;2;160;500;Cash;CS2;;0
SESS-16627;2026-08-31 14:41:28;USR-1022;2000-09-26;M;PS5;2;660;500;Card;Cyberpunk 2077;5.0;0
SESS-15793;2026-08-14 18:52:47;USR-1143;;M;PS5;3;0;750;App;Valorant;;0
SESS-14038;2026-08-21 03:58:19;USR-1159;2004-02-12;M;Bootcamp;5;1330;675;Card;Dota 2;3.0;1
SESS-13891;2026-08-22 13:23:05;USR-1439;2007-12-25;M;VIP;8;0;1600;Card;Valorant;;0
SESS-10621;2026-08-15 16:28:13;USR-1113;2005-12-17;M;Standard;8;960;800;App;Dota 2;;0
SESS-10910;2026-08-13 00:05:43;USR-1487;2006-10-22;M;Standard;8;896;720;Card;PUBG;5.0;1
SESS-11591;2026-08-19 15:07:38;USR-1155;2010-04-23;F;Standard;5;0;450;App;GTA V;;1
SESS-13494;2026-08-13 02:42:34;USR-1613;1990-05-28;M;Standard;1;0;100;App;Dota 2;;0
SESS-11185;2026-08-02 19:47:42;USR-1092;2007-02-23;M;Standard;1;0;100;Card;CS2;;0
SESS-14073;2026-08-28 13:30:06;USR-1195;2005-08-17;M;VIP;1;0;200;Card;Dota 2;;0
SESS-15106;2026-08-26 00:41:26;USR-1348;2008-04-26;M;Bootcamp;8;0;1200;Card;Deadlock;;0
SESS-12547;2026-08-14 18:16:42;USR-1531;2004-10-05;M;Standard;2;320;200;Card;Cyberpunk 2077;;0
SESS-15347;2026-08-20 14:38:14;USR-1472;1995-11-20;M;PS5;2;510;500;Card;Cyberpunk 2077;;0
SESS-12484;2026-08-01 16:30:31;USR-1639;2007-08-16;M;PS5;3;672;675;Card;PUBG;4.5;1
SESS-17121;2026-08-24 16:55:45;USR-1142;2004-11-07;M;Standard;1;0;100;App;CS2;;0
SESS-13561;2026-08-15 16:38:37;USR-1068;1886-09-20;M;PS5;999;510;750;Card;Dota 2;;0
;2026-08-28 20:17:52;USR-1118;2008-09-20;F;Standard;2;336;180;Card;CS2;;1
SESS-11879;2026-08-17 13:33:50;USR-1059;2012-10-27;F;Standard;3;0;300;App;Minecraft;;0
SESS-14454;2026-08-05 23:45:19;USR-1158;2010-12-14;F;Standard;5;0;500;Cash;CS2;;0
SESS-11219;2026-08-31 10:35:09;USR-1445;2002-01-11;F;VIP;2;0;400 руб.;App;Dota 2;;0
SESS-11725;2026-08-02 01:38:45;USR-1072;2005-05-26;m;Standard;5;0;500;Card;Deadlock;1.0;0
SESS-15641;2026-08-07 09:21:31;USR-1077;2005-03-16;M;Standard;2;0;200;Card;Dota 2;;0
SESS-15600;2026-08-19 17:29:08;USR-1084;2005-03-01;F;Standard;4;320;400;Card;CS2;4.0;0
SESS-10945;2026-08-17 12:34:46;USR-1607;2007-01-23;F;PS5;3;0;675;Card;CS2;;1
SESS-12549;2026-08-08 17:05:04;USR-1050;2008-08-14;M;Bootcamp;1;160;150;App;Dota 2;3.0;0
SESS-13257;2026-08-08 18:07:06;USR-1094;2004-06-11;M;Bootcamp;2;240;300;Card;CS2;;0
SESS-13174;2026-08-05 05:49:04;USR-1027;1997-11-04;F;VIP;2;540;400;App;CS2;;0
SESS-16488;2026-08-03 19:25:54;USR-1414;2008-04-21;M;VIP;1;0;200 руб.;App;Dota 2;;0
SESS-10224;2026-08-17 15:06:56;USR-1628;2008-10-25;F;Bootcamp;1;270;150;Card;Dota 2;;0
SESS-10697;2026-08-04 11:50:31;USR-1055;1886-09-20;M;Standard;-2;240;300;Card;Dota 2;;0
SESS-13807;2026-08-24 15:33:58;USR-1768;2006-03-08;M;Standard;2;160;200;Card;Deadlock;4.0;0
SESS-15888;2026-08-23 23:47:07;USR-1063;2008-01-18;F;VIP;8;790;1600;App;Dota 2;;0
SESS-12191;2026-08-26 10:28:13;USR-1087;2006-03-16;M;Standard;4;0;360;Card;Valorant;;1
SESS-16091;2026-08-21 15:05:24;USR-1755;1991-07-19;M;VIP;3;900;600;Card;CS2;4.5;0
SESS-12772;2026-08-27 11:54:48;USR-1751;1991-09-14;M;Bootcamp;3;690;450;Card;Cyberpunk 2077;1.0;0
SESS-13949;2026-08-18 22:02:49;USR-1726;2005-02-17;M;Bootcamp;8;0;1200;Cash;Cyberpunk 2077;3.0;0
SESS-11518;2026-08-18 18:47:42;USR-1715;2011-06-05;M;VIP;1;0;200;App;CS2;5.0;0
SESS-11880;2026-08-30 19:25:54;USR-1237;2004-01-20;M;PS5;2;160;500;Card;CS2;3.0;0
SESS-13331;2026-08-08 18:32:10;USR-1268;2006-10-23;M;Standard;3;360;300;Card;Deadlock;4.0;0
SESS-10533;2026-08-14 19:04:15;USR-1733;2007-06-21;M;PS5;1;160;250;Card;Apex Legends;4.5;0
SESS-12485;2026-08-01 17:35:50;USR-1382;2010-02-10;M;Standard;2;0;180;App;Minecraft;;1
SESS-15794;2026-08-29 03:25:41;USR-1201;2011-05-21;M;VIP;4;224;720;App;Deadlock;;1
SESS-12683;2026-08-28 20:35:22;USR-1366;2011-01-01;M;Standard;2;0;200;App;Dota 2;;0
SESS-14965;2026-08-22 22:04:06;USR-1439;2007-12-25;M;Standard;3;360;300;Card;Dota 2;4.5;0
SESS-13999;2026-08-21 13:40:27;USR-1071;2007-09-17;M;Standard;2;160;200;App;Dota 2;;0
SESS-15060;2026-08-20 17:22:27;USR-1758;2006-09-14;F;Standard;2;240;200;Card;Dota 2;;0
SESS-14961;2026-08-09 12:58:25;USR-1054;1999-10-07;F;Bootcamp;2;1120;270;Card;CS2;;1
SESS-16971;2026-08-15 11:44:10;USR-1109;2007-12-25;M;VIP;5;1232;900;Card;Apex Legends;;1
SESS-14190;2026-08-16 20:28:06;USR-1100;2003-04-03;M;Bootcamp;2;0;300;Card;CS2;;0
SESS-12071;2026-08-12 16:43:06;USR-1063;2008-01-18;F;VIP;2;0;400;Card;CS2;;0
SESS-16904;2026-08-03 21:59:42;USR-1147;2012-09-13;M;Standard;2;112;180;Card;Minecraft;;1
SESS-11224;2026-08-23 16:04:12;USR-1571;2003-01-10;M;VIP;3;560;600;Card;CS2;5.0;0
SESS-13199;2026-08-29 17:11:42;USR-1116;2003-02-05;F;Standard;1;0;100;Card;Valorant;1.0;0
SESS-11417;2026-08-14 18:06:25;USR-1700;2010-12-07;M;Standard;2;0;200;Cash;Minecraft;5.0;0
SESS-11044;2026-08-04 04:48:30;USR-1015;2011-11-25;M;Standard;2;168;18О;Cash;Deadlock;5.0;1
SESS-16491;2026-08-02 00:34:26;USR-1753;2007-07-27;F;PS5;8;0;2000;App;Dota 2;4.5;0
SESS-12007;2026-08-14 09:09:05;USR-1644;2012-07-22;F;Standard;3;120;300;Cash;Minecraft;5.0;0
SESS-16013;2026-08-29 16:32:29;USR-1282;2005-08-11;F;PS5;2;0;450;Card;Deadlock;;1
SESS-10363;2026-08-08 17:57:00;USR-1055;2007-06-20;M;PS5;2;240;500;App;Deadlock;;0
SESS-12569;2026-08-20 18:55:14;USR-1079;2003-02-01;F;Bootcamp;3;546;405;Card;CS2;;1
SESS-14788;2026-08-07 18:20:57;USR-1077;2005-03-16;M;Bootcamp;2;320;300;Card;CS2;;0
SESS-14230;2026-08-04 03:33:40;USR-1266;1995-10-12;F;Standard;12;2160;1200;Card;Cyberpunk 2077;4.5;0
SESS-13792;2026-08-14 17:13:31;USR-1508;2003-08-20;M;Standard;3;480;300;Card;GTA V;;0
SESS-13435;2026-08-22 17:26:39;USR-1646;2007-12-26;F;Standard;8;896;720;Card;Valorant;5.0;1
SESS-14136;2026-08-11 16:11:31;USR-1701;1996-05-13;F;Standard;2;500;200;App;Cyberpunk 2077;2.0;0
SESS-12220;2026-08-18 08:49:31;USR-1194;2010-08-10;M;Standard;3;0;300;Card;Minecraft;;0
SESS-11741;2026-08-26 17:40:19;USR-1424;2004-04-03;F;Standard;1;80;100;App;Dota 2;;0
SESS-16235;2026-08-18 16:44:09;USR-1302;2007-11-25;M;Standard;2;336;180;Card;CS2;;1
SESS-12699;2026-08-16 16:52:32;USR-1427;2000-01-10;M;VIP;3;714;540;Card;PUBG;4.0;1
SESS-13509;2026-08-06 11:15:38;USR-1100;2003-04-03;M;Standard;2;0;200;App;Valorant;;0
SESS-15388;2026-08-16 00:46:25;USR-1126;1997-11-08;M;VIP;2;0;400;Card;Browser/Work;4.0;0
SESS-16531;2026-08-21 10:44:55;USR-1001;2007-02-26;M;VIP;3;510;600;App;GTA V;4.0;0
SESS-11023;2026-08-30 20:07:17;USR-1406;1998-12-17;M;Standard;1;120;100;Card;CS2;;0
SESS-12488;2026-08-28 16:38:19;USR-1546;;M;Bootcamp;2;0;300;App;Dota 2;;0
SESS-13184;2026-08-08 10:46:49;USR-1062;2012-09-01;M;Standard;3;0;300;App;CS2;;0
SESS-17076;2026-08-01 20:30:35;USR-1004;2006-01-08;M;VIP;3;616;540;App;Apex Legends;;1
SESS-16431;2026-08-30 15:46:07;USR-1589;1998-03-23;M;PS5;3;660;750;Card;PUBG;;0
SESS-10143;2026-08-12 18:58:52;USR-1082;2004-05-06;F;Bootcamp;2;310;300;Card;Deadlock;;0
SESS-11728;2026-08-10 10:09:07;USR-1079;2003-02-01;F;Standard;2;0;200;App;Dota 2;;0
SESS-15901;2026-08-02 06:51:06;USR-1646;2007-12-26;F;Standard;3;336;270;App;Dota 2;;1
SESS-11917;2026-08-11 18:21:52;USR-1521;2010-02-13;M;Standard;3;168;270;App;CS2;4.5;1
SESS-15778;2026-08-22 17:01:58;USR-1584;2011-09-26;M;Standard;2;120;200;Cash;Minecraft;;0
SESS-11942;2026-08-29 21:18:52;USR-1199;07/24/2006;M;Standard;3;672;270;App;CS2;5.0;1
SESS-13359;2026-08-15 19:50:13;USR-1690;2002-01-05;M;Standard;1;0;100;Card;CS2;;0
SESS-13063;2026-08-08 23:09:17;USR-1044;1999-09-01;M;VIP;5;1050;1000;Card;Deadlock;4.5;0
SESS-15249;2026-08-14 22:39:22;USR-1643;2002-07-25;M;Bootcamp;5;0;750;App;Dota 2;4.5;0
SESS-13279;2026-08-01 22:19:38;USR-1556;2005-04-09;M;Bootcamp;2;400;300;App;Dota 2;;0
SESS-14079;2026-08-11 05:10:47;USR-1044;1999-09-01;M;Standard;1;0;100;Card;CS2;;0
SESS-16053;2026-08-26 22:02:00;USR-1342;1992-07-05;M;VIP;8;1554;1440;Card;CS2;4.5;1
SESS-14064;2026-08-03 14:33:46;USR-1658;2010-03-07;M;Standard;4;224;360;Cash;Valorant;3.0;1
SESS-11137;2026-08-22 14:34:01;USR-1028;2008-11-24;M;Bootcamp;5;1232;675;App;Dota 2;4.0;1
SESS-11143;2026-08-15 15:04:47;USR-1069;2004-01-15;M;Bootcamp;3;390;450;Card;Dota 2;;0
SESS-15468;2026-08-08 20:50:20;USR-1155;2010-04-23;F;Bootcamp;2;80;300;Cash;Minecraft;;0
SESS-14058;2026-08-01 09:23:36;USR-1322;2011-04-03;M;Bootcamp;2;0;300;Card;Minecraft;4.0;0
SESS-13455;2026-08-17 17:32:05;USR-1234;2012-05-15;M;Standard;2;0;200;App;Dota 2;;0
SESS-13148;2026-08-19 09:07:27;USR-1528;2011-06-05;M;Standard;3;0;270;App;CS2;4.5;1
SESS-16876;2026-08-13 05:21:43;USR-1506;2011-09-23;M;Standard;2;80;200;Cash;Deadlock;;0
SESS-12103;2026-08-12 13:25:09;USR-1281;2008-06-22;M;Bootcamp;8;0;1080;Card;PUBG;4.0;1
SESS-14390;2026-08-24 08:47:33;USR-1216;2002-01-27;M;Bootcamp;2;390;300;Card;CS2;;0
SESS-13973;2026-08-07 10:25:30;USR-1156;2009-04-26;M;Bootcamp;3;240;450;App;CS2;4.0;0
SESS-10326;2026-08-01 20:50:13;USR-1739;2009-06-08;M;VIP;1;60;200;Cash;Dota 2;;0
SESS-14623;2026-08-21 13:48:18;USR-1785;1997-05-20;F;VIP;5;0;900;Card;PUBG;;1
SESS-15459;2026-08-30 11:13:20;USR-1051;2005-01-12;M;VIP;2;0;400;App;Dota 2;;0
SESS-11506;2026-08-22 00:45:06;USR-1372;2000-03-21;M;VIP;3;0;600;Card;CS2;;0
SESS-13912;2026-08-07 16:15:14;USR-1301;2012-09-01;M;Standard;3;0;300;App;Deadlock;1.0;0
SESS-14516;2026-08-29 13:10:19;USR-1455;2010-07-28;M;Standard;2;0;200;App;CS2;3.0;0
SESS-16987;2026-08-26 16:36:39;USR-1048;2010-12-21;M;VIP ;1;0;100;Card;CS2;;0
SESS-16039;2026-08-20 19:37:22;USR-1191;2006-10-27;F;VIP;2;320;400;Cash;Dota 2;;0
SESS-11656;2026-08-08 21:57:26;USR-1462;2005-11-05;M;Standard;2;240;200;Cash;CS2;;0
SESS-12798;2026-08-15 09:19:41;USR-1103;2008-04-20;M;Standard;12;0;1200;Card;PUBG;;0
SESS-16221;2026-08-03 17:53:04;USR-1258;2006-10-13;M;VIP;2;0;400;Cash;CS2;;0
SESS-14241;2026-08-27 17:22:13;USR-1060;1990-02-23;M;PS5;1;0;250;Card;Dota 2;;0
SESS-14262;2026-08-07 14:50:11;USR-1548;2009-01-20;M;Bootcamp;5;280;675;App;CS2;;1
SESS-17052;2026-08-24 21:21:57;USR-1481;2012-01-04;F;Standard;2;80;200;Cash;Minecraft;3.0;0
SESS-10767;2026-08-11 16:37:57;USR-1071;2007-09-17;M;Bootcamp;5;1330;675;App;Minecraft;4.5;1
SESS-15219;2026-08-17 07:37:17;USR-1228;2007-07-03;M;VIP;1;240;200;App;CS2;;0
SESS-12396;2026-08-16 16:12:53;USR-1239;2009-07-17;M;PS5;2;0;500;App;CS2;;0
SESS-12027;2026-08-13 10:51:25;USR-1706;2011-11-16;F;VIP;5;420;900;App;GTA V;5.0;1
SESS-17008;2026-08-02 21:27:37;USR-1104;2003-04-21;F;VIP;4;0;720;Card;Dota 2;4.5;1
SESS-15410;2026-08-25 16:47:57;USR-1027;1997-11-04;F;VIP;1;0;200;Card;Cyberpunk 2077;5.0;0
SESS-10827;2026-08-01 02:34:22;USR-1730;2012-04-06;M;Standard;3;240;300;Card;CS2;3.0;0
SESS-14786;2026-08-09 01:18:14;USR-1202;2004-09-21;F;VIP;8;0;1600;Card;Cyberpunk 2077;4.5;0
SESS-10952;2026-08-24 10:39:35;USR-1044;1999-09-01;M;Bootcamp;2;540;300;Card;Dota 2;;0
SESS-10095;2026-08-27 20:08:09;USR-1013;2012-02-18;M;Standard;1;0;100;Card;CS2;;0
SESS-15299;2026-08-16 17:14:29;USR-1545;1987-06-01;M;Standard;2;500;200;App;Dota 2;4.0;0
SESS-12494;2026-08-09 08:32:14;USR-1178;2011-04-10;M;Bootcamp;2;0;300;Card;CS2;;0
SESS-15638;2026-08-08 11:34:50;USR-1433;1989-05-28;F;VIP;2;390;400;Card;Cyberpunk 2077;;0
SESS-13493;2026-08-07 19:48:15;USR-1341;2011-07-21;M;Bootcamp;2;0;300;App;CS2;;0
SESS-10605;2026-08-21 10:20:35;USR-1036;2004-09-28;M;Standard;5;600;500;Card;Dota 2;4.0;0
SESS-14202;2026-08-19 17:26:55;USR-1325;2012-04-06;M;PS5;3;0;675;App;GTA V;5.0;1
SESS-12916;2026-08-03 13:52:21;USR-1737;2004-08-16;M;VIP;5;950;1000;App;Valorant;;0
SESS-15240;2026-08-26 09:48:22;USR-1254;2007-02-23;M;VIP;2;390;400;App;CS2;;0
SESS-11486;2026-08-18 19:20:54;USR-1215;05/16/2007;M;Bootcamp;2;0;300;Card;Dota 2;;0
SESS-16778;2026-08-18 15:45:58;USR-1064;2006-08-21;F;Standard;2;0;200;Card;Valorant;;0
SESS-12256;2026-08-06 21:44:47;USR-1421;1998-04-13;M;Standard;1;0;100;Card;CS2;;0
SESS-12434;2026-08-27 17:56:44;USR-1548;2009-01-20;M;VIP;3;336;540;Card;Minecraft;4.5;1
SESS-16377;2026-08-26 14:45:39;USR-1095;2005-12-26;M;;Bootcamp;3;560;Card;Valorant;4.0;0
SESS-13417;2026-08-16 17:13:56;USR-1049;1997-11-16;M;Standard;1;120;100;Cash;Cyberpunk 2077;;0
SESS-10974;2026-08-21 17:21:03;USR-1696;2004-04-13;M;PS5;1;80;250;App;CS2;5.0;0
SESS-10430;2026-08-02 10:33:42;USR-1236;2012-01-11;F;Standard;1;40;100;App;Minecraft;4.0;0
SESS-14531;2026-08-01 18:10:30;USR-1036;2004-09-28;M;Bootcamp;4;0;540;Card;Dota 2;;1
SESS-16977;2026-08-29 18:47:53;USR-1577;1995-03-03;M;PS5;4;1218;900;Card;Cyberpunk 2077;4.5;1
SESS-12560;2026-08-01 12:07:22;USR-1008;1991-02-01;F;Standard;8;2800;720;Card;Cyberpunk 2077;4.5;1
SESS-12620;2026-08-02 01:11:09;USR-1007;2003-09-21;M;Bootcamp;12;0;1800;Card;CS2;;0
SESS-14207;2026-08-02 13:42:42;USR-1150;2003-04-24;M;VIP;1;0;200;Card;Dota 2;;0
SESS-10325;2026-08-22 18:01:19;USR-1481;2012-01-04;F;Standard;1;0;100;Card;Dota 2;;0
SESS-14008;2026-08-11 17:51:49;USR-1762;2006-09-25;M;Standard;4;320;400;Card;Minecraft;4.5;0
SESS-13755;2026-08-29 02:18:39;USR-1137;2005-01-22;M;PS5;2;160;500;Card;Valorant;5.0;0
SESS-12601;2026-08-19 15:40:12;USR-1089;2002-06-04;f;Bootcamp;2;0;300;Card;Dota 2;5.0;0
;2026-08-19 13:33:40;USR-1447;2005-02-07;M;Standard;3;360;300;Card;CS2;4.0;0
SESS-13270;2026-08-11 06:25:32;USR-1682;2005-01-18;M;Standard;3;480;300;Card;CS2;;0
SESS-10295;2026-08-25 18:02:02;USR-1153;2006-11-27;M;PS5;2;240;500;App;CS2;;0
SESS-15168;2026-08-26 20:11:44;USR-1316;1988-06-07;M;Bootcamp;2;390;300;App;GTA V;4.5;0
SESS-14604;2026-08-29 11:18:05;USR-1391;2005-03-11;M;PS5;8;0;1800;Card;Deadlock;5.0;1
SESS-16214;2026-08-14 12:11:16;USR-1020;2011-09-06;M;Standard;4;0;360;Cash;CS2;5.0;1
SESS-14070;2026-08-29 15:02:39;USR-1048;2010-12-21;M;Standard;1;80;100;Cash;CS2;;0
SESS-10257;2026-08-29 14:26:47;USR-1346;1992-02-19;M;VIP;2;0;400;App;PUBG;;0
SESS-12428;2026-08-02 17:58:07;USR-1514;2008-04-05;M;Bootcamp;1;240;150;App;Dota 2;;0
SESS-14465;2026-08-14 18:09:45;USR-1322;2011-04-03;1;Standard;1;0;100;App;Minecraft;;0
SESS-15042;2026-08-22 19:35:21;USR-1535;2008-07-10;M;Standard;2;160;200;Card;CS2;;0
SESS-14536;2026-08-22 15:37:37;USR-1519;1996-11-27;F;VIP;5;1680;900;App;Dota 2;4.5;1
SESS-16513;2026-08-23 18:31:37;USR-1595;1991-02-26;M;VIP;2;510;400;Card;Cyberpunk 2077;;0
SESS-13853;2026-08-30 13:08:01;USR-1172;2011-08-20;M;Standard;3;168;270;;PUBG;5.0;1
SESS-12433;2026-08-01 20:52:45;USR-1547;2008-10-14;M;PS5;3;480;750;Card;CS2;;0
SESS-14115;2026-08-14 18:24:07;USR-1435;2001-06-18;F;Bootcamp;1;200;150;Cash;CS2;4.5;0
SESS-11009;2026-08-28 13:25:37;USR-1331;2007-03-24;M;Bootcamp;2;0;270;Card;CS2;;1
SESS-15509;2026-08-12 12:35:47;USR-1485;2011-05-10;F;Standard;2;0;200;App;CS2;;0
SESS-10093;2026-08-28 13:39:03;USR-1017;1994-02-15;M;PS5;4;1428;900;Card;GTA V;;1
SESS-15927;2026-08-29 20:12:39;USR-1107;2011-02-22;M;PS5;2;0;500;App;Valorant;4.0;0
SESS-15420;2026-08-07 16:05:35;USR-1486;2010-10-17;M;Bootcamp;3;0;450;Cash;Deadlock;;0
SESS-11549;2026-08-29 22:07:40;USR-1414;2008-04-21;M;Standard;2;240;200;App;Valorant;4.5;0
SESS-10219;2026-08-24 21:56:43;USR-1204;2004-11-11;M;VIP;3;0;600;Card;Minecraft;;0
SESS-14479;2026-08-30 20:49:33;USR-1083;2009-01-17;M;Standard;2;0;200;Cash;CS2;3.0;0
SESS-11075;2026-08-26 15:57:32;USR-1003;2008-10-26;M;Standard;3;0;300;App;Deadlock;;0
SESS-16363;2026-08-15 18:20:15;USR-1053;1998-05-01;M;Bootcamp;12;4410;1620;App;Deadlock;4.5;1
SESS-11140;2026-08-07 13:07:33;USR-1479;2002-01-21;M;Standard;2;320;200;Card;Valorant;4.5;0
SESS-14284;2026-08-10 07:08:48;USR-1647;2004-06-27;M;VIP;2;0;400;Card;Valorant;5.0;0
SESS-11210;2026-08-25 20:34:35;USR-1157;2005-06-14;M;VIP;2;400;400;Card;Valorant;5.0;0
SESS-10302;2026-08-15 12:38:05;USR-1766;1994-08-05;M;VIP;2;0;400;Card;CS2;;0
SESS-13134;2026-08-01 16:58:32;USR-1134;2004-08-26;M;Standard;2;0;200 руб.;App;Apex Legends;;0
SESS-10012;2026-08-28 11:40:29;USR-1337;2009-03-21;M;Standard;1;80;100;Cash;CS2;;0
SESS-16634;2026-08-22 04:24:54;USR-1074;2004-09-03;M;VIP;2;310;400;App;Dota 2;;0
SESS-16603;2026-08-31 14:38:58;USR-1106;1997-11-09;M;VIP;1;270;200;Card;GTA V;;0
SESS-13238;2026-08-11 19:27:29;USR-1120;2006-07-03;M;Bootcamp;2;390;300;Card;CS2;;0
SESS-14164;2026-08-29 21:36:53;USR-1134;2004-08-26;M;Bootcamp;4;784;540;App;Dota 2;4.0;1
SESS-16825;2026-08-23 21:42:47;USR-1408;1994-03-23;M;PS5;2;0;500;Cash;Dota 2;;0
SESS-10137;2026-08-27 21:27:52;USR-1506;2023-06-15;M;Bootcamp;-2;120;300;Cash;Minecraft;;0
SESS-15906;2026-08-17 19:40:05;USR-1132;2008-09-20;M;Standard;2;160;200;Card;CS2;;0
SESS-15048;2026-08-21 12:51:21;USR-1054;1999-10-07;F;Standard;2;0;200 руб.;Card;CS2;3.0;0
SESS-16665;2026-08-14 02:49:07;USR-1549;2005-11-12;M;VIP;2;390;400;Card;GTA V;3.0;0
SESS-15373;2026-08-20 23:35:24;USR-1553;2010-07-20;F;PS5;8;0;1800;App;CS2;;1
SESS-10098;2026-08-02 12:14:57;USR-1151;1994-06-23;M;Standard;3;0;300;Card;Dota 2;4.0;0
SESS-15861;2026-08-13 17:55:23;USR-1114;2010-06-11;F;Bootcamp;2;0;300;Card;GTA V;4.0;0
SESS-11623;2026-08-08 08:52:43;USR-1512;2009-10-07;M;Standard;4;240;400;Cash;CS2;;0
SESS-16153;2026-08-23 11:54:00;USR-1078;1995-10-22;F;Standard;4;672;360;Card;PUBG;5.0;1
SESS-14523;2026-08-17 00:07:42;USR-1554;2006-03-21;M;Bootcamp;2;320;300;Card;Valorant;1.0;0
SESS-13099;2026-08-27 13:51:57;USR-1292;1993-12-24;F;VIP;2;0;400;Card;Dota 2;;0
SESS-15769;2026-08-29 10:24:21;USR-1086;2011-03-02;M;Standard;2;0;200;Cash;CS2;;0
SESS-14002;2026-08-14 10:36:39;USR-1063;2008-01-18;F;Bootcamp;3;560;450;App;CS2;4.0;0
SESS-11449;2026-08-11 19:26:51;USR-1366;2011-01-01;M;Bootcamp;3;336;405;App;Valorant;;1
SESS-13880;2026-08-01 20:03:36;USR-1491;2012-07-02;M;Standard;2;0;200;Card;PUBG;;0
SESS-13969;2026-08-22 17:13:40;USR-1521;2010-02-13;M;Standard;3;0;300;App;CS2;;0
SESS-16978;2026-08-14 16:24:04;USR-1355;2003-03-22;M;Bootcamp;3;714;405;Card;CS2;4.5;1
SESS-14776;2026-08-25 08:19:54;USR-1050;2008-08-14;M;VIP;1;0;200;Card;Dota 2;;0
SESS-12269;2026-08-09 15:57:35;USR-1647;2004-06-27;M;Bootcamp;2;240;300;Card;Deadlock;;0
SESS-15722;2026-08-07 09:06:59;USR-1343;2005-03-24;M;Standard;1;160;100;App;Apex Legends;;0
SESS-11589;2026-08-29 13:24:54;USR-1293;2004-07-12;M;Bootcamp;3;510;450;Card;Dota 2;;0
SESS-11248;2026-08-02 21:39:02;USR-1353;2006-08-23;M;Standard;1;0;100;Card;Apex Legends;;0
SESS-11714;2026-08-22 19:00:31;USR-1206;2003-07-25;M;Standard;3;0;300;Cash;Deadlock;;0
SESS-13202;2026-08-02 20:47:56;USR-1051;2005-01-12;M;VIP;3;0;600;Card;CS2;;0
SESS-15881;2026-08-20 17:22:15;USR-1215;2007-05-16;M;Standard;1;0;100;Card;CS2;;0
SESS-15020;2026-08-04 14:41:30;USR-1371;2006-04-08;M;VIP;2;434;360;App;PUBG;;1
SESS-11258;2026-08-10 22:49:16;USR-1528;2011-06-05;M;Standard;3;0;300;App;Minecraft;1.0;0
SESS-12604;2026-08-20 19:04:51;USR-1186;1996-11-01;M;Bootcamp;2;0;3ОО;Card;Cyberpunk 2077;4.0;0
SESS-14928;2026-08-05 20:33:46;USR-1642;1989-12-23;M;Bootcamp;4;1610;540;Card;Dota 2;4.0;1
SESS-10049;2026-08-11 18:35:00;USR-1735;2006-08-14;M;Standard;4;480;400;App;Dota 2;;0
SESS-13156;2026-08-06 12:28:14;USR-1079;2003-02-01;F;Bootcamp;1;230;150;App;PUBG;;0
SESS-14715;2026-08-18 13:20:35;USR-1462;2005-11-05;M;Standard;2;0;200;Card;Deadlock;5.0;0
SESS-12328;2026-08-03 17:06:27;USR-1149;2006-12-05;M;PS5;3;360;750;Card;Deadlock;4.0;0
SESS-11474;2026-08-31 18:14:14;USR-1262;2006-01-15;F;Bootcamp;4;560;600;Card;CS2;4.5;0
SESS-10994;2026-08-25 22:10:36;USR-1002;2012-02-08;M;VIP;5;0;1000;Card;CS2;;0
SESS-14937;2026-08-04 00:30:15;USR-1395;2009-08-08;M;Standard;8;0;800;Card;Minecraft;3.0;0
SESS-10502;2026-08-27 15:56:12;USR-1099;2004-01-10;F;Standard;3;672;270;App;Dota 2;4.0;1
SESS-11478;2026-08-23 18:19:16;USR-1093;1995-09-19;M;PS5;2;660;500;Card;CS2;4.5;0
SESS-13769;2026-08-26 22:08:23;USR-1013;2012-02-18;M;Bootcamp;8;0;1080;App;CS2;4.5;1
SESS-13171;08/01/2026 18:14:27;USR-1079;2003-02-01;F;Standard;2;160;200;Cash;Valorant;4.5;0
SESS-12755;2026-08-01 14:03:30;USR-1112;2005-08-25;M;Bootcamp;4;400;600;App;Dota 2;4.5;0
SESS-16051;2026-08-17 12:48:58;USR-1577;1995-03-03;м;PS5;4;1218;900;Card;PUBG;5.0;1
SESS-10413;2026-08-01 18:29:20;USR-1491;2012-07-02;M;Standard;3;0;300;App;Minecraft;;0
SESS-12740;2026-08-14 18:41:26;USR-1147;2012-09-13;M;Standard;5;0;500;Card;Dota 2;;0
SESS-14602;2026-08-17 16:38:38;USR-1518;2007-03-09;M;Standard;2;0;200;Card;Dota 2;;0
SESS-15845;2026-08-26 12:37:27;USR-1092;2007-02-23;M;Standard;2;0;200;Card;Valorant;;0
SESS-13578;2026-08-04 16:22:30;USR-1534;2002-03-25;M;Bootcamp;3;0;405;Card;Dota 2;4.5;1
SESS-10890;2026-08-17 21:16:15;USR-1020;2011-09-06;M;VIP;1;40;200;App;Dota 2;;0
SESS-15954;2026-08-05 18:13:19;USR-1280;1997-06-08;M;VIP;2;909;360;Card;GTA V;4.0;1
SESS-16782;2026-08-18 21:22:57;USR-1683;1993-12-17;F;VIP;2;510;400;Card;CS2;4.5;0
SESS-12431;2026-08-15 19:57:48;USR-1126;1997-11-08;M;Standard;4;1000;400;Card;Cyberpunk 2077;4.0;0
SESS-13108;2026-08-15 15:34:07;USR-1269;2009-05-19;F;Standard;3;0;300;Card;Minecraft;4.5;0
SESS-14330;2026-08-15 08:18:31;USR-1106;;M;Standard;4;0;400;Cash;CS2;;0
SESS-11340;2026-08-07 02:33:43;USR-1317;2004-05-12;M;Bootcamp;2;400;300;Card;Valorant;4.0;0
SESS-12038;2026-08-12 12:57:36;USR-1048;2010-12-21;M;Bootcamp;4;320;600;Cash;Minecraft;4.5;0
SESS-10232;2026-08-29 15:40:37;USR-1413;2001-06-20;M;Bootcamp;1;310;150;Card;Dota 2;4.0;0
SESS-16768;2026-08-23 15:06:38;USR-1731;1998-02-04;M;VIP;2;0;400;Card;CS2;;0
SESS-12540;2026-08-27 23:35:07;USR-1797;2007-11-07;M;Bootcamp;3;0;450;App;CS2;4.5;0
SESS-11232;2026-08-06 20:56:02;USR-1079;2003-02-01;F;VIP;3;0;600;Card;CS2;4.5;0
SESS-14431;2026-08-08 21:39:32;USR-1084;2005-03-01;F;Bootcamp;4;560;540;Card;Dota 2;5.0;1
SESS-12252;2026-08-02 10:26:09;USR-1091;2007-11-13;M;Bootcamp;1;310;150;Card;Deadlock;;0
SESS-10546;2026-08-04 13:54:28;USR-1043;2007-04-22;M;VIP;2;470;400;Card;Dota 2;4.5;0
SESS-10690;2026-08-11 19:45:16;USR-1145;2000-12-11;M;VIP;2;800;400;Card;CS2;;0
SESS-16237;2026-08-05 17:17:00;USR-1079;2003-02-01;F;;Standard;3;0;App;Dota 2;;0
SESS-10571;2026-08-08 00:45:19;USR-1238;2008-11-08;M;Standard;5;800;500;App;Dota 2;4.5;0
SESS-12667;2026-08-04 18:20:38;USR-1724;2010-03-04;F;Standard;2;0;200;App;CS2;;0
SESS-10436;2026-08-26 19:34:30;USR-1559;2005-09-19;M;Standard;2;240;200;App;Dota 2;4.5;0
SESS-13634;2026-08-28 17:11:48;USR-1427;2000-01-10;M;Bootcamp;4;1610;540;Card;PUBG;;1
SESS-10235;2026-08-30 12:39:32;USR-1152;2004-07-27;M;Standard;4;672;360;Card;Apex Legends;;1
SESS-16271;2026-08-11 15:52:09;USR-1623;2010-04-05;M;Bootcamp;3;0;450;App;Dota 2;3.0;0
SESS-16496;2026-08-20 18:54:49;USR-1727;04/28/2001;M;VIP;4;0;800;Card;CS2;;0
SESS-14370;2026-08-14 07:54:34;USR-1078;1995-10-22;F;Standard;4;1400;360;Card;Dota 2;3.0;1
SESS-14784;2026-08-16 10:35:59;USR-1317;2004-05-12;M;Standard;2;0;200;Card;CS2;;0
SESS-15979;2026-08-15 08:45:10;USR-1134;2004-08-26;M;Standard;2;0;200;Cash;CS2;;0
SESS-15496;2026-08-16 19:24:42;USR-1656;2003-11-06;M;VIP;4;784;720;Card;GTA V;;1
SESS-10917;2026-08-15 12:17:02;USR-1463;2003-05-07;M;Bootcamp;3;390;450;App;Minecraft;;0
SESS-13788;2026-08-15 00:20:55;USR-1476;2007-07-12;M;Standard;5;800;500;App;CS2;4.5;0
SESS-10070;2026-08-08 16:16:39;USR-1595;1991-02-26;M;Standard;1;0;100;App;Dota 2;;0
SESS-10547;2026-08-11 17:14:40;USR-1268;2006-10-23;M;Standard;1;80;100;Card;Deadlock;;0
SESS-16347;2026-08-21 17:58:28;USR-1232;2000-03-24;M;PS5;2;0;450;App;Cyberpunk 2077;;1
SESS-17130;2026-08-17 01:26:32;USR-1403;2004-05-06;M;VIP;5;480;1000;App;Valorant;;0
SESS-10103;2026-08-05 19:45:15;USR-1061;2003-09-11;M;Bootcamp;1;0;150;Card;CS2;;0
SESS-12903;2026-08-26 19:49:05;USR-1497;2009-07-10;M;VIP;3;0;540;App;CS2;;1
SESS-10676;2026-08-05 16:59:36;USR-1057;2002-08-25;M;Bootcamp;3;0;450;Card;CS2;;0
SESS-16294;2026-08-31 12:02:33;USR-1164;2009-01-06;M;Standard;4;224;360;App;CS2;4.5;1
SESS-16651;2026-08-29 12:15:06;USR-1142;2004-11-07;M;Bootcamp;1;0;150;Cash;Valorant;4.0;0
SESS-11642;2026-08-28 10:46:41;USR-1695;2006-09-10;M;PS5;1;160;250;Card;Dota 2;4.5;0
SESS-13005;2026-08-03 13:46:39;USR-1415;;M;Standard;2;0;200;Cash;CS2;;0
SESS-11647;2026-08-26 16:08:41;USR-1563;1992-06-16;M;PS5;4;1428;900;Card;PUBG;;1
SESS-12634;2026-08-27 08:22:16;USR-1714;2004-09-13;M;VIP;2;470;400;App;Dota 2;;0
SESS-11632;2026-08-28 23:11:30;USR-1019;1993-10-21;M;Bootcamp;12;0;1800;App;CS2;;0
SESS-16158;2026-08-11 16:58:45;USR-1103;2008-04-20;M;Standard;8;640;800;Card;Dota 2;2.0;0
SESS-12592;2026-08-08 19:32:03;USR-1137;2005-01-22;M;Standard;3;360;300;App;Dota 2;4.5;0
SESS-13453;2026-08-21 21:39:57;USR-1193;2012-06-23;M;Standard;1;0;100;Cash;CS2;4.0;0
SESS-13603;2026-08-09 10:21:27;USR-1113;2005-12-17;M;Standard;3;360;300;App;Cyberpunk 2077;;0
SESS-16658;2026-08-29 19:48:48;USR-1541;2011-11-17;M;Bootcamp;3;0;450;Cash;Valorant;;0
SESS-12973;2026-08-13 19:03:29;USR-1047;2005-09-11;M;VIP;2;470;400;Cash;Valorant;;0
SESS-13402;2026-08-29 20:02:55;USR-1381;2005-07-15;F;VIP;2;0;400;App;CS2;;0
SESS-14546;2026-08-13 03:57:18;USR-1059;2012-10-27;F;Standard;2;0;200;Card;Valorant;4.0;0
SESS-15946;2026-08-30 10:12:17;USR-1718;1994-09-16;M;Standard;1;250;100;Card;Browser/Work;;0
SESS-16101;2026-08-09 15:56:13;USR-1062;2012-09-01;M;VIP;2;0;400;App;CS2;;0
SESS-15287;2026-08-13 22:35:30;USR-1181;2003-01-07;F;Standard;8;1280;800;Card;Valorant;;0
SESS-14955;2026-08-07 12:11:30;USR-1125;2002-08-14;m;PS5;1;160;250;Card;Dota 2;4.5;0
SESS-11710;2026-08-24 11:13:13;USR-1065;2012-05-07;F;Standard;3;180;300;Cash;Dota 2;4.0;0
SESS-17084;2026-08-27 17:18:58;USR-1015;2011-11-25;M;Bootcamp;2;0;300;App;Apex Legends;;0
SESS-16902;2026-08-04 20:00:16;USR-1044;1999-09-01;M;VIP;1;270;200;Card;Deadlock;;0
SESS-16109;2026-08-21 22:43:54;USR-1461;2010-06-09;M;Standard;8;672;720;Card;Valorant;4.0;1
SESS-14638;2026-08-16 00:20:57;USR-1329;2001-05-11;M;Standard;12;0;1200;Card;Dota 2;4.5;0
SESS-13460;2026-08-28 18:59:29;USR-1135;2012-06-13;M;Standard;3;180;300;Card;Apex Legends;2.0;0
SESS-11342;2026-08-21 21:55:55;USR-1015;2011-11-25;M;Standard;3;240;300;Cash;Valorant;4.0;0
SESS-10577;2026-08-20 05:12:29;USR-1116;2003-02-05;F;VIP;2;0;360;Cash;Dota 2;;1
SESS-12983;2026-08-10 19:44:28;USR-1021;2004-07-25;M;Bootcamp;3;0;450;Card;CS2;5.0;0
SESS-13426;2026-08-30 20:15:59;USR-1660;2011-07-03;M;Standard;3;0;270;Card;CS2;;1
SESS-15608;2026-08-11 19:23:57;USR-1066;1994-01-05;M;VIP;3;840;600;App;Dota 2;4.5;0
SESS-14303;2026-08-12 09:50:37;USR-1010;1991-07-05;F;PS5;2;540;500;Card;Dota 2;;0
SESS-14630;2026-08-03 10:35:41;USR-1154;2000-02-18;M;Bootcamp;3;714;405;App;Dota 2;2.0;1
SESS-14682;08/19/2026 14:35:07;USR-1403;2004-05-06;M;VIP;1;0;200;Card;Dota 2;4.0;0
SESS-16655;2026-08-28 17:25:26;USR-1772;2005-07-01;M;Standard;2;320;200;Card;CS2;3.0;0
SESS-12509;2026-08-14 17:15:58;USR-1092;2007-02-23;M;Standard;1;80;100;App;Dota 2;;0
SESS-11254;2026-08-02 02:23:34;USR-1442;2005-01-20;M;PS5;4;640;1000;App;Cyberpunk 2077;;0
SESS-13714;2026-08-06 21:55:01;USR-1627;1990-04-25;M;VIP;2;540;400;Card;CS2;;0
SESS-11204;2026-08-18 14:38:18;USR-1100;2003-04-03;M;Bootcamp;4;1007;540;Card;PUBG;;1
SESS-14406;2026-08-07 22:26:15;USR-1619;2007-10-26;M;VIP;8;1106;1440;Card;Valorant;5.0;1
SESS-12318;2026-08-15 14:11:23;USR-1094;11.06.2004;M;Bootcamp;3;546;405;Card;Dota 2;;1
SESS-10097;2026-08-31 19:08:52;USR-1097;2010-04-26;M;Standard;4;320;400;App;Apex Legends;4.0;0
SESS-16112;2026-08-27 21:53:55;USR-1316;1988-06-07;M;VIP;4;1020;800;Card;GTA V;4.0;0
;2026-08-04 21:52:35;;2011-07-03;M;Standard;3;180;300;Card;Deadlock;3.0;0
SESS-14445;2026-08-05 21:32:04;USR-1733;2007-06-21;M;Standard;1;0;100;Card;Valorant;;0
SESS-13272;2026-08-01 11:59:08;USR-1233;2008-10-06;M;Standard;1;0;100;App;GTA V;;0
SESS-16394;2026-08-30 19:45:01;USR-1755;1991-07-19;M;VIP;1;330;200;Card;Dota 2;;0
SESS-15362;2026-08-14 14:36:43;USR-1216;2002-01-27;M;VIP;4;0;800;App;Deadlock;4.0;0
SESS-13630;2026-08-22 15:56:40;USR-1562;2002-10-20;M;VIP;3;0;600;App;CS2;;0
SESS-16018;2026-08-21 12:11:35;USR-1085;2000-03-10;M;Bootcamp;2;650;300;Card;Browser/Work;;0
SESS-13301;2026-08-01 20:55:53;USR-1017;1994-02-15;M;Bootcamp;3;510;450;Card;Cyberpunk 2077;;0
SESS-10744;2026-08-29 13:57:26;USR-1052;2007-01-01;M;PS5;~1;120;250;App;Valorant;;0
SESS-15852;2026-08-22 20:16:57;USR-1163;2006-01-12;M;VIP;3;784;540;Card;Dota 2;5.0;1
SESS-16538;2026-08-18 19:18:36;USR-1657;2005-07-10;M;Bootcamp;1;240;150;Card;Dota 2;4.0;0
SESS-13285;2026-08-16 22:16:54;USR-1151;1994-06-23;M;Standard;12;3000;1200;Card;GTA V;5.0;0
SESS-16247;2026-08-22 15:54:40;USR-1286;2023-06-15;M;VIP;-2;0;200;Card;Dota 2;5.0;0
SESS-15272;2026-08-15 17:03:42;USR-1778;2008-07-11;м;Bootcamp;4;790;600;Card;Valorant;;0
SESS-15829;2026-08-13 11:51:38;USR-1167;2004-04-20;M;Standard;1;0;90;Card;CS2;;1
SESS-12386;2026-08-13 19:17:19;USR-1385;1999-10-15;F;Bootcamp;2;390;300;Card;GTA V;;0
SESS-11726;2026-08-28 22:31:36;USR-1506;2011-09-23;M;Standard;3;0;300;App;Minecraft;;0
SESS-14951;2026-08-29 15:51:19;USR-1155;2010-04-23;F;Bootcamp;3;0;450;App;CS2;4.5;0
SESS-11842;2026-08-03 22:55:54;USR-1714;2004-09-13;M;Bootcamp;8;1903;1080;Card;CS2;3.0;1
SESS-10345;2026-08-24 17:01:32;USR-1620;2011-02-02;M;Standard;2;0;200;Cash;Dota 2;4.5;0
SESS-15965;2026-08-23 16:13:29;USR-1570;2008-09-03;F;Bootcamp;2;470;300;Card;CS2;;0
SESS-16835;2026-08-30 12:27:43;USR-1087;2006-03-16;M;Standard;1;160;100;Card;Dota 2;;0
SESS-12831;2026-08-09 12:14:41;USR-1206;2003-07-25;M;Bootcamp;4;790;600 ₽;App;CS2;4.5;0
SESS-12204;17.08.2026 21:28:09;USR-1600;2005-07-17;M;VIP;1;0;200;App;Deadlock;4.5;0
SESS-14781;2026-08-23 23:45:55;USR-1792;2008-06-16;F;Standard;8;1280;800;Cash;CS2;4.0;0
SESS-13957;2026-08-15 15:56:17;USR-1525;2005-01-17;M;VIP;1;160;200;Cash;Dota 2;;0
SESS-15724;2026-08-22 10:29:44;USR-1004;2006-01-08;M;Standard;2;320;200;App;CS2;;0
SESS-12111;2026-08-08 20:32:20;USR-1685;1993-04-26;F;Standard;4;1000;400;Card;GTA V;;0
SESS-11380;2026-08-01 13:14:03;USR-1120;2006-07-03;M;Bootcamp;4;658;540;Card;Dota 2;;1
SESS-10934;2026-08-26 14:57:52;USR-1646;2007-12-26;F;Bootcamp;2;0;300;Card;Dota 2;;0
SESS-11333;2026-08-08 20:56:40;USR-1005;1997-04-20;M;VIP;5;1550;1000;App;Dota 2;4.5;0
SESS-16780;2026-08-14 03:27:10;USR-1078;1995-10-22;F;Bootcamp;12;3234;1620;Card;PUBG;4.5;1
SESS-15540;2026-08-12 20:56:07;USR-1622;1998-02-02;M;PS5;2;0;500;Card;Dota 2;;0
SESS-13940;2026-08-09 19:49:49;USR-1197;2007-12-20;M;Standard;12;2688;1080;Card;Dota 2;;1
SESS-11429;2026-08-07 16:43:21;USR-1118;2008-09-20;F;Standard;2;0;200;Card;Dota 2;3.0;0
SESS-12323;2026-08-01 19:11:05;USR-1318;2011-03-19;M;Standard;3;0;300;App;Valorant;4.5;0
SESS-15169;2026-08-13 18:37:30;USR-1150;2003-04-24;M;Standard;~5;560;450;Card;CS2;5.0;1
SESS-14322;2026-08-09 02:12:56;USR-1515;2007-01-14;M;Standard;2;0;200;App;Deadlock;;0
SESS-16160;2026-08-28 15:15:25;USR-1543;2010-11-12;M;Bootcamp;2;120;300;Card;CS2;1.0;0
SESS-16668;2026-08-08 20:33:17;USR-1494;2005-12-24;M;Standard;2;224;180;App;CS2;;1
SESS-11464;2026-08-04 13:40:57;USR-1151;1994-06-23;M;Bootcamp;1;480;150;Card;Cyberpunk 2077;;0
SESS-10068;2026-08-25 06:06:21;USR-1036;2004-09-28;M;VIP;3;630;600;App;Dota 2;;0
SESS-13667;2026-08-12 21:26:56;USR-1215;2007-05-16;M;Bootcamp;2;400;300;Cash;Deadlock;;0
SESS-15121;2026-08-01 15:33:57;USR-1055;2007-06-20;M;VIP;3;630;600;Card;Valorant;;0
SESS-13637;2026-08-20 16:43:12;USR-1628;2008-10-25;F;Bootcamp;5;770;675;App;Dota 2;;1
SESS-14555;2026-08-17 20:04:45;USR-1060;1990-02-23;M;VIP;4;0;720;Card;GTA V;4.0;1
SESS-13329;2026-08-25 20:51:20;USR-1075;2008-12-21;M;Bootcamp;2;0;300;App;CS2;;0
SESS-15593;2026-08-03 23:08:35;USR-1048;2010-12-21;M;Standard;12;0;1200;App;Dota 2;4.0;0
SESS-13354;2026-08-15 09:38:09;USR-1042;2004-06-10;M;Standard;2;336;180;Cash;Deadlock;4.5;1
SESS-14223;2026-08-01 12:20:15;USR-1180;2012-05-05;M;Standard;3;180;300;Card;Minecraft;5.0;0
SESS-14312;2026-08-25 19:29:14;USR-1796;2011-02-13;M;Standard;3;251;270;App;Minecraft;;1
SESS-12897;2026-08-14 13:51:37;USR-1562;2002-10-20;M;Standard;8;640;800;Card;Deadlock;;0
SESS-14589;2026-08-23 12:31:30;USR-1517;2009-04-09;M;Standard;5;400;500;App;Minecraft;3.0;0
SESS-15271;2026-08-06 13:39:37;USR-1121;2008-02-21;M;Standard;3;360;300;Card;Dota 2;;0
SESS-14456;2026-08-03 15:54:09;USR-1782;2010/04/14;M;Standard;1;80;100;App;CS2;;0
SESS-14945;2026-08-30 17:13:33;USR-1500;2012-09-28;M;Standard;1;0;90;Card;Minecraft;3.0;1
SESS-12424;2026-08-31 18:11:27;USR-1289;2007-10-10;M;Standard;2;320;200;Card;Apex Legends;3.0;0
SESS-14959;2026-08-18 11:31:44;USR-1149;2006-12-05;M;PS5;2;320;500;Card;Dota 2;5.0;0
SESS-13638;2026-08-13 16:33:52;USR-1367;2008-06-11;M;Bootcamp;8;0;1080;Card;CS2;5.0;1
SESS-12946;2026-08-21 14:39:09;USR-1684;2008-10-14;M;Bootcamp;3;510;450;Cash;GTA V;;0
SESS-10393;2026-08-14 15:15:32;USR-1312;2011-11-05;F;Bootcamp;2;0;300;App;Valorant;;0
SESS-15436;2026-08-22 17:55:10;USR-1016;2005-05-28;F;Standard;4;672;360;Cash;CS2;5.0;1
SESS-15343;2026-08-04 14:58:46;USR-1066;1994-01-05;M;VIP;5;1400;1000;Card;Dota 2;5.0;0
SESS-14643;2026-08-20 13:58:59;USR-1438;2006-03-21;M;Bootcamp;1;0;150;Card;CS2;;0
SESS-14219;2026-08-26 23:14:27;USR-1477;2005-07-07;F;Standard;8;0;720;Card;CS2;4.5;1
SESS-16386;2026-08-20 17:52:31;USR-1005;1997-04-20;M;PS5;5;1260;1125;Card;Browser/Work;4.0;1
SESS-11616;2026-08-12 19:34:41;USR-1205;2003-02-15;M;Bootcamp;5;672;675;App;Dota 2;4.5;1
SESS-10562;2026-08-07 14:44:54;USR-1388;2004-05-07;M;VIP;2;0;400;Card;Valorant;;0
SESS-16584;2026-08-15 23:06:25;USR-1642;1989-12-23;M;VIP;8;0;1440;App;CS2;5.0;1
SESS-12289;2026-08-19 15:30:50;USR-1018;2002-11-17;M;Bootcamp;1;0;150;Card;Dota 2;;0
SESS-14732;2026-08-21 20:16:56;USR-1043;2007-04-22;M;Standard;3;336;270;App;Valorant;4.5;1
SESS-11745;2026-08-13 16:00:53;USR-1160;2001-07-16;F;Bootcamp;1;310;150;Cash;Valorant;4.5;0
SESS-16036;2026-08-29 12:45:33;USR-1055;2007-06-20;M;;PS5;1;80;Card;CS2;5.0;0
SESS-16105;2026-08-21 23:29:50;USR-1120;2006-07-03;M;Bootcamp;8;790;1200;Cash;CS2;3.0;0
SESS-16910;2026-08-30 12:43:26;USR-1612;2012-07-16;M;Bootcamp;2;160;300;Cash;Minecraft;4.5;0
SESS-16406;2026-08-24 19:59:19;USR-1767;2003-06-20;M;Standard;3;0;300;Card;PUBG;;0
SESS-17106;2026-08-25 12:09:38;USR-1019;1993-10-21;M;PS5;3;1470;675;Card;Cyberpunk 2077;;1
SESS-10480;2026-08-02 17:27:19;USR-1107;2011-02-22;M;Standard;8;0;800;Cash;Minecraft;;0
SESS-14861;2026-08-16 22:04:31;USR-1543;2010-11-12;M;Bootcamp;12;0;1620;Cash;Minecraft;;1
SESS-15543;2026-08-17 02:56:49;USR-1708;2008-03-08;M;PS5;3;336;675;Card;Valorant;;1
SESS-11424;2026-08-01 19:48:26;USR-1188;2005-12-26;M;Standard;2;0;200;Cash;CS2;;0
SESS-10170;2026-08-27 14:45:12;USR-1636;2004-03-21;M;Standard;3;480;300;Card;Minecraft;3.0;0
SESS-15987;2026-08-27 14:13:25;USR-1060;1990-02-23;M;Bootcamp;2;0;300;Card;Deadlock;;0
SESS-14520;2026-08-12 10:11:47;USR-1481;2012-01-04;F;Standard;3;0;300;Cash;Dota 2;;0
SESS-16283;2026-08-27 19:55:54;USR-1154;2000-02-18;M;Standard;3;540;300 руб.;Card;GTA V;;0
SESS-13463;2026-08-05 16:50:13;USR-1187;2004-03-01;M;PS5;2;320;500;Card;Deadlock;5.0;0
SESS-15660;2026-08-07 18:50:43;USR-1115;2001-08-07;M;VIP ;8;1106;1080;Card;Cyberpunk 2077;3.0;1
SESS-14143;2026-08-04 14:53:03;USR-1570;2008-09-03;F;Bootcamp;4;0;600;Cash;Dota 2;;0
SESS-16508;2026-08-02 19:24:39;USR-1695;2006-09-10;M;Standard;3;0;300;Card;CS2;;0
SESS-10132;2026-08-30 21:11:40;USR-1107;2011-02-22;M;Bootcamp;4;0;600;App;Apex Legends;4.5;0
SESS-15050;2026-08-15 18:36:09;USR-1736;2009-04-01;M;Standard;2;0;200;App;CS2;;0
SESS-11715;2026-08-10 08:15:45;USR-1269;2009-05-19;F;Bootcamp;2;0;300;App;CS2;;0
SESS-16418;2026-08-22 18:41:36;USR-1019;1993-10-21;M;PS5;1;400;250;Card;CS2;4.5;0
SESS-11359;2026-08-19 19:25:33;USR-1013;2012-02-18;M;Standard;1;40;100;App;CS2;;0
SESS-15854;2026-08-07 13:49:09;USR-1129;1886-09-20;M;PS5;-2;1680;1125;Cash;PUBG;5.0;1
SESS-12978;2026-08-09 18:29:55;USR-1489;2011-07-19;M;PS5;2;120;500;App;CS2;;0
SESS-12094;2026-08-16 20:42:18;USR-1147;2012-09-13;M;Standard;5;0;500;App;Valorant;1.0;0
SESS-16372;2026-08-26 20:21:47;USR-1143;2007-06-16;M;VIP;2;400;400;Card;CS2;4.0;0
SESS-11811;2026-08-03 08:41:11;USR-1317;2004-05-12;M;Standard;1;0;100;Card;Apex Legends;;0
SESS-12594;2026-08-08 22:39:38;USR-1041;1992-05-02;M;VIP;8;2150;1600;Card;Dota 2;4.5;0
SESS-14186;2026-08-02 06:44:50;USR-1023;2008-04-24;F;PS5;3;480;750;Card;Dota 2;2.0;0
SESS-11066;2026-08-13 15:07:39;USR-1366;2011-01-01;M;Standard;1;40;100;App;CS2;;0
SESS-13531;2026-08-27 17:32:38;USR-1699;2005-02-05;F;VIP;8;720;1600;Cash;Valorant;;0
SESS-15844;2026-08-30 21:18:11;USR-1119;2003-06-06;F;PS5;5;600;1250;Card;Apex Legends;5.0;0
SESS-16872;2026-08-14 19:10:08;USR-1466;1998-10-16;F;VIP;2;0;400;Card;Cyberpunk 2077;;0
SESS-13261;2026-08-14 19:20:20;USR-1252;2007-11-03;M;Standard;8;0;800;App;CS2;3.0;0
SESS-12218;2026-08-29 13:16:39;USR-1120;2006-07-03;M;Standard;3;336;270;Card;Valorant;;1
SESS-11309;2026-08-16 21:03:27;USR-1297;2006-01-15;M;PS5;1;160;250;Card;CS2;;0
SESS-10290;2026-08-30 00:07:07;USR-1223;2010-02-18;M;Standard;8;0;800;App;CS2;3.0;0
SESS-13307;2026-08-29 16:40:21;USR-1123;1995-12-22;M;PS5;2;0;500;App;Cyberpunk 2077;;0
SESS-14065;2026-08-24 20:37:39;USR-1738;2012-03-17;M;Standard;3;0;300;Cash;CS2;4.5;0
SESS-13349;2026-08-29 16:21:38;USR-1733;2007-06-21;M;Standard;3;240;300;App;Apex Legends;3.0;0
SESS-14318;2026-08-23 14:54:05;USR-1213;2006-10-12; M ;Standard;5;800;500;App;CS2;5.0;0
SESS-15628;2026-08-31 22:25:58;USR-1039;2003-04-10;F;VIP;2;0;400;Card;Dota 2;5.0;0
SESS-15541;2026-08-13 17:37:12;USR-1142;2004-11-07;M;VIP;2;310;400;App;Valorant;4.0;0
SESS-15908;2026-08-06 16:17:28;USR-1152;2004-07-27;M;Bootcamp;5;1232;675;App;CS2;4.5;1
SESS-10672;2026-08-16 14:54:10;USR-1234;2012-05-15;M;Standard;8;672;720;Cash;Valorant;;1
SESS-11221;2026-08-02 11:08:53;USR-1323;2001-12-14;M;Standard;2;0;200;Card;Deadlock;4.0;0
SESS-12742;2026-08-23 22:17:30;USR-1631;2007-08-07;F;Bootcamp;8;1040;1200;Card;CS2;;0
SESS-10679;2026-08-08 15:03:08;USR-1486;2010-10-17;M;Standard;2;0;200;Card;CS2;;0
SESS-13283;2026-08-15 21:57:23;USR-1130;2011-08-14;M;Standard;8;0;800;Cash;Valorant;;0
SESS-11235;2026-08-09 23:14:47;USR-1109;2007-12-25;M;Standard;5;600;500;App;PUBG;;0
SESS-11349;2026-08-28 21:02:39;USR-1015;2011-11-25;M;Bootcamp;2;0;270;App;Dota 2;;1
SESS-14927;2026-08-20 22:40:06;USR-1302;2007-11-25;M;PS5;12;1344;2700;Card;CS2;4.5;1
SESS-10552;2026-08-28 17:03:16;USR-1745;1992-10-09;M;VIP;1;0;200;Card;Dota 2;;0
SESS-11286;2026-08-29 02:33:06;USR-1537;2012-08-26;M;Standard;1;80;100;Cash;CS2;;0
SESS-17010;2026-08-19 23:16:33;USR-1165;1999-09-15;M;PS5;3;0;750;App;PUBG;;0
SESS-12159;2026-08-28 19:53:21;USR-1263;2005-12-11;M;Standard;1;80;100;Card;Dota 2;;0
SESS-11853;2026-08-01 19:48:43;USR-1134;2004-08-26;M;Bootcamp;5;0;675;Card;CS2;5.0;1
SESS-16714;2026-08-12 09:36:57;USR-1138;2002-01-01;M;Standard;2;160;200;Card;Dota 2;4.0;0
SESS-12522;2026-08-19 20:40:45;USR-1011;2007-06-06;M;VIP;2;546;360;Card;Dota 2;;1
SESS-16365;2026-08-17 21:04:14;USR-1045;2006-03-25;F;Standard;1;0;100;Card;Deadlock;;0
SESS-16050;2026-08-09 14:31:06;USR-1741;1998-10-22;F;Standard;4;0;400;Card;Cyberpunk 2077;4.0;0
SESS-16702;2026-08-28 15:51:13;USR-1441;1994-02-24;M;VIP;2;0;400;Card;CS2;;0
SESS-16521;2026-08-05 20:40:19;USR-1050;2008-08-14;M;Bootcamp;3;510;450;Card;Valorant;3.0;0
SESS-13233;2026-08-15 21:19:05;USR-1088;2004-05-15;M;Standard;2;224;180;App;Valorant;5.0;1
SESS-12809;2026-08-22 15:27:39;USR-1208;2008-08-12;m;VIP;5;0;1000;App;PUBG;4.5;0
SESS-14354;2026-08-17 15:06:53;USR-1660;2011-07-03;M;PS5;2;80;500;App;PUBG;5.0;0
SESS-15081;2026-08-21 19:27:52;USR-1401;2002-10-03;M;Standard;3;336;270;App;Valorant;4.0;1
SESS-13065;2026-08-27 21:05:56;USR-1422;2006-09-19;M;Bootcamp;3;560;450;Card;Valorant;4.0;0
SESS-16428;2026-08-09 20:01:21;USR-1580;2010-05-09;F;Standard;5;280;450;App;GTA V;4.5;1
SESS-16710;2026-08-14 15:47:40;USR-1033;2008-06-16;M;VIP;4;1007;720;Card;CS2;5.0;1
SESS-17115;2026-08-22 14:20:50;USR-1306;2007-01-28;M;Standard;2;0;200;App;CS2;5.0;0
SESS-16755;2026-08-09 21:55:22;USR-1354;2006-11-15;M;Bootcamp;2;0;300;Card;CS2;4.0;0
SESS-11308;2026-08-15 12:38:51;USR-1776;;M;Bootcamp;4;0;600;App;CS2;;0
SESS-14068;2026-08-22 19:46:42;USR-1705;2006-01-08;F;;Standard;2;240;Card;CS2;3.0;0
SESS-14660;2026-08-11 16:16:41;USR-1140;2006-12-27;F;VIP;2;0;400;Card;CS2;;0
SESS-10431;2026-08-06 20:05:35;USR-1412;2009-12-06;M;VIP;2;0;400;Card;Dota 2;;0
SESS-14712;2026-08-30 10:40:48;USR-1036;2004-09-28;M;Standard;3;503;270;Card;Dota 2;;1
SESS-15109;2026-08-15 01:54:32;USR-1034;2010-09-11;F;Standard;5;0;500;App;CS2;4.0;0
SESS-10289;2026-08-12 15:45:53;USR-1184;2009-10-09;M;Standard;2;0;200;Cash;Minecraft;;0
SESS-10402;2026-08-28 09:43:46;USR-1142;2004-11-07;M;PS5;2;0;500;Card;CS2;5.0;0
SESS-14569;08/24/2026 12:12:37;USR-1145;2000-12-11;M;VIP;3;0;600;Card;Dota 2;4.5;0
SESS-11895;2026-08-14 14:18:15;USR-1586;2007-02-03;M;VIP;2;0;400;Cash;CS2;;0
SESS-15596;2026-08-20 17:26:44;USR-1587;2005-10-11;F;Bootcamp;2;470;300;App;Deadlock;;0
SESS-14831;2026-08-15 16:29:02;USR-1035;2007-12-13;M;Bootcamp;1;230;150;App;CS2;;0
SESS-13702;2026-08-13 14:57:56;USR-1603;2010-12-22;M;Standard;5;420;450;App;Dota 2;;1
SESS-10762;2026-08-02 17:54:34;USR-1401;2002-10-03;M;Bootcamp;4;0;540;App;Dota 2;4.5;1
SESS-12276;2026-08-16 17:42:52;USR-1792;2008-06-16;F;Standard;1;120;100;App;Dota 2;;0
SESS-10303;2026-08-14 11:45:30;USR-1032;2009-06-21;M;Bootcamp;1;60;150;App;Minecraft;4.5;0
SESS-11270;2026-08-27 13:23:46;USR-1139;2012-11-24;M;Standard;4;0;360;Cash;CS2;4.0;1
SESS-13654;2026-08-22 23:06:06;USR-1703;2005-01-04;M;PS5;12;0;3000;Card;Dota 2;;0
SESS-13945;2026-08-13 18:16:17;USR-1158;2010-12-14;F;Standard;2;0;180;Card;Valorant;4.5;1
SESS-16800;2026-08-13 17:34:52;USR-1354;2006-11-15;M;VIP;2;320;400;Card;Apex Legends;5.0;0
SESS-10080;2026-08-01 15:57:35;USR-1445;2002-01-11;F;Standard;5;840;450;Card;Dota 2;;1
SESS-12412;2026-08-28 18:50:27;USR-1000;2005-11-15;M;Standard;3;360;300;Card;Valorant;;0
SESS-16734;2026-08-08 21:18:25;USR-1370;2007-12-16;M;Standard;1;0;100;Card;CS2;;0
SESS-14919;2026-08-24 13:39:42;USR-1120;2006-07-03;M;PS5;3;0;750;Card;Valorant;4.0;0
SESS-15235;2026-08-19 01:30:30;USR-1076;2004-03-02;M;Bootcamp;12;1040;1800;Card;PUBG;;0
SESS-15736;2026-08-22 19:02:25;USR-1049;1997-11-16;M;Standard;1;0;100;Card;PUBG;3.0;0
SESS-13324;2026-08-25 02:28:28;USR-1642;1989-12-23;M;Bootcamp;5;1260;675;Card;CS2;;1
SESS-12658;2026-08-29 14:29:29;USR-1607;2007-01-23;F;Bootcamp;2;400;300;Card;CS2;5.0;0
SESS-15137;2026-08-17 22:32:59;USR-1350;2012-12-04;M;VIP;5;280;900;App;CS2;4.0;1
SESS-11280;2026-08-21 19:31:28;USR-1075;2008-12-21;M;VIP ;3;480;300;Card;Dota 2;;0
SESS-16922;2026-08-12 11:00:32;USR-1723;1999-12-13;M;VIP;8;1260;1600;Card;Cyberpunk 2077;4.0;0
SESS-14575;2026-08-08 21:46:23;USR-1545;1987-06-01;M;PS5;3;1050;750;Card;CS2;3.0;0
SESS-14228;2026-08-26 01:16:58;USR-1241;1992-12-03;M;VIP;5;0;1000;Card;PUBG;4.5;0
SESS-10871;2026-08-27 18:16:15;USR-1713;2005-09-25;M;Bootcamp;2;470;300;App;Dota 2;3.0;0
SESS-15217;2026-08-25 18:08:08;USR-1067;2006-04-02;M;PS5;2;0;500;Cash;Deadlock;;0
SESS-10362;2026-08-23 21:56:39;USR-1718;1994-09-16;M;VIP;2;390;400;Card;CS2;;0
SESS-16674;2026-08-16 10:58:32;USR-1122;2004-02-05;M;Standard;2;0;200;App;Valorant;;0
SESS-14803;2026-08-01 10:35:27;USR-1642;1989-12-23;M;Standard;2;0;200;Card;PUBG;;0
SESS-14335;2026-08-24 14:38:20;USR-1160;1886-09-20;F;Standard;999;320;400;App;Dota 2;;0
SESS-15183;2026-08-25 17:16:52;USR-1105;2008-12-10;M;Bootcamp;5;951;675;App;Dota 2;4.0;1
SESS-13726;2026-08-05 16:11:08;USR-1606;1990-02-12;M;VIP;1;330;200;Card;GTA V;;0
SESS-10870;2026-08-29 14:53:56;USR-1472;1995-11-20;M;PS5;8;2300;2000;Card;CS2;4.0;0
SESS-11651;2026-08-26 13:16:13;USR-1620;2011-02-02;M;PS5;2;0;500;Card;CS2;;0
SESS-11294;2026-08-09 15:01:28;USR-1115;2001-08-07;M;Bootcamp;2;0;300;Card;Valorant;;0
SESS-14158;2026-08-04 20:35:56;USR-1126;1997-11-08;M;Standard;1;250;100;Card;CS2;3.0;0
SESS-16034;2026-08-12 08:07:11;USR-1265;2010-01-24;M;Standard;2;80;200;App;Valorant;4.5;0
SESS-14439;2026-08-30 20:12:22;USR-1083;2009-01-17;M;Standard;2;0;200;Cash;CS2;;0
SESS-15504;2026-08-14 20:41:24;USR-1101;1997-03-02;M;Standard;1;120;100;Card;Dota 2;;0
SESS-12469;2026-08-09 12:34:58;USR-1397;1995-11-04;M;PS5;1;400;250;Card;GTA V;;0
SESS-14120;2026-08-20 09:39:49;USR-1077;2005-03-16;M;Standard;3;360;300;Card;CS2;3.0;0
SESS-16070;2026-08-26 23:35:39;USR-1158;2010-12-14;F;Standard;8;320;800;App;CS2;5.0;0
SESS-13009;2026-08-29 12:05:00;USR-1091;2007-11-13;M;PS5;4;0;1000;App;CS2;5.0;0
SESS-16131;2026-08-20 18:22:15;USR-1005;;M;Standard;3;0;300;App;CS2;;0
SESS-13051;2026-08-13 10:12:52;USR-1351;2012-06-13;M;Bootcamp;3;0;45О;Card;Valorant;;0
SESS-11928;2026-08-14 16:44:00;USR-1148;1993-02-16;M;Standard;2;0;200;Card;Valorant;;0
SESS-11384;2026-08-08 14:47:34;USR-1786;2010-02-08;M;Standard;1;0;100;App;Apex Legends;;0
SESS-14876;2026-08-02 08:41:03;USR-1601;2010-08-01;F;Standard;2;120;200;App;Dota 2;4.0;0
SESS-13528;2026-08-07 22:44:48;USR-1077;2005-03-16;M;Standard;8;0;800;App;CS2;4.0;0
SESS-10857;2026-08-22 15:34:42;USR-1115;2001-08-07;M;Standard;2;0;200;Card;Dota 2;4.0;0
SESS-11903;2026-08-23 21:14:59;USR-1018;2002-11-17;M;VIP;2;320;400;Card;CS2;;0
SESS-15763;2026-08-24 23:03:47;USR-1371;2006-04-08;M;VIP;12;0;2400;Card;GTA V;;0
SESS-14551;2026-08-08 17:13:08;USR-1362;2007-07-04;F;Standard;1;0;100;Card;Dota 2;;0
SESS-10468;2026-08-26 21:56:41;USR-1150;2003-04-24;M;Bootcamp;2;0;300;Card;Apex Legends;;0
SESS-10543;2026-08-16 18:14:53;USR-1023;2008-04-24;F;Bootcamp;1;160;150;App;Dota 2;4.5;0
SESS-12357;2026-08-15 23:47:22;USR-1121;2008-02-21;M;Bootcamp;12;2128;1620;Card;CS2;4.5;1
SESS-12235;2026-08-16 17:28:16;USR-1364;2012-04-23;M;Standard;5;0;450;Card;PUBG;4.0;1
SESS-10624;2026-08-01 21:29:51;USR-1643;2002-07-25;M;Standard;1;0;100;App;Deadlock;5.0;0
SESS-13604;2026-08-07 20:36:55;USR-1561;2006-05-15;M;PS5;2;160;500;Card;Deadlock;5.0;0
SESS-10021;2026-08-17 13:13:28;USR-1464;2004-11-01;M;Bootcamp;2;400;300;App;Deadlock;4.0;0
SESS-14685;2026-08-21 08:06:03;USR-1481;2012-01-04;F;Standard;2;120;200;Card;Dota 2;;0
SESS-16889;2026-08-27 15:52:24;USR-1284;2012-02-26;M;Standard;1;0;100;Cash;Dota 2;;0
SESS-16241;2026-08-23 20:06:19;USR-1587;2005-10-11;F;Standard;2;240;200;App;CS2;;0
SESS-12706;2026-08-25 11:02:55;USR-1357;1992-05-25;M;Standard;4;0;400;App;PUBG;4.0;0
SESS-14910;2026-08-18 14:31:35;USR-1195;2005-08-17;M;Standard;2;320;200;Card;CS2;;0
SESS-15056;2026-08-17 21:28:41;USR-1235;2010-05-08;M;Standard;2;0;200;App;CS2;;0
SESS-16841;2026-08-07 01:48:25;USR-1201;2011-05-21;M;Standard;12;720;1200;Card;Minecraft;4.0;0
SESS-10794;2026-08-31 17:00:15;USR-1412;2009-12-06;M;Standard;1;0;100;Cash;Dota 2;4.5;0
SESS-11283;2026-08-02 16:28:31;USR-1484;2003-06-05;F;Standard;2;0;200;Card;Dota 2;;0
SESS-11548;2026-08-05 10:52:09;USR-1013;2012-02-18;M;VIP;3;120;600;Cash;CS2;5.0;0
SESS-10712;2026-08-16 22:22:02;USR-1687;2004-01-25;M;Bootcamp;8;1040;1200;Card;PUBG;4.5;0
SESS-10261;2026-08-22 13:08:32;USR-1317;2004-05-12;M;VIP;4;0;720;Card;CS2;;1
SESS-14349;2026-08-23 20:30:01;USR-1005;1997-04-20;M;VIP;2;0;400;Card;GTA V;;0
SESS-13590;2026-08-14 16:47:13;USR-1054;1999-10-07;F;Standard;1;180;100;Card;Deadlock;5.0;0
SESS-10937;2026-08-09 20:58:13;USR-1064;2006-08-21;F;Standard;2;240;200;Card;CS2;4.5;0
SESS-10071;2026-08-10 14:53:24;USR-1748;2004-02-07;M;Standard;2;0;200;Card;Dota 2;;0
SESS-14474;2026-08-30 21:10:55;USR-1087;2006-03-16;M;Standard;2;320;200;App;Dota 2;4.5;0
SESS-16460;2026-08-22 21:19:47;USR-1205;2003-02-15;M;Bootcamp;3;0;450;Cash;CS2;;0
SESS-14574;2026-08-12 17:35:53;USR-1376;2003-07-08;M;VIP;1;0;200;Card;CS2;4.0;0
SESS-13549;2026-08-09 17:06:29;USR-1069;2004-01-15;M;Standard;2;160;200;Card;Deadlock;4.0;0
SESS-12843;2026-08-15 16:32:28;USR-1668;1990-01-06;M;VIP;1;400;200;Card;PUBG;;0
SESS-16608;2026-08-03 19:46:39;USR-1479;2002-01-21;M;VIP;2;320;400;Cash;Deadlock;;0
SESS-10887;2026-08-25 18:23:32;USR-1089;2002-06-04; F ;Bootcamp;4;1106;540;Card;CS2;4.5;1
SESS-11295;2026-08-06 12:58:28;USR-1231;2005-11-24;M;VIP;1;0;200;App;Valorant;;0
SESS-10013;2026-08-04 20:36:45;USR-1121;2008-02-21;M;VIP;2;310;400;App;CS2;4.5;0
SESS-11805;2026-08-09 14:17:25;USR-1362;2007-07-04;F;Bootcamp;12;2800;1620;Card;Dota 2;5.0;1
SESS-14062;2026-08-09 17:41:21;USR-1020;2011-09-06;M;VIP;2;160;400;Card;Valorant;;0
SESS-10750;2026-08-24 12:58:05;USR-1271;2009-10-10;M;Standard;1;80;100;App;Valorant;4.0;0
SESS-15453;2026-08-05 14:12:14;USR-1137;2005-01-22;M;Standard;3;336;270;Cash;Apex Legends;4.5;1
SESS-12312;2026-08-23 18:39:56;USR-1159;2004-02-12;M;PS5;4;448;900;Card;CS2;;1
SESS-13799;2026-08-19 16:42:36;USR-1049;1997-11-16;M;VIP;1;550;200;Card;Cyberpunk 2077;4.5;0
SESS-16420;2026-08-22 16:10:46;USR-1724;2010-03-04;F;Bootcamp;1;0;150;Cash;CS2;;0
SESS-10726;2026-08-08 20:17:43;USR-1448;2008-08-23;M;Bootcamp;2;310;300;Card;Valorant;4.0;0
SESS-10677;2026-08-12 08:47:22;USR-1448;2008-08-23;M;Bootcamp;2;0;300;Card;CS2;;0
SESS-15422;2026-08-16 01:05:31;USR-1093;1995-09-19;M;Bootcamp;5;1400;750;App;Dota 2;5.0;0
SESS-16407;2026-08-18 18:02:02;USR-1054;1999-10-07;F;Standard;2;360;200;Card;Dota 2;5.0;0
SESS-15352;2026-08-29 18:49:42;USR-1193;2012-06-23;M;VIP;5;0;1000;Card;Valorant;4.0;0
SESS-11188;2026-08-08 15:59:43;USR-1113;2005-12-17;M;Bootcamp;1;0;150;Card;CS2;;0
SESS-11400;2026-08-09 18:21:22;USR-1262;2006-01-15;F;Standard;4;0;400;Card;Dota 2;;0
SESS-16625;2026-08-31 15:59:58;USR-1108;03/19/2005;M;Standard;3;480;300;App;Minecraft;;0
SESS-17017;2026-08-07 13:26:38;USR-1725;2004-08-20;M;PS5;2;320;500;App;Apex Legends;4.0;0
SESS-16754;2026-08-11 16:06:38;USR-1368;2006-06-09;M;PS5;3;0;750;Card;Dota 2;5.0;0
SESS-12538;2026-08-17 14:25:55;USR-1517;2009-04-09;M;Bootcamp;3;168;405;Cash;CS2;;1
SESS-12830;2026-08-30 18:23:40;USR-1790;2012-03-14;M;Standard;~2;0;200;App;Dota 2;;0
SESS-14377;2026-08-03 20:43:17;USR-1459;2002-07-10;F;VIP;1;270;200;Card;Valorant;4.0;0
SESS-10178;2026-08-23 11:44:20;USR-1062;2012-09-01;M;VIP;2;80;400;Cash;Dota 2;;0
SESS-11130;2026-08-20 22:55:35;USR-1198;2004-10-15;M;Bootcamp;8;0;1200;Card;Valorant;4.5;0
SESS-12571;2026-08-08 04:41:05;USR-1070;2007-01-05;M;Standard;2;0;200;Card;Valorant;;0
SESS-14962;2026-08-01 23:56:59;USR-1129;1998-11-08;M;PS5;12;3444;2700;Card;Dota 2;1.0;1
SESS-10368;2026-08-02 19:39:50;USR-1462;2005-11-05;M;PS5;2;0;500;Card;CS2;;0
SESS-10412;2026-08-16 17:48:46;USR-1473;2001-01-15;M;VIP;4;0;800;App;Dota 2;;0
SESS-14908;2026-08-18 17:15:21;USR-1255;03/26/2011;F;Standard;3;0;300;Cash;Dota 2;4.0;0
SESS-11847;2026-08-14 17:57:38;USR-1740;2006-11-05;M;Standard;2;320;200;Card;Valorant;;0
SESS-13312;2026-08-20 15:58:59;USR-1483;2008-05-08;F;VIP;2;0;400;App;Minecraft;;0
SESS-11282;2026-08-30 17:29:27;USR-1134;2004-08-26;M;VIP;1;0;200;App;CS2;4.5;0
SESS-16940;2026-08-29 11:10:18;USR-1246;1992-09-07;M;VIP;1;400;200;Card;Dota 2;4.0;0
SESS-12367;2026-08-30 20:53:39;USR-1371;2006-04-08;M;Bootcamp;1;270;150;Card;Apex Legends;;0
SESS-11936;2026-08-07 23:25:48;USR-1611;2009-09-07;M;Standard;12;960;1200;Cash;CS2;;0
SESS-10539;2026-08-05 19:28:21;USR-1592;2005-06-27;M;Standard;2;448;180;App;CS2;;1
SESS-10530;2026-08-23 21:41:38;USR-1640;2008-04-12;M;Bootcamp;3;0;450;App;CS2;;0
SESS-10947;2026-08-16 15:18:30;USR-1112;2005-08-25;M;VIP;2;240;400;Card;CS2;;0
SESS-15959;2026-08-02 13:05:46;USR-1090;2010-05-10;M;Bootcamp;4;0;600;App;Minecraft;4.5;0
SESS-12672;2026-08-01 13:42:09;USR-1029;2012-04-14;M;ps5;2;0;400;Cash;Apex Legends;;0
SESS-13690;2026-08-17 22:02:47;USR-1126;1997-11-08;1;VIP;8;0;1600;Card;Cyberpunk 2077;;0
SESS-12331;2026-08-21 20:39:01;USR-1403;2004-05-06;M;Bootcamp;12;0;1620;Card;CS2;5.0;1
SESS-11822;2026-08-08 07:23:47;USR-1146;2005-04-03;M;PS5;2;0;500;Card;Valorant;;0
SESS-14041;2026-08-03 18:12:00;USR-1385;1999-10-15;F;PS5;3;510;750;Card;CS2;;0
SESS-13404;2026-08-17 13:43:11;USR-1660;2011-07-03;M;Standard;3;240;300;Cash;CS2;4.0;0
SESS-12314;2026-08-31 16:03:52;USR-1106;1997-11-09;M;Standard;2;240;200;Card;Dota 2;5.0;0
SESS-16095;2026-08-24 17:39:39;USR-1036;2004-09-28;M;VIP;2;470;400;;CS2;4.5;0
SESS-15885;2026-08-28 17:06:27;USR-1024;2004-08-15;M;Standard;1;224;90;Card;Dota 2;;1
SESS-12368;2026-08-15 20:41:34;USR-1057;2002-08-25;M;Standard;2;320;200;Card;CS2;4.5;0
SESS-14852;2026-08-09 15:10:45;USR-1657;2005-07-10;M;Standard;4;672;360 руб.;Card;CS2;1.0;1
SESS-10780;2026-08-12 18:12:09;USR-1625;2012-08-19;M;Standard;1;0;100;App;CS2;;0
SESS-11026;2026-08-25 23:41:20;USR-1138;2002-01-01;M;Standard;8;0;800;Card;CS2;;0
SESS-15691;2026-08-05 17:18:22;USR-1650;2004-11-18;M;Bootcamp;5;0;750;Card;CS2;;0
SESS-11975;2026-08-08 17:37:29;USR-1095;2005-12-26;M;Standard;2;0;200;Card;CS2;;0
SESS-14324;2026-08-18 21:46:58;USR-1196;1886-09-20;M;Bootcamp;-2;0;150;Card;Valorant;;0
SESS-14134;2026-08-31 23:30:00;USR-1042;2004-06-10;M;Standard;8;0;800;Card;Dota 2;1.0;0
SESS-10491;2026-08-01 16:53:10;USR-1024;2004-08-15;M;VIP;1;240;200;Cash;CS2;;0
SESS-16999;2026-08-05 14:57:30;USR-1033;2008-06-16;M;Standard;2;0;200;Card;CS2;;0
SESS-14841;2026-08-15 22:56:32;USR-1454;1998-11-09;M;Standard;12;1440;1200;Card;CS2;5.0;0
SESS-14255;2026-08-10 17:04:29;USR-1496;2003-01-28;M;Bootcamp;1;0;150;Card;Apex Legends;;0
SESS-10756;2026-08-24 22:06:30;USR-1030;2011-05-18;M;PS5;5;0;1250;Cash;CS2;;0
SESS-15380;2026-08-02 13:17:39;USR-1501;2009-03-16;M;Standard;2;120;200;Card;CS2;;0
SESS-11945;2026-08-20 16:47:26;USR-1749;1995-12-12;M;PS5;2;510;500;Card;Dota 2;5.0;0
SESS-10727;2026-08-28 09:12:07;USR-1363;2003-07-12;M;Standard;1;0;100;Card;Deadlock;;0
SESS-12905;2026-08-12 15:47:13;USR-1376;2003-07-08;M;Bootcamp;1;0;150;Card;Valorant;;0
SESS-11693;2026-08-09 06:27:22;USR-1612;2012-07-16;M;Standard;3;0;300;App;Deadlock;5.0;0
SESS-11668;2026-08-15 17:20:51;USR-1069;2004-01-15;M;Standard;1;80;100;Card;Valorant;4.5;0
SESS-10158;2026-08-10 20:55:47;USR-1042;2004-06-10;M;Standard;2;240;200;App;Dota 2;;0
SESS-15941;2026-08-06 19:23:11;USR-1148;1993-02-16;M;Bootcamp;5;1470;675;Card;Cyberpunk 2077;;1
SESS-16275;2026-08-07 18:27:45;USR-1502;1990-03-10;M;VIP;1;400;200;App;Deadlock;;0
SESS-13047;2026-08-23 17:59:40;USR-1060;1990-02-23;M;VIP;3;0;600;Card;Dota 2;;0
SESS-14349;2026-08-23 20:30:01;USR-1005;1997-04-20;M;VIP;2;0;400;Card;GTA V;;0
SESS-13790;2026-08-07 14:59:09;USR-1003;2008-10-26;M;Bootcamp;3;784;405;Card;CS2;4.0;1
SESS-11033;2026-08-21 23:13:26;USR-1053;1998-05-01;M;Bootcamp;8;3010;1080;Card;GTA V;;1
SESS-10671;2026-08-22 11:56:57;USR-1491;2012-07-02;M;VIP;~3;251;540;Cash;CS2;1.0;1
SESS-11256;2026-08-24 21:53:05;USR-1015;2011-11-25;M;VIP;1;0;200;Card;Apex Legends;;0
SESS-12208;2026-08-30 15:21:23;USR-1186;1996-11-01;M;VIP;3;660;600;Card;CS2;4.5;0
SESS-14126;2026-08-30 17:12:16;USR-1182;2012-12-13;M;Standard;2;120;200;App;Dota 2;;0
SESS-16988;2026-08-16 03:13:39;USR-1589;1998-03-23;M;Standard;2;0;200;Card;Dota 2;1.0;0
SESS-13681;2026-08-24 10:24:48;USR-1099;2004-01-10;F;Bootcamp;2;240;300;Card;Apex Legends;;0
SESS-13989;2026-08-15 22:43:37;USR-1386;2012-05-08;M;PS5;5;280;1125;App;Dota 2;;1
SESS-13908;2026-08-09 20:55:54;USR-1430;2011-08-06;M;Standard;3;120;300;Card;Valorant;5.0;0
SESS-17031;2026-08-28 16:01:08;USR-1633;2003-08-25;M;Bootcamp;1;0;150;Cash;Dota 2;;0
SESS-11300;2026-08-16 10:50:26;USR-1751;1991-09-14;M;Standard;1;0;100;Card;Cyberpunk 2077;;0
SESS-10087;2026-08-11 11:32:11;USR-1588;2006-07-15;M;Standard;2;320;200;App;CS2;;0
SESS-16210;2026-08-04 20:19:41;USR-1307;2006-12-03;F;PS5;5;1120;1125;Card;CS2;5.0;1
SESS-10635;2026-08-29 21:17:54;USR-1476;2007/07/12;M;VIP;2;434;360;Card;Minecraft;;1
SESS-12901;2026-08-18 18:59:14;USR-1059;2012-10-27;F;Bootcamp;3;0;405;Card;Minecraft;;1
SESS-12909;2026-08-19 18:41:33;USR-1184;2009-10-09;M;Bootcamp;4;0;540;Card;Dota 2;;1
SESS-14433;2026-08-11 20:21:37;USR-1258;2006-10-13;M;Standard;4;640;400;App;CS2;4.5;0
SESS-15385;2026-08-04 14:58:51;USR-1226;2006-05-20;M;Standard;4;640;400;App;Dota 2;4.0;0
SESS-12066;2026-08-01 01:57:54;USR-1706;2011-11-16;F;Standard;2;0;200;App;CS2;;0
SESS-14595;2026-08-10 15:48:04;USR-1018;2002-11-17;M;Bootcamp;1;230;150;Card;Dota 2;;0
SESS-14359;2026-08-12 01:20:22;USR-1134;2004-08-26;M;Standard;3;0;300;Card;CS2;;0
SESS-12221;2026-08-21 16:46:24;USR-1683;1993-12-17;F;PS5;2;510;500;Card;Dota 2;4.5;0
SESS-16581;2026-08-27 22:13:56;USR-1017;1994-02-15;M;VIP;12;2436;2160;Card;GTA V;;1
SESS-15077;2026-08-19 21:05:03;USR-1376;2003-07-08;M;Standard;2;0;200;Card;Dota 2;;0
SESS-11368;2026-08-05 13:34:11;USR-1142;2004-11-07;M;Standard;4;640;400;App;CS2;5.0;0
SESS-14863;2026-08-24 15:02:29;USR-1094;2004-06-11;M;VIP;2;0;400;Card;CS2;;0
SESS-11627;2026-08-04 11:44:54;USR-1485;2011-05-10;F;Bootcamp;3;0;450;Card;CS2;;0
SESS-14123;2026-08-09 16:53:09;USR-1090;2010-05-10;M;VIP;5;0;9ОО;Cash;CS2;4.5;1
;2026-08-29 18:42:12;USR-1125;2002-08-14;M;VIP;3;510;600;Card;CS2;4.0;0
SESS-16121;2026-08-27 21:39:13;USR-1043;2007-04-22;M;Standard;3;0;270;Card;CS2;4.5;1
SESS-10057;2026-08-30 20:30:29;USR-1106;1997-11-09;m;VIP;2;540;400;Card;GTA V;;0
SESS-16924;2026-08-02 13:01:14;USR-1286;1993-06-23;M;PS5;2;510;500;Card;Deadlock;;0
SESS-12051;2026-08-22 16:14:17;USR-1507;1991-02-02;M;Bootcamp;3;510;450;Card;GTA V;;0
SESS-11733;2026-08-14 09:19:47;USR-1631;2007-08-07;F;Bootcamp;12;2128;1620;Card;CS2;;1
SESS-16097;2026-08-11 23:48:42;USR-1148;1993-02-16;M;Standard;12;0;1200;App;CS2;5.0;0
SESS-15133;2026-08-18 16:01:04;USR-1737;2004-08-16;M;Standard;3;503;270;App;Dota 2;3.0;1
SESS-16148;2026-08-11 17:05:32;USR-1342;1992-07-05;M;Standard;5;900;500;Card;PUBG;5.0;0
SESS-15080;2026-08-06 22:07:59;USR-1137;2005-01-22;M;Standard;8;0;800;Card;Dota 2;;0
SESS-12380;2026-08-01 18:09:43;USR-1708;2008-03-08;M;Standard;5;800;500;App;CS2;;0
SESS-12465;2026-08-06 16:08:40;USR-1238;2008-11-08;M;Standard;3;672;270;Card;Minecraft;;1
SESS-14204;2026-08-07 18:34:15;USR-1370;2007-12-16;M;VIP;5;0;1000;App;CS2;5.0;0
SESS-13540;2026-08-31 12:37:35;USR-1773;2008-11-13;M;Bootcamp;3;616;405;App;CS2;5.0;1
SESS-16177;2026-08-11 11:55:41;USR-1414;2008-04-21;M;Standard;8;960;800;Card;Valorant;4.0;0
SESS-16084;2026-08-04 15:28:40;USR-1626;2004-08-28;F;Standard;8;640;800;Card;Deadlock;5.0;0
SESS-14498;2026-08-08 18:09:32;USR-1373;1993-11-14;M;Bootcamp;12;1740;1800;Card;Cyberpunk 2077;4.0;0
SESS-14932;10.08.2026 15:45:40;USR-1754;2005-09-24;M;PS5;2;160;500;Cash;CS2;;0
SESS-11407;2026-08-19 19:31:20;USR-1051;2005-01-12;M;Standard;1;0;100;Card;Dota 2;;0
SESS-14758;2026-08-04 20:58:37;USR-1093;1995-09-19;M;Standard;3;756;270;App;Dota 2;;1
SESS-16179;2026-08-22 08:09:37;USR-1115;2001-08-07;M;Standard;5;0;500;Card;Deadlock;;0
SESS-16939;2026-08-15 17:29:00;USR-1140;2006-12-27;F;Bootcamp;2;448;270;Card;CS2;;1
SESS-14501;2026-08-17 20:51:44;USR-1489;2011-07-19;M;Bootcamp;2;0;300;App;Valorant;;0
SESS-13805;2026-08-06 19:26:45;USR-1145;2000-12-11;M;Standard;2;240;200;Card;Cyberpunk 2077;;0
SESS-16285;2026-08-09 23:50:05;USR-1013;2012-02-18;M;Standard;12;0;1200;Cash;CS2;;0
SESS-14097;2026-08-22 13:22:18;USR-1238;2008-11-08;M;VIP;2;0;400;App;Valorant;;0
SESS-16972;2026-08-24 19:06:07;USR-1521;2010-02-13;M;Standard;3;240;300;App;Valorant;4.5;0
SESS-14930;2026-08-25 15:20:55;USR-1101;1997-03-02;M;Bootcamp;3;660;450;Card;CS2;;0
SESS-15723;2026-08-23 19:30:34;USR-1131;2006-08-05;M;Bootcamp;2;0;300;Cash;Dota 2;4.0;0
SESS-10004;2026-08-10 17:33:10;USR-1325;2012-04-06;M;Standard;1;0;100;App;Dota 2;4.5;0
SESS-13768;2026-08-31 18:06:00;USR-1084;2005-03-01;F;Bootcamp;1;230;150;Card;Valorant;3.0;0
SESS-15268;2026-08-02 18:09:42;USR-1082;2004-05-06;F;VIP;1;240;200;Card;Deadlock;;0
SESS-11141;2026-08-16 11:26:30;USR-1207;2012-09-11;M;Standard;2;0;200;App;Minecraft;;0
SESS-11655;2026-08-20 18:38:17;USR-1008;1991-02-01;F;PS5;5;1200;1250;Card;CS2;5.0;0
SESS-12240;2026-08-12 18:21:05;USR-1191;2006-10-27;F;VIP;2;390;400;App;Deadlock;5.0;0
SESS-15672;2026-08-09 11:59:33;USR-1164;2009-01-06;M;Standard;4;0;360;App;CS2;5.0;1
SESS-12065;2026-08-12 21:01:31;USR-1078;1995-10-22;F;VIP;1;550;200;App;Browser/Work;5.0;0
SESS-12056;2026-08-04 15:24:09;USR-1526;2007-04-16;F;VIP ;3;0;450;Card;CS2;;0
SESS-16525;2026-08-16 19:11:40;USR-1572;2005-08-27;M;VIP;2;310;400;Card;GTA V;5.0;0
SESS-10643;2026-08-26 15:14:37;USR-1434;2003-07-23;M;Bootcamp;2;400;300;Card;Dota 2;;0
SESS-16188;2026-08-31 16:38:03;USR-1103;2008-04-20;M;Standard;3;336;270;Card;Valorant;;1
SESS-14728;2026-08-22 12:59:32;USR-1555;2011-04-14;F;Standard;1;0;100;Cash;CS2;;0
SESS-13131;2026-08-07 16:14:15;USR-1741;1998-10-22;F;VIP;2;510;400;Card;CS2;5.0;0
SESS-12573;2026-08-24 18:35:13;USR-1156;2009-04-26;M;Bootcamp;5;300;750;App;Valorant;;0
SESS-12979;2026-08-26 20:59:59;USR-1605;2006-06-01;M;Standard;2;0;200;App;CS2;;0
SESS-11685;2026-08-08 18:08:52;USR-1186;1996-11-01;M;Bootcamp;2;0;300;App;Cyberpunk 2077;;0
SESS-15653;2026-08-06 23:41:13;USR-1029;2012-04-14;M;Standard;5;300;500;Cash;Minecraft;3.0;0
SESS-12677;2026-08-07 00:18:50;USR-1418;2006-08-28;M;Bootcamp;8;1040;1200;Card;Deadlock;5.0;0
SESS-15047;2026-08-05 09:34:11;USR-1675;2005-06-14;M;Standard;1;160;100;App;Valorant;;0
SESS-12581;2026-08-30 11:34:33;USR-1011;2007-06-06;M;Standard;1;0;100;App;Valorant;4.0;0
SESS-16764;2026-08-16 19:29:54;USR-1354;2006-11-15;M;Standard;3;0;300;App;Valorant;1.0;0
SESS-11574;2026-08-25 00:23:31;USR-1279;2000-03-22;M;Standard;8;960;800;Card;Cyberpunk 2077;4.0;0
SESS-11131;2026-08-21 22:22:43;USR-1154;2000-02-18;M;Standard;3;750;300;;Cyberpunk 2077;4.5;0
SESS-13655;2026-08-19 00:25:39;USR-1372;2000-03-21;M;PS5;12;3444;2700;Card;CS2;1.0;1
SESS-12866;2026-08-17 19:59:30;USR-1055;2007-06-20;M;Standard;8;0;800;App;Cyberpunk 2077;4.5;0
SESS-11162;2026-08-09 01:51:38;USR-1511;2007-07-17;M;Standard;2;320;200;Card;Dota 2;4.0;0
SESS-13102;2026-08-14 15:45:16;USR-1156;2009-04-26;M;Bootcamp;2;160;300;Cash;Valorant;;0
SESS-15094;2026-08-30 03:29:49;USR-1759;2009-11-23;M;Standard;3;336;270;App;Deadlock;;1
SESS-13976;2026-08-30 10:17:17;USR-1608;2006-06-07;M;VIP;2;390;400;Card;Deadlock;;0
SESS-10642;2026-08-04 23:55:29;USR-1094;2004-06-11;M;Standard;12;1920;1200;Card;Apex Legends;4.5;0
;2026-08-19 17:56:05;USR-1094;2004-06-11;M;VIP;3;0;600;Card;Valorant;;0
SESS-13516;2026-08-12 07:17:11;USR-1474;2007-10-28;M;Standard;2;0;200;Card;Deadlock;;0
SESS-12918;2026-08-29 23:17:24;USR-1640;2008-04-12;M;Bootcamp;8;0;1200;Card;CS2;;0
SESS-11821;2026-08-03 22:48:36;USR-1491;2012-07-02;M;Standard;8;0;800;App;Minecraft;4.0;0
SESS-13471;2026-08-28 23:17:09;USR-1154;2000-02-18;M;Standard;5;0;500;Card;CS2;;0
SESS-13430;2026-08-12 21:13:55;USR-1042;2004-06-10;M;Standard;3;672;270;Card;Dota 2;3.0;1
SESS-12691;2026-08-07 14:01:45;USR-1657;2005-07-10;M;Standard;8;896;720;App;Minecraft;5.0;1
SESS-15738;2026-08-02 17:33:39;USR-1204;2004-11-11;M;Standard;1;0;100;Card;GTA V;;0
SESS-15483;2026-08-21 15:09:53;USR-1183;2005-09-05;M;Standard;2;240;200;Cash;CS2;;0
SESS-13851;2026-08-22 17:36:56;USR-1116;2003-02-05;F;VIP;2;0;400;Card;Apex Legends;;0
SESS-11932;2026-08-17 18:41:08;USR-1118;2008-09-20;F;Standard;3;0;300;Card;CS2;;0
SESS-15148;2026-08-14 09:53:48;USR-1581;1996-10-10;M;PS5;2;390;500;Card;Dota 2;5.0;0
SESS-15756;2026-08-28 19:56:14;USR-1666;2000-02-22;F;VIP;2;546;360;Card;Dota 2;;1
SESS-11021;2026-08-08 15:19:49;USR-1168;2005-04-12;M;VIP;3;0;600;Card;Dota 2;;0
SESS-13175;2026-08-19 18:43:45;USR-1078;1995-10-22;F;VIP;3;900;600;Card;Browser/Work;5.0;0
SESS-15530;2026-08-30 22:43:58;USR-1149;2006-12-05;M;Bootcamp;8;790;1200;App;Dota 2;4.5;0
SESS-16289;2026-08-29 18:58:12;USR-1313;2009-03-06;M;Bootcamp;2;0;300;App;CS2;;0
SESS-11959;2026-08-23 19:20:13;USR-1664;1997-08-14;M;Standard;2;240;200;Card;Cyberpunk 2077;;0
SESS-17035;2026-08-05 16:48:57;USR-1054;1999-10-07;F;PS5;1;560;225;Card;PUBG;;1
SESS-10242;2026-08-02 00:01:38;USR-1130;2011-08-14;M;VIP;8;0;1600;Card;Valorant;;0
SESS-13808;2026-08-20 22:52:10;USR-1027;1997-11-04;F;PS5;8;1260;2000;Card;CS2;4.5;0
SESS-14146;2026-08-30 16:37:15;USR-1301;2012-09-01;M;Standard;4;336;360;Cash;Dota 2;2.0;1
SESS-11420;2026-08-28 17:10:17;USR-1069;2004-01-15;M;PS5;8;1792;1800;Card;Dota 2;5.0;1
SESS-14336;2026-08-02 16:06:35;USR-1486;2010-10-17;M;Standard;2;120;200;App;GTA V;;0
SESS-12544;2026-08-28 07:53:23;USR-1137;2005-01-22;M;Standard;5;400;500;App;Valorant;4.0;0
SESS-14596;2026-08-12 20:42:11;USR-1199;2006-07-24;M;PS5;3;336;675;Card;CS2;;1
SESS-11101;2026-08-25 10:44:09;USR-1775;1990-12-05;M;VIP;2;540;400;Card;Dota 2;;0
SESS-14859;2026-08-01 12:40:53;USR-1011;2007-06-06;M;VIP;2;336;360;App;Deadlock;1.0;1
SESS-14006;2026-08-27 15:43:29;USR-1448;2008-08-23;M;VIP;2;546;360;App;Dota 2;;1
SESS-12959;2026-08-20 21:38:02;USR-1103;2008-04-20;M;Bootcamp;2;390;300;App;CS2;;0
SESS-17058;2026-08-26 09:11:26;USR-1097;2010-04-26;M;Bootcamp;2;0;300;App;Dota 2;;0
SESS-16817;2026-08-20 21:47:53;USR-1126;1997-11-08;M;VIP;2;390;400;Card;Browser/Work;;0
SESS-17047;2026-08-25 17:31:09;USR-1419;2006-08-12;M;Standard;1;0;100;Card;Dota 2;5.0;0
SESS-14938;23.08.2026 10:20:08;USR-1333;2006-01-18;M;Standard;3;336;270;App;Dota 2;5.0;1
SESS-10528;2026-08-31 13:57:16;USR-1068;1993-04-03;M;Standard;1;0;100;Card;GTA V;;0
SESS-15729;2026-08-27 20:28:33;USR-1255;2011-03-26;F;Bootcamp;1;0;150 ₽;App;Minecraft;;0
SESS-12081;2026-08-01 12:39:11;USR-1461;2010-06-09;M;Standard;1;0;100;Cash;Deadlock;4.0;0
SESS-11013;2026-08-21 14:28:18;USR-1215;2007-05-16;M;Bootcamp;2;240;300;Card;CS2;4.5;0
SESS-10880;2026-08-12 03:43:27;USR-1642;1989-12-23;M;Standard;8;2000;800;Cash;Browser/Work;3.0;0
SESS-15868;2026-08-28 17:23:15;USR-1626;2004-08-28;F;Bootcamp;5;0;750;Card;CS2;;0
SESS-17124;2026-08-24 15:54:34;USR-1703;2005-01-04;M;Bootcamp;3;390;450;Card;CS2;4.0;0
SESS-12591;2026-08-02 16:56:41;USR-1101;1997-03-02;M;Standard;3;360;300;App;CS2;4.5;0
SESS-10316;2026-08-16 10:02:38;USR-1695;2006-09-10;M;Standard;2;0;200;Cash;CS2;;0
SESS-13074;2026-08-07 19:50:23;USR-1582;2002-06-08;M;Standard;2;160;200;Card;Dota 2;;0
SESS-12390;2026-08-06 12:11:01;USR-1168;2005-04-12;M;Bootcamp;2;470;300;Cash;CS2;4.5;0
SESS-10444;2026-08-22 23:57:53;USR-1027;1997-11-04;F;Bootcamp;12;2226;1620;Card;Dota 2;;1
SESS-16262;2026-08-10 00:32:26;USR-1622;1998-02-02;M;VIP;5;1200;1000;Card;CS2;2.0;0
SESS-15476;2026-08-05 12:58:25;USR-1298;2023-06-15;M;Standard;999;240;200;Card;Deadlock;;0
SESS-12639;2026-08-17 23:58:02;USR-1417;2006-09-11;F;Standard;8;960;800;Card;Valorant;4.0;0
SESS-15862;2026-08-09 13:58:12;USR-1580;2010-05-09;F; standard ;2;0;200;Cash;Minecraft;4.5;0
SESS-14500;2026-08-17 22:19:07;USR-1733;2007-06-21;M;Standard;5;840;450;Card;Dota 2;5.0;1
SESS-14515;2026-08-28 19:37:00;USR-1148;1993-02-16;M;VIP;2;510;400;Card;Dota 2;4.5;0
SESS-16937;2026-08-15 08:46:35;USR-1534;2002-03-25;M;VIP;1;0;200;App;Dota 2;;0
SESS-10108;2026-08-16 20:23:51;USR-1492;1998-11-10;M;Bootcamp;3;840;450;Card;GTA V;4.0;0
SESS-10147;2026-08-26 19:09:28;USR-1095;2005-12-26;M;VIP;3;0;600;Card;Deadlock;;0
SESS-16497;2026-08-10 12:59:29;USR-1284;2012-02-26;M;Bootcamp;3;251;405;Cash;Dota 2;;1
SESS-10394;2026-08-23 15:47:18;USR-1269;2009-05-19;F;VIP;1;0;200;App;Minecraft;;0
SESS-15173;2026-08-24 19:39:22;USR-1782;2010-04-14;M;Standard;3;0;300;Cash;CS2;;0
SESS-14633;2026-08-22 09:51:03;USR-1101;1997-03-02;M;PS5;2;0;500;Card;Dota 2;;0
SESS-15588;2026-08-21 14:33:13;USR-1736;2009-04-01;M;Bootcamp;1;0;150;Cash;Minecraft;;0
SESS-16152;2026-08-30 19:56:36;USR-1392;2002-10-07;M;Standard;3;0;270;App;Dota 2;5.0;1
SESS-16635;2026-08-20 15:41:14;USR-1326;1991-02-19;M;Bootcamp;3;923;405;Card;Cyberpunk 2077;;1
SESS-13153;2026-08-16 11:59:16;USR-1004;2006-01-08;M;Bootcamp;1;230;150;App;Deadlock;;0
SESS-16144;2026-08-12 12:02:21;USR-1701;1996-05-13;F;Bootcamp;3;0;450;Card;Cyberpunk 2077;;0
SESS-13673;2026-08-02 12:13:30;USR-1572;2005-08-27;M;Standard;5;0;450;App;GTA V;4.5;1
SESS-16941;2026-08-12 11:05:26;USR-1385;;F;PS5;1;550;250;Cash;Dota 2;5.0;0
SESS-16944;2026-08-09 21:11:00;USR-1269;2009-05-19;F;VIP;2;0;400;Cash;CS2;;0
SESS-11355;2026-08-05 12:16:42;USR-1668;1990-01-06;M;Standard;2;0;200;Card;Dota 2;;0
SESS-12158;2026-08-07 19:30:59;USR-1031;2010-03-02;M;Standard;3;0;300;App;CS2;;0
SESS-11734;2026-08-15 12:26:18;USR-1575;1996-08-27;F;Standard;12;3000;1200;App;CS2;2.0;0
SESS-14298;2026-08-05 14:20:59;USR-1146;2005-04-03;M;PS5;2;0;500;Card;CS2;;0
SESS-11179;2026-08-09 00:25:04;USR-1420;1997-02-08;M;Standard;12;2160;1200;Card;Cyberpunk 2077;4.0;0
SESS-14504;2026-08-03 07:25:45;USR-1032;2009-06-21;M;Standard;2;80;200;Cash;Minecraft;4.5;0
SESS-13646;2026-08-23 17:16:14;USR-1018;2002-11-17;M;VIP;1;240;200;Card;CS2;;0
SESS-15701;2026-08-01 17:23:52;USR-1131;2006-08-05;M;Bootcamp;1;230;150;Card;Dota 2;3.0;0
SESS-13425;2026-08-08 22:08:59;USR-1308;2008-11-07;F;Standard;8;1280;800;App;Valorant;;0
SESS-12401;2026-08-14 17:18:04;USR-1083;2009-01-17;M;Standard;2;0;200;App;Deadlock;;0
SESS-14363;2026-08-08 17:57:25;USR-1409;2007-05-15;M;Standard;4 ч.;448;360;Card;CS2;;1
SESS-14886;2026-08-09 10:15:38;USR-1674;2005/08/20;F;Standard;3;360;300;Card;Dota 2;;0
SESS-10652;2026-08-07 21:07:09;USR-1104;2003-04-21;F;VIP;2;0;360;Card;CS2;4.5;1
SESS-10584;2026-08-09 11:22:26;USR-1698;2006-03-02;M;VIP;3;440;600;Card;Deadlock;5.0;0
SESS-11214;2026-08-06 17:44:03;USR-1149;2006-12-05;M;VIP;3;448;540;Card;Deadlock;;1
SESS-14779;2026-08-09 17:28:24;USR-1029;2012-04-14;M;Standard;1;80;100;App;Minecraft;;0
SESS-14160;2026-08-21 13:07:34;USR-1164;2009-01-06;M;VIP;2;0;400;App;CS2;;0
SESS-16840;2026-08-12 15:25:31;USR-1000;2005-11-15;M;VIP;3;714;540;Card;CS2;;1
SESS-10422;2026-08-15 19:06:54;USR-1120;2006-07-03;M;Standard;2;320;200;Card;Dota 2;;0
SESS-14906;2026-08-31 16:45:04;USR-1036;2004-09-28;M;Bootcamp;5;1050;675;App;Valorant;4.5;1
SESS-11771;2026-08-08 17:29:15;USR-1147;2012-09-13;M;Bootcamp;2;160;300;Card;PUBG;;0
SESS-12968;2026-08-04 16:31:54;USR-1560;2007-10-06;M;Bootcamp;3;0;405;Card;CS2;;1
SESS-16746;2026-08-01 09:04:39;USR-1682;2005-01-18;M;Bootcamp;3;390;450;Card;Valorant;;0
SESS-14759;2026-08-25 14:39:35;USR-1008;1991-02-01;F;VIP;2;756;360;Card;PUBG;;1
SESS-11125;2026-08-06 18:23:35;USR-1212;2010-09-05;M;Standard;1;0;100;Cash;Apex Legends;;0
SESS-10959;2026-08-20 19:39:45;USR-1205;2003-02-15;M;PS5;3;0;750;Card;CS2;;0
SESS-10298;2026-08-15 02:39:54;USR-1312;2011-11-05;F;Standard;1;0;100;Cash;CS2;;0
SESS-13532;2026-08-05 17:28:14;USR-1038;2007-09-18;M;VIP;2;310;400;App;Dota 2;;0
SESS-14253;2026-08-08 15:26:17;USR-1506;2011-09-23;M;PS5;2;0;500;App;PUBG;;0
SESS-15897;2026-08-10 12:08:24;USR-1010;1991-07-05;F;Bootcamp;1;0;150;Card;CS2;4.5;0
SESS-10037;2026-08-07 21:47:13;USR-1462;2005-11-05;M;VIP;2;240;400;Card;CS2;;0
SESS-10896;2026-08-19 12:15:48;USR-1734;1991-03-22;M;VIP;3;1050;600;Card;Dota 2;;0
SESS-10155;2026-08-30 19:00:59;USR-1005;1997-04-20;M; Bootcamp ;2;390;500;Card;Dota 2;;0
SESS-16385;2026-08-22 01:40:19;USR-1023;2008-04-24;F;VIP;8;1040;1600;Card;CS2;4.5;0
SESS-11275;2026-08-22 21:22:32;USR-1002;2012-02-08;M;Standard;2;0;200;App;CS2;;0
SESS-11491;2026-08-14 19:28:32;USR-1303;2006-10-23;M;Standard;2;240;200;Card;Dota 2;;0
SESS-14521;2026-08-23 18:21:19;USR-1050;2008-08-14;M;PS5;3;0;750;Card;CS2;;0
SESS-14321;2026-08-08 16:04:50;USR-1220;2007-03-02;M;Standard;3;240;300;Card;Valorant;;0
SESS-16909;2026-08-08 13:36:48;USR-1648;2010-06-21;M;Standard;4;0;360;Cash;Dota 2;;1
SESS-15151;2026-08-29 22:41:59;USR-1244;2007-03-24;F;Standard;3;360;300;App;Valorant;3.0;0
SESS-12642;2026-08-08 20:27:40;USR-1034;2010-09-11;F;Bootcamp;12;1007;1620;App;Deadlock;;1
SESS-13303;2026-08-17 10:47:16;USR-1248;2003-10-08;M;Standard;3;503;270;Card;Dota 2;5.0;1
SESS-12498;2026-08-30 14:44:51;USR-1290;2010-01-20;M;Standard;2;0;200;Cash;CS2;4.5;0
SESS-13273;2026-08-14 20:20:03;USR-1136;1993-06-01;M;Standard;8;2800;720;Card;Dota 2;3.0;1
SESS-15838;2026-08-18 20:16:08;USR-1428;2005-02-13;M;VIP;4;1007;720;Card;Dota 2;;1
SESS-11273;2026-08-27 21:09:36;USR-1448;2008-08-23;M;VIP;3;390;600;Card;CS2;4.5;0
SESS-12651;2026-08-17 17:00:14;USR-1462;;M;Bootcamp;3;0;450;Card;CS2;;0
SESS-10812;2026-08-21 21:52:45;USR-1360;2000-09-11;M;VIP;8;2436;1440;Card;Dota 2;;1
SESS-16946;2026-08-01 23:41:19;USR-1034;2010-09-11;F;Standard;12;0;1200;Cash;Valorant;4.5;0
SESS-10156;2026-08-29 15:05:46;USR-1076;2004-03-02;M;Standard;2;320;200;Card;CS2;;0
SESS-11796;2026-08-24 22:25:11;USR-1503;2011-07-13;F;Standard;5;400;500;App;CS2;;0
SESS-16577;2026-08-07 16:30:16;USR-1578;2012-07-09;M;VIP;4;0;720;App;Valorant;;1
SESS-14855;2026-08-24 18:51:21;USR-1224;2004-10-06;M;VIP;1;240;200;Card;GTA V;4.0;0
SESS-11706;2026-08-19 05:27:47;USR-1537;2012-08-26;M;Standard;3;240;300;Cash;Valorant;4.5;0
SESS-15673;2026-08-06 09:28:44;USR-1046;2009-05-11;F;PS5;3;240;750;Card;Dota 2;;0
SESS-15967;2026-08-26 00:23:14;USR-1676;1998-07-07;M;Standard;3;0;300;Card;Dota 2;4.0;0
SESS-16503;2026-08-04 13:02:10;USR-1000;2005-11-15;M;Standard;3;240;300;Card;Valorant;5.0;0
SESS-11432;2026-08-20 17:57:02;USR-1407;1994-07-04;M;Bootcamp;2;0;300;Card;PUBG;4.0;0
SESS-13169;2026-08-09 14:51:23;USR-1426;2011-01-27;F;Bootcamp;1;40;150;App;CS2;;0
SESS-10046;2026-08-29 16:33:58;USR-1076;2004-03-02;M;Standard;2;0;200;Card;Deadlock;;0
SESS-14777;2026-08-20 12:41:51;USR-1465;2004-01-26;M;VIP;3;510;600;Card;CS2;;0
SESS-15491;2026-08-09 11:50:23;USR-1020;2011-09-06;M;VIP;1;0;200;App;Minecraft;;0
SESS-11643;2026-08-19 16:01:18;USR-1038;2007-09-18;M;Bootcamp;1;0;150;Card;Valorant;3.0;0
SESS-10451;2026-08-23 18:32:21;USR-1298;2003-10-08;M;Bootcamp;3;0;450;Card;Valorant;4.5;0
SESS-13235;2026-08-30 15:53:59;USR-1187;2004-03-01;M;Bootcamp;2;0;300;Card;Dota 2;;0
SESS-16963;2026-08-24 12:26:12;USR-1026;2004-11-05;M;Standard;2;0;200;App;CS2;5.0;0
SESS-16124;2026-08-09 19:34:00;USR-1152;2004-07-27;M;Bootcamp;2;400;300;Card;CS2;2.0;0
SESS-13229;2026-08-28 17:35:39;USR-1060;1990-02-23;M;VIP;2;800;400;Card;CS2;;0
SESS-15456;2026-08-28 16:51:50;USR-1277;2005-11-21;M;Standard;2;240;200;App;CS2;;0
SESS-12781;2026-08-17 19:16:01;USR-1651;2004-10-24;M;Standard;2;160;200;Card;PUBG;;0
SESS-16753;2026-08-29 11:25:32;USR-1529;2008-04-09;M;Standard;4;448;360;Card;Deadlock;4.5;1
SESS-17089;2026-08-14 20:16:09;USR-1296;1994-03-08;M;Bootcamp;2;0;300;Card;Cyberpunk 2077;;0
SESS-15374;2026-08-28 14:37:22;USR-1190;2003-01-24;M;Standard;1;80;100;Card;Valorant;;0
SESS-15995;2026-08-05 20:35:07;USR-1514;2008-04-05;M;Bootcamp;1;230;150;Card;Valorant;;0
SESS-10239;2026-08-11 11:50:04;USR-1143;2007-06-16;M;VIP;2;0;400;App;CS2;4.5;0
SESS-16831;2026-08-03 14:25:51;USR-1059;2012-10-27;F;Standard;2;80;200;App;CS2;;0
SESS-14509;2026-08-29 19:50:01;USR-1232;2000-03-24;M;VIP;3;0;600;Card;Dota 2;;0
SESS-13716;2026-08-02 15:03:31;USR-1498;1986-07-05;M;ps5;3;900;750;Card;Cyberpunk 2077;5.0;0
SESS-15191;2026-08-01 14:54:00;USR-1104;2003-04-21;F;Standard;2;320;200;Card;Valorant;4.0;0
SESS-16028;2026-08-22 11:16:26;USR-1171;2012-08-13;M;Standard;3;120;300;App;Valorant;3.0;0
SESS-15445;2026-08-17 20:07:36;USR-1749;1995-12-12;M;VIP;12;1740;2400;Card;Cyberpunk 2077;4.5;0
SESS-13401;2026-08-07 13:44:53;USR-1108;2005-03-19;M;Standard;1;0;100;App;CS2;;0
SESS-10411;2026-08-13 08:01:54;USR-1668;1990-01-06;M;PS5;2;540;500;Card;GTA V;4.5;0
SESS-15350;2026-08-15 13:30:31;USR-1617;2009-07-04;M;Standard;2;0;200;App;Minecraft;4.0;0
SESS-13896;2026-08-14 20:38:29;USR-1415;2011-09-13;M;VIP;12;672;2160;Cash;CS2;4.5;1
SESS-16368;2026-08-18 15:21:15;USR-1785;1997-05-20;F;VIP;2;390;400;Card;Cyberpunk 2077;;0
SESS-15731;2026-08-21 18:57:27;USR-1281;2008-06-22;M;Bootcamp;3;320;450;Card;Dota 2;4.5;0
SESS-11687;2026-08-07 23:15:02;USR-1057;2002-08-25;M;PS5;8;0;2000;Card;Dota 2;;0
SESS-14299;2026-08-06 16:39:24;USR-1077;2005-03-16;M;Standard;2;0;200;Card;Dota 2;;0
SESS-15526;2026-08-28 22:50:12;USR-1720;2012-11-25;F;Standard;12;0;1080;App;Minecraft;;1
SESS-13806;2026-08-15 13:26:19;USR-1777;2007-05-08;M;Bootcamp;2;390;300;Card;Valorant;4.5;0
SESS-13481;2026-08-29 16:33:00;USR-1136;1993-06-01;M;PS5;2;510;500;Card;Dota 2;;0
SESS-10696;2026-08-21 11:06:03;USR-1157;2005-06-14;M;Standard;8;896;720;Card;Apex Legends;;1
SESS-11696;2026-08-09 11:26:03;USR-1636;2004-03-21;M;Bootcamp;4;560;600;Card;Deadlock;;0
SESS-10977;2026-08-03 15:04:50;USR-1134;2004-08-26;M;VIP;1;200;200;App;Deadlock;;0
SESS-10804;2026-08-08 17:18:36;USR-1030;2011-05-18;M;Bootcamp;2;0;300;App;CS2;;0
SESS-13488;2026-08-03 18:18:29;USR-1334;2003-02-02;M;Bootcamp;2;0;300;App;CS2;;0
SESS-10529;2026-08-07 00:06:28;USR-1794;2003-09-04;M;Bootcamp;8;0;1200;App;Dota 2;3.0;0
SESS-12474;2026-08-26 11:59:57;USR-1314;2007-11-23;M;VIP;12;2226;2160;App;Valorant;4.5;1
SESS-10763;2026-08-20 10:29:55;USR-1633;2003-08-25;M;Bootcamp;8;790;1200;App;Dota 2;;0
SESS-11785;2026-08-09 00:02:23;USR-1478;2006-11-04;F;Bootcamp;5;0;675;Card;Dota 2;4.0;1
SESS-11527;2026-08-08 22:14:08;USR-1006;2005-05-17;M;Standard;8;640;800;Cash;Deadlock;;0
SESS-11056;2026-08-11 21:07:37;USR-1338;2004-10-27;M;VIP;4;400;800;App;Valorant;4.5;0
SESS-14386;2026-08-14 19:19:20;USR-1734;1991-03-22;M;VIP;2;510;400;Card;GTA V;;0
SESS-11859;2026-08-08 14:01:14;USR-1070;2007-01-05;M;Standard;2;160;200;Card;Apex Legends;;0
SESS-14129;2026-08-23 17:45:13;USR-1136;1993-06-01;M;VIP;3;660;600;Card;Cyberpunk 2077;;0
SESS-15681;2026-08-01 14:57:05;USR-1117;2010-06-21;M;Standard;3;0;300;Cash;Dota 2;3.0;0
SESS-15199;2026-08-21 19:03:46;USR-1528;1886-09-20;M;Standard;-2;0;180;App;Dota 2;;1
SESS-15978;2026-08-26 14:46:49;USR-1089;2002-06-04;F;PS5;4;480;1000;Card;Dota 2;4.0;0
SESS-14193;2026-08-01 15:40:34;USR-1515;2007-01-14;M;Standard;8;0;720;App;Valorant;4.0;1
SESS-17046;2026-08-17 21:18:48;USR-1135;2012-06-13;M;Standard;3;0;300;Card;Deadlock;4.0;0
SESS-13321;2026-08-05 20:54:19;USR-1328;2005-04-15;M;Standard;2;320;200;Card;CS2;5.0;0
SESS-12726;2026-08-08 01:01:42;USR-1634;2000-02-27;M;PS5;8;0;1800;Card;CS2;5.0;1
SESS-15565;2026-08-21 16:34:17;USR-1670;2006-02-07;M;Standard;4;0;400;Card;CS2;;0
SESS-10059;2026-08-17 17:41:36;USR-1408;1994-03-23;M;VIP;2;650;4ОО;App;Cyberpunk 2077;5.0;0
SESS-15792;2026-08-14 16:58:08;USR-1077;;M;Standard;4;0;400;Card;CS2;;0
SESS-13577;2026-08-30 18:34:26;USR-1096;2007-03-05;M;Standard;3;360;300;App;Dota 2;4.0;0
SESS-15127;2026-08-03 18:25:37;USR-1022;2000-09-26;M;VIP;3;0;600;Card;CS2;;0
SESS-14849;2026-08-25 00:18:46;USR-1267;2004-12-08;M;VIP;5;550;1000;Card;Dota 2;;0
SESS-14105;2026-08-13 17:57:49;USR-1092;2007-02-23;M;Bootcamp;2;0;300;App;CS2;;0
SESS-15872;2026-08-05 17:24:51;USR-1017;1994-02-15;M;Bootcamp;4;1610;540;Card;Cyberpunk 2077;4.5;1
SESS-13390;2026-08-28 21:51:08;USR-1445;2002-01-11;F;VIP;4;0;800;App;CS2;;0
SESS-16443;2026-08-17 20:06:09;USR-1717;2009-01-03;M;Standard;3;0;300;Card;CS2;2.0;0
SESS-13456;2026-08-29 06:28:04;USR-1645;2002-09-17;M;Standard;5;840;450;Card;CS2;4.0;1
SESS-12657;2026-08-08 19:51:59;USR-1091;2007-11-13;M;PS5;1;0;250;Card;Apex Legends;;0
SESS-12998;2026-08-17 01:57:27;USR-1180;2012-05-05;M;PS5;8;0;2000;Cash;Minecraft;;0
SESS-13250;2026-08-30 07:59:38;USR-1130;2011-08-14;M;Standard;3;0;270;Cash;Valorant;;1
SESS-13317;2026-08-10 16:30:56;USR-1124;2012-08-08;M;VIP;2;160;400;Card;Minecraft;;0
SESS-15879;2026-08-21 16:23:50;USR-1128;2008-04-02;F;Standard;3;336;270;Card;Dota 2;4.5;1
SESS-11207;2026-08-10 20:50:11;USR-1145;2000-12-11;M;Standard;2;0;200;Card;Dota 2;4.5;0
SESS-12794;2026-08-17 00:35:02;USR-1030;2011-05-18;M;Standard;3;0;300;Card;CS2;;0
SESS-12054;2026-08-01 23:32:24;USR-1016;2005-05-28;F;Standard;8;0;800;App;CS2;5.0;0
SESS-14487;2026-08-05 00:46:40;USR-1742;2011-08-07;M;Standard;3;0;300;Cash;Minecraft;;0
;2026-08-31 13:31:32;;2006-11-04;M;Standard;1;0;100;Cash;Dota 2;;0
SESS-11873;2026-08-24 14:28:33;USR-1422;2006-09-19;M;Standard;2;0;200;App;Dota 2;;0
SESS-14997;2026-08-28 21:55:11;USR-1158;2010-12-14;F;Standard;3;336;270;App;CS2;;1
SESS-14990;2026-08-27 11:06:06;USR-1144;1993-04-03;M;PS5;2;0;500;Card;GTA V;;0
SESS-14399;2026-08-09 13:36:53;USR-1102;2012-11-14;M;Bootcamp;3;0;405;Cash;Dota 2;;1
SESS-15494;2026-08-12 15:47:12;USR-1140;2006-12-27;F;Standard;4;320;400;App;Dota 2;;0
SESS-14850;2026-08-16 17:48:26;USR-1158;2010-12-14;F;Standard;3;0;300;Cash;Deadlock;;0
SESS-14210;2026-08-14 18:57:11;USR-1664;1997-08-14;M;Standard;2;500;200;Card;PUBG;4.5;0
SESS-15671;2026-08-12 19:02:06;USR-1006;2005-05-17;M; Bootcamp ;2;400;300;App;Valorant;5.0;0
SESS-10123;2026-08-16 19:54:59;USR-1572;2005-08-27;M;Bootcamp;5;750;750;Card;Dota 2;4.5;0
SESS-13820;2026-08-13 09:55:50;USR-1109;2007-12-25;M;PS5;3;480;750;Card;CS2;;0
SESS-17068;2026-08-02 08:05:56;USR-1115;2001-08-07;M;PS5;3;480;750;App;CS2;4.5;0
SESS-10513;2026-08-15 20:07:48;USR-1689;2010-02-14;M;Bootcamp;1;0;150;Card;CS2;;0
SESS-16045;2026-08-01 14:33:26;USR-1070;2007-01-05;M;PS5;2;0;500;Card;CS2;;0
SESS-11336;2026-08-26 20:56:26;USR-1070;2007-01-05;M;Standard;4;0;400;Card;CS2;5.0;0
SESS-16126;2026-08-07 01:48:11;USR-1354;2006-11-15;m;PS5;2;160;500;Card;CS2;5.0;0
SESS-13632;2026-08-23 17:49:17;USR-1743;2009-08-03;F;VIP;3;0;600;App;Deadlock;5.0;0
SESS-11367;2026-08-01 16:14:11;USR-1581;1996-10-10;M;Standard;2;240;200;Card;GTA V;4.0;0
SESS-10317;2026-08-14 12:31:55;USR-1391;2005-03-11;M;Bootcamp;2;336;270;Card;CS2;5.0;1
SESS-11312;2026-08-02 11:54:37;USR-1000;2005-11-15;Мужской;Bootcamp;4;0;540;App;CS2;;1
SESS-16536;2026-08-16 16:23:50;USR-1130;2011-08-14;M;Standard;3;251;270;App;CS2;5.0;1
SESS-11102;2026-08-29 14:38:57;USR-1000;2005-11-15;M;VIP;2;400;400;App;CS2;;0
SESS-15059;2026-08-31 16:19:42;USR-1487;2006-10-22;M;VIP;4;790;800;App;CS2;;0
SESS-11413;2026-08-05 17:32:55;USR-1703;2005-01-04;M;Bootcamp;2;0;300;App;Deadlock;;0
SESS-11484;2026-08-15 11:24:42;USR-1041;1992-05-02;M;Standard;3 ч.;0;300;Card;GTA V;4.5;0
SESS-14128;2026-08-07 19:21:22;USR-1125;2002-08-14;M;Standard;1;80;100;Card;Apex Legends;;0
SESS-16961;2026-08-21 01:39:12;USR-1148;1993-02-16;M;Bootcamp;5;1200;750;App;Cyberpunk 2077;;0
SESS-13981;2026-08-14 20:41:34;USR-1088;2004-05-15;M;PS5;2;240;500;Card;CS2;;0
SESS-12050;2026-08-17 23:52:19;USR-1185;2000-09-18;F;VIP;5;0;1000;Card;Cyberpunk 2077;;0
SESS-16499;2026-08-29 17:42:09;USR-1663;2006-11-18;M;PS5;2;320;5ОО;App;CS2;;0
SESS-10720;2026-08-03 17:02:13;USR-1338;2004-10-27; M ;Standard;1;168;90;Card;Dota 2;;1
SESS-16383;2026-08-20 10:42:53;USR-1093;1995-09-19;M;Standard;3;540;300;Card;GTA V;4.0;0
SESS-13087;2026-08-18 18:41:36;USR-1043;2007-04-22;M;PS5;2;0;500;Card;Deadlock;;0
SESS-12674;2026-08-21 21:54:07;USR-1726;2005-02-17;M;Standard;3;672;270;Cash;Valorant;4.0;1
SESS-14981;2026-08-15 14:13:34;USR-1229;2007-06-14;M;PS5;2;0;500;Card;Valorant;;0
SESS-12004;2026-08-28 02:02:12;USR-1027;1997-11-04;F;VIP;4;1610;720;Card;Dota 2;3.0;1
SESS-12690;2026-08-18 19:53:55;USR-1358;2004-05-16;F;Bootcamp;4;0;600;App;CS2;;0
SESS-10026;2026-08-25 21:59:56;USR-1631;2007-08-07;F;Standard;1;120;100;Cash;CS2;;0
SESS-14537;2026-08-19 18:54:18;USR-1271;2009-10-10;M;Standard;3;251;270;Cash;CS2;4.0;1
SESS-14640;2026-08-28 11:25:19;USR-1535;2008-07-10;M;VIP;1;0;200;Card;CS2;;0
SESS-13508;2026-08-16 19:16:06;USR-1060;1990-02-23;M;PS5;3;690;750;Card;CS2;4.5;0
SESS-11968;2026-08-25 18:05:25;USR-1099;2004-01-10;F;VIP;5;0;900;Card;Deadlock;4.5;1
SESS-14581;2026-08-28 12:19:49;USR-1207;2012-09-11;M;Standard;2;80;200;App;CS2;4.0;0
SESS-11116;2026-08-22 22:48:38;USR-1467;2006-07-05;F;Standard;12;0;1200;Card;CS2;4.5;0
SESS-13266;2026-08-30 18:53:46;USR-1073;2010-12-24;M;Standard;4;0;400;App;Minecraft;;0
SESS-14969;2026-08-20 14:55:25;USR-1122;2004-02-05;M;Standard;2;0;180;;Dota 2;;1
SESS-15479;2026-08-28 01:15:31;USR-1767;2003-06-20;M;Standard;5;400;500;Card;Deadlock;;0
SESS-13982;2026-08-02 15:07:58;USR-1420;1997-02-08;M;VIP;3;840;600;Card;Cyberpunk 2077;;0
SESS-15837;2026-08-21 21:55:00;USR-1115;2001-08-07;M;Bootcamp;1;378;135;App;Valorant;5.0;1
SESS-11517;2026-08-14 16:08:48;USR-1067;2006-04-02;M;Bootcamp;3;616;405;App;Deadlock;;1
SESS-16614;2026-08-15 15:45:22;USR-1252;2007-11-03;M;Standard;1;160;100;Card;Valorant;4.0;0
SESS-16476;2026-08-21 01:02:40;USR-1676;1998-07-07;M;Standard;5;0;450;App;CS2;;1
SESS-10149;2026-08-03 16:49:08;USR-1093;1995-09-19;M;VIP;3;1050;600;Card;CS2;;0
SESS-16515;2026-08-18 23:02:01;USR-1500;2012-09-28;M;Standard;5;400;500;Card;Minecraft;4.0;0
SESS-10458;2026-08-24 16:09:34;USR-1453;1994-05-01;M;PS5;1;0;250;Card;GTA V;;0
SESS-15864;2026-08-27 13:51:58;USR-1771;2007-03-05;M;Standard;1;168;90;Card;CS2;3.0;1
SESS-15902;2026-08-26 16:53:44;USR-1057;2002-08-25;M;Bootcamp;4;560;600;Card;Valorant;;0
SESS-10140;2026-08-29 20:44:30;USR-1733;2007-06-21;M;Bootcamp;1;310;150;Card;Dota 2;4.0;0
SESS-15470;2026-08-11 18:13:13;USR-1038;2023-06-15;M;PS5;-2;0;750;Card;Valorant;4.5;0
SESS-12643;2026-08-13 15:31:10;USR-1051;2005-01-12;M;Bootcamp;1;0;150;Card;CS2;5.0;0
SESS-16000;2026-08-27 18:06:52;USR-1576;2005-07-05;F;PS5;1;0;250;App;Valorant;4.5;0
;2026-08-07 12:36:40;;1995-12-22;M;VIP;8;2150;1600;Cash;PUBG;4.5;0
SESS-13168;2026-08-20 15:19:40;USR-1489;2011-07-19;1;PS5;4;448;900;Card;Dota 2;3.0;1
SESS-13173;2026-08-14 14:07:51;USR-1791;1995-04-04;M;PS5;1;0;250;Card;CS2;;0
SESS-12840;2026-08-08 18:23:24;USR-1758;2006-09-14;F;VIP;1;0;200;Card;CS2;5.0;0
SESS-10396;2026-08-19 21:05:35;USR-1079;2003-02-01;F;Bootcamp;1;310;150;Card;Valorant;;0
SESS-12704;2026-08-02 03:43:56;USR-1263;2005-12-11;M;Standard;4;320;400;Card;Apex Legends;3.0;0
SESS-14425;2026-08-23 19:02:48;USR-1100;2003-04-03;M;Standard;5;600;500;Card;Dota 2;4.5;0
SESS-16601;2026-08-01 17:29:30;USR-1328;2005-04-15;M;PS5;2;448;450;Cash;CS2;;1
SESS-14662;2026-08-03 15:41:16;USR-1561;2006-05-15;M;Standard;2;0;200;App;CS2;4.5;0
SESS-14657;2026-08-25 20:37:35;USR-1223;2010-02-18;M;Standard;2;0;200 ₽;App;Apex Legends;;0
SESS-10018;2026-08-03 12:35:45;USR-1064;2006-08-21;F;Bootcamp;3;0;405;App;Dota 2;4.5;1
SESS-11493;2026-08-14 21:04:28;USR-1355;2003-03-22;M;Bootcamp;3;616;405;Card;Dota 2;5.0;1
SESS-10691;2026-08-28 20:51:29;USR-1108;2005-03-19;M;Standard;2;0;200;Card;CS2;;0
SESS-15155;2026-08-01 18:28:11;USR-1107;2011-02-22;M;Standard;1;0;100;Card;Dota 2;;0
SESS-11684;2026-08-31 20:04:34;USR-1556;2005-04-09;M;Bootcamp;1;0;150;App;Deadlock;;0
SESS-13192;2026-08-09 19:05:44;USR-1676;1998-07-07;M;VIP;3;900;600;Card;Browser/Work;;0
SESS-13801;2026-08-05 23:16:09;USR-1076;2004-03-02;M;Standard;12;1440;1200;;Dota 2;3.0;0
SESS-14936;2026-08-12 18:28:14;USR-1390;1994-03-20;M;Standard;4;672;360;Card;Cyberpunk 2077;3.0;1
SESS-14014;2026-08-10 18:18:03;USR-1539;2002-09-26;M;Bootcamp;1;240;150;Card;Valorant;5.0;0
SESS-16192;2026-08-06 17:59:20;USR-1770;2008-02-15;F;Bootcamp;3;616;405;Card;Deadlock;4.5;1
SESS-15932;2026-08-15 01:41:55;USR-1679;2002-11-05;M;Standard;5;1120;450;App;Dota 2;3.0;1
SESS-11691;2026-08-11 11:42:32;USR-1028;2008-11-24;M;Standard;2;0;200;App;Dota 2;2.0;0
SESS-15238;2026-08-01 23:58:20;USR-1132;2008-09-20;M;Bootcamp;5;880;750;Card;Valorant;5.0;0
SESS-14023;2026-08-30 15:19:39;USR-1652;2004-12-09;M;Standard;3;672;270;Card;Dota 2;;1
SESS-13508;2026-08-16 19:16:06;USR-1060;1990-02-23;M;PS5;3;690;750;Card;CS2;4.5;0
SESS-15392;2026-08-27 12:41:31;USR-1116;2003-02-05;F;Bootcamp;8;720;1200;App;CS2;4.5;0
SESS-13304;2026-08-16 14:59:09;USR-1601;2010-08-01;F;Bootcamp;5;280;675;Card;CS2;;1
SESS-13212;2026-08-20 08:44:44;USR-1037;2010-08-28;M;Standard;3;0;300;App;Dota 2;;0
SESS-16229;2026-08-25 19:01:07;USR-1103;2008-04-20;M;Standard;2;240;200;Card;Dota 2;;0
;2026-08-08 13:27:03;USR-1551;2003-01-20;M;Standard;3;672;270;Card;CS2;3.0;1
SESS-10717;2026-08-12 20:01:27;USR-1180;2012-05-05;M;Bootcamp;4;0;540;Card;Minecraft;4.5;1
SESS-16201;2026-08-21 15:52:27;USR-1170;2001-05-18;M;Bootcamp;2;470;300;Card;CS2;;0
SESS-11036;2026-08-18 23:25:18;USR-1253;2011-10-01;M;Standard;5;400;500;Cash;GTA V;4.5;0
SESS-13327;2026-08-27 14:28:08;USR-1388;2004-05-07;M;Standard;3;672;270;Card;Minecraft;4.0;1
SESS-15770;2026-08-04 17:17:54;USR-1633;2003-08-25;M;Standard;3;0;300;Card;GTA V;;0
SESS-13517;2026-08-27 13:26:34;USR-1395;2009-08-08;M;Standard;2;0;2ОО;App;Valorant;4.0;0
SESS-14954;2026-08-09 00:59:54;USR-1208;2008-08-12;M;VIP;2;470;400;Card;Valorant;;0
SESS-16402;2026-08-29 16:40:56;USR-1079;2003-02-01;F;PS5;4;0;1000;Card;Apex Legends;;0
SESS-14437;2026-08-16 09:30:28;USR-1115;2001-08-07;M;Standard;2;0;200;App;Deadlock;;0
SESS-13302;2026-08-22 18:22:53;USR-1121;2008-02-21;M;Bootcamp;2;310;300;Card;Dota 2;;0
SESS-14462;2026-08-15 23:25:00;USR-1114;2010-06-11;F;PS5;2;0;500;App;CS2;;0
SESS-16464;2026-08-06 19:26:19;USR-1374;1993-07-26;M;Bootcamp;2;510;300;Card;GTA V;;0
SESS-16320;2026-08-27 18:08:34;USR-1148;1993-02-16;M;Standard;1;0;100;Card;Cyberpunk 2077;;0
SESS-11788;2026-08-15 01:53:40;USR-1573;2005-10-03;M;VIP;8;790;1600;Card;Dota 2;3.0;0
SESS-16721;2026-08-20 23:47:25;USR-1422;2006-09-19;M;Standard;8;0;800;Card;CS2;2.0;0
SESS-10084;2026-08-11 12:16:08;USR-1508;2003-08-20;M;PS5;8;960;2000;Card;Dota 2;5.0;0
SESS-13223;2026-08-07 15:31:49;USR-1031;2010-03-02;M;PS5;2;0;500;Cash;GTA V;;0
SESS-14404;2026-08-14 17:49:51;USR-1058;2006-06-09;M;Bootcamp;2;0;300;App;Dota 2;;0
SESS-11902;2026-08-10 17:46:38;USR-1050;14.08.2008;M;Standard;2;160;200;Card;Dota 2;;0
SESS-10903;2026-08-02 21:58:55;USR-1131;2006-08-05;M;Bootcamp;3;882;405;Card;CS2;5.0;1
SESS-14822;2026-08-16 17:54:51;USR-1043;2007-04-22;M;Standard;2;0;200;Card;Dota 2;;0
SESS-15016;2026-08-01 12:12:23;USR-1262;2006-01-15;F;Bootcamp;3;0;450;App;Valorant;;0
SESS-11915;2026-08-13 14:35:55;USR-1020;06.09.2011;M;Standard;3;0;300;App;Deadlock;4.5;0
SESS-11213;2026-08-30 17:31:58;USR-1014;2010-10-27;M;Bootcamp;1;0;150;Cash;Minecraft;;0
SESS-10604;2026-08-04 15:15:18;USR-1075;2023-06-15;M;VIP;999;0;600;App;Dota 2;;0
SESS-14593;2026-08-09 11:45:11;USR-1564;2002-05-01;M;Standard;2;160;200;Card;Dota 2;;0
SESS-14830;2026-08-22 18:26:51;USR-1020;2011-09-06;M;Standard;2;160;200;App;CS2;4.0;0
SESS-10319;2026-08-06 18:17:52;USR-1153;2006-11-27;M;Standard;3;672;270;Card;CS2;;1
SESS-16058;2026-08-21 19:51:59;USR-1509;1994-03-11;M;PS5;2;510;500;Card;CS2;;0
SESS-11807;2026-08-06 15:13:44;USR-1653;2006-09-10;F;VIP;1;230;200;Card;CS2;;0
SESS-10251;2026-08-23 19:14:35;USR-1073;2010-12-24;M;Standard;3;240;300;App;Deadlock;;0
SESS-17004;2026-08-02 15:02:16;USR-1195;2005-08-17;M;Standard;1;80;100;Card;Valorant;4.0;0
SESS-10906;2026-08-02 03:58:17;USR-1060;1990-02-23;M;PS5;3;0;750;Card;GTA V;4.0;0
SESS-15732;2026-08-08 20:57:04;USR-1059;2012-10-27;F;VIP;3;336;540;App;Minecraft;3.0;1
SESS-13937;2026-08-14 15:30:46;USR-1688;2006-04-27;M;PS5;2;0;500;;Deadlock;;0
SESS-13744;2026-08-11 21:13:44;USR-1202;2004-09-21;F;Standard;3;503;270;Card;Dota 2;;1
SESS-11528;2026-08-08 12:30:33;USR-1081;2004-02-04;M;Standard;1;0;100;Card;Valorant;;0
SESS-14771;2026-08-20 13:07:53;USR-1409;2007-05-15;M;Standard;4;640;400;App;Valorant;;0
SESS-14866;2026-08-08 18:28:27;USR-1772;2005-07-01;M;Bootcamp;2;0;300;Card;Dota 2;;0
SESS-13339;2026-08-17 00:32:31;USR-1178;2011-04-10;M;Standard;12;0;1200;Card;CS2;4.5;0
SESS-14286;2026-08-27 08:39:00;USR-1006;2005-05-17;M;Standard;2;320;200;App;Dota 2;4.5;0
SESS-15002;2026-08-17 19:13:21;USR-1434;2003-07-23;M;PS5;5;400;1250;Card;CS2;;0
SESS-10031;2026-08-17 18:20:13;USR-1710;2003-03-07;F;VIP;5;950;1000;App;Dota 2;;0
SESS-17002;2026-08-23 05:53:14;USR-1222;2006-11-04;M;Standard;1;0;100;Cash;Dota 2;;0
SESS-11310;2026-08-16 19:30:09;USR-1003;2008-10-26;M;Standard;3;240;300;Card;CS2;4.0;0
SESS-13294;2026-08-30 23:17:55;USR-1091;2007-11-13;M;Standard;12;1920;1200;App;CS2;4.5;0
SESS-14834;2026-08-02 21:06:00;USR-1078;1995-10-22;F;VIP;5;1959;900;App;Dota 2;;1
SESS-15068;2026-08-15 18:27:36;USR-1340;2005-09-12;M;Bootcamp;1;230;150;Cash;CS2;;0
SESS-11194;2026-08-09 09:42:56;USR-1683;1993-12-17;F;VIP;3;900;600;App;PUBG;;0
SESS-14471;2026-08-07 20:39:34;USR-1133;2005-08-18;M;Bootcamp;2;320;300;Card;Dota 2;;0
SESS-14209;2026-08-28 17:03:05;USR-1003;2008-10-26;M;VIP;1;230;200;App;CS2;;0
SESS-10184;2026-08-27 14:56:23;USR-1367;2008-06-11;M;Standard;12;1440;1200;Card;Dota 2;;0
SESS-10816;2026-08-17 18:04:45;USR-1157;2005-06-14;M;Bootcamp;3;0;405;Card;Dota 2;4.5;1
SESS-10999;2026-08-07 21:03:12;USR-1088;2004-05-15;M;Bootcamp;8;0;1080;App;PUBG;;1
SESS-14444;2026-08-20 12:45:09;USR-1657;2005-07-10;M;VIP;2;400;400;Card;Deadlock;;0
SESS-14139;2026-08-16 18:13:07;USR-1442;2005-01-20;M;VIP;2;0;400;Card;Minecraft;5.0;0
;2026-08-27 18:47:56;;2008-04-20;M;PS5;3;0;675;Card;Dota 2;4.0;1
SESS-10134;2026-08-18 18:43:29;USR-1412;2023-06-15;M;VIP;999;0;800;App;Minecraft;4.5;0
SESS-10790;2026-08-23 17:08:54;USR-1071;2007-09-17;M;Standard;3;0;270;App;CS2;;1
SESS-14011;2026-08-09 15:27:42;USR-1303;2006-10-23;M;Standard;3;0;300;App;Minecraft;4.0;0
SESS-11103;2026-08-04 21:52:26;USR-1282;2005-08-11;F;Standard;3;503;270;App;Dota 2;;1
SESS-10079;2026-08-05 14:28:34;USR-1004;01/08/2006;M;VIP;3;0;600;Card;Valorant;5.0;0
SESS-16678;2026-08-17 01:09:41;USR-1074;2004-09-03;M;Standard;12;0;1200;Card;Dota 2;;0
SESS-13780;2026-08-05 13:56:59;USR-1073;2010-12-24;M;Standard;2;80;200;App;Dota 2;;0
SESS-10419;2026-08-14 17:38:51;USR-1101;1997-03-02;M;PS5;12;3234;2700;App;CS2;;1
SESS-10560;2026-08-29 22:35:10;USR-1259;2005-08-15;M;Bootcamp;8;0;1200;App;Dota 2;;0
SESS-13994;2026-08-04 05:49:34;USR-1093;1995-09-19;M;Standard;1;0;100;Card;Deadlock;;0
SESS-12277;2026-08-11 19:45:38;USR-1316;1988-06-07;M;VIP;3;900;600;Card;PUBG;4.5;0
SESS-16662;2026-08-13 17:25:07;USR-1389;2005-02-24;F;PS5;5;840;1125;App;CS2;;1
SESS-17032;2026-08-24 14:05:46;USR-1502;1990-03-10;M;PS5;3;0;675;Card;Cyberpunk 2077;;1
SESS-13498;2026-08-21 16:50:14;USR-1415;2011-09-13;M;Standard;1;0;100;App;CS2;;0
SESS-12206;2026-08-13 19:55:08;USR-1490;2010-04-27;M;Standard;8;896;720;App;Valorant;4.0;1
SESS-16467;2026-08-01 14:54:31;USR-1043;2007-04-22;M;VIP;2;310;400;Card;CS2;4.0;0
SESS-10465;2026-08-07 14:23:08;USR-1504;2004-11-27;M;VIP;3;714;540;App;Valorant;5.0;1
SESS-15811;2026-08-02 21:29:23;USR-1799;2010-09-02;M;Bootcamp;1;0;150;Cash;CS2;4.0;0
SESS-16982;2026-08-13 18:13:29;USR-1127;2009-06-13;M;PS5;2;0;500;Cash;Minecraft;;0
SESS-16955;2026-08-14 20:36:31;USR-1073;2010-12-24;M;PS5;2;0;500;App;CS2;;0
SESS-15187;2026-08-19 23:57:54;USR-1548;2009-01-20;M;Bootcamp;5;0;750;App;CS2;3.0;0
;2026-08-10 15:37:25;;1992-12-18;M;Bootcamp;3;0;450;Card;Cyberpunk 2077;;0
SESS-12517;2026-08-25 19:52:58;USR-1732;2005-07-01;M;Standard;2;0;200;App;Valorant;4.0;0
SESS-10117;2026-08-29 19:04:34;USR-1412;2009-12-06;M;Bootcamp;1;60;150;Cash;Minecraft;4.0;0
SESS-14820;2026-08-23 01:26:48;USR-1138;2002-01-01;M;Bootcamp;5;770;675;App;CS2;4.0;1
SESS-15425;2026-08-29 17:20:14;USR-1105;2008-12-10;M;VIP;5;672;900;Card;CS2;5.0;1
SESS-11613;2026-08-31 18:12:39;USR-1113;2005-12-17;M;VIP;4;560;800;Card;CS2;3.0;0
SESS-12142;2026-08-21 10:06:08;USR-1015;2011-11-25;M;PS5;3;0;75О;Card;GTA V;;0
SESS-11369;2026-08-09 20:12:27;USR-1008;1991-02-01;F;VIP;2;0;400;App;Dota 2;;0
SESS-10268;2026-08-12 15:25:01;USR-1351;2012-06-13;M;Standard;3;0;300;Cash;Minecraft;4.5;0
SESS-14360;2026-08-07 21:58:26;USR-1652;1886-09-20;M;PS5;999;0;1250;Card;Dota 2;5.0;0
SESS-12346;2026-08-07 14:31:08;USR-1105;2008-12-10;M;VIP;3;560;600;Card;CS2;;0
SESS-14984;2026-08-08 14:34:51;USR-1321;2010-05-10;M;Standard;3;0;300;Cash;CS2;;0
SESS-16720;2026-08-26 10:33:07;USR-1074;2004-09-03;M;Standard;2;448;180;Card;Dota 2;;1
SESS-11243;2026-08-07 19:05:27;USR-1560;2007-10-06;M;VIP;1;230;200;Card;Minecraft;;0
SESS-15477;2026-08-20 15:51:35;USR-1745;1992-10-09;M;VIP;2;390;400;Card;Dota 2;5.0;0
SESS-10786;2026-08-10 18:55:21;USR-1005;1997-04-20;M;PS5;3;0;750;Card;Dota 2;;0
SESS-13325;2026-08-01 20:04:22;USR-1781;1886-09-20;M;Standard;-2;672;270;Card;CS2;;1
SESS-15098;2026-08-29 09:37:48;USR-1145;2000-12-11;M;Standard;2;503;180;Card;CS2;;1
SESS-10814;2026-08-11 23:16:31;USR-1326;1991-02-19;M;Standard;12;4200;1080;Card;Dota 2;4.5;1
SESS-15544;2026-08-24 14:59:06;USR-1107;2011-02-22;M;Standard;5;300;5ОО;Cash;Minecraft;;0
SESS-13296;2026-08-31 13:07:41;USR-1100;2003-04-03;M;Bootcamp;2;0;300;;Minecraft;;0
SESS-12577;2026-08-25 18:32:13;USR-1149;2006-12-05;M;VIP;1;0;200;Cash;Dota 2;4.5;0
SESS-14693;2026-08-02 19:01:16;USR-1731;1998-02-04;M;VIP;2;0;400;Card;Cyberpunk 2077;4.0;0
SESS-14224;2026-08-25 15:08:46;USR-1001;2007-02-26;M;Standard;3;672;270;App;Deadlock;4.5;1
SESS-13567;2026-08-29 18:31:53;USR-1333;2006-01-18;M;Standard;2;0;200;Card;Valorant;;0
SESS-11702;2026-08-06 11:05:07;USR-1423;2009-08-02;M;PS5;4;0;1000;App;CS2;4.5;0
SESS-10616;2026-08-09 13:32:30;USR-1096;2007-03-05;M;Standard;2;0;200;App;CS2;;0
SESS-13634;2026-08-28 17:11:48;USR-1427;2000-01-10;M;Bootcamp;4;1610;540;Card;PUBG;;1
SESS-13537;2026-08-10 09:25:33;USR-1001;2007-02-26;M;Standard;3;0;300;Card;Dota 2;;0
SESS-15986;2026-08-23 18:45:31;USR-1351;2012-06-13;M;Standard;1;40;100;App;Valorant;;0
SESS-14240;2026-08-08 14:52:32;USR-1265;2010-01-24;M;Standard;3;0;300;App;Deadlock;4.5;0
SESS-15916;2026-08-24 20:10:19;USR-1139;2012-11-24;M;VIP;2;0;400;Card;Dota 2;;0
SESS-12168;2026-08-30 21:00:50;USR-1133;2005-08-18;M;Standard;2;0;200;Card;Dota 2;;0
SESS-14317;2026-08-25 21:51:56;USR-1013;2012-02-18;M;Bootcamp;2;120;300;App;Deadlock;;0
SESS-13026;2026-08-24 10:30:12;USR-1460;2011-12-11;M;VIP;2;0;400;App;Minecraft;5.0;0
SESS-13841;2026-08-16 20:24:53;USR-1192;2003-04-24;M;Bootcamp;2;0;300;Card;CS2;;0
SESS-10284;2026-08-30 01:51:49;USR-1566;2006-01-25;M;VIP;3;0;600;Card;Valorant;;0
SESS-15217;2026-08-25 18:08:08;USR-1067;2006-04-02;M;PS5;2;0;500;Cash;Deadlock;;0
SESS-11351;2026-08-11 12:23:50;USR-1332;2004-11-09;M;VIP;1;224;180;Card;CS2;5.0;1
SESS-10721;2026-08-18 20:23:18;USR-1412;2009-12-06;M;VIP;2;80;400;Cash;Dota 2;5.0;0
SESS-15296;2026-08-22 18:12:53;USR-1165;1999-09-15;M;Bootcamp;1;0;135;Card;Deadlock;;1
SESS-12505;2026-08-01 18:09:53;USR-1267;2004-12-08;M;Standard;5;800;500;Card;Dota 2;4.5;0
SESS-12300;01.08.2026 10:41:04;USR-1518;2007-03-09;M;Standard;3;360;300;Card;CS2;;0
SESS-15767;2026-08-22 12:10:29;USR-1682;2005-01-18;M;PS5;2;0;500;App;CS2;4.0;0
SESS-11923;2026-08-15 00:24:18;USR-1028;2008-11-24;M;Bootcamp;8;1110;1200;Card;Dota 2;3.0;0
SESS-10595;2026-08-20 20:49:39;USR-1534;2002-03-25;M;Standard;2;0;200;Card;CS2;;0
SESS-17051;2026-08-30 18:12:25;USR-1329;2001-05-11;M;PS5;4;480;1000;Cash;Dota 2;4.5;0
SESS-16252;2026-08-25 16:51:27;USR-1680;2006-07-25;M;Standard;3;0;270;Card;Valorant;4.0;1
SESS-13862;2026-08-25 18:37:47;USR-1089;2002-06-04;F;VIP;2;0;400;Card;CS2;;0
SESS-12324;2026-08-15 23:41:05;USR-1641;2009-10-17;M;Standard;5;400;500;App;GTA V;3.0;0
SESS-12943;2026-08-29 21:40:24;USR-1017;1994-02-15;M;Standard;5;0;450;Card;GTA V;4.5;1
SESS-12315;2026-08-07 18:58:28;USR-1148;1993-02-16;M;Standard;3;750;300;App;Dota 2;;0
;2026-08-09 21:57:12;USR-1132;2008-09-20;M;Standard;8;0;800;Card;CS2;;0
SESS-15698;29.08.2026 15:09:06;USR-1388;2004-05-07;M;Standard;1;0;100;Card;Valorant;;0
SESS-14118;2026-08-18 19:29:28;USR-1093;1995-09-19;M;VIP;3;0;600;Card;CS2;;0
SESS-10508;2026-08-15 14:03:55;USR-1255;2011-03-26;F;Bootcamp;3;0;450;Card;Valorant;;0
SESS-13827;2026-08-07 15:21:43;USR-1552;2012-06-16;M;Standard;4;0;400;Cash;Minecraft;4.0;0
SESS-14040;2026-08-04 17:59:18;USR-1720;2012-11-25;F;Standard;2;160;200;App;Minecraft;5.0;0
SESS-11350;2026-08-09 21:06:31;USR-1470;1992-02-25;M;PS5;3;1050;750;Card;CS2;4.5;0
SESS-13574;2026-08-20 19:10:43;USR-1009;1997-10-05;F;VIP;2;756;360;Card;Deadlock;5.0;1
SESS-12760;2026-08-01 15:08:46;USR-1542;1990-10-16;M;Standard;4;0;400;App;CS2;1.0;0
SESS-11341;2026-08-13 15:14:39;USR-1457;2009-10-17;M;Standard;1;0;100;App;Minecraft;;0
SESS-14152;2026-08-21 18:22:19;USR-1089;2002-06-04;F;Standard;4;448;360;Card;Deadlock;4.5;1
SESS-16630;2026-08-24 21:14:43;USR-1215;2007-05-16;M;PS5;5;400;1250;Card;Deadlock;4.0;0
SESS-10168;2026-08-09 22:32:19;USR-1074;2004-09-03;M;Standard;8;896;720;App;CS2;3.0;1
SESS-15257;2026-08-09 15:45:30;USR-1153;2006-11-27;M;Standard;3;0;300;Card;Dota 2;1.0;0
SESS-15040;2026-08-20 22:43:33;USR-1079;2003-02-01;F;Bootcamp;12;2070;1800;Card;Valorant;;0
SESS-14804;2026-08-30 20:01:51;USR-1782;2010-04-14;M;Standard;3;0;300;Card;Valorant;4.0;0
SESS-11603;2026-08-07 19:17:02;USR-1374;1993-07-26;M;Standard;2;500;200;Card;Browser/Work;;0
SESS-12709;2026-08-31 22:33:42;USR-1277;2005-11-21;M;PS5;12;2688;2700;Card;CS2;5.0;1
SESS-12703;2026-08-01 14:11:50;USR-1764;2004-03-12;F;VIP;3;882;540;Card;CS2;;1
SESS-10931;2026-08-09 13:49:10;USR-1141;1998-03-28;M;VIP;3;1470;540;Card;CS2;;1
SESS-11099;2026-08-18 14:37:10;USR-1097;2010-04-26;M;Standard;2;120;200;Cash;CS2;;0
SESS-14847;2026-08-21 17:01:40;USR-1542;1990-10-16;M;Standard;2;500;200;Card;Cyberpunk 2077;4.5;0
SESS-11996;2026-08-09 15:11:00;USR-1495;2004-10-04;M;VIP;2;400;400;Card;Dota 2;;0
SESS-11636;2026-08-10 00:54:30;USR-1068;03.04.1993;M;VIP;5;750;1000;Card;CS2;4.0;0
SESS-12761;2026-08-08 16:26:34;USR-1605;2006-06-01;M;Standard;3;480;300;App;Dota 2;5.0;0
SESS-13950;2026-08-07 16:53:25;USR-1284;2012-02-26;M;Standard;1;80;100;Card;Minecraft;;0
SESS-13274;2026-08-29 17:11:18;USR-1153;2006-11-27;M;Bootcamp;3;714;405;Card;Dota 2;4.5;1
SESS-11412;2026-08-09 18:56:47;USR-1091;2007-11-13;M;Standard;1;0;100;Card;CS2;4.5;0
SESS-13375;2026-08-23 22:51:02;USR-1408;1994-03-23;M;VIP;8 ч.;2300;1600;Card;Cyberpunk 2077;;0
SESS-10627;2026-08-02 17:38:10;USR-1420;1997-02-08;M;Bootcamp;1;0;150;Card;Cyberpunk 2077;;0
SESS-13802;2026-08-29 19:46:53;USR-1193;2012-06-23;M;Standard;8 ч.;320;800;App;Valorant;4.5;0
SESS-16533;2026-08-31 19:12:39;USR-1357;1992-05-25;M;PS5;1;480;250;Card;CS2;;0
SESS-13185;2026-08-15 10:01:18;USR-1660;2011-07-03;M;Standard;5;0;500;App;Minecraft;1.0;0
SESS-13345;2026-08-25 20:51:05;USR-1049;1997-11-16;M;VIP;2;540;400;Card;Browser/Work;;0
SESS-10063;2026-08-06 01:04:47;USR-1157;2005-06-14;M;Standard;5;0;500;Card;PUBG;3.0;0
SESS-13988;2026-08-27 18:04:16;USR-1222;2006-11-04;M;Standard;2;336;180;App;CS2;;1
SESS-10334;2026-08-20 11:48:19;USR-1781;2006-08-24;M;Standard;2;0;200;Card;CS2;4.5;0
SESS-11183;2026-08-04 18:11:21;USR-1540;1993-02-15;M;Bootcamp;2;0;300;Card;Deadlock;;0
SESS-12211;2026-08-04 13:29:06;USR-1315;2002-01-22;M;VIP;4;400;800;App;Valorant;4.5;0
SESS-13888;2026-08-13 11:01:39;USR-1057;2002-08-25;M;Standard;2;160;200;App;CS2;4.5;0
SESS-10400;2026-08-14 06:43:18;USR-1039;2003-04-10;F;Bootcamp;3;630;450;Cash;CS2;5.0;0
SESS-11658;2026-08-04 14:12:11;USR-1103;;M;Standard;4;0;360;Card;Apex Legends;5.0;1
SESS-12146;2026-08-28 14:54:56;USR-1068;1993-04-03;M;Bootcamp;3;0;450;Card;CS2;4.5;0
SESS-11939;2026-08-15 20:29:22;USR-1014;2023-06-15;M;Bootcamp;999;0;450;App;Minecraft;;0
SESS-15630;2026-08-11 20:46:59;USR-1016;2005-05-28;F;Standard;2;0;200;Card;Dota 2;;0
SESS-11458;2026-08-31 10:47:14;USR-1060;1990-02-23;M;Standard;1;0;100;App;CS2;3.0;0
SESS-13011;2026-08-05 19:13:22;USR-1027;1997-11-04;F;VIP;4;1092;720;Card;Dota 2;4.5;1
SESS-11890;2026-08-02 15:38:00;USR-1207;2012-09-11;M;Bootcamp;2;168;270;Cash;Valorant;4.0;1
SESS-13073;2026-08-28 23:49:41;USR-1786;2010-02-08;M;VIP;8;0;1600;App;CS2;5.0;0
SESS-15994;2026-08-11 16:52:12;USR-1598;2011-09-27;M;Bootcamp;1;0;150;Card;CS2;;0
SESS-14036;2026-08-10 11:23:15;USR-1556;2005-04-09;M;Bootcamp;5;770;675;Card;CS2;4.5;1
SESS-15690;2026-08-31 18:08:46;USR-1676;1998-07-07;M;VIP;2;800;400;Card;CS2;5.0;0
SESS-11394;2026-08-21 17:34:19;USR-1702;1990-01-22;F;PS5;1;400;250;Card;Cyberpunk 2077;;0
SESS-16728;2026-08-12 06:36:59;USR-1415;2011-09-13;M;Standard;5;280;450;App;Dota 2;5.0;1
SESS-15120;2026-08-11 13:17:13;USR-1211;1997-10-07;M;VIP;3;1050;600;Card;Dota 2;5.0;0
SESS-16798;2026-08-27 02:14:49;USR-1097;2010-04-26;M;Bootcamp;1;40;150;App;Dota 2;;0
SESS-10403;2026-08-09 22:15:57;USR-1449;2007-04-21;M;Bootcamp;8;790;1200;App;CS2;4.5;0
SESS-11575;2026-08-25 22:44:01;USR-1546;2008-04-14;M;Bootcamp;5;0;750;App;CS2;3.0;0
SESS-13227;2026-08-10 21:25:59;USR-1423;2009-08-02;M;Bootcamp;2;0;300;App;Minecraft;;0
SESS-12717;2026-08-22 13:20:29;USR-1304;2005-07-18;M;Standard;3;503;270;App;CS2;;1
SESS-15457;2026-08-19 12:53:53;USR-1429;2011-02-10;M;VIP;1;0;200;Card;Minecraft;;0
SESS-14677;2026-08-14 17:45:35;USR-1119;2003-06-06;F;VIP;2;320;400;Card;PUBG;;0
SESS-10440;2026-08-31 15:02:38;USR-1159;2004-02-12;M;Bootcamp;2;0;300;Card;Valorant;;0
SESS-13955;2026-08-26 15:56:34;USR-1026;2004-11-05;M;Bootcamp;2;0;300;App;Dota 2;;0
SESS-11266;2026-08-23 22:39:31;USR-1139;2012-11-24;M;Standard;3;0;300;Cash;CS2;3.0;0
SESS-12332;2026-08-02 15:29:10;USR-1017;1994-02-15;M;Standard;4;672;360;;CS2;;1
SESS-13066;2026-08-28 13:30:01;USR-1794;2003-09-04;M;Standard;2;0;200;App;Valorant;;0
SESS-14116;2026-08-12 09:46:32;USR-1027;1997-11-04;F;Standard;3;1050;270;Card;Dota 2;;1
SESS-15318;2026-08-18 18:36:24;USR-1459;2002-07-10;F;VIP;2;0;400;App;Dota 2;4.0;0
SESS-12381;2026-08-09 19:39:46;USR-1257;2009-05-25;F;Standard;4;0;400;App;Dota 2;;0
SESS-16495;2026-08-11 16:51:56;USR-1315;2002-01-22;M;Standard;5;400;500;Card;CS2;;0
SESS-15960;2026-08-23 17:40:30;USR-1070;2007-01-05;M;Bootcamp;1;160;150;Card;Dota 2;4.0;0
SESS-12155;2026-08-06 14:51:17;USR-1384;2009-05-15;M;Standard;2;0;200;App;Deadlock;4.0;0
SESS-13668;2026-08-27 09:35:52;USR-1084;2005-03-01;F;Standard;2;448;180;App;CS2;;1
SESS-10238;2026-08-15 18:40:23;USR-1100;2003-04-03;M;Standard;5;800;500;App;CS2;;0
SESS-10477;2026-08-22 16:46:27;USR-1077;2005-03-16;M;VIP;2;240;400;Card;CS2;4.5;0
SESS-11854;2026-08-20 15:43:41;USR-1274;2007-02-14;M;VIP;2;310;400;Cash;Apex Legends;;0
SESS-13942;2026-08-14 14:04:50;USR-1097;2010-04-26;M;Bootcamp;2;168;270;App;Dota 2;;1
SESS-10599;2026-08-08 14:23:12;USR-1273;2005-03-24;M;Bootcamp;2;0;300;App;CS2;;0
SESS-13277;2026-08-29 22:02:54;USR-1733;2007-06-21;M;PS5;8;0;2000;Card;Dota 2;5.0;0
SESS-11665;2026-08-16 11:27:05;USR-1634;2000-02-27;M;PS5;2;510;500;Card;Browser/Work;;0
SESS-15015;2026-08-19 15:42:19;USR-1592;2005-06-27;M;Bootcamp;2;320;300;;Dota 2;4.0;0
SESS-11713;2026-08-22 12:23:11;USR-1036;2004-09-28;M;VIP;2;400;400;Card;CS2;4.5;0
SESS-14072;2026-08-02 12:44:04;USR-1003;2008-10-26;M;Bootcamp;2;400;300;Card;CS2;3.0;0
SESS-16278;2026-08-08 10:36:39;USR-1129;1998-11-08;M;PS5;12;2310;3000;App;Dota 2;4.5;0
SESS-15746;2026-08-01 21:23:21;USR-1097;2010-04-26;M;Bootcamp;2;0;300;Cash;CS2;;0
SESS-12172;2026-08-08 18:42:22;USR-1042;2004-06-10;M;PS5;5;600;1250;Card;CS2;;0
SESS-15841;2026-08-14 16:05:25;USR-1294;2003-10-14;F;Standard;2;0;200;Card;Cyberpunk 2077;;0
SESS-15443;2026-08-21 00:55:18;USR-1005;1997-04-20;M;PS5;5;0;1250;Card;Browser/Work;3.0;0
SESS-12688;2026-08-28 20:07:29;USR-1054;1999-10-07;F;Standard;3;750;300;Card;Dota 2;2.0;0
SESS-11231;2026-08-26 12:57:36;USR-1061;2003-09-11;M;Standard;3;0;300;App;Dota 2;4.0;0
SESS-12787;2026-08-05 09:16:16;USR-1216;2002-01-27;M;VIP;1;0;200;App;CS2;;0
SESS-15648;2026-08-07 15:57:36;USR-1492;1998-11-10;M;;Bootcamp;1;400;Card;CS2;;0
SESS-13426;2026-08-30 20:15:59;USR-1660;2011-07-03;M;Standard;3;0;270;Card;CS2;;1
SESS-15836;2026-08-04 20:08:18;USR-1168;2005-04-12;M;Standard;12;0;1200;Cash;Deadlock;;0
SESS-15972;2026-08-20 17:19:33;USR-1018;2002-11-17;M;Standard;4;0;360;App;Dota 2;;1
SESS-10598;2026-08-02 19:26:57;USR-1109;2023-06-15;M;Bootcamp;-2;882;540;Card;Dota 2;;1
SESS-14714;2026-08-03 16:50:45;USR-1368;2006-06-09;M;VIP;1;160;200;Card;Dota 2;4.0;0
SESS-15069;2026-08-01 09:33:25;USR-1685;1993-04-26;F;VIP;2;390;400;Card;CS2;;0
SESS-14076;2026-08-03 17:59:12;USR-1638;2007-02-24;F;Bootcamp;2;320;300;Card;Valorant;;0
SESS-10997;2026-08-22 17:55:14;USR-1385;1999-10-15;F;Bootcamp;2;390;300;App;CS2;;0
SESS-11670;2026-08-29 09:18:47;USR-1107;2011-02-22;M;Standard;2;80;200;Cash;Valorant;4.0;0
SESS-15807;2026-08-13 20:13:41;USR-1482;1997-09-04;M;VIP;2;0;400;Card;Cyberpunk 2077;;0
SESS-16974;2026-08-08 17:48:24;USR-1664;1997-08-14;M;PS5;1;420;250;Card;GTA V;;0
SESS-12503;2026-08-24 19:45:57;USR-1309;2006-05-24;M;VIP;4;0;720;;Dota 2;5.0;1
SESS-13183;2026-08-27 22:41:52;USR-1550;2006-12-13;M;Standard;8;0;800;App;CS2;;0
SESS-10009;2026-08-17 18:22:41;USR-1283;2010-09-11;F;;Standard;3;0;Cash;Dota 2;;0
SESS-12881;2026-08-09 12:09:53;USR-1023;2008-04-24;F;PS5;8;0;2000;App;Deadlock;;0
SESS-11641;2026-08-08 21:10:13;USR-1181;2003-01-07;F;Standard;2;320;200;Cash;Dota 2;;0
SESS-16834;2026-08-16 14:10:14;USR-1014;2010-10-27;M;Standard;1;60;100;Cash;CS2;3.0;0
SESS-12701;2026-08-27 17:24:14;USR-1644;2012-07-22;ж;Standard;2;0;200;Card;Minecraft;;0
SESS-11852;2026-08-05 15:39:35;USR-1750;1992-05-26;F;PS5;4;1092;900;Card;GTA V;4.5;1
SESS-10277;2026-08-14 22:18:27;USR-1136;1993-06-01;M;VIP;5;1050;1000;Card;Dota 2;5.0;0
SESS-16866;2026-08-08 11:07:22;USR-1519;1996-11-27;F;PS5;3;1470;675;Card;Deadlock;;1
SESS-16061;2026-08-18 00:50:12;USR-1465;2004-01-26;M;PS5;12;0;3000;Card;CS2;;0
SESS-12029;2026-08-15 16:41:29;USR-1113;2005-12-17;M;Standard;5;0;500;App;Valorant;4.0;0
SESS-16905;2026-08-23 17:33:40;USR-1675;2005-06-14;M;Bootcamp;1;200;150;Cash;CS2;4.5;0
SESS-16007;2026-08-25 17:07:09;USR-1171;2012-08-13;м;Standard;3;240;300;Cash;CS2;;0
SESS-13342;2026-08-01 20:05:07;USR-1008;1886-09-20;F;PS5;-2;1050;750;Card;CS2;;0
SESS-13271;2026-08-03 11:34:17;USR-1645;2002-09-17;M;PS5;1;0;250;App;CS2;5.0;0
SESS-14151;2026-08-18 03:46:52;USR-1293;2004-07-12;M;Standard;1;160;100;App;Dota 2;;0
SESS-12379;2026-08-02 10:29:44;USR-1449;2007-04-21;M;PS5;3;0;750;App;CS2;4.0;0
SESS-16607;2026-08-13 11:18:52;USR-1289;2007-10-10;M;PS5;3;0;750;App;Dota 2;5.0;0
SESS-10237;2026-08-14 22:40:10;USR-1093;1995-09-19;M;VIP;2;650;400 руб.;Card;CS2;;0
SESS-17011;2026-08-27 15:25:23;USR-1157;2005-06-14;M;Bootcamp;1;310;150;Card;Minecraft;;0
SESS-10045;08.08.2026 22:41:12;USR-1081;2004-02-04;M;Standard;5;1120;450;Card;CS2;4.0;1
SESS-12036;2026-08-22 17:25:02;USR-1562;2002-10-20;M;Standard;2;160;200;Card;CS2;;0
SESS-16567;2026-08-22 12:41:52;USR-1654;2012-02-24;M;PS5;2;0;500;App;CS2;5.0;0
SESS-17113;2026-08-23 18:21:44;USR-1681;2011-11-16;M;Standard;1;0;100;App;Minecraft;;0
SESS-10882;2026-08-15 19:46:50;USR-1561;2006-05-15;M;Standard;1;0;100;Card;CS2;;0
SESS-13761;2026-08-04 20:03:09;USR-1406;1998-12-17;M;VIP;1;400;200;Card;PUBG;4.5;0
SESS-13112;2026-08-08 09:54:01;USR-1384;2009-05-15;M;Standard;1;40;100;Cash;Apex Legends;;0
SESS-12333;2026-08-11 12:33:51;USR-1019;1993-10-21;M;Bootcamp;3;900;450;Card;GTA V;5.0;0
SESS-16297;2026-08-01 17:25:09;USR-1146;2005-04-03;M;Standard;2;0;200;Card;Apex Legends;;0
SESS-14393;2026-08-14 15:42:29;USR-1512;2009-10-07;M;PS5;2;120;500;Cash;Deadlock;5.0;0
SESS-11004;2026-08-27 00:40:22;USR-1261;2012-03-26;M;Standard;8;0;800;App;Minecraft;;0
SESS-12260;2026-08-19 00:50:43;USR-1346;1992-02-19;M;Bootcamp;12;2436;1620;Card;GTA V;;1
SESS-10496;2026-08-31 19:17:57;USR-1611;2009-09-07;M;Standard;2;120;200;App;Dota 2;3.0;0
SESS-11281;2026-08-13 13:11:41;USR-1068;1993-04-03;M;VIP;2;0;400;Card;Dota 2;;0
SESS-13030;2026-08-28 14:43:41;USR-1096;05.03.2007;M;Bootcamp;2;0;270;Cash;Valorant;;1
;2026-08-31 21:03:41;;2000-02-18;M;Standard;2;0;200;Card;Dota 2;3.0;0
SESS-11344;2026-08-23 23:07:12;USR-1453;1994-05-01;M;Bootcamp;5;0;750;Card;GTA V;;0
SESS-12010;2026-08-06 09:18:46;USR-1326;1991-02-19;M;VIP;3;840;600;Card;CS2;;0
SESS-15435;2026-08-03 17:18:26;USR-1210;2010-12-23;M;Standard;3;240;300;Cash;Valorant;5.0;0
SESS-10361;2026-08-19 17:13:22;USR-1447;2005-02-07;M;Standard;1;0;100;App;GTA V;;0
SESS-14455;2026-08-22 17:30:27;USR-1555;2011-04-14;F;Standard;3;0;270;App;CS2;4.5;1
SESS-16455;2026-08-09 16:32:28;USR-1477;2005-07-07;F;Standard;2;320;200;Card;Minecraft;;0
SESS-14472;2026-08-09 21:17:35;USR-1069;2004-01-15;M;VIP;2;310;400;Card;Dota 2;4.5;0
SESS-16502;2026-08-30 21:15:39;USR-1741;1998-10-22;F;PS5;1;0;250;Card;CS2;;0
SESS-14004;2026-08-11 21:15:06;USR-1138;2002-01-01;M;VIP;2;240;400;Card;Apex Legends;;0
SESS-14257;2026-08-04 02:41:59;USR-1607;2007-01-23;F;Standard;3;0;300;App;CS2;;0
SESS-10245;2026-08-07 19:26:24;USR-1356;2011-01-22;M;;Standard;1;60;Cash;Valorant;;0
SESS-14199;2026-08-16 20:22:14;USR-1760;2010-09-15;F;Bootcamp;2;0;270;App;CS2;4.5;1
SESS-10900;2026-08-15 07:58:17;USR-1753;2007-07-27;F;VIP;2;470;400;App;Dota 2;5.0;0
SESS-10838;2026-08-09 09:22:05;USR-1644;2012-07-22;F;PS5;4;448;900;Card;Minecraft;5.0;1
SESS-15162;2026-08-08 21:28:50;USR-1185;2000-09-18;F;VIP;1;420;200;Card;Cyberpunk 2077;5.0;0
SESS-11999;2026-08-29 14:03:08;USR-1128;2008-04-02;F;PS5;3;480;750;App;Dota 2;5.0;0
SESS-17135;2026-08-22 21:09:41;USR-1217;2003-04-26;M;Standard;3;0;270;Cash;CS2;;1
SESS-16830;2026-08-16 16:13:12;USR-1247;1995-01-20;M;PS5;8;0;1800;Card;CS2;5.0;1
SESS-16264;2026-08-06 03:33:40;USR-1414;2008-04-21;M;VIP;4;1106;720;Card;Cyberpunk 2077;5.0;1
SESS-11563;2026-08-14 16:01:42;USR-1012;2006-05-26;M;;PS5;2;240;Card;CS2;;0
SESS-10536;2026-08-22 01:29:26;USR-1134;2004-08-26;M;PS5;8;0;2000;Card;Dota 2;4.5;0
SESS-13560;2026-08-30 12:00:36;USR-1090;2010-05-10;M;Standard;5;0;500;Cash;CS2;;0
SESS-15220;2026-08-10 22:15:40;USR-1118;2008-09-20;F;Standard;8;960;800;App;Dota 2;4.0;0
SESS-15412;2026-08-04 02:59:29;USR-1193;2012-06-23;M;Standard;2;112;180;App;CS2;;1
SESS-15896;2026-08-21 17:19:22;USR-1240;2010-05-01;M;Standard;1;0;100;Cash;Dota 2;;0
SESS-16880;2026-08-15 15:25:47;USR-1617;2009-07-04;M;Bootcamp;8;0;1200;App;Dota 2;;0
SESS-13689;2026-08-29 01:21:01;USR-1058;2006-06-09;M;Bootcamp;8;1430;1200;Card;Dota 2;;0
SESS-16183;2026-08-29 23:51:32;USR-1697;2002-12-15;M;VIP;12;1554;2160;App;Dota 2;3.0;1
SESS-12744;2026-08-25 21:37:56;USR-1003;2008-10-26;M;Bootcamp;1;310;150;Card;CS2;;0
SESS-12817;2026-08-13 15:20:48;USR-1237;2004-01-20;M;Standard;4;672;360;Card;Valorant;;1
SESS-15000;2026-08-29 10:44:37;USR-1124;2012-08-08;M;Standard;3;251;270;Card;Deadlock;5.0;1
SESS-16321;2026-08-06 00:55:58;USR-1306;2007-01-28;M;Bootcamp;8;1360;1200;Card;Dota 2;4.5;0
SESS-12109;2026-08-16 18:45:26;USR-1555;2011-04-14;F;Standard;1;0;100;Cash;CS2;;0
SESS-16387;2026-08-26 12:49:24;USR-1770;2008-02-15;F;ps5;2;320;200;Card;Deadlock;;0
SESS-16821;2026-08-03 00:38:56;USR-1187;2004-03-01;M;Standard;8;960;800;Card;CS2;4.0;0
SESS-14606;2026-08-05 18:17:56;USR-1011;2007/06/06;M;PS5;2;160;500;Card;CS2;;0
SESS-13781;2026-08-27 16:04:08;USR-1513;2003-05-15;F;VIP;2;240;400;App;CS2;5.0;0
SESS-14773;2026-08-25 17:29:40;USR-1365;1995-04-18;M;Standard;2;0;200;;CS2;;0
SESS-16171;2026-08-02 16:19:03;USR-1114;2010-06-11;F;Standard;3;0;300;App;CS2;;0
SESS-14107;2026-08-03 21:17:09;USR-1592;2005-06-27;M;Standard;2;0;200;App;CS2;;0
SESS-11720;2026-08-13 20:44:16;USR-1478;2006-11-04;F;VIP;5;480;1000;Card;Dota 2;;0
SESS-16010;2026-08-16 18:31:01;USR-1306;2007-01-28;M;PS5;1;0;250;Card;CS2;;0
SESS-16930;2026-08-01 09:22:23;USR-1153;2006-11-27;M;Standard;1;0;100;Card;Dota 2;;0
SESS-10222;2026-08-15 16:51:35;USR-1153;2006-11-27;M;Standard;3;480;300;Card;Apex Legends;3.0;0
SESS-14621;2026-08-13 18:58:35;USR-1076;2004-03-02;M;Standard;1;160;100;Card;Valorant;;0
SESS-15742;2026-08-29 17:19:44;USR-1063;2008-01-18;F;PS5;2;224;450;App;CS2;4.5;1
SESS-12419;2026-08-15 20:44:32;USR-1104;2003-04-21;F;Standard;1;160;100;Card;Dota 2;;0
SESS-13392;2026-08-24 12:44:19;USR-1094;2004-06-11;M;Standard;3;0;300;App;Apex Legends;;0
SESS-16116;2026-08-11 16:06:01;USR-1004;2006-01-08;M;Standard;2;240;200;Card;CS2;;0
SESS-15340;2026-08-17 19:27:07;USR-1156;2009-04-26;M;Standard;3;168;270;App;CS2;4.5;1
SESS-12028;2026-08-06 18:15:10;USR-1053;1998-05-01;M;Standard;1;0;100;Card;Dota 2;;0
SESS-11507;2026-08-22 07:47:18;USR-1030;2011-05-18;M;Standard;1;0;100;App;CS2;;0
SESS-11727;2026-08-30 23:29:15;USR-1133;2005-08-18;M;VIP;8;0;1600;Card;Valorant;5.0;0
SESS-13533;2026-08-04 15:12:34;USR-1501;2009-03-16;M;Standard;1;0;100;App;GTA V;4.5;0
SESS-10996;2026-08-01 12:21:50;USR-1119;2003-06-06;F;Bootcamp;3;0;450;Card;CS2;5.0;0
SESS-12543;2026-08-29 02:15:44;USR-1437;2007-05-08;F;Bootcamp;3;0;405;App;CS2;4.5;1
SESS-16218;2026-08-25 17:48:59;USR-1143;2007-06-16;M;VIP;3;0;540;App;Dota 2;5.0;1
SESS-12477;2026-08-02 22:18:38;USR-1780;2010-08-17;M;VIP;5;0;1000;Cash;Valorant;5.0;0
SESS-15764;2026-08-13 13:01:01;USR-1309;2006-05-24;M;VIP;2;0;400;App;Deadlock;;0
SESS-16467;2026-08-01 14:54:31;USR-1043;2007-04-22;M;VIP;2;310;400;Card;CS2;4.0;0
SESS-14566;2026-08-26 21:10:56;USR-1718;1994-09-16;M;PS5;4;1020;1000;Card;CS2;;0
SESS-14949;2026-08-09 17:05:44;USR-1065;2012-05-07;F;Bootcamp;2;0;300;Cash;Apex Legends;;0
SESS-16877;2026-08-28 11:01:56;USR-1117;;M;PS5;3;0;750;Card;CS2;2.0;0
SESS-10191;2026-08-21 00:00:00;USR-1215;2007-05-16;M;Bootcamp;5;0;750;Card;Dota 2;2.0;0
SESS-11119;2026-08-10 15:35:12;USR-1027;1997-11-04;F;Bootcamp;2;0;300;Card;CS2;;0
SESS-16256;2026-08-26 19:12:18;USR-1462;2005-11-05;M;VIP;3;560;600;Card;Deadlock;4.5;0
SESS-10032;2026-08-24 19:25:29;USR-1068;1993-04-03;M;VIP;12;1740;2400;Card;Deadlock;;0
SESS-16984;2026-08-25 22:22:29;USR-1115;2001-08-07;M;VIP;5;0;1000;Card;Dota 2;1.0;0
SESS-14527;2026-08-28 15:24:59;USR-1269;2009-05-19;F;Bootcamp;2;160;300;Cash;CS2;;0
SESS-10920;2026-08-15 16:01:08;USR-1575;1996-08-27;F;VIP;2;660;400;Card;Cyberpunk 2077;;0
SESS-14744;2026-08-01 15:25:44;USR-1156;2009-04-26;M;Standard;2;0;200;App;CS2;;0
SESS-16147;2026-08-08 16:46:01;USR-1128;2008-04-02;F;Standard;12;1440;1200;App;Dota 2;4.5;0
SESS-13085;2026-08-11 00:58:05;USR-1132;2008-09-20;M;VIP;8;0;1600;Cash;CS2;;0
SESS-12457;2026-08-17 16:45:24;USR-1093;1995-09-19;M;Bootcamp;1;550;150;Card;CS2;5.0;0
SESS-12181;2026-08-01 21:53:12;USR-1540;1993-02-15;M;Standard;1;120;100;App;CS2;;0
SESS-10854;2026-08-23 19:59:38;USR-1362;2007-07-04;F;VIP;3;784;540;Card;Dota 2;;1
SESS-11719;2026-08-10 17:27:06;USR-1303;2006-10-23;M;Standard;2;320;200;Card;CS2;4.5;0
SESS-14573;2026-08-23 17:53:24;USR-1409;2007-05-15;м;Standard;3;0;300;Card;Dota 2;;0
SESS-11202;2026-08-09 17:54:13;USR-1134;2004-08-26;M;VIP;2;470;400;App;Apex Legends;5.0;0
SESS-10391;2026-08-15 00:12:07;USR-1152;2004-07-27;M;Standard;8;640;800;Card;Dota 2;4.0;0
SESS-15305;2026-08-10 22:19:30;USR-1371;2006-04-08;M;Standard;3;672;270;App;Valorant;4.5;1
SESS-12860;2026-08-07 21:19:10;USR-1196;2007-09-09;M;Standard;2;0;200;Card;CS2;;0
SESS-11631;2026-08-10 18:35:08;USR-1039;2003-04-10;F;VIP;5;1232;900;Card;Apex Legends;5.0;1
SESS-17041;2026-08-16 09:52:20;USR-1709;2008-03-19;M;Bootcamp;5;880;750;Card;CS2;4.0;0
SESS-11148;2026-08-07 12:47:38;USR-1021;2004-07-25;M;Standard;1;0;100;Card;Dota 2;;0
SESS-16886;2026-08-28 18:07:00;USR-1652;2004-12-09;M;PS5;3;360;750;Card;CS2;;0
SESS-16989;2026-08-06 11:07:00;USR-1027;1997-11-04;F;Standard;5;900;500;Card;PUBG;;0
SESS-15819;2026-08-30 16:06:57;USR-1315;2002-01-22;M;Bootcamp;3;0;450;Cash;Dota 2;;0
SESS-14414;2026-08-09 19:24:51;USR-1364;2012-04-23;M;Standard;2;160;200;App;CS2;;0
SESS-16796;2026-08-15 11:54:53;USR-1725;2004-08-20;M;Standard;3;0;270;Card;Valorant;;1
SESS-15378;2026-08-24 07:43:51;USR-1144;1993-04-03;M;VIP;4;870;800;Card;Dota 2;;0
SESS-12374;2026-08-07 17:43:52;USR-1407;1994-07-04;M;VIP;3;510;600;Card;CS2;4.5;0
SESS-13447;2026-08-13 21:24:04;USR-1722;2004-03-03;F;Standard;3;672;270;Card;Valorant;4.5;1
SESS-13319;2026-08-28 17:49:29;USR-1542;1990-10-16;M;VIP;2;800;400;App;Dota 2;;0
SESS-16212;2026-08-28 16:15:23;USR-1006;2005-05-17;M;Standard;2;160;200;Card;PUBG;;0
SESS-12255;2026-08-01 18:40:07;USR-1470;1992-02-25;M;Standard;4;1000;400;Card;PUBG;;0
SESS-16462;2026-08-01 20:25:44;USR-1120;2006-07-03;M;Bootcamp;1;200;150;App;Dota 2;5.0;0
SESS-13125;2026-08-31 13:49:18;USR-1507;1991-02-02;M;VIP;2;800;400;App;GTA V;;0
SESS-11441;2026-08-05 15:43:02;USR-1178;2011-04-10;M;Standard;2;0;200;Cash;Apex Legends;;0
SESS-14381;2026-08-01 16:43:37;USR-1285;1998-10-11;M;VIP;1;420;200;Card;GTA V;;0
SESS-15435;2026-08-03 17:18:26;USR-1210;2010-12-23;M;Standard;3;240;300;Cash;Valorant;5.0;0
SESS-10307;08/02/2026 22:01:15;USR-1700;2010-12-07;M;Bootcamp;8;640;1200;App;Valorant;5.0;0
SESS-15484;2026-08-03 11:40:33;USR-1346;1992-02-19;M;Standard;3;0;300;App;GTA V;;0
SESS-15761;2026-08-22 17:43:13;USR-1690;2002-01-05;M;Standard;2;240;200;App;Dota 2;;0
SESS-11006;2026-08-08 17:03:32;USR-1083;2009-01-17;M;Standard;2;0;200;App;Valorant;;0
SESS-15680;2026-08-15 20:35:46;USR-1563;1992-06-16;M;PS5;3;840;750;Card;CS2;4.0;0
SESS-13585;2026-08-15 23:04:10;USR-1401;2002-10-03;M;VIP;12;0;2160;App;CS2;4.5;1
SESS-16727;2026-08-30 19:51:02;USR-1075;2008-12-21;M;ps5;2;320;200;Card;Valorant;4.5;0
SESS-16011;2026-08-23 17:20:51;USR-1075;2008-12-21;M;Standard;2;240;200;Card;CS2;;0
SESS-16306;2026-08-30 11:30:08;USR-1103;2008-04-20;M;Standard;3;480;300;Card;Deadlock;5.0;0
SESS-15344;2026-08-09 18:37:18;USR-1012;2006-05-26;M;Standard;3;240;300;Card;CS2;5.0;0
SESS-12090;2026-08-20 00:10:46;USR-1011;2007-06-06;M;VIP;8;0;1600;App;Deadlock;;0
SESS-12984;2026-08-29 18:53:37;USR-1625;2012-08-19;M;Standard;3;0;300;Card;Minecraft;;0
SESS-15894;2026-08-25 01:24:20;USR-1747;2003-09-14;M;Standard;8;0;800;Card;CS2;4.0;0
SESS-15338;2026-08-06 08:41:46;USR-1017;1994-02-15;M;Standard;1;250;100;App;Cyberpunk 2077;;0
SESS-11581;2026-08-03 15:30:16;USR-1237;2004-01-20;M;VIP;1;310;200;Card;CS2;;0
SESS-14119;2026-08-02 07:58:01;USR-1073;2010-12-24;M;Standard;3;180;300;App;Valorant;4.0;0
SESS-10428;2026-08-30 11:44:23;USR-1462;2005-11-05;M;Bootcamp;2;310;300;Card;CS2;;0
SESS-13838;2026-08-29 15:09:47;USR-1158;2010-12-14;F;Bootcamp;1;60;150;App;CS2;5.0;0
SESS-13480;2026-08-14 12:42:59;USR-1522;2006-08-27;M;Standard;3;0;270;Card;Dota 2;;1
SESS-12811;2026-08-26 00:18:17;USR-1640;2008-04-12;M;Bootcamp;8;1430;1200;Card;Dota 2;4.0;0
SESS-12608;2026-08-01 17:23:45;USR-1087;2006-03-16;M;Bootcamp;2;390;300;Card;CS2;;0
SESS-13965;2026-08-04 12:13:07;USR-1492;1998-11-10;M;PS5;2;909;450;App;Dota 2;;1
SESS-12134;2026-08-18 21:11:02;USR-1007;2003-09-21;M;Standard;2;320;200;Card;CS2;;0
SESS-12967;2026-08-26 07:42:55;USR-1079;2003-02-01;F;Standard;8;896;720;App;CS2;;1
SESS-11315;2026-08-13 18:06:12;USR-1485;2011-05-10;F;Bootcamp;2;0;300;Card;Minecraft;5.0;0
SESS-16075;2026-08-29 21:34:38;USR-1762;2006-09-25;M;Bootcamp;5;880;750;Cash;GTA V;3.0;0
SESS-14069;2026-08-23 14:14:23;USR-1723;1999-12-13;M;VIP;3;840;600;App;Dota 2;;0
SESS-10796;2026-08-20 01:56:57;USR-1678;2006-12-03;M;Bootcamp;8;1007;1080;Card;CS2;5.0;1
SESS-11376;2026-08-14 10:21:46;USR-1117;2010-06-21;M;Standard;2;0;200;Cash;Valorant;5.0;0
SESS-11543;2026/08/25 19:09:03;USR-1053;1998-05-01;M;VIP;2;540;400;Card;Deadlock;;0
SESS-14811;2026-08-08 00:28:45;USR-1787;2005-11-20;M;Bootcamp;8;1360;1200;Card;CS2;1.0;0
SESS-11778;2026-08-12 14:29:40;USR-1549;2005-11-12;M;VIP;4;470;800;Card;GTA V;;0
SESS-14542;2026-08-30 11:01:23;USR-1386;2012-05-08;M;Standard;5;0;500;App;Valorant;4.0;0
SESS-15029;2026-08-11 18:47:49;USR-1049;1997-11-16;M;VIP;3;965;540;App;Cyberpunk 2077;4.5;1
SESS-16224;2026-08-14 16:43:12;USR-1712;2007-05-20;M;Standard;1;0;100;App;CS2;;0
SESS-10594;2026-08-26 20:38:09;USR-1482;1997-09-04;M;Standard;3;540;300;Card;GTA V;3.0;0
SESS-15636;2026-08-29 20:46:01;USR-1105;2008-12-10;M;Bootcamp;4;790;600;Card;Dota 2;4.0;0
SESS-16735;2026-08-24 00:55:58;USR-1646;2007-12-26;F;Standard;8;960;800;App;Deadlock;;0
SESS-16230;2026-08-07 14:24:27;USR-1065;2012-05-07;F;Standard;1;40;100;App;GTA V;;0
SESS-15135;2026-08-04 22:25:34;USR-1064;2006-08-21;F;Bootcamp;12;1110;1800;Card;Valorant;4.0;0
SESS-15307;2026-08-08 07:07:52;USR-1526;2007-04-16;F;Standard;2;0;200;App;CS2;4.5;0
SESS-16025;2026-08-09 13:02:54;USR-1039;2003-04-10;F;;PS5;2;320;App;Valorant;4.5;0
SESS-10124;2026-08-27 20:41:13;USR-1283;2010-09-11;F;Standard;12;0;1200;Card;Dota 2;1.0;0
SESS-14385;2026-08-28 21:07:22;USR-1036;2004-09-28;M;Bootcamp;4;0;600;Card;Dota 2;;0
SESS-10523;2026-08-28 10:53:58;USR-1100;2003-04-03;M;Standard;1;80;100;Cash;CS2;;0
SESS-15966;2026-08-01 13:12:40;USR-1515;2007-01-14;M;VIP;3;440;600;App;Dota 2;3.0;0
SESS-16480;2026-08-21 03:06:28;USR-1377;2004-08-26;M;PS5;3;360;750;Card;Dota 2;4.5;0
SESS-11940;2026-08-27 21:52:30;USR-1075;2008-12-21;M;VIP;4;882;720;Card;CS2;;1
SESS-12629;2026-08-04 16:01:22;USR-1467;2006-07-05;F;VIP;3;390;600;App;Apex Legends;;0
SESS-10843;2026-08-07 15:32:33;USR-1023;2008-04-24;F;VIP;5;0;1000;Card;CS2;5.0;0
SESS-14904;2026-08-26 02:26:33;USR-1391;2005-03-11;M;Bootcamp;1;0;150;Card;Valorant;;0
SESS-15322;2026-08-31 23:15:29;USR-1301;2012-09-01;M;Standard;8;0;800;Cash;CS2;5.0;0
SESS-11245;2026-08-15 16:32:14;USR-1129;1998-11-08;M;Bootcamp;3;0;450;App;Cyberpunk 2077;;0
SESS-15658;2026-08-05 16:46:59;USR-1148;1993-02-16;M;Bootcamp;1;0;150;Card;GTA V;4.0;0
SESS-14960;2026-08-09 20:55:00;USR-1090;2010-05-10;M;Standard;2;0;200;;Minecraft;;0
SESS-13399;2026-08-11 17:35:17;USR-1483;2008-05-08;F;PS5;3;0;750;Card;CS2;;0
SESS-10574;2026-08-08 11:48:09;USR-1141;1998-03-28;M;VIP;1;420;200;Cash;Dota 2;4.5;0
SESS-12165;2026-08-23 10:13:06;USR-1034;2010-09-11;F;PS5;1;80;250;App;Valorant;;0
SESS-13491;2026-08-26 08:15:31;USR-1651;2004-10-24;M;Bootcamp;3;320;450;App;Apex Legends;;0
SESS-12628;2026-08-09 13:54:15;USR-1093;19.09.1995;M;Standard;2;503;180;Card;Dota 2;;1
SESS-12530;2026-08-22 12:33:19;USR-1088;2004-05-15;M;Bootcamp;2;320;300;App;Valorant;4.5;0
SESS-10146;2026-08-09 22:38:37;USR-1683;1993-12-17;F;PS5;8;2150;2000;Card;CS2;5.0;0
SESS-16478;2026-08-18 15:05:07;USR-1548;2009-01-20;M;Standard;2;0;200;App;CS2;;0
SESS-14609;2026-08-15 20:53:44;USR-1429;2011-02-10;M;Standard;3;180;300;App;CS2;;0
SESS-14285;2026-08-04 17:39:30;USR-1352;2010-08-16;M;PS5;5;280;1125;Card;Valorant;;1
SESS-14211;2026-08-29 13:23:50;USR-1641;2009-10-17;M;Standard;3;240;300;Cash;CS2;3.0;0
SESS-15146;2026-08-12 22:52:37;USR-1129;1998-11-08;M;Bootcamp;8;2300;1200;Card;Browser/Work;3.0;0
SESS-13477;2026-08-29 16:34:29;USR-1275;1998-10-28;M;Bootcamp;2;0;300;Card;Dota 2;5.0;0
SESS-10293;2026-08-13 20:41:47;USR-1264;2010-11-04;M;Standard;2;0;200;Cash;Minecraft;5.0;0
SESS-16691;2026-08-23 16:32:43;USR-1303;2006-10-23;M;Bootcamp;2;0;300;App;CS2;;0
SESS-12855;2026-08-21 12:51:10;USR-1560;2007-10-06;M;Standard;5;800;500;Card;Dota 2;;0
SESS-15840;2026-08-21 19:08:55;USR-1406;1998-12-17;M;VIP;2;390;400;App;Browser/Work;;0
SESS-16617;2026-08-11 22:52:36;USR-1406;1998-12-17;M;Standard;2;0;200;Cash;Dota 2;;0
SESS-11288;2026-08-02 16:49:14;USR-1281;2008-06-22;M;VIP;5;0;900;Card;CS2;;1
SESS-15067;2026-08-27 13:15:54;USR-1069;2004-01-15;M;Bootcamp;4;560;600;Card;CS2;4.0;0
SESS-15884;2026-08-13 19:06:54;USR-1091;2007-11-13;M;Standard;3;503;270;Card;PUBG;5.0;1
SESS-12745;2026-08-08 16:09:03;USR-1579;2005-07-07;M;Standard;2;240;200;App;CS2;5.0;0
SESS-16024;2026-08-09 13:51:01;USR-1212;2010-09-05;M;Standard;3;336;270;Cash;CS2;5.0;1
SESS-16815;2026-08-13 22:28:06;USR-1032;2009-06-21;M;Standard;8;0;800;App;GTA V;3.0;0
SESS-10197;2026-08-18 18:11:04;USR-1109;2007-12-25;M;VIP;1;200;200;Card;Dota 2;;0
SESS-16003;2026-08-29 19:17:32;USR-1062;2012-09-01;M;Standard;2;0;200;App;Minecraft;;0
SESS-10894;2026-08-21 10:45:49;USR-1135;2012-06-13;M;VIP;3;240;600;Cash;Deadlock;5.0;0
SESS-13363;2026-08-17 00:02:35;USR-1740;2006-11-05;M;Bootcamp;3;510;450;Card;Apex Legends;5.0;0
SESS-10715;2026-08-19 21:10:43;USR-1054;1999-10-07;F;PS5;2;0;500;Card;PUBG;;0
SESS-13308;2026-08-26 15:05:58;USR-1149;2006-12-05;M;Bootcamp;2;470;300;Card;Dota 2;;0
SESS-12716;2026-08-14 10:15:30;USR-1755;1991-07-19;M;VIP;2;660;400;Card;Browser/Work;;0
SESS-16213;2026-08-17 21:19:53;USR-1620;2011-02-02;M;Standard;3;0;300;Cash;CS2;4.5;0
SESS-11551;2026-08-29 20:21:02;USR-1440;2006-10-21;M;Standard;1;80;100;Card;Deadlock;;0
SESS-12916;2026-08-03 13:52:21;USR-1737;2004-08-16;M;VIP;5;950;1000;App;Valorant;;0
SESS-16639;2026-08-08 19:39:13;USR-1263;2005-12-11;M;VIP;3;560;600;Card;CS2;5.0;0
SESS-15228;2026-08-14 10:35:33;USR-1282;2005-08-11;F;Bootcamp;2;0;300;Card;CS2;;0
SESS-17072;2026-08-24 21:57:09;USR-1072;2005-05-26;M;Bootcamp;1;0;150;Card;CS2;;0
SESS-10115;2026-08-15 01:30:33;USR-1303;2006-10-23;M;Standard;3;480;300;App;CS2;;0
SESS-10510;2026-08-04 21:39:39;USR-1657;2005-07-10;M;PS5;3;0;675;Card;CS2;;1
SESS-10447;2026-08-21 16:45:43;USR-1112;;M;VIP;1;160;200;Card;Dota 2;4.0;0
SESS-14007;2026-08-20 12:49:53;USR-1489;2011-07-19;M;Bootcamp;3;240;450;Cash;Minecraft;;0
SESS-13753;2026-08-16 06:10:39;USR-1307;2006-12-03;F;Standard;5 часа;0;500;Cash;Dota 2;;0
SESS-11178;2026-08-07 17:44:30;USR-1041;1992-05-02;M;Bootcamp;4;1300;600;Card;Cyberpunk 2077;3.0;0
;2026-08-15 14:33:52;USR-1586;2007-02-03;M;Bootcamp;1;160;150;Card;CS2;4.5;0
SESS-16512;2026-08-29 01:26:38;USR-1469;2004-03-02;M;PS5;8;1344;1800;Card;Minecraft;5.0;1
SESS-12414;2026-08-21 10:59:02;USR-1510;2005-04-12;M;Standard;2;0;200;App;CS2;5.0;0
SESS-12167;2026-08-30 16:32:13;USR-1072;2005-05-26;M;Standard;4;896;360;App;CS2;;1
SESS-10919;2026-08-31 13:09:18;USR-1136;1993-06-01;M;PS5;2;800;500;App;GTA V;;0
SESS-14816;2026-08-14 20:26:19;USR-1602;2010-04-11;M;Standard;2;0;200;App;CS2;;0
SESS-13262;2026-08-09 13:50:11;USR-1512;2009-10-07;M;;Standard;3;0;App;CS2;;0
SESS-10976;2026-08-30 23:16:36;USR-1344;2007-08-23;M;Bootcamp;5;480;750;App;Dota 2;4.0;0
SESS-11414;2026-08-24 19:56:13;USR-1488;2008-08-08;F;Standard;3;240;300;App;Dota 2;;0
SESS-12863;2026-08-21 18:34:20;USR-1580;2010-05-09;F;Standard;3;0;270;Card;Deadlock;;1
SESS-12904;2026-08-06 20:35:19;USR-1028;2008-11-24;M;PS5;3;672;675;App;Apex Legends;4.0;1
SESS-13369;2026-08-29 10:20:33;USR-1144;1993-04-03;M;Standard;2;500;200;Card;GTA V;;0
SESS-13120;2026-08-04 15:25:50;USR-1382;2010-02-10;M;Standard;3;168;270;App;Valorant;;1
;2026-08-25 01:09:46;;2004-09-02;F;VIP;5;0;1000;Card;CS2;;0
SESS-10151;2026-08-01 12:14:10;USR-1506;2011-09-23;M;Standard;1;40;100;Card;Dota 2;;0
;2026-08-29 10:24:59;;2003-06-06;F;Standard;2;0;180;Cash;Valorant;;1
SESS-16851;2026-08-30 08:37:33;USR-1332;1886-09-20;M;Bootcamp;-2;0;300;App;Valorant;;0
SESS-14832;2026-08-15 12:42:06;USR-1144;1993-04-03;M;VIP;3;510;600;App;Dota 2;;0
SESS-17075;2026-08-06 17:46:31;USR-1097;2010-04-26;M;Standard;3;120;300;Cash;Minecraft;;0
SESS-10429;2026-08-10 12:19:09;USR-1150;2003-04-24;M;Standard;4;320;400;App;Valorant;;0
SESS-12349;2026-08-10 23:51:23;USR-1368;2006-06-09;M;Standard;8;0;800;Card;Valorant;5.0;0
SESS-16227;2026-08-13 23:33:05;USR-1193;2012-06-23;M;Bootcamp;8;320;1200;App;Deadlock;4.0;0
SESS-11815;2026-08-07 18:48:28;USR-1480;1991-01-14;M;PS5;4;1020;1000;Card;Dota 2;4.5;0
SESS-13388;2026-08-26 20:01:15;USR-1187;2004-03-01;M;VIP;3;0;600;Card;CS2;;0
SESS-13971;2026-08-25 13:42:48;USR-1670;2006-02-07;M;Standard;2;320;200;Card;Valorant;;0
SESS-14826;2026-08-31 17:30:48;USR-1561;2006-05-15;M;Bootcamp;5;0;750;App;CS2;3.0;0
SESS-11599;2026-08-30 05:45:14;USR-1054;1999-10-07;F;VIP;4;1020;800;Card;Dota 2;4.0;0
SESS-13511;2026-08-07 11:39:39;USR-1683;1993-12-17;F;Standard;2;500;200;Cash;CS2;4.0;0
SESS-14807;2026-08-23 13:34:49;USR-1664;1997-08-14;M;VIP;3;1050;600;App;CS2;;0
SESS-15739;2026-08-28 19:29:26;USR-1137;2005-01-22;M;Standard;1;0;100;Card;Valorant;;0
SESS-14875;2026-08-27 16:31:07;USR-1241;1992-12-03;M;VIP;3;965;540;Card;Dota 2;;1
SESS-12185;2026-08-07 13:09:48;USR-1709;2008-03-19;M;Bootcamp;3;0;450;Card;CS2;4.0;0
SESS-16315;2026-08-07 23:55:15;USR-1392;2002-10-07;M;Bootcamp;5;0;750;Card;CS2;;0
SESS-12284;2026-08-14 22:43:48;USR-1435;2001-06-18;F;PS5;12;1344;2700;Card;Dota 2;4.5;1
SESS-15380;2026-08-02 13:17:39;USR-1501;2009-03-16;M;Standard;2;120;200;Card;CS2;;0
SESS-10174;2026-08-16 19:38:17;USR-1083;2009-01-17;M;Standard;2;160;200;Cash;CS2;;0
SESS-15830;2026-08-20 08:55:10;USR-1130;2011-08-14;M;Standard;12;672;1080;App;CS2;;1
SESS-16405;2026-08-30 18:19:51;USR-1124;2012-08-08;M;Standard;2;0;200;Card;CS2;;0
SESS-10229;2026-08-15 17:32:12;USR-1075;2008-12-21;M;ps5;5;600;500;Card;Dota 2;;0
SESS-11003;2026-08-02 19:32:48;USR-1718;1994-09-16;M;Bootcamp;8;3220;1080;App;CS2;4.0;1
SESS-12603;2026-08-23 09:43:20;USR-1167;2004-04-20;M;Standard;2;240;200;App;CS2;;0
SESS-13715;2026-08-23 17:35:46;USR-1027;1997-11-04;F;PS5;2;660;500;Cash;CS2;2.0;0
SESS-15974;2026-08-22 18:38:51;USR-1104;2003-04-21;F;VIP;4;0;720;App;Apex Legends;4.5;1
SESS-12612;2026-08-01 15:35:57;USR-1217;2003-04-26;M;Standard;3;0;300;Card;CS2;;0
SESS-11970;2026-08-21 16:50:07;USR-1542;1990-10-16;M;VIP;2;0;400;App;PUBG;;0
SESS-13828;2026-08-11 01:50:18;USR-1006;2005-05-17;M;Standard;8;640;800;Card;Dota 2;5.0;0
SESS-15124;2026-08-20 15:47:12;USR-1008;1991-02-01;F;Standard;1;120;100;Card;Dota 2;;0
SESS-12247;2026-08-14 17:41:34;USR-1045;2006-03-25;F;VIP;3;320;600;App;Dota 2;3.0;0
SESS-13678;2026-08-15 22:55:57;USR-1767;2003-06-20;M;Standard;8;1280;800;Card;CS2;4.0;0
SESS-15087;2026-08-25 18:39:35;USR-1089;2002-06-04;F;Standard;1;120;100;App;Dota 2;;0
SESS-15440;2026-08-16 19:38:37;USR-1628;2008-10-25;F;PS5;4;0;1000;App;Dota 2;;0
SESS-15713;2026-08-09 16:02:15;USR-1446;2004-07-08;M;Bootcamp;2;0;300;Cash;Dota 2;5.0;0
SESS-16636;2026-08-30 12:30:37;USR-1104;2003-04-21;F;Standard;2;320;200;Card;CS2;;0
SESS-14899;2026-08-16 15:19:29;USR-1118;2008-09-20;F;VIP;3;0;600;Cash;Minecraft;4.5;0
SESS-15276;2026-08-22 00:46:19;USR-1203;2008-05-15;M;Standard;12;960;1200;Card;Dota 2;2.0;0
SESS-10883;2026-08-09 13:13:12;USR-1660;2011-07-03;M;Standard;1;0;90;App;Minecraft;;1
SESS-11927;2026-08-06 03:37:48;USR-1025;1997-05-13;F;Standard;2;360;200;Card;PUBG;4.0;0
SESS-12072;2026-08-27 21:40:15;USR-1314;2007-11-23;M;VIP;2;560;360;Card;Dota 2;;1
SESS-16409;2026-08-07 15:52:10;USR-1171;2012-08-13;M;PS5;2;0;500;App;Dota 2;;0
SESS-11538;2026-08-07 18:53:14;USR-1197;2007-12-20;M;Standard;1;120;100;Card;CS2;;0
SESS-14733;2026-08-29 11:07:41;USR-1047;2005-09-11;M;VIP;1;230;200;Card;Dota 2;4.5;0
SESS-14132;2026-08-20 16:41:35;USR-1293;2004-07-12;M;VIP;3 часа;510;600;Card;GTA V;;0
SESS-11659;2026-08-02 15:47:14;USR-1145;2000-12-11;M; Bootcamp ;3;510;750;Card;Dota 2;2.0;0
SESS-15594;2026-08-12 17:30:56;USR-1115;2001-08-07;M;Standard;1;80;100;App;Valorant;;0
SESS-16990;2026-08-07 16:55:04;USR-1368;2006-06-09;M;Bootcamp;2;390;300;App;Dota 2;;0
SESS-11423;08/18/2026 22:31:40;USR-1313;2009-03-06;M;Standard;8;320;800;Cash;CS2;4.5;0
SESS-16437;2026-08-07 10:16:02;USR-1098;2012-02-17;M;VIP;12;960;2400;App;Minecraft;4.0;0
SESS-13596;2026-08-21 13:27:10;USR-1070;2007-01-05;M;Standard;2;0;200;Card;Cyberpunk 2077;;0
SESS-11640;2026-08-21 19:22:46;USR-1020;2011-09-06;M;Standard;1;0;100;App;CS2;3.0;0
SESS-13176;2026-08-25 16:09:19;USR-1152;2004-07-27;M;Standard;2;160;200;App;Deadlock;;0
SESS-16822;2026-08-07 13:13:52;USR-1001;2007-02-26;M;Bootcamp;3;0;450;Card;Dota 2;4.0;0
SESS-16739;2026-08-21 15:00:55;USR-1239;2009-07-17;M;Standard;3;180;300 ₽;Card;Valorant;4.0;0
SESS-16613;2026-08-14 10:59:56;USR-1552;2012-06-16;M;VIP;3;0;600;Cash;Deadlock;;0
SESS-11744;2026-08-23 19:54:34;USR-1607;2007-01-23;F;Bootcamp;4;784;540;Card;CS2;4.5;1
SESS-12895;2026-08-08 16:34:12;USR-1232;2000-03-24;M;PS5;2;510;500;Card;Cyberpunk 2077;;0
SESS-12988;2026-08-27 17:31:10;USR-1121;2008-02-21;M;Bootcamp;2;0;300;Card;CS2;;0
SESS-16104;2026-08-28 15:11:38;USR-1734;1991-03-22;M;VIP;2;540;400;Card;Valorant;4.5;0
SESS-11093;2026-08-16 09:54:24;USR-1150;2003-04-24;M;PS5;2;160;500;Card;Deadlock;4.5;0
SESS-12453;2026-08-14 23:39:30;USR-1262;2006-01-15;F;Bootcamp;5;770;675;Card;CS2;4.5;1
SESS-11364;2026-08-15 22:00:47;USR-1617;2009-07-04;M;Standard;3;120;300;App;Apex Legends;4.5;0
SESS-12975;2026-08-07 21:19:08;USR-1136;1993-06-01;M;Standard;2;360;200;App;Dota 2;;0
SESS-13618;2026-08-29 21:51:47;USR-1082;2004-05-06;F;Bootcamp;2;0;300;Card;Apex Legends;4.5;0
SESS-15232;2026-08-19 09:13:18;USR-1309;2006-05-24;M;Standard;2;320;200;App;Valorant;;0
SESS-12069;2026-08-29 18:41:55;USR-1512;2009-10-07;M;Standard;2;0;200;App;CS2;;0
SESS-10088;2026-08-09 19:50:16;USR-1090;2010-05-10;M;Standard;2;160;200;App;CS2;3.0;0
SESS-16968;2026-08-21 10:29:16;USR-1057;2002-08-25;M;Standard;8;0;800;Card;Valorant;4.5;0
SESS-10655;2026-08-09 15:58:05;USR-1013;2012-02-18;M;Standard;2;80;200;App;Minecraft;;0
SESS-14423;08/26/2026 11:56:54;USR-1429;2011-02-10;M;Standard;2;0;200;App;CS2;;0
SESS-12649;2026-08-03 11:52:43;USR-1474;2007-10-28;M;Standard;1;0;100;App;CS2;3.0;0
SESS-16223;2026-08-21 11:55:39;USR-1088;2004-05-15;M;Standard;12;1920;1200;Card;PUBG;;0
SESS-16228;2026-08-05 00:19:43;USR-1132;2008-09-20;1;Bootcamp;12;0;1800;Card;CS2;2.0;0
SESS-16689;2026-08-15 21:17:53;USR-1149;2006-12-05;M;VIP;12;2128;2160;App;Valorant;4.0;1
SESS-12121;2026-08-13 12:16:34;USR-1179;2005-02-05;M;Bootcamp;2;240;300;Card;CS2;;0
SESS-16686;2026-08-07 16:04:35;USR-1771;2007-03-05;M;Bootcamp;4;658;540;Card;Dota 2;4.0;1
SESS-10555;2026-08-09 13:07:47;USR-1777;2007-05-08;M;;Bootcamp;2;400;App;Dota 2;2.0;0
SESS-14237;2026-08-12 13:50:10;USR-1138;2002-01-01;M;VIP;1;0;200;Card;Minecraft;;0
SESS-15649;2026-08-14 19:04:56;USR-1777;2007-05-08;M;Bootcamp;4;560;540;Card;Deadlock;;1
SESS-15665;2026-08-18 20:45:57;USR-1198;2004-10-15;M;;Standard;8;0;Card;Dota 2;3.0;0
SESS-15283;2026-08-21 13:58:31;USR-1026;2004-11-05;M;Standard;2;160;200;App;Dota 2;5.0;0
SESS-12864;2026-08-14 18:36:25;USR-1186;1996-11-01;M;Standard;3;0;300;App;Cyberpunk 2077;4.5;0
SESS-15940;2026-08-13 20:07:52;USR-1633;2003-08-25;M;Standard;2;0;200;Card;Deadlock;4.0;0
SESS-11622;2026-08-08 18:48:03;USR-1322;2011-04-03;M;Standard;5;0;450;App;Minecraft;4.0;1
SESS-17074;2026-08-22 00:35:36;USR-1049;1997-11-16;M;PS5;2;390;500;Card;CS2;;0
SESS-15009;2026-08-03 16:31:06;USR-1152;2004-07-27;M;Standard;5;0;500;Card;PUBG;4.5;0
SESS-12104;2026/08/06 22:05:13;USR-1603;2010-12-22;M;Bootcamp;8;896;1080;App;CS2;5.0;1
SESS-15338;2026-08-06 08:41:46;USR-1017;1994-02-15;M;Standard;1;250;100;App;Cyberpunk 2077;;0
SESS-11914;2026-08-18 20:05:40;USR-1034;2010-09-11;F;Standard;2;160;200;Cash;Dota 2;;0
SESS-11216;2026-08-18 09:09:00;USR-1115;2001-08-07;M;Bootcamp;5;770;675;Card;CS2;5.0;1
SESS-16610;2026-08-17 20:14:43;USR-1292;1993-12-24;F;Standard;1;0;100;Card;Browser/Work;;0
SESS-15670;2026-08-13 17:45:27;USR-1122;2004-02-05;M;Standard;2;320;200;Card;Deadlock;;0
SESS-10957;2026-08-16 13:58:07;USR-1467;2006-07-05;F;Standard;2;336;180;Card;Apex Legends;;1
SESS-16839;2026-08-08 10:20:11;USR-1685;1993-04-26;F;PS5;3;1470;675;Card;CS2;4.5;1
SESS-11882;2026-08-07 21:12:37;USR-1799;2010-09-02;M;VIP;2;0;400;Cash;Minecraft;;0
SESS-11679;2026-08-23 14:46:26;USR-1009;1997-10-05;F;Standard;2;336;180;Card;CS2;;1
SESS-16595;2026-08-31 18:17:08;USR-1629;2005-03-17;M;Standard;3;336;270;Card;Valorant;;1
SESS-11676;2026-08-20 15:52:21;USR-1537;2012-08-26;M;Standard;1;60;100;App;Minecraft;4.5;0
SESS-12101;2026-08-27 08:02:02;USR-1081;2004-02-04;M;Standard;2;240;200;App;Valorant;;0
SESS-14043;2026-08-23 22:04:07;USR-1016;2005-05-28;F;VIP;8;1360;1600;Card;CS2;5.0;0
SESS-12014;2026-08-31 14:06:58;USR-1171;2012-08-13;M;Standard;4;320;400;Cash;Apex Legends;5.0;0
SESS-15033;2026-08-18 19:39:02;USR-1381;2005-07-15;F;Bootcamp;1;230;150;Card;CS2;;0
SESS-14493;2026-08-09 09:46:38;USR-1484;2003-06-05;F;PS5;4;0;900;Card;Dota 2;5.0;1
SESS-13465;2026-08-26 17:21:20;USR-1406;1998-12-17;M;Bootcamp;1;0;150;Card;PUBG;;0
SESS-14634;2026-08-15 14:50:04;USR-1010;1991-07-05;F;VIP;3;900;600;Card;Dota 2;4.0;0
SESS-14933;2026-08-04 06:51:39;USR-1071;2007-09-17;M;Standard;1;120;100;Card;Valorant;;0
SESS-16198;2026-08-13 18:13:40;USR-1115;2001-08-07;M;Standard;3;480;300;Card;CS2;4.0;0
SESS-16337;2026-08-22 10:28:03;USR-1247;1995-01-20;M;VIP;2;0;400;Card;Dota 2;;0
SESS-12829;2026-08-30 19:25:43;USR-1400;2006-09-16;M;Bootcamp;3;390;450;App;CS2;;0
SESS-12870;2026-08-31 16:18:08;USR-1667;;M;Bootcamp;1;200;150;App;Deadlock;1.0;0
SESS-11899;2026-08-03 17:17:47;USR-1089;2002-06-04;F;;Bootcamp;3;616;Card;Dota 2;5.0;1
SESS-15304;2026-08-02 14:31:53;USR-1048;2010-12-21;M;Standard;2;0;200;App;Dota 2;5.0;0
SESS-12463;2026-08-09 13:13:52;USR-1706;2011-11-16;F;Standard;1;0;100;App;CS2;;0
SESS-16498;2026-08-31 07:51:17;USR-1268;2006-10-23;M;VIP;4;790;800;App;CS2;4.5;0
SESS-14664;24.08.2026 13:46:09;USR-1780;2010-08-17;M;VIP;8;640;1600;Card;Minecraft;5.0;0
SESS-10388;2026-08-25 23:30:46;USR-1075;2008-12-21;M;VIP;8;0;1600;Card;CS2;5.0;0
SESS-14422;2026-08-07 18:58:28;USR-1372;2000-03-21;M;PS5;4;630;1000;Card;Valorant;5.0;0
SESS-15803;2026-08-10 22:14:00;USR-1117;2010-06-21;M;Standard;8;0;800;Cash;CS2;;0
SESS-10204;2026-08-11 09:53:50;USR-1079;2003-02-01;F;Standard;2;336;180;Card;Dota 2;4.5;1
SESS-15454;2026-08-05 10:54:23;USR-1619;2007-10-26;M;PS5;1;160;250;App;CS2;;0
SESS-14882;2026-08-23 14:30:47;USR-1104;2003-04-21;F;VIP;2;320;400;App;Dota 2;4.0;0
SESS-10040;2026-08-30 17:28:52;USR-1774;2007-09-02;M;Bootcamp;2;240;300;Card;Deadlock;;0
SESS-14729;2026-08-24 17:20:53;USR-1209;2011-07-04;M;Standard;3;336;270;App;GTA V;;1
SESS-10774;2026-08-21 21:47:03;USR-1656;2003-11-06;M;Standard;1;0;100;Card;Valorant;4.5;0
SESS-12630;2026-08-28 00:13:46;USR-1230;1992-06-15;F;Bootcamp;5;900;750;Card;Dota 2;5.0;0
SESS-12743;2026-08-15 05:44:27;USR-1589;1998-03-23;M;PS5;5;1680;1125;Card;Browser/Work;4.0;1
SESS-14171;2026-08-02 21:54:09;USR-1756;2003-09-05;M;Standard;2;320;200;Card;Valorant;;0
SESS-16763;2026-08-30 14:08:08;USR-1093;1995-09-19;M;PS5;3;900;750;App;Dota 2;;0
SESS-10288;2026-08-09 19:07:53;USR-1720;2012-11-25;F;Standard;1;0;100;App;Minecraft;;0
SESS-13103;2026-08-07 10:25:40;USR-1769;1995-09-11;F;PS5;2;0;500;Card;CS2;;0
SESS-12321;2026-08-22 21:50:02;USR-1494;2005-12-24;M;Standard;1;120;100;Cash;CS2;5.0;0
SESS-15693;2026-08-22 19:58:05;USR-1703;2005-01-04;M;Standard;1 часа;80;100;Card;Dota 2;;0
SESS-16335;2026-08-04 17:55:34;USR-1021;2004-07-25;M;Standard;3;360;300;Card;Valorant;2.0;0
SESS-16556;2026-08-07 15:28:21;USR-1648;2010-06-21;M;Standard;4;0;360;Cash;CS2;;1
SESS-11638;2026-08-01 19:22:20;USR-1722;2004-03-03;F;Standard;3;0;300;Card;Dota 2;;0
SESS-11875;2026-08-31 17:13:56;USR-1308;2008-11-07;F;Standard;4;448;360;Card;CS2;5.0;1
SESS-10263;2026-08-01 19:01:48;USR-1037;2010-08-28;M;Standard;3;0;300;Cash;Dota 2;;0
SESS-13876;2026-08-31 05:57:58;USR-1146;2005-04-03;M;Bootcamp;4;882;540;Card;Dota 2;4.5;1
SESS-11236;2026-08-01 19:36:08;USR-1086;2011-03-02;M;Standard;2;0;200;App;CS2;;0
SESS-11115;2026-08-30 23:33:44;USR-1396;2007-05-04;F;VIP;8;1106;1440;App;Valorant;5.0;1
SESS-10960;2026-08-08 11:56:25;USR-1346;1992-02-19;M;Standard;3;0;300;App;CS2;;0
SESS-10142;2026-08-29 22:32:55;USR-1697;2002-12-15;M;Standard;8;0;800;Card;Deadlock;4.5;0
SESS-12355;2026-08-26 10:04:25;USR-1485;2011-05-10;F;Standard;3;0;300;Card;Minecraft;;0
SESS-14507;2026-08-01 01:09:04;USR-1590;2011-11-05;M;Standard;5;560;450;App;Valorant;3.0;1
SESS-11398;2026-08-16 17:15:57;USR-1152;2004-07-27;M;Standard;1 часа;0;100;Card;Valorant;;0
SESS-12227;2026-08-01 21:26:24;USR-1551;2003-01-20;M;Standard;1;120;100;Card;Deadlock;;0
SESS-16828;2026-08-20 00:11:50;USR-1112;2005-08-25;M;Standard;12;0;1200;App;Dota 2;5.0;0
SESS-13306;2026-08-26 10:16:40;USR-1118;2008-09-20;F;Bootcamp;4;560;540;Card;Dota 2;4.5;1
SESS-12009;2026-08-28 18:39:41;USR-1077;2005-03-16;M;VIP;4;720;800;Card;CS2;;0
SESS-15818;2026-08-16 19:10:33;USR-1158;2010-12-14;F;Standard;3;336;270;Cash;CS2;;1
SESS-13746;2026-08-15 07:50:49;USR-1289;2007-10-10;M;Bootcamp;1;310;150;Card;CS2;;0
SESS-12633;2026-08-01 13:41:44;USR-1074;2004-09-03;M;Bootcamp;3;0;450;Card;Deadlock;;0
SESS-12626;2026-08-02 17:10:03;USR-1067;2006-04-02;M;VIP;5;1050;900;Card;Dota 2;5.0;1
SESS-13793;2026-08-03 22:25:20;USR-1015;2011-11-25;M;Standard;8;480;800;App;Valorant;4.5;0
SESS-16829;2026-08-12 14:51:45;USR-1007;2003-09-21;M;VIP;3;448;540;Card;CS2;;1
SESS-11872;2026-08-28 13:30:35;USR-1597;2010-07-06;M;VIP;2 ч.;0;400;Cash;Deadlock;4.5;0
SESS-11386;2026-08-19 17:01:45;USR-1370;2007-12-16;M;Standard;1;120;100;Card;Deadlock;4.5;0
SESS-12139;2026-08-15 18:44:12;USR-1491;2012-07-02;M;Standard;2;0;200;Cash;Apex Legends;4.5;0
SESS-16793;2026-08-06 13:51:44;USR-1304;2005-07-18;M;PS5;4;672;900;App;Dota 2;;1
SESS-11357;2026-08-21 18:08:47;USR-1056;1985-10-21;M;Standard;2;240;200;Card;Dota 2;;0
SESS-15118;2026-08-01 11:02:43;USR-1155;2010-04-23;F;;Standard;3;251;Cash;CS2;5.0;1
SESS-11844;2026-08-29 14:53:09;USR-1352;2010-08-16;M;Standard;2;0;180;Cash;Valorant;;1
SESS-10820;2026-08-21 20:33:43;USR-1359;2007-02-10;M;Standard;3;360;300;Card;CS2;4.0;0
;2026-08-29 17:51:19;;1999-10-07;F;Standard;3;756;270;App;Dota 2;4.5;1
SESS-15196;2026-08-17 23:48:00;USR-1242;2005-09-25;F;Standard;8;0;800;App;CS2;5.0;0
;2026-08-26 13:22:28;USR-1416;2009-11-15;M;Standard;3;0;270;Cash;CS2;;1
SESS-12271;2026-08-20 14:09:36;USR-1157;2005-06-14;M;Standard;1;120;100;Cash;PUBG;4.5;0
SESS-15828;2026-08-12 16:26:19;USR-1532;1997-10-18;M;PS5;2;540;500;Card;Cyberpunk 2077;1.0;0
SESS-12666;2026-08-31 14:14:08;USR-1602;2010-04-11;M;Bootcamp;3;336;405;App;Valorant;;1
SESS-14185;2026-08-16 14:57:39;USR-1152;;M;VIP;3;390;600;Card;Deadlock;4.0;0
SESS-16216;2026-08-09 14:54:36;USR-1038;2007-09-18;M;Standard;2;0;200;App;Deadlock;4.5;0
SESS-13944;2026-08-01 18:27:55;USR-1551;2003-01-20;M;Standard;2;0;180;App;Deadlock;;1
SESS-10787;2026-08-31 09:23:49;USR-1731;1998-02-04;M;Bootcamp;4;1610;540;Card;GTA V;4.5;1
SESS-12170;2026-08-26 00:56:19;USR-1763;1886-09-20;F;PS5;-2;960;2000;Card;CS2;5.0;0
SESS-14044;2026-08-13 17:43:05;USR-1336;2005-03-08;M;VIP;8;0;1440;Card;CS2;4.5;1
SESS-12774;2026-08-02 16:57:29;USR-1078;1995-10-22;F;VIP;2;0;400;Card;Cyberpunk 2077;;0
SESS-11168;2026-08-26 01:30:18;USR-1134;2004-08-26;M;Bootcamp;8;790;1200;Card;CS2;;0
SESS-12213;2026-08-20 19:17:30;USR-1488;2008-08-08;F;Bootcamp;4;1007;540;Card;CS2;5.0;1
SESS-10305;2026-08-12 16:04:53;USR-1018;2002-11-17;M;Standard;3;240;300;Card;Dota 2;;0
SESS-14048;2026-08-02 09:26:08;USR-1738;;M;VIP;1;80;200;Cash;Valorant;;0
SESS-13364;2026-08-30 08:18:10;USR-1098;2012-02-17;M;Standard;5;0;500;App;Dota 2;;0
SESS-14675;2026-08-22 15:17:01;USR-1206;2003-07-25;M;VIP;3;0;600;Cash;Dota 2;;0
SESS-14751;2026-08-10 09:00:39;USR-1273;2005-03-24;M;Bootcamp;5;1232;675;Card;Valorant;4.5;1
SESS-14063;2026-08-03 12:10:47;USR-1303;2006-10-23;M;PS5;1;0;250;Cash;CS2;5.0;0
SESS-15777;2026-08-23 12:40:53;USR-1366;2011-01-01;M;Standard;1;0;100;App;Minecraft;4.0;0
SESS-14375;2026-08-10 01:09:27;USR-1120;2006-07-03;M;VIP;8;1106;1440;Card;Deadlock;4.0;1
SESS-12785;2026-08-27 10:52:44;USR-1023;2008-04-24;F;Standard;3;240;300;Card;Deadlock;4.5;0
SESS-10207;2026-08-21 21:13:11;USR-1090;2010-05-10;M;Standard;3;0;300;App;Valorant;;0
SESS-11435;2026-08-21 23:44:11;USR-1243;2005-06-18;M;Bootcamp;3;390;450;Card;CS2;;0
SESS-11737;2026-08-13 14:24:21;USR-1391;2005-03-11;M;Standard;3;480;300;App;Dota 2;4.0;0
SESS-10280;2026-08-06 21:12:34;USR-1545;1987-06-01;M;PS5;2;510;500;Card;Dota 2;;0
SESS-13472;2026-08-25 18:23:08;USR-1368;2006-06-09;M;VIP;5;680;1000;App;Dota 2;4.5;0
SESS-10656;2026-08-30 11:12:34;USR-1711;2005-05-02;M;Bootcamp;2;240;300;App;Dota 2;4.0;0
SESS-12011;2026-08-22 18:58:50;USR-1035;2007-12-13;M; standard ;4;560;600;Card;CS2;4.0;0
SESS-16925;2026-08-29 11:48:39;USR-1052;2007-01-01;M;Standard;1;80;100;App;Dota 2;5.0;0
SESS-10766;2026-08-01 18:14:21;USR-1728;2008-12-16;M;Standard;2;160;200;Card;CS2;;0
SESS-13597;2026-08-26 17:06:03;USR-1047;2005-09-11;M;Standard;1;120;100;Cash;CS2;;0
SESS-14333;2026-08-16 17:10:16;USR-1188;2005-12-26;M;Standard;2;336;180;Card;Dota 2;4.5;1
SESS-10967;2026-08-17 01:04:20;USR-1045;2006-03-25;F;Bootcamp;5;550;750;App;Dota 2;1.0;0
SESS-11489;2026-08-29 13:10:58;USR-1159;2004-02-12;M;Standard;2;0;200;Card;Dota 2;;0
SESS-12932;2026-08-06 17:16:06;USR-1670;2006-02-07;M;VIP;2;390;400;App;CS2;5.0;0
SESS-15795;2026-08-16 18:31:34;USR-1081;2004-02-04;M;Standard;1;120;100;Card;CS2;;0
SESS-13614;2026-08-20 16:00:10;USR-1314;2007-11-23;M;Standard;2;0;200;Card;Valorant;;0
SESS-10215;2026-08-06 14:10:30;USR-1138;2002-01-01;M;Standard;2;0;200;Card;CS2;;0
SESS-12232;2026-08-02 11:38:34;USR-1559;2005-09-19;M;Standard;2;0;200;App;Valorant;;0
SESS-12214;2026-08-20 03:10:27;USR-1223;2010-02-18;M;Bootcamp;1;0;150;Cash;Minecraft;;0
SESS-12958;2026-08-14 17:48:36;USR-1037;2010-08-28;M;Standard;2;160;200;Cash;CS2;;0
SESS-12985;2026-08-08 18:15:55;USR-1440;2006-10-21;M;PS5;2;0;500;Card;Dota 2;4.0;0
SESS-14178;2026-08-30 19:58:21;USR-1363;2003-07-12;M;Standard;2;0;200;Card;Deadlock;4.0;0
SESS-16450;2026-08-17 10:52:32;USR-1410;2006-06-22;F;PS5;1;80;250;App;Deadlock;;0
SESS-13707;2026-08-23 01:25:23;USR-1081;2004-02-04;M;Bootcamp;8;790;1200;App;Cyberpunk 2077;;0
SESS-10609;2026-08-01 15:37:01;USR-1415;2011-09-13;M;Bootcamp;4;448;540;Card;Minecraft;3.0;1
SESS-11649;2026-08-05 17:41:42;USR-1051;2005-01-12;M;PS5;1;0;250;Card;CS2;3.0;0
SESS-12456;2026-08-09 13:02:13;USR-1079;2003-02-01;F;Bootcamp;1;0;150;Card;Dota 2;4.0;0
SESS-16935;2026-08-07 15:47:38;USR-1753;2007-07-27;F;Bootcamp;1;0;150;Card;CS2;;0
SESS-10506;2026-08-27 16:19:37;USR-1230;1992-06-15;F;Standard;2;336;180;Card;Dota 2;4.0;1
SESS-14142;2026-08-16 09:36:18;USR-1480;1991-01-14;M;Bootcamp;2;650;300;Card;Cyberpunk 2077;4.0;0
SESS-11012;2026-08-05 17:31:41;USR-1121;2008-02-21;M;Standard;3;0;300;Card;Valorant;;0
SESS-15853;2026-08-23 11:57:23;USR-1478;2006-11-04;f;Standard;2;320;200;Card;CS2;4.0;0
SESS-14726;2026-08-19 23:30:51;USR-1368;2006-06-09;M;Standard;5;0;500;Card;Dota 2;5.0;0
SESS-14917;2026-08-02 10:33:03;USR-1595;1991-02-26;M;VIP;2;0;400;Card;GTA V;;0
SESS-11328;2026-08-14 15:44:03;USR-1030;2011-05-18;M;Standard;2;0;200;Card;Dota 2;4.5;0
SESS-16359;2026-08-02 21:10:25;USR-1082;2004-05-06;F;Standard;2;0;200;Card;Deadlock;;0
SESS-11374;2026-08-04 21:40:59;USR-1062;2012-09-01;M;Standard;1;40;100;App;Valorant;;0
SESS-11127;2026-08-01 17:35:08;USR-1648;2010-06-21;M;Bootcamp;2;0;270;App;Dota 2;;1
SESS-11555;2026-08-08 15:45:20;USR-1002;2012-02-08;M;Standard;1;40;100;Card;Minecraft;;0
SESS-12635;2026-08-09 15:02:30;USR-1225;2003-07-25;M;PS5;3;360;750;Card;Dota 2;;0
SESS-16786;2026-08-22 12:11:57;USR-1076;2004-03-02;M;Bootcamp;3;440;450;Card;CS2;;0
SESS-10160;2026-08-23 18:07:44;USR-1033;2008-06-16;M;PS5;2;224;450;Card;CS2;;1
SESS-15702;2026-08-03 21:41:21;USR-1408;1994-03-23;M;VIP;4;780;800;App;Valorant;;0
SESS-11953;2026-08-16 18:20:43;USR-1241;1992-12-03;M;Standard;2;360;200;Card;CS2;5.0;0
SESS-12756;2026-08-08 07:46:20;USR-1038;2007-09-18;M;Standard;5;0;450;App;Valorant;;1
SESS-14766;2026-08-07 14:06:18;USR-1318;2011-03-19;M;VIP;1;0;200;App;CS2;;0
SESS-16869;2026-08-31 07:11:57;USR-1617;2009-07-04;M;Standard;2;0;200;Card;Valorant;;0
SESS-12910;2026-08-23 21:16:55;USR-1206;2003-07-25;M;Standard;2;0;200;Card;Deadlock;;0
SESS-11365;2026-08-06 22:16:16;USR-1407;1994-07-04;M;PS5;5;1050;1250;Card;Cyberpunk 2077;4.5;0
SESS-15832;2026-08-29 15:02:00;USR-1736;2009-04-01;M;Standard;2;0;200;Cash;Minecraft;;0
SESS-12695;2026-08-23 14:23:59;USR-1059;2012-10-27;F;Standard;2;80;200;Cash;Deadlock;;0
SESS-17018;2026-08-21 13:34:18;USR-1218;1992-12-18;M;PS5;2;0;500;App;PUBG;;0
SESS-10946;2026-08-29 16:32:15;USR-1467;2006-07-05;F;VIP;8;1106;1440;Card;PUBG;4.5;1
SESS-11824;2026-08-17 21:38:40;USR-1065;2012-05-07;F;Standard;5;0;450;App;CS2;5.0;1
SESS-12000;2026-08-24 13:59:29;USR-1061;2003-09-11;M;Standard;1;0;90;Card;Deadlock;;1
SESS-14358;2026-08-06 23:38:54;USR-1046;2009-05-11;F;Standard;12;1007;1080;Card;Valorant;4.0;1
SESS-15677;2026-08-31 19:11:36;USR-1612;2012-07-16;M;Standard;2;120;200;Cash;CS2;;0
SESS-16434;2026-08-15 08:06:38;USR-1626;2004-08-28;F;Standard;5;1120;450;Card;CS2;;1
SESS-11015;2026-08-28 16:10:15;USR-1730;2012-04-06;M;Standard;2;0;200;Cash;Valorant;4.5;0
SESS-12779;2026-08-26 18:25:41;USR-1069;2004-01-15;M;Standard;2;240;200;App;Dota 2;4.5;0
;2026-08-11 07:27:36;;2007-11-13;M;Standard;4;640;400;Card;CS2;;0
SESS-12768;2026-08-16 21:14:25;USR-1017;1994-02-15;M;VIP;1;0;200;Card;CS2;;0
SESS-10636;2026-08-20 20:01:11;USR-1723;1999-12-13;M;Standard;2;240;200;Card;GTA V;;0
SESS-13983;2026-08-07 19:29:24;USR-1715;2011-06-05;M;Standard;3;251;270;Card;Minecraft;4.0;1
SESS-12500;2026-08-27 18:59:18;USR-1275;1998-10-28;M;VIP;2;0;400;App;Cyberpunk 2077;2.0;0
SESS-15757;2026-08-10 11:32:35;USR-1016;2005-05-28;F;Bootcamp;1;0;150;App;PUBG;;0
SESS-15157;2026-08-04 12:17:18;USR-1547;2008-10-14;M;PS5;3;672;675;Cash;Dota 2;5.0;1
SESS-11513;2026-08-28 13:14:20;USR-1038;2007-09-18;M;Standard;2;320;200;App;CS2;;0
SESS-11947;2026-08-31 16:02:57;USR-1284;2012-02-26;M;Standard;3;0;270;App;CS2;;1
SESS-10241;2026-08-05 21:30:02;USR-1509;2023-06-15;M;VIP;-2;3300;2400;Card;CS2;4.5;0
SESS-14742;2026-08-27 02:59:08;USR-1030;2011-05-18;M;Standard;3;120;300;App;Dota 2;;0
;2026-08-20 23:52:42;;2005-04-01;M;Standard;12;0;1200;App;Minecraft;4.5;0
SESS-12872;2026-08-28 15:20:18;USR-1142;2004-11-07;M;VIP;3;0;600;;Dota 2;;0
SESS-15963;2026-08-21 15:00:30;USR-1222;2006-11-04;M;Standard;3;672;270;Card;Valorant;;1
SESS-13697;2026-08-20 20:11:09;USR-1133;2005-08-18;M;Bootcamp;1;200;150;App;Deadlock;4.5;0
SESS-10803;2026-08-15 14:15:35;USR-1369;2004-03-05;M;Standard;2;0;200;Card;Valorant;;0
SESS-15950;2026-08-08 18:44:30;USR-1083;2009-01-17;M;Bootcamp;4;0;540;Cash;Minecraft;;1
SESS-11393;2026-08-15 18:14:19;USR-1135;2012-06-13;M;Standard;1;0;100;Card;CS2;5.0;0
SESS-13117;2026-08-17 07:21:16;USR-1500;2012-09-28;M;;Bootcamp;1;0;Card;Deadlock;;0
SESS-17061;2026-08-27 01:09:36;USR-1763;2007-01-21;F;VIP;8;1430;1600;Card;Valorant;;0
SESS-16253;2026-08-09 13:12:26;USR-1238;2008-11-08;M;Bootcamp;1;310;150;App;Valorant;5.0;0
SESS-14711;2026-08-29 16:46:31;USR-1715;2011-06-05;M;Standard;3;0;300;App;CS2;;0
;2026-08-15 09:20:30;;2010-09-12;M;Standard;1;0;100;Card;Dota 2;5.0;0
SESS-12162;2026-08-25 12:00:02;USR-1325;2012-04-06;M;Standard;2;80;200;App;CS2;;0
SESS-10968;2026-08-16 10:32:00;USR-1297;2006-01-15;M;Standard;1;160;100;Card;CS2;4.0;0
SESS-10738;2026-08-15 12:54:48;USR-1026;2004-11-05;M;Standard;3;360;300;Card;CS2;;0
SESS-11604;2026-08-15 16:31:29;USR-1292;1993-12-24;F;VIP;3;1260;540;Card;GTA V;4.5;1
SESS-16399;2026-08-23 22:11:09;USR-1125;2002-08-14;M;Standard;8;0;720;Cash;CS2;4.5;1
SESS-15708;2026-08-24 14:56:25;USR-1059;2012-10-27;F;Standard;12;0;1200;Cash;Dota 2;4.5;0
SESS-10782;2026-08-19 10:14:48;USR-1582;2002-06-08;M;Standard;2;0;200;Card;CS2;4.0;0
SESS-16789;2026-08-09 09:22:57;USR-1504;2004-11-27;M;Standard;3;503;270;Card;Deadlock;4.0;1
SESS-14283;2026-08-14 13:48:59;USR-1016;2005-05-28;F;Standard;4;896;360;Card;Dota 2;4.5;1
SESS-15980;2026-08-15 21:42:21;USR-1140;2006-12-27;F;Standard;2;240;200;Card;Dota 2;5.0;0
SESS-16901;2026-08-19 14:05:33;USR-1351;2012-06-13;M;Standard;1;0;100;Cash;Valorant;;0
SESS-11088;2026-08-09 14:57:29;USR-1089;2002-06-04;F;VIP;2;310;400;Card;CS2;4.0;0
SESS-14253;2026-08-08 15:26:17;USR-1506;2011-09-23;M;PS5;2;0;500;App;PUBG;;0
SESS-13631;2026-08-13 19:32:22;USR-1084;2005-03-01;F;Standard;1;120;100;Card;Dota 2;;0
SESS-10028;2026-08-31 22:36:21;USR-1365;1995-04-18;M;PS5;8;2226;1800;Card;Deadlock;5.0;1
SESS-13163;2026-08-09 13:02:14;USR-1111;1997-10-25;M;Bootcamp;3;840;450;Card;Deadlock;;0
SESS-11592;2026-08-07 16:23:45;USR-1224;2004-10-06;M;Standard;2;448;180;App;Deadlock;;1
SESS-16008;2026-08-14 08:41:10;USR-1006;2005-05-17;M;Bootcamp;2;0;300;Card;CS2;;0
SESS-12226;2026-08-02 10:07:18;USR-1152;;M;Standard;2;320;200;Cash;Valorant;;0
SESS-12350;2026-08-17 10:35:11;USR-1131;2006-08-05;M;VIP;2;448;360;Card;CS2;4.0;1
SESS-13154;20.08.2026 20:59:42;USR-1785;1997-05-20;F;PS5;5;0;1250;Cash;Deadlock;;0
SESS-13534;2026-08-30 20:45:36;USR-1315;2002-01-22;M;Standard;3;360;300;Card;CS2;;0
SESS-11290;2026-08-28 14:38:30;USR-1000;2005-11-15;M;Standard;1;80;100;App;Dota 2;;0
SESS-15065;2026/08/13 15:08:28;USR-1139;2012-11-24;M;Standard;3;0;270;App;Minecraft;;1
SESS-10358;2026-08-08 18:34:50;USR-1144;1993-04-03;M;PS5;2;510;500;Card;Cyberpunk 2077;3.0;0
SESS-14421;2026-08-31 17:08:57;USR-1633;2003-08-25;M;VIP;5;951;900;App;Dota 2;5.0;1
SESS-15527;2026-08-22 19:34:56;USR-1353;2006-08-23;M;Standard;2;0;200;Card;CS2;;0
SESS-16697;2026-08-09 07:59:16;USR-1538;2010-01-26;M;Bootcamp;2;0;300;App;Valorant;;0
SESS-10487;2026-08-24 18:26:43;USR-1432;2004-06-21;M;Standard;3;0;270;App;Deadlock;;1
SESS-12189;2026-08-27 19:24:25;USR-1788;2004-09-02;F;Bootcamp;8;1554;1080;App;Apex Legends;4.5;1
SESS-11358;2026-08-31 16:25:12;USR-1322;2011-04-03;Мужской;Standard;3;0;300;App;Minecraft;;0
SESS-15406;2026-08-30 14:34:23;USR-1054;1999-10-07;F;Standard;3;0;300;Card;CS2;4.5;0
SESS-10335;2026-08-23 19:45:45;USR-1047;2005-09-11;M;Bootcamp;1;0;150;Cash;CS2;;0
SESS-14971;2026-08-19 15:05:42;USR-1733;2007-06-21;M;Bootcamp;2;240;300;App;Dota 2;4.0;0
SESS-11001;2026-08-13 07:59:29;USR-1322;2011-04-03;M;VIP;2;0;400;Cash;Dota 2;4.5;0
SESS-12891;2026-08-24 18:19:23;USR-1111;1997-10-25;M;VIP;4;1610;720;Card;Dota 2;;1
SESS-11504;2026-08-22 23:52:52;USR-1674;2005-08-20;F;Standard;5;600;500;App;Valorant;5.0;0
SESS-13724;2026-08-09 08:14:52;USR-1068;1993-04-03;M;VIP;4;0;720;Card;Cyberpunk 2077;5.0;1
SESS-14149;2026-08-21 11:04:37;USR-1429;2011-02-10;M;Standard;1;80;100;Cash;Minecraft;4.5;0
SESS-10423;2026-08-23 19:26:44;USR-1027;1997-11-04;F;Standard;2;360;200;App;Cyberpunk 2077;4.5;0
SESS-16631;2026-08-09 23:40:35;USR-1284;2012-02-26;M;Standard;3;0;300;App;PUBG;;0
SESS-10066;2026-08-23 18:57:32;USR-1196;2007-09-09;M;Bootcamp;1;0;150;Card;Deadlock;;0
SESS-12074;2026-08-19 01:10:25;USR-1717;2009-01-03;M;Standard;5;400;500;App;CS2;3.0;0
SESS-11761;2026-08-24 14:48:48;USR-1402;2007-10-17;F;Bootcamp;5;672;675;Card;PUBG;;1
SESS-12627;2026-08-16 07:55:00;USR-1576;2005-07-05;F;Standard;3;360;300;Cash;Valorant;;0
SESS-14671;2026-08-31 12:01:46;USR-1127;2009-06-13;M;Standard;1;0;100;Cash;GTA V;;0
SESS-10199;2026-08-07 22:18:49;USR-1099;2004-01-10;F;Standard;5;0;500;Card;CS2;5.0;0
SESS-15063;2026-08-26 12:19:13;USR-1209;2011-07-04;M;Standard;1;0;100;Cash;CS2;;0
SESS-16226;2026-08-20 19:47:04;USR-1089;2002-06-04;F;PS5;3;0;675;Card;Valorant;5.0;1
SESS-13977;2026-08-23 14:00:21;USR-1085;2000-03-10;M;VIP;1;330;200;Card;Deadlock;;0
SESS-10819;2026-08-23 20:28:08;USR-1150;2003-04-24;M;PS5;2;240;500;Card;Dota 2;;0
SESS-14792;2026-08-25 11:47:08;USR-1612;2012-07-16;M;PS5;1;0;250;App;Valorant;5.0;0
SESS-13582;2026-08-01 13:59:23;USR-1371;2006-04-08;M;PS5;1;120;250;Card;Dota 2;;0
SESS-13974;2026-08-01 00:21:44;USR-1063;2008-01-18;F;Standard;5;800;500;Card;Minecraft;4.0;0
SESS-13187;2026-08-23 19:37:11;USR-1079;2003-02-01;F;Bootcamp;3;0;450;Card;CS2;4.0;0
SESS-10350;2026-08-18 15:13:16;USR-1206;2003-07-25;M;Standard;4;896;360;App;CS2;;1
SESS-15874;2026-08-06 20:19:33;USR-1387;1988-10-23;M;VIP;12;4410;2160;Card;CS2;5.0;1
SESS-10663;2026-08-12 16:17:58;USR-1698;2006-03-02;M;PS5;2;0;500;Cash;CS2;;0
SESS-14189;2026-08-22 17:31:51;USR-1102;2012-11-14;M;Bootcamp;2;0;300;App;Apex Legends;5.0;0
SESS-14681;2026-08-23 17:39:13;USR-1095;2005-12-26;M;Standard;8;960;800;Card;Apex Legends;;0
SESS-14780;2026-08-11 23:39:44;USR-1128;2008-04-02;F;PS5;5;400;1250;App;Deadlock;3.0;0
SESS-15363;2026-08-07 17:40:27;USR-1087;2006-03-16;M;VIP;3;0;600;App;Dota 2;;0
SESS-10454;2026-08-13 13:39:45;USR-1760;2010-09-15;F;VIP;2;0;400;Cash;Dota 2;;0
SESS-10176;2026-08-16 10:07:12;USR-1544;2003-03-06;M;VIP;4;560;720;App;Dota 2;4.0;1
SESS-15914;2026-08-28 13:55:49;USR-1124;2012-08-08;M;Standard;2;120;200;App;CS2;3.0;0
SESS-15055;2026-08-31 17:23:40;USR-1039;2003-04-10;F;Standard;2;0;200;App;Dota 2;;0
SESS-16030;2026-08-10 22:08:55;USR-1607;2007-01-23;F;Bootcamp;8;1110;1200;Card;Deadlock;1.0;0
SESS-12131;2026-08-12 18:53:35;USR-1002;2012-02-08;M;Standard;3;0;300;Cash;Minecraft;3.0;0
SESS-15444;2026-08-11 23:16:29;USR-1113;2005-12-17;M;Bootcamp;5;680;750;Card;Valorant;4.0;0
SESS-14416;2026-08-02 15:39:57;USR-1385;1999-10-15;F;VIP;1;550;200;Card;Browser/Work;;0
SESS-12552;2026-08-08 21:14:30;USR-1540;1993-02-15;M;Bootcamp;2;510;300;App;GTA V;;0
SESS-14292;2026-08-09 20:42:18;USR-1354;2006-11-15;M;Standard;3;503;270;Card;Cyberpunk 2077;4.0;1
SESS-13650;2026-08-20 20:03:57;USR-1502;1990-03-10;M;PS5;3 часа;0;750;Card;Dota 2;;0
SESS-13572;20.08.2026 16:05:03;USR-1466;1998-10-16;F;Standard;2;240;200;Card;CS2;;0
SESS-11132;2026-08-29 16:25:25;USR-1069;2004-01-15;M;Standard;3;0;300;Card;CS2;;0
SESS-13110;2026-08-22 15:21:09;USR-1017;1994-02-15;M;VIP;4;1020;800;Card;Dota 2;;0
SESS-14802;2026-08-10 16:06:26;USR-1042;2004-06-10;M;Bootcamp;3;630;450;App;Dota 2;4.0;0
SESS-14078;2026-08-18 18:50:41;USR-1512;2009-10-07;M;Standard;3;251;270;Cash;Valorant;;1
SESS-12750;2026-08-15 17:53:10;USR-1545;1987-06-01;M;VIP;1;420;200;Card;GTA V;5.0;0
SESS-13098;2026-08-22 16:51:45;USR-1347;2006-11-23;M;Standard;1;0;100;App;Dota 2;;0
SESS-13416;2026-08-29 16:58:36;USR-1126;1997-11-08;M;PS5;2;800;500;Card;CS2;4.5;0
SESS-12012;2026-08-17 23:34:41;USR-1751;1991-09-14;M;VIP;12;4620;2160;App;Cyberpunk 2077;5.0;1
SESS-13128;2026-08-24 10:05:44;USR-1720;2012-11-25;F;Bootcamp;3;0;405;App;Dota 2;;1
SESS-11935;2026-08-15 23:11:08;USR-1084;2005-03-01;F;Standard;8;640;800;App;Dota 2;;0
SESS-16309;2026-08-29 11:10:47;USR-1320;2012-04-04;F;Standard;2;0;200;App;Minecraft;;0
SESS-14903;2026-08-08 01:52:01;USR-1156;2009-04-26;M;Standard;12;0;1080;Cash;Dota 2;;1
SESS-10102;2026-08-08 12:01:06;USR-1178;2011-04-10;M;Standard;2;0;200;Cash;Dota 2;;0
SESS-14528;2026-08-05 15:50:40;USR-1739;2009-06-08;M;VIP;2;224;360;App;CS2;;1
SESS-13587;2026-08-28 15:40:23;USR-1139;2012-11-24;M;Standard;2;0;200;Card;Valorant;;0
SESS-15762;2026-08-23 21:27:11;USR-1183;2005-09-05;M;Bootcamp;3;440;450;Card;CS2;;0
SESS-14483;2026-08-01 15:07:25;USR-1401;2002-10-03;M;Standard;4;672;360;Card;PUBG;4.0;1
SESS-16155;2026-08-03 12:59:08;USR-1789;2009-01-28;M;Standard;2;120;200;App;Minecraft;;0
SESS-10592;2026-08-19 22:29:21;USR-1131;2006-08-05;M;Bootcamp;8;0;1200;Card;CS2;3.0;0
SESS-12389;2026-08-13 23:26:55;USR-1494;2005-12-24;M;PS5;8;0;2000;Card;Dota 2;;0
SESS-16708;2026-08-14 21:45:37;USR-1025;1997-05-13;F;VIP;3;510;600;Card;PUBG;4.5;0
SESS-14309;2026-08-29 18:07:57;USR-1018;2002-11-17;M;Standard;2;320;200;Card;Dota 2;;0
SESS-11950;2026-08-29 17:15:14;USR-1101;1997-03-02;M;Standard;2;240;200;Card;CS2;;0
SESS-16429;2026-08-07 23:40:59;USR-1099;2023-06-15;F;Standard;999;960;800;Card;Valorant;1.0;0
SESS-15214;2026-08-08 23:00:05;USR-1472;1995-11-20;M;PS5;8;0;2000 ₽;Card;Dota 2;5.0;0
SESS-11181;2026-08-25 11:33:07;USR-1120;2006-07-03;M;Standard;1;160;100;Card;PUBG;;0
SESS-10327;2026-08-16 09:09:29;USR-1353;2006-08-23;M;PS5;2;0;500;Card;CS2;4.5;0
SESS-14446;2026-08-25 18:13:31;USR-1528;2011-06-05;M;Standard;12;0;1200;App;CS2;4.5;0
SESS-15245;2026-08-29 10:31:03;USR-1575;1996-08-27;F;Bootcamp;2;0;300;Card;CS2;;0
SESS-16827;2026-08-29 18:17:53;USR-1093;1995-09-19;M;VIP;2;660;400;Cash;GTA V;4.5;0
SESS-14513;2026-08-30 23:49:55;USR-1516;2003-02-22;M;Standard;3;240;300;Card;Deadlock;;0
SESS-12816;2026-08-19 19:14:12;USR-1108;2005-03-19;M;Standard;1;0;100;App;Dota 2;;0
SESS-16110;2026-08-22 13:09:34;USR-1308;2008-11-07;F;VIP;4;560;800;Cash;Dota 2;;0
SESS-11032;2026-08-29 15:25:10;USR-1317;2004-05-12;M;VIP;2;0;400;App;Dota 2;;0
SESS-15385;2026-08-04 14:58:51;USR-1226;2006-05-20;M;Standard;4;640;400;App;Dota 2;4.0;0
SESS-15389;2026-08-03 17:31:19;USR-1776;2010-05-20;M;Standard;1;0;100;Cash;Minecraft;;0
SESS-11114;2026-08-30 05:53:13;USR-1703;2005-01-04;M;VIP;3;630;600;Card;GTA V;4.5;0
SESS-10164;2026-08-10 10:39:29;USR-1070;2007-01-05;M;Standard;3;0;300;Card;PUBG;;0
SESS-13140;2026-08-22 18:53:43;USR-1155;2010-04-23;F;Standard;4;336;360;Cash;Minecraft;4.5;1
SESS-14853;2026-08-28 21:02:13;USR-1570;2008-09-03;F;VIP;8;790;1600;Card;PUBG;;0
SESS-10306;2026-08-15 20:08:41;USR-1660;2011-07-03;M;Standard;2;0;200;Cash;Dota 2;;0
SESS-16824;08/19/2026 21:05:53;USR-1101;1997-03-02;M;Standard;3;0;300;Card;Dota 2;4.5;0
SESS-10083;2026-08-13 00:08:24;USR-1037;2010-08-28;M;Standard;8;0;800;App;CS2;;0
SESS-10515;2026-08-26 13:01:44;USR-1024;2004-08-15;M;PS5;3;0;750;Cash;GTA V;;0
;2026-08-23 12:54:06;USR-1085;2000-03-10;M;VIP;2;540;400;Card;PUBG;;0
SESS-10309;2026-08-18 14:42:30;USR-1093;1995-09-19;M;Standard;2;240;200;Card;Browser/Work;;0
SESS-15103;2026-08-04 18:55:20;USR-1121;2008-02-21;M;Standard;4;448;360;App;Dota 2;5.0;1
SESS-10014;2026-08-11 17:47:17;USR-1096;2007-03-05;M;PS5;2;320;500;Card;CS2;;0
SESS-17136;2026-08-29 02:30:33;USR-1419;2006-08-12;M;VIP;1;0;200;Card;Apex Legends;;0
SESS-17116;2026-08-22 17:10:01;USR-1324;1996-05-14;M;VIP;8;0;1600;App;CS2;;0
SESS-10629;2026-08-13 17:30:26;USR-1003;2008-10-26;M;Standard;2;0;200;Card;Valorant;5.0;0
SESS-11198;2026-08-19 10:01:28;USR-1396;2007-05-04;F;VIP;3;0;600;Card;Deadlock;4.0;0
SESS-11462;2026-08-31 08:47:18;USR-1390;1994-03-20;M;VIP;1;330;200;Card;Deadlock;;0
SESS-14641;2026-08-14 15:48:07;USR-1774;2007-09-02;M;Standard;4;0;400;Card;Dota 2;;0
SESS-15971;2026-08-21 17:56:48;USR-1061;2003-09-11;M;Bootcamp;3;0;450;App;PUBG;5.0;0
SESS-11773;2026-08-15 12:10:54;USR-1121;2008-02-21;M;Standard;5;800;500;Card;CS2;4.0;0
SESS-13357;2026-08-19 19:45:05;USR-1022;2000-09-26;M;VIP;2;0;400;App;CS2;4.5;0
SESS-15572;2026-08-21 12:20:11;USR-1014;2010-10-27;M;VIP;2;0;400;App;Minecraft;;0
SESS-11087;2026-08-27 02:03:30;USR-1574;2008-10-18;M;VIP;2;448;360;Card;Deadlock;;1
SESS-10826;2026/08/06 11:02:46;USR-1301;2012-09-01;M;Standard;5;0;500;App;CS2;3.0;0
SESS-16931;2026-08-09 21:16:31;USR-1102;2012-11-14;M;VIP;3;240;600;Card;Dota 2;;0
SESS-10520;2026-08-07 19:56:07;USR-1451;2005-05-19;M;Bootcamp;4;0;600;Card;Valorant;;0
SESS-15211;2026-08-12 16:30:11;USR-1664;1997-08-14;M;VIP;1;420;200;Card;Cyberpunk 2077;4.5;0
SESS-15511;2026-08-27 10:37:39;USR-1346;1992-02-19;M;Standard;2;240;200;Card;CS2;;0
SESS-10985;2026-08-01 19:57:35;USR-1054;1999-10-07;F;Bootcamp;4;630;600;Card;PUBG;5.0;0
SESS-16867;2026-08-23 18:26:22;USR-1032;2009-06-21;M;;VIP;3;336;Card;Dota 2;;1
SESS-14181;2026-08-31 22:52:55;USR-1154;2000-02-18;M;Standard;12;4200;1080;App;GTA V;5.0;1
SESS-15218;2026-08-30 10:19:21;USR-1137;2005-01-22;M;Bootcamp;4;790;600;Card;CS2;;0
SESS-13647;2026-08-02 15:38:43;USR-1060;1990-02-23;M;Bootcamp;3;840;450;Card;Cyberpunk 2077;4.5;0
SESS-12513;2026-08-21 07:44:55;USR-1081;2004-02-04;M;Standard;2;320;200;Card;CS2;;0
SESS-14935;2026-08-16 20:16:24;USR-1682;2005-01-18;M;VIP;2;0;400;App;Dota 2;3.0;0
SESS-16225;2026-08-16 21:38:28;USR-1483;2008-05-08;F;VIP ;8;1792;720;App;PUBG;4.5;1
SESS-10918;2026-08-19 22:06:47;USR-1133;2005-08-18;M;VIP;8;1430;1600;Card;Dota 2;4.0;0
SESS-14450;08/29/2026 17:07:12;USR-1053;1998-05-01;M;Bootcamp;2;0;300;Cash;Dota 2;;0
SESS-11453;2026-08-08 14:07:28;USR-1600;2005-07-17;M;Standard;1;0;100;Card;Dota 2;4.0;0
SESS-13118;2026-08-01 15:39:12;USR-1085;2000-03-10;M;Standard;3;360;300;App;CS2;4.0;0
SESS-14275;2026-08-22 16:09:24;USR-1633;2003-08-25;M;PS5;4;0;900;Card;CS2;4.5;1
SESS-13113;2026-08-04 21:42:56;USR-1384;2009-05-15;M;Standard;4;0;400;App;Dota 2;4.0;0
SESS-12035;2026-08-27 19:14:47;USR-1036;2004-09-28;M;Standard;1;160;100;Cash;CS2;;0
SESS-11138;2026-08-01 21:57:23;USR-1076;2004-03-02;M;Standard;2;160;200;Cash;CS2;;0
SESS-10315;2026-08-25 17:06:42;USR-1470;1992-02-25;M;Standard;3;0;300;Card;CS2;4.5;0
SESS-11779;2026-08-10 20:25:11;USR-1321;2010-05-10;M;Bootcamp;2;160;300;App;CS2;;0
SESS-15989;2026-08-14 15:22:06;USR-1694;2001-09-20;M;Standard;3;480;300;App;CS2;5.0;0
SESS-16352;2026-08-30 18:18:36;USR-1142;2004-11-07;M;Bootcamp;1;270;150;App;Deadlock;;0
SESS-16482;2026-08-23 15:15:53;USR-1561;2006-05-15;M;Standard;4;640;400;App;CS2;4.5;0
SESS-16042;2026-08-06 18:58:38;USR-1085;2000-03-10;M;VIP;2;0;400;Card;Dota 2;;0
SESS-15820;2026-08-24 16:53:26;USR-1026;2004-11-05;M;VIP;3;0;540;Card;Valorant;;1
SESS-10488;2026-08-12 23:32:40;USR-1060;1990-02-23;M;Standard;12;3024;1080;App;CS2;4.5;1
SESS-10107;2026-08-15 17:40:16;USR-1718;1994-09-16;M;PS5;~2;0;450;Card;Cyberpunk 2077;;1
SESS-11182;2026-08-18 16:01:20;USR-1339;2004-04-05;M;VIP;3;616;540;App;Dota 2;;1
SESS-10856;2026-08-22 16:00:29;USR-1607;2007-01-23;F;Bootcamp;5;0;750;Card;CS2;5.0;0
SESS-12376;2026-08-07 16:12:18;USR-1416;2009-11-15;M;VIP;1;0;180;Cash;Minecraft;;1
SESS-15975;2026-08-02 01:03:32;USR-1017;1994-02-15;M;PS5;8;1260;2000;App;Dota 2;;0
SESS-15255;2026-08-02 19:41:38;USR-1103;2008-04-20;M;Standard;5;0;500;Card;CS2;4.5;0
SESS-14639;2026-08-30 18:26:06;USR-1182;2012-12-13;M;Standard;1;0;100;Card;Dota 2;;0
SESS-16439;2026-08-24 03:29:33;USR-1742;2011-08-07;M;Bootcamp;4;240;600;Cash;CS2;;0
SESS-13699;2026-08-26 16:27:06;USR-1069;2004-01-15;M;VIP;2;0;400;Card;CS2;;0
SESS-13818;2026-08-21 22:53:00;USR-1475;2005-04-21;F;Bootcamp;3;0;450;Card;Apex Legends;;0
SESS-12030;2026-08-20 17:38:43;USR-1082;2004-05-06;F;Standard;3;0;270;Card;CS2;4.5;1
SESS-15064;2026-08-11 16:40:28;USR-1479;2002-01-21;M;Bootcamp;3;510;450;Card;Dota 2;1.0;0
SESS-11924;2026-08-02 20:19:21;USR-1297;2006-01-15;M;ps5;1;0;100;App;Dota 2;;0
SESS-15750;2026-08-09 16:03:10;USR-1128;2008-04-02;F;Bootcamp;1;230;150;App;Valorant;;0
SESS-12154;2026-08-21 14:40:54;USR-1072;2005-05-26;M;Bootcamp;4;784;540;Card;Dota 2;4.5;1
SESS-12233;2026-08-16 17:39:05;USR-1003;2008-10-26;M;VIP;3;320;600;App;Valorant;;0
SESS-15371;2026-08-03 03:56:00;USR-1036;2004-09-28;M;Standard;4;448;360;Card;Dota 2;;1
SESS-10371;2026-08-30 10:47:12;USR-1487;;M;VIP;2;470;400;Card;CS2;;0
SESS-10620;2026-08-29 12:02:14;USR-1156;2009-04-26;M;Standard;3;0;300;Cash;Deadlock;4.5;0
SESS-12579;2026-08-18 08:35:51;USR-1260;2011-05-05;F;Bootcamp;2;0;270;App;Dota 2;;1
SESS-14860;2026-08-03 19:19:35;USR-1492;1998-11-10;M;VIP;3;0;600;App;PUBG;;0
SESS-12377;2026-08-18 05:22:20;USR-1112;2005-08-25;M;Bootcamp;4;470;600;Cash;CS2;;0
SESS-16219;2026-08-24 19:24:43;USR-1445;2002-01-11;F;PS5;2;160;500;Card;Deadlock;;0
SESS-15640;2026-08-16 14:48:28;USR-1494;2005-12-24;M;PS5;1;80;250;Card;Dota 2;;0
SESS-11459;2026-08-29 16:23:04;USR-1016;2005-05-28;F;Bootcamp;2;0;300;App;Deadlock;;0
SESS-12436;2026-08-18 18:27:34;USR-1126;1997-11-08;M;VIP;4;0;720;Card;Cyberpunk 2077;4.0;1
SESS-11988;2026-08-10 21:30:36;USR-1101;1997-03-02;M;Standard;2;0;200;App;CS2;;0
;2026-08-02 10:58:44;USR-1276;2007-05-01;F;Bootcamp;2;240;300;Card;CS2;;0
SESS-11271;2026-08-27 22:09:29;USR-1068;1993-04-03;M;VIP;2;0;400;App;Dota 2;3.0;0
SESS-11593;2026-08-12 15:55:57;USR-1525;2005-01-17;M;Bootcamp;3;448;405;Card;Dota 2;;1
SESS-14113;2026-08-09 19:17:32;USR-1127;2009-06-13;M;PS5;3;336;675;App;Valorant;4.0;1
SESS-13379;2026-08-06 13:41:13;USR-1135;2012-06-13;M;Standard;3;168;270;Cash;CS2;4.5;1
SESS-17137;2026-08-02 21:22:56;USR-1251;2004-08-07;M;VIP;3;0;600;App;Dota 2;5.0;0
SESS-11073;2026-08-08 16:20:07;USR-1373;1993-11-14;M;VIP;3;660;600;Card;PUBG;4.5;0
SESS-16850;2026-08-14 19:24:59;USR-1066;1994-01-05;M;PS5;1;588;225;Card;Browser/Work;;1
SESS-11588;2026-08-04 22:05:32;USR-1006;2005-05-17;M;Standard;8;1792;720;App;Valorant;;1
SESS-16044;2026-08-30 16:40:15;USR-1555;2011-04-14;F;Standard;2;0;200;;CS2;;0
SESS-16303;2026-08-13 13:27:02;USR-1124;2012-08-08;M;PS5;1;80;250;App;Minecraft;;0
SESS-11371;2026-08-13 15:58:57;USR-1063;2008-01-18;F;PS5;5;400;1250;Card;Valorant;4.0;0
SESS-16920;2026-08-30 21:12:11;USR-1638;2007-02-24;F;Bootcamp;2;0;270;Card;GTA V;;1
SESS-13146;05.08.2026 21:15:32;USR-1256;2004-02-14;M;Standard;2;0;200;Card;CS2;4.0;0
SESS-13405;2026-08-12 17:19:57;USR-1671;2006-06-07;M;Standard;4;0;360;Cash;Dota 2;;1
SESS-15797;2026-08-31 19:25:14;USR-1063;2008-01-18;F;PS5;2;320;500;Card;Dota 2;;0
SESS-15996;2026-08-12 16:28:58;USR-1099;2004-01-10;F;VIP;5;0;900;Card;Dota 2;;1
SESS-15293;2026-08-04 18:44:25;USR-1257;2009-05-25;F;PS5;1;40;250;Cash;Valorant;;0
SESS-12806;2026-08-20 17:41:52;USR-1577;1995-03-03;M;PS5;3;0;750;App;Browser/Work;;0
SESS-14981;2026-08-15 14:13:34;USR-1229;2007-06-14;M;PS5;2;0;500;Card;Valorant;;0
SESS-14594;2026-08-26 16:43:18;USR-1384;2009-05-15;M;PS5;1;0;250;App;Dota 2;;0
SESS-15396;2026-08-16 19:48:50;USR-1087;2006-03-16;M;Bootcamp;1;0;150;Card;Valorant;3.0;0
SESS-16713;2026-08-01 19:12:17;USR-1364;2012-04-23;M;Standard;2;0;200;App;CS2;;0
SESS-13775;2026-08-21 16:13:22;USR-1087;2006-03-16;M;;Standard;2;320;Cash;CS2;;0
SESS-15510;2026-08-19 20:54:32;USR-1103;;M;Bootcamp;2;400;300;App;Valorant;;0
SESS-13892;2026-08-05 15:51:20;USR-1427;2000-01-10;M;Standard;3;756;270;Card;Dota 2;4.5;1
SESS-11595;2026-08-20 01:00:22;USR-1115;2001-08-07;M;Bootcamp;12;0;1800;Cash;Dota 2;4.5;0
SESS-15182;2026-08-12 15:54:25;USR-1767;2003-06-20;M;Bootcamp;2;0;300;Card;Deadlock;;0
SESS-15030;2026-08-01 13:55:04;USR-1688;2006-04-27;M;Bootcamp;3;560;450;Card;Deadlock;;0
SESS-17039;2026-08-15 22:36:19;USR-1147;2012-09-13;M;Standard;5;0;500;App;Valorant;;0
SESS-14525;2026-08-31 19:24:26;USR-1742;2011-08-07;M;Standard;2;0;200;Cash;CS2;5.0;0
SESS-10190;2026-08-01 13:58:10;USR-1226;2006-05-20;M;Bootcamp;2;0;300;Card;Dota 2;;0
SESS-10971;2026-08-31 22:09:59;USR-1124;2012-08-08;M;Standard;8;0;800;App;Dota 2;2.0;0
SESS-13581;2026-08-31 22:26:13;USR-1732;2005-07-01;M;Standard;8;640;800;Card;CS2;5.0;0
SESS-13068;2026-08-13 22:15:57;USR-1136;1993-06-01;M;Standard;8;2015;720;Card;Dota 2;;1
SESS-16043;2026-08-22 12:11:27;USR-1028;2008-11-24;M;PS5;2;160;500;Card;PUBG;;0
SESS-12078;2026-08-29 00:11:36;USR-1337;2009/03/21;M;Standard;3;0;300;App;CS2;1.0;0
SESS-16900;2026-08-11 09:40:21;USR-1094;2004-06-11;M;Standard;2;0;200;Card;CS2;5.0;0
SESS-10420;2026-08-05 01:11:18;USR-1013;2012-02-18;M;Standard;8;640;800;App;CS2;;0
SESS-14368;2026-08-09 01:36:54;USR-1099;2004-01-10;F;VIP;2;240;400;Card;Dota 2;;0
SESS-16788;2026-08-05 17:13:08;USR-1144;1993-04-03;M;Standard;4;1007;360;Card;Cyberpunk 2077;4.5;1
SESS-11150;03.08.2026 19:00:12;USR-1121;2008-02-21;M;Standard;2;160;200;Card;Valorant;4.5;0
SESS-12088;2026-08-13 15:16:39;USR-1067;2006-04-02;M;VIP ;2;320;200;Card;CS2;;0
SESS-16820;2026-08-15 17:11:04;USR-1517;2009-04-09;M;Standard;2;0;180;Card;Dota 2;;1
SESS-12048;2026-08-18 21:30:54;USR-1651;2004-10-24;M;VIP;2;658;360;Card;Dota 2;;1
SESS-13648;2026-08-23 16:59:05;USR-1056;1985-10-21;M;Standard;2;0;200;Cash;GTA V;;0
SESS-11958;2026-08-13 16:06:03;USR-1275;1998-10-28;M;VIP;2;390;400;Card;Cyberpunk 2077;;0
SESS-12992;2026-08-30 17:52:23;USR-1087;2006-03-16;M;Bootcamp;2;658;270;Card;Dota 2;;1
SESS-13336;2026-08-29 21:34:55;USR-1494;2005-12-24;M;PS5;3;360;750;Card;CS2;;0
SESS-15225;2026-08-16 17:00:56;USR-1021;2004-07-25;M;Standard;1;120;100;App;Dota 2;4.5;0
SESS-12812;2026-08-18 16:00:16;USR-1000;2005-11-15;M;Standard;1;160;100;App;CS2;;0
SESS-16090;2026-08-25 18:38:47;USR-1471;2012-12-23;M;Bootcamp;1;0;150;Cash;Dota 2;;0
SESS-16654;2026-08-02 10:01:55;USR-1043;2007-04-22;M;Bootcamp;2;390;300;Card;CS2;;0
SESS-10869;2026-08-02 12:01:40;USR-1134;2004-08-26;M;PS5;1;160;250;App;Valorant;;0
SESS-11000;2026-08-15 15:51:51;USR-1009;1997-10-05;F;VIP;2;510;400;Card;Cyberpunk 2077;;0
SESS-16065;2026-08-26 02:28:29;USR-1306;2007-01-28;M;Standard;4;640;400;Cash;Dota 2;;0
SESS-14627;2026-08-03 16:16:52;USR-1357;1992-05-25;M;Standard;2;0;200;Card;CS2;;0
SESS-13064;2026-08-22 17:18:08;USR-1143;2007-06-16;M;Bootcamp;3;630;450;App;Dota 2;4.0;0
SESS-14131;2026-08-07 05:28:54;USR-1426;2011-01-27;F;Standard;3;0;300;Cash;Apex Legends;4.0;0
SESS-14020;2026-08-10 20:43:22;USR-1409;2007-05-15;M;Standard;3;480;300;Card;PUBG;;0
SESS-15195;2026-08-30 15:26:36;USR-1144;1993-04-03;M;VIP;2;660;400;Card;Browser/Work;;0
SESS-13934;2026-08-01 22:44:03;USR-1711;2005-05-02;M;Standard;5;400;500;App;Dota 2;;0
SESS-14869;2026-08-15 15:03:19;USR-1553;2010-07-20;F;Bootcamp;2;0;300;App;GTA V;5.0;0
SESS-11667;2026-08-25 01:50:10;USR-1030;2011-05-18;M;Standard;8;0;720;App;Minecraft;5.0;1
SESS-12241;2026-08-08 20:17:39;USR-1343;2005-03-24;M;VIP;2;0;400;Card;Valorant;3.0;0
SESS-10970;2026-08-01 14:27:28;USR-1278;2010-10-25;M;Standard;2;168;180;App;Minecraft;;1
SESS-16765;2026-08-29 19:29:03;USR-1493;2005-01-28;M;Standard;2;0;200;Card;CS2;3.0;0
SESS-10650;2026-08-12 22:53:57;USR-1217;2003-04-26;M;Standard;8;960;800;App;Dota 2;4.5;0
SESS-10485;2026-08-24 21:15:42;USR-1411;2010-08-16;F;VIP;1;0;200;App;CS2;4.0;0
SESS-16885;2026-08-01 17:30:51;USR-1078;1995-10-22;F;Standard;2;500;200;Card;Dota 2;;0
SESS-12535;2026-08-29 08:21:31;USR-1082;2004-05-06;F;Standard;3;360;300;Card;CS2;;0
SESS-14302;2026-08-30 18:15:10;USR-1053;1998-05-01;M;PS5;5;1200;1250;Card;PUBG;4.5;0
SESS-10267;2026-08-08 02:19:40;USR-1134;2004-08-26;M;Standard;2;320;200;App;Dota 2;;0
SESS-12954;2026-08-15 09:15:44;USR-1277;2005-11-21;M;VIP;2;0;400;Card;Deadlock;4.5;0
SESS-11609;2026-08-19 19:11:28;USR-1596;2011-06-10;M;Standard;1;40;100;App;CS2;;0
SESS-15159;2026-08-28 18:46:43;USR-1153;2006-11-27;M;Bootcamp;2;400;300;Cash;Minecraft;4.0;0
SESS-16414;2026-08-30 16:49:39;USR-1563;1992-06-16;M;VIP;4;1300;800;App;CS2;4.5;0
SESS-14059;2026-08-29 18:29:29;USR-1058;2006/06/09;M;Bootcamp;1;200;150;Card;Dota 2;;0
SESS-10628;2026-08-02 18:23:48;USR-1051;2005-01-12;M;Standard;3;240;300;Card;Valorant;;0
SESS-14347;2026-08-06 01:20:45;USR-1517;2009-04-09;M;Standard;8;672;720;App;CS2;5.0;1
SESS-14430;2026-08-30 11:00:35;USR-1537;2012-08-26;M;Bootcamp;3;0;405;Card;Minecraft;;1
SESS-11051;2026-08-01 18:50:26;USR-1300;2008-04-23;F;PS5;3;0;750;Card;Dota 2;;0
SESS-16348;2026-08-21 02:24:36;USR-1660;2011-07-03;M;Standard;1;0;100;Card;Valorant;4.5;0
SESS-15631;2026-08-01 14:44:28;USR-1514;2008-04-05;M;Standard;5;0;450;Card;Apex Legends;4.0;1
SESS-11086;2026-08-07 22:33:46;USR-1066;1994-01-05;M;PS5;8;0;2000;Card;CS2;4.0;0
SESS-16244;2026-08-04 21:55:04;USR-1768;2006-03-08;M;Standard;3;0;300;Card;Deadlock;;0
SESS-16692;2026-08-28 18:15:55;USR-1263;2005-12-11;M;Standard;3;672;270;Card;Dota 2;;1
SESS-15682;2026-08-02 20:40:07;USR-1109;2007-12-25;M;Standard;8;640;800;Card;CS2;4.0;0
SESS-11886;2026-08-02 18:06:37;USR-1169;1988-04-12;M;Standard;5;840;450;Card;PUBG;;1
SESS-17014;2026-08-26 12:28:37;USR-1430;2011-08-06;M;Standard;2;0;200;Cash;CS2;;0
SESS-11082;2026-08-03 19:00:35;USR-1715;2011-06-05;M;Standard;3;0;300;Cash;CS2;4.0;0
SESS-10148;2026-08-02 16:13:21;USR-1093;1995-09-19;M;PS5;2;0;450;Card;CS2;;1
SESS-13310;2026-08-05 21:50:45;USR-1048;2010-12-21;M;Standard;2;0;200;App;CS2;;0
SESS-13059;2026-08-16 23:36:16;USR-1700;2010-12-07;M;Standard;8;480;800;Cash;CS2;4.0;0
SESS-11864;2026-08-25 15:47:47;USR-1132;2008-09-20;M;Standard;3;336;270;App;CS2;4.5;1
SESS-13186;2026-08-12 15:35:22;USR-1099;2004-01-10;F;VIP;2;400;400;Card;PUBG;5.0;0
SESS-11452;2026-08-12 23:01:42;USR-1106;1997-11-09;M;Standard;8;960;800;Card;Browser/Work;5.0;0
SESS-10162;2026-08-08 15:25:38;USR-1050;2008-08-14;M;Standard;1;80;100;Card;CS2;4.5;0
SESS-16805;2026-08-28 18:15:58;USR-1008;1991-02-01;F;PS5;5;1400;1250;App;PUBG;;0
SESS-10424;2026-08-02 23:08:22;USR-1592;2005-06-27;M;VIP;12;0;2160;Card;Dota 2;4.5;1
SESS-15887;2026-08-09 15:50:41;USR-1595;1991-02-26;M;VIP;2;0;4ОО;Card;Browser/Work;;0
SESS-11516;2026-08-06 00:05:33;USR-1295;1994-10-12;M;VIP;8;1590;1600;;Dota 2;;0
SESS-15806;2026-08-30 19:42:32;USR-1786;2010-02-08;M;Bootcamp;3;0;405;App;Valorant;;1
SESS-16557;2026-08-22 01:26:02;USR-1263;2005-12-11;M;VIP;8;1360;1600;App;Apex Legends;;0
SESS-11648;2026-08-25 20:12:59;USR-1056;1985-10-21;M;VIP;4;870;800;App;Cyberpunk 2077;;0
SESS-15942;2026-08-29 14:20:10;USR-1006;2005-05-17;M;Standard;5;800;500;Card;Dota 2;4.5;0
SESS-14647;2026-08-01 18:08:09;USR-1231;2005-11-24;M;VIP;1;0;200;Card;Valorant;;0
SESS-14768;2026-08-24 20:23:29;USR-1349;;F;PS5;4;1610;900;Card;Dota 2;4.5;1
SESS-14280;2026-08-01 19:46:20;USR-1025;1997-05-13;F;VIP;8;1764;1440;Card;Dota 2;;1
SESS-15229;2026-08-30 14:33:21;USR-1267;2004-12-08;M;Bootcamp;1;160;150;Card;Deadlock;;0
SESS-11754;2026-08-19 20:35:00;USR-1012;2006-05-26;M;Standard;2;336;180;Card;Valorant;4.5;1
SESS-11653;2026-08-17 18:17:52;USR-1294;2003-10-14;F;Standard;2;160;200;App;CS2;4.5;0
SESS-11982;2026-08-10 16:59:15;USR-1036;2004-09-28;M;Standard;2;160;200;Card;Deadlock;5.0;0
SESS-16586;2026-08-06 18:03:00;USR-1242;2005-09-25;F;Standard;2;0;200;Card;Dota 2;4.0;0
SESS-10509;2026-08-29 18:34:03;USR-1059;2012-10-27;F;Standard;2;0;200;Cash;CS2;5.0;0
SESS-16027;2026-08-06 14:01:00;USR-1572;2005-08-27;M;VIP;3;448;540;Card;Dota 2;;1
SESS-12780;2026-08-08 15:45:30;USR-1425;2010-06-12;M;Standard;3;251;270;Cash;CS2;5.0;1
SESS-15639;2026-08-17 18:42:05;USR-1141;1998-03-28;M;Standard;1;120;100;Card;Cyberpunk 2077;4.0;0
SESS-13386;2026-08-25 21:47:43;USR-1092;2007-02-23;M;VIP;3;440;600;Card;CS2;4.0;0
SESS-10438;2026-08-14 09:02:59;USR-1055;2007-06-20;M;Bootcamp;3;448;405;App;Deadlock;4.5;1
SESS-11870;2026-08-24 13:03:44;USR-1771;2007-03-05;M;VIP;2;0;400;Card;Valorant;4.5;0
SESS-10988;2026-08-07 17:46:49;USR-1332;2004-11-09;M;Bootcamp;5;0;750;App;CS2;4.0;0
SESS-16861;2026-08-14 20:29:36;USR-1082;2004-05-06;F;Standard;2;0;200;Card;CS2;4.5;0
SESS-10078;2026-08-19 12:02:34;USR-1216;2002-01-27;M;VIP;1;0;200;App;Dota 2;;0
SESS-15744;2026-08-02 17:42:16;USR-1030;2011-05-18;M;VIP;4;0;800;App;CS2;5.0;0
SESS-11505;2026-08-14 16:33:26;USR-1770;2008-02-15;F;VIP;3;784;540;App;Deadlock;5.0;1
SESS-16392;2026-08-30 21:01:31;USR-1564;2002-05-01;M;Bootcamp;2;0;300;Card;Deadlock;;0
SESS-16242;2026-08-26 12:59:58;USR-1636;2004-03-21;M;VIP;1;0;180;Card;Dota 2;;1
SESS-16484;2026-08-31 16:23:15;USR-1734;1991-03-22;M;VIP;3;1176;540;Card;GTA V;;1
SESS-14028;2026-08-11 15:32:17;USR-1450;2007-05-10;F;Bootcamp;4;400;600;Cash;CS2;5.0;0
SESS-14891;2026-08-19 16:57:56;USR-1146;2005-04-03;M;Bootcamp;3;0;450;App;Valorant;;0
SESS-14289;2026-08-15 18:38:35;USR-1636;2004-03-21;M;Standard;1;0;100;Card;CS2;;0
SESS-12059;2026-08-17 08:32:53;USR-1160;2001-07-16;ж;Standard;4;0;400;Card;Valorant;;0
SESS-15469;2026-08-12 15:12:15;USR-1522;2006-08-27;M;VIP;5;880;1000;Card;Apex Legends;;0
SESS-16864;2026-08-13 20:00:12;USR-1230;1992-06-15;F;PS5;2;714;450;Card;CS2;5.0;1
SESS-11825;2026-08-04 20:13:50;USR-1074;2004-09-03;M;Bootcamp;2;320;300;Card;CS2;;0
SESS-16568;2026-08-19 15:16:36;USR-1150;2003-04-24;M;Bootcamp;3;0;450;Card;Valorant;;0
SESS-14409;2026-08-14 13:46:58;USR-1365;1995-04-18;M;Bootcamp;1;0;150;Card;CS2;5.0;0
SESS-15382;2026-08-01 15:05:46;USR-1011;2007-06-06;m;VIP;2;0;400;Card;Valorant;;0
SESS-10030;2026-08-31 21:56:03;USR-1058;2006-06-09;M;VIP;3;0;540;Card;Apex Legends;5.0;1
SESS-12161;2026-08-29 20:37:42;USR-1147;2012-09-13;M;Standard;2;0;200;Cash;CS2;1.0;0
SESS-11322;2026-08-13 09:44:01;USR-1782;2010-04-14;M;VIP;1;0;200;App;Dota 2;;0
SESS-10739;2026-08-23 19:22:51;USR-1361;1994-07-23;M;PS5;1;0;250;Card;Browser/Work;4.5;0
SESS-14226;2026-08-19 15:03:06;USR-1012;2006-05-26;M;Bootcamp;2;320;300;App;PUBG;;0
SESS-12546;2026-08-02 13:20:06;USR-1123;1995-12-22;M;Bootcamp;5;0;750;Card;CS2;4.0;0
SESS-11222;2026-08-03 01:07:52;USR-1073;2010-12-24;M;Standard;8;0;800;App;Minecraft;;0
SESS-13333;2026-08-05 18:30:17;USR-1476;2007-07-12;M;Standard;1;0;100;Card;Valorant;;0
SESS-14009;2026-08-09 17:15:22;USR-1035;2007-12-13;M;Standard;2;240;200;Card;Dota 2;4.5;0
SESS-12486;2026-08-16 12:59:16;USR-1434;2003-07-23;M;Standard;2;320;200;App;CS2;4.0;0
SESS-11451;2026-08-02 08:22:37;USR-1426;2011-01-27;F;Standard;2;160;200;Cash;Minecraft;4.0;0
SESS-15802;2026-08-22 18:24:54;USR-1132;2008-09-20;M;Standard;3;336;270;Card;Dota 2;1.0;1
SESS-12117;2026-08-22 14:18:58;USR-1013;2012-02-18;M;Bootcamp;5;560;675;Card;Minecraft;4.5;1
SESS-14017;2026-08-12 11:29:11;USR-1119;2003-06-06;F;Standard;4;896;360;Card;Deadlock;4.5;1
SESS-16914;2026-08-19 12:57:00;USR-1521;2010-02-13;M;Standard;3;168;270;Card;PUBG;5.0;1
SESS-12558;2026-08-29 20:12:11;USR-1502;1990-03-10;M;PS5;1;0;250;Card;GTA V;;0
SESS-12258;2026-08-13 14:37:34;USR-1308;2008-11-07;F;VIP;1;310;200;Cash;CS2;4.0;0
SESS-13147;2026-08-02 13:53:34;USR-1719;2005-05-18;M;VIP;8;0;1440;Card;Dota 2;4.5;1
SESS-10116;2026-08-09 14:18:00;USR-1089;2002-06-04;F;Bootcamp;3;0;450;Card;Dota 2;5.0;0
SESS-16553;2026-08-14 20:34:23;USR-1268;2006-10-23;M;VIP;2;0;400;Card;Dota 2;;0
SESS-13602;2026-08-14 07:34:55;USR-1569;2005-01-13;M;Standard;2;240;200;Card;Dota 2;;0
SESS-13355;2026-08-27 17:25:04;USR-1587;2005-10-11;F;Bootcamp;8;2001;1080;Card;CS2;4.0;1
SESS-16168;2026-08-07 23:38:25;USR-1651;2004-10-24;M;VIP;12;0;2400;App;Dota 2;4.0;0
SESS-10645;2026-08-20 17:37:55;USR-1413;2001-06-20;M;Standard;1;80;100;Card;Valorant;;0
SESS-14658;2026-08-05 20:40:35;USR-1330;2007-02-18;M;Standard;1;0;100;Cash;CS2;4.5;0
SESS-11509;2026-08-07 14:45:33;USR-1142;2004-11-07;M;Standard;2;0;200;Card;Dota 2;;0
SESS-10269;2026-08-05 18:25:33;USR-1435;2001-06-18;F;PS5;3;0;750;Card;Dota 2;4.0;0
SESS-10111;2026-08-07 21:56:53;USR-1080;2003-02-28;M;Standard;3;0;270;Card;Valorant;5.0;1
SESS-11307;2026-08-19 11:36:43;USR-1090;2010-05-10;M;Standard;3;120;300;Cash;CS2;;0
SESS-11438;2026-08-28 22:51:20;USR-1031;2010-03-02;M;Standard;5;0;500;Card;Minecraft;4.5;0
SESS-13078;2026-08-26 21:48:31;USR-1134;2004-08-26;M;Standard;3;0;300;App;Apex Legends;;0
SESS-12821;2026-08-23 22:31:57;USR-1021;2004-07-25;M;Standard;5;0;500;Card;Valorant;;0
SESS-11170;2026-08-16 19:04:17;USR-1503;2011-07-13;F;Standard;8;0;800;Cash;Minecraft;;0
SESS-14787;2026-08-07 11:12:56;USR-1103;2008-04-20;M;Bootcamp;2;310;300;;Valorant;;0
SESS-11431;2026-08-07 16:50:34;USR-1724;2010-03-04;F;Bootcamp;2;0;300;Card;CS2;;0
SESS-13872;2026-08-17 20:46:28;USR-1163;2006-01-12;M;Standard;1;0;100;Card;CS2;;0
SESS-10792;2026-08-08 21:24:41;USR-1039;2003-04-10;F;Bootcamp;2;0;300;App;PUBG;;0
SESS-16965;2026-08-22 14:59:19;USR-1526;2007-04-16;F;Bootcamp;4;720;600;App;CS2;4.0;0
SESS-12013;2026-08-18 18:12:27;USR-1161;2012-05-09;F;Bootcamp;2;0;300;Cash;CS2;;0
SESS-13206;2026-08-02 16:57:18;USR-1052;2007-01-01;M;Standard;1;120;100;Card;Valorant;5.0;0
SESS-11211;2026-08-23 19:26:51;USR-1385;1999-10-15;F;Standard;3;540;300;App;Browser/Work;;0
SESS-11524;2026-08-12 10:41:44;USR-1049;1997-11-16;M;Standard;1;120;100;App;Cyberpunk 2077;3.0;0
SESS-13782;2026-08-30 16:13:04;USR-1309;2006-05-24;M;Standard;1;0;100;Card;Dota 2;;0
SESS-15192;2026-08-30 15:39:21;USR-1007;2003-09-21;M;Bootcamp;3;320;450;;Valorant;4.0;0
SESS-11998;2026-08-24 16:32:45;USR-1317;2004-05-12;M;VIP;2;0;400;App;CS2;;0
SESS-15637;2026-08-22 22:18:16;USR-1236;2012-01-11;F;Standard;8;0;800;App;CS2;;0
SESS-16737;2026-08-02 12:29:12;USR-1797;2007-11-07;M;VIP;2;310;400;App;Dota 2;4.5;0
SESS-12133;2026-08-09 14:04:45;USR-1049;1997-11-16;M;Standard;2;240;200;Card;Dota 2;;0
SESS-10136;2026-08-24 18:55:51;USR-1117;2010-06-21;M;Standard;3;0;300;App;Dota 2;;0
SESS-15679;2026-08-18 14:44:16;USR-1212;2010-09-05;M;Standard;2;0;200;Cash;Minecraft;;0
SESS-12548;2026-08-22 21:07:10;USR-1090;2010-05-10;M;Standard;1;80;100;App;CS2;;0
SESS-12311;2026-08-01 19:12:25;USR-1119;2003-06-06;F;Standard;4;0;400;Card;Dota 2;5.0;0
SESS-15486;2026-08-08 15:55:02;USR-1546;2008-04-14;M;VIP;3;630;600;Card;Dota 2;4.5;0
SESS-14757;2026-08-11 17:29:20;USR-1396;2007-05-04;F;Standard;1;0;100;Card;Dota 2;;0
SESS-13839;2026-08-10 16:03:53;USR-1174;12.07.2002;M;Standard;2;224;180;App;CS2;;1
SESS-16670;2026-08-15 19:05:58;USR-1140;2006-12-27;F;VIP;2;0;400;Cash;Dota 2;;0
SESS-12470;2026-08-22 19:52:05;USR-1264;2010-11-04;M;Bootcamp;2;0;300;Card;Dota 2;;0
SESS-10328;2026-08-25 11:22:05;USR-1582;2002-06-08;M;Standard;4;0;400;Card;Dota 2;;0
SESS-11781;2026-08-29 20:19:08;USR-1351;2012-06-13;M;Bootcamp;3;0;450;Cash;Deadlock;5.0;0
SESS-11597;2026-08-09 23:20:09;USR-1775;1990-12-05;M;PS5;8;1740;2000;Card;Browser/Work;5.0;0
SESS-12345;2026-08-11 19:46:52;USR-1449;2007-04-21;M;PS5;2;320;500;Card;Dota 2;;0
SESS-16487;2026-08-20 03:44:15;USR-1453;1994-05-01;M;Standard;3;360;300;Card;Deadlock;;0
SESS-15397;2026-08-29 17:31:13;USR-1361;1994-07-23;M;Standard;2;0;200;Card;Cyberpunk 2077;;0
SESS-10332;2026-08-27 10:58:29;USR-1253;2011-10-01;M;PS5;2;0;500;App;CS2;;0
SESS-10740;2026-08-14 07:46:58;USR-1010;1991-07-05;F;Standard;2;240;200;Card;PUBG;5.0;0
SESS-15789;2026-08-15 12:18:23;USR-1136;1993-06-01;M;Bootcamp;1;550;150;Card;Dota 2;3.0;0
SESS-10586;2026-08-11 18:45:20;USR-1157;2005-06-14;M;Standard;3;240;300;Card;CS2;4.0;0
SESS-14905;2026-08-13 18:31:58;USR-1779;2006-11-16;M;Standard;2;0;200;Card;PUBG;;0
SESS-13952;2026-08-03 01:30:10;USR-1046;2009-05-11;F;Standard;12;0;1080;Cash;Valorant;4.0;1
SESS-17045;2026-08-24 22:27:40;USR-1275;1998-10-28;M;VIP;8;2150;1600;Card;CS2;;0
SESS-16099;2026-08-23 16:49:44;USR-1283;2010-09-11;F;Standard;3;180;300;Cash;Valorant;4.5;0
SESS-10365;2026-08-01 22:39:25;USR-1112;2005-08-25;M;Bootcamp;8;1360;1200;Card;CS2;3.0;0
SESS-12851;2026-08-21 16:10:24;USR-1100;2003-04-03;M;PS5;3;360;750;Cash;Valorant;;0
SESS-16370;2026-08-08 23:11:58;USR-1082;2004-05-06;F;VIP;8;0;1600;App;CS2;;0
SESS-10785;2026-08-28 19:32:46;USR-1784;2007-12-05;M;Bootcamp;2;0;300;Card;Dota 2;;0
SESS-16260;2026-08-21 13:12:27;USR-1003;2008-10-26;M;Standard;1;0;100;App;GTA V;;0
SESS-16279;2026-08-07 15:59:38;USR-1700;2010-12-07;M;Standard;2;0;200;Cash;CS2;;0
SESS-14585;2026-08-08 11:48:48;USR-1153;2006-11-27;M;VIP;2;240;400;Card;CS2;;0
SESS-11717;2026-08-14 07:09:16;USR-1071;2007-09-17;M;Standard;4;0;400;App;Dota 2;;0
SESS-14655;2026-08-16 03:43:56;USR-1689;2010-02-14;M;Standard;1;0;90;Card;CS2;;1
SESS-11112;2026-08-03 20:27:58;USR-1042;2004-06-10;M;Standard;1;120;100;Card;CS2;;0
SESS-13985;2026-08-05 21:36:50;USR-1432;2004-06-21;M;Bootcamp;2;0;300;Card;CS2;;0
SESS-10641;2026-08-30 14:51:14;USR-1158;2010-12-14;F;Standard;3;0;300;Cash;Minecraft;;0
SESS-14687;2026-08-02 18:16:23;USR-1468;2011-10-24;M;Standard;2;0;200;App;CS2;;0
SESS-10492;2026-08-12 19:42:52;USR-1418;2006-08-28;M;PS5;2;160;500;Card;CS2;;0
SESS-11326;2026-08-26 02:44:34;USR-1631;2007-08-07;F;Bootcamp;2;336;270;Card;CS2;;1
SESS-17082;2026-08-22 17:40:11;USR-1783;2004-01-12;M;Bootcamp;5;1050;675;Card;CS2;4.0;1
SESS-15663;2026-08-13 21:26:05;USR-1238;2008-11-08;M;PS5;1;120;250;Card;CS2;;0
SESS-11391;2026-08-29 17:32:23;USR-1242;2005-09-25;F;VIP;4;1106;720;Card;CS2;4.5;1
SESS-16422;2026-08-31 12:37:18;USR-1056;1985-10-21;M;Standard;4;672;360;Card;Dota 2;4.5;1
SESS-10474;2026-08-02 15:46:57;USR-1051;2005-01-12;M;Standard;1;160;100;App;Dota 2;;0
SESS-14133;2026-08-01 14:47:24;USR-1019;1993-10-21;M;Bootcamp;5;0;675;Card;CS2;;1
SESS-15717;2026-08-29 18:00:22;USR-1280;1997-06-08;M;VIP;1;550;200;Card;CS2;;0
SESS-12449;2026-08-14 13:23:50;USR-1401;2002-10-03;M;VIP;4;560;720;App;CS2;4.0;1
SESS-14134;2026-08-31 23:30:00;USR-1042;2004-06-10;M;Standard;8;0;800;Card;Dota 2;1.0;0
SESS-16079;2026-08-12 01:28:57;USR-1708;2008-03-08;M;VIP;12;0;2400;App;CS2;2.0;0
SESS-11335;2026-08-01 06:54:12;USR-1111;1997-10-25;M;VIP;2;0;400;Card;Dota 2;;0
SESS-14250;2026-08-07 16:04:38;USR-1038;2007-09-18;M;Bootcamp;3;510;450;App;CS2;5.0;0
SESS-11573;2026-08-16 23:12:06;USR-1105;2008-12-10;M;VIP;8;1007;1440;Card;CS2;;1
SESS-16770;2026-08-30 10:14:13;USR-1247;1995-01-20;M;PS5;2;390;500;Card;Cyberpunk 2077;5.0;0
SESS-12917;2026-08-31 11:29:51;USR-1150;2003-04-24;M;VIP;3;616;540;Card;Deadlock;2.0;1
SESS-13758;2026-08-05 20:48:10;USR-1331;2007-03-24;M;Standard;2;320;200;Card;GTA V;;0
SESS-16964;2026-08-18 22:54:52;USR-1101;1997-03-02;M;PS5;5;0;1250;Card;GTA V;;0
SESS-14963;2026-08-20 18:04:13;USR-1425;2010-06-12;M;PS5;3;0;750;App;Deadlock;;0
SESS-12686;2026-08-28 13:49:40;USR-1117;2010-06-21;M;Standard;1;0;100;Card;Valorant;;0
SESS-14980;2026-08-17 22:03:40;USR-1491;2012-07-02;M;VIP;5;0;1000;App;CS2;5.0;0
SESS-11346;2026-08-21 09:14:18;USR-1121;2008-02-21;M;PS5;2;448;450;Card;Apex Legends;;1
SESS-15696;2026-08-27 16:04:39;USR-1598;2011-09-27;M;Standard;1;0;100;App;CS2;;0
SESS-11787;08/17/2026 18:22:01;USR-1262;2006-01-15;F;Bootcamp;1;0;150;App;Deadlock;4.0;0
SESS-13636;2026-08-13 13:33:15;USR-1171;2012-08-13;M;Bootcamp;3;120;450;Cash;GTA V;4.0;0
SESS-13547;2026-08-16 15:28:21;USR-1506;2011-09-23;M;Standard;4;160;400;Card;Valorant;;0
SESS-10879;2026-08-22 18:26:38;USR-1123;1995-12-22;M;VIP;3;510;600;Card;CS2;;0
SESS-16907;2026-08-03 22:15:39;USR-1292;1993-12-24;F;VIP ;12;0;1080;Card;Cyberpunk 2077;5.0;1
SESS-15311;2026-08-26 18:47:37;USR-1550;2006-12-13;M;PS5;3;0;750;Card;CS2;4.5;0
SESS-12724;2026-08-22 15:33:44;USR-1156;2009-04-26;M;PS5;2;168;450;Card;CS2;;1
SESS-10860;2026-08-26 18:31:47;USR-1193;2012-06-23;M;Standard;2;0;200;App;CS2;;0
SESS-15576;2026-08-08 00:00:16;USR-1207;2012-09-11;M;Standard;5;0;500;Card;Dota 2;4.0;0
SESS-13164;2026-08-14 18:31:39;USR-1117;2010-06-21;M;Standard;5;420;450;App;CS2;;1
SESS-16302;2026-08-14 18:37:04;USR-1134;2004-08-26;M;Bootcamp;2;0;270;Card;Valorant;;1
SESS-12215;2026-08-22 00:43:57;USR-1143;2007-06-16;M;Standard;8;1280;800;Card;Dota 2;4.0;0
SESS-11496;2026-08-26 15:43:08;USR-1356;2011-01-22;M;Standard;3;240;300;Card;CS2;;0
SESS-16560;2026-08-28 14:41:20;USR-1136;1993-06-01;M;VIP;2;510;400;App;GTA V;4.0;0
SESS-12164;2026-08-26 14:45:03;USR-1226;2006-05-20;M;Bootcamp;2;0;300;App;Dota 2;;0
SESS-13811;2026-08-01 20:48:59;USR-1004;2006-01-08;M;Standard;2;320;200;App;Dota 2;3.0;0
SESS-14005;2026-08-28 09:28:23;USR-1014;2010-10-27;M;Standard;4;240;400;Card;CS2;4.0;0
SESS-11383;2026-08-31 07:14:39;USR-1393;2006-06-25;M;Standard;4;0;400;Card;Minecraft;4.0;0
SESS-13106;2026-08-21 17:03:01;USR-1723;1999-12-13;M;VIP;2;660;400;Card;Dota 2;4.5;0
SESS-13852;2026-08-16 10:29:39;USR-1282;2005-08-11;F;Standard;1;120;100;Card;Valorant;;0
SESS-12557;2026-08-23 17:54:51;USR-1614;2000-08-04;M;PS5;2;0;500;Card;Dota 2;;0
SESS-14372;2026-08-30 15:18:35;USR-1058;2006-06-09;M;;Standard;1;0;Card;Valorant;;0
SESS-10991;2026-08-18 22:08:19;USR-1798;2003-05-06;F;Bootcamp;8;1040;1200;Card;Dota 2;;0
SESS-14736;2026-08-21 19:19:52;USR-1046;2009-05-11;F;Bootcamp;12;0;1620 руб.;App;CS2;;1
SESS-17077;2026-08-05 11:36:38;USR-1192;2003-04-24;M;Bootcamp;2;0;300;App;CS2;;0
SESS-13926;2026-08-25 14:24:41;USR-1735;2006-08-14;M;Standard;4;0;400;App;Deadlock;3.0;0
SESS-12533;2026-08-22 20:02:46;USR-1009;1997-10-05;F;VIP;5;1260;900;Card;Dota 2;5.0;1
SESS-10807;2026-08-18 22:13:30;USR-1030;2011-05-18;M;Bootcamp;12;1344;1620;App;Valorant;;1
SESS-15567;2026-08-03 18:26:44;USR-1115;2001-08-07;M;VIP;12;0;2400;Card;Dota 2;;0
SESS-12771;2026-08-30 22:45:34;USR-1121;2008-02-21;M;Standard;5;1120;450;Card;GTA V;3.0;1
SESS-10177;2026-08-25 13:03:28;USR-1177;2003-09-19;M;Standard;1;0;90;Card;Dota 2;;1
SESS-13289;2026-08-26 21:34:20;USR-1126;1997-11-08;M;PS5;2;660;500;Card;Cyberpunk 2077;;0
SESS-15586;2026-08-18 18:52:48;USR-1095;2005-12-26;M;Standard;2;320;200;Card;CS2;4.0;0
SESS-10007;2026-08-12 15:50:08;USR-1185;2000-09-18;F;Standard;3;540;300;Card;CS2;;0
SESS-12439;2026-08-22 13:17:30;USR-1115;2001-08-07;M;PS5;3;336;675;Card;CS2;4.0;1
SESS-10381;2026-08-29 01:58:00;USR-1038;2007-09-18;M; Bootcamp ;8;1040;1600;App;Dota 2;5.0;0
SESS-16540;2026-08-09 17:58:27;USR-1171;2012-08-13;M;Bootcamp;3;0;450;Cash;CS2;;0
SESS-13292;2026-08-22 04:24:02;USR-1147;2012-09-13;M;Bootcamp;2;0;300;Card;Minecraft;4.5;0
SESS-10196;2026-08-06 16:36:39;USR-1241;1992-12-03;M;VIP;1;480;200;Cash;Dota 2;4.5;0
SESS-10262;2026-08-20 00:21:37;USR-1575;1996-08-27;F;Bootcamp;5;0;750;Card;CS2;4.0;0
SESS-10537;2026-08-10 12:54:56;USR-1437;2007-05-08;F;Standard;3;0;300;Card;Valorant;4.5;0
SESS-10033;2026-08-25 14:13:24;USR-1257;2009-05-25;F;VIP;1;60;200;Cash;Dota 2;;0
SESS-13730;2026-08-21 19:05:32;USR-1597;2010-07-06;M;Standard;4;224;360;Card;Minecraft;;1
SESS-17112;2026-08-23 17:47:01;USR-1079;2003-02-01;F;VIP;3;0;600;Card;Deadlock;;0
SESS-12907;2026-08-27 09:13:20;USR-1063;2008-01-18;F;Standard;1;160;100;App;CS2;5.0;0
SESS-12478;2026-08-08 18:13:27;USR-1657;2005-07-10;M; standard ;2;240;400;Card;Cyberpunk 2077;;0
SESS-16622;2026-08-15 16:30:15;USR-1353;2006-08-23;M;Bootcamp;3;0;450 руб.;App;Dota 2;;0
SESS-10781;2026-08-15 07:32:18;USR-1095;2005-12-26;M;Standard;2;160;200;Cash;CS2;;0
SESS-15794;2026-08-29 03:25:41;USR-1201;2011-05-21;M;VIP;4;224;720;App;Deadlock;;1
SESS-14618;2026-08-16 11:27:15;USR-1055;2007-06-20;M;Standard;1;80;100;App;CS2;4.0;0
SESS-11047;2026-08-20 09:53:01;USR-1110;2004-11-28;F;VIP;3;390;600;Card;CS2;5.0;0
SESS-16936;2026-08-22 13:43:16;USR-1668;1990-01-06;M;Standard;3;0;300;Card;Dota 2;;0
SESS-14366;2026-08-04 05:49:37;USR-1548;2009-01-20;M;Standard;12;0;1200;App;Minecraft;4.5;0
SESS-15224;2026-08-21 02:33:57;USR-1169;1988-04-12;M;VIP;8;2150;1600;App;CS2;;0
SESS-15892;2026-08-04 00:41:50;USR-1288;2004-01-09;M;Standard;12;960;1200;App;Apex Legends;;0
SESS-10784;2026-08-24 16:54:41;USR-1647;2004-06-27;M;Standard;4;0;400;Card;Dota 2;4.0;0
SESS-16380;2026-08-01 18:12:12;USR-1070;2007-01-05;M;Standard;2;0;200;App;Valorant;;0
SESS-12141;2026-08-14 15:18:39;USR-1755;1991-07-19;M;Standard;4;1007;360;Card;Dota 2;;1
SESS-12896;2026-08-01 16:45:51;USR-1149;2006-12-05;M;Bootcamp;4;0;600;Card;Apex Legends;;0
SESS-13210;2026-08-23 17:24:42;USR-1092;2007-02-23;M;PS5;1;0;250;Card;Dota 2;;0
SESS-15306;2026-08-01 15:32:30;USR-1104;2003-04-21;F;Bootcamp;3;630;450;Card;CS2;4.5;0
SESS-16086;2026-08-01 17:40:23;USR-1660;2011-07-03;M;Standard;3;240;300;Cash;GTA V;;0
SESS-15334;2026-08-14 22:50:30;USR-1051;2005-01-12;M;Standard;8;1792;720;App;Dota 2;;1
SESS-14125;2026-08-02 10:00:38;USR-1145;2000-12-11;M;VIP;2;660;400;App;CS2;4.0;0
SESS-14331;2026-08-15 12:23:02;USR-1063;2008-01-18;F;VIP;3;510;600;App;Deadlock;4.0;0
SESS-10802;2026-08-29 01:40:32;USR-1204;2004-11-11;M;Bootcamp;8;1040;1200;Card;CS2;;0
SESS-10962;2026-08-09 21:53:51;USR-1210;23.12.2010;M;Standard;2;0;200;App;GTA V;4.0;0
SESS-17015;2026-08-02 16:09:31;USR-1434;2003-07-23;M;Bootcamp;5;1050;675;Card;CS2;3.0;1
SESS-15634;2026-08-03 17:03:54;USR-1336;2005-03-08;M;PS5;2;240;500;Card;Valorant;4.5;0
SESS-10734;2026-08-03 10:54:32;USR-1632;2006-05-07;M;Standard;2;240;200;Card;Valorant;;0
SESS-15082;2026-08-13 18:41:18;USR-1630;2008-03-12;M;VIP;5;0;900;App;CS2;4.0;1
SESS-16711;2026-08-17 17:39:13;USR-1312;2011-11-05;F;Bootcamp;4;224;540;App;Minecraft;;1
SESS-16736;2026-08-23 21:46:36;USR-1391;2005-03-11;M;Bootcamp;2;0;300;Card;CS2;;0
SESS-13621;2026-08-26 13:33:40;USR-1710;2003-03-07;F;Bootcamp;3;448;405;App;Dota 2;5.0;1
SESS-11404;2026-08-16 23:23:30;USR-1350;2012-12-04;M;Standard;8;0;800;;Minecraft;4.0;0
SESS-15463;2026-08-16 03:23:41;USR-1012;2006-05-26;M;Standard;1;0;100;Card;Dota 2;;0
SESS-12265;2026-08-21 21:22:20;USR-1003;2008-10-26;M;Bootcamp;3;0;450;Card;Valorant;4.0;0
SESS-10851;2026-08-20 21:13:22;USR-1215;2007-05-16;M;VIP;2;390;400;Card;Dota 2;;0
SESS-16994;2026-08-18 19:13:42;USR-1066;1994-01-05;M;VIP;1;0;200 ₽;Card;Dota 2;;0
SESS-10121;2026-08-08 03:15:44;USR-1781;2006-08-24;M;Bootcamp;4;790;600;App;CS2;4.0;0
SESS-13968;2026-08-29 18:02:48;USR-1615;2002-05-02;M;VIP;4;882;720;Card;Deadlock;5.0;1
SESS-10878;2026-08-28 03:08:04;USR-1246;1992-09-07;M;Standard;3;0;300;Card;Valorant;;0
SESS-13193;2026-08-18 09:24:00;USR-1077;2005-03-16;M;Standard;2;240;200;Card;Dota 2;;0
SESS-13704;2026-08-16 00:01:06;USR-1080;2003-02-28;M;Standard;12;960;1200;App;Dota 2;;0
SESS-11008;2026-08-17 23:48:56;USR-1615;2002-05-02;M;VIP;8;0;1600;Card;CS2;;0
SESS-16100;2026-08-04 20:45:29;USR-1532;1997-10-18;M;Standard;2;500;200;App;Dota 2;;0
SESS-16047;2026-08-15 02:28:32;USR-1112;2005-08-25;M;Standard;2;0;200;Cash;CS2;;0
SESS-16187;2026-08-01 17:59:50;USR-1080;2003-02-28;M;VIP;2;0;400;Card;CS2;;0
SESS-16757;2026-08-26 09:33:26;USR-1082;2004-05-06;F;Bootcamp;4;1106;540;App;Dota 2;;1
SESS-15558;2026-08-14 13:02:42;USR-1485;2011-05-10;F;Bootcamp;3;0;405;Card;Apex Legends;4.0;1
SESS-12194;2026-08-09 17:21:05;USR-1086;2011-03-02;M;Standard;2;112;180;App;Dota 2;4.5;1
SESS-11289;2026-08-22 06:28:43;USR-1063;2008-01-18;F;Standard;1;160;100;Cash;Valorant;;0
SESS-10776;2026-08-14 21:17:36;USR-1667;1886-09-20;M;Standard;-2;480;300;Card;CS2;5.0;0
SESS-15282;2026-08-21 17:50:29;USR-1109;2007-12-25;M;VIP;3;440;600;Card;CS2;4.0;0
SESS-16054;2026-08-13 22:23:57;USR-1047;2005-09-11;M;PS5;12;960;3000;Card;Apex Legends;3.0;0
SESS-15223;2026-08-31 21:18:15;USR-1151;1994-06-23;M;VIP;1;0;200;Card;Dota 2;;0
SESS-15278;2026-08-12 16:54:46;USR-1792;2008-06-16;F;Bootcamp;3;510;450;App;Dota 2;4.0;0
SESS-13821;2026-08-14 16:00:38;USR-1102;2012-11-14;M;Standard;2;0;200;App;Dota 2;4.5;0
SESS-16489;2026-08-16 18:32:13;USR-1005;1997-04-20;M;Bootcamp;2;0;300;Card;Dota 2;;0
SESS-13436;2026-08-04 18:29:17;USR-1009;1997-10-05;F;Bootcamp;8;0;1080;Card;CS2;;1
SESS-15666;2026-08-15 15:54:11;USR-1013;2012-02-18;M;Bootcamp;3;240;450;App;CS2;;0
SESS-10855;2026-08-27 18:43:56;USR-1712;2007-05-20;M;Standard;4;0;400;App;Minecraft;;0
SESS-16833;2026-08-14 16:44:23;USR-1609;2004-04-15;M;VIP;2;0;400;App;Dota 2;;0
SESS-16415;2026-08-22 18:56:19;USR-1547;2008-10-14;M;Bootcamp;4;560;540;Card;CS2;;1
SESS-10844;2026-08-30 09:57:01;USR-1487;2006-10-22;M;Standard;1;0;100;Card;Dota 2;4.0;0
SESS-16928;2026-08-01 00:36:06;USR-1127;2009-06-13;M;Standard;12;0;1200;Card;Minecraft;;0
SESS-12341;2026-08-27 04:17:15;USR-1141;1998-03-28;M;PS5;4;0;900;App;CS2;;1
SESS-14099;2026-08-02 00:18:38;USR-1042;2004-06-10;M;Standard;5;400;500;Card;Valorant;;0
SESS-14782;2026-08-08 14:15:20;USR-1543;2010-11-12;M;Standard;5;0;500;App;Valorant;4.5;0
SESS-16349;2026-08-09 23:09:51;USR-1500;2012-09-28;M;Standard;8;480;800;Cash;Dota 2;4.5;0
SESS-17025;2026-08-22 18:31:25;USR-1158;2010-12-14;F;Standard;3;0;270;App;Dota 2;;1
SESS-10470;2026-08-03 16:12:35;USR-1109;2007-12-25;M;VIP;1;200;200;Cash;CS2;;0
SESS-13072;2026-08-12 21:32:59;USR-1357;1992-05-25;M;VIP;3;1470;540;Card;CS2;4.5;1
SESS-13798;2026-08-09 14:42:49;USR-1158;2010-12-14;F;PS5;8;896;1800;Cash;Dota 2;4.0;1
SESS-11422;2026-08-19 01:32:50;USR-1028;2008-11-24;M;Standard;8;0;800;App;Dota 2;;0
SESS-13393;2026-08-16 19:35:49;USR-1212;2010-09-05;M;Bootcamp;1;60;150;App;Minecraft;;0
SESS-16176;2026-08-16 11:44:30;USR-1286;1993-06-23;M;Standard;2;360;200;Card;Cyberpunk 2077;;0
SESS-11430;2026-08-22 16:05:05;USR-1156;2009-04-26;M;Standard;2;0;200;App;Minecraft;;0
SESS-12778;2026-08-12 17:06:31;USR-1709;2008-03-19;M;PS5;4;0;900;Card;Dota 2;;1
SESS-10044;2026-08-30 05:17:50;USR-1144;1993-04-03;M;Bootcamp;2;650;300;Card;CS2;4.5;0
SESS-13295;2026/08/13 22:32:14;USR-1123;1995-12-22;M;Standard;12;2015;1080;Card;CS2;4.0;1
SESS-13939;2026-08-25 13:05:05;USR-1480;1991-01-14;M;PS5;2;0;500;App;Cyberpunk 2077;;0
SESS-16398;2026-08-02 12:40:38;USR-1415;2011-09-13;M;Standard;4;448;360;Card;Minecraft;4.0;1
SESS-13478;2026-08-05 23:14:00;USR-1309;2006-05-24;M;Standard;8;0;800;App;CS2;;0
SESS-13927;2026-08-12 15:35:13;USR-1155;2010-04-23;F;VIP;1;0;200;Cash;Minecraft;;0
SESS-15587;2026-08-15 16:19:57;USR-1015;1886-09-20;M;PS5;-2;0;1250;App;Deadlock;4.5;0
SESS-12741;2026-08-11 23:47:28;USR-1578;1886-09-20;M;Standard;999;896;720;App;Deadlock;3.0;1
SESS-14351;2026-08-26 16:26:23;USR-1778;2008-07-11;M;PS5;~2;240;500;Card;CS2;;0
SESS-10395;2026-08-07 02:06:53;USR-1010;1991-07-05;F;VIP;2;0;400;Card;Cyberpunk 2077;;0
SESS-16545;2026-08-13 22:55:25;USR-1156;2009-04-26;M;Bootcamp;3;180;450;App;CS2;4.0;0
SESS-14135;2026-08-15 08:14:36;USR-1731;1998-02-04;M;Standard;4;0;400;Card;Cyberpunk 2077;;0
SESS-12239;2026-08-15 13:54:41;USR-1049;1997-11-16;M;PS5;2;0;500;Card;Dota 2;;0
SESS-16170;2026-08-07 19:41:25;USR-1024;2004-08-15;M;Standard;4;896;360;Card;CS2;;1
SESS-10299;2026-08-29 15:04:02;USR-1121;2008-02-21;M;PS5;1;0;250;Card;CS2;;0
SESS-11732;2026-08-14 13:53:39;USR-1070;2007-01-05;M;VIP;3;630;600;App;Valorant;3.0;0
SESS-12286;2026-08-30 09:54:16;USR-1326;1991-02-19;M;Standard;2;700;180;App;GTA V;;1
SESS-15004;2026-08-15 15:57:11;USR-1021;2004-07-25;M;VIP;3;546;540;App;PUBG;;1
SESS-10113;2026-08-29 17:09:48;USR-1059;2012-10-27;F;VIP;1;0;200;Cash;Minecraft;5.0;0
SESS-14703;2026-08-30 21:56:07;USR-1297;2006-01-15;M;Standard;4;672;360;App;Valorant;4.5;1
SESS-10405;2026-08-21 18:48:58;USR-1050;2008-08-14;M;PS5;3;360;750;Card;Dota 2;4.5;0
SESS-10141;2026-08-20 12:39:15;USR-1798;2003-05-06;F;Standard;1;160;100;Cash;Apex Legends;;0
SESS-13796;2026-08-14 23:55:39;USR-1470;1992-02-25;M;Standard;8;1344;720;Card;GTA V;;1
SESS-10399;2026-08-08 19:32:59;USR-1122;2004-02-05;M;Standard;3;0;300;Card;Deadlock;;0
SESS-13365;2026-08-14 14:59:59;USR-1082;2004-05-06;F;Bootcamp;3;714;405;Card;Deadlock;;1
SESS-14083;2026-08-14 02:55:28;USR-1154;2000-02-18;M;VIP;12;1740;2400;Card;Valorant;4.0;0
;2026-08-07 01:36:34;;2011-05-21;M;Standard;8;0;800;Cash;CS2;;0
SESS-15662;2026-08-22 17:09:03;USR-1110;2004-11-28;F;Bootcamp;2;240;300;Card;Dota 2;;0
SESS-12304;2026-08-01 21:21:30;USR-1373;1993-11-14;M;;PS5;3;510;Card;Dota 2;4.5;0
SESS-15062;2026-08-19 09:02:17;USR-1468;2011-10-24;M;Standard;2;0;180;Cash;CS2;;1
SESS-13024;2026-08-25 05:28:58;USR-1273;2005-03-24;M;Bootcamp;1;240;150;Card;Apex Legends;4.0;0
SESS-10637;2026-08-09 19:15:35;USR-1003;2008-10-26;M;VIP;2;0;400;App;CS2;5.0;0
SESS-13679;2026-08-28 16:20:43;USR-1047;2005-09-11;M;Standard;2;0;200;Card;GTA V;;0
SESS-16468;2026-08-13 12:33:06;USR-1544;2003-03-06;M;Standard;12;960;1200;Card;CS2;;0
SESS-15122;2026-08-14 19:05:10;USR-1335;2006-07-04;M;;Standard;8;0;Card;CS2;;1
SESS-11976;2026-08-09 12:16:45;USR-1141;1998-03-28;M;PS5;12;2436;2700;App;CS2;3.0;1
SESS-12987;2026-08-06 13:45:18;USR-1145;;M;VIP;4;870;800;Card;CS2;;0
SESS-11967;2026-08-30 22:55:41;USR-1047;2005-09-11;M;Standard;8;640;800;App;Dota 2;4.0;0
SESS-12720;2026-08-29 00:35:38;USR-1651;2004-10-24;M;PS5;8;0;2000;App;CS2;;0
SESS-15772;2026-08-01 12:34:40;USR-1745;1992-10-09;M;PS5;2;714;450;Card;GTA V;;1
SESS-12568;2026-08-18 17:11:04;USR-1759;2009-11-23;M;Standard;2;0;200;App;CS2;;0
SESS-10818;2026-08-30 15:45:48;USR-1139;2012-11-24;M;VIP;2;0;400;Cash;CS2;;0
SESS-13291;2026-08-29 18:40:18;USR-1672;2009-01-15;M;Bootcamp;2;0;300;App;CS2;;0
SESS-15336;2026-08-06 19:36:16;USR-1113;2005-12-17;M;Standard;12;0;1200;App;Dota 2;4.5;0
;2026-08-15 19:33:21;USR-1157;2005-06-14;M;Standard;3;0;300;App;Minecraft;4.0;0
SESS-15258;2026-08-19 22:04:26;USR-1452;2008-06-05;M;Bootcamp;5;480;750;Card;Dota 2;;0
SESS-10347;2026-08-16 15:40:33;USR-1042;2004-06-10;M;Standard;1;160;100;Card;Apex Legends;;0
SESS-14339;2026-08-05 20:11:31;USR-1008;1991-02-01;F;Standard;2;0;200;Card;CS2;4.5;0
SESS-10864;2026-08-08 11:05:04;USR-1291;1995-02-07;F;VIP;4;1150;800;App;Cyberpunk 2077;;0
SESS-16035;2026-08-23 19:06:42;USR-1031;2010-03-02;M;Standard;4;160;400;App;CS2;;0
SESS-16185;2026-08-12 17:45:25;USR-1105;2008-12-10;M;Standard;2;160;200;Card;Dota 2;5.0;0
SESS-16519;2026-08-31 19:14:33;USR-1784;2007-12-05;M;Standard;8;0;720;Cash;GTA V;5.0;1
SESS-10673;2026-08-12 23:47:34;USR-1750;1992-05-26;F;PS5;12;0;2700;Card;CS2;;1
SESS-16083;2026-08-09 17:10:54;USR-1519;1996-11-27;F;VIP;3;900;600;App;Browser/Work;;0
SESS-15850;2026-08-13 16:19:49;USR-1657;2005-07-10;M;VIP;4;0;800;Card;Dota 2;;0
SESS-13733;2026-08-16 20:31:42;USR-1060;1990-02-23;M;Bootcamp;5;900;750;Card;CS2;4.5;0
SESS-12100;2026-08-15 15:44:38;USR-1023;2008-04-24;F;VIP;1;230;200;Card;CS2;;0
SESS-13836;2026-08-12 09:52:59;USR-1297;2006-01-15;M;Standard;5;560;450;App;Dota 2;4.5;1
SESS-16641;2026-08-29 15:18:59;USR-1038;2007-09-18;M;Bootcamp;3;0;405;App;Cyberpunk 2077;4.5;1
SESS-15714;2026-08-18 08:17:26;USR-1467;2006-07-05;F;Bootcamp;3;882;405;Card;CS2;3.0;1
SESS-13018;2026-08-04 21:01:54;USR-1093;1995-09-19;M;VIP;3;0;540;Card;CS2;;1
SESS-12416;2026-08-15 14:54:38;USR-1701;1886-09-20;F;Standard;-2;360;200;App;Dota 2;;0
SESS-13284;2026-08-20 21:26:19;USR-1184;2009-10-09;M;Standard;3;336;270;Cash;Valorant;;1
SESS-12842;2026-08-05 21:12:29;USR-1300;2008-04-23;F;VIP;2;310;400;Card;Dota 2;;0
SESS-12759;2026-08-03 10:05:47;USR-1683;1993-12-17;F;VIP;1;588;180;Card;GTA V;5.0;1
SESS-14702;2026-08-09 18:06:37;USR-1022;2000-09-26;M;PS5;2;800;500;App;GTA V;;0
SESS-13548;2026-08-02 09:37:08;USR-1585;2002-01-22;M;Standard;2;0;200;Card;Dota 2;;0
SESS-14391;2026-08-16 20:29:27;USR-1038;2007-09-18;M;Standard;2;240;200;Card;CS2;;0
SESS-15413;2026-08-27 22:42:39;USR-1169;1988-04-12;M;Standard;12;1440;1200;Card;GTA V;;0
SESS-10913;2026-08-01 22:10:08;USR-1018;2002-11-17;M;Standard;5 ч.;0;500;Card;Valorant;4.0;0
SESS-12845;2026-08-16 08:06:28;USR-1031;2010-03-02;M;Standard;1;60;100;Card;Minecraft;;0
SESS-13915;2026-08-23 13:33:09;USR-1769;1995-09-11;F;Standard;1;180;100;Card;Cyberpunk 2077;;0
SESS-12138;2026-08-14 21:36:13;USR-1153;2006-11-27;M;Standard;1;120;100;App;Dota 2;;0
SESS-17127;2026-08-07 22:35:13;USR-1140;2006-12-27;F;Standard;5;400;500;Card;GTA V;5.0;0
SESS-11361;2026-08-01 16:47:41;USR-1241;1992-12-03;M;VIP;1;480;200;Card;GTA V;;0
SESS-15386;2026-08-02 18:06:20;USR-1091;2007-11-13;M;Standard;1;0;100;App;Dota 2;4.5;0
SESS-15851;2026-08-01 15:10:55;USR-1094;2004-06-11;M;Bootcamp;2;470;300;Card;Dota 2;4.0;0
SESS-16461;2026-08-30 20:45:43;USR-1097;2010-04-26;M;Standard;2;80;200;Cash;Dota 2;;0
SESS-12373;2026-08-17 20:31:18;USR-1104;2003-04-21;F;VIP;5;750;1000;Card;CS2;4.0;0
SESS-11403;2026-08-08 17:39:45;USR-1102;2012-11-14;M;Standard;3;336;270;Cash;Valorant;4.0;1
SESS-15632;2026-08-12 10:33:18;USR-1782;2010-04-14;M;Bootcamp;3;180;450;App;Minecraft;;0
SESS-14556;2026-08-03 20:17:49;USR-1399;1987-07-23;M;VIP;5;2170;900;Card;Deadlock;;1
SESS-13126;2026-08-22 14:30:25;USR-1490;2010-04-27;M;Standard;3;0;300;Cash;CS2;4.5;0
SESS-15823;2026-08-13 21:39:05;USR-1159;;M;PS5;3;672;675;Card;Dota 2;4.0;1
SESS-15924;2026-08-22 15:49:49;USR-1577;1995-03-03;M;Bootcamp;3;840;450;Card;CS2;4.0;0
SESS-12400;2026-08-29 17:09:12;USR-1615;2002-05-02;M;VIP;2;658;360;App;CS2;4.5;1
SESS-16040;2026-08-08 21:10:21;USR-1248;2003-10-08;M;Bootcamp;4;720;600;Card;Deadlock;5.0;0
SESS-12230;2026-08-10 20:08:34;USR-1046;2009-05-11;F;Standard;1;60;100;App;CS2;4.5;0
SESS-11832;2026-08-16 13:18:48;USR-1629;2005-03-17;M;Standard;2;160;200;Card;Minecraft;4.5;0
SESS-15227;2026-08-09 20:07:04;USR-1165;1999-09-15;M;Standard;2;240;200;Card;Dota 2;;0
SESS-13082;2026-08-15 08:40:21;USR-1642;1989-12-23;M;VIP;5;2170;900;App;Deadlock;5.0;1
SESS-12585;2026-08-15 21:07:22;USR-1761;1986-09-19;M;Standard;2;360;200;Card;GTA V;5.0;0
SESS-13613;2026-08-14 21:41:55;USR-1543;2010-11-12;M;Standard;2;0;200;Cash;Minecraft;;0
SESS-13414;2026-08-25 16:05:36;USR-1530;1994-12-28;M;VIP;4;1218;720;App;Dota 2;;1
SESS-16413;2026-08-28 20:06:47;USR-1348;2008-04-26;M;Standard;5;840;450;Card;Valorant;;1
SESS-10497;2026-08-13 12:18:09;USR-1147;2012-09-13;M;Bootcamp;4;224;540;App;GTA V;4.5;1
SESS-12417;2026-08-02 20:20:34;USR-1073;2010-12-24;M;Standard;4;336;360;Card;Minecraft;4.0;1
SESS-13967;2026-08-23 15:54:45;USR-1059;2012-10-27;F;Standard;3;0;300;App;CS2;3.0;0
SESS-10086;2026-08-10 20:02:41;USR-1370;2007-12-16;M;VIP;2;470;400;App;CS2;4.0;0
SESS-13879;2026-08-10 19:12:46;USR-1543;2010-11-12;M;Bootcamp;2;0;300;App;Minecraft;4.0;0
SESS-12580;2026-08-14 09:35:19;USR-1774;2007-09-02;M;Bootcamp;3;784;405;App;CS2;4.5;1
SESS-15349;2026-08-10 19:52:03;USR-1737;2004-08-16;M;Bootcamp;5;880;750;Cash;CS2;5.0;0
SESS-14345;2026-08-28 18:02:14;USR-1491;2012-07-02;M;Standard;2;0;200;App;Minecraft;4.0;0
SESS-17029;2026-08-03 18:39:02;USR-1142;2004-11-07;M;VIP;2;0;400;Card;CS2;;0
SESS-10639;2026-08-11 17:24:26;USR-1697;2002-12-15;M;Standard;3;240;300;Card;Apex Legends;;0
SESS-10276;2026-08-20 20:33:52;USR-1118;2008-09-20;F;Bootcamp;3;882;405;Card;CS2;;1
SESS-11317;2026-08-27 18:40:11;USR-1699;2005-02-05;F;Standard;5;840;450;App;Dota 2;;1
SESS-13813;2026-08-08 10:12:24;USR-1258;2006-10-13;M;Bootcamp;4;0;540;App;Dota 2;;1
SESS-13804;2026-08-21 11:35:38;USR-1379;2007-03-19;M;Standard;3;480;300;App;Dota 2;;0
SESS-12395;2026-08-30 17:54:40;USR-1298;2003-10-08;M;VIP;3;630;600;Cash;Dota 2;;0
SESS-16332;2026-08-11 18:36:22;USR-1082;2004-05-06;F;Bootcamp;2;658;270;Card;Dota 2;;1
SESS-12340;2026-08-02 17:28:32;USR-1223;2010-02-18;M;Bootcamp;2;160;300;App;Dota 2;4.5;0
SESS-14661;2026-08-01 10:07:44;USR-1025;05/13/1997;F;VIP;2;650;400;App;PUBG;;0
SESS-15141;2026-08-11 16:34:08;USR-1598;2011-09-27;M;Standard;4;0;400;Cash;Minecraft;4.5;0
SESS-14561;2026-08-09 21:10:08;USR-1075;2008-12-21;M;Standard;2;448;180;Card;Dota 2;;1
SESS-12200;08/03/2026 19:16:16;USR-1063;2008-01-18;F;Standard;2;0;200;Card;Valorant;;0
SESS-14109;2026-08-13 19:49:00;USR-1344;2007-08-23;M;Standard;2;320;200;App;CS2;;0
SESS-13260;2026-08-17 11:20:46;USR-1245;05/27/2008;F;Bootcamp;5;0;675;Card;Dota 2;4.0;1
SESS-12322;2026-08-20 22:48:15;USR-1131;2006-08-05;M;Standard;5;0;500;Card;Dota 2;4.0;0
SESS-11971;2026-08-15 15:17:11;USR-1042;2004-06-10;M;Standard;3;0;300;Card;Valorant;;0
SESS-12944;2026-08-13 09:04:29;USR-1735;2006-08-14;M;PS5;4;320;1000;Card;CS2;;0
SESS-12481;2026-08-15 13:42:18;USR-1236;2012-01-11;F;Standard;2;0;180;Cash;Deadlock;;1
SESS-13929;2026-08-02 03:13:59;USR-1088;2004-05-15;M;Standard;2;160;200;Cash;Valorant;;0
SESS-12149;2026-08-02 14:06:13;USR-1479;2002-01-21;M;Bootcamp;2;0;300;Card;Dota 2;;0
SESS-13833;2026-08-27 19:17:42;USR-1044;1999-09-01;M;VIP;1;0;200;Card;GTA V;;0
SESS-10633;2026-08-24 17:35:23;USR-1618;2005-04-01;M;Bootcamp;4;0;540;App;Dota 2;;1
SESS-13848;2026-08-11 23:46:13;USR-1091;2007-11-13;M;Bootcamp;3;630;450;App;Dota 2;4.0;0
SESS-16571;2026-08-03 10:34:08;USR-1654;2012-02-24;M;Standard;1;80;100;App;CS2;4.0;0
SESS-13476;2026-08-31 16:30:52;USR-1608;2006-06-07;M;Standard;4;448;360;App;PUBG;4.5;1
SESS-12886;2026-08-04 15:58:42;USR-1675;2005-06-14;M;Standard;2;320;200;App;PUBG;4.5;0
SESS-11293;2026-08-16 00:27:10;USR-1133;2005-08-18;M;Standard;8;960;800;App;Dota 2;;0
SESS-14270;2026-08-31 19:50:32;USR-1726;2005-02-17;M;PS5;2;160;500;Card;CS2;;0
SESS-12388;2026-08-22 17:26:58;USR-1362;2007-07-04;F;Standard;5;840;450;App;CS2;;1
SESS-13869;2026-08-22 01:09:11;USR-1013;2012-02-18;M;Bootcamp;5;200;750;Card;CS2;;0
SESS-14297;2026-08-12 19:22:54;USR-1200;2009-09-06;M;Standard;3;0;300;Cash;Dota 2;3.0;0
SESS-13280;2026-08-29 13:44:27;USR-1302;2007-11-25;M;Standard;12;2688;1080;App;GTA V;;1
SESS-13286;2026-08-15 00:34:08;USR-1002;2012-02-08;M;VIP;3;120;600;App;Minecraft;;0
SESS-11708;2026-08-16 00:47:25;USR-1124;08/08/2012;M;Bootcamp;2;80;300;Card;Dota 2;;0
SESS-10443;2026-08-14 19:43:46;USR-1131;2006-08-05;M;Standard;2;240;200;Card;CS2;;0
SESS-16594;2026-08-16 14:16:36;USR-1108;2005-03-19;M;Bootcamp;2;0;300;App;Deadlock;4.0;0
SESS-11411;2026-08-19 16:48:58;USR-1737;2004-08-16;M;Bootcamp;4;0;600;App;CS2;4.5;0
SESS-10867;2026-08-24 16:07:41;USR-1018;2002-11-17;M;VIP;2;0;400;Cash;Dota 2;4.5;0
SESS-12849;2026-08-24 19:17:28;USR-1459;2002-07-10;F;Bootcamp;1;230;150;App;Dota 2;1.0;0
SESS-14705;2026-08-01 22:29:10;USR-1011;2007-06-06;M;Standard;8;0;800;Card;Dota 2;5.0;0
SESS-16856;2026-08-21 01:22:25;USR-1105;2008-12-10;M;Standard;12;1920;1200;App;Dota 2;;0
SESS-16916;2026-08-14 19:17:26;USR-1293;2004-07-12;M;Standard;8;0;720;Card;CS2;5.0;1
SESS-11584;2026-08-21 20:52:56;USR-1064;2006-08-21;F;Standard;3;503;270;App;Dota 2;5.0;1
SESS-15369;2026-08-16 21:48:58;USR-1238;2008-11-08;M;Standard;2;0;200;Card;CS2;;0
SESS-11981;2026-08-21 10:34:50;USR-1629;2005-03-17;M;Standard;3;480;300;Card;Dota 2;4.5;0
SESS-13995;2026-08-29 10:30:31;USR-1095;2005-12-26;M;Bootcamp;2;658;270;Card;Dota 2;4.5;1
SESS-11180;2026-08-13 18:20:42;USR-1285;1998-10-11;M;PS5;2;390;500;Card;Dota 2;4.5;0
SESS-14461;2026-08-12 19:57:58;USR-1137;2005-01-22;M;VIP;3;440;600;Card;Valorant;4.0;0
SESS-13814;2026-08-17 15:15:34;USR-1099;2004-01-10;F;Standard;8;0;800;Card;Valorant;3.0;0
SESS-10623;2026-08-09 23:09:24;USR-1430;2011-08-06;M;Standard;3;0;300;App;CS2;;0
SESS-11812;2026-08-08 23:45:53;USR-1184;2009-10-09;M;Standard;12;0;1200;Cash;Deadlock;2.0;0
SESS-13149;2026-08-22 17:29:56;USR-1104;2003-04-21;F;Standard;1;0;100;Card;Dota 2;;0
SESS-14300;2026-08-24 12:10:44;USR-1095;2005-12-26; M ;Standard;2;0;200;Card;Dota 2;5.0;0
SESS-11274;2026-08-21 23:56:01;USR-1166;2004-11-20;M;Standard;5;600;500;Card;CS2;2.0;0
SESS-16565;2026-08-16 15:26:47;USR-1357;1992-05-25;M;VIP;3;714;540;Card;CS2;4.5;1
SESS-14656;2026-08-23 13:23:57;USR-1744;2011-10-06;M;Standard;1;0;100;Cash;Minecraft;4.5;0
SESS-16088;2026-08-01 09:03:54;USR-1191;2006-10-27;F;Bootcamp;2;400;300;;Apex Legends;;0
SESS-15645;2026-08-04 14:55:54;USR-1365;1995-04-18;M;Bootcamp;2;510;300;Card;Cyberpunk 2077;4.5;0
SESS-12906;2026-08-09 00:10:24;USR-1059;2012-10-27;F;VIP;3;180;600;App;Dota 2;4.0;0
SESS-12362;2026-08-08 18:27:25;USR-1043;2007-04-22;M;Bootcamp;1;0;150;Card;Dota 2;4.5;0
SESS-15781;2026-08-25 18:28:16;USR-1121;2008-02-21;M;Standard;3;0;270;Card;CS2;;1
SESS-15116;2026-08-28 13:24:35;USR-1068;1993-04-03;M;PS5;4;1218;900;Card;Dota 2;;1
SESS-16432;2026-08-07 19:17:19;USR-1355;2003-03-22;M;VIP;3;0;600;Card;Dota 2;;0
SESS-10817;2026-08-20 16:42:39;USR-1315;2002-01-22;M;Bootcamp;2;310;300;App;CS2;4.5;0
SESS-10106;2026-08-25 18:58:08;USR-1086;2011-03-02;M;Standard;4;0;360;Cash;Valorant;;1
SESS-16684;2026-08-24 07:09:26;USR-1271;2009-10-10;M;Standard;12;0;1200;Card;CS2;4.5;0
SESS-13086;2026-08-01 13:25:23;USR-1732;2005-07-01;M;PS5;1;80;250;App;Valorant;;0
SESS-15292;2026-08-29 20:25:14;USR-1059;2012-10-27;F;VIP;1;0;200;Cash;CS2;;0
SESS-14246;2026-08-18 18:05:53;USR-1290;2010-01-20;M;Bootcamp;4;0;540;Cash;CS2;4.0;1
SESS-16913;2026-08-17 11:13:39;USR-1134;2004-08-26;M;Bootcamp;4;400;600;App;Valorant;;0
SESS-10936;2026-08-02 21:48:31;USR-1751;1991-09-14;M;Bootcamp;2;0;300;Card;Dota 2;;0
SESS-14667;2026-08-28 16:00:40;USR-1030;2011-05-18;M;Standard;5;0;500;Cash;Dota 2;3.0;0
SESS-11215;2026-08-23 12:51:04;USR-1563;1992-06-16;M;PS5;2;510;500;Card;PUBG;;0
SESS-15904;2026-08-02 17:10:32;USR-1311;2009-11-01;F;VIP;1;0;200;App;Minecraft;;0
SESS-13947;2026-08-12 14:54:30;USR-1146;2005-04-03;M;VIP;1;0;200;App;Dota 2;4.0;0
SESS-12718;2026-08-09 13:24:18;USR-1350;2012-12-04;M;Standard;3;0;300;Cash;GTA V;5.0;0
SESS-17098;2026-08-07 19:30:16;USR-1716;1998-02-21;M;Standard;2;360;200;Card;Dota 2;;0
SESS-16457;2026-08-18 03:10:38;USR-1467;2006-07-05;F;Standard;2;160;200;App;Apex Legends;;0
SESS-11379;2026-08-05 20:20:24;USR-1385;1999-10-15;F;VIP;4;1150;800;Card;CS2;;0
SESS-12637;2026-08-01 15:47:32;USR-1136;1993-06-01;M;VIP;2;0;400;Card;GTA V;4.5;0
SESS-16695;2026-08-16 10:10:01;USR-1137;2005-01-22;M;Standard;1;160;100;Card;Dota 2;;0
SESS-15815;2026-08-26 19:10:09;USR-1147;2012-09-13;M;Standard;4;320;400;Cash;Dota 2;;0
SESS-14943;2026-08-15 00:02:34;USR-1363;2003-07-12;M;Standard;5;800;500;Cash;CS2;4.0;0
SESS-11867;2026-08-15 11:07:38;USR-1043;2007-04-22;M;Standard;2;160;200;Card;CS2;;0
SESS-12125;2026-08-09 12:24:15;USR-1133;2005-08-18;M;Standard;1;0;100;App;Valorant;;0
SESS-16722;2026-08-23 14:50:29;USR-1531;2004-10-05;M;Standard;1;0;100;App;CS2;;0
SESS-16915;2026-08-26 22:07:34;USR-1391;2005-03-11;M;Bootcamp;5;480;750;App;Valorant;3.0;0
SESS-12803;2026-08-23 17:47:31;USR-1223;2010-02-18;M;Standard;3;0;300;Card;Minecraft;3.0;0
SESS-11476;2026-08-30 19:04:33;USR-1006;2005-05-17;M;Standard;1;80;100;Card;Dota 2;;0
SESS-16078;2026-08-30 19:34:56;USR-1546;2008-04-14;M;Standard;2;320;200;Card;Valorant;;0
SESS-10512;2026-08-22 19:16:18;USR-1500;2012-09-28;M;Bootcamp;3;0;405;Cash;CS2;;1
SESS-16682;2026-08-26 13:41:22;USR-1031;2010-03-02;M;VIP;4;0;800;Card;Minecraft;;0
SESS-16606;2026-08-07 17:28:50;USR-1089;2002-06-04;F;;PS5;8;960;Card;Dota 2;5.0;0
SESS-14154;2026-08-05 00:34:45;USR-1480;1991-01-14;м;VIP;5;1200;1000;App;Browser/Work;4.5;0
SESS-13901;2026-08-16 18:33:44;USR-1026;2004-11-05;M;VIP;2;0;400;Card;CS2;;0
SESS-12528;2026-08-27 14:40:05;USR-1249;2010-09-12;M;Standard;2;0;180;Cash;CS2;;1
SESS-12492;2026-08-01 22:44:28;USR-1154;2000-02-18;M;VIP;3;0;600;Card;Dota 2;5.0;0
SESS-17123;2026-08-22 16:34:08;USR-1224;2004-10-06;M;Bootcamp;8;1430;1200;Card;Dota 2;;0
SESS-14518;2026-08-21 15:20:20;USR-1540;1993-02-15;M;PS5;1;0;250;App;Cyberpunk 2077;5.0;0
SESS-11570;2026-08-27 16:57:33;USR-1004;2006-01-08;M;Standard;3;360;300;Card;Valorant;;0
SESS-10698;2026-08-07 17:20:34;USR-1248;;M;Bootcamp;2;320;300;Card;Deadlock;;0
SESS-10441;2026-08-30 00:13:45;USR-1096;2007-03-05;M;Bootcamp;8;0;1200;Card;CS2;;0
SESS-14374;2026-08-26 19:05:01;USR-1421;1998-04-13;M;Standard;3;503;270;App;PUBG;1.0;1
SESS-14473;2026-08-23 16:25:02;USR-1479;2002-01-21;M;Bootcamp;12;0;1800;Card;CS2;;0
SESS-10342;2026-08-09 10:32:57;USR-1004;2006-01-08;M;Bootcamp;~2;320;300;Card;Apex Legends;;0
SESS-14941;2026-08-22 20:18:20;USR-1120;2006-07-03;M;Standard;2;0;180;App;GTA V;;1
SESS-12749;2026-08-16 10:45:58;USR-1063;2008-01-18;F;Standard;1;80;100;Card;Dota 2;3.0;0
SESS-14914;2026-08-17 08:00:07;USR-1116;2003-02-05;F;Standard;2;160;200;App;CS2;;0
SESS-10731;2026-08-16 12:54:56;USR-1252;2007-11-03;M;VIP;4;882;720;Card;CS2;4.5;1
SESS-10051;2026-08-21 21:11:52;USR-1104;2003-04-21;F;Bootcamp;3;0;450;Card;Valorant;4.5;0
SESS-12970;2026-08-29 22:56:23;USR-1461;2010-06-09;M;Standard;8;0;800;App;Dota 2;4.5;0
SESS-15848;2026-08-10 10:58:26;USR-1135;2012-06-13;M;Bootcamp;3;168;405;Cash;Minecraft;4.5;1
SESS-15034;2026-08-10 12:10:06;USR-1413;2001-06-20;M;Standard;1;0;100;Card;CS2;;0
SESS-10105;2026-08-30 16:21:26;USR-1432;2004-06-21;M;PS5;1;160;250;Card;CS2;5.0;0
SESS-14540;2026-08-10 18:01:04;USR-1370;2007-12-16;M;Standard;1;80;100;Cash;CS2;4.5;0
SESS-10995;2026-08-08 18:09:25;USR-1407;1994-07-04;M;Bootcamp;1;550;150;Card;Browser/Work;;0
SESS-10564;2026-08-30 19:12:06;USR-1133;2005-08-18;M;Standard;4;320;400;App;CS2;4.5;0
SESS-16593;2026-08-15 17:06:03;USR-1546;2008-04-14;M;VIP;1;200;200;App;Dota 2;;0
SESS-16681;2026-08-23 14:53:42;USR-1564;2002-05-01;M;VIP;2;310;400;Card;PUBG;;0
SESS-14376;2026-08-20 17:02:17;USR-1132;2008-09-20;M;Standard;3;336;270;App;Valorant;4.0;1
SESS-15616;2026-08-13 15:52:17;USR-1611;2009-09-07;M;Standard;1;60;100;App;Dota 2;4.0;0
SESS-15706;2026-08-01 20:26:30;USR-1178;2011-04-10;M;Standard;8;0;800;App;CS2;4.5;0
SESS-14328;2026-08-08 17:41:26;USR-1474;2007-10-28;M;Standard;3;480;300;Card;CS2;;0
SESS-11530;2026-08-29 15:49:48;USR-1631;2007-08-07;F;VIP;1;0;200;App;CS2;4.5;0
SESS-15297;2026-08-08 18:00:23;USR-1785;1997-05-20;F;VIP;4;0;800;Card;CS2;4.5;0
SESS-13819;2026-08-11 11:39:05;USR-1063;2008-01-18;F;Bootcamp;2;320;300;Card;PUBG;;0
SESS-12861;2026-08-27 13:03:06;USR-1184;2009-10-09;M;Standard;1;0;100;App;Dota 2;;0
SESS-10964;2026-08-26 11:38:45;USR-1056;1985-10-21;M;Standard;3;360;300;Card;Browser/Work;2.0;0
SESS-16008;2026-08-14 08:41:10;USR-1006;2005-05-17;M;Bootcamp;2;0;300;Card;CS2;;0
SESS-12045;2026-08-03 22:46:43;USR-1265;2010-01-24;M;Bootcamp;12;480;1800;Card;CS2;;0
SESS-16589;2026-08-27 14:12:20;USR-1254;2007-02-23;M;PS5;2;240;500;Card;CS2;5.0;0
SESS-15601;2026-08-10 19:30:06;USR-1310;1993-08-17;M;Bootcamp;1;480;150;Card;GTA V;;0
SESS-10133;2026-08-04 01:39:38;USR-1067;2006-04-02;M;Bootcamp;8;1110;1200;Card;Dota 2;3.0;0
SESS-12462;2026-08-31 10:54:17;USR-1082;2004-05-06;F;Standard;2;160;200;Cash;Deadlock;;0
SESS-13382;2026-08-09 19:16:03;USR-1327;2007-07-01;M;Bootcamp;2;0;300;Card;Dota 2;5.0;0
SESS-14383;2026-08-03 19:29:57;USR-1348;2008-04-26;M;VIP;2;0;400;Card;Dota 2;5.0;0
SESS-10580;2026-08-21 21:26:19;USR-1152;2004-07-27;M;PS5;2;160;500;Card;Dota 2;;0
SESS-14686;2026-08-14 02:17:27;USR-1295;1994-10-12;M;PS5;1;400;250;Card;Cyberpunk 2077;;0
;2026-08-09 14:13:48;USR-1226;2006-05-20;M;Standard;3;0;300;App;Dota 2;;0
SESS-15247;2026-08-24 20:01:33;USR-1597;2010-07-06;M;Standard;1;0;100;Card;Deadlock;2.0;0
SESS-16661;2026-08-15 08:18:09;USR-1697;2002-12-15;M;VIP;1;0;200;Card;CS2;;0
SESS-16776;2026-08-23 20:38:38;USR-1151;1994-06-23;M;PS5;1;480;250;Card;GTA V;;0
SESS-16859;2026-08-31 15:06:11;USR-1062;2012-09-01;M;Standard;3;0;300;Card;Valorant;;0
SESS-13464;2026-08-07 00:07:00;USR-1426;2011-01-27;F;Standard;8;320;800;App;Minecraft;;0
SESS-12143;2026-08-07 09:55:56;USR-1219;2009-03-07;M;VIP;1;80;200;App;Valorant;5.0;0
SESS-16393;2026-08-17 00:38:02;USR-1142;2004-11-07;M; standard ;8;1344;1800;App;Valorant;;1
SESS-11345;2026-08-23 13:23:52;USR-1369;2004-03-05;M;PS5;2;320;500;App;PUBG;4.5;0
SESS-16419;2026-08-29 16:11:56;USR-1403;2004-05-06;M;PS5;3;0;750;App;CS2;;0
SESS-14894;2026-08-30 16:54:15;USR-1639;2007-08-16;M;Standard;1;0;100;Card;Valorant;;0
SESS-13062;2026-08-18 21:47:04;USR-1096;2007-03-05;M;Standard;2;320;200;App;Dota 2;4.0;0
SESS-14458;2026-08-12 20:05:59;USR-1093;1995-09-19;M;VIP;3;923;540;Card;Browser/Work;4.0;1
SESS-12067;2026-08-03 18:56:01;USR-1705;2006-01-08;F;Bootcamp;1;0;150;App;Deadlock;4.5;0
SESS-15432;2026-08-03 00:18:58;USR-1474;2007-10-28;M;Bootcamp;8;1554;1080;Card;Deadlock;4.5;1
SESS-12977;2026-08-19 16:35:48;USR-1376;2003-07-08;M;Bootcamp;1;230;150;Card;Valorant;;0
SESS-10359;2026-08-18 21:48:45;USR-1489;2011-07-19;M;Standard;3;251;270;App;CS2;;1
SESS-17001;2026-08-25 02:27:58;USR-1102;2012-11-14;M;Standard;4;240;400;Card;Valorant;;0
SESS-13514;2026-08-30 04:39:27;USR-1153;2006-11-27;M;Standard;2;320;200;Card;CS2;;0
SESS-12270;28.08.2026 20:12:43;USR-1711;2005-05-02;M;Standard;1;80;100;Card;Valorant;;0
SESS-16741;2026-08-14 16:23:42;USR-1071;2007-09-17;M;Bootcamp;2;0;300;App;Dota 2;4.0;0
SESS-16490;2026-08-31 13:15:55;USR-1011;2007-06-06;M;Standard;2;0;200;App;CS2;;0
SESS-11238;2026-08-08 21:21:47;USR-1707;2011-03-12;M;Standard;3;120;300;App;CS2;;0
SESS-10283;2026-08-17 01:00:23;USR-1005;1997-04-20;M;VIP;8;1590;1600;Card;CS2;;0
SESS-16217;2026-08-02 15:26:20;USR-1798;2003-05-06;F;Bootcamp;2;0;300;Card;CS2;;0
SESS-13061;2026-08-13 16:57:49;USR-1152;2004-07-27;M;Bootcamp;3;0;450;App;Dota 2;4.0;0
SESS-14436;2026-08-02 19:28:25;USR-1392;2002-10-07;M;Standard;4;896;360;Card;Dota 2;5.0;1
SESS-15926;2026-08-16 16:37:54;USR-1496;2003-01-28;M;Standard;1;120;100;Card;Dota 2;4.5;0
SESS-10243;2026-08-14 14:31:25;USR-1004;2006-01-08;M;PS5;1;0;250;App;Dota 2;4.5;0
SESS-15951;2026-08-01 22:13:00;USR-1590;2011-11-05;M;Standard;5;0;500;Card;CS2;5.0;0
SESS-11311;2026-08-03 17:11:25;USR-1107;2011-02-22;M;Standard;3;0;300;Card;Valorant;;0
SESS-16854;2026-08-02 19:07:38;USR-1642;1989-12-23;M;VIP;2;800;400;Card;Valorant;4.5;0
SESS-10308;2026-08-09 18:30:26;USR-1609;2004-04-15;M;Standard;3;672;270;Card;Deadlock;;1
SESS-10815;2026-08-26 18:22:32;USR-1521;2010-02-13;м;Bootcamp;1;0;150;App;CS2;;0
SESS-11663;2026-08-16 18:42:17;USR-1029;2012-04-14;M;Standard;1;0;100;Cash;CS2;;0
SESS-17077;2026-08-05 11:36:38;USR-1192;2003-04-24;M;Bootcamp;2;0;300;App;CS2;;0
SESS-13429;2026-08-23 16:13:08;USR-1166;;M;Standard;4;672;360;Cash;CS2;4.0;1
SESS-11920;2026-08-02 16:09:33;USR-1042;2004-06-10;M;Standard;4;0;400;Card;Valorant;;0
SESS-15501;2026-08-08 16:55:25;USR-1791;1995-04-04;M;PS5;8;3220;1800;App;PUBG;;1
SESS-13575;2026-08-09 21:18:37;USR-1016;2005-05-28;F;Standard;3;360;300;Card;Dota 2;4.0;0
SESS-11596;2026-08-11 23:47:26;USR-1349;1992-07-28;F;PS5;8;1260;2000;Card;PUBG;4.5;0
SESS-15613;2026-08-15 23:30:11;USR-1584;2011-09-26;M;Standard;8;0;800;Card;Minecraft;;0
SESS-12515;2026-08-30 17:13:31;USR-1575;1996-08-27;F;VIP;1;330;200;Card;Cyberpunk 2077;;0
SESS-10535;2026-08-28 13:04:02;USR-1078;1886-09-20;F;Standard;999;0;300;Card;CS2;4.0;0
SESS-15284;2026-08-24 18:40:36;USR-1068;1993-04-03;M;VIP;1;330;200;Card;Browser/Work;;0
SESS-13107;2026-08-14 15:41:18;USR-1087;2006-03-16;M;Standard;3;0;300;Card;CS2;5.0;0
SESS-16071;2026-08-15 21:16:26;USR-1074;2004-09-03;M;Bootcamp;4;784;540;App;PUBG;;1
SESS-16664;2026-08-30 15:04:40;USR-1079;2003-02-01;F;Standard;3;360;300;Card;CS2;;0
SESS-15140;2026-08-15 17:29:24;USR-1625;2012-08-19;M;Standard;2;0;200;Cash;Minecraft;;0
SESS-12060;2026-08-31 08:06:14;USR-1081;2004-02-04;M;Standard;8;640;800;Card;CS2;2.0;0
SESS-11806;2026-08-01 14:13:37;USR-1111;1997-10-25;M;PS5;2;650;500;Card;CS2;4.0;0
SESS-14560;2026-08-13 11:11:02;USR-1338;2004-10-27;M;;Standard;3;480;Cash;CS2;;0
SESS-15517;2026-08-07 20:49:11;USR-1142;2004-11-07;M;Standard;2;160;200;Card;Dota 2;;0
SESS-13004;2026-08-25 17:22:23;USR-1121;2008-02-21;M;VIP;1;0;200;Card;Dota 2;;0
SESS-10020;2026-08-08 22:07:14;USR-1065;2012-05-07;F;Standard;12;0;1200;App;Valorant;3.0;0
SESS-16080;2026-08-16 09:34:11;USR-1156;2009-04-26;M;Standard;2;80;200;App;CS2;;0
SESS-13649;2026-08-06 14:15:26;USR-1031;2010-03-02;M;VIP;2;0;400;App;CS2;;0
SESS-14495;2026-08-25 19:57:07;USR-1308;2008-11-07;F;VIP;1;240;200;Card;Dota 2;;0
;2026-08-15 13:03:29;USR-1323;2001-12-14;M;VIP;2;240;400;Card;Valorant;;0
SESS-11777;2026-08-27 19:20:31;USR-1156;2009-04-26;M;Standard;2;0;200;App;Minecraft;5.0;0
SESS-11963;2026-08-27 14:57:23;USR-1608;2006-06-07;M;VIP;1;0;180;Card;Dota 2;4.5;1
SESS-13546;2026-08-01 18:51:57;USR-1658;2010-03-07;M;Standard;3;0;300;App;Dota 2;;0
SESS-14713;2026-08-29 14:41:59;USR-1533;2008-10-09;M;VIP;4;400;800;Card;Dota 2;;0
SESS-10421;2026-08-16 21:22:15;USR-1106;1997-11-09;M;PS5;3;0;750;Card;Dota 2;5.0;0
SESS-11951;2026-08-16 14:56:40;USR-1785;1997-05-20;F;PS5;2;390;500;Card;Cyberpunk 2077;;0
SESS-14973;2026-08-05 14:42:50;USR-1250;01/26/1995;M;Standard;3;540;300;Card;Dota 2;;0
SESS-15787;2026-08-23 03:59:43;USR-1584;2011-09-26;M;Standard;3;0;270;App;CS2;3.0;1
SESS-13090;2026-08-29 14:26:06;USR-1091;2007-11-13;M;Standard;5;0;450;Card;Dota 2;;1
SESS-13524;2026-08-25 17:04:53;USR-1618;2005-04-01;M;Standard;4;672;360;Card;CS2;4.5;1
SESS-14735;2026-08-29 08:48:18;USR-1027;1997-11-04;F;VIP;1;330;200;Card;Deadlock;5.0;0
SESS-12021;2026-08-25 22:33:55;USR-1514;2008-04-05;M;Standard;3;360;300;App;Dota 2;1.0;0
SESS-10892;2026-08-07 19:56:34;USR-1328;2005-04-15;M;PS5;5;0;1250;Card;CS2;4.5;0
SESS-13921;2026-08-20 16:57:29;USR-1682;2005-01-18;M;;Standard;2;320;Card;CS2;;0
SESS-13437;2026-08-09 05:43:11;USR-1015;2011-11-25;M;Standard;1;0;100;Cash;Valorant;;0
SESS-16389;2026-08-16 18:01:00;USR-1047;2005-09-11;M;VIP;4;1106;720;Card;Dota 2;;1
SESS-11223;2026-08-09 22:34:09;USR-1498;1986-07-05;M;PS5;8;0;1800;Card;PUBG;4.5;1
SESS-14492;2026-08-01 11:59:22;USR-1124;2012-08-08;M;Standard;4;0;360;;CS2;4.5;1
SESS-16509;2026-08-22 03:31:22;USR-1419;2006-08-12;M;Standard;3;0;270;Card;CS2;4.0;1
SESS-16932;2026-08-31 21:07:10;USR-1208;2008-08-12;M;VIP;4;0;800;App;Dota 2;;0
SESS-12008;2026-08-15 08:02:40;USR-1129;1998-11-08;M;VIP;3;1470;540;Card;CS2;;1
SESS-12887;2026-08-26 16:33:45;USR-1782;2010-04-14;M;Bootcamp;2;80;300;Card;Minecraft;;0
SESS-13878;2026-08-24 18:36:27;USR-1158;2010-12-14;F;Standard;5;0;450;App;Dota 2;;1
SESS-11896;2026-08-28 11:13:35;USR-1639;2007-08-16;M;Standard;2;160;200;Card;Dota 2;;0
SESS-13239;2026-08-23 16:26:11;USR-1068;1993-04-03;M;Standard;3;0;270;Card;Dota 2;4.5;1
SESS-16440;2026-08-07 23:19:12;USR-1635;1996-11-22;M;PS5;8;0;1800;Card;PUBG;;1
SESS-11279;2026-08-22 08:44:55;USR-1434;2003-07-23;M;VIP;5;0;900;App;CS2;;1
SESS-13669;2026-08-20 12:08:18;USR-1006;2005-05-17;M;PS5;1;0;250;App;Valorant;4.0;0
SESS-13535;2026-08-12 19:22:25;USR-1517;2009-04-09;M;Standard;1;0;100;Card;Dota 2;4.5;0
SESS-16096;2026-08-15 16:19:17;USR-1437;2007-05-08;F;Standard;2;0;200;App;CS2;;0
SESS-11247;2026-08-16 02:27:10;USR-1324;1996-05-14;M;PS5;2;650;500;Cash;Cyberpunk 2077;;0
SESS-15474;2026-08-24 18:27:49;USR-1005;1997-04-20;M;Standard;2;0;200;Card;Dota 2;4.5;0
SESS-11884;2026-08-16 16:28:27;USR-1019;1993-10-21;M;PS5;2;923;450;Card;PUBG;;1
SESS-12684;2026-08-23 15:20:37;USR-1026;2004-11-05;M;Bootcamp;3;390;450;Card;Deadlock;;0
SESS-10644;2026-08-21 22:53:43;USR-1773;2008-11-13;Мужской;Bootcamp;5;750;750;Card;Dota 2;5.0;0
SESS-10383;2026-08-29 20:55:48;USR-1493;2005-01-28;M;VIP;1;0;200;App;Valorant;3.0;0
SESS-14031;2026-08-25 09:46:38;USR-1292;1993-12-24;F;VIP;5;2170;900;Card;GTA V;5.0;1
SESS-16120;2026-08-11 17:41:53;USR-1759;2009-11-23;M;PS5;1;60;250;Cash;Minecraft;4.0;0
SESS-15449;2026-08-19 13:58:32;USR-1153;2006-11-27;M;Standard;1;0;100;Card;CS2;;0
SESS-12823;2026-08-04 12:37:49;USR-1415;2011-09-13;M;Standard;5;0;500;Cash;Deadlock;5.0;0
SESS-10661;2026/08/06 12:14:37;USR-1006;2005-05-17;M;Standard;5;1120;450;Card;Dota 2;;1
SESS-13873;2026-08-01 20:59:43;USR-1027;1997-11-04;F;Standard;2;500;200;App;Dota 2;4.5;0
SESS-16012;2026-08-08 19:55:37;USR-1291;1995-02-07;F;PS5;3;690;750;Card;CS2;4.5;0
SESS-14700;2026-08-30 11:49:28;USR-1201;2011-05-21;M;Bootcamp;3;0;450;App;Minecraft;;0
SESS-11136;2026-08-06 09:34:14;USR-1131;2006-08-05;M;Standard;3;480;300;Card;Valorant;;0
SESS-16605;2026-08-04 12:15:53;USR-1147;2012-09-13;M;Standard;1;60;1ОО;Cash;Valorant;;0
SESS-14615;2026-08-15 17:55:29;USR-1279;2000-03-22;M;VIP;2;923;360;App;GTA V;;1
SESS-16082;2026-08-28 15:27:36;USR-1045;2006-03-25;F;VIP;4;0;800;Card;CS2;4.5;0
SESS-15167;2026-08-31 15:00:13;USR-1420;1997-02-08;M;PS5;4;630;1000;App;Cyberpunk 2077;;0
SESS-11010;2026-08-20 19:01:11;USR-1298;2003-10-08;M;PS5;2;160;500;Card;Apex Legends;3.0;0
SESS-13701;2026-08-29 15:39:22;USR-1700;2010-12-07;M;Standard;1;60;100;App;CS2;;0
SESS-14976;2026-08-03 12:19:29;USR-1018;2002-11-17;M;Bootcamp;2;400;300;Card;PUBG;4.5;0
SESS-12551;2026-08-28 13:55:52;USR-1082;2004-05-06;F;Standard;4;0;360;Card;Dota 2;4.5;1
SESS-11541;2026-08-19 14:04:32;USR-1013;2012/02/18;M;Standard;1;60;100;Cash;Dota 2;;0
SESS-15798;2026-08-14 13:15:39;USR-1165;1999-09-15;M;Bootcamp;4;1150;600;Card;PUBG;4.0;0
SESS-12888;2026-08-06 13:44:26;USR-1102;2012-11-14;M;Bootcamp;2;80;300;Cash;CS2;;0
SESS-11692;2026-08-02 17:16:01;USR-1072;2005-05-26;M;VIP;2;560;360;Card;CS2;;1
SESS-10689;2026-08-09 15:12:00;USR-1159;2004-02-12;M;Standard;3;240;300;Card;Dota 2;;0
SESS-11564;2026-08-27 18:10:54;USR-1252;2007-11-03;M;VIP;5;770;900;Card;Valorant;;1
SESS-16396;2026-08-02 13:37:37;USR-1437;2007-05-08;F;Bootcamp;2;470;300;Card;Valorant;4.0;0
SESS-15769;2026-08-29 10:24:21;USR-1086;2011-03-02;M;Standard;2;0;200;Cash;CS2;;0
SESS-11110;2026-08-13 14:22:13;USR-1318;2011-03-19;M;Standard;1;0;100;Cash;CS2;4.0;0
SESS-10718;2026-08-08 20:09:40;USR-1770;2008-02-15;F;Bootcamp;3;320;450;App;GTA V;4.0;0
SESS-16578;2026-08-06 18:40:29;USR-1543;2010-11-12;M;Standard;2;0;200;Cash;CS2;;0
SESS-13089;2026-08-01 16:52:59;USR-1731;1998-02-04;M;VIP;4;882;720;Card;GTA V;;1
SESS-13350;2026-08-29 20:38:31;USR-1191;2006-10-27;F;Standard;4;0;400;App;PUBG;;0
SESS-14497;2026-08-30 15:56:27;USR-1531;2004-10-05;M;Standard;5;0;450;Card;CS2;4.0;1
SESS-16908;2026-08-24 13:07:08;USR-1125;2002-08-14;M;Standard;4;672;360;Card;Dota 2;4.0;1
SESS-16591;2026-08-01 23:55:30;USR-1424;2004-04-03;F;Standard;8;0;800;Cash;Deadlock;;0
SESS-14953;2026-08-05 13:03:03;USR-1526;2023-06-15;F;Standard;999;0;300;Card;CS2;4.5;0
SESS-12113;2026-08-14 19:07:59;USR-1084;2005-03-01;F;Standard;3;0;300;App;Apex Legends;;0
SESS-11793;2026-08-29 12:21:19;USR-1064;2006-08-21;F;Bootcamp;2;658;270;Card;Cyberpunk 2077;;1
SESS-14806;2026-08-24 19:16:05;USR-1241;1992-12-03;M;PS5;2;650;500;Card;Cyberpunk 2077;;0
SESS-16401;2026-08-17 15:02:26;USR-1010;1991-07-05;F;Standard;4;0;360;App;Dota 2;;1
SESS-10469;2026-08-14 20:55:03;USR-1636;2004-03-21;M;VIP;2;470;400;Card;Minecraft;4.0;0
SESS-10568;2026-08-23 16:16:14;USR-1382;2010-02-10;M;Standard;4;160;400;App;CS2;1.0;0
SESS-11370;2026-08-09 21:58:54;USR-1126;1997-11-08;M;ps5;2;360;200;Card;Dota 2;;0
SESS-13663;2026-08-23 22:25:34;USR-1481;2012-01-04;F;Standard;12;0;1080;App;Apex Legends;5.0;1
SESS-13334;2026-08-15 15:19:40;USR-1038;2007-09-18;M;Standard;2;320;200;Card;Dota 2;4.5;0
SESS-15620;2026-08-13 20:47:00;USR-1104;2003-04-21;F;Bootcamp;2;0;300;;Deadlock;;0
SESS-12790;2026-08-26 00:21:53;USR-1072;2005-05-26;M;Standard;12;1440;1200;Card;CS2;;0
SESS-15890;2026-08-15 12:28:34;USR-1610;2012-01-22;M;Standard;2;160;200;Cash;Deadlock;;0
SESS-12654;2026-08-28 01:21:17;USR-1742;2011-08-07;M;Standard;12;0;1080;App;Dota 2;;1
SESS-12871;2026-08-28 18:15:01;USR-1370;2007-12-16;M;Standard;3;672;270;App;Valorant;;1
SESS-13739;2026-08-05 21:00:04;USR-1142;2004-11-07;M;VIP;3;546;540;App;CS2;4.5;1
SESS-14737;2026-08-07 22:13:50;USR-1684;2008-10-14;M;Bootcamp;8;0;1200;Card;CS2;;0
SESS-13351;2026-08-09 19:08:16;USR-1702;1990-01-22;F;VIP;3;923;540;App;Cyberpunk 2077;4.5;1
SESS-12922;2026-08-25 08:16:43;USR-1151;1994-06-23;M;VIP;2;510;400;Card;Dota 2;;0
SESS-12564;2026-08-06 04:54:33;USR-1339;2004-04-05;M;VIP;1;0;200;Card;CS2;4.0;0
SESS-14395;2026-08-03 17:31:45;USR-1005;1997-04-20;M;Standard;5;0;500;Card;GTA V;4.0;0
SESS-16479;2026-08-19 00:21:48;USR-1796;2011-02-13;M;Standard;12;0;1080;App;Valorant;4.0;1
SESS-16669;2026-08-24 10:37:00;USR-1068;1993-04-03;M;VIP;1;550;200;Card;Deadlock;;0
SESS-10874;2026-08-22 11:28:57;USR-1040;2005-01-02;M;Bootcamp;2;0;300;Card;Deadlock;;0
SESS-10372;2026-08-03 17:32:47;USR-1311;2009-11-01;F;Standard;2;0;200;App;Minecraft;;0
SESS-11602;2026-08-06 17:40:28;USR-1358;2004-05-16;F; standard ;3;360;300;Cash;Valorant;4.0;0
SESS-15752;2026-08-25 09:01:17;USR-1157;2005-06-14;M;Standard;2;0;200;App;Dota 2;;0
SESS-10473;2026-08-22 11:08:23;USR-1502;1990-03-10;M;PS5;5;0;1125;App;Dota 2;4.0;1
SESS-15595;2026-08-02 18:23:10;USR-1388;2004-05-07;M;Standard;1;0;100;App;CS2;;0
SESS-10840;2026-08-23 15:53:00;USR-1068;1993-04-03;M;VIP;2;1120;360;Card;CS2;;1
SESS-11401;2026-08-09 14:32:50;USR-1076;2004-03-02;M;PS5;2;320;500;Card;Dota 2;5.0;0
SESS-12609;2026-08-14 20:49:00;USR-1168;2005-04-12;M;Standard;2;240;200;Card;Valorant;;0
SESS-10835;2026-08-14 13:17:06;USR-1777;2007-05-08;M;PS5;3;0;750;App;CS2;;0
SESS-10904;2026-08-22 12:13:41;USR-1036;2004-09-28;M;PS5;2;160;500;Card;Valorant;;0
SESS-12310;2026-08-07 19:17:35;USR-1112;;M;Standard;1;120;100;Card;CS2;;0
SESS-10085;2026-08-17 13:48:15;USR-1055;2007-06-20;M;PS5;3;503;675;Cash;CS2;4.0;1
SESS-10665;2026-08-01 15:21:38;USR-1723;1999-12-13;M;PS5;1;330;250;Card;CS2;;0
SESS-11327;2026-08-27 16:29:24;USR-1096;2007-03-05;M;PS5;3;240;750;App;Dota 2;5.0;0
SESS-10048;2026-08-18 12:30:58;USR-1066;1994-01-05;M;Standard;1;250;100;Card;Dota 2;;0
SESS-10522;2026-08-02 16:57:20;USR-1157;2005-06-14;M;Bootcamp;1;200;150;App;Dota 2;;0
SESS-15962;2026-08-30 15:11:49;USR-1348;2008-04-26;M;Bootcamp;2;0;300;App;PUBG;;0
SESS-13779;2026-08-22 20:19:45;USR-1113;2005-12-17;M;Standard;1;0;100;Card;CS2;;0
SESS-16200;2026-08-04 18:11:23;USR-1654;2012-02-24;M;Standard;4;0;360;App;Dota 2;;1
SESS-15417;2026-08-09 16:17:03;USR-1429;2011-02-10;M;Standard;2;160;200;App;CS2;4.0;0
SESS-14027;2026-08-11 23:25:43;USR-1428;2005-02-13;M;Bootcamp;12;1554;1620;Cash;CS2;;1
SESS-16687;2026-08-05 09:14:34;USR-1123;1995-12-22;M;PS5;2;0;500;App;PUBG;4.5;0
SESS-16857;2026-08-18 01:59:48;USR-1624;2008-01-03;M;Bootcamp;8;0;1200;App;CS2;4.0;0
SESS-15547;2026-08-04 20:45:36;USR-1534;2002-03-25;M;VIP;2;470;400;App;CS2;4.5;0
SESS-15734;2026-08-21 12:22:10;USR-1432;2004-06-21;M;Standard;2;0;200;Card;CS2;5.0;0
SESS-10828;2026-08-24 17:57:58;USR-1211;1997-10-07;M;Standard;1;0;100;Card;CS2;;0
SESS-11839;2026-08-09 17:44:47;USR-1591;2007-08-05;M;Bootcamp;1;0;150;Card;CS2;5.0;0
SESS-15174;2026-08-02 22:57:31;USR-1629;2005-03-17;M;Standard;8;0;800;Card;CS2;5.0;0
SESS-14605;2026-08-29 15:56:27;USR-1007;2003-09-21;M;VIP;2;400;400;Card;CS2;;0
SESS-14815;2026-08-16 21:03:39;USR-1129;1998-11-08;M;VIP;1;400;200;Card;CS2;4.5;0
SESS-12063;2026-08-11 12:16:13;USR-1130;2011-08-14;M;Standard;2;0;200;App;CS2;4.0;0
SESS-14356;2026-08-07 09:18:56;USR-1644;2012-07-22;F;Standard;2;0;200;Cash;CS2;;0
SESS-12976;2026-08-02 16:17:16;USR-1021;2004-07-25;м;Standard;3;336;270;App;Dota 2;;1
SESS-15023;2026-08-18 12:10:10;USR-1235;2010-05-08;M;Bootcamp;2;0;300;Cash;Minecraft;;0
SESS-13911;2026-08-13 17:20:33;USR-1092;2007-02-23;M;Bootcamp;2;0;300;Card;Dota 2;4.0;0
SESS-12504;2026-08-11 14:03:33;USR-1063;2008-01-18;F;PS5;2;0;500;Card;CS2;;0
SESS-11536;2026-08-04 20:26:52;USR-1055;2007-06-20;M;PS5;3;0;675;Card;CS2;;1
SESS-13234;2026-08-20 08:08:42;USR-1637;2007-10-27;M;Bootcamp;3;616;405;App;CS2;;1
SESS-11356;2026-08-25 20:35:03;USR-1383;2006-09-18;M;Bootcamp;1;0;150;App;CS2;;0
SESS-15095;2026-08-31 17:05:22;USR-1632;2006-05-07;M;Standard;1;0;100;Card;CS2;4.0;0
SESS-11820;2026-08-15 17:04:20;USR-1481;2012-01-04;F;;Standard;3;0;App;Dota 2;;1
SESS-13845;2026-08-29 17:38:46;USR-1693;2012-12-06;M;Standard;3;120;300;App;CS2;;0
SESS-15138;2026-08-13 10:27:17;USR-1016;2005-05-28;F;Standard;12;2688;1080;Card;Minecraft;4.0;1
SESS-13127;2026-08-24 16:40:27;USR-1016;2005-05-28;F;Standard;3;0;300;Card;CS2;5.0;0
SESS-12022;2026-08-09 17:29:46;USR-1074;2004-09-03;M;Standard;3;0;270;Card;PUBG;5.0;1
SESS-17134;2026-08-05 17:28:50;USR-1147;2012-09-13;M;Standard;4;320;400;Cash;Valorant;4.0;0
SESS-10559;2026-08-09 19:58:55;USR-1438;2006-03-21;M;Standard;2;160;200;Card;GTA V;;0
SESS-11695;2026-08-22 13:09:24;USR-1039;2003-04-10;F;Standard;2;0;200;App;Valorant;4.0;0
SESS-13687;2026-08-15 22:37:22;USR-1076;2004-03-02;M;PS5;5;0;1250;App;Dota 2;4.5;0
SESS-10297;2026-08-16 17:37:25;USR-1565;2010-06-08;M;PS5;1;40;250;App;Minecraft;;0
SESS-15831;2026-08-01 18:45:49;USR-1155;2010-04-23;F;PS5;4;0;1000;App;Dota 2;4.0;0
SESS-16055;2026-08-09 13:47:31;USR-1096;2007-03-05;M;Standard;2;0;200 руб.;Card;Valorant;;0
SESS-13996;2026-08-31 23:00:45;USR-1501;2009-03-16;M;Standard;8;0;720;App;Deadlock;4.5;1
SESS-15049;2026-08-05 18:12:17;USR-1409;2007-05-15;M;Bootcamp;1;0;150;Card;CS2;;0
SESS-11299;2026-08-27 22:55:33;USR-1210;2010-12-23;M;Standard;8;672;72О;App;Deadlock;4.0;1
SESS-15079;2026-08-21 15:30:30;USR-1133;2005-08-18;M;Bootcamp;1;240;150;App;Dota 2;;0
SESS-11707;2026-08-23 09:42:19;USR-1081;2004-02-04;M;Standard;4;0;360;Card;Dota 2;5.0;1
SESS-12180;2026-08-15 21:02:32;USR-1020;2011-09-06;M;Bootcamp;2;0;300;App;CS2;4.5;0
SESS-10654;2026-08-25 15:59:14;USR-1500;2012-09-28;M;VIP;3;0;600;App;Valorant;4.5;0
SESS-11314;2026-08-03 07:11:58;USR-1204;2004-11-11;M;Bootcamp;4;658;540;Card;CS2;;1
SESS-15561;2026-08-13 00:33:09;USR-1027;;F;VIP;8;1110;1600;Card;Dota 2;;0
SESS-10729;2026-08-24 18:47:21;USR-1100;2003-04-03;M;Standard;2;0;200;Card;CS2;;0
SESS-11252;2026-08-21 21:10:30;USR-1261;2012-03-26;M;Bootcamp;3;180;450;App;Dota 2;4.5;0
SESS-11366;2026-08-18 18:16:22;USR-1270;2005-08-03;M;Bootcamp;5;672;675;Card;Dota 2;4.5;1
SESS-12096;2026-08-07 20:27:30;USR-1006;2005-05-17;M;VIP;4;1007;720;Card;Dota 2;4.0;1
SESS-10929;2026-08-02 19:31:54;USR-1110;2004-11-28;F;Bootcamp;1;310;150;Card;Valorant;4.0;0
SESS-15136;2026-08-12 13:52:41;USR-1341;2011-07-21;M;VIP;2;0;400;Cash;Dota 2;;0
SESS-14613;2026-08-14 01:02:58;USR-1233;2008-10-06;M;Bootcamp;5;672;675;Card;CS2;;1
SESS-11760;2026-08-15 09:34:05;USR-1657;2005-07-10;M;Standard;1;80;100;App;CS2;4.0;0
SESS-14554;2026-08-08 03:22:15;USR-1446;2004-07-08;M;Standard;12;1920;1200;Card;Valorant;4.0;0
SESS-16346;2026-08-21 06:45:17;USR-1163;2006-01-12;M;VIP;3;714;540;App;Deadlock;;1
SESS-15407;2026-08-13 19:46:48;USR-1010;1991-07-05;F;Standard;3;0;270;Card;Cyberpunk 2077;1.0;1
SESS-12723;2026-08-23 15:39:45;USR-1117;2010-06-21;M;Standard;3 ч.;251;270;App;CS2;4.5;1
SESS-10525;2026-08-05 16:09:59;USR-1681;2011-11-16;M;Standard;3;120;300;Card;Minecraft;;0
SESS-16826;2026-08-01 23:23:21;USR-1699;2005-02-05;F;Bootcamp;8;0;1200;App;Valorant;;0
SESS-13671;2026-08-29 16:33:32;USR-1141;1998-03-28;Мужской;VIP;5;1200;1000;Card;Dota 2;4.5;0
SESS-14272;2026-08-30 17:49:42;USR-1185;2000-09-18;F;PS5;2;650;500;App;Dota 2;;0
SESS-12352;2026-08-17 16:47:14;USR-1372;2000-03-21;M;VIP;5;1200;1000;Card;PUBG;5.0;0
SESS-17094;2026-08-11 19:00:55;USR-1011;2007-06-06;M; standard ;8;2001;1080;Card;Dota 2;4.0;1
SESS-11267;2026-08-26 11:14:35;USR-1260;2011-05-05;F;PS5;2;0;500;Cash;CS2;;0
SESS-16106;2026-08-29 15:18:08;USR-1202;2004-09-21;F;Bootcamp;5;680;750;Card;CS2;2.0;0
SESS-16231;2026-08-25 13:36:19;USR-1123;1995-12-22;M;Bootcamp;5;1050;675;Card;Dota 2;4.5;1
SESS-12136;2026-08-01 18:03:54;USR-1529;2008-04-09;M;VIP;2;0;400;Card;CS2;4.5;0
SESS-13993;2026-08-21 21:31:03;USR-1246;1992-09-07;M;VIP;2;0;400;Card;CS2;;0
SESS-13920;2026-08-30 21:44:48;USR-1243;2005-06-18;M;Bootcamp;2;0;3ОО;Cash;Valorant;;0
SESS-13551;2026-08-16 11:40:10;USR-1160;2001-07-16;F;Bootcamp;2;310;300;Card;Dota 2;;0
SESS-11494;2026-08-01 20:41:07;USR-1127;2009-06-13;M;PS5;3;336;675;Cash;Minecraft;;1
SESS-13160;2026-08-11 17:39:38;USR-1226;2006-05-20;M;VIP;2;240;400;Card;GTA V;;0
SESS-11165;2026-08-19 14:07:12;USR-1755;1991-07-19;M;Standard;2;0;200;App;CS2;;0
SESS-15078;2026-08-16 08:00:21;USR-1421;1998-04-13;M;Bootcamp;4;0;600;Card;PUBG;3.0;0
SESS-13352;2026-08-16 11:10:38;USR-1004;2006-01-08;M;Bootcamp;3;390;450;Cash;Dota 2;5.0;0
SESS-13387;2026-08-02 17:43:51;USR-1015;2011-11-25;M;VIP;5;0;900;App;Dota 2;5.0;1
SESS-12969;2026-08-03 15:56:58;USR-1012;2006-05-26;M;Standard;4;320;400;Card;Dota 2;4.5;0
SESS-11809;2026-08-20 16:31:56;USR-1314;2007-11-23;1;VIP;2;240;400;Card;CS2;;0
SESS-11046;2026-08-12 04:03:17;USR-1545;1987-06-01;M;PS5;3;660;750;App;Dota 2;4.5;0
SESS-14094;2026-08-03 02:02:21;USR-1301;2012-09-01;M;Standard;2;120;200;Cash;CS2;5.0;0
SESS-14239;2026-08-02 15:48:35;USR-1507;1991/02/02;M;PS5;2;546;450;Card;GTA V;4.0;1
SESS-11990;2026-08-09 18:54:29;USR-1372;2000-03-21;M;PS5;1;330;250;Card;Cyberpunk 2077;;0
SESS-15768;2026-08-29 01:37:22;USR-1072;2005-05-26;M;PS5;5;600;1250;Card;Valorant;5.0;0
SESS-14147;2026-08-22 11:53:39;USR-1119;2003-06-06;F;Standard;1;0;100;Card;Valorant;4.5;0
SESS-11552;2026-08-01 20:15:10;USR-1107;2011-02-22;M;Standard;2;0;200;Cash;GTA V;;0
SESS-16448;2026-08-14 01:00:48;USR-1639;2007-08-16;M;VIP;5;0;1000;Card;CS2;2.0;0
SESS-12222;2026-08-27 19:43:16;USR-1149;2006-12-05;M;VIP;3;0;600;App;Valorant;;0
;2026-08-12 14:31:49;USR-1129;1998-11-08;M;VIP;1;420;200;Card;Cyberpunk 2077;;0
SESS-10322;2026-08-08 22:07:06;USR-1710;2003-03-07;F;Standard;8;896;720;Card;Deadlock;4.5;1
SESS-10541;2026-08-29 21:22:26;USR-1234;2012-05-15;M;Standard;2;0;200;Cash;Valorant;;0
SESS-15917;2026-08-04 19:08:23;USR-1117;21.06.2010;M;Standard;3;240;300;Cash;Valorant;;0
SESS-11205;2026-08-19 00:47:23;USR-1273;2005-03-24;M;Bootcamp;8;720;1200;Card;CS2;5.0;0
SESS-16304;2026-08-27 21:30:05;USR-1097;2010-04-26;M;Standard;1;0;100;App;Minecraft;;0
SESS-13448;2026-08-30 17:10:40;USR-1695;2006-09-10;M;Standard;2;320;200;App;CS2;;0
SESS-13686;2026-08-22 09:34:21;USR-1421;1998-04-13;M;Bootcamp;2;923;270;Card;CS2;;1
SESS-12994;2026-08-16 16:03:48;USR-1769;1995-09-11;F;Standard;5;840;450;Card;Deadlock;4.5;1
SESS-11590;2026-08-16 22:42:52;USR-1795;1998-02-03;M;PS5;12;4620;2700;Card;CS2;4.5;1
SESS-12939;2026-08-21 14:44:14;USR-1086;2011-03-02;M;Standard;4;448;360;App;Minecraft;5.0;1
SESS-15431;2026-08-01 22:49:42;USR-1161;2012-05-09;F;Standard;8;480;800;App;Minecraft;;0
SESS-13484;2026-08-31 20:10:30;USR-1650;2004-11-18;M;Standard;2;0;200;App;Dota 2;;0
SESS-12053;2026-08-12 13:24:41;USR-1512;2009-10-07;M;Standard;1;0;100;Card;Minecraft;4.5;0
SESS-15859;2026-08-10 13:54:11;USR-1098;2012-02-17;M;Standard;2;0;200;App;Dota 2;;0
SESS-12731;2026-08-15 16:23:31;USR-1199;2006-07-24;M;Standard;1;120;100;Card;CS2;;0
SESS-15759;2026-08-22 19:16:55;USR-1040;2005-01-02;M;Bootcamp;1;230;150;Cash;CS2;4.0;0
SESS-11579;2026-08-17 20:15:15;USR-1370;2007-12-16;M;Standard;4;480;400;Card;CS2;5.0;0
SESS-12223;2026-08-02 23:19:55;USR-1360;2000-09-11;M;PS5;12;2310;3000;Card;CS2;;0
SESS-12042;13.08.2026 14:20:51;USR-1009;1997-10-05;F;Standard;2;360;200;Card;Valorant;4.5;0
SESS-15773;2026-08-13 19:54:57;USR-1217;2003-04-26;M;Bootcamp;2;0;300;Card;Dota 2;;0
SESS-12496;2026-08-07 15:35:38;USR-1261;2012-03-26;M;Standard;1;80;100;Card;Minecraft;;0
SESS-11774;2026-08-01 01:21:39;USR-1699;2005-02-05;F;VIP;8;0;1600;Card;Valorant;4.0;0
SESS-16048;2026-08-01 02:15:46;USR-1266;1995-10-12;F;VIP;1;420;200;Card;CS2;4.0;0
SESS-13036;2026-08-19 22:53:50;USR-1272;2006-03-16;F;VIP;5;0;1000;Card;CS2;4.5;0
SESS-13599;2026-08-02 19:03:29;USR-1614;2000-08-04;M;Standard;8;1344;720;Card;GTA V;5.0;1
SESS-16895;2026-08-27 16:58:35;USR-1016;2005-05-28;F;Standard;3;0;300;Card;Dota 2;;0
SESS-13897;2026-08-28 03:34:19;USR-1290;2010-01-20;M;VIP;3 ч.;0;600;App;Minecraft;;0
SESS-11415;2026-08-12 17:17:00;USR-1082;2004-05-06;F;PS5;2;0;500;App;CS2;;0
SESS-12070;2026-08-23 18:06:08;USR-1631;;F;Standard;1;168;90;Cash;CS2;;1
SESS-16812;2026-08-22 13:53:22;USR-1759;2009-11-23;M;Standard;2;0;200;App;CS2;;0
SESS-13094;2026-08-11 13:42:54;USR-1653;2006-09-10;F;VIP;4;790;800;Card;Dota 2;4.0;0
SESS-12957;2026-08-22 12:00:57;USR-1304;2005-07-18;M;VIP;2;0;400;Card;Valorant;;0
SESS-13501;2026-08-06 10:02:22;USR-1536;2002-06-13;M;Standard;1;0;100;Card;Valorant;;0
SESS-15143;2026-08-29 08:31:59;USR-1009;1997-10-05;F;Bootcamp;3;1260;405;Card;Cyberpunk 2077;;1
SESS-10852;2026-08-10 21:56:21;USR-1371;2006-04-08;M;Standard;2;0;200;Card;Dota 2;;0
SESS-11094;2026-08-17 23:03:42;USR-1124;2012-08-08;M;VIP;8;0;1600;Card;Dota 2;4.5;0
SESS-15918;2026-08-16 17:20:09;USR-1165;1999-09-15;M;VIP;3;900;600;Card;PUBG;5.0;0
SESS-16993;2026-08-22 17:43:58;USR-1324;1996-05-14;M;VIP;1;420;200;Card;GTA V;;0
SESS-13554;2026-08-07 15:11:35;USR-1002;2012-02-08;M;Standard;2;0;200;App;Valorant;;0
SESS-16014;2026-08-12 18:27:53;USR-1347;2006-11-23;M;Bootcamp;2;470;300;Card;Dota 2;4.5;0
SESS-15114;2026-08-08 17:01:36;USR-1335;2006-07-04;M;Standard;1;0;90;Card;Minecraft;4.0;1
SESS-10581;2026-08-21 20:51:30;USR-1047;2005-09-11;M;Standard;4;640;400;Card;CS2;4.5;0
SESS-16958;2026-08-23 08:14:16;USR-1225;2003-07-25;M;Standard;3;480;300;Card;Dota 2;5.0;0
SESS-16255;2026-08-03 21:40:22;USR-1438;2006-03-21;M;Bootcamp;5;951;675;Card;Dota 2;;1
SESS-16745;2026-08-13 23:03:29;USR-1027;1997-11-04;F;VIP;12;0;2160;Card;CS2;4.5;1
SESS-15711;2026-08-16 16:21:39;USR-1000;2005-11-15;Мужской;PS5;2;320;500;Card;CS2;;0
SESS-13586;2026-08-06 21:19:17;USR-1037;2010-08-28;M;Bootcamp;2;0;300;App;CS2;;0
SESS-11962;2026-08-17 09:33:54;USR-1634;2000-02-27;M;VIP;1;461;180;Card;Cyberpunk 2077;;1
SESS-10686;2026-08-22 15:42:05;USR-1256;2004-02-14;M;PS5;3;0;750;App;CS2;5.0;0
SESS-16671;2026-08-29 15:18:33;USR-1080;2003-02-28;M;VIP;2;546;360 ₽;Card;Apex Legends;;1
SESS-12950;2026-08-08 08:06:11;USR-1612;2012-07-16;M;Standard;2;0;200;Cash;Minecraft;;0
SESS-14600;2026-08-18 15:05:02;USR-1642;1989-12-23;M;VIP;1;550;200;Card;Cyberpunk 2077;;0
SESS-16222;2026-08-30 21:46:51;USR-1633;2003-08-25;M;Standard;3;336;270;App;CS2;5.0;1
SESS-16326;2026-08-01 02:19:04;USR-1076;2004-03-02;M;Standard;1;0;100;App;Deadlock;;0
SESS-12857;2026-08-07 18:46:51;USR-1267;2004-12-08;M;Bootcamp;1;160;150;Card;CS2;4.0;0
SESS-15676;2026-08-24 11:39:48;USR-1143;2007-06-16;M;Bootcamp;3;0;450;Card;Dota 2;3.0;0
SESS-11134;2026-08-11 15:33:08;USR-1528;2011-06-05;M;PS5;3;0;750;App;Dota 2;;0
SESS-15160;2026-08-28 00:10:41;USR-1594;2003-05-19;F;Bootcamp;8;0;1200;Card;CS2;;0
SESS-13067;2026-08-07 17:11:38;USR-1438;2006-03-21;M;Standard;2;0;180;Card;Dota 2;5.0;1
SESS-14646;2026-08-15 21:03:55;USR-1144;1993-04-03;M;Standard;3;360;300;Card;CS2;4.5;0
SESS-11485;2026-08-25 20:37:17;USR-1707;2011-03-12;M;VIP ;4;336;720;App;Deadlock;4.5;1
SESS-11845;2026-08-12 23:29:10;USR-1231;2005-11-24;M;PS5;8;0;2000;Card;Deadlock;;0
SESS-16189;2026-08-14 21:35:56;USR-1141;1998-03-28;M;PS5;2;0;500;Card;Valorant;;0
SESS-13121;2026-08-03 18:56:18;USR-1144;1993-04-03;M;PS5;8;1110;2000;Card;Browser/Work;2.0;0
SESS-15102;2026-08-10 23:16:26;USR-1220;2007-03-02;M;Standard;12;0;1080;Card;Deadlock;5.0;1
SESS-16466;2026-08-04 21:10:49;USR-1097;2010-04-26;M;Bootcamp;2;0;300;Card;Dota 2;4.0;0
SESS-10264;2026-08-03 21:22:41;USR-1710;2003-03-07;F;Bootcamp;4;0;540;Card;Dota 2;;1
SESS-15007;2026-08-07 00:13:15;USR-1093;1995-09-19;M;VIP;2;510;400;Card;Dota 2;5.0;0
SESS-15415;2026-08-20 20:27:00;USR-1487;2006-10-22;M;Bootcamp;1;160;150;Card;Dota 2;;0
SESS-15460;2026-08-24 18:02:25;USR-1489;2011-07-19;M;Bootcamp;3;120;450;Card;Apex Legends;5.0;0
SESS-12876;2026-08-23 11:05:43;USR-1119;2003-06-06;F;Standard;5;600;500;Card;Apex Legends;;0
SESS-14407;2026-08-16 12:41:37;USR-1105;2008-12-10;M;Bootcamp;2;0;300;Card;CS2;;0
SESS-14783;2026-08-05 14:06:14;USR-1149;2006-12-05;M;VIP;4;400;800;Card;CS2;;0
SESS-15106;2026-08-26 00:41:26;USR-1348;2008-04-26;M;Bootcamp;8;0;1200;Card;Deadlock;;0
SESS-14749;2026-08-28 14:34:06;USR-1028;2008-11-24;M;Standard;5;0;500;App;Apex Legends;;0
SESS-12132;2026-08-31 20:04:22;USR-1587;2005-10-11;F;Bootcamp;2;0;300;;Deadlock;4.5;0
SESS-14012;2026-08-20 13:42:53;USR-1793;2010-09-10;M;Standard;1;60;100;Cash;CS2;4.5;0
SESS-12404;2026-08-28 19:44:25;USR-1649;2006-07-26;M;Bootcamp;2;240;300;Card;CS2;;0
SESS-16492;2026-08-28 21:38:52;USR-1739;2009-06-08;M;Bootcamp;3;0;450;App;GTA V;;0
SESS-11072;2026-08-04 10:45:42;USR-1159;2004-02-12;M;ps5;4;480;400;Card;CS2;;0
SESS-16493;2026-08-01 10:22:29;USR-1100;2003-04-03;M;PS5;2;0;500;Card;CS2;4.5;0
SESS-14824;2026-08-27 23:59:23;USR-1021;2004-07-25;M;Standard;8;0;800;Card;Deadlock;3.0;0
SESS-12444;2026-08-06 00:14:58;USR-1314;2007-11-23;M;Standard;3;360;300;Card;PUBG;;0
SESS-14427;2026-08-26 14:50:38;USR-1006;2005-05-17;M;Bootcamp;2;240;300;Cash;CS2;4.0;0
SESS-12251;2026-08-29 09:59:25;USR-1327;2007-07-01;M;VIP;1;322;180;Card;CS2;4.0;1
SESS-12948;2026-08-22 17:26:43;USR-1142;2004-11-07;M;Bootcamp;2;0;300;App;CS2;4.0;0
SESS-10943;2026-08-23 17:17:21;USR-1257;2009-05-25;F;Standard;3;0;300;Cash;GTA V;;0
SESS-16263;2026-08-01 16:33:29;USR-1659;2004-02-16;F;Bootcamp;2;470;300;Card;CS2;;0
SESS-12302;2026-08-22 18:17:44;USR-1138;2002-01-01;M;Bootcamp;1;0;150;Card;Deadlock;;0
SESS-15546;2026-08-20 17:54:26;USR-1761;1986-09-19;M;PS5;2;0;500;Card;GTA V;;0
SESS-15537;2026-08-08 23:58:22;USR-1156;04/26/2009;M;Standard;8;0;800;App;Dota 2;4.0;0
SESS-14511;2026-08-15 12:16:34;USR-1044;1999-09-01;M;Standard;2;336;180;Card;CS2;;1
SESS-12464;2026-08-16 19:00:43;USR-1089;2002-06-04;F;VIP ;1;160;100;Card;Cyberpunk 2077;3.0;0
SESS-14398;2026-08-22 22:41:40;USR-1261;2012-03-26;M;Standard;3;0;300;Cash;Dota 2;4.5;0
SESS-16190;2026-08-07 09:29:08;USR-1599;2011-12-13;M;VIP ;3;251;270;Card;Deadlock;;1
SESS-10061;2026-08-07 08:57:30;USR-1124;2012-08-08;M;Standard;3;240;300;Cash;Deadlock;;0
SESS-13181;2026-08-29 09:38:08;USR-1150;2003-04-24;M;Standard;3;0;300;Card;Dota 2;;0
SESS-13214;2026-08-26 16:23:12;USR-1694;2001-09-20;M;Bootcamp;4;0;600;Card;Dota 2;;0
;2026-08-30 17:42:56;USR-1155;2010-04-23;F;Standard;2;0;200;App;Minecraft;;0
SESS-10956;2026-08-29 09:06:36;USR-1069;2004-01-15;M;VIP;3;0;600;App;Apex Legends;4.5;0
SESS-16286;2026-08-26 02:05:46;USR-1020;2011-09-06;M;Standard;1;0;100;Cash;Valorant;;0
SESS-14550;2026-08-02 03:54:20;USR-1195;2005-08-17;M;Standard;1;0;100;App;Dota 2;3.0;0
SESS-17033;2026-08-29 13:08:03;USR-1346;1992-02-19;M;VIP;1;330;200;Card;Dota 2;4.5;0
SESS-12619;2026-08-21 15:35:58;USR-1628;2008-10-25;F;Bootcamp;4;0;600;Card;Dota 2;;0
SESS-15590;2026-08-23 11:41:43;USR-1154;2000-02-18;M;VIP;1;420;200;Card;Dota 2;;0
SESS-16868;2026-08-11 09:05:41;USR-1159;2004-02-12;M;Standard;1;160;100;Card;Cyberpunk 2077;;0
SESS-11851;2026-08-01 10:09:56;USR-1017;1994-02-15;M;VIP;2;650;400;App;Cyberpunk 2077;;0
SESS-13692;2026-08-16 20:17:55;USR-1272;2006-03-16;F;Standard;2;160;200;Card;CS2;;0
SESS-13104;2026-08-29 15:17:22;USR-1518;2007-03-09;M;Standard;5;400;500;App;Dota 2;;0
SESS-12393;2026-08-03 15:19:50;USR-1282;2005-08-11;F;Standard;2;320;200;Card;Dota 2;;0
SESS-14316;2026-08-28 02:30:19;USR-1028;2008-11-24;M;VIP;3;546;540;App;CS2;3.0;1
SESS-16693;2026-08-29 18:37:12;USR-1099;2004-01-10;F;Standard;2;0;200;App;Apex Legends;;0
SESS-16056;2026-08-29 20:10:22;USR-1030;2011-05-18;M;Standard;2;0;180;App;CS2;;1
SESS-14597;2026-08-18 18:53:19;USR-1708;2008-03-08;m;PS5;3;0;750;Card;CS2;4.5;0
SESS-12562;2026-08-07 19:20:37;USR-1122;2004-02-05;M;PS5;4;320;1000;App;Deadlock;;0
SESS-15265;2026-08-22 15:41:57;USR-1252;2007-11-03;M;;Standard;1;0;Card;Dota 2;;0
SESS-17119;2026-08-15 23:07:47;USR-1017;1994-02-15;M;PS5;5;900;1250;Card;GTA V;5.0;0
SESS-12940;2026-08-11 11:20:53;USR-1631;2007-08-07;F;VIP;2;320;400;Card;CS2;;0
SESS-11334;2026-08-21 23:07:12;USR-1107;2011-02-22;M;Standard;5;280;450;App;CS2;5.0;1
SESS-10128;2026-08-06 16:10:57;USR-1620;2011-02-02;M;Bootcamp;3;0;405;App;Minecraft;4.5;1
SESS-11122;2026-08-23 06:11:49;USR-1282;2005-08-11;F;Standard;3;503;270;Card;Dota 2;4.0;1
SESS-12841;2026-08-12 15:34:43;USR-1497;2009-07-10;M;Bootcamp;4;224;540;App;Dota 2;;1
SESS-13252;2026-08-06 12:29:18;USR-1659;2004-02-16;F;VIP;4;790;800;Card;CS2;5.0;0
SESS-15375;2026-08-01 07:28:45;USR-1084;2005-03-01;F;Standard;3;336;270;Card;CS2;5.0;1
SESS-11503;2026-08-24 12:27:44;USR-1645;2002-09-17;M;Standard;4;0;360;Card;CS2;4.5;1
SESS-14362;2026-08-20 17:34:00;USR-1327;2007-07-01;M;Bootcamp;1;160;150;App;CS2;;0
SESS-13594;2026-08-14 03:34:30;USR-1720;2012-11-25;F;Standard;4;448;360;Cash;CS2;4.5;1
SESS-16603;2026-08-31 14:38:58;USR-1106;1997-11-09;M;VIP;1;270;200;Card;GTA V;;0
SESS-11085;2026-08-27 19:53:47;USR-1018;2002-11-17;M;Standard;2;240;200;Cash;CS2;2.0;0
SESS-14612;2026-08-24 15:01:47;USR-1068;;M;PS5;1;0;250;App;CS2;;0
SESS-15061;2026-08-14 19:44:53;USR-1541;2011-11-17;M;Standard;1;60;100;App;CS2;;0
SESS-16184;2026-08-26 15:40:21;USR-1040;2005-01-02;M;Standard;2;320;200;Card;Dota 2;4.0;0
SESS-13978;2026-08-22 19:44:01;USR-1123;1995-12-22;M;;VIP;3;840;App;Dota 2;5.0;0
SESS-14311;2026-08-07 02:19:10;USR-1152;2004-07-27;M;Standard;3;360;300;Card;Dota 2;4.0;0
SESS-14874;2026-08-09 17:43:22;USR-1110;2004-11-28;F;VIP;3;0;600;Card;CS2;5.0;0
SESS-10728;2026-08-04 18:42:06;USR-1295;1994-10-12;M;PS5;2;390;500;Card;Dota 2;;0
SESS-10109;2026-08-01 15:00:29;USR-1077;2005-03-16;M;VIP;3;0;540;App;Deadlock;;1
SESS-16232;2026-08-03 23:42:02;USR-1438;2006-03-21;M;Standard;8;1792;720;App;Dota 2;4.5;1
SESS-15570;2026-08-09 13:32:24;USR-1430;2011-08-06;M;Standard;2;0;200;Card;CS2;4.0;0
SESS-15515;2026-08-12 15:25:37;USR-1206;2003-07-25;M;Bootcamp;1;160;150;Card;Dota 2;;0
SESS-11297;2026-08-17 08:42:22;USR-1498;1986-07-05;M;PS5;2;540;500 ₽;Card;Dota 2;;0
SESS-17110;2026-08-03 08:19:39;USR-1430;2011-08-06;M;Standard;1;0;100;Cash;Deadlock;;0
SESS-13735;2026-08-23 18:53:55;USR-1142;2004-11-07;M;PS5;1;80;250;Card;CS2;4.5;0
SESS-14942;2026-08-01 20:12:48;USR-1024;2004-08-15;M;VIP;5;0;900;Card;Deadlock;5.0;1
SESS-10813;2026-08-11 17:56:46;USR-1116;2003-02-05;F;Bootcamp;2;0;300;Card;Dota 2;;0
SESS-10314;2026-08-12 23:38:37;USR-1255;2011-03-26;F;Standard;12;720;1200;Cash;CS2;;0
SESS-13778;2026-08-27 16:34:18;USR-1137;2005-01-22;M;Standard;5;560;450;Card;Dota 2;5.0;1
SESS-10118;2026-08-29 20:15:23;USR-1569;2005-01-13;M;PS5;2;240;500;Card;CS2;;0
SESS-10120;2026-08-13 17:57:35;USR-1155;2010-04-23;F;Standard;1;0;100;App;CS2;;0
SESS-13412;2026-08-01 11:12:20;USR-1791;1995-04-04;M;PS5;3;690;750;Card;CS2;;0
SESS-16943;2026-08-14 08:57:27;USR-1474;2007-10-28;M;Bootcamp;3;390;450;Card;CS2;3.0;0
SESS-10978;2026-08-29 11:08:01;USR-1294;14.10.2003;F;VIP;3;630;600;App;CS2;4.5;0
SESS-15466;2026-08-01 22:03:27;USR-1071;2007-09-17;M;Bootcamp;3;0;450;Card;Dota 2;2.0;0
SESS-14924;2026-08-21 18:42:35;USR-1289;2007-10-10;M;Standard;3;0;300;App;CS2;;0
SESS-16181;2026-08-22 13:41:45;USR-1652;2004-12-09;M;Bootcamp;4;658;540;App;CS2;;1
SESS-10253;2026-08-05 02:20:49;USR-1141;1998-03-28;M;Standard;3;0;300;App;Cyberpunk 2077;;0
SESS-14999;2026-08-19 16:06:31;USR-1206;2003-07-25;M;Bootcamp;1;270;150;Card;Minecraft;;0
SESS-11688;2026-08-28 16:33:54;USR-1242;2005-09-25;F;PS5;8;0;2000;Card;CS2;;0
SESS-14074;2026-08-14 09:45:46;USR-1058;2006-06-09;M;VIP;2;0;400;App;CS2;2.0;0
SESS-11620;2026-08-08 01:35:32;USR-1099;2004-01-10;F;Standard;5;600;500;App;Valorant;;0
SESS-10376;2026-08-17 20:19:11;USR-1627;1990-04-25;M;Standard;5;900;500;Card;Cyberpunk 2077;4.5;0
SESS-14993;2026-08-28 19:34:13;USR-1059;2012-10-27;F;Standard;12;0;1200;Card;Deadlock;;0
SESS-11005;2026-08-27 01:42:56;USR-1057;2002-08-25;M;PS5;12;1920;3000;Card;Valorant;;0
SESS-10163;2026-08-01 22:19:39;USR-1386;2012-05-08;M;Standard;8;320;800;Cash;Dota 2;3.0;0
SESS-11175;2026-08-23 17:01:21;USR-1046;2009-05-11;F;Standard;1;40;100;Cash;Minecraft;;0
SESS-11028;2026-08-09 22:34:08;USR-1115;2001-08-07;M;Bootcamp;8;1456;1080;Card;Valorant;4.5;1
SESS-14122;2026-08-10 00:15:36;USR-1618;2005-04-01;M;PS5;8;0;2000;Card;CS2;4.5;0
SESS-10566;2026-08-21 08:00:00;USR-1146;2005-04-03;M;Standard;1;80;100;Card;Apex Legends;2.0;0
SESS-13518;2026/08/11 16:19:22;USR-1456;2003-05-02;M;Standard;1;0;100;Card;Minecraft;;0
SESS-16298;2026-08-25 13:37:19;USR-1621;2006-12-15;M;Standard;3;672;270;Card;CS2;;1
SESS-13672;2026-08-27 20:23:44;USR-1070;2007-01-05;M;Standard;1;224;90;Card;Deadlock;;1
SESS-10418;2026-08-17 19:12:37;USR-1305;2008-04-18;M;Standard;3;480;300;Card;CS2;;0
SESS-16318;2026-08-30 17:37:22;USR-1780;1886-09-20;M;Standard;-2;160;400;App;CS2;;0
SESS-16537;2026-08-31 11:01:45;USR-1776;2010-05-20;M;Bootcamp;1;0;135;Cash;Dota 2;2.0;1
SESS-11320;2026-08-09 14:00:33;USR-1493;2005-01-28;M;VIP;1;230;200;Cash;Dota 2;;0
SESS-11074;2026-08-24 01:54:04;USR-1386;2012-05-08;M;Standard;12;0;1200;Card;Minecraft;4.0;0
SESS-11808;2026-08-14 19:17:54;USR-1084;2005-03-01;F;Standard;2;0;200;Cash;CS2;;0
SESS-13076;2026-08-06 20:13:09;USR-1605;2006-06-01;M;PS5;2;448;450;Cash;CS2;5.0;1
SESS-10518;2026-08-04 19:24:50;USR-1307;2006-12-03;F;Standard;8;640;800;Cash;CS2;;0
SESS-11850;2026-08-28 17:03:48;USR-1105;2008-12-10;M;Bootcamp;4;0;600;Card;CS2;;0
SESS-16795;2026-08-13 09:03:51;USR-1605;2006-06-01;M;Standard;1;120;100;Card;Dota 2;;0
SESS-15326;2026-08-28 20:28:20;USR-1012;2006-05-26;M;Bootcamp;3;0;450;Card;GTA V;4.5;0
SESS-13708;2026-08-30 06:58:16;USR-1132;2008-09-20;M;VIP;3;0;600;App;CS2;;0
SESS-13815;2026-08-15 01:36:17;USR-1087;2006-03-16;M;Bootcamp;8;0;1200;Card;Deadlock;;0
SESS-13305;2026-08-10 09:59:19;USR-1454;1998-11-09;M;VIP;2;0;400;Card;CS2;;0
SESS-12087;2026-08-21 19:27:57;USR-1054;1999-10-07;F;VIP;3;690;600;Card;PUBG;4.5;0
SESS-15891;2026-08-04 14:18:17;USR-1101;1997-03-02;M;Bootcamp;1;270;150;Card;Dota 2;4.5;0
SESS-16426;2026-08-20 22:48:29;USR-1004;2006-01-08;M;Standard;8;0;800;Card;Dota 2;;0
SESS-15988;2026-08-04 14:40:39;USR-1128;2008-04-02;F;PS5;4;672;900;App;CS2;4.5;1
SESS-12460;2026-08-02 21:28:09;USR-1386;2012-05-08;M;Standard;5;0;450;App;Dota 2;4.5;1
SESS-15163;2026-08-23 09:16:57;USR-1657;2005-07-10;M;VIP;1;160;200;Card;Valorant;4.0;0
SESS-14871;2026-08-22 15:04:30;USR-1518;2007-03-09;M;Bootcamp;3;320;450;Card;Valorant;4.5;0
SESS-15354;2026-08-15 14:04:03;USR-1262;2006-01-15;F;VIP;4;1007;720;Card;Minecraft;;1
SESS-10569;2026-08-16 18:57:19;USR-1038;2007-09-18;M;VIP;2;0;400;Card;Dota 2;;0
SESS-12408;2026-08-22 14:46:41;USR-1650;2004-11-18;M;Standard;5;0;500;;CS2;;0
SESS-16520;2026-08-20 20:19:39;USR-1706;2011-11-16;F;Standard;3;0;300;App;Minecraft;;0
SESS-16001;2026-08-01 20:18:37;USR-1181;2003-01-07;F;Standard;3;336;270;App;Dota 2;4.5;1
SESS-15581;2026-08-08 20:27:45;USR-1055;2007-06-20;M;Standard;3;360;300;App;Valorant;;0
SESS-15747;2026-08-17 12:55:08;USR-1021;2004-07-25;M; standard ;2;336;180;Card;CS2;;1
SESS-11680;2026-08-01 10:51:12;USR-1226;2006-05-20;M;Bootcamp;2;400;300;App;CS2;;0
SESS-15988;2026-08-04 14:40:39;USR-1128;2008-04-02;F;PS5;4;672;900;App;CS2;4.5;1
SESS-11683;2026-08-17 15:46:58;USR-1614;2000-08-04;M;Bootcamp;1;420;150;Card;CS2;;0
SESS-16451;2026-08-26 23:17:39;USR-1535;2008-07-10;M;VIP ;5;0;1250;App;CS2;2.0;0
SESS-16743;2026-08-10 13:47:46;USR-1032;2009-06-21;M;Standard;2;0;200;Cash;Valorant;;0
SESS-13362;2026-08-08 08:21:54;USR-1284;2012-02-26;M;Standard;3;240;300;App;Minecraft;;0
SESS-16310;2026-08-07 09:54:00;USR-1143;2007-06-16;M;Standard;2;320;200;Card;Deadlock;;0
SESS-11467;2026-08-31 19:13:12;USR-1183;2005-09-05;M;Bootcamp;2;400;300;App;Apex Legends;;0
SESS-13007;2026-08-25 18:04:32;USR-1183;2005-09-05;M;Standard;3;0;270;Card;CS2;5.0;1
SESS-13101;2026-08-05 12:55:33;USR-1688;2006-04-27;M;Standard;1;0;100;Card;Apex Legends;;0
SESS-15949;2026-08-02 17:37:48;USR-1382;2010-02-10;M;Standard;3;0;300;Card;Minecraft;;0
SESS-16878;2026-08-23 18:52:17;USR-1690;2002-01-05;M;Bootcamp;3;0;450;Card;CS2;;0
SESS-15624;2026-08-22 21:14:38;USR-1091;2007-11-13;M;VIP;8;0;1600;Card;CS2;4.0;0
SESS-12099;2026-08-21 13:32:55;USR-1095;2005-12-26;M;PS5;2;336;450;App;Valorant;;1
SESS-16947;2026-08-29 19:55:18;USR-1085;2000-03-10;M;VIP;4;1218;720;Card;Deadlock;5.0;1
SESS-17092;2026-08-27 09:09:56;USR-1547;2008-10-14;M;Standard;2;336;180;Card;Valorant;;1
SESS-11064;2026-08-22 20:24:01;USR-1068;1993-04-03;M; standard ;3;1470;405;Card;Dota 2;4.0;1
SESS-16381;2026-08-27 20:43:15;USR-1103;2008-04-20;M;Standard;1;0;100;App;CS2;;0
SESS-14365;2026-08-14 18:26:49;USR-1262;2006-01-15;F;VIP;2;400;400;App;CS2;;0
SESS-15534;2026-08-19 18:28:58;USR-1466;1998-10-16;F;Standard;2;0;200;Card;Dota 2;;0
SESS-16359;2026-08-02 21:10:25;USR-1082;2004-05-06;F;Standard;2;0;200;Card;Deadlock;;0
SESS-12068;2026-08-02 22:10:23;USR-1770;2008-02-15;F;Standard;8;0;800;Card;CS2;;0
SESS-11566;2026-08-15 12:30:34;USR-1711;2005-05-02;M;VIP ;1;0;100;App;Dota 2;5.0;0
SESS-12991;2026-08-28 17:52:10;USR-1405;2009-02-24;M;VIP;2;0;400;App;Minecraft;;0
SESS-15707;2026-08-29 08:16:36;USR-1071;2007-09-17;m;VIP;3;0;540;App;CS2;;1
SESS-13556;2026-08-31 16:33:06;USR-1427;2000-01-10;M;VIP;2;0;400;Card;Dota 2;;0
SESS-12089;2026-08-27 16:10:13;USR-1559;2005-09-19;M;Standard;1;120;100;Cash;Minecraft;;0
SESS-12337;2026-08-23 14:36:18;USR-1109;2007-12-25;M;Bootcamp;2;240;300;Cash;Dota 2;4.5;0
SESS-14975;2026-08-20 12:43:23;USR-1084;2005-03-01;F;VIP;3;0;600;App;Valorant;;0
SESS-12705;2026-08-12 16:30:32;USR-1048;2010-12-21;M;Standard;2;0;200;Cash;Dota 2;;0
SESS-12057;2026-08-25 18:06:05;USR-1072;2005-05-26;M;PS5;1;224;225;App;CS2;4.0;1
SESS-13953;2026-08-12 17:49:34;USR-1102;2012-11-14;M;Standard;2;168;180;Cash;Dota 2;4.5;1
SESS-10866;2026-08-31 06:14:28;USR-1406;1998-12-17;M;PS5;1;0;250;App;Cyberpunk 2077;4.5;0
SESS-10534;2026-08-03 20:01:55;USR-1056;1985-10-21;M;VIP;3;0;600;Card;CS2;4.5;0
SESS-10353;2026-08-09 00:30:17;USR-1123;1995-12-22;M;VIP;5;2170;900;Card;Valorant;;1
SESS-16423;2026-08-20 19:29:31;USR-1071;2007-09-17;M;;Bootcamp;3;0;Card;Deadlock;3.0;0
SESS-16852;2026-08-08 10:49:50;USR-1681;2011-11-16;M;Standard;4;0;400;Cash;CS2;4.0;0
SESS-14238;2026-08-08 00:06:04;USR-1405;2009-02-24;M;Standard;8;0;720;App;Valorant;4.5;1
SESS-10829;2026-08-16 20:57:13;USR-1018;2002-11-17;M;Bootcamp;1;270;150;App;CS2;;0
SESS-15372;2026-08-25 12:06:02;USR-1783;2004-01-12;M;VIP;1;0;180;Card;Deadlock;5.0;1
SESS-17095;2026-08-31 12:42:25;USR-1098;2012-02-17;M;Bootcamp;4;240;600;App;Dota 2;;0
SESS-14357;2026-08-22 21:45:01;USR-1510;2005-04-12;M;VIP;4 часа;630;800;App;Valorant;;0
SESS-10343;2026-08-30 15:58:50;USR-1393;;M;Standard;2;448;180;Card;Cyberpunk 2077;;1
SESS-14091;2026-08-29 15:23:58;USR-1507;1991-02-02;M;VIP;4;0;800;App;Dota 2;5.0;0
SESS-16015;2026-08-09 20:56:01;USR-1759;2009-11-23;M;Standard;8;0;800;App;Valorant;4.5;0
SESS-16020;2026-08-31 12:39:05;USR-1121;2008-02-21;M;Standard;5;600;500;Card;Dota 2;4.0;0
SESS-16454;2026-08-14 10:46:47;USR-1138;1886-09-20;M;VIP;-2;0;180;Card;CS2;;1
SESS-13265;2026-08-11 20:44:57;USR-1597;2010-07-06;M;Standard;2;160;200;App;Dota 2;;0
SESS-12949;2026-08-08 16:22:21;USR-1612;2012-07-16;M;Bootcamp;1;0;150;Card;GTA V;2.0;0
SESS-14057;2026-08-03 00:00:48;USR-1739;2009-06-08;M;Standard;3;0;300;Card;Deadlock;3.0;0
SESS-10256;2026-08-15 19:55:50;USR-1327;2007-07-01;M;PS5;3;336;675;App;Deadlock;5.0;1
SESS-15111;2026-08-07 16:03:27;USR-1425;2010-06-12;M;Standard;1;60;100;App;CS2;4.5;0
SESS-16367;2026-08-31 12:48:40;USR-1270;2005-08-03;M;Bootcamp;2;0;300;App;Dota 2;;0
SESS-14547;2026-08-13 18:14:44;USR-1604;2005-08-22;M;Standard;3;0;300;App;Valorant;;0
SESS-14410;2026-08-09 18:47:14;USR-1507;1991-02-02;M;VIP;1;0;200;Card;CS2;;0
SESS-12838;2026-08-09 19:54:11;USR-1025;1997-05-13;F;PS5;2;540;500;Card;Deadlock;;0
SESS-15419;2026-08-04 14:18:45;USR-1462;2005-11-05;M;Standard;2;0;180;Card;Dota 2;;1
SESS-15873;2026-08-29 19:47:33;USR-1124;2012-08-08;M;Standard;1;0;100;Cash;CS2;;0
SESS-12365;2026-08-03 14:10:27;USR-1383;2006-09-18;M;Standard;5;1120;450;Card;Deadlock;4.5;1
SESS-12005;2026-08-21 13:10:41;USR-1273;;M;PS5;3;0;750;Card;Dota 2;4.5;0
SESS-16703;2026-08-14 08:56:38;USR-1283;2010-09-11;F;Standard;3;168;270;Cash;Dota 2;4.5;1
SESS-13115;2026-08-23 18:24:43;USR-1404;2010-02-10;M;VIP;2;0;400;Card;Minecraft;4.0;0
SESS-14506;2026-08-27 13:30:39;USR-1515;2007-01-14;M;Bootcamp;1;270;150 ₽;App;Apex Legends;4.5;0
SESS-10858;2026-08-01 09:40:12;USR-1259;2005-08-15;M;Standard;1;120;100;Card;Dota 2;5.0;0
SESS-17019;2026-08-22 18:12:40;USR-1699;2005-02-05;F;Standard;3;0;300;Card;Apex Legends;;0
SESS-10180;2026-08-19 17:35:57;USR-1019;1993-10-21;M;VIP;2;660;400;Card;GTA V;;0
SESS-11586;2026-08-27 17:01:37;USR-1073;2010-12-24;M;Standard;5;560;450;App;Dota 2;5.0;1
SESS-12963;2026-08-21 08:09:12;USR-1603;2010-12-22;M;VIP;3;120;600;App;Minecraft;;0
SESS-10407;2026-08-09 13:15:17;USR-1765;2004-12-25;M;Bootcamp;5;0;750;Card;Dota 2;;0
SESS-12586;2026-08-22 14:31:14;USR-1670;2006-02-07;M;Standard;2;0;200;Card;CS2;;0
SESS-12714;2026-08-30 11:24:18;USR-1173;2008-05-17;M;PS5;2;0;500;Card;Dota 2;;0
SESS-14979;2026-08-08 20:36:27;USR-1517;2009-04-09;M;Standard;5;0;500;Cash;Minecraft;;0
SESS-13378;2026-08-07 22:50:01;USR-1495;2004-10-04;M;Standard;3;240;300;Cash;CS2;1.0;0
SESS-12575;2026-08-15 08:58:09;USR-1411;2010-08-16;F;Standard;2;0;200;App;Valorant;;0
SESS-15621;2026-08-15 12:12:54;USR-1063;2008-01-18;F;Standard;2;0;200;App;CS2;;0
SESS-11908;2026-08-25 16:45:50;USR-1004;2006-01-08;M;Bootcamp;2;400;300;Card;Valorant;5.0;0
SESS-11186;2026-08-12 15:40:18;USR-1113;2005-12-17;M;VIP;2;310;400;Card;Dota 2;;0
SESS-15521;2026-08-20 21:38:08;USR-1088;2004-05-15;M;Bootcamp;2;320;300;Card;Dota 2;;0
SESS-16092;2026-08-21 17:08:00;USR-1227;2009-10-04;M;Standard;1;0;100;App;Minecraft;;0
SESS-15212;2026-08-16 13:50:50;USR-1035;2007-12-13;M;Standard;3;360;300;Card;Dota 2;4.5;0
SESS-11329;2026-08-19 19:01:07;USR-1127;2009-06-13;M;Standard;2;0;200;Cash;Valorant;5.0;0
SESS-12338;2026-08-28 11:55:16;USR-1450;2007-05-10;F;Standard;3;480;300;Card;Dota 2;;0
SESS-14159;2026-08-15 23:54:57;USR-1095;2005-12-26;M;Standard;5;0;500;Card;CS2;;0
SESS-10259;2026-08-18 12:13:54;USR-1535;2008-07-10;M;Standard;3;336;270;Cash;CS2;;1
SESS-14205;2026-08-23 16:52:16;USR-1098;2012-02-17;M;PS5;3;0;675;App;GTA V;4.5;1
SESS-12441;2026-08-09 18:54:33;USR-1794;2003-09-04;M;VIP;2;310;400;Card;CS2;4.0;0
;2026-08-01 21:02:41;USR-1167;2004-04-20;M;Standard;3;0;270;Card;CS2;3.0;1
SESS-14765;2026-08-01 12:03:02;USR-1017;1994-02-15;M;PS5;2;660;500;Card;Cyberpunk 2077;;0
SESS-10501;2026-08-04 13:48:31;USR-1424;2004-04-03;F;Bootcamp;3;0;450;Card;Valorant;;0
SESS-11199;2026-08-12 17:15:05;USR-1336;2005-03-08;M;Bootcamp;2;0;300;Card;CS2;;0
SESS-10824;2026-08-31 18:53:59;USR-1586;;M;Standard;1;0;100;Card;Dota 2;;0
SESS-17028;2026-08-11 12:06:57;USR-1748;2004-02-07;M;VIP;2;0;400;Card;Dota 2;4.5;0
SESS-14015;2026-08-30 16:41:28;USR-1119;2003-06-06;Женский;Standard;3;240;300;Card;Apex Legends;;0
SESS-17054;2026-08-28 02:31:56;USR-1097;2010-04-26; M ;Standard;2;0;200;Cash;Minecraft;;0
SESS-11234;2026-08-10 14:29:00;USR-1614;2000-08-04;M;VIP;1;0;200;Card;GTA V;;0
SESS-10981;2026-08-02 17:30:20;USR-1699;2005-02-05;F;VIP;1;160;200;App;CS2;4.5;0
SESS-16193;2026-08-02 19:15:18;USR-1538;2010-01-26;M;Standard;3;0;300;Card;Minecraft;4.5;0
SESS-12835;2026-08-21 17:11:14;USR-1105;2008-12-10;M;VIP;2;0;400;Card;CS2;;0
SESS-16127;2026-08-22 14:28:16;USR-1709;2008-03-19;M;PS5;3;0;675;App;Apex Legends;4.5;1
SESS-12680;2026-08-16 16:48:43;USR-1057;2002-08-25;M;PS5;1;160;250;Card;Dota 2;4.0;0
SESS-13000;2026-08-13 00:35:34;USR-1408;1994-03-23;M;Bootcamp;5;900;750;App;Dota 2;4.0;0
SESS-15035;2026-08-01 14:20:22;USR-1730;2012-04-06;M;VIP;1;0;200;Cash;Valorant;;0
SESS-11840;2026-08-06 23:55:07;USR-1008;1991-02-01;F;VIP;12;3150;2400;Card;CS2;4.5;0
SESS-14056;2026-08-08 18:58:09;USR-1140;2006-12-27;F;PS5;3;672;675;Card;Valorant;;1
SESS-11731;2026-08-24 03:01:33;USR-1030;2011-05-18;M;PS5;1;0;225;Cash;Dota 2;;1
SESS-14039;2026-08-28 03:09:00;USR-1676;1998-07-07;M;PS5;1;330;250;Card;GTA V;;0
SESS-12576;2026-08-02 20:44:25;USR-1535;2008-07-10;M;Standard;2;320;200;Card;Dota 2;;0
SESS-13861;2026-08-04 09:02:45;USR-1323;2001-12-14;M;PS5;4;480;1000;Card;Dota 2;;0
SESS-16202;2026-08-27 11:26:17;USR-1386;2012-05-08;M;Standard;12;0;1080;App;Deadlock;4.5;1
SESS-14923;2026-08-22 14:29:05;USR-1483;2008-05-08;F;Standard;2;448;180;App;CS2;;1
SESS-13445;2026-08-25 12:22:10;USR-1418;2006-08-28;M;Standard;1;0;100;App;Valorant;;0
SESS-15635;2026-08-10 20:39:18;USR-1060;1990-02-23;M;PS5;3;1050;750;Card;Browser/Work;4.5;0
SESS-15190;2026-08-02 21:44:24;USR-1118;2008-09-20;F;Standard;2;160;200;Card;CS2;;0
SESS-14061;2026-08-24 20:13:26;USR-1687;2004-01-25;M;VIP;1;230;200;Card;CS2;4.5;0
SESS-13432;2026-08-21 17:26:31;USR-1547;2008-10-14;M;Standard;5;600;500;Card;CS2;3.0;0
;2026-08-28 16:55:20;USR-1142;2004-11-07;M;Standard;2;320;200;App;CS2;;0
SESS-15402;2026-08-05 16:59:21;USR-1388;2004-05-07;M;Standard;3;0;300;Card;Deadlock;4.0;0
SESS-13729;2026-08-16 10:40:27;USR-1394;2004-05-22;M;VIP;2;434;360;App;Dota 2;5.0;1
SESS-13530;2026-08-01 13:52:43;USR-1146;2005-04-03;M;Bootcamp;2;470;300;Card;Valorant;;0
SESS-14722;2026-08-18 15:29:18;USR-1698;2006-03-02;M;Standard;8;1344;720;App;Apex Legends;3.0;1
SESS-10998;2026-08-16 17:44:04;USR-1108;2005-03-19;M;Standard;1;0;100;App;Dota 2;4.0;0
SESS-12996;2026-08-03 23:37:59;USR-1002;2012-02-08;M;Standard;8;0;800;App;Minecraft;4.5;0
SESS-14892;2026-08-02 00:17:26;USR-1440;2006-10-21;M;Standard;8;0;720;Card;Valorant;4.0;1
SESS-15835;2026-08-22 18:01:15;USR-1274;2007-02-14;M;Bootcamp;3;0;450;App;Valorant;;0
SESS-11154;2026-08-07 09:18:53;USR-1555;2011-04-14;F;Standard;3;0;300;Cash;Minecraft;;0
SESS-16328;2026-08-07 11:15:23;USR-1223;2010-02-18;M;Standard;2;0;200;Card;Deadlock;;0
SESS-13543;2026-08-01 16:13:49;USR-1006;2005-05-17;M;Bootcamp;2;390;300;App;CS2;;0
SESS-12083;2026-08-22 21:19:27;USR-1194;2010-08-10;M;Standard;3;240;300;Cash;CS2;;0
SESS-14003;2026-08-15 11:11:10;USR-1576;;F;Standard;2;240;200;Card;CS2;4.5;0
SESS-13740;2026-08-24 16:33:02;USR-1536;2002-06-13;M;VIP;1;270;200;Card;Dota 2;;0
SESS-13281;2026-08-01 17:39:53;USR-1526;2007-04-16;F;PS5;1;0;250;Card;Deadlock;;0
SESS-16611;2026-08-31 06:03:30;USR-1415;2011-09-13;M;Standard;3;336;270;App;Valorant;;1
SESS-16998;2026-08-17 22:26:00;USR-1190;2003-01-24;M;Bootcamp;12;0;1800;Card;Deadlock;;0
SESS-12085;2026-08-13 02:09:08;USR-1137;2005-01-22;M;Standard;2;0;200;App;Valorant;;0
SESS-10940;2026-08-23 19:32:52;USR-1249;2010-09-12;M;Standard;2;80;200;Cash;CS2;;0
SESS-11201;2026-08-02 17:48:35;USR-1547;2008-10-14;M;Standard;2;0;200;Card;CS2;;0
SESS-11255;2026-08-14 12:38:25;USR-1694;2001-09-20;M;Bootcamp;3;0;450;App;CS2;;0
SESS-17083;2026-08-16 11:14:41;USR-1042;2004-06-10;M;Standard;2;160;200;Card;CS2;5.0;0
SESS-12440;2026-08-14 16:09:54;USR-1098;2012-02-17;M;Bootcamp;3;0;450;App;Dota 2;;0
SESS-16680;2026-08-13 23:29:11;USR-1648;2010-06-21;M;Bootcamp;8;0;1200;Cash;Dota 2;4.0;0
SESS-16890;2026-08-23 13:04:45;USR-1213;2006-10-12;M;Standard;1;120;100;App;Dota 2;4.5;0
SESS-12415;2026-08-15 08:18:59;USR-1227;2009-10-04;M;Standard;2;0;200;App;Dota 2;4.5;0
SESS-16463;2026-08-04 22:05:23;USR-1029;2012-04-14;M;Standard;8;0;800;Card;Dota 2;;0
SESS-13348;2026-08-07 20:59:11;USR-1590;2011-11-05;M;PS5;3;0;750;Card;Minecraft;;0
SESS-10426;2026-08-08 02:49:27;USR-1632;2006-05-07;M;Standard;5;600;500;App;Apex Legends;4.0;0
SESS-12858;2026-08-21 15:49:47;USR-1763;2007-01-21;F;Standard;3;672;270;Cash;Dota 2;;1
SESS-12429;2026-08-19 18:56:35;USR-1113;2005-12-17;M;Standard;2;240;200;App;Dota 2;4.5;0
SESS-11742;2026-08-08 19:38:04;USR-1131;2006-08-05;M;Standard;2;240;200;Card;CS2;;0
SESS-15433;2026-08-30 23:02:46;USR-1455;2010-07-28;M;Standard;8;320;800;Cash;Valorant;4.0;0
SESS-11943;08/11/2026 21:19:07;USR-1243;2005-06-18;M;Bootcamp;2;240;300;Cash;Dota 2;4.0;0
SESS-16140;2026-08-07 18:27:47;USR-1094;2004-06-11;M;Bootcamp;3;560;450;Card;Apex Legends;5.0;0
SESS-11468;2026-08-02 20:36:41;USR-1159;2004-02-12;M;Standard;2;0;200;App;Dota 2;4.0;0
SESS-12371;2026-08-24 10:57:41;USR-1017;1994-02-15;M;PS5;1;0;250;Card;CS2;;0
SESS-16514;2026-08-10 12:28:48;USR-1391;2005-03-11;M;PS5;2;240;500;Card;Dota 2;4.5;0
SESS-12397;2026-08-08 00:38:53;USR-1039;2003-04-10;F;Standard;5;0;500;App;Valorant;4.5;0
SESS-11635;2026-08-22 16:59:20;USR-1497;2009-07-10;M;Bootcamp;2;160;300;Card;Minecraft;4.0;0
SESS-13205;2026-08-28 14:11:25;USR-1049;1997-11-16;M;Standard;3;360;300;Card;CS2;4.5;0
SESS-15478;2026-08-14 21:20:02;USR-1117;2010-06-21;M;Standard;2;0;200;App;Valorant;;0
SESS-15516;2026-08-05 07:31:12;USR-1103;2008-04-20;M;Standard;5;0;450;Cash;CS2;;1
SESS-11319;2026-08-25 14:42:03;USR-1725;;M;PS5;3;360;750;Card;Valorant;5.0;0
SESS-13038;2026-08-18 13:09:52;USR-1036;2004-09-28;M;Standard;4;448;360;Card;CS2;3.0;1
SESS-10797;2026-08-15 15:23:50;USR-1665;2006-07-08;F;Bootcamp;2;0;300;App;CS2;3.0;0
SESS-16098;2026-08-27 11:05:50;USR-1032;2009-06-21;M;Standard;2;120;200;App;Valorant;;0
SESS-11831;2026-08-24 14:12:20;USR-1183;2005-09-05;M;Standard;1;0;90;App;CS2;;1
SESS-10498;2026-08-19 17:00:42;USR-1213;2006-10-12;M;Bootcamp;3;320;450;App;Valorant;4.0;0
SESS-16562;2026-08-21 14:03:33;USR-1308;2008-11-07;F;VIP;2;0;400;App;CS2;;0
SESS-15493;2026-08-04 13:43:06;USR-1089;2002-06-04;F;Bootcamp;2;470;300;Card;CS2;;0
SESS-15497;2026-08-25 20:59:00;USR-1092;2007-02-23;M;Standard;2;0;200;App;CS2;;0
SESS-10323;2026-08-10 00:56:33;USR-1051;2005-01-12;M;VIP;3;546;540;Card;Dota 2;5.0;1
SESS-10223;2026-08-10 08:44:16;USR-1625;2012-08-19;M;Standard;3;0;270;App;Valorant;4.5;1
SESS-10593;2026-08-22 15:19:34;USR-1046;2009-05-11;F;Standard;1;0;100;Cash;CS2;;0
SESS-10752;2026-08-31 13:43:11;USR-1412;2009-12-06;M;Standard;5;0;500;Cash;Dota 2;;0
SESS-10685;2026-08-29 00:13:03;USR-1783;2004-01-12;M;Bootcamp;8;790;1200;App;Dota 2;4.0;0
SESS-10324;2026-08-25 12:51:54;USR-1574;2008-10-18;M;Bootcamp;2;0;300;App;Dota 2;4.5;0
SESS-10982;2026-08-25 13:34:08;USR-1450;2007-05-10;F;Standard;1;80;100;Cash;CS2;4.5;0
SESS-11751;2026-08-30 12:07:41;USR-1133;2005-08-18;M;Bootcamp;1;240;150;Card;PUBG;4.0;0
SESS-15506;2026-08-26 17:07:26;USR-1146;2005-04-03;M;Bootcamp;2;0;300;Card;PUBG;;0
SESS-12124;2026-08-02 11:43:35;USR-1215;2007-05-16;M;Standard;3;0;300;App;CS2;;0
SESS-11605;2026-08-05 15:17:25;USR-1581;1996-10-10;M;Bootcamp;5;0;750;Card;Dota 2;5.0;0
SESS-15119;2026-08-06 21:18:17;USR-1601;2010-08-01;F;Standard;1;60;100;App;Valorant;4.5;0
SESS-15239;2026-08-19 22:11:53;USR-1230;1992-06-15;F;Bootcamp;8;0;1200;App;GTA V;1.0;0
SESS-14916;2026-08-02 15:56:39;USR-1196;2007-09-09;M;Standard;1;0;100;App;Deadlock;;0
SESS-15099;2026-08-02 19:26:32;USR-1085;2000-03-10;M;VIP;5;1680;900;Card;PUBG;4.0;1
SESS-14907;2026-08-11 10:17:03;USR-1165;1999-09-15;M;VIP;1;330;200;Card;CS2;4.0;0
SESS-11502;2026-08-09 22:40:11;USR-1745;1992-10-09;M;VIP;12;3234;2160;App;Dota 2;4.5;1
SESS-14872;2026-08-11 17:49:12;USR-1401;2002-10-03;M;PS5;4;896;900;App;Valorant;5.0;1
SESS-10346;2026-08-15 17:28:13;USR-1251;2004-08-07;M;VIP;3;440;600;Card;Dota 2;5.0;0
SESS-13825;2026-08-11 21:01:48;USR-1542;1990-10-16;M;Bootcamp;2;0;300;App;GTA V;4.5;0
SESS-11233;2026-08-02 18:32:11;USR-1100;2003-04-03;M;Standard;2;160;200;Card;Dota 2;;0
SESS-16505;2026-08-29 23:31:11;USR-1490;2010-04-27;M;Standard;8;0;720;App;Apex Legends;4.5;1
SESS-10965;2026-08-19 18:19:20;USR-1162;2004-02-09;M;PS5;2;0;500;Card;Apex Legends;;0
SESS-15409;2026-08-12 21:55:48;USR-1059;2012-10-27;F;Standard;2;160;200;App;CS2;5.0;0
SESS-10710;2026-08-28 17:27:58;USR-1027;1997-11-04;F;VIP;4;0;800;Card;CS2;;0
SESS-12105;2026-08-22 16:58:06;USR-1140;2006-12-27;F;VIP;2;0;400;;Dota 2;;0
SESS-15071;2026-08-29 20:56:37;USR-1274;2007-02-14;M;VIP;4;630;800;App;Dota 2;4.5;0
SESS-12225;2026-08-03 17:41:05;USR-1039;2003-04-10;F;Standard;2;320;200;App;PUBG;4.5;0
SESS-10932;2026-08-05 17:15:13;USR-1792;2023-06-15;F;PS5;-2;0;500;App;Dota 2;;0
SESS-10772;2026-08-27 18:08:14;USR-1036;2004-09-28;M;Standard;3;360;300;App;CS2;;0
SESS-15465;2026-08-08 19:57:30;USR-1422;2006-09-19;M;Standard;2;320;200;Card;CS2;4.0;0
SESS-13330;2026-08-22 21:15:46;USR-1354;2006-11-15;M;Standard;2;160;200;Card;Minecraft;;0
SESS-11067;2026-08-06 00:37:20;USR-1041;1992-05-02;M;PS5;8;0;2000;Card;GTA V;4.0;0
SESS-12769;2026-08-23 15:32:43;USR-1056;1985-10-21;M;Bootcamp;2;0;300;Card;CS2;;0
SESS-12184;2026-08-16 09:39:43;USR-1134;2004-08-26;M;Standard;4;480;400;Card;Dota 2;4.0;0
SESS-15755;2026-08-27 00:37:50;USR-1504;2004-11-27;M;PS5;8;1344;1800;Card;Cyberpunk 2077;4.0;1
SESS-13241;2026-08-23 21:21:21;USR-1652;2004-12-09;M;VIP;3;0;600;App;Valorant;3.0;0
SESS-13150;2026-08-16 17:40:13;USR-1011;2007-06-06;M;VIP;4;0;720;Card;Valorant;5.0;1
SESS-16114;2026-08-19 20:53:11;USR-1253;2011-10-01;M;Bootcamp;2;0;300;Cash;Dota 2;4.5;0
SESS-12884;2026-08-17 15:27:14;USR-1098;2012-02-17;M;Standard;2;0;200;App;Dota 2;;0
SESS-14674;2026-08-30 21:29:36;USR-1024;2004-08-15;M;Bootcamp;2;320;300;Card;CS2;1.0;0
SESS-13495;2026-08-09 21:46:28;USR-1195;2005-08-17;M;Standard;3;503;270;Card;Dota 2;4.0;1
SESS-11974;2026-08-10 17:55:21;USR-1501;2009-03-16;M;Standard;5;0;500;Cash;Dota 2;;0
SESS-16236;2026-08-01 01:52:19;USR-1700;2010-12-07;M;Standard;8;0;800;Card;Minecraft;4.0;0
SESS-15131;2026-08-12 21:34:02;USR-1048;2010-12-21;M;Bootcamp;5;420;675;App;CS2;4.0;1
SESS-11625;2026-08-01 15:39:33;USR-1615;2002-05-02;M;PS5;1;120;250;Card;Dota 2;;0
SESS-16258;2026-08-23 03:49:46;USR-1157;2005-06-14;M;Standard;3;0;300;Card;CS2;3.0;0
SESS-15001;2026-08-17 16:00:55;USR-1057;2002-08-25;M;PS5;2;224;450;Card;Deadlock;;1
SESS-15356;2026-08-15 17:39:27;USR-1749;1995-12-12;M;Standard;2;336;180;Card;CS2;;1
SESS-16102;2026-08-26 12:33:00;USR-1331;2007-03-24;M;Standard;2;160;200;Card;Valorant;;0
SESS-16624;2026-08-07 17:53:10;USR-1031;2010-03-02;M;Bootcamp;2;0;300;Card;Minecraft;;0
SESS-13773;2026-08-20 16:58:38;USR-1009;1997-10-05;F;VIP;3;923;540;Card;PUBG;;1
SESS-11117;2026-08-25 16:21:35;USR-1425;2010-06-12;M;Bootcamp;1;0;150;Cash;Deadlock;5.0;0
SESS-15821;2026-08-31 20:30:19;USR-1717;2009-01-03;M;Standard;2;80;200;Cash;GTA V;;0
SESS-12330;2026-08-21 17:11:18;USR-1106;1997-11-09;M;VIP;2;0;400;Card;Dota 2;;0
SESS-11278;2026-08-01 22:06:10;USR-1567;2007-11-15;M;VIP;3;0;600;App;Dota 2;5.0;0
SESS-17020;2026-08-12 15:47:27;USR-1408;1994-03-23;M;VIP;1;270;200;Card;Dota 2;;0
SESS-14650;2026-08-21 21:19:36;USR-1124;2012-08-08;M;Standard;1;80;100;Card;Dota 2;;0
SESS-10743;2026-08-05 16:17:14;USR-1154;2000-02-18;M;Standard;2;500;200;Card;Dota 2;;0
SESS-14310;2026-08-21 12:19:29;USR-1317;2004-05-12;M;Bootcamp;1;0;150;App;CS2;5.0;0
SESS-14696;2026-08-17 00:32:23;USR-1078;1995-10-22;F;VIP;8;0;1600;Card;PUBG;5.0;0
SESS-15186;2026-08-30 01:54:07;USR-1560;2007-10-06;M;VIP;12;2000;2400;Card;Dota 2;3.0;0
SESS-13394;2026-08-04 18:38:02;USR-1417;2006-09-11;F;Bootcamp;5;672;675;App;Deadlock;3.0;1
SESS-13659;2026-08-30 10:02:30;USR-1072;2005-05-26;M;PS5;4;672;900;App;CS2;;1
SESS-14829;2026-08-11 16:57:58;USR-1104;2003-04-21;F;Standard;5;800;500;App;Valorant;;0
SESS-16040;2026-08-08 21:10:21;USR-1248;2003-10-08;M;Bootcamp;4;720;600;Card;Deadlock;5.0;0
SESS-15107;2026-08-08 01:03:51;USR-1638;2007-02-24;F;Standard;5;0;500;App;Dota 2;;0
SESS-12802;2026-08-05 17:21:34;USR-1267;2004-12-08;M;Standard;2;0;200;Card;CS2;;0
SESS-11152;2026-08-31 09:56:47;USR-1343;2005-03-24;M;Standard;2;320;200;Card;Valorant;;0
SESS-13906;2026-08-09 18:34:57;USR-1488;2008-08-08;F;VIP;3;0;600;Card;Valorant;;0
SESS-11718;2026-08-08 18:31:33;USR-1003;2008-10-26;M;PS5;2;0;450;Card;Deadlock;;1
SESS-13936;2026-08-10 19:46:49;USR-1103;2008-04-20;M;Standard;3;0;300;Card;Valorant;;0
SESS-15609;2026-08-02 20:13:18;USR-1539;2002-09-26;M;Bootcamp;3;510;450;;Dota 2;4.5;0
SESS-12458;2026-08-23 09:42:11;USR-1049;1997-11-16;M;Standard;1;120;100;Card;Cyberpunk 2077;;0
SESS-14211;2026-08-29 13:23:50;USR-1641;2009-10-17;M;Standard;3;240;300;Cash;CS2;3.0;0
SESS-15823;2026-08-13 21:39:05;USR-1159;;M;PS5;3;672;675;Card;Dota 2;4.0;1
SESS-15321;2026-08-13 14:06:04;USR-1077;2005-03-16;M;Bootcamp;2;336;270;Card;CS2;3.0;1
SESS-12915;2026-08-21 15:55:50;USR-1402;2007-10-17;F;Bootcamp;1;200;150;Card;Dota 2;;0
SESS-13377;2026-08-30 14:45:13;USR-1167;2004-04-20;M;Standard;8;0;800;Card;Dota 2;;0
SESS-13487;2026-08-13 09:51:22;USR-1446;2004-07-08;M;Bootcamp;2;310;300;Card;Minecraft;2.0;0
SESS-14922;2026-08-30 00:52:14;USR-1142;2004-11-07;M;VIP;8;0;1600;Card;CS2;5.0;0
SESS-16323;2026-08-26 16:37:48;USR-1518;2007-03-09;M;PS5;2;0;500;Card;PUBG;;0
SESS-16583;2026-08-18 18:34:55;USR-1761;1986-09-19;M;VIP;3;1050;600;App;Dota 2;4.0;0
SESS-15132;2026-08-20 10:02:25;USR-1099;2004-01-10;F;Bootcamp;1;0;150;Card;CS2;4.5;0
SESS-11105;2026-08-29 13:26:03;USR-1057;2002-08-25;M;Standard;3;503;270;App;PUBG;4.5;1
SESS-16643;2026-08-08 16:08:36;USR-1465;2004-01-26;M;Standard;3;0;300;App;CS2;4.5;0
SESS-15017;2026-08-05 15:00:32;USR-1356;2011-01-22;M;Standard;5;0;500;Cash;Apex Legends;;0
SESS-10195;2026-08-22 15:55:32;USR-1376;07/08/2003;M;VIP;4;790;800;Card;Dota 2;5.0;0
SESS-17109;2026-08-10 15:24:41;USR-1131;2006-08-05;M;Standard;1;80;100;Cash;Dota 2;;0
SESS-11540;2026-08-25 15:10:57;USR-1013;2012-02-18;M;Standard;1;0;100;App;CS2;;0
SESS-12662;2026-08-31 12:55:52;USR-1254;2007-02-23;M;PS5;3;0;750;Card;Valorant;;0
SESS-13519;2026-08-29 16:33:18;USR-1510;2005-04-12;M;VIP;2;310;400;App;CS2;;0
SESS-10218;2026-08-15 19:34:34;USR-1051;1886-09-20;M;VIP;999;0;400;Card;Dota 2;;0
SESS-10617;2026-08-27 17:00:20;USR-1454;1998-11-09;M;VIP;1;420;200;App;Cyberpunk 2077;4.5;0
SESS-16136;2026-08-22 15:21:53;USR-1609;2004-04-15;M;Standard;4;0;400;Card;CS2;4.0;0
SESS-11637;2026-08-13 12:54:27;USR-1738;2012-03-17;M;Standard;2;0;200;Cash;Dota 2;;0
SESS-12738;2026-08-29 19:10:00;USR-1446;2004-07-08;M;Standard;2;240;200;App;Deadlock;;0
SESS-16731;2026-08-04 13:01:31;USR-1112;2005-08-25;M;Standard;5;0;450;Card;Dota 2;5.0;1
SESS-10389;2026-08-09 19:26:55;USR-1059;2012-10-27;F;Standard;3;0;300;App;CS2;4.0;0
SESS-14764;2026-08-23 16:42:02;USR-1116;2003-02-05;F;Bootcamp;3;0;405;App;GTA V;4.0;1
SESS-11608;2026-08-29 10:04:14;USR-1310;1993-08-17;M;VIP;4;1610;720;Card;CS2;4.0;1
SESS-15204;2026-08-10 20:17:07;USR-1370;2007-12-16;M;Bootcamp;3;0;450;Card;CS2;;0
SESS-16450;2026-08-17 10:52:32;USR-1410;2006-06-22;F;PS5;1;80;250;App;Deadlock;;0
SESS-15578;2026-08-25 12:12:28;USR-1000;2005-11-15;M;VIP;1;0;200;Card;Dota 2;;0
SESS-13541;2026-08-15 22:31:53;USR-1150;2003-04-24;M;VIP;12;2000;2400;App;Dota 2;5.0;0
SESS-15267;2026-08-31 16:08:23;USR-1140;2006-12-27;F;Bootcamp;3;0;450;Card;Valorant;3.0;0
SESS-14050;2026-08-22 14:33:59;USR-1047;2005-09-11;M;Bootcamp;3;0;450;Cash;Deadlock;4.5;0
SESS-12326;2026-08-10 18:46:05;USR-1093;1995-09-19;M;VIP;4;1020;800;Card;GTA V;5.0;0
SESS-10928;2026-08-01 22:38:24;USR-1369;2004-03-05;M;Bootcamp;8;1007;1080;Card;CS2;4.5;1
SESS-12006;2026-08-22 16:51:38;USR-1628;2008-10-25;F;Standard;5;400;500;App;Deadlock;;0
SESS-15725;2026-08-15 17:21:28;USR-1298;2003-10-08;M;Standard;3;0;300;Card;CS2;;0
SESS-12524;2026-08-21 06:52:15;USR-1698;2006-03-02;M;Bootcamp;1;0;150;App;CS2;4.0;0
SESS-12936;2026-08-29 22:48:39;USR-1733;2007-06-21;M;PS5;8;1280;2000;Card;CS2;3.0;0
SESS-10695;2026-08-25 18:10:33;USR-1106;1997-11-09;M;Bootcamp;1;420;150;Card;Deadlock;;0
SESS-10905;2026-08-29 17:31:47;USR-1576;2005-07-05;F;Standard;1;0;100;App;Dota 2;;0
SESS-10089;2026-08-09 16:20:23;USR-1312;2011-11-05;F;Standard;1;0;100;Card;Valorant;4.0;0
SESS-12147;2026-08-16 15:10:30;USR-1065;2012-05-07;F;Bootcamp;5;0;675;Cash;Minecraft;;1
SESS-13483;2026-08-16 23:16:19;USR-1249;2010-09-12;M;Standard;12;672;1080;App;Minecraft;4.5;1
SESS-13685;2026-08-19 14:29:10;USR-1502;1990-03-10;M;Bootcamp;3;1470;405;Card;Dota 2;;1
SESS-15308;2026-08-11 18:43:08;USR-1142;2004-11-07;M;VIP;1;0;200;Card;PUBG;3.0;0
SESS-12267;2026-08-15 16:34:03;USR-1270;2005-08-03;M;Bootcamp;5;0;675;App;Dota 2;;1
SESS-13610;2026-08-20 17:52:28;USR-1320;2012-04-04;F;VIP;3;0;600;Cash;Dota 2;5.0;0
SESS-14645;2026-08-02 18:23:51;USR-1010;1991-07-05;F;VIP;3;1176;540;Card;Dota 2;;1
SESS-16371;2026-08-19 17:28:20;USR-1006;2005-05-17;M;Standard;4;0;360;App;PUBG;4.5;1
SESS-12451;2026-08-15 01:41:00;USR-1218;1992-12-18;M;PS5;8;0;2000;Card;Deadlock;4.5;0
SESS-13774;2026-08-28 20:01:29;USR-1795;1998-02-03;M;VIP;3;1050;600;Card;Dota 2;;0
SESS-15481;2026-08-29 17:50:53;USR-1121;2008-02-21;M;Standard;5;840;450;App;CS2;;1
SESS-14214;2026-08-23 19:55:46;USR-1146;2005-04-03;M;Standard;1;0;100;Card;Dota 2;;0
SESS-15805;2026-08-01 19:52:41;USR-1257;2009-05-25;F;Standard;2;0;200;Cash;Minecraft;;0
SESS-13698;2026-08-16 23:48:17;USR-1557;2012-03-23;M;Standard;5;300;500;App;Minecraft;3.0;0
SESS-15108;2026-08-13 08:16:16;USR-1166;2004-11-20;M;Standard;1;0;100;App;Dota 2;4.5;0
SESS-10735;2026-08-06 15:35:24;USR-1125;2002-08-14;M;Bootcamp;2;320;300;Card;CS2;;0
SESS-12169;2026-08-30 18:51:17;USR-1246;1992-09-07;M;PS5;5;0;1250;Cash;CS2;;0
SESS-14261;2026-08-04 17:33:28;USR-1075;2008-12-21;M;PS5;5;800;1250;Card;Dota 2;;0
SESS-13651;2026-08-08 12:59:29;USR-1200;2009-09-06;M;Bootcamp;1;0;150;Card;Dota 2;;0
SESS-16510;2026-08-31 10:00:57;USR-1041;1992-05-02;M;PS5;1;420;250;Card;Cyberpunk 2077;;0
SESS-10694;2026-08-24 16:21:44;USR-1312;2011-11-05;F;Standard;3;240;300;App;Minecraft;;0
SESS-10723;2026-08-01 01:35:10;USR-1122;2004-02-05;M;Standard;8;0;800;Cash;CS2;;0
SESS-13309;2026-08-21 19:19:01;USR-1506;2011-09-23;M;Standard;5;0;450;Cash;CS2;;1
SESS-10185;2026-08-11 00:05:03;USR-1152;2004-07-27;M;Standard;12;1344;1080;Card;CS2;5.0;1
SESS-13643;2026-08-08 16:14:31;USR-1284;2012-02-26;M;PS5;12;1344;2700;App;Minecraft;4.5;1
SESS-14848;2026-08-03 17:18:38;USR-1052;2007-01-01;M;Bootcamp;2;0;300;Card;Deadlock;;0
SESS-11388;2026-08-28 11:29:55;USR-1156;2009-04-26;M;Bootcamp;2 ч.;160;300;Cash;Minecraft;4.5;0
SESS-15205;2026-08-30 22:02:42;USR-1785;1997-05-20;F;Standard;5;0;500;Card;PUBG;;0
SESS-16638;2026-08-01 20:16:26;USR-1157;2005-06-14;M;Bootcamp;1;0;150;Card;Dota 2;3.0;0
SESS-15482;2026-08-18 16:55:12;USR-1518;2007-03-09;M;Standard;2;0;200;Card;CS2;;0
SESS-10783;2026-08-23 08:41:45;USR-1124;2012-08-08;M;Bootcamp;2;0;300;App;Minecraft;4.5;0
SESS-13763;2026-08-13 23:36:11;USR-1226;2006-05-20;M;Bootcamp;8;0;1200;Card;Valorant;;0
SESS-11090;2026-08-02 20:04:41;USR-1382;2010-02-10;M;Bootcamp;1;112;135;Card;Dota 2;;1
SESS-10660;2026-08-20 22:07:50;USR-1337;2009-03-21;M;Standard;3;0;300;Cash;GTA V;4.0;0
SESS-11621;2026-08-06 17:10:54;USR-1704;2005-09-25;M;Standard;4;896;360;Card;GTA V;;1
SESS-15539;2026-08-10 21:48:40;USR-1554;2006-03-21;M;Standard;3;360;300;App;Valorant;4.0;0
SESS-11195;2026-08-14 20:31:18;USR-1346;1992-02-19;M;Standard;1;250;100;Card;Cyberpunk 2077;2.0;0
SESS-10450;2026-08-28 14:06:30;USR-1682;2005-01-18;M;Standard;2;160;200;App;CS2;;0
SESS-10279;2026-08-07 11:12:02;USR-1697;2002-12-15;M;VIP;5;1050;900;Card;CS2;4.0;1
SESS-13579;2026-08-15 18:07:01;USR-1013;2012-02-18;M;Standard;2;80;200;Cash;Valorant;;0
SESS-14323;2026-08-14 10:20:23;USR-1638;2007-02-24;F;VIP;2;0;400;Card;Deadlock;4.5;0
SESS-15337;2026-08-21 10:49:05;USR-1159;2004-02-12;M;Standard;1;0;100;Card;Valorant;4.5;0
SESS-13840;2026-08-07 18:22:21;USR-1021;2004-07-25;M;PS5;2;0;500;Cash;Dota 2;;0
SESS-10460;2026-08-02 16:49:58;USR-1402;2007-10-17;F;Bootcamp;3;714;405;Card;Dota 2;4.5;1
SESS-15150;2026-08-20 15:41:03;USR-1798;2003-05-06;F;Bootcamp;3;546;405;Card;CS2;4.0;1
SESS-13220;2026-08-15 13:06:17;USR-1531;2004-10-05;M;PS5;5;400;1250;Card;Dota 2;;0
SESS-12248;2026-08-09 23:42:09;USR-1119;2003-06-06;F;Bootcamp;12;1456;1620;Cash;Apex Legends;1.0;1
SESS-12671;2026-08-10 14:23:32;USR-1690;2002-01-05;M;Bootcamp;4;882;540;Card;Deadlock;;1
SESS-11382;2026-08-04 23:57:29;USR-1014;2010-10-27;M;Standard;8;0;800;Card;Minecraft;;0
SESS-12123;2026-08-27 19:12:05;USR-1442;2005-01-20;M;Standard;5;0;500;Cash;Valorant;4.0;0
;2026-08-16 19:39:28;USR-1789;2009-01-28;M;Bootcamp;4;240;600;App;Minecraft;4.0;0
SESS-12796;2026-08-07 04:19:29;USR-1758;2006-09-14;F;PS5;2;0;500;Card;CS2;;0
SESS-12792;2026-08-11 16:57:19;USR-1050;2008-08-14;M;Standard;2;0;200;App;CS2;;0
SESS-14029;2026-08-16 18:23:23;USR-1107;2011-02-22;M;Bootcamp;2;160;300;App;Minecraft;;0
SESS-10126;2026-08-09 12:25:36;USR-1653;2006-09-10;F;Bootcamp;1;200;150;Cash;Apex Legends;;0
SESS-14197;2026-08-26 09:54:54;USR-1202;2004-09-21;F;Standard;4;0;360;App;CS2;;1
SESS-12670;2026-08-09 21:18:47;USR-1115;2001-08-07;M;Standard;1;0;100;Card;Dota 2;;0
SESS-13001;2026-08-26 14:14:21;USR-1049;1997-11-16;M;Standard;2;360;200;Card;Cyberpunk 2077;5.0;0
SESS-13442;2026-08-29 13:02:51;USR-1393;2006-06-25;M;VIP;1;200;200;Cash;Minecraft;;0
SESS-12391;2026-08-08 12:00:17;USR-1314;2007-11-23;M;VIP;4;400;800;Card;Deadlock;;0
SESS-15275;2026-08-08 22:04:49;USR-1054;1999-10-07;F;Standard;12;1440;1200;Card;GTA V;4.0;0
SESS-15206;2026-08-16 14:12:47;USR-1585;2002-01-22;M;PS5;4;480;1000;Card;CS2;;0
SESS-16215;2026-08-13 07:52:36;USR-1107;2011-02-22;M;Standard;4;448;360;App;CS2;5.0;1
SESS-14150;2026-08-14 15:39:39;USR-1218;1992-12-18;M;VIP;2;0;360;Card;CS2;;1
SESS-13161;2026-08-01 11:32:25;USR-1676;1998-07-07;M;PS5;5;750;1250;App;CS2;4.5;0
SESS-14564;2026-08-30 16:20:09;USR-1048;2010-12-21;M;VIP;3;251;540;App;Valorant;;1
SESS-14394;2026-08-19 13:01:22;USR-1315;2002-01-22;M;Standard;1;0;100;Card;CS2;4.0;0
SESS-16874;2026-08-01 20:12:25;USR-1100;2003-04-03;M;Standard;3;336;270;Card;Dota 2;;1
SESS-15134;2026-08-11 20:31:55;USR-1494;2005-12-24;M;Standard;5;840;450;Card;Valorant;4.0;1
SESS-14642;2026-08-30 14:13:41;USR-1117;2010-06-21;M;Bootcamp;3;168;405;Card;Minecraft;;1
SESS-16433;2026-08-10 11:12:32;USR-1053;1998-05-01;M;PS5;2;390;500;App;Cyberpunk 2077;;0
SESS-14216;2026-08-04 10:23:52;USR-1123;1995-12-22;M;PS5;1;480;250;Card;Dota 2;4.5;0
SESS-15700;2026-08-18 17:50:42;USR-1299;2011-12-03;F;PS5;5;300;1250;Card;CS2;5.0;0
SESS-14972;2026-08-02 14:08:44;USR-1081;2004-02-04;м;Standard;1;0;100;App;CS2;;0
SESS-10861;2026-08-16 01:59:04;USR-1367;2008-06-11;M;Standard;2;160;200;Cash;CS2;4.0;0
SESS-10909;2026-08-29 14:12:57;USR-1027;1997-11-04;F;Standard;1;120;100;;GTA V;;0
SESS-11173;2026-08-09 11:33:57;USR-1748;2004-02-07;M;Standard;1;224;90;App;Valorant;;1
SESS-13895;2026-08-03 23:06:43;USR-1342;1992-07-05;M;Standard;5;600;500;Card;Browser/Work;4.5;0
SESS-10666;2026-08-02 16:17:44;USR-1002;2012-02-08;M;Bootcamp;1;0;150;App;Valorant;;0
SESS-15180;2026-08-22 19:52:59;USR-1070;2007-01-05;M;Bootcamp;3;630;450;Card;Valorant;4.5;0
SESS-13902;2026/08/15 22:34:18;USR-1040;2005-01-02;M;Bootcamp;3;0;450;App;Deadlock;;0
SESS-16929;2026-08-11 18:46:17;USR-1201;;M;Standard;3;120;300;Card;Minecraft;4.0;0
SESS-11989;2026-08-03 16:28:37;USR-1151;1994-06-23;M;Standard;2;240;200;Card;Dota 2;;0
SESS-10053;2026-08-07 18:06:35;USR-1145;2000-12-11;M;PS5;3;714;675;Card;Valorant;;1
SESS-13670;2026-08-07 12:22:32;USR-1379;2007-03-19;M;Bootcamp;2;0;300;Card;Dota 2;;0
SESS-16818;2026-08-26 19:01:04;USR-1121;2008-02-21;M;PS5;2;160;500;Card;Cyberpunk 2077;;0
SESS-13619;2026-08-14 08:28:15;USR-1783;2004-01-12;M;PS5;5;560;1125 руб.;Cash;Dota 2;4.0;1
SESS-16995;2026-08-05 15:08:12;USR-1158;;F;Standard;3;120;300;Cash;Deadlock;5.0;0
SESS-14148;2026-08-28 14:04:50;USR-1088;2004-05-15;M;PS5;1;120;250;Card;Deadlock;;0
SESS-15075;2026-08-14 00:47:07;USR-1104;2003-04-21;F;Standard;8;960;800;Card;CS2;5.0;0
SESS-10811;2026-08-17 16:55:15;USR-1143;2007-06-16;M;Standard;4;896;360;App;CS2;;1
SESS-17120;2026-08-15 08:25:15;USR-1671;2006-06-07;M;Bootcamp;1;310;150;Card;CS2;;0
SESS-14444;2026-08-20 12:45:09;USR-1657;2005-07-10;M;VIP;2;400;400;Card;Deadlock;;0
SESS-11146;2026-08-31 18:48:50;USR-1038;2007-09-18;M;Bootcamp;4;630;600;Card;Valorant;;0
SESS-10212;2026-08-01 20:04:08;USR-1551;2003-01-20;M;Standard;2;160;200;Cash;Dota 2;5.0;0
SESS-13609;2026-08-09 21:06:55;USR-1359;2007-02-10;M;Bootcamp;2;400;300;Card;Dota 2;;0
SESS-12899;2026-08-13 17:28:21;USR-1350;2012-12-04;M;Standard;1;0;100;Cash;CS2;;0
SESS-10234;2026-08-07 20:07:17;USR-1226;2006-05-20;M;PS5;4;480;1000;Card;GTA V;;0
SESS-10775;2026-08-15 09:12:34;USR-1477;2005-07-07;F;Bootcamp;1;0;150;App;CS2;;0
SESS-15269;2026-08-27 21:15:45;USR-1790;2012-03-14;M;Bootcamp;3;0;405;Card;Minecraft;;1
SESS-12144;2026-08-27 12:20:46;USR-1676;1998-07-07;M;PS5;1;420;250;Card;Dota 2;;0
SESS-13960;2026-08-04 15:54:40;USR-1006;2005-05-17;M;Bootcamp;2;0;300;Card;Valorant;;0
SESS-15692;2026-08-18 19:00:10;USR-1230;1992-06-15;F;VIP;1;270;200;App;CS2;5.0;0
SESS-10011;2026-08-08 11:28:48;USR-1131;2006-08-05;M;Standard;5;800;500;App;CS2;5.0;0
SESS-14846;2026-08-23 19:37:58;USR-1678;2006-12-03;M;Standard;3;503;270;Card;Apex Legends;3.0;1
SESS-12384;2026-08-11 17:26:12;USR-1205;2003-02-15;M;Bootcamp;2;0;300;Card;Dota 2;;0
SESS-13385;2026-08-14 20:21:15;USR-1045;2006-03-25;F;VIP;2;390;400;Card;Valorant;4.5;0
SESS-12280;2026-08-29 01:51:47;USR-1347;2006-11-23;M;Standard;12;2688;1080;Card;PUBG;3.0;1
SESS-12616;2026-08-14 17:07:41;USR-1026;2004-11-05;M;Standard;2;0;200;Card;Valorant;4.5;0
SESS-16452;2026-08-27 20:42:47;USR-1156;2009-04-26;M;Standard;3;180;300;Card;Minecraft;4.0;0
SESS-12118;2026-08-02 13:19:38;USR-1709;2008-03-19;M;Bootcamp;5;550;750;App;CS2;;0
SESS-10366;2026-08-30 13:02:44;USR-1505;2006-03-05;M;Standard;1;120;100 ₽;Card;Dota 2;;0
SESS-12266;2026-08-13 00:46:08;USR-1229;2007-06-14;M;PS5;5;400;1250;App;Apex Legends;4.5;0
SESS-10320;2026-08-16 04:53:17;USR-1073;2010-12-24;M;Standard;3;0;300;App;Valorant;;0
SESS-17037;2026-08-10 12:58:28;USR-1042;2004-06-10;M;Standard;2;224;180;Card;Dota 2;;1
SESS-11249;2026-08-16 07:14:50;USR-1783;2004-01-12;M;VIP;5;550;1000;App;CS2;;0
SESS-10092;2026-08-21 20:09:16;USR-1615;2002-05-02;M;Standard;3;0;300;Card;Valorant;5.0;0
SESS-13725;2026-08-04 15:18:46;USR-1724;2010-03-04;F;Bootcamp;1;0;150;Cash;Dota 2;;0
SESS-13584;2026-08-26 07:43:01;USR-1148;1993-02-16;M;PS5;4;1428;900;Card;Cyberpunk 2077;;1
SESS-14895;2026-08-01 06:20:58;USR-1026;2004-11-05;M;Bootcamp;4;0;600;App;CS2;;0
SESS-13466;2026-08-19 18:42:46;USR-1709;2008-03-19;M;Standard;2;240;200;App;Valorant;;0
SESS-13237;2026-08-12 15:30:07;USR-1220;2007-03-02;M;Standard;2;0;200;App;CS2;;0
SESS-15242;2026-08-04 17:10:10;USR-1494;2005-12-24;M;VIP;1;0;200;Card;CS2;;0
SESS-14075;2026-08-09 11:46:17;USR-1504;2004-11-27;M;Bootcamp;2;320;300;Card;CS2;3.0;0
SESS-15629;2026-08-11 13:30:37;USR-1261;1886-09-20;M;Standard;999;0;300;App;Minecraft;;0
SESS-13877;2026-08-11 16:29:17;USR-1144;1993-04-03;M;VIP;2;390;400;Card;Browser/Work;4.5;0
SESS-15472;2026-08-20 17:04:19;USR-1321;2010-05-10;M;Standard;5;0;450;App;GTA V;4.5;1
SESS-13515;2026-08-16 17:48:49;USR-1029;2012-04-14;M;Bootcamp;5;560;675;App;Deadlock;4.5;1
SESS-11780;2026-08-21 14:56:29;USR-1037;2010-08-28;M;Standard;1;0;100;App;Apex Legends;;0
SESS-12574;2026/08/14 21:20:56;USR-1765;2004-12-25;M;Standard;1;80;100;App;CS2;;0
SESS-14411;2026-08-22 17:19:46;USR-1150;2003-04-24;M;VIP;2;0;400;Card;CS2;;0
SESS-13046;2026-08-23 16:28:01;USR-1192;2003-04-24;M;Standard;2;240;200;App;Valorant;;0
SESS-11111;2026-08-03 21:12:10;USR-1011;2007-06-06;M;Standard;8;1344;720;Card;Dota 2;4.0;1
SESS-15429;2026-08-03 18:48:08;USR-1149;2006-12-05;M;Standard;2;320;200;Card;Deadlock;4.0;0
SESS-15585;2026-08-28 16:28:41;USR-1464;2004-11-01;M;;Bootcamp;2;0;Card;CS2;;0
SESS-13986;2026-08-04 21:14:12;USR-1631;2007-08-07;F;Bootcamp;12;2898;1620;Cash;Dota 2;4.0;1
SESS-15281;2026-08-16 16:43:03;USR-1502;1990-03-10;M;PS5;2;390;500;Card;Deadlock;;0
SESS-15958;2026-08-07 17:00:57;USR-1591;2007-08-05;M;Standard;2;160;200;App;Deadlock;;0
SESS-13084;2026-08-22 15:18:04;USR-1101;1997-03-02;M;VIP;1;330;200;Card;GTA V;;0
SESS-10294;2026-08-08 14:17:08;USR-1766;1994-08-05;M;VIP;3;0;600;Card;PUBG;4.0;0
SESS-10753;2026-08-12 09:08:18;USR-1522;2006-08-27;M;Standard;1;80;100;Card;Deadlock;;0
SESS-11442;2026-08-07 02:41:32;USR-1158;2010-12-14;F;Standard;3;0;270;App;CS2;3.0;1
SESS-11624;2026-08-05 17:57:41;USR-1015;2011-11-25;M;Standard;2;0;200;Cash;Minecraft;;0
SESS-15424;2026-08-09 06:06:45;USR-1051;2005-01-12;M;Bootcamp;4;720;600;Card;Valorant;2.0;0
SESS-15913;2026-08-31 23:16:42;USR-1000;2005-11-15;M;Standard;2;0;200;Card;Dota 2;;0
SESS-12911;2026-08-15 07:24:39;USR-1052;2007-01-01;M;PS5;3;0;750;Card;Deadlock;4.5;0
SESS-12406;2026-08-30 17:12:10;USR-1719;2005-05-18;M;Standard;8;1792;720;Card;Apex Legends;4.0;1
SESS-14793;2026-08-13 22:02:59;USR-1742;2011-08-07;M;Standard;5;0;450;Cash;CS2;;1
SESS-12618;2026-08-15 23:22:11;USR-1655;2007-04-18;M;Bootcamp;3;0;450;Card;Deadlock;;0
SESS-13914;2026-08-12 16:17:33;USR-1470;1992-02-25;M;Standard;3;0;300;App;GTA V;4.0;0
SESS-11748;2026-08-28 22:30:34;USR-1153;2006-11-27;M;Bootcamp;8;790;1200;App;CS2;;0
SESS-15483;2026-08-21 15:09:53;USR-1183;2005-09-05;M;Standard;2;240;200;Cash;CS2;;0
SESS-15597;2026-08-21 09:03:37;USR-1033;2008-06-16;M;PS5;3;503;675;Card;Valorant;;1
SESS-14624;2026-08-17 20:29:24;USR-1047;2005-09-11;M;Bootcamp;2;320;300;Card;CS2;;0
SESS-11306;2026-08-20 09:27:32;USR-1376;2003-07-08;M;;Bootcamp;2;0;Card;CS2;4.0;0
SESS-12188;2026-08-07 21:42:40;USR-1049;1997-11-16;M;Standard;1;0;100;Card;Dota 2;4.5;0
SESS-10549;2026-08-23 15:34:53;USR-1524;2008-02-17;M;Standard;5;400;500;Card;CS2;4.0;0
SESS-14320;2026-08-21 19:41:27;USR-1768;2006-03-08;M;VIP;2;0;400;Card;Dota 2;;0
SESS-13479;2026-08-03 15:55:00;USR-1364;2012-04-23;M;Bootcamp;3;0;450;App;Dota 2;5.0;0
SESS-12728;2026-08-18 19:49:09;USR-1244;2007-03-24;F;Standard;4;0;400;Card;PUBG;;0
SESS-15361;2026-08-07 16:42:40;USR-1621;2006-12-15;M;Bootcamp;5;950;750;App;Dota 2;;0
SESS-16093;2026-08-23 13:22:30;USR-1646;2007-12-26;F;Standard;3;360;300;App;CS2;;0
SESS-12523;2026-08-08 18:06:50;USR-1622;1998-02-02;M;Bootcamp;3;0;450;Card;PUBG;;0
SESS-13829;2026-08-15 19:50:51;USR-1732;2005-07-01;M;VIP;5;1232;900;Card;Deadlock;;1
SESS-13222;2026-08-25 11:24:22;USR-1103;2008-04-20;M;Bootcamp;4;0;600;Card;Valorant;5.0;0
SESS-13372;2026-08-29 22:36:13;USR-1312;2011-11-05;F;Bootcamp;8;0;1080;App;Deadlock;;1
SESS-15427;2026-08-06 10:24:00;USR-1024;2004-08-15;M;VIP;2;390;400;Card;Valorant;;0
SESS-16576;2026-08-30 19:13:49;USR-1447;2005-02-07;M;Standard;4;448;360;App;GTA V;5.0;1
SESS-13874;2026-08-16 03:36:28;USR-1069;2004-01-15;M;VIP;2;320;400;Card;Dota 2;;0
SESS-14842;2026-08-21 20:36:01;USR-1224;2004-10-06;M;Bootcamp;2;0;300;Card;Dota 2;;0
SESS-14717;2026-08-18 16:07:38;USR-1066;05.01.1994;M;PS5;5;1959;1125;Card;Dota 2;5.0;1
SESS-13323;2026-08-21 19:10:20;USR-1470;1992-02-25;M;PS5;5;0;1125;Card;Cyberpunk 2077;;1
SESS-13846;2026-08-20 01:19:59;USR-1150;2003-04-24;M;;Standard;5;400;Card;CS2;4.0;0
SESS-17098;2026-08-07 19:30:16;USR-1716;1998-02-21;M;Standard;2;360;200;Card;Dota 2;;0
SESS-17009;2026-08-12 17:36:45;USR-1735;2006-08-14;M;Standard;3;360;300;Card;Dota 2;;0
SESS-13525;2026-08-18 14:35:42;USR-1230;1992-06-15;F;VIP;5;0;1000;Card;CS2;;0
SESS-15735;2026-08-24 07:03:21;USR-1030;2011-05-18;M;Standard;2;0;200;App;Dota 2;;0
SESS-15563;2026-08-12 18:48:00;USR-1261;2012-03-26;M;Standard;2;0;200;App;Minecraft;;0
SESS-16555;2026-08-12 16:09:42;USR-1210;2010-12-23;M;Standard;5;0;450;App;CS2;;1
SESS-14668;2026-08-07 15:41:32;USR-1753;2007-07-27;F;Standard;1;0;100;Card;Valorant;;0
SESS-11765;2026-08-02 21:56:45;USR-1676;1998-07-07;M;Bootcamp;3;0;450;Card;Cyberpunk 2077;;0
SESS-13198;2026-08-07 20:17:42;USR-1644;2012-07-22;F;Bootcamp;2;0;300;App;Minecraft;;0
SESS-15650;2026-08-09 16:38:01;USR-1053;1998-05-01;M;Standard;2;240;200;Card;Cyberpunk 2077;;0
SESS-11646;2026-08-21 16:20:33;USR-1677;1996-12-14;M;;Standard;1;0;Card;Cyberpunk 2077;;0
SESS-16308;2026-08-09 13:40:47;USR-1317;2004-05-12;M;PS5;2;0;500;Card;CS2;5.0;0
SESS-15877;2026-08-18 19:53:01;USR-1106;1997-11-09;M;PS5;2;660;500;Card;Dota 2;;0
SESS-15982;2026-08-04 20:42:13;USR-1012;2006-05-26;M;Standard;2;0;200;App;Valorant;4.0;0
SESS-11240;2026-08-13 09:13:32;USR-1750;1992-05-26;F;VIP;3;0;540;Card;Browser/Work;5.0;1
SESS-16203;2026-08-10 16:24:14;USR-1709;2008-03-19;M;Bootcamp;2;434;270;Card;Apex Legends;;1
SESS-13882;2026-08-03 18:24:57;USR-1446;2004-07-08;M;VIP;3;0;600;App;Deadlock;;0
SESS-17131;2026-08-06 13:08:58;USR-1787;2005-11-20;M;VIP;3;882;540;Card;Apex Legends;;1
SESS-12197;2026-08-19 17:08:28;USR-1156;2009-04-26;M;Standard;2;80;200;App;Minecraft;;0
SESS-11694;2026-08-11 12:20:36;USR-1653;2006-09-10;F;Bootcamp;2 ч.;0;300;Cash;CS2;;0
SESS-10025;2026-08-30 22:04:20;USR-1607;2007-01-23;F;Standard;2;160;200;Card;Dota 2;;0
SESS-13909;2026-08-01 16:16:42;USR-1123;1995-12-22;M;Standard;4;1007;360;App;Cyberpunk 2077;;1
SESS-15646;2026-08-24 02:44:14;USR-1015;2011-11-25;M;Standard;3;0;300;Cash;Minecraft;3.0;0
SESS-12656;2026-08-01 22:13:16;USR-1138;2002-01-01;M;Standard;8;0;800;Cash;CS2;5.0;0
SESS-13800;2026-08-02 12:01:22;USR-1354;2006-11-15;M;VIP;3;0;600;App;CS2;;0
SESS-13017;2026-08-14 21:55:06;USR-1131;2006-08-05;M;Bootcamp;2;546;270;Card;CS2;;1
SESS-13075;2026-08-07 16:07:07;USR-1044;1999-09-01;M;VIP;1;550;200;Card;Dota 2;;0
SESS-11753;2026-08-30 15:23:52;USR-1105;2008-12-10;M;Standard;3;240;300;Cash;Dota 2;;0
SESS-15024;2026-08-14 22:10:07;USR-1087;2006-03-16;M;Standard;5;0;500;App;Dota 2;;0
SESS-16883;2026-08-23 07:56:42;USR-1323;2001-12-14;M;Bootcamp;2;320;300;App;Valorant;;0
SESS-16612;2026-08-04 17:59:02;USR-1373;;M;PS5;2;800;500;Card;GTA V;4.5;0
SESS-14529;2026-08-14 21:55:50;USR-1311;2009-11-01;F;Standard;1;40;100;App;Minecraft;;0
SESS-13383;2026-08-01 14:31:30;USR-1786;2010-02-08;M;Standard;2;0;200;App;Dota 2;;0
SESS-15822;2026-08-02 14:24:08;USR-1520;1995-11-17;M;Standard;1;350;90;Card;Browser/Work;4.5;1
SESS-11145;2026-08-07 15:38:09;USR-1305;2008-04-18;M;VIP;5;0;1000;Card;Valorant;;0
SESS-12818;2026-08-06 00:14:05;USR-1761;1986-09-19;M;VIP;12;2460;2400;Card;CS2;5.0;0
SESS-13027;2026-08-22 19:07:13;USR-1625;2012-08-19; M ;Standard;2;0;200;Cash;Minecraft;;0
SESS-11830;2026-08-04 19:18:47;USR-1097;2010-04-26;M;Standard;2;0;200;Cash;CS2;5.0;0
SESS-11874;2026-08-06 14:16:08;USR-1109;1886-09-20;M;VIP;999;0;200;Card;CS2;;0
SESS-10675;2026-08-21 16:23:55;USR-1023;2008-04-24;F;Standard;3;0;300;Card;CS2;;0
SESS-16066;2026-08-18 15:43:13;USR-1684;1886-09-20;M;Standard;999;0;270;Card;CS2;;1
SESS-14622;2026-08-01 11:27:09;USR-1513;2003-05-15;F;Standard;1;0;100;Cash;Valorant;4.0;0
SESS-16844;2026-08-23 11:37:16;USR-1010;1991-07-05;F;VIP;1;400;200;Card;Dota 2;;0
SESS-14402;2026-08-26 13:22:10;USR-1739;2009-06-08;M;Standard;5;0;500;App;CS2;;0
SESS-11433;2026-08-15 15:26:24;USR-1085;2000-03-10;M;Standard;4;1000;400;Card;Valorant;;0
SESS-11802;2026-08-13 01:12:26;USR-1050;2008-08-14;M;VIP;2;0;400;Card;CS2;;0
SESS-14499;2026-08-22 13:34:28;USR-1246;1992-09-07;M;PS5;2;0;500;Card;PUBG;;0
SESS-11736;2026-08-08 12:12:34;USR-1365;1995-04-18;M;VIP;3;965;540;Card;Dota 2;;1
SESS-11892;2026-08-05 10:18:57;USR-1188;2005-12-26;M;Standard;12;960;1200;Card;CS2;1.0;0
SESS-12461;2026-08-30 17:57:08;USR-1045;2006-03-25;F;Standard;3;0;300;Card;Dota 2;3.0;0
SESS-14970;2026-08-11 16:47:35;USR-1131;2006-08-05;M;Bootcamp;3;0;450;Card;Dota 2;;0
SESS-14466;2026-08-30 15:05:07;USR-1158;2010-12-14;F;Standard;2;160;200;App;CS2;;0
SESS-12272;2026-08-08 08:38:45;USR-1229;2007-06-14;M;Standard;1;0;100;Card;Dota 2;;0
SESS-15156;2026-08-12 22:37:54;USR-1451;2005-05-19;M;PS5;12;2688;2700;Cash;Dota 2;;1
SESS-13368;2026-08-31 19:34:41;USR-1648;2010-06-21;M;Standard;3;0;270;App;Deadlock;;1
SESS-12102;2026-08-03 21:10:50;USR-1012;2006-05-26;M;Bootcamp;3;448;405;;CS2;5.0;1
SESS-14021;2026-08-31 08:52:08;USR-1663;2006-11-18;M;PS5;1;0;250;Card;Valorant;;0
SESS-13794;2026-08-02 14:28:56;USR-1462;2005-11-05;M;Standard;3;480;300;Card;Deadlock;;0
SESS-16550;2026-08-14 13:34:23;USR-1316;1988-06-07;M;VIP ;1;0;150;Card;CS2;2.0;0
SESS-11084;2026-08-08 14:18:57;USR-1077;2005-03-16;M;Bootcamp;~1;0;150;App;CS2;4.0;0
SESS-11097;2026-08-29 12:59:10;USR-1045;2006-03-25;F;Bootcamp;2;470;300;Card;Dota 2;;0
SESS-13865;2026-08-15 12:39:00;USR-1162;2004-02-09;M;Bootcamp;3;0;450;App;CS2;4.0;0
SESS-12137;2026-08-12 15:27:41;USR-1710;2003-03-07;F;Bootcamp;3;440;450;Cash;Valorant;;0
SESS-11578;2026-08-06 21:10:15;USR-1051;2005-01-12;M;PS5;2;0;500;App;CS2;2.0;0
SESS-11284;2026-08-14 05:45:22;USR-1034;2010-09-11;F;Standard;4;240;400;Cash;CS2;3.0;0
SESS-11296;2026/08/29 13:52:18;USR-1037;2010-08-28;M;VIP;5;0;1000;Cash;Valorant;;0
SESS-14553;2026-08-31 16:22:27;USR-1081;2004-02-04;M;VIP;2;434;360;Card;Minecraft;;1
SESS-10321;2026-08-28 19:23:20;USR-1677;1996-12-14;M;PS5;2;540;500;Card;GTA V;4.0;0
SESS-13443;2026-08-02 18:22:15;USR-1564;2002-05-01;M;Bootcamp;3;0;450;Card;Dota 2;;0
SESS-11372;2026-08-21 17:15:05;USR-1486;2010-10-17;M;Standard;1;60;100;Card;CS2;4.0;0
SESS-15518;2026-08-09 17:05:12;USR-1307;2006-12-03;F;Standard;2;0;200;Card;Cyberpunk 2077;;0
SESS-16267;2026-08-26 20:38:37;USR-1156;2009-04-26;M;Standard;2;80;200;Cash;Dota 2;;0
SESS-16135;2026-08-27 18:29:14;USR-1589;1998-03-23;M;Standard;3;0;300;Cash;Cyberpunk 2077;;0
SESS-11587;2026-08-07 15:32:19;USR-1377;2004-08-26;M;Standard;4;320;400;Card;Dota 2;4.5;0
SESS-12700;2026-08-30 23:00:08;USR-1706;2011-11-16;F;Standard;12;960;1200;Cash;Minecraft;3.0;0
SESS-11147;2026-08-30 00:56:38;USR-1527;2011-07-09;M;Standard;5;0;500;Cash;Dota 2;4.0;0
SESS-13635;2026-08-21 00:35:02;USR-1185;2000-09-18;F;VIP;3;840;600;App;Cyberpunk 2077;;0
SESS-17007;2026-08-23 00:35:08;USR-1214;2004-11-05;F;Standard;12;0;1200;Cash;Valorant;;0
SESS-10572;2026-08-01 11:08:58;USR-1029;2012-04-14;M;Standard;1;80;100;Cash;CS2;4.0;0
SESS-11244;2026-08-31 17:23:42;USR-1597;2010-07-06;M;VIP;3;0;600;App;CS2;;0
SESS-10220;2026-08-11 07:56:05;USR-1077;2005-03-16;M;Bootcamp;3;616;405;App;Valorant;;1
SESS-15907;2026-08-08 23:43:08;USR-1120;2006-07-03;M;Standard;12;0;1200;App;CS2;5.0;0
SESS-13822;2026-08-28 22:09:06;USR-1736;2009-04-01;M;Standard;5;0;500;App;Minecraft;;0
SESS-12766;2026-08-02 15:24:19;USR-1118;2008-09-20;F;Bootcamp;1;240;150;App;CS2;4.5;0
SESS-16718;2026-08-22 15:31:56;USR-1521;2010-02-13;M;Standard;1;0;100;App;Dota 2;;0
SESS-13052;2026-08-10 12:49:34;USR-1608;2006-06-07;M;Standard;3;0;270;Card;Dota 2;;1
SESS-16295;2026-08-19 19:26:43;USR-1159;2004-02-12;M;PS5;4;0;1000;Card;CS2;;0
SESS-15373;2026-08-20 23:35:24;USR-1553;2010-07-20;F;PS5;8;0;1800;App;CS2;;1
SESS-11858;2026-08-28 13:24:28;USR-1003;2008-10-26;M;Bootcamp;3;560;450;Card;Dota 2;;0
SESS-12758;2026-08-30 12:33:52;USR-1148;1993-02-16;M;PS5;3;0;750;Card;Dota 2;;0
SESS-10387;2026-08-16 22:36:55;USR-1245;2008-05-27;F;Standard;12;0;1200;Card;Deadlock;;0
SESS-16597;2026-08-17 11:57:10;USR-1022;2000-09-26;M;PS5;3;1260;675;Card;Dota 2;;1
SESS-14252;2026-08-14 10:02:52;USR-1160;2001-07-16;F;Standard;2;240;200;Card;Deadlock;4.5;0
SESS-10746;2026-08-12 13:01:59;USR-1253;2011-10-01;M;Standard;2;0;200;App;Valorant;;0
SESS-14460;2026-08-30 14:38:45;USR-1124;2012-08-08;M;Standard;1;0;100;Card;Dota 2;4.0;0
SESS-10793;2026-08-28 20:14:02;USR-1409;2007-05-15;M;;VIP;2;390;Card;Dota 2;;0
SESS-16436;2026/08/30 20:12:39;USR-1247;1995-01-20;M;VIP;8;3010;1440;Card;Dota 2;5.0;1
SESS-14790;2026-08-16 19:56:05;USR-1429;2011-02-10;M;Bootcamp;2;224;270;Cash;GTA V;;1
SESS-12037;2026-08-30 19:30:35;USR-1145;2000-12-11;M;VIP;3;840;600;App;PUBG;;0
SESS-14966;2026-08-17 17:47:19;USR-1432;2004-06-21;M;VIP;2;0;400;Card;Valorant;4.5;0
SESS-10741;2026-08-01 18:21:54;USR-1018;2002-11-17;M;Bootcamp;5;1232;675;Card;CS2;;1
SESS-15328;2026-08-15 14:15:46;USR-1143;2007-06-16;M;Standard;3;480;300;App;CS2;5.0;0
SESS-11444;2026-08-17 19:32:50;USR-1108;2005-03-19;M;VIP;2;320;400;Card;Dota 2;;0
;2026-08-16 09:14:30;USR-1553;2010-07-20;F;Bootcamp;4;0;540;Card;CS2;4.5;1
SESS-12348;2026-08-18 00:52:19;USR-1130;2011-08-14;M;Standard;8;0;800;App;Minecraft;;0
SESS-11203;2026-08-20 17:39:22;USR-1102;2012-11-14;M;Bootcamp;1;40;150;Card;CS2;;0
SESS-14901;2026-08-20 15:54:54;USR-1696;2004-04-13;M;Bootcamp;3;714;405;Card;Dota 2;4.5;1
SESS-15525;2026-08-09 17:32:38;USR-1674;2023-06-15;F;VIP;999;0;800;Card;CS2;;0
SESS-15070;2026-08-15 11:36:45;USR-1049;1997-11-16;M;PS5;12;4620;2700;App;CS2;;1
SESS-13144;08/20/2026 19:44:58;USR-1561;2006-05-15;M;PS5;2;160;500;Card;CS2;4.5;0
SESS-14909;2026-08-30 14:33:32;USR-1102;2012-11-14;M;VIP;2;0;400;App;Minecraft;;0
SESS-14276;2026-08-27 13:06:40;USR-1636;2004-03-21;M;Bootcamp;1;0;150;Card;CS2;;0
SESS-16729;2026-08-12 21:06:09;USR-1698;2006-03-02;M;PS5;2;320;500;Card;Dota 2;4.5;0
SESS-10680;2026-08-18 00:20:05;USR-1079;2003-02-01;F;Bootcamp;8;0;1200;Card;Valorant;4.5;0
SESS-10930;2026-08-14 09:07:09;USR-1018;2002-11-17;M;VIP;2;336;360;Card;CS2;;1
SESS-11952;2026-08-13 17:27:53;USR-1080;2003-02-28;M;Standard;4;480;400;Cash;PUBG;;0
SESS-13247;2026-08-23 12:02:50;USR-1290;2010-01-20;M;Standard;2;0;200;Cash;Minecraft;4.5;0
SESS-13832;2026-08-15 16:50:12;USR-1147;2012-09-13;M;Standard;12;0;1200;App;Valorant;5.0;0
SESS-15554;2026-08-14 16:41:02;USR-1526;2007-04-16;F;Standard;1;224;90;Card;Dota 2;4.0;1
SESS-11615;2026-08-15 17:35:51;USR-1354;2006-11-15;M;Standard;4;0;400;Card;CS2;;0
SESS-12370;2026-08-10 23:38:33;USR-1629;2005-03-17;M;Bootcamp;12;2000;1800;App;PUBG;4.5;0
SESS-10247;2026-08-02 20:46:47;USR-1118;2008-09-20;F;Standard;2;320;200;Card;CS2;;0
SESS-16953;2026-08-29 21:00:51;USR-1101;1997-03-02;M;PS5;1;480;250;Card;Cyberpunk 2077;;0
SESS-17043;2026-08-17 06:05:54;USR-1310;1993-08-17;M;VIP;2;650;400;Card;Dota 2;;0
SESS-14260;2026-08-17 19:11:52;USR-1051;2005-01-12;M;Standard;1;0;100;Card;Valorant;;0
SESS-13178;2026-08-07 03:50:07;USR-1373;1993-11-14;M;VIP;3;690;600;App;Cyberpunk 2077;4.0;0
SESS-10466;2026-08-25 08:54:15;USR-1177;2003-09-19;M;Standard;2;320;200;Card;Dota 2;;0
SESS-15100;2026-08-08 13:09:58;USR-1105;2008-12-10;M;Standard;2;320;200;App;Dota 2;;0
SESS-10249;2026-08-11 03:36:59;USR-1032;2009-06-21;M;Standard;2;0;180;Cash;Valorant;4.5;1
SESS-10318;2026-08-28 03:08:43;USR-1152;2004-07-27;M;Standard;3;0;300;Card;CS2;4.5;0
SESS-16139;2026-08-04 18:42:05;USR-1437;2007-05-08;F;Bootcamp;1;160;150;Card;Valorant;;0
SESS-11443;2026-08-01 10:13:23;USR-1198;2004-10-15;M;Bootcamp;1;0;150;Card;Valorant;;0
SESS-12024;2026-08-29 03:08:24;USR-1488;2008-08-08;F;Standard;4;0;400;Card;Dota 2;;0
SESS-12403;2026-08-14 20:22:34;USR-1042;2004-06-10;M;PS5;2;0;500;App;Valorant;1.0;0
SESS-15545;2026-08-12 09:41:38;USR-1751;1991-09-14;M;VIP;2;660;400;Card;Dota 2;;0
;2026-08-18 15:25:02;USR-1522;2006-08-27;M;Standard;2;0;200;Card;CS2;;0
SESS-11352;2026-08-09 00:46:36;USR-1230;1992-06-15;F;Standard;8;2000;800;Card;Browser/Work;4.0;0
SESS-11857;2026-08-25 12:24:41;USR-1017;1994-02-15;M;Bootcamp;3;840;450;Card;Dota 2;;0
SESS-13366;2026-08-11 16:45:16;USR-1078;1995-10-22;F;VIP;2;540;400;Card;CS2;;0
SESS-10948;2026-08-25 14:22:19;USR-1202;2004-09-21;F;Standard;2;160;200;Card;Cyberpunk 2077;;0
SESS-14479;2026-08-30 20:49:33;USR-1083;2009-01-17;M;Standard;2;0;200;Cash;CS2;3.0;0
SESS-15414;2026-08-23 20:17:38;USR-1080;2003-02-28;M;Bootcamp;2;0;300;Card;Dota 2;;0
SESS-15158;2026-08-21 22:43:35;USR-1329;2001-05-11;Мужской;Bootcamp;5;0;750;Card;CS2;4.0;0
SESS-11628;2026-08-31 01:44:32;USR-1099;2004-01-10;F;VIP;8;1360;1600;Card;CS2;4.0;0
SESS-14920;2026-08-20 16:53:05;USR-1788;2004-09-02;F;Bootcamp;3;0;450;Card;Valorant;;0
SESS-13243;2026-08-22 16:28:02;USR-1059;2023-06-15;F;Standard;999;0;100;Cash;Valorant;4.5;0
SESS-15216;2026-08-03 12:38:29;USR-1124;2012-08-08;M;Standard;2;0;200;App;CS2;4.0;0
SESS-16942;2026-08-15 22:17:02;USR-1125;2002-08-14;M;Standard;12;1920;1200;App;Valorant;4.0;0
SESS-12746;2026-08-23 22:40:17;USR-1776;2010-05-20;M;VIP;8;640;1600;App;CS2;4.5;0
SESS-13454;2026-08-06 08:50:48;USR-1408;1994-03-23;M;Standard;2;0;200;Card;Dota 2;;0
SESS-14571;2026-08-09 23:43:34;USR-1188;2005-12-26;M;Standard;5;600;500;Card;CS2;4.0;0
SESS-15327;2026-08-01 17:05:31;USR-1114;2010-06-11;F;Standard;1;0;100;Card;Valorant;4.5;0
SESS-15603;2026-08-10 23:57:45;USR-1631;2007-08-07;F;Bootcamp;5;0;750;Card;CS2;;0
SESS-10273;2026-08-25 18:26:32;USR-1374;1993-07-26;M;Standard;2;0;200;Card;CS2;;0
SESS-16891;2026-08-23 08:53:04;USR-1509;1994-03-11;M;Bootcamp;3;1470;405;Card;Dota 2;;1
SESS-12482;2026-08-28 21:53:57;USR-1025;1997-05-13;F;PS5;3;0;750;Card;Deadlock;;0
SESS-10859;2026-08-26 21:03:15;USR-1746;2001-08-27;M;Standard;3;240;300;App;GTA V;5.0;0
SESS-16151;2026-08-08 13:02:12;USR-1680;2006-07-25;M;Standard;2;160;200;Card;Valorant;;0
SESS-13138;2026-08-30 15:42:39;USR-1141;1998-03-28;M;Standard;1;0;100;Card;PUBG;3.0;0
SESS-13583;2026-08-14 20:14:57;USR-1122;2004-02-05;M;Standard;3;503;270;Card;Valorant;;1
SESS-11508;2026-08-18 21:23:38;USR-1048;2010-12-21;M;Bootcamp;3;0;450;Cash;GTA V;2.0;0
SESS-12600;2026-08-07 09:17:53;USR-1008;1991-02-01;F;Standard;4;672;360;Card;GTA V;;1
SESS-14678;2026-08-06 19:05:58;USR-1740;2006-11-05;M;PS5;2;160;500;App;CS2;;0
SESS-16848;2026-08-29 13:54:17;USR-1074;2004-09-03;M;Standard;4;0;400;Card;CS2;;0
SESS-10127;2026-08-04 15:16:49;USR-1672;2009-01-15;M;Standard;4;0;400;App;Valorant;;0
SESS-15533;2026-08-27 11:21:40;USR-1145;2000-12-11;M;PS5;2 часа;923;450;Card;Dota 2;;1
SESS-10313;2026-08-29 00:20:47;USR-1312;2011-11-05;F;Bootcamp;3;336;405;Card;Deadlock;;1
SESS-12777;2026-08-22 18:03:33;USR-1605;2006-06-01;M;Standard;1;0;100;App;CS2;;0
SESS-16991;2026-08-12 19:24:09;USR-1261;2012-03-26;M;Standard;8;0;800;Cash;Dota 2;;0
SESS-17079;2026-08-20 01:49:03;USR-1063;2008-01-18;F;Standard;12;960;1200;Cash;CS2;5.0;0
SESS-14857;2026-08-23 15:59:11;USR-1116;2003-02-05;F;Standard;1;0;100;Card;Dota 2;;0
SESS-12865;2026-08-09 13:43:37;USR-1382;2010-02-10;M;Bootcamp;4;160;600;App;Minecraft;;0
SESS-15280;2026-08-25 22:27:39;USR-1063;2008-01-18;F;Bootcamp;5;750;750;Card;Valorant;1.0;0
SESS-13322;2026-08-09 15:40:55;USR-1249;2010-09-12;M;Standard;5;0;500;App;Dota 2;4.0;0
SESS-14018;2026-08-07 21:07:26;USR-1152;2004-07-27;M;Standard;4;448;360;Card;CS2;4.0;1
SESS-16637;2026-08-23 15:23:03;USR-1685;1993-04-26;F;VIP;1;0;200;App;CS2;4.0;0
SESS-12335;2026-08-02 21:12:39;USR-1150;2003-04-24;M;Bootcamp;5;480;750;Card;CS2;4.0;0
SESS-11107;2026-08-07 12:48:36;USR-1128;2008-04-02;F;Bootcamp;4;720;600;Cash;PUBG;3.0;0
SESS-14684;2026-08-09 17:12:28;USR-1283;2010-09-11;F;Standard;4;0;400;Cash;Minecraft;5.0;0
SESS-12224;2026-08-02 12:49:43;USR-1503;2011-07-13;F;Standard;3;0;300;Card;CS2;;0
SESS-17104;2026-08-09 13:39:19;USR-1621;2006-12-15;M;VIP;1;0;200;App;Dota 2;;0
SESS-14637;2026-08-22 07:31:45;USR-1626;2004-08-28;F;Bootcamp;1;434;135;Card;GTA V;;1
SESS-14355;2026-08-04 05:02:48;USR-1032;2009-06-21;M;VIP ;2;80;200;App;Deadlock;;0
SESS-15876;2026-08-23 17:03:03;USR-1502;1990-03-10;M;Bootcamp;2;660;300;App;CS2;4.0;0
SESS-14588;2026-08-26 15:18:26;USR-1523;2005-05-04;M;VIP;1;0;200;Card;Dota 2;5.0;0
SESS-16081;2026-08-14 16:26:55;USR-1087;2006-03-16;M;Standard;8;0;800;Card;Dota 2;;0
SESS-14818;2026-08-04 12:22:07;USR-1712;2007-05-20;M;Bootcamp;3;560;450;App;Dota 2;;0
SESS-17027;2026-08-31 01:01:03;USR-1459;2002-07-10;F;Standard;3;0;300;App;CS2;3.0;0
SESS-11080;2026-08-24 08:55:24;USR-1319;1998-01-03;M;Standard;3;0;300;;Deadlock;4.0;0
SESS-13424;2026-08-31 22:44:07;USR-1046;2009-05-11;f;Standard;2;0;200;Cash;CS2;;0
SESS-14541;2026-08-13 22:38:01;USR-1032;2009-06-21;M;Bootcamp;8;0;1200;Card;Minecraft;4.0;0
SESS-16898;2026-08-04 11:24:51;USR-1328;2005-04-15;M;Standard;3;480;300;Card;CS2;;0
SESS-16339;2026-08-15 10:02:58;USR-1396;2007-05-04;F;VIP;1;0;200;Card;CS2;;0
SESS-16621;01.08.2026 17:20:43;USR-1748;2004-02-07;M;Standard;3;360;300;Cash;Deadlock;4.5;0
SESS-12201;2026-08-28 19:47:19;USR-1050;2008-08-14;M;Standard;5;1120;450;Card;CS2;;1
SESS-15622;2026-08-13 18:43:40;USR-1299;2011-12-03;F;Bootcamp;3;120;450;Cash;Valorant;;0
SESS-10716;2026-08-03 14:13:21;USR-1070;2007-01-05;M;VIP;1;240;200;Card;Apex Legends;4.0;0
;2026-08-07 16:17:12;USR-1433;1989-05-28;F;VIP;1;420;200;Card;PUBG;4.0;0
SESS-10897;2026-08-02 13:12:58;USR-1086;2011-03-02;M;;Standard;2;0;App;Dota 2;;1
SESS-14877;2026-08-15 18:35:28;USR-1526;2007-04-16;F;PS5;8;0;2000;App;CS2;4.0;0
;2026-08-30 20:04:17;;2004-11-28;F;Bootcamp;3;784;405;Card;Dota 2;;1
SESS-12770;2026-08-11 10:36:00;USR-1502;1990-03-10;M;VIP;3;660;600;;CS2;;0
SESS-11941;2026-08-13 21:46:27;USR-1062;2012-09-01;M;Standard;3;0;270;Cash;Dota 2;;1
SESS-10159;2026-08-16 21:25:21;USR-1107;2011-02-22;M;Bootcamp;1;0;150;App;CS2;;0
;2026-08-19 06:17:32;USR-1348;2008-04-26;M;Bootcamp;2;0;300;Card;CS2;;0
SESS-12308;2026-08-02 14:46:03;USR-1272;2006-03-16;F;Standard;4;0;400;Card;Dota 2;3.0;0
SESS-10875;2026-08-08 18:05:25;USR-1242;2005-09-25;F;Standard;1;160;100;Card;CS2;;0
SESS-11220;2026-08-23 12:56:13;USR-1273;2005-03-24;M;Bootcamp;5;0;675;App;PUBG;4.5;1
SESS-14369;2026-08-09 12:30:40;USR-1752;2008-10-12;M;PS5;2;160;500;Card;CS2;4.5;0
SESS-12032;2026-08-07 12:20:26;USR-1200;2009-09-06;M;Standard;2;0;200;Cash;PUBG;5.0;0
SESS-13119;2026-08-19 22:27:12;USR-1308;2008-11-07;F;Standard;5;800;500;App;CS2;4.0;0
SESS-15088;2026-08-03 07:26:20;USR-1451;2005-05-19;M;Bootcamp;2;0;300;App;Valorant;;0
SESS-15642;2026-08-29 21:55:29;USR-1399;23.07.1987;M;Bootcamp;3;0;450;Card;Browser/Work;;0
SESS-11931;2026-08-21 16:13:43;USR-1780;2010-08-17;M;Standard;2;80;200;Card;CS2;;0
SESS-16660;2026-08-16 12:49:27;USR-1695;2006-09-10;M;Standard;1;120;100;Cash;Valorant;4.0;0
SESS-14512;2026-08-10 11:54:49;USR-1020;2011-09-06;M;PS5;2;0;500;Cash;Minecraft;;0
SESS-14845;2026-08-30 11:58:50;USR-1662;2006-12-28;F;VIP;1;200;200;App;CS2;;0
SESS-13979;2026-08-02 01:17:27;USR-1411;2010-08-16;F;Bootcamp;8;0;1080;App;Dota 2;4.5;1
SESS-13462;2026-08-08 12:24:19;USR-1724;2010-03-04;F;Bootcamp;2;168;270;App;Dota 2;4.5;1
SESS-15320;2026-08-15 01:47:58;USR-1592;2005-06-27;M;ps5;8;0;800;Card;Deadlock;;0
SESS-10885;2026-08-14 17:52:56;USR-1158;2010-12-14;F;Standard;2;120;200;App;Minecraft;;0
SESS-13314;2026-08-01 13:22:40;USR-1118;2008-09-20;F;Standard;3;480;300;Card;CS2;;0
SESS-15274;2026-08-29 18:07:01;USR-1040;2005-01-02;M;PS5;2;336;450;Card;CS2;;1
SESS-17056;2026-08-13 19:18:59;USR-1122;2004-02-05;M;Standard;2;160;200;Card;CS2;;0
SESS-13219;2026-08-27 20:43:35;USR-1077;2005-03-16;M;Standard;1;0;100;Card;Valorant;;0
SESS-15619;2026-08-09 14:07:45;USR-1134;2004-08-26;M;Bootcamp;2;240;300;Card;Valorant;4.0;0
SESS-16134;2026-08-09 17:30:54;USR-1295;1994-10-12;M;VIP;1;480;200 руб.;Card;Deadlock;;0
SESS-10254;2026-08-24 12:57:19;USR-1048;2010-12-21;M;Bootcamp;4;336;540;App;Minecraft;4.5;1
SESS-16378;2026-08-10 18:02:58;USR-1030;2011-05-18;M;Bootcamp;1;60;150;Cash;Minecraft;;0
SESS-16123;2026-08-09 14:02:35;USR-1071;2007-09-17;M;VIP;3;0;600;Card;Deadlock;;0
SESS-10895;2026-08-16 22:10:47;USR-1407;1994-07-04;M;VIP;12;3300;2400;Card;Dota 2;3.0;0
SESS-14756;2026-08-31 21:06:08;USR-1769;1995-09-11;F;VIP;3;0;600;Card;GTA V;4.5;0
SESS-10557;2026-08-27 11:11:42;USR-1121;2008-02-21;M;Standard;2;0;200;App;Valorant;;0
SESS-12567;2026-08-13 23:44:29;USR-1134;2004-08-26;M;Standard;3;480;300;Card;Apex Legends;;0
SESS-16067;2026-08-18 15:58:41;USR-1687;2004-01-25;M;VIP;1;230;200;App;Dota 2;4.5;0
SESS-13785;2026-08-07 00:50:36;USR-1098;2012-02-17;M;Standard;2;160;200;App;Dota 2;;0
SESS-15096;2026-08-29 19:46:05;USR-1113;2005-12-17;M;Bootcamp;1;230;150;App;Dota 2;;0
SESS-12020;2026-08-29 02:58:01;USR-1434;2003-07-23;M;VIP;2;0;400;Card;CS2;4.0;0
SESS-11381;2026-08-06 23:35:25;USR-1056;1985-10-21;M;Standard;2;500;200;Card;CS2;;0
SESS-10463;2026-08-16 12:42:44;USR-1207;2012-09-11;M;VIP;2;0;400;App;Minecraft;;0
SESS-16644;2026-08-14 14:37:36;USR-1237;2004-01-20;M;VIP;2;0;400;App;CS2;;0
SESS-12676;2026-08-16 17:47:58;USR-1060;1990-02-23;M;Standard;2;360;200;Card;CS2;4.0;0
SESS-14825;2026-08-06 12:35:43;USR-1154;2000-02-18;M;Bootcamp;4;0;600;Card;Dota 2;;0
SESS-11946;2026-08-21 20:08:18;USR-1335;2006-07-04;M;Bootcamp;1;230;150;App;CS2;4.0;0
SESS-11057;2026-08-21 08:44:39;USR-1027;1997-11-04;F;VIP;1;480;200;Card;Cyberpunk 2077;5.0;0
SESS-13903;2026-08-01 21:22:45;USR-1083;2009-01-17;M;Standard;2;160;200;App;CS2;;0
SESS-17049;2026-08-31 16:25:09;USR-1101;1997-03-02;M;VIP;4;1610;720;App;Dota 2;4.5;1
SESS-12971;2026-08-28 22:09:13;USR-1769;1995-09-11;F;Standard;8;2800;720;;Dota 2;4.5;1
SESS-16128;2026-08-16 20:50:36;USR-1165;1999-09-15;M;Standard;2;0;200;Card;Valorant;;0
SESS-13849;2026-08-20 16:38:13;USR-1376;2003-07-08;M;PS5;1;0;250;Card;CS2;;0
SESS-10130;2026-08-09 15:03:09;USR-1194;2010-08-10;M;Bootcamp;2;160;300;App;Valorant;;0
SESS-14071;2026-08-16 10:27:11;USR-1116;2003-02-05;F;VIP;1;0;200;Card;CS2;;0
SESS-16019;2026-08-03 10:26:27;USR-1734;1991-03-22;M;Standard;2;240;200;Card;Dota 2;5.0;0
SESS-12850;2026-08-16 15:02:11;USR-1348;2008-04-26;M;Bootcamp;3;320;450;Card;Dota 2;4.0;0
SESS-15882;2026-08-01 18:46:12;USR-1796;2011-02-13;M;VIP;1;0;200;Cash;Minecraft;5.0;0
SESS-16361;2026-08-06 16:22:57;USR-1262;2006-01-15;F;Standard;2;160;200;Card;Dota 2;;0
SESS-13894;2026-08-05 21:47:17;USR-1009;1997-10-05;F;PS5;3;510;750;Card;CS2;;0
SESS-13215;2026-08-07 19:34:00;USR-1002;2012-02-08;M;Standard;3;0;270;App;Dota 2;;1
SESS-16811;2026-08-18 12:02:16;USR-1372;2000-03-21;M;VIP;1;400;200;Card;CS2;;0
SESS-10619;2026-08-01 13:04:51;USR-1154;2000-02-18;M;Standard;2;700;180;Card;PUBG;;1
SESS-15262;2026-08-20 11:40:25;USR-1713;2005-09-25;M;Standard;2;160;200;App;CS2;3.0;0
;2026-08-01 15:28:27;;2011-08-20;M;Standard;2;120;200;App;Minecraft;3.0;0
SESS-14607;2026-08-27 21:51:39;USR-1029;2012-04-14;M;Standard;3;336;270;Cash;Deadlock;;1
SESS-15689;2026-08-04 16:20:02;USR-1016;2005-05-28;F;PS5;2;448;450;App;Valorant;4.5;1
SESS-10408;2026-08-19 11:55:27;USR-1431;2011-08-20;M;Standard;2;80;200;Cash;CS2;;0
SESS-12297;2026-08-29 19:12:46;USR-1012;2006-05-26;M;PS5;2;0;500;App;Valorant;;0
SESS-16435;2026-08-15 13:41:14;USR-1423;2009-08-02;M;Bootcamp;3;0;450;App;CS2;;0
SESS-11863;2026-08-16 22:17:52;USR-1121;2008-02-21;M;Standard;8;1280;800;Card;Dota 2;;0
SESS-11843;2026-08-12 22:37:35;USR-1134;2004-08-26;M;Standard;8;0;800;Card;Valorant;4.5;0
SESS-16175;2026-08-28 02:38:14;USR-1061;2003-09-11;M;Standard;3;336;270;App;Apex Legends;;1
SESS-16801;2026-08-17 17:46:32;USR-1157;2005-06-14;M;Bootcamp;2;0;300;Cash;Cyberpunk 2077;;0
SESS-15019;2026-08-29 09:41:25;USR-1051;2005-01-12;M;VIP;5;672;900;Card;Deadlock;4.0;1
SESS-11973;2026-08-16 16:23:38;USR-1095;2005-12-26;M;Standard;4;0;400;Card;Dota 2;;0
SESS-12793;2026-08-07 12:31:07;USR-1110;2004-11-28;F;VIP;1;0;200;Card;CS2;;0
SESS-11446;2026-08-10 11:08:17;USR-1023;2008-04-24;F;VIP;4;882;720;App;Minecraft;;1
SESS-10370;2026-08-10 19:15:16;USR-1034;2010-09-11;F;Standard;3;168;270;App;Minecraft;4.5;1
SESS-16196;2026-08-23 16:56:44;USR-1069;2004-01-15;M;VIP;2;0;400;App;Dota 2;;0
SESS-15145;2026-08-23 01:14:25;USR-1761;1986-09-19;M;VIP;2;800;400;App;GTA V;;0
SESS-11610;2026-08-02 20:27:39;USR-1198;2004-10-15;M;Standard;3;0;300;App;Minecraft;5.0;0
SESS-10055;2026-08-12 18:52:22;USR-1562;2002-10-20;M;Bootcamp;5;0;675;Card;CS2;;1
SESS-11040;2026-08-14 13:25:04;USR-1772;2005-07-01;M;Standard;2;0;200;Card;Dota 2;;0
SESS-16485;2026-08-11 19:46:28;USR-1457;2009-10-17;M;Standard;2;0;200;Card;Minecraft;;0
SESS-13133;2026-08-31 10:14:16;USR-1153;2006-11-27;M;Bootcamp;3;0;450;Card;CS2;4.5;0
SESS-15981;2026-08-07 22:35:07;USR-1760;2010-09-15;F;Bootcamp;3;240;450;App;Valorant;;0
SESS-14098;2026-08-22 14:22:17;USR-1467;2006-07-05;F;Standard;3;336;270;App;Dota 2;;1
SESS-11142;2026-08-30 20:04:42;USR-1638;2007-02-24;F;;Bootcamp;1;0;App;Deadlock;;0
SESS-15025;2026-08-26 18:23:28;USR-1213;2006-10-12;M;VIP;3;0;600;Cash;Deadlock;4.0;0
SESS-11490;2026-08-12 20:30:51;USR-1649;2006-07-26;M;VIP;3;440;600;Card;Dota 2;;0
SESS-10975;2026-08-27 23:52:47;USR-1552;2012-06-16;M;Standard;12;0;1200;Card;CS2;4.0;0
SESS-13754;2026-08-23 20:33:20;USR-1541;2011-11-17;M;VIP;1;0;200;Card;Minecraft;4.0;0
SESS-12173;2026-08-22 17:22:32;USR-1219;2009-03-07;M;Standard;8;896;720;App;CS2;;1
SESS-10036;2026-08-03 02:08:48;USR-1007;2003-09-21;M;VIP;1;0;200;Card;Dota 2;4.5;0
SESS-11192;2026-08-21 14:36:02;USR-1369;2004-03-05;M;Standard;1;160;100;Cash;CS2;5.0;0
SESS-10751;2026-08-08 22:23:14;USR-1490;2010-04-27;M;Standard;12;672;1080;App;Deadlock;4.5;1
SESS-16838;2026-08-29 20:48:59;USR-1344;2007-08-23;M;Standard;3;480;300;Card;Deadlock;4.0;0
SESS-10349;2026-08-15 19:19:39;USR-1734;1991-03-22;M;Standard;2;360;200;Cash;PUBG;4.5;0
SESS-14306;2026-08-01 17:02:52;USR-1200;2009-09-06;M;Standard;1;60;100;Card;CS2;4.5;0
SESS-11755;2026-08-02 17:46:02;USR-1040;2005-01-02;M;Standard;2;320;200;Card;Dota 2;;0
SESS-10511;2026-08-12 00:44:45;USR-1323;2001-12-14;M;Bootcamp;3;0;450;App;Deadlock;;0
SESS-16528;2026-08-21 18:50:38;USR-1339;2004-04-05;M;Bootcamp;2;400;300;Card;CS2;4.0;0
SESS-12166;2026-08-20 13:22:39;USR-1133;2005-08-18;M;VIP;2;0;400;Card;Dota 2;;0
SESS-15647;2026-08-07 12:57:01;USR-1723;1999-12-13;M;VIP;2;0;400;Card;CS2;4.0;0
SESS-15209;2026-08-22 08:50:55;USR-1661;1998-12-06;M;PS5;1;0;250;Cash;PUBG;;0
SESS-11860;2026-08-15 21:42:41;USR-1622;1998-02-02;M;Bootcamp;1;0;150;Card;Cyberpunk 2077;4.0;0
SESS-16911;2026-08-15 17:09:23;USR-1021;2004-07-25;M;Standard;3;360;300;Card;Valorant;;0
SESS-11784;2026-08-21 15:58:24;USR-1604;2023-06-15;M;Bootcamp;-2;390;300;App;Deadlock;;0
SESS-15254;2026-08-11 10:08:45;USR-1010;1991-07-05;F;Standard;2;240;200;Card;CS2;5.0;0
SESS-13875;2026-08-21 20:36:12;USR-1585;2002-01-22;M;PS5;1;0;250;App;Dota 2;;0
SESS-16317;2026-08-24 20:57:11;USR-1067;2006-04-02;M;VIP;2;470;400;App;Dota 2;;0
SESS-10331;01.08.2026 20:15:09;USR-1299;2011-12-03;F;Bootcamp;8;480;1200;Card;Deadlock;4.0;0
SESS-13622;2026-08-31 12:40:20;USR-1067;2006-04-02;M;Standard;3;240;300;Card;Apex Legends;;0
SESS-13267;2026-08-29 21:45:59;USR-1144;1993-04-03;M;Bootcamp;4;0;600;Card;Dota 2;;0
SESS-11835;2026-08-21 13:48:24;USR-1150;2003-04-24;M;Bootcamp;1;310;150;Card;PUBG;;0
SESS-15360;2026-08-16 18:41:02;USR-1290;2010-01-20;M;Bootcamp;1;0;150;App;CS2;4.0;0
SESS-11408;2026-08-20 19:38:00;USR-1478;2006-11-04;F;Standard;2;0;200;Card;CS2;;0
SESS-17090;2026-08-26 17:22:06;USR-1360;2000-09-11;M;VIP;4;0;800;Card;PUBG;;0
SESS-16842;2026-08-11 18:24:45;USR-1120;2006-07-03;M;VIP;8;0;1600;Card;Dota 2;;0
SESS-10038;2026-08-18 19:46:35;USR-1674;2005-08-20;F;Standard;3;240;300;App;CS2;4.5;0
SESS-16156;2026-08-29 15:37:39;USR-1418;2006-08-28;M;Standard;4;320;400;Card;Dota 2;4.5;0
SESS-11576;2026-08-06 20:40:32;USR-1637;2007-10-27;M;Standard;1;120;100;Card;CS2;;0
SESS-13776;2026-08-06 18:24:06;USR-1149;2006-12-05;M;Bootcamp;2;320;300;Card;Valorant;;0
SESS-16199;2026-08-16 18:37:27;USR-1515;2007-01-14;M;;Bootcamp;1;230;App;CS2;;0
SESS-10341;2026-08-16 18:48:47;USR-1050;2008-08-14;M;PS5;2;0;500;Card;Dota 2;;0
SESS-10333;2026-08-06 15:26:05;USR-1242;2005-09-25;F;Standard;2;0;200;Card;Deadlock;;0
SESS-12296;2026-08-05 00:18:32;USR-1389;2005-02-24;F;Standard;5;0;500;Card;CS2;1.0;0
SESS-10791;2026-08-28 17:42:51;USR-1393;2006-06-25;M;Bootcamp;2;546;270;Card;CS2;;1
SESS-15341;2026-08-23 18:25:02;USR-1138;2002-01-01;M;Standard;4;0;400;App;Valorant;;0
SESS-15332;2026-08-20 18:06:50;USR-1495;2004-10-04;M;Bootcamp;1;0;150;Cash;CS2;;0
SESS-10110;2026-08-06 14:00:08;USR-1782;2010-04-14;M;Standard;3;0;300;App;Dota 2;;0
SESS-13092;2026-08-30 20:31:41;USR-1129;1998-11-08;M;PS5;2;0;500;Card;CS2;;0
SESS-12652;2026-08-15 00:58:01;USR-1111;1997-10-25;M;Standard;8;2000;800;Card;CS2;4.5;0
SESS-14233;2026-08-19 15:49:56;USR-1656;2003-11-06;M;Standard;3;0;270;Card;Valorant;;1
SESS-12736;2026-08-29 16:23:23;USR-1492;1998-11-10;1;Bootcamp;1;770;135;Card;PUBG;;1
SESS-14868;2026-08-02 20:00:32;USR-1102;2012-11-14; M ;VIP;2;160;400;Card;Dota 2;4.0;0
SESS-16006;2026-08-23 22:38:31;USR-1033;2008-06-16;M;Standard;8;0;800;Card;Dota 2;;0
SESS-13728;2026-08-22 10:42:06;USR-1154;2000-02-18;M;Bootcamp;2;510;300;Card;CS2;;0
SESS-14452;2026-08-20 20:31:00;USR-1166;2004-11-20;M;Standard;2;0;200;Card;Minecraft;;0
SESS-13473;2026-08-28 23:13:49;USR-1096;2007-03-05;M;Standard;12;1344;1080;Card;CS2;5.0;1
SESS-13174;2026-08-05 05:49:04;USR-1027;1997-11-04;F;VIP;2;540;400;App;CS2;;0
SESS-15933;2026-08-27 20:23:02;USR-1480;1991-01-14;M;PS5;1;550;250;Card;Dota 2;5.0;0
SESS-13727;2026-08-09 21:36:25;USR-1388;2004-05-07;M;Bootcamp;2;0;300;App;Valorant;4.0;0
SESS-16195;2026-08-18 17:50:56;USR-1381;2005-07-15;F;VIP;3;882;540;Card;Deadlock;5.0;1
SESS-16511;2026-08-01 21:27:08;USR-1389;2005-02-24;F;Standard;2;240;200;Card;PUBG;5.0;0
SESS-13809;2026-08-22 11:59:22;USR-1388;05/07/2004;M;Standard;3;480;300;App;Dota 2;5.0;0
SESS-12834;2026-08-08 16:21:33;USR-1149;2006-12-05;M;Standard;2;224;180;Card;Deadlock;;1
SESS-10706;2026-08-04 13:42:48;USR-1619;2007-10-26;M;Bootcamp;8;1903;1080;Card;CS2;4.0;1
SESS-14912;2026-08-09 12:08:12;USR-1007;2003-09-21;M;Standard;2;320;200;App;CS2;;0
SESS-12828;2026-08-09 23:20:42;USR-1450;2007-05-10;F;VIP;12;0;2400;Card;CS2;4.0;0
SESS-15575;2026-08-15 17:42:13;USR-1628;2008-10-25;F;Standard;3;240;300;Card;CS2;5.0;0
SESS-16327;2026-08-29 11:47:35;USR-1489;2011-07-19;M;VIP;2;0;360;App;CS2;5.0;1
SESS-14653;2026-08-04 13:16:29;USR-1259;2005-08-15;M;Bootcamp;4;0;600;Cash;Valorant;4.0;0
SESS-13191;2026-08-26 10:42:18;USR-1158;2010-12-14;F;Standard;2;0;200;Card;Dota 2;;0
SESS-13129;2026-08-18 14:36:11;USR-1085;2000-03-10;M;Standard;1;120;100;Card;Deadlock;;0
SESS-10850;2026-08-28 18:36:57;USR-1351;2012-06-13;M;Standard;2;80;200;Cash;CS2;4.5;0
SESS-11756;2026-08-15 22:03:05;USR-1633;2003-08-25;M;Standard;5;400;500;Card;Valorant;5.0;0
SESS-10836;2026-08-28 20:17:14;USR-1135;2012-06-13;M;Standard;4;0;400;Cash;Minecraft;3.0;0
;2026-08-22 16:12:26;;2003-04-24;M;Standard;1;0;100;Card;Valorant;;0
SESS-11674;2026-08-08 02:30:43;USR-1110;2004-11-28;F;Bootcamp;3;714;405;App;Valorant;;1
SESS-10944;2026-08-03 21:08:15;USR-1240;2010-05-01;M;VIP;2;0;400;App;Valorant;4.5;0
SESS-12735;2026-08-03 10:26:14;USR-1098;2012-02-17;M;Standard;5;560;450;App;Minecraft;;1
SESS-10042;2026-08-07 14:09:34;USR-1148;1993-02-16;M;Bootcamp;2;390;300;App;Cyberpunk 2077;;0
SESS-12879;08/01/2026 10:48:31;USR-1435;2001-06-18;F;Standard;2;240;200;Card;Valorant;4.5;0
SESS-16539;2026-08-09 18:03:20;USR-1422;2006-09-19;M;Standard;2;0;200;Card;Valorant;;0
SESS-15983;2026-08-30 19:59:17;USR-1556;2005-04-09;M;Standard;2;320;200;Card;Apex Legends;4.5;0
SESS-12762;2026-08-17 15:24:01;USR-1122;2004-02-05;M;Bootcamp;5;550;750;Card;Valorant;4.0;0
SESS-10899;2026-08-27 17:11:23;USR-1739;2009-06-08;M;Standard;4;0;400;;Valorant;1.0;0
SESS-12999;2026-08-22 14:52:57;USR-1581;1996-10-10;M;PS5;1;270;250;Card;CS2;;0
SESS-14946;2026-08-13 21:43:14;USR-1106;1997-11-09;M;PS5;2;660;500;;GTA V;;0
SESS-12437;2026-08-22 23:00:28;USR-1614;2000-08-04;M;VIP;5;0;1000;App;Dota 2;;0
SESS-17097;2026-08-19 16:12:32;USR-1013;2012-02-18;M;Standard;2;0;200;Cash;Dota 2;4.0;0
SESS-16142;2026-08-05 04:46:23;USR-1567;2007-11-15;M;VIP;3;440;600;Card;Valorant;5.0;0
SESS-12836;2026-08-19 23:53:50;USR-1459;07/10/2002;F;Standard;12;2015;1080;App;CS2;5.0;1
SESS-16447;2026-08-11 12:04:00;USR-1052;2007-01-01;M;PS5;12;960;3000;Card;Dota 2;4.5;0
SESS-15013;2026-08-14 14:56:50;USR-1086;2011-03-02;M;PS5;1;80;250;Card;CS2;5.0;0
SESS-11095;2026-08-12 23:54:38;USR-1297;2006-01-15;M;VIP;8;1110;1600;Card;CS2;;0
SESS-17133;2026-08-09 10:18:56;USR-1105;2008-12-10;M;Bootcamp;3;0;450;Card;Dota 2;4.0;0
SESS-11794;2026/08/03 22:36:14;USR-1019;1993-10-21;M;VIP;5;1550;1000;Card;Dota 2;4.5;0
SESS-14266;2026-08-20 11:18:09;USR-1333;2006-01-18;M;Standard;2;0;200;Card;CS2;5.0;0
SESS-16992;2026-08-01 18:29:01;USR-1626;2004-08-28;F;Bootcamp;2;0;270;Card;Cyberpunk 2077;;1
SESS-11466;2026-08-12 08:11:32;USR-1026;2004-11-05;M;Standard;1;80;100;Card;Valorant;4.5;0
SESS-12737;2026-08-18 18:58:29;USR-1009;1997-10-05;F;Standard;1;0;100;Card;CS2;4.5;0
SESS-12347;2026-08-09 09:11:07;USR-1330;2007-02-18;M;VIP;4;784;720;Card;Deadlock;5.0;1
SESS-10779;2026-08-30 20:31:26;USR-1342;1992-07-05;M;VIP;8;1110;1600;Card;CS2;4.0;0
SESS-16248;2026-08-06 18:24:06;USR-1769;1995-09-11;F;Bootcamp;2;650;300;Card;CS2;3.0;0
SESS-13837;2026-08-03 13:56:32;USR-1258;2006-10-13;M;VIP;2;240;400;Card;Deadlock;;0
SESS-11035;2026-08-27 00:56:24;USR-1257;2009-05-25;F;Standard;2;0;200;Cash;CS2;4.0;0
SESS-15709;2026-08-28 14:28:42;USR-1052;2007-01-01;м;Standard;5;840;450;Card;Dota 2;4.5;1
SESS-12584;2026-08-06 22:12:09;USR-1258;;M;PS5;12;1920;3000;App;Dota 2;4.5;0
SESS-13070;2026-08-13 14:05:30;USR-1014;10/27/2010;M;Standard;3;336;270;Cash;Dota 2;4.5;1
SESS-13607;2026-08-04 08:38:50;USR-1372;2000-03-21;M;Standard;8;2015;720;Card;Dota 2;;1
SESS-11121;2026-08-30 00:53:51;USR-1534;2002-03-25;M;Bootcamp;3;0;450;App;CS2;;0
SESS-14526;2026-08-11 06:40:21;USR-1316;1988-06-07;M;VIP;5;750;1000;Card;Cyberpunk 2077;5.0;0
SESS-11120;2026-08-12 15:54:03;USR-1093;1995-09-19;M;Standard;12;0;1200;Card;CS2;;0
SESS-10938;2026-08-28 21:54:08;USR-1101;1997-03-02;M;Bootcamp;1;0;135;App;Browser/Work;;1
SESS-13751;2026-08-24 11:38:59;USR-1762;2006-09-25;M;VIP;5;550;1000;Card;Dota 2;4.5;0
SESS-16357;2026-08-22 14:44:27;USR-1031;2010-03-02;M;Standard;2;120;200;Cash;Minecraft;;0
SESS-10357;2026-08-15 21:42:59;USR-1790;2012-03-14;м;Standard;3;0;300;Card;Dota 2;;0
SESS-14563;2026-08-10 21:49:52;USR-1603;1886-09-20;M;Bootcamp;-2;0;1620;App;CS2;;1
SESS-12776;2026-08-30 01:01:16;USR-1791;1995-04-04;M;Standard;5;1250;500;Card;Dota 2;4.0;0
SESS-15139;2026-08-24 18:44:12;USR-1084;2005-03-01;F;Standard;4;320;400;Card;Dota 2;5.0;0
SESS-17040;2026-08-22 09:41:34;USR-1134;2004-08-26;M;Standard;1;0;100;App;CS2;;0
SESS-10800;2026-08-15 09:40:45;USR-1588;2006-07-15;M;Standard;3;480;300;Card;CS2;;0
SESS-14692;2026-08-06 08:30:37;USR-1065;2012-05-07;F;Standard;1;0;100;Card;CS2;;0
SESS-14514;2026-08-22 11:42:00;USR-1679;2002-11-05;M;PS5;8;640;2000;Card;Dota 2;;0
SESS-12171;2026-08-24 17:39:18;USR-1251;1886-09-20;M;Standard;999;896;360;App;Valorant;4.5;1
SESS-16334;2026-08-29 18:12:36;USR-1071;2007-09-17;M;Bootcamp;2;310;300;App;Dota 2;5.0;0
SESS-16523;2026-08-23 11:27:57;USR-1095;2005-12-26;M;Standard;3;360;300;Card;CS2;4.0;0
SESS-14858;2026-08-08 18:24:48;USR-1459;2002-07-10;F;VIP;3;630;600;Card;CS2;4.0;0
SESS-13427;2026-08-05 17:56:27;USR-1143;2007-06-16;M;Standard;2;0;200;Card;Dota 2;;0
SESS-13789;2026-08-19 00:23:05;USR-1124;2012-08-08;M;Bootcamp;8;320;1200;Cash;CS2;5.0;0
SESS-14939;2026-08-11 22:08:53;USR-1325;;M;Bootcamp;5;0;750;Cash;Dota 2;5.0;0
SESS-14998;2026-08-12 15:07:40;USR-1332;2004-11-09;M;VIP;3;0;600;Card;CS2;4.5;0
SESS-12837;2026-08-15 12:41:29;USR-1503;2011-07-13;F;Standard;2;168;180;Cash;CS2;;1
SESS-12664;2026-08-31 20:29:06;USR-1450;2007-05-10;F;Standard;1;0;100;Card;CS2;;0
SESS-13591;2026-08-12 01:02:31;USR-1085;2000-03-10;M;Bootcamp;2;390;300;;PUBG;;0
SESS-16752;2026-08-15 20:33:29;USR-1315;2002-01-22;M;Standard;1;0;100;Card;Valorant;4.5;0
SESS-10448;2026-08-21 19:51:43;USR-1152;2004-07-27;M;Standard;3;360;300;App;CS2;;0
SESS-16616;2026-08-13 13:05:00;USR-1440;2006-10-21;M;Bootcamp;2;0;300;Cash;CS2;;0
SESS-14698;2026-08-01 09:03:13;USR-1034;2010-09-11;F;Standard;2;0;200;Card;Valorant;;0
SESS-12046;2026-08-29 22:29:57;USR-1697;2002-12-15;M;VIP;8;790;1600;Card;Dota 2;5.0;0
SESS-14477;2026-08-01 18:18:14;USR-1132;2008-09-20;M;Standard;4;0;400;Cash;CS2;4.5;0
SESS-12426;2026-08-04 04:21:09;USR-1077;2005-03-16;M;;Bootcamp;2;0;Card;CS2;;0
SESS-11050;2026-08-01 21:00:29;USR-1137;2005-01-22;M;Bootcamp;2;0;300;App;CS2;;0
SESS-16542;2026-08-31 17:26:18;USR-1737;2004-08-16;M;Standard;3;336;270;App;CS2;;1
SESS-10285;2026-08-14 22:49:12;USR-1199;2006-07-24;M;VIP;8;0;1600;Card;CS2;5.0;0
SESS-16650;2026-08-06 15:07:32;USR-1644;2012-07-22;F;Standard;2;160;200;Card;Dota 2;;0
SESS-13990;2026-08-22 19:18:53;USR-1060;1990-02-23;M;VIP;1;0;200;Card;CS2;4.5;0
SESS-14195;2026-08-18 21:18:07;USR-1294;2003-10-14;F;Bootcamp;2;470;300;Card;Dota 2;;0
SESS-11200;2026-08-14 20:17:27;USR-1090;2010-05-10;M;Standard;2;224;180;App;Dota 2;5.0;1
SESS-16254;2026-08-21 09:21:26;USR-1189;2007-03-10;M;Standard;2;224;180;App;CS2;;1
SESS-15383;2026-08-07 11:22:59;USR-1000;2005-11-15;M;PS5;2;240;500;Card;Dota 2;4.5;0
SESS-15316;2026-08-11 14:36:47;USR-1036;2004-09-28;M;VIP;2;0;400;App;Apex Legends;4.5;0
SESS-15577;2026-08-30 16:13:52;USR-1051;2005-01-12;M;Standard;5;800;500;App;Deadlock;4.0;0
SESS-11827;2026-08-11 20:10:01;USR-1526;2007-04-16;F;Standard;4;0;400;App;Valorant;;0
SESS-10799;2026-08-09 08:52:02;USR-1466;1998-10-16;F;PS5;3;510;750;Card;Dota 2;;0
SESS-15930;2026-08-19 21:31:59;USR-1236;2012-01-11;F;VIP;3;0;600;App;Valorant;4.0;0
SESS-12316;2026-08-08 15:51:05;USR-1099;2004-01-10;F;VIP;2;0;400;App;CS2;5.0;0
SESS-10274;2026-08-21 10:06:17;USR-1494;2005-12-24;M;VIP;2;390;400;App;Deadlock;;0
SESS-15189;2026-08-09 21:16:25;USR-1034;2010-09-11;F;Bootcamp;2;80;300;Card;Valorant;5.0;0
SESS-13558;2026-08-24 13:29:50;USR-1157;2005-06-14;M;VIP;8;1040;1600;Card;Valorant;5.0;0
SESS-12152;2026-08-28 15:49:09;USR-1728;2008-12-16;M;VIP;2;0;400;App;Dota 2;;0
SESS-10416;2026-08-20 22:35:09;USR-1558;2007-12-03;M;VIP;8;1110;1600;Card;Dota 2;4.5;0
SESS-16572;2026-08-10 13:06:59;USR-1080;2003-02-28;M;Standard;3;0;300;Cash;CS2;;0
SESS-16646;2026-08-12 19:53:44;USR-1079;2003-02-01;F;VIP;2;320;400;Card;Dota 2;5.0;0
SESS-12935;2026-08-17 12:08:51;USR-1560;2007-10-06;M;Standard;1;0;100;Card;Valorant;;0
SESS-15295;2026-08-26 19:05:32;USR-1782;2010-04-14;M;Standard;1 часа;0;100;App;Dota 2;;0
SESS-14308;2026-08-22 14:39:42;USR-1166;2004-11-20;M;Standard;2;240;200;App;CS2;;0
SESS-15514;2026-08-08 23:05:58;USR-1151;1994-06-23;M;Bootcamp;8;2150;1200;Card;Browser/Work;4.5;0
SESS-15737;2026-08-16 19:38:09;USR-1195;2005-08-17;M;Bootcamp;2;240;300;Card;Deadlock;;0
SESS-10188;2026-08-24 18:43:07;USR-1196;2007-09-09;M;Bootcamp;3;0;450;Card;Apex Legends;;0
SESS-12497;2026-08-13 19:40:39;USR-1706;2011-11-16;F;Standard;3;120;300;App;Dota 2;;0
SESS-10590;2026-08-12 11:03:26;USR-1785;1997-05-20;F;Bootcamp;2;540;300;Card;Cyberpunk 2077;3.0;0
SESS-15875;2026-08-25 16:10:23;USR-1141;1998-03-28;M;Standard;2;500;200;Card;Cyberpunk 2077;;0
SESS-16799;2026-08-14 19:27:45;USR-1061;2003-09-11;M;VIP;4;0;800;Card;Valorant;4.5;0
SESS-16186;2026-08-26 23:09:51;USR-1234;2012-05-15;M;Standard;8;0;800;App;Valorant;4.5;0
SESS-15520;2026-08-19 16:46:58;USR-1165;1999-09-15;M;VIP;4;1428;720;Card;CS2;5.0;1
SESS-11810;2026-08-14 12:44:34;USR-1571;2003-01-10;M;Standard;2;0;200;Card;Dota 2;4.0;0
SESS-10719;2026-08-21 17:22:07;USR-1429;2011-02-10;M;Bootcamp;1;0;150;App;CS2;;0
SESS-16087;2026-08-12 13:14:02;USR-1652;2004-12-09;M;Bootcamp;4 часа;560;600;Cash;Dota 2;;0
SESS-12476;2026-08-27 16:08:20;USR-1133;2005-08-18;M;VIP;2;470;400;Card;Apex Legends;4.0;0
SESS-10761;2026-08-01 14:55:07;USR-1047;2005-09-11;M;Bootcamp;2;470;300;Card;Valorant;4.0;0
SESS-15883;2026-08-14 17:52:26;USR-1034;2010-09-11;F;VIP;2;0;400;App;Apex Legends;5.0;0
SESS-11123;2026-08-07 21:04:28;USR-1050;2008-08-14;M;Standard;3;0;300;App;Deadlock;;0
SESS-15086;2026-08-21 19:50:35;USR-1039;2003-04-10;F;Standard;5;560;450;Card;Dota 2;4.5;1
SESS-11565;2026-08-03 08:01:06;USR-1299;2011-12-03;F;Standard;2;80;200;Cash;CS2;4.0;0
SESS-12455;2026-08-06 12:17:41;USR-1026;2004-11-05;M;VIP;1;310;200;App;Dota 2;5.0;0
SESS-15992;2026-08-23 15:19:05;USR-1422;2006-09-19;M;Bootcamp;2;0;300;App;Dota 2;;0
SESS-11716;2026-08-12 16:40:54;USR-1234;2012-05-15;M;Standard;3;0;270;App;CS2;5.0;1
SESS-15938;2026-08-28 15:17:53;USR-1638;2007-02-24;F;VIP;2;310;400;App;Dota 2;;0
SESS-11567;2026-08-25 19:39:05;USR-1665;2006-07-08;F;VIP;5;1232;900;Card;Cyberpunk 2077;4.0;1
SESS-13752;2026-08-20 19:27:26;USR-1112;2005-08-25;M;Standard;2;320;200;Card;Deadlock;;0
SESS-13194;2026-08-15 18:09:22;USR-1074;2004-09-03;M;Bootcamp;5;1232;675;App;Dota 2;4.0;1
SESS-11869;2026-08-01 21:44:51;USR-1568;2003-01-19;M;Bootcamp;1;240;150;Card;CS2;;0
;2026-08-02 11:05:38;;2006-01-08;F;Bootcamp;5;0;750;Card;Dota 2;4.0;0
SESS-14089;2026-08-17 18:36:27;USR-1054;1999-10-07;F;Standard;4;672;360;Card;Dota 2;;1
SESS-14775;2026-08-19 20:45:36;USR-1714;2004-09-13;M;Standard;1;120;100;App;Valorant;;0
SESS-13954;2026-08-31 08:29:23;USR-1685;1993-04-26;F;VIP;1;0;200;Card;GTA V;4.0;0
SESS-12784;2026-08-07 20:41:33;USR-1107;2011-02-22;M;Standard;2;0;200;Cash;Dota 2;;0
SESS-17078;2026-08-12 14:09:51;USR-1109;2007-12-25;M;Bootcamp;8;0;1200;Card;Deadlock;4.5;0
SESS-12095;2026-08-30 01:22:58;USR-1327;2007-07-01;M;Standard;12;960;1200;App;CS2;2.0;0
SESS-10664;2026-08-16 16:36:41;USR-1114;2010-06-11;F;Standard;2;0;180;App;Minecraft;;1
SESS-10658;2026-08-18 17:46:27;USR-1491;2012-07-02;M;Bootcamp;8;640;1200;App;Apex Legends;3.0;0
SESS-11568;2026-08-15 18:59:30;USR-1030;2011-05-18;M;Standard;1;0;100;Card;Minecraft;;0
SESS-14417;2026-08-21 19:39:46;USR-1186;1996-11-01;M;Standard;2;360;200;Card;CS2;;0
SESS-10375;2026-08-10 20:13:11;USR-1208;2008-08-12;M;VIP;1;0;200;Cash;CS2;4.0;0
SESS-11816;2026-08-05 16:22:32;USR-1341;2011-07-21;M;Standard;2;160;200;App;Minecraft;;0
SESS-13421;2026-08-11 00:36:05;USR-1192;2003-04-24;M;Standard;12;1440;1200;Card;CS2;4.0;0
SESS-12129;2026-08-28 19:17:53;USR-1048;2010-12-21;M;Standard;2;80;200;Card;CS2;4.0;0
SESS-14911;2026-08-29 18:39:20;USR-1121;2008-02-21;M;VIP;1;280;180;App;Dota 2;4.5;1
SESS-12207;2026-08-09 17:25:15;USR-1038;2007-09-18;M;Bootcamp;4;630;600;Card;CS2;;0
SESS-15093;2026-08-01 08:38:25;USR-1016;2005-05-28;F;Bootcamp;3;0;450;Card;Valorant;;0
SESS-13452;2026-08-06 13:42:05;USR-1418;2006-08-28;M;Bootcamp;3;448;405;Card;CS2;5.0;1
SESS-12556;2026-08-01 13:58:29;USR-1633;2003-08-25;M;VIP;3;390;600;Card;Dota 2;5.0;0
SESS-14124;2026-08-22 15:47:19;USR-1089;2002-06-04;F;Standard;2;240;200;App;CS2;;0
SESS-10764;2026-08-29 16:45:47;USR-1130;2011-08-14;M;Standard;1;60;100;App;CS2;4.5;0
SESS-16653;2026-08-31 20:32:10;USR-1541;2011-11-17;M;Standard;2;0;200;App;Minecraft;4.5;0
SESS-16062;2026-08-21 17:11:06;USR-1738;2012-03-17;M;Standard;2;0;200;App;CS2;;0
SESS-15104;2026-08-08 17:53:37;USR-1535;2008-07-10;M;Bootcamp;1;160;150;Cash;CS2;4.5;0
SESS-16033;2026-08-29 14:16:49;USR-1735;2006-08-14;M;Bootcamp;2;0;300;Card;Dota 2;;0
SESS-12883;2026-08-29 20:20:27;USR-1233;2008-10-06;M;Standard;2;448;180;Card;CS2;3.0;1
SESS-14267;2026-08-04 23:51:16;USR-1095;2005-12-26;M;VIP;5;0;1000;Card;Dota 2;4.5;0
SESS-14341;2026-08-22 18:56:47;USR-1402;2007-10-17;F;VIP;1;200;200;Card;Dota 2;4.5;0
SESS-15573;2026-08-13 15:41:38;USR-1150;2003-04-24;M;Standard;1;120;100;Card;Dota 2;;0
SESS-11081;2026-08-30 19:36:40;USR-1008;1991-02-01;F;Standard;1;120;100;Card;Dota 2;;0
SESS-12327;2026-08-30 15:43:55;USR-1049;1997-11-16;M;PS5;4;0;1000;Card;Browser/Work;3.0;0
SESS-12259;2026-08-07 12:10:25;USR-1111;1997-10-25;M;Bootcamp;1;330;150;Card;Browser/Work;;0
SESS-11498;2026-08-06 12:37:07;USR-1297;2006-01-15;M;Bootcamp;1;230;150;Card;Dota 2;;0
SESS-12893;2026-08-22 17:12:05;USR-1670;;M;Bootcamp;2;0;300;App;CS2;4.5;0
SESS-12115;2026-08-19 18:50:57;USR-1269;2009-05-19;F;Standard;5;200;500;Card;PUBG;4.5;0
SESS-13918;2026-08-09 16:50:54;USR-1608;2006-06-07;M;Standard;4;480;400;Cash;Dota 2;;0
SESS-10210;2026-08-12 14:47:34;USR-1160;2001-07-16;F;Standard;2;160;200;Card;Deadlock;;0
SESS-12445;2026-08-01 21:30:16;USR-1552;2012-06-16;M;Standard;4;224;360;App;Valorant;;1
SESS-14010;2026-08-23 19:52:30;USR-1172;2011-08-20;M;Standard;2;0;200;Card;CS2;;0
SESS-16362;2026-08-31 21:52:39;USR-1235;2010-05-08;M;Standard;3;336;270;App;Minecraft;3.0;1
SESS-12873;2026-08-02 03:40:23;USR-1406;1998-12-17;M;Standard;8;2015;720;Card;GTA V;;1
SESS-16238;2026-08-07 19:32:56;USR-1401;2002-10-03;M;PS5;2;0;500;Card;Dota 2;;0
SESS-14964;2026-08-15 21:18:54;USR-1608;2006-06-07;M;Standard;1;120;100;Card;Dota 2;;0
SESS-16783;2026-08-01 17:42:02;USR-1289;2007-10-10;M;Standard;3;240;300;Card;Apex Legends;1.0;0
SESS-12495;2026-08-14 09:48:23;USR-1080;2003-02-28;M;VIP;4;0;800;Card;Valorant;;0
SESS-11993;2026-08-21 17:13:58;USR-1092;2007-02-23;M;VIP;3;616;540;Card;CS2;4.5;1
SESS-11862;2026-08-13 14:53:31;USR-1691;1997-11-19;M;PS5;3;714;675;App;Dota 2;4.5;1
SESS-13079;2026-08-14 21:09:32;USR-1033;2008-06-16;M;Standard;1;224;90;Card;CS2;5.0;1
SESS-15021;2026-08-18 14:39:55;USR-1790;2012-03-14;M;Bootcamp;2;0;300;App;Minecraft;;0
SESS-12394;2026-08-22 12:08:21;USR-1118;2008-09-20;F;Standard;3;0;300;App;Minecraft;;0
SESS-16504;2026-08-30 12:09:43;USR-1128;2008-04-02;F;VIP;2;0;400;App;CS2;;0
SESS-10244;2026-08-08 12:42:20;USR-1593;2008-03-02;M;Bootcamp;1;310;150;App;CS2;;0
SESS-12116;2026-08-04 16:29:00;USR-1567;2007/11/15;M;Bootcamp;1;0;150;App;CS2;;0
SESS-16981;2026-08-04 16:53:22;USR-1062;2012-09-01;M;Standard;2;0;200;Card;Minecraft;;0
SESS-16750;2026-08-05 10:42:55;USR-1588;2006-07-15;M;VIP;3;882;540;Card;Dota 2;5.0;1
SESS-12696;2026-08-16 10:01:38;USR-1072;2005-05-26;M;PS5;3;672;675;Card;CS2;3.0;1
SESS-13958;2026-08-04 20:22:30;USR-1630;2008-03-12;M;Bootcamp;3;0;450;Card;CS2;4.5;0
SESS-15048;2026-08-21 12:51:21;USR-1054;1999-10-07;F;Standard;2;0;200 руб.;Card;CS2;3.0;0
SESS-14085;2026-08-27 12:56:49;USR-1730;;M;Standard;3;0;300;Card;CS2;;0
SESS-13403;2026-08-15 18:44:07;USR-1390;1994-03-20;M;Bootcamp;3;923;405;Card;Cyberpunk 2077;;1
SESS-12033;2026-08-09 18:17:07;USR-1333;2006-01-18;M;Standard;3;0;300;Card;CS2;2.0;0
SESS-12789;2026-08-07 18:54:15;USR-1089;2002-06-04;F;Standard;3;0;300;Cash;CS2;;0
SESS-14326;2026-08-18 15:41:01;USR-1397;1995-11-04;M;VIP;3;1050;600;Card;GTA V;;0
SESS-16355;2026-08-14 17:20:01;USR-1060;1990-02-23;M;PS5;1;461;225;Card;Cyberpunk 2077;4.0;1
SESS-14348;2026-08-23 19:20:36;USR-1750;1992-05-26;F;VIP;3;1050;600;Card;Dota 2;5.0;0
SESS-11002;2026-08-08 18:14:23;USR-1024;2004-08-15;M;Standard;3;480;300;Cash;CS2;3.0;0
SESS-13288;2026-08-05 13:07:32;USR-1037;2010-08-28;M;Bootcamp;2;0;300;App;Valorant;5.0;0
SESS-14408;2026-08-29 18:49:13;USR-1052;2007-01-01;M;Standard;2;0;200;Card;CS2;;0
SESS-11354;2026-08-13 19:33:14;USR-1305;2008-04-18;M;Standard;1;120;100;Cash;Dota 2;;0
SESS-14469;2026-08-08 15:46:16;USR-1029;2012-04-14;M;Standard;4;320;400;App;Valorant;4.0;0
SESS-16351;2026-08-16 16:20:22;USR-1032;2009-06-21;M;Standard;3;0;270;Cash;Dota 2;3.0;1
SESS-14448;2026-08-02 13:05:23;USR-1270;2005-08-03;M;Standard;2;0;200;App;Deadlock;4.0;0
SESS-17086;2026-08-01 20:46:16;USR-1478;2006-11-04;F;Standard;2;0;200;App;CS2;;0
SESS-12473;2026-08-02 19:51:41;USR-1772;2005-07-01;M;Standard;4;672;360;App;Dota 2;1.0;1
SESS-10462;2026-08-22 17:20:52;USR-1522;2006-08-27;M;Standard;2;224;180;Card;Dota 2;;1
SESS-10138;2026-08-10 14:17:38;USR-1070;2007-01-05;M;Standard;1;0;100;Card;Deadlock;;0
SESS-14476;2026-08-29 09:50:30;USR-1135;2012-06-13;M;Standard;3;0;300;Card;Dota 2;;0
SESS-13096;2026-08-03 18:20:59;USR-1026;2004-11-05;M;Standard;3;480;300;Card;Dota 2;;0
SESS-16930;2026-08-01 09:22:23;USR-1153;2006-11-27;M;Standard;1;0;100;Card;Dota 2;;0
SESS-12291;2026-08-23 23:27:35;USR-1493;2005-01-28;M;VIP;8;0;1600;Card;CS2;;0
SESS-13224;2026-08-12 20:53:52;USR-1594;2003-05-19;F;Standard;2;0;2ОО;Cash;Minecraft;;0
SESS-10950;2026-08-21 21:14:43;USR-1549;2005-11-12;M;Standard;2;160;200;;CS2;;0
SESS-13419;2026-08-01 16:21:44;USR-1149;2006-12-05;M;Bootcamp;1;200;150;App;Dota 2;4.5;0
SESS-14720;2026-08-09 16:35:36;USR-1365;1995-04-18;M;VIP;1;330;200;Card;CS2;4.5;0
SESS-10198;2026-08-08 21:27:53;USR-1254;2007-02-23;M;Standard;4;320;400;Card;Valorant;4.5;0
SESS-16119;2026-08-21 20:16:37;USR-1202;2004-09-21;F;Standard;8;1792;720;App;Dota 2;;1
SESS-15997;2026-08-31 05:05:10;USR-1461;2010-06-09;M;VIP;3;0;600;Cash;CS2;;0
SESS-16345;2026-08-17 22:38:06;USR-1737;2004-08-16;M;VIP;12;2070;2400;App;Dota 2;;0
SESS-11677;2026-08-06 22:02:34;USR-1148;1993-02-16;M;VIP;12;0;2400;Card;CS2;;0
SESS-14814;2026-08-18 16:08:30;USR-1514;2008-04-05;M;Bootcamp;1;270;150;Card;GTA V;4.0;0
SESS-11729;2026-08-01 09:41:08;USR-1531;2004-10-05;M;Bootcamp;1;0;150;Card;Apex Legends;5.0;0
SESS-15664;2026-08-16 20:34:12;USR-1295;1994-10-12;M;VIP;3;965;540;Card;CS2;;1
SESS-16412;2026-08-10 08:35:59;USR-1462;2005-11-05;M;VIP;2;320;400;Cash;CS2;;0
SESS-17105;2026-08-27 23:19:01;USR-1157;2005-06-14;M;Standard;5;800;500;App;Minecraft;3.0;0
SESS-12565;2026-08-10 13:21:19;USR-1587;2005-10-11;F;Standard;3;672;270;Card;Dota 2;5.0;1
SESS-12467;2026-08-15 18:33:25;USR-1453;1994-05-01;M;VIP;12;3234;2160;Card;CS2;4.0;1
SESS-13311;2026-08-02 23:14:29;USR-1024;2004-08-15;M;Standard;12;960;1200;Card;CS2;4.5;0
SESS-13008;2026-08-09 18:27:18;USR-1620;2011-02-02;M;Standard;3;0;300;App;Dota 2;;0
SESS-17042;2026-08-03 19:17:21;USR-1567;2007-11-15;m;Standard;3;503;270;App;PUBG;4.5;1
SESS-15261;2026-08-20 09:42:02;USR-1083;2009-01-17;M;Standard;2;0;200;Card;Dota 2;;0
SESS-14746;2026-08-22 16:37:34;USR-1068;1993-04-03;M;Standard;4;0;400;Card;CS2;;0
SESS-13662;2026-08-18 16:03:33;USR-1064;2006-08-21;F;Standard;3;240;300;Card;CS2;;0
SESS-14104;2026-08-27 19:21:25;USR-1399;1987-07-23;M;VIP;3;1050;600;Card;PUBG;4.0;0
SESS-10711;2026-08-28 17:43:19;USR-1515;2007-01-14;M;Standard;1;0;100;App;Dota 2;;0
SESS-11163;2026-08-28 17:01:08;USR-1496;2003-01-28;M;VIP ;2;0;200;Card;CS2;4.5;0
SESS-13244;2026-08-02 01:55:14;USR-1006;2005-05-17;M;VIP;8;790;1600;App;Dota 2;;0
SESS-16725;2026-08-22 00:37:38;USR-1220;2007-03-02;M;Bootcamp;8;1040;1200;Card;CS2;3.0;0
SESS-11763;2026-08-16 18:04:18;USR-1414;2008-04-21;M;Bootcamp;2;310;300;App;Deadlock;;0
SESS-16609;2026-08-29 19:36:21;USR-1767;2003-06-20;M;Bootcamp;3;440;450;Card;CS2;4.0;0
SESS-14670;2026-08-27 15:47:11;USR-1311;2009-11-01;F;Bootcamp;3;0;450;Cash;Dota 2;4.0;0
SESS-13166;2026-08-09 19:03:53;USR-1710;2003-03-07;F;Standard;1;0;100;Card;Deadlock;4.5;0
SESS-17060;2026-08-13 15:57:33;USR-1763;2007-01-21;F;VIP;2;390;400;Card;Deadlock;;0
SESS-11739;2026-08-15 12:53:34;USR-1571;2003-01-10;M;PS5;2;0;500;App;Dota 2;;0
SESS-13886;2026-08-14 18:20:35;USR-1016;2005-05-28;F;VIP;5;770;900;Card;Apex Legends;4.5;1
SESS-13956;2026-08-22 21:59:39;USR-1651;2004-10-24;M;Bootcamp;3;0;405;Card;Valorant;4.5;1
SESS-14327;2026-08-21 23:19:32;USR-1048;2010-12-21;M;PS5;8;0;2000;Card;Apex Legends;;0
SESS-11743;2026-08-08 18:26:05;USR-1054;1999-10-07;F;PS5;3;1050;750;Card;GTA V;;0
SESS-14813;2026-08-08 15:15:18;USR-1701;1996-05-13;F;PS5;1;550;250;Card;CS2;;0
SESS-16690;2026-08-05 20:23:20;USR-1504;2004-11-27;M;Bootcamp;2;658;270;App;Dota 2;;1
SESS-14192;2026-08-01 15:26:47;USR-1085;2000-03-10;M;Bootcamp;2;390;300;App;CS2;5.0;0
SESS-13490;2026-08-09 11:42:50;USR-1737;2004-08-16;M;VIP;2;0;400;App;Deadlock;;0
SESS-12773;2026-08-31 21:03:24;USR-1117;2010-06-21;M;Standard;2;0;200;App;CS2;;0
SESS-15244;2026-08-07 20:31:36;USR-1680;2006-07-25;M;VIP;2;434;360;Card;CS2;5.0;1
SESS-12150;2026-08-19 22:16:30;USR-1349;1992-07-28;F;PS5;8;0;1800;Card;PUBG;5.0;1
SESS-14342;2026-08-14 17:06:55;USR-1049;1997-11-16;M;VIP;5;1050;1000;Card;Dota 2;4.0;0
SESS-14565;2026-08-14 17:33:31;USR-1000;2005-11-15;M;VIP;3;0;540;App;Valorant;;1
SESS-15716;2026-08-07 19:33:35;USR-1145;2000-12-11;M;Standard;5;1260;450;App;CS2;4.0;1
SESS-10704;2026-08-22 15:00:55;USR-1328;2005-04-15;M;PS5;2;240;500;Card;Dota 2;;0
SESS-16456;2026-08-20 19:54:18;USR-1664;1997-08-14;M;Bootcamp;4;0;600;Card;PUBG;5.0;0
SESS-10687;2026-08-09 11:09:10;USR-1592;2005-06-27;M;PS5;5;600;1250;Card;CS2;;0
SESS-12040;2026-08-04 19:45:31;USR-1088;2004-05-15;M;VIP;2;310;400;Card;Valorant;;0
SESS-13053;2026-08-05 12:57:08;USR-1276;2007-05-01;F;Standard;2;160;200;Card;Valorant;4.5;0
SESS-15233;2026-08-26 16:20:01;USR-1095;2005-12-26;M;Standard;2;160;200 руб.;Card;CS2;;0
SESS-11161;2026-08-28 15:49:43;USR-1455;2010-07-28;M;Standard;3;0;300;App;PUBG;;0
SESS-15376;2026-08-06 19:31:21;USR-1139;2012-11-24;M;Standard;2;120;200;Cash;CS2;;0
SESS-15549;2026-08-28 13:37:06;USR-1626;2004-08-28;F;PS5;2;448;450;Card;Valorant;4.0;1
SESS-14628;2026-08-02 19:52:12;USR-1733;2007-06-21;M;VIP;1;240;200;Card;CS2;4.5;0
SESS-11020;2026-08-19 12:40:28;USR-1412;2009-12-06;M;Standard;12;960;1200;App;CS2;;0
SESS-11933;2026-08-29 20:42:22;USR-1111;1997-10-25;M;VIP;2;510;400;App;CS2;;0
SESS-15289;2026-08-23 11:00:08;USR-1075;2008-12-21;M;VIP;5;480;1000;Card;Dota 2;5.0;0
SESS-15502;2026-08-13 16:07:04;USR-1108;2005-03-19;M;VIP;2;400;400;Card;Valorant;4.0;0
SESS-13408;2026-08-03 10:37:17;USR-1123;1995-12-22;M;Bootcamp;1;0;150;Card;Cyberpunk 2077;;0
SESS-12196;2026-08-27 12:24:11;USR-1086;2011-03-02;M;Standard;4;0;400;Cash;Dota 2;;0
SESS-13864;2026-08-24 12:36:37;USR-1328;2005-04-15;M;Bootcamp;2;0;300;App;Deadlock;;0
SESS-14221;2026-08-04 16:36:12;USR-1140;2006-12-27;F;Standard;4;448;360;App;CS2;4.5;1
SESS-16892;2026-08-13 15:43:01;USR-1087;2006-03-16;M;VIP;2;240;400;App;Deadlock;;0
SESS-13571;2026-08-06 21:46:30;USR-1009;1997-10-05;F;Standard;3;360;300;Card;Dota 2;;0
SESS-13197;2026-08-17 00:21:36;USR-1510;2005-04-12;M;VIP;3;440;600;Card;Valorant;;0
SESS-11124;2026-08-24 20:19:54;USR-1500;2012-09-28;M;Bootcamp;2;0;300;App;Minecraft;;0
SESS-11277;2026-08-24 01:04:49;USR-1094;2004-06-11;M;Standard;8;0;800;Card;Dota 2;4.0;0
SESS-15860;2026-08-24 20:47:23;USR-1282;2005-08-11;F;VIP;5;0;1000;Card;CS2;5.0;0
SESS-10002;2026-08-02 00:27:11;USR-1595;1991-02-26;M;Standard;12;0;1080;Card;Dota 2;4.5;1
SESS-13620;2026-08-01 14:52:24;USR-1081;2004-02-04;M;Bootcamp;4;720;600;App;CS2;3.0;0
SESS-10986;2026-08-01 09:16:46;USR-1448;2008-08-23;M;Bootcamp;3;0;450;App;Valorant;;0
SESS-13343;2026-08-15 21:31:24;USR-1077;2005-03-16;M;Standard;2;160;200;App;CS2;4.0;0
SESS-16569;2026-08-15 12:33:18;USR-1245;2023-06-15;F;VIP;-2;0;600;Card;CS2;;0
SESS-14457;2026-08-09 13:48:49;USR-1355;2003-03-22;M;Standard;2;0;200;Card;Deadlock;;0
SESS-14913;2026-08-16 19:38:11;USR-1036;2004-09-28;M;Bootcamp;1;0;150;Card;CS2;;0
SESS-10165;2026-08-30 01:45:09;USR-1066;1994-01-05;M;VIP;8;0;1440;Card;Dota 2;;1
SESS-14745;2026-08-23 00:40:06;USR-1044;1999-09-01;M;Standard;8;2800;720;Card;CS2;4.0;1
SESS-15313;2026-08-03 23:13:42;USR-1159;2004-02-12;M;Standard;8;0;800;Card;Dota 2;5.0;0
SESS-16715;2026-08-06 15:16:31;USR-1669;2005-06-05;M;Standard;3;360;300;App;Valorant;4.5;0
SESS-13207;2026-08-01 10:04:35;USR-1010;1991-07-05;F;PS5;2;0;450;App;CS2;;1
SESS-11826;2026-08-30 02:49:46;USR-1044;1999-09-01;M;Standard;1;0;100;Card;PUBG;3.0;0
SESS-14480;2026-08-05 19:39:06;USR-1520;1995-11-17;M;Bootcamp;3;714;405;Card;CS2;4.0;1
SESS-13858;2026-08-09 17:12:38;USR-1720;2012-11-25;F;Bootcamp;2;120;300;Cash;CS2;5.0;0
SESS-15022;2026-08-18 19:25:27;USR-1001;2007-02-26;M;Standard;1;120;100;App;Dota 2;5.0;0
SESS-13242;2026-08-08 19:24:44;USR-1566;2006-01-25;M;VIP;2;470;400;Card;CS2;;0
SESS-14117;2026-08-01 18:21:18;USR-1675;2005-06-14;M;PS5;2;240;500;Card;Valorant;5.0;0
SESS-12466;2026-08-07 13:25:57;USR-1391;2005-03-11;M;PS5;1;0;250;Card;Valorant;;0
SESS-16814;2026-08-16 10:12:33;USR-1567;2007-11-15;M;Standard;5;400;500;App;Valorant;2.0;0
SESS-11052;2026-08-15 21:18:47;USR-1139;2012-11-24;M;Standard;2;0;200;Cash;Deadlock;;0
SESS-11106;2026-08-11 13:39:10;USR-1271;2009-10-10;M;Standard;2;0;200;;Minecraft;;0
SESS-14576;2026-08-21 16:40:33;USR-1549;2005-11-12;M;Standard;3;240;300;Card;CS2;;0
SESS-14701;2026-08-19 18:35:18;USR-1154;;M;VIP;3;690;600;Card;Cyberpunk 2077;;0
SESS-11799;2026-08-03 22:55:03;USR-1291;1995-02-07;F;VIP;5;0;1000;App;CS2;4.0;0
SESS-10778;2026-08-05 15:25:24;USR-1358;2004-05-16;F;Standard;2;240;200;Card;Dota 2;4.5;0
SESS-15036;2026-08-29 16:06:59;USR-1047;2005-09-11;M;PS5;3;360;750;Card;CS2;4.5;0
SESS-12752;2026-08-13 17:00:23;USR-1160;2001-07-16;F;Standard;4;320;400;App;PUBG;;0
SESS-16806;2026-08-11 02:17:56;USR-1049;1997-11-16;M;Bootcamp;3;510;450;App;Cyberpunk 2077;;0
SESS-14896;2026-08-30 16:17:48;USR-1799;2010-09-02;M;Standard;2;0;180;Cash;Dota 2;;1
SESS-10311;2026-08-09 18:55:05;USR-1050;2008-08-14;M;Standard;3;0;300;App;Dota 2;4.0;0
SESS-16379;2026-08-04 18:21:02;USR-1001;2007-02-26;M;PS5;2;240;500;Card;CS2;;0
SESS-16395;2026-08-28 00:07:15;USR-1005;1997-04-20;M;VIP;5;1550;1000;Card;CS2;4.5;0
SESS-12392;2026-08-01 00:56:48;USR-1101;1997-03-02;M;Standard;12;2160;1200;Card;Dota 2;1.0;0
SESS-10505;2026-08-19 19:59:59;USR-1142;2004-11-07;M;VIP;1;270;200;Card;CS2;;0
SESS-12399;2026-08-17 01:48:07;USR-1086;2011-03-02;M;Bootcamp;5;200;750;Cash;Valorant;;0
SESS-12290;2026-08-30 06:47:21;USR-1147;2012-09-13;M;Bootcamp;3;240;450;App;Valorant;;0
SESS-11553;2026-08-12 01:53:02;USR-1067;2006-04-02;M;VIP;8;0;1600;Card;Dota 2;;0
SESS-15953;2026-08-11 19:40:03;USR-1043;2007-04-22;M;Standard;4;0;400;App;Valorant;;0
SESS-16207;2026-08-08 17:03:17;USR-1110;2004-11-28;F;Standard;3;503;270;Card;CS2;;1
SESS-14173;2026-08-29 18:02:23;USR-1332;2004-11-09;M;Standard;2;224;180;App;PUBG;;1
SESS-15170;2026-08-28 20:28:50;USR-1291;1995-02-07;F;VIP;2;800;400;Card;CS2;;0
SESS-10054;2026-08-20 19:41:25;USR-1325;2012-04-06;M;Bootcamp;1;60;150;Card;CS2;4.5;0
SESS-10788;2026-08-29 11:43:13;USR-1117;2010-06-21;m;Bootcamp;3;168;405;Cash;CS2;;1
SESS-12019;2026-08-22 17:23:24;USR-1237;2004-01-20;M;Standard;8;1280;800;Card;Dota 2;5.0;0
SESS-13410;2026-08-01 19:10:18;USR-1754;2005-09-24;M;Standard;2;448;180;Cash;CS2;3.0;1
SESS-12966;2026-08-01 23:06:24;USR-1742;2011-08-07;M;Standard;12;0;1200;App;Dota 2;4.5;0
SESS-13910;2026-08-31 22:20:35;USR-1140;2006-12-27;F;VIP;12;1040;2400;App;Dota 2;;0
SESS-11031;2026-08-21 00:06:43;USR-1367;2008-06-11;M;Standard;5;1120;450;Card;CS2;;1
SESS-12974;2026-08-23 16:00:34;USR-1565;2010-06-08;M;Bootcamp;3;0;450;App;Dota 2;;0
SESS-10632;2026-08-26 18:49:02;USR-1129;1998-11-08;M;Bootcamp;2;0;300;App;Browser/Work;;0
SESS-12960;2026-08-02 14:51:44;USR-1072;2005-05-26;M;VIP;2;310;400;Card;PUBG;;0
SESS-16791;2026-08-16 13:33:44;USR-1521;2010-02-13;M;Bootcamp;1;40;150;Card;Valorant;;0
SESS-10989;2026-08-25 21:15:48;USR-1656;2003-11-06;M; standard ;3;240;300;Card;Deadlock;4.5;0
SESS-11402;2026-08-13 23:28:23;USR-1084;2005-03-01;F;VIP;3;0;600;Card;Dota 2;4.5;0
SESS-13254;2026-08-07 22:50:44;USR-1154;2000-02-18;M;Standard;5;900;500;Card;Cyberpunk 2077;3.0;0
SESS-16808;2026-08-22 19:56:50;USR-1327;2007-07-01;M;VIP;2;0;400;Card;Deadlock;;0
SESS-13077;2026-08-08 18:47:57;USR-1627;1990-04-25;M;PS5;2;909;450;;CS2;;1
SESS-16742;2026-08-08 16:05:19;USR-1095;2005-12-26;M;Standard;3;480;300;Card;Dota 2;4.0;0
SESS-11837;2026-08-25 11:00:07;USR-1448;2008-08-23;M;Standard;8;0;800;Card;Deadlock;3.0;0
SESS-12127;2026-08-28 22:20:09;USR-1597;2010-07-06;M;Standard;5;0;500;Card;CS2;;0
SESS-11126;2026-08-31 03:04:19;USR-1093;1995-09-19;M;VIP;1;270;200;Card;GTA V;;0
SESS-11514;2026-08-21 20:42:41;USR-1729;2006-02-25;M;PS5;2;0;500;App;CS2;;0
SESS-16026;2026-08-01 23:50:04;USR-1635;1996-11-22;M;Standard;8;960;800;Cash;Cyberpunk 2077;4.0;0
SESS-10597;2026-08-17 22:10:19;USR-1078;1995-10-22;F;VIP;5;1050;1000;Card;Browser/Work;;0
SESS-11523;2026-08-02 02:54:48;USR-1099;2004-01-10;F;VIP;1;200;200;Card;Dota 2;;0
SESS-14400;2026-08-14 12:48:55;USR-1675;2005-06-14;M;VIP;3;630;600;Card;Dota 2;4.5;0
SESS-11866;2026-08-15 02:38:01;USR-1585;2002-01-22;M;PS5;1;120;250;App;Valorant;;0
SESS-13170;2026-08-07 16:12:34;USR-1634;2000-02-27;M;PS5;2;540;500;App;CS2;4.0;0
SESS-15434;2026-08-02 19:05:35;USR-1261;2012-03-26;M;Standard;2;0;200;Card;CS2;5.0;0
SESS-12262;2026-08-26 18:15:30;USR-1150;2003-04-24;M;VIP;3;546;540;App;Dota 2;;1
SESS-10278;2026-08-21 09:54:41;USR-1498;1986-07-05;M;VIP;8;0;1600;App;Deadlock;;0
SESS-15117;2026-08-18 13:42:48;USR-1679;;M;Standard;1;112;90;App;CS2;;1
SESS-14301;2026-08-29 03:53:08;USR-1033;2008-06-16;M;Bootcamp;4;882;540;Cash;CS2;4.0;1
SESS-16009;2026-08-19 20:28:12;USR-1107;2011-02-22;M;Standard;2;160;200;Cash;Valorant;3.0;0
SESS-15780;2026-08-26 20:33:51;USR-1142;2004-11-07;M;Standard;8;1344;720;Card;Valorant;4.0;1
SESS-12303;2026-08-22 17:13:54;USR-1582;2002-06-08;M;Standard;2;160;200;Card;Dota 2;;0
SESS-14543;2026-08-23 01:37:34;USR-1289;2007-10-10;M;Standard;8;1280;800;Card;Apex Legends;4.5;0
SESS-10517;2026-08-04 21:21:48;USR-1243;2005-06-18;M;Standard;2;0;200;Card;CS2;;0
SESS-12186;2026-08-20 17:24:46;USR-1289;2007-10-10;M;Standard;2;240;200;Card;Deadlock;;0
SESS-11501;2026-08-28 23:23:41;USR-1068;1993-04-03;M;VIP;8;1554;1440;Card;GTA V;5.0;1
SESS-12820;2026-08-15 12:04:19;USR-1141;1998-03-28;M;Bootcamp;1;330;150;Card;Dota 2;;0
SESS-13573;2026-08-30 19:06:35;USR-1027;1997-11-04;F;Bootcamp;2;510;300;App;CS2;4.5;0
SESS-11534;2026-08-12 20:30:17;USR-1413;2001-06-20;M;Bootcamp;2;390;300;Cash;Dota 2;;0
SESS-12804;2026-08-28 09:49:44;USR-1530;1994-12-28;M;PS5;2;510;500;Card;PUBG;;0
SESS-10576;2026-08-10 19:24:50;USR-1329;2001-05-11;M;PS5;1;0;250;Card;Valorant;;0
SESS-13346;2026-08-21 20:57:59;USR-1357;1992-05-25;M;VIP;3;1260;540;Card;PUBG;;1
SESS-13032;2026-08-21 17:36:56;USR-1005;1997-04-20;M;VIP;4;882;720;Card;Dota 2;4.5;1
SESS-13315;2026-08-06 17:39:57;USR-1159;2004-02-12;M;Standard;2;320;200;App;Apex Legends;;0
SESS-15618;2026-08-30 17:34:30;USR-1144;1993-04-03;M;PS5;5;900;1250;Card;Cyberpunk 2077;5.0;0
SESS-10456;2026-08-28 15:12:37;USR-1034;2010-09-11;F;Bootcamp;5;200;750;Card;CS2;4.5;0
SESS-13135;2026-08-20 00:36:21;USR-1634;2000-02-27;M;VIP;8;3220;1440;Card;CS2;2.0;1
SESS-11039;2026-08-23 22:47:17;USR-1103;2008-04-20;M;Standard;12;2688;1080;Card;Deadlock;5.0;1
SESS-12874;2026-08-15 10:58:37;USR-1726;2005-02-17;M;Standard;1;120;100;Card;CS2;;0
SESS-16501;2026-08-07 20:58:06;USR-1499;2007-05-20;M;VIP;3;0;600;App;Apex Legends;;0
SESS-12250;2026-08-26 16:33:43;USR-1130;2011-08-14;M;Standard;4;0;360;App;CS2;4.0;1
SESS-11397;2026-08-19 15:36:40;USR-1263;2005-12-11;M;VIP;4;0;800;Card;Apex Legends;;0
SESS-15012;2026-08-27 16:22:30;USR-1541;2011-11-17;M;Standard;1;80;100;App;CS2;;0
SESS-11682;2026-08-03 15:28:58;USR-1556;2005-04-09;M;Standard;3;240;300;Card;CS2;4.0;0
SESS-12305;2026-08-27 15:25:37;USR-1562;2002-10-20;M;Standard;1;80;100;App;CS2;;0
SESS-16570;2026-08-30 01:55:34;USR-1036;2004-09-28;M;PS5;5;0;1250;Cash;Dota 2;;0
SESS-13855;2026-08-31 15:08:44;USR-1027;1997-11-04;F;VIP;2;0;400;Card;Dota 2;;0
SESS-12931;2026-08-12 12:58:11;USR-1376;2003-07-08;M;Standard;1;160;100;Card;CS2;4.5;0
SESS-10344;2026-08-08 16:21:11;USR-1578;2012-07-09;M;Standard;2;0;200;Cash;Deadlock;;0
SESS-16314;2026-08-03 23:58:21;USR-1055;2007-06-20;M;Standard;5;800;500;Card;CS2;;0
SESS-15270;2026-08-22 14:40:32;USR-1059;2012-10-27;F;Standard;5;420;450;Card;GTA V;5.0;1
SESS-12813;2026-08-16 15:08:31;USR-1665;2006-07-08;F;PS5;2;240;500;Card;Valorant;;0
SESS-13770;2026-08-01 15:11:37;USR-1013;2012-02-18;M;Standard;3;0;3ОО;App;Valorant;;0
SESS-16870;2026-08-03 17:42:48;USR-1111;1997-10-25;M;VIP;4;0;720;Card;Dota 2;;1
SESS-15381;2026-08-14 18:32:28;USR-1674;2005-08-20;F;VIP;1;0;200;Card;Dota 2;4.0;0
SESS-10467;2026-08-31 09:58:59;USR-1557;2012-03-23;M;Bootcamp;2;0;300;Cash;Minecraft;;0
SESS-12632;2026-08-16 09:28:57;USR-1675;2005-06-14;M;VIP;2;400;400;Card;Dota 2;5.0;0
SESS-13666;2026-08-15 19:22:23;USR-1320;2012-04-04;F;PS5;1;60;250;App;Deadlock;4.5;0
SESS-12153;2026-08-05 21:56:30;USR-1317;2004-05-12;M;Standard;2;320;200;Card;Apex Legends;4.5;0
SESS-10187;2026-08-26 18:34:51;USR-1461;2010-06-09;M;Standard;3;0;270;Cash;Dota 2;4.5;1
SESS-16644;2026-08-14 14:37:36;USR-1237;2004-01-20;M;VIP;2;0;400;App;CS2;;0
SESS-15825;2026-08-08 21:48:18;USR-1345;2004-11-13;M;Bootcamp;3;0;405;Card;CS2;4.5;1
SESS-13930;2026-08-13 00:31:23;USR-1772;2005-07-01;M;Bootcamp;5;0;750;Card;Valorant;;0
SESS-14716;2026-08-20 14:01:46;USR-1714;2004-09-13;M;VIP;1;270;200;Card;Dota 2;5.0;0
SESS-13847;2026-08-15 11:53:15;USR-1066;1994-01-05;M;VIP;2;660;400;Card;PUBG;;0
SESS-16038;2026-08-30 17:21:43;USR-1095;2005-12-26;M;Standard;2;0;200;Card;CS2;;0
SESS-14265;2026-08-02 21:49:47;USR-1044;1999-09-01;M;VIP;2;540;400;Card;GTA V;;0
SESS-11337;2026-08-22 11:20:43;USR-1019;1993-10-21;M;VIP;3;0;600;App;GTA V;;0
SESS-14001;2026-08-05 18:51:20;USR-1632;2006-05-07;M;Standard;4;0;400;Card;Minecraft;;0
SESS-11629;2026-08-24 20:59:46;USR-1045;2006-03-25;F;Standard;5;0;500;Cash;Valorant;;0
SESS-15686;2026-08-24 18:04:11;USR-1294;2003-10-14;F;PS5;1;0;250;App;CS2;;0
SESS-13905;2026-08-01 17:07:21;USR-1779;2006-11-16;M;Bootcamp;2;390;300;Card;CS2;4.0;0
SESS-16761;2026-08-27 19:18:52;USR-1069;2004-01-15;M;Standard;5;800;500;Card;Deadlock;3.0;0
SESS-13060;2026-08-17 17:27:17;USR-1568;2003-01-19;M;PS5;1;0;225;App;Apex Legends;;1
SESS-15880;2026-08-16 20:56:15;USR-1120;2006-07-03;M;Bootcamp;8;1106;1080;Card;Dota 2;5.0;1
SESS-15903;2026-08-07 20:38:12;USR-1007;2003-09-21;M;VIP;1;280;180;Card;CS2;4.0;1
SESS-13784;2026-08-30 20:49:40;USR-1487;2006-10-22;M;Standard;3;0;300;App;Valorant;;0
SESS-10211;2026-08-13 20:01:23;USR-1619;2007-10-26;M;Standard;2;160;200;Card;CS2;;0
SESS-14505;2026-08-10 16:05:14;USR-1068;1993-04-03;M;VIP;4;0;800;App;GTA V;;0
SESS-11630;2026-08-25 13:45:50;USR-1032;2009-06-21;M;Standard;2;0;200;App;CS2;;0
SESS-12694;2026-08-07 13:43:23;USR-1661;1998-12-06;M;VIP;1;420;200;Card;CS2;4.5;0
SESS-12956;2026-08-29 11:18:05;USR-1055;2007-06-20;M;VIP;2;336;360;Card;Dota 2;;1
SESS-12710;2026-08-21 15:25:34;USR-1697;2002-12-15;M;VIP;1;310;200;Card;CS2;5.0;0
SESS-14459;2026-08-29 10:04:42;USR-1148;1993-02-16;M;Standard;3;750;300;Card;Cyberpunk 2077;;0
SESS-15730;2026-08-10 16:46:14;USR-1032;2009-06-21;M;Bootcamp;2;0;270;Card;Dota 2;;1
SESS-13200;2026-08-23 20:03:10;USR-1106;1997-11-09;M;Bootcamp;2;510;300;Card;Valorant;4.5;0
SESS-16280;2026-08-15 16:48:05;USR-1084;2005-03-01;F;Bootcamp;2;0;300;Card;Dota 2;1.0;0
SESS-13381;2026-08-06 13:15:26;USR-1073;2010-12-24;M;Standard;2;0;200;Card;CS2;;0
SESS-16288;2026-08-22 17:44:39;USR-1724;2010-03-04;F;Bootcamp;1;0;150;Cash;Minecraft;;0
SESS-10770;2026-08-11 19:07:15;USR-1053;1998-05-01;M;VIP;2;650;400;Card;GTA V;4.5;0
SESS-12807;2026-08-30 20:41:39;USR-1080;2003-02-28;M;Standard;3;672;270;Cash;CS2;;1
SESS-13626;2026-08-15 21:25:47;USR-1407;1994-07-04;M;PS5;2;650;500;Card;Browser/Work;4.5;0
SESS-13406;2026-08-22 22:53:37;USR-1730;2012-04-06;M;VIP;8;0;1600;Card;Dota 2;;0
SESS-11206;2026-08-11 15:21:02;USR-1294;2003-10-14;F;VIP;2;0;400;App;Apex Legends;;0
SESS-12313;2026-08-13 23:51:35;USR-1121;2008-02-21;M;VIP;5;0;1000;Card;CS2;;0
SESS-14271;2026-08-21 09:57:57;USR-1152;2004-07-27;M;Bootcamp;3;0;450;Card;Dota 2;4.0;0
SESS-13353;2026-08-28 22:54:05;USR-1012;2006-05-26;M;Standard;8;0;800;Card;Dota 2;3.0;0
SESS-15512;2026-08-09 11:01:54;USR-1071;2007-09-17;M;VIP;2;0;400;Card;CS2;;0
SESS-14900;2026-08-05 16:22:05;USR-1210;2010-12-23;M;Standard;2;0;200;App;Minecraft;;0
SESS-11598;2026-08-01 23:11:25;USR-1151;1994-06-23;M;Standard;8;2800;720;App;PUBG;4.0;1
SESS-15492;2026-08-07 15:30:58;USR-1144;1993-04-03;M;Standard;1;180;100;Cash;GTA V;;0
SESS-10805;2026-08-06 15:24:08;USR-1625;2012-08-19;M;Standard;8;640;800;Cash;Dota 2;;0
SESS-10144;2026-08-09 10:47:38;USR-1287;2006-01-08;M;VIP;2;400;400;App;GTA V;4.0;0
SESS-14462;2026-08-15 23:25:00;USR-1114;2010-06-11;F;PS5;2;0;500;App;CS2;;0
SESS-12819;2026-08-02 01:44:38;USR-1220;2007-03-02;M;Standard;8;896;720;Card;Minecraft;;1
SESS-16077;2026-08-24 01:40:00;USR-1139;2012-11-24;M;Standard;8;0;800;App;Dota 2;;0
SESS-10432;2026-08-02 09:01:58;USR-1122;2004-02-05;M;Standard;5;1120;450;App;Dota 2;;1
SESS-11938;2026-08-29 18:10:58;USR-1100;2003-04-03;M;VIP;5;0;900;App;Dota 2;4.5;1
SESS-15626;2026-08-01 18:33:54;USR-1057;2002-08-25;M;Standard;4;0;360;Card;CS2;4.5;1
SESS-15867;2026-08-18 21:35:28;USR-1063;2008-01-18;F;PS5;3;0;750;Card;Dota 2;;0
SESS-10548;2026-08-16 11:17:00;USR-1054;1999-10-07;F;Standard;4;672;360;Card;CS2;;1
SESS-16619;2026-08-29 15:40:06;USR-1124;2012-08-08;M;Standard;2;0;200;Cash;CS2;;0
SESS-12912;2026-08-13 22:48:20;USR-1087;2006-03-16;M;Bootcamp;8;0;1080;Cash;Valorant;;1
SESS-16472;2026-08-17 13:22:38;USR-1200;2009-09-06;M;Standard;1;0;100;Card;Minecraft;;0
SESS-10961;2026-08-25 16:40:17;USR-1642;1989-12-23;M;Standard;2;240;200;Card;GTA V;4.0;0
SESS-11572;2026-08-30 21:06:41;USR-1486;2010-10-17;M;Standard;3;251;270;App;GTA V;4.0;1
SESS-13136;2026-08-20 11:13:17;USR-1493;2005-01-28;M;Bootcamp;2;0;270;Card;Dota 2;;1
SESS-12507;2026-08-17 21:11:29;USR-1226;2006-05-20;M;VIP;2;470;400;Card;CS2;;0
SESS-10260;2026-08-08 02:51:07;USR-1606;1990-02-12;M;Standard;4;1000;400;Card;CS2;;0
SESS-11977;2026-08-01 13:28:10;USR-1036;2004-09-28;M;Standard;5;0;500;Card;CS2;;0
SESS-12120;2026-08-11 14:54:12;USR-1351;2012-06-13;M;Standard;5;0;500;Card;CS2;;0
SESS-10179;2026-08-10 18:46:43;USR-1380;2008-09-13;M;Standard;3;0;270;Card;Apex Legends;;1
SESS-16549;2026-08-16 11:12:04;USR-1101;1997-03-02;M;Standard;2;500;200;Card;CS2;;0
SESS-16996;2026/08/01 10:48:42;USR-1768;2006-03-08;M;VIP;2;0;400;App;PUBG;;0
SESS-10101;2026-08-30 21:25:33;USR-1336;2005-03-08;M;Bootcamp;3;510;450;Card;GTA V;;0
SESS-11703;2026-08-06 13:23:14;USR-1222;2006-11-04;M;Standard;1;160;100;App;CS2;;0
SESS-11539;2026-08-14 13:40:24;USR-1153;2006-11-27;M;Standard;1;0;100;Card;Dota 2;4.5;0
SESS-11617;2026-08-20 16:44:30;USR-1392;2002-10-07;M;VIP;1;0;200;Card;Dota 2;4.0;0
SESS-13367;2026-08-26 22:34:20;USR-1133;2005-08-18;M;Standard;12;0;1200;Card;CS2;3.0;0
SESS-16771;2026-08-24 09:14:46;USR-1264;2010-11-04;M;Standard;3;0;300;App;Valorant;;0
SESS-13097;2026-08-21 11:05:36;USR-1272;2006-03-16;F;VIP;2;0;400;App;Dota 2;;0
SESS-13656;2026-08-09 02:30:33;USR-1047;2005-09-11;M;Bootcamp;4;470;600;Card;Dota 2;4.5;0
SESS-14090;2026-08-02 21:44:34;USR-1120;2006-07-03;M;Standard;2;320;200;Card;Dota 2;;0
SESS-13503;2026-08-06 11:46:19;USR-1216;01/27/2002;M;Standard;8;896;720;Card;Valorant;4.5;1
SESS-16204;2026-08-29 11:46:00;USR-1552;2012-06-16;M;Standard;2;0;200;Cash;CS2;;0
SESS-10544;2026-08-22 14:04:49;USR-1304;2005-07-18;M;VIP;8;1110;1600;Card;PUBG;;0
SESS-15319;2026-08-20 21:06:19;USR-1491;2012-07-02;M;Bootcamp;2;0;300;App;Minecraft;;0
SESS-13428;2026-08-21 20:12:48;USR-1142;2004-11-07;M;Bootcamp;1;0;150;Card;Valorant;;0
SESS-14873;2026-08-30 22:28:26;USR-1775;1990-12-05;M;VIP;12;0;2400;Card;Dota 2;5.0;0
SESS-13719;2026-08-16 19:06:02;USR-1106;1997-11-09;M;Standard;3;540;300;Card;GTA V;;0
SESS-14361;2026-08-11 20:34:38;USR-1140;2006-12-27;F;Standard;2;240;200;Cash;CS2;5.0;0
SESS-15675;2026-08-22 19:58:56;USR-1098;2012-02-17;M;Standard;2;0;200;App;Minecraft;;0
SESS-10493;2026-08-05 00:01:09;USR-1101;1997-03-02;M;PS5;5;750;1250;Card;GTA V;;0
SESS-14944;2026-08-04 15:31:49;USR-1268;2006-10-23;M;VIP;1;310;200;App;GTA V;;0
SESS-10606;2026-08-21 17:33:34;USR-1434;2003-07-23;M;VIP;1;160;200;Card;Valorant;;0
SESS-11798;2026-08-02 01:29:24;USR-1023;2008-04-24;F;VIP;12;0;2400;App;Dota 2;4.5;0
SESS-12092;2026-08-03 14:42:13;USR-1145;2000-12-11;M;PS5;3;510;750;Card;PUBG;5.0;0
SESS-10911;2026-08-18 00:25:08;USR-1128;2008-04-02;F;Standard;8;896;720;App;CS2;5.0;1
SESS-15866;2026-08-26 21:33:13;USR-1077;2005-03-16;M;Standard;4;448;360;Card;Dota 2;;1
SESS-10889;2026-08-13 11:11:21;USR-1284;2012-02-26;M;Standard;2;0;200;App;Minecraft;;0
SESS-16652;2026-08-25 10:48:39;USR-1123;1995-12-22;M;VIP;3;965;540;Card;Dota 2;5.0;1
SESS-17059;2026-08-08 19:15:38;USR-1197;2007-12-20;M;Bootcamp;3;0;450;App;Valorant;;0
SESS-15633;2026-08-19 14:07:06;USR-1462;2005-11-05;M;PS5;2;240;500;App;Valorant;2.0;0
SESS-14293;2026-08-21 15:08:18;USR-1362;2007-07-04;F;VIP;4;1106;720;Cash;CS2;;1
SESS-13959;2026-08-25 18:56:02;USR-1543;2010-11-12;M;VIP;3;240;600;Cash;Minecraft;;0
SESS-14019;2026-08-08 23:37:17;USR-1698;2006-03-02;M;VIP;12;2800;2160;App;CS2;5.0;1
SESS-15266;2026-08-30 02:37:39;USR-1380;2008-09-13;M;;Standard;2;0;Card;Apex Legends;;0
SESS-14785;2026-08-06 13:38:53;USR-1623;2010-04-05;M;Standard;2;80;200;App;Dota 2;;0
SESS-12929;2026-08-10 21:54:21;USR-1089;2002-06-04;F;Standard;2;0;200;Card;Apex Legends;;0
SESS-12320;2026-08-07 10:51:33;USR-1056;1985-10-21;M;VIP;2;0;400;Card;PUBG;;0
SESS-15765;2026-08-30 20:51:05;USR-1691;1997-11-19;M;VIP;1;0;200;Card;Dota 2;;0
SESS-16618;2026-08-13 20:15:29;USR-1037;2010-08-28;M;Bootcamp;2;0;300;Card;Minecraft;;0
SESS-11664;2026-08-14 14:49:00;USR-1011;2007-06-06;M;Standard;2;0;200;Card;Apex Legends;4.5;0
SESS-10842;2026-08-13 17:22:29;USR-1131;2006-08-05;M;Bootcamp;3;784;405;App;Dota 2;4.0;1
SESS-13867;2026-08-23 21:19:19;USR-1063;2008-01-18;F;Bootcamp;2;390;300;Card;Dota 2;;0
SESS-10484;2026-08-29 18:39:39;USR-1028;2008-11-24;M;VIP;4;560;720;Card;Minecraft;;1
SESS-10240;2026-08-31 20:34:09;USR-1016;2005-05-28;F;Standard;5;0;500;Card;CS2;4.5;0
SESS-12091;2026-08-25 21:53:45;USR-1038;2007-09-18;M;Bootcamp;2;390;300;Card;CS2;4.0;0
SESS-10992;2026-08-22 17:52:12;USR-1542;1990/10/16;M;PS5;2;540;500;Card;Dota 2;;0
SESS-15654;2026-08-23 15:58:12;USR-1322;2011-04-03;M;Standard;1;0;100;App;Dota 2;;0
SESS-10291;2026-08-10 23:47:37;USR-1791;1995-04-04;M;PS5;5;1260;1125;Card;CS2;3.0;1
SESS-13963;2026-08-07 12:31:01;USR-1734;1991-03-22;M;Standard;2;240;200;Card;Cyberpunk 2077;;0
SESS-15475;2026-08-07 12:07:45;USR-1066;1994-01-05;M;Bootcamp;2;650;300;Card;GTA V;;0
SESS-16582;2026-08-05 13:46:22;USR-1138;2002-01-01;M;Standard;5;560;450;Card;Apex Legends;4.0;1
SESS-10503;2026-08-02 14:36:32;USR-1135;2012-06-13;M;PS5;2;120;500;Card;CS2;;0
SESS-16781;2026-08-30 13:29:47;USR-1139;2012-11-24;M;Standard;1;80;100;Cash;Minecraft;5.0;0
SESS-10074;2026-08-23 20:29:16;USR-1040;2005-01-02;M;VIP;8;1554;1440;App;PUBG;;1
SESS-16632;2026-08-16 17:40:23;USR-1061;2003-09-11;M;VIP;5;0;900;Card;CS2;5.0;1
SESS-14388;2026-08-06 20:41:10;USR-1014;2010-10-27;M;PS5;3 ч.;251;675;App;Valorant;4.5;1
SESS-15241;2026-08-22 11:56:08;USR-1244;2007-03-24;F;Bootcamp;2;390;300;App;CS2;1.0;0
SESS-12274;2026-08-13 19:09:15;USR-1147;2012-09-13;M;Standard;3;240;300;Cash;CS2;4.0;0
SESS-11964;2026-08-05 16:10:41;USR-1094;2004-06-11;M;VIP;1;0;200;Card;Deadlock;;0
SESS-11556;2026-08-31 18:59:45;USR-1555;2011-04-14;F;Standard;3;0;270;Cash;Apex Legends;;1
SESS-17087;2026-08-25 10:55:29;USR-1204;2004-11-11;M;PS5;2;320;500;App;Deadlock;5.0;0
SESS-10795;2026-08-14 17:20:32;USR-1144;1993-04-03;M;PS5;4;1218;900 руб.;Card;CS2;;1
SESS-13320;2026-08-01 11:38:01;USR-1285;1998-10-11;M;;Bootcamp;1;0;Card;GTA V;5.0;0
SESS-12951;2026-08-15 07:26:47;USR-1017;1994-02-15;M;VIP;2;660;400;App;Cyberpunk 2077;;0
SESS-10822;2026-08-18 00:57:57;USR-1015;2011-11-25;M;Bootcamp;12;0;1620;Cash;Dota 2;;1
SESS-13717;2026-08-21 19:55:36;USR-1785;1997-05-20;F;PS5;4;1819;900;Card;Deadlock;;1
SESS-13787;2026-08-08 15:09:32;USR-1370;2007-12-16;M;Bootcamp;4;658;540;Card;Dota 2;4.5;1
SESS-14665;2026-08-08 23:13:28;USR-1594;2003-05-19;F;VIP;8;0;1600;Card;Dota 2;;0
SESS-10296;2026-08-13 20:55:09;USR-1128;2008-04-02;F;Bootcamp;1;0;150;Card;CS2;;0
SESS-10972;2026-08-07 09:06:53;USR-1134;2004-08-26;M;Bootcamp;3;560;450;App;CS2;5.0;0
SESS-10301;2026-08-01 03:01:09;USR-1508;2023-06-15;M;Bootcamp;999;390;300;Card;CS2;2.0;0
SESS-11546;2026-08-24 18:19:24;USR-1014;2010-10-27;M;Standard;1;0;100;Card;Dota 2;;0
SESS-16441;2026-08-30 09:11:24;USR-1031;2010-03-02;M;VIP;2;0;360;App;Dota 2;4.5;1
SESS-12972;2026-08-13 19:44:00;USR-1581;1996-10-10;M;VIP;3;1470;540;Card;CS2;4.5;1
SESS-15198;2026-08-09 13:45:49;USR-1411;2010-08-16;F;Standard;5;0;500;Cash;Valorant;4.5;0
SESS-10401;2026-08-22 18:09:45;USR-1107;2011-02-22;M;Bootcamp;2;160;300;Card;CS2;;0
SESS-13446;2026-08-21 00:49:33;USR-1621;2006-12-15;M;VIP ;8;0;1600;Card;CS2;5.0;0
SESS-11479;2026-08-23 22:16:34;USR-1053;1998-05-01;M;VIP;2;0;400;Card;GTA V;;0
SESS-13736;2026-08-02 22:58:05;USR-1431;2011-08-20;M;PS5;8;0;2000;App;Dota 2;4.5;0
SESS-14755;2026-08-06 15:27:36;USR-1003;2008-10-26;M;Standard;1;0;100;App;CS2;;0
SESS-11519;2026-08-22 19:33:54;USR-1330;2007-02-18;M;Standard;5;0;450;Card;Valorant;4.5;1
SESS-13095;2026-08-29 12:55:50;USR-1092;2007-02-23;M;VIP;1;270;200;Card;Deadlock;;0
SESS-10437;2026-08-01 18:58:23;USR-1624;2008-01-03;M;Standard;2;0;200;Card;CS2;4.0;0
SESS-16679;2026-08-14 15:18:20;USR-1646;2007-12-26;F;Standard;3;360;300;Card;Apex Legends;4.0;0
SESS-14435;2026-08-30 18:23:30;USR-1220;2007-03-02;M;Bootcamp;2;310;300;Card;Dota 2;;0
SESS-13049;2026-08-05 04:36:19;USR-1054;1999-10-07;F;PS5;5;900;1250;Card;Browser/Work;;0
SESS-16659;2026-08-10 11:26:31;USR-1090;2010-05-10;M;Standard;1;0;100;App;CS2;;0
SESS-11239;2026-08-13 18:10:53;USR-1282;2005-08-11;F;Bootcamp;2;470;300;App;CS2;;0
SESS-14047;2026-08-15 20:34:41;USR-1155;2010-04-23;F;Standard;1;60;100;App;CS2;;0
SESS-10745;2026-08-25 21:38:06;USR-1479;2002-01-21;M;VIP;5;0;1000;Cash;CS2;4.5;0
SESS-14254;2026-08-23 21:24:06;USR-1073;2010-12-24;M;Bootcamp;4;336;540;Cash;Minecraft;4.5;1
SESS-13014;2026-08-30 14:09:09;USR-1061;2003-09-11;M;Standard;3;240;300;Card;Dota 2;4.0;0
SESS-17022;2026-08-21 14:58:35;USR-1263;2005-12-11;M;Standard;2;0;200;Card;Dota 2;5.0;0
SESS-11128;2026-08-27 17:01:11;USR-1195;2005-08-17;M;VIP;1;160;200;Card;CS2;;0
SESS-16169;2026-08-02 15:02:16;USR-1042;2004-06-10;M;Standard;2;240;200;App;Valorant;4.5;0
SESS-15855;2026-08-08 14:18:35;USR-1366;2011-01-01;M;Standard;2;160;200;App;Dota 2;;0
SESS-11911;2026-08-15 18:39:05;USR-1145;2000-12-11;M;Standard;2;360;200;Card;Browser/Work;;0
SESS-11724;2026-08-26 16:45:32;USR-1631;2007-08-07;F;Standard;1 ч.;0;100;Cash;Valorant;;0
SESS-12278;2026-08-28 09:59:37;USR-1739;2009-06-08;M;Standard;2;0;180;App;Dota 2;;1
SESS-16427;2026-08-28 20:12:39;USR-1011;2007-06-06;M;Standard;2;160;200;App;Deadlock;3.0;0
SESS-12108;2026-08-28 15:48:04;USR-1069;2004-01-15;M;VIP;4;0;720 ₽;Card;Dota 2;;1
SESS-15943;2026-08-14 20:35:02;USR-1384;2009-05-15;M;Standard;1;0;100;Cash;Dota 2;5.0;0
SESS-16873;2026-08-08 01:59:42;USR-1346;1992-02-19;M;PS5;5;1200;1250;Card;PUBG;4.5;0
SESS-13767;2026-08-09 13:05:08;USR-1112;1886-09-20;M;Standard;999;0;800;Card;CS2;;0
SESS-15037;2026-08-10 18:05:18;USR-1263;2005-12-11;M;PS5;2;160;500;Card;Dota 2;3.0;0
SESS-11030;2026-08-05 20:51:15;USR-1068;1993-04-03;M;PS5;1;400;250;Card;CS2;;0
SESS-11483;2026-08-28 16:45:58;USR-1152;2004-07-27;M;Standard;2 ч.;0;200;Card;Dota 2;;0
SESS-11054;2026-08-22 23:01:02;USR-1075;2008-12-21;M;Standard;2;0;200;Cash;CS2;;0
SESS-11454;05.08.2026 12:16:39;USR-1071;2007-09-17;M;Bootcamp;3;714;405;App;Valorant;5.0;1
SESS-12645;2026-08-30 09:23:32;USR-1693;2012-12-06;M;Bootcamp;3;0;405;App;Minecraft;4.0;1
SESS-11324;2026-08-01 20:02:47;USR-1724;2010-03-04;F;PS5;3;120;750;Card;Deadlock;4.5;0
SESS-13506;2026-08-29 18:31:35;USR-1687;2004-01-25;M;Bootcamp;1;0;150;Card;CS2;3.0;0
SESS-13859;2026-08-15 11:00:10;USR-1000;2005-11-15;M;Standard;2;240;200;Card;CS2;;0
SESS-14277;2026-08-22 13:04:58;USR-1011;2007-06-06;M;Standard;8;960;800;Card;Dota 2;4.0;0
SESS-14013;2026-08-14 21:44:52;USR-1213;2006-10-12;M;PS5;3;480;750;App;CS2;4.5;0
SESS-10023;2026-08-11 00:24:52;USR-1262;2006-01-15;F;Bootcamp;8;0;1200;Card;Dota 2;5.0;0
SESS-13812;2026-08-28 19:51:39;USR-1142;2004-11-07;M;Bootcamp;4;0;600;Card;Valorant;5.0;0
SESS-11229;2026-08-01 17:38:43;USR-1514;2008-04-05;M;Standard;3;0;300;App;Deadlock;5.0;0
SESS-14549;2026-08-09 08:09:10;USR-1793;2010-09-10;M;Standard;1;0;100;App;Valorant;;0
SESS-15968;2026-08-12 05:13:50;USR-1376;2003-07-08;M;PS5;1;0;250;Card;Valorant;;0
SESS-12692;2026-08-22 15:27:57;USR-1056;1985-10-21;M;VIP;3;0;600;Card;CS2;;0
SESS-16356;2026-08-14 09:28:55;USR-1403;2004-05-06;M;Bootcamp;4;0;600;Card;CS2;4.5;0
SESS-11058;2026-08-13 15:10:52;USR-1707;2011-03-12;M;Standard;5;0;450;App;Dota 2;4.5;1
SESS-15895;2026-08-08 13:28:20;USR-1706;2011-11-16;F;Standard;2;120;200;Card;Minecraft;5.0;0
SESS-14940;2026-08-05 20:34:21;USR-1058;2006-06-09;M;Bootcamp;2;320;300;Cash;Deadlock;;0
SESS-12852;2026-08-12 16:36:39;USR-1052;2007-01-01;M;PS5;2;320;500;Cash;Minecraft;;0
SESS-14730;2026-08-16 17:41:24;USR-1154;2000-02-18;M;Standard;2;0;200;App;GTA V;;0
SESS-14314;2026-08-28 00:05:31;USR-1379;2007-03-19;M;PS5;3;0;750;Card;Dota 2;;0
;2026-08-04 19:34:46;USR-1153;2006-11-27;M;VIP;12;0;2400;Card;CS2;;0
SESS-10565;2026-08-06 17:18:41;USR-1707;2011-03-12;M;Standard;1;0;100;Cash;Valorant;;0
SESS-13871;2026-08-29 13:25:09;USR-1037;2010-08-28;M;Standard;2;0;200;App;Dota 2;4.5;0
SESS-15937;2026-08-14 17:55:43;USR-1015;2011-11-25;M;Standard;2;0;180;App;Valorant;;1
SESS-11978;2026-08-16 11:16:52;USR-1033;2008-06-16;M;Standard;2;240;200;Cash;Dota 2;5.0;0
SESS-12306;2026-08-22 19:13:30;USR-1575;1996-08-27;F;Standard;2;500;200;Card;Dota 2;5.0;0
SESS-13091;2026-08-16 18:56:53;USR-1629;2005-03-17;M;Standard;2;320;200;Cash;Dota 2;;0
SESS-11434;2026-08-03 17:55:36;USR-1111;1997-10-25;M;Bootcamp;1;0;150;Card;Dota 2;;0
SESS-12926;2026-08-18 17:50:11;USR-1256;2004-02-14;M;Standard;3;0;300;Card;Valorant;;0
SESS-14191;2026-08-01 08:17:27;USR-1106;1997-11-09;M;Standard;2;240;200;Card;Dota 2;;0
SESS-15286;2026-08-14 19:04:10;USR-1022;2000-09-26;M;Bootcamp;3;923;405;Card;CS2;;1
SESS-11893;2026-08-22 19:08:23;USR-1394;2004-05-22;M;Standard;4 ч.;0;400;Card;Dota 2;5.0;0
SESS-14582;2026-08-21 02:35:39;USR-1068;1993-04-03;M;Standard;1;250;100;Card;Cyberpunk 2077;;0
SESS-11995;2026-08-21 20:14:17;USR-1176;1997-02-22;F;Standard;2;240;200;Card;Dota 2;;0
SESS-16031;2026-08-20 16:04:36;USR-1029;2012-04-14;M;Standard;4;240;400;App;CS2;4.0;0
SESS-13559;2026-08-23 22:47:26;USR-1083;2009-01-17;M;Standard;5;300;500;App;CS2;5.0;0
SESS-14174;2026-08-22 15:38:00;USR-1083;2009-01-17;M;Bootcamp;1;0;150;Cash;CS2;;0
SESS-14206;2026-08-04 12:24:40;USR-1506;2011-09-23;M;Standard;2;160;200;Cash;CS2;4.0;0
SESS-13264;2026-08-13 20:49:26;USR-1056;1985-10-21;M;Bootcamp;2;390;300;Card;CS2;;0
SESS-12413;2026-08-17 17:15:51;USR-1088;2004-05-15;M;Bootcamp;1;0;150;App;Dota 2;;0
SESS-16580;2026-08-08 17:20:33;USR-1583;2009-04-19;M;VIP;4;0;720;App;Dota 2;;1
SESS-11861;2026-08-09 18:32:16;USR-1597;2010-07-06;M;ps5;1;40;100;App;Dota 2;;0
SESS-15606;2026-08-26 16:17:34;USR-1788;2004-09-02;F;Standard;4;0;400;Card;CS2;;0
SESS-15847;2026-08-02 03:42:53;USR-1538;2010-01-26;M;Standard;5;0;450;App;CS2;5.0;1
SESS-15123;2026-08-08 16:39:43;USR-1487;2006-10-22;M;PS5;2;0;450;Card;CS2;3.0;1
SESS-13396;2026-08-25 16:07:45;USR-1088;2004-05-15;M;Bootcamp;1;280;135;;Cyberpunk 2077;3.0;1
SESS-10823;2026-08-13 00:05:49;USR-1436;2003-06-10;M;Standard;8;0;720;;CS2;4.5;1
SESS-11034;2026-08-14 19:14:16;USR-1157;2005-06-14;M;Standard;2;0;200;Card;Valorant;;0
SESS-13580;2026-08-20 18:51:17;USR-1047;2005-09-11;M;VIP;3;0;600;App;Deadlock;;0
SESS-10338;2026-08-25 10:39:43;USR-1131;2006-08-05;M;Bootcamp;3;440;450;Card;Valorant;4.0;0
SESS-16290;2026-08-15 19:12:50;USR-1131;2006-08-05;M;Standard;1;120;100;Card;Valorant;;0
SESS-16548;2026-08-06 20:45:44;USR-1528;2011-06-05;M;Standard;2;120;200;Cash;CS2;4.5;0
SESS-15052;2026-08-19 11:48:21;USR-1071;2007-09-17;M;VIP;4;882;720;Cash;Apex Legends;;1
SESS-13710;2026-08-28 10:00:37;USR-1777;2007-05-08;M;Standard;2;160;200;Card;Dota 2;;0
SESS-16819;2026-08-14 17:17:23;USR-1497;2009-07-10;M;Standard;1;0;100;App;Minecraft;;0
SESS-16103;2026-08-27 19:17:29;USR-1025;1997-05-13;F;VIP;2;540;400;Card;Cyberpunk 2077;4.0;0
SESS-16145;2026-08-22 01:32:12;USR-1779;2006-11-16;M;PS5;12;1920;3000;Card;CS2;4.5;0
SESS-15925;2026-08-22 20:30:10;USR-1206;2003-07-25;M;Standard;2;224;180;Cash;Dota 2;;1
SESS-10914;2026-08-16 13:12:23;USR-1681;2011-11-16;M;VIP;2;168;360;Card;CS2;4.0;1
SESS-16299;2026-08-04 17:52:07;USR-1094;2004-06-11;M;Bootcamp;~1;230;150;Card;Dota 2;4.5;0
SESS-10955;2026-08-28 13:18:49;USR-1128;2008-04-02;F;VIP;2;0;400;Card;Dota 2;4.0;0
SESS-15437;2026-08-07 14:16:13;USR-1104;2003-04-21;F;VIP;3;630;600;App;Dota 2;5.0;0
SESS-10755;2026-08-04 15:56:31;USR-1125;2002-08-14;M;PS5;8;1344;1800;Card;CS2;4.0;1
SESS-12526;2026-08-05 17:13:38;USR-1749;1995-12-12;M;Standard;4;1007;360;Card;Deadlock;;1
SESS-12017;2026-08-10 19:12:20;USR-1112;2005-08-25;M;VIP;2;320;400;App;Apex Legends;5.0;0
SESS-10192;2026-08-23 17:14:03;USR-1525;2005-01-17;M;Bootcamp;2;400;300;Card;Deadlock;;0
SESS-11898;2026-08-23 16:20:00;USR-1275;1998-10-28;M;VIP;4;0;720 руб.;Card;Dota 2;;1
SESS-15833;2026-08-23 13:56:19;USR-1207;2012-09-11;M;Standard;2;0;200;Cash;Minecraft;;0
SESS-13422;2026-08-14 09:57:17;USR-1476;2007-07-12;M;PS5;2;0;500;Card;Valorant;;0
SESS-13745;2026-08-06 13:55:18;USR-1198;2004-10-15;M;Standard;2;240;200;Card;Dota 2;;0
SESS-14215;2026-08-08 15:05:17;USR-1558;2007-12-03;M;Standard;3;0;300;App;PUBG;4.0;0
SESS-13189;2026-08-16 10:13:30;USR-1003;2008-10-26;M;Bootcamp;4;0;540;Cash;Dota 2;4.0;1
SESS-11711;2026-08-21 17:01:29;USR-1192;2003-04-24;M;Bootcamp;1;200;150;Cash;Dota 2;1.0;0
SESS-12130;2026-08-26 15:03:55;USR-1166;2004-11-20;M;Standard;3;0;270;Card;Dota 2;;1
SESS-11639;2026-08-08 12:49:13;USR-1553;2010-07-20;F;Bootcamp;2;80;300;App;Dota 2;4.0;0
SESS-15207;2026-08-02 07:30:37;USR-1244;2007-03-24;F;VIP;8;1554;1440;Card;Deadlock;4.5;1
SESS-10236;2026-08-09 20:59:31;USR-1084;2005-03-01;F;Bootcamp;1;240;150;App;Apex Legends;2.0;0
SESS-11582;2026-08-23 19:53:35;USR-1154;2000-02-18;M;PS5;1;550;250;Card;GTA V;;0
SESS-13756;2026-08-16 17:23:56;USR-1112;2005-08-25;M;Standard;2;160;200;Card;GTA V;4.0;0
SESS-11965;2026-08-18 23:22:26;USR-1558;2007-12-03;M;Bootcamp;3;560;450;Card;CS2;4.5;0
SESS-11961;2026-08-05 03:12:06;USR-1491;2012-07-02;M;VIP;3;0;540;Cash;Deadlock;;1
SESS-11740;2026-08-05 15:34:37;USR-1258;2006-10-13;M;PS5;2;240;500;Card;Dota 2;;0
SESS-12334;2026-08-22 20:53:48;USR-1151;1994-06-23;M;Standard;3;0;270;Card;Dota 2;5.0;1
SESS-16663;2026-08-10 13:26:13;USR-1088;2004-05-15;M;PS5;3;480;750;Card;Dota 2;4.0;0
SESS-16277;2026-08-20 01:22:39;USR-1414;2008-04-21;M;Bootcamp;8;790;1200;App;Deadlock;4.0;0
SESS-13469;2026-08-23 21:49:08;USR-1561;2006-05-15;M;VIP;5;0;1000;Cash;Dota 2;;0
SESS-16921;2026-08-07 10:39:07;USR-1680;2006-07-25;M;Bootcamp;2;470;300;Card;CS2;;0
SESS-15264;2026-08-30 21:43:07;USR-1336;2005-03-08;M;Standard;4;0;400;Card;Dota 2;4.0;0
SESS-14617;2026-08-23 17:42:51;USR-1409;2007-05-15;M;PS5;2;0;500;Card;CS2;;0
SESS-11480;2026-08-11 18:06:59;USR-1151;1994-06-23;M;PS5;2;650;500;App;PUBG;4.0;0
SESS-17103;2026-08-23 13:09:37;USR-1385;1999-10-15;F;VIP;2;800;400;Card;PUBG;4.0;0
SESS-13316;2026-08-29 20:46:30;USR-1072;2005-05-26;M;Bootcamp;1;200;150;App;CS2;;0
SESS-13287;2026-08-02 20:20:15;USR-1416;2009-11-15;M;Bootcamp;2;168;270;App;Minecraft;;1
SESS-13617;2026-08-05 16:56:24;USR-1099;2004-01-10;F;Bootcamp;1;200;150;Card;Dota 2;4.0;0
SESS-11786;2026-08-30 00:29:27;USR-1499;2007-05-20;M;VIP;12;2070;2400;App;GTA V;;0
SESS-17030;2026-08-10 23:06:51;USR-1417;2006-09-11;F;Standard;8;960;800;Card;Valorant;3.0;0
SESS-12049;2026-08-06 13:23:46;USR-1365;1995-04-18;M;VIP;3;1050;600;Cash;CS2;;0
SESS-11789;2026-08-01 08:40:08;USR-1024;2004-08-15;M;VIP;2;0;400;Card;Apex Legends;;0
SESS-16517;2026-08-22 18:11:19;USR-1189;2007-03-10;M;VIP;2;470;400;App;CS2;;0
SESS-11836;2026-08-23 12:22:16;USR-1732;2005-07-01;M;;PS5;1;120;Card;Dota 2;4.5;0
SESS-14428;2026-08-03 18:55:22;USR-1007;2003-09-21;M;Standard;3;0;300;Card;Apex Legends;;0
SESS-13899;2026-08-27 16:24:17;USR-1196;2007-09-09;M;Standard;2;0;200;Card;Dota 2;3.0;0
SESS-12938;2026-08-27 03:20:28;USR-1185;2000-09-18;F;Bootcamp;3;0;405;Card;GTA V;5.0;1
SESS-12561;2026-08-01 06:47:05;USR-1084;2005-03-01;F;Standard;5;600;500;Cash;Dota 2;4.0;0
SESS-14037;2026-08-07 15:13:42;USR-1176;1997-02-22;F;VIP;3;660;600;Card;GTA V;4.0;0
SESS-17006;2026-08-02 22:53:13;USR-1558;2007-12-03;M;Standard;12;0;1080;Cash;Dota 2;5.0;1
SESS-13791;2026-08-07 01:24:12;USR-1268;2006-10-23;M;Standard;12;2688;1080;Cash;CS2;;1
SESS-11049;2026-08-13 18:16:27;USR-1553;2010-07-20;F;Bootcamp;3;0;450;App;Dota 2;;0
SESS-11531;2026-08-02 10:37:45;USR-1126;1997-11-08;M;;PS5;5;1400;Card;CS2;5.0;0
SESS-15749;2026-08-09 19:46:09;USR-1610;2012-01-22;M;Standard;4;0;400;App;Dota 2;;0
SESS-11878;2026-08-01 18:59:20;USR-1080;2003-02-28;M;PS5;4;0;900;Card;CS2;1.0;1
SESS-15043;2026-08-07 17:58:28;USR-1673;2012-03-03;M;Standard;2;120;200;App;Valorant;;0
SESS-10578;2026-08-04 18:55:22;USR-1087;2006-03-16;M;PS5;5;1120;1125;App;Deadlock;5.0;1
SESS-10271;2026-08-10 14:28:16;USR-1248;2003-10-08;M;VIP;2;240;400;App;Valorant;;0
SESS-10427;2026-08-05 13:13:55;USR-1077;2005-03-16;M;Bootcamp;1;230;150;App;Deadlock;;0
SESS-16122;2026-08-15 12:31:07;USR-1425;2010-06-12;M;Standard;4;0;360;App;CS2;;1
SESS-16032;2026-08-14 10:41:47;USR-1306;2007-01-28;M;Bootcamp;2;0;300;App;CS2;4.0;0
SESS-15977;2026-08-14 09:12:42;USR-1690;2002-01-05;M;Standard;1;0;100;App;Dota 2;;0
SESS-13598;2026-08-08 13:05:05;USR-1097;2010-04-26;M;Standard;2;0;200;Cash;Dota 2;;0
SESS-12764;2026-08-24 16:06:27;USR-1420;1997-02-08;M;VIP;4;870;800;Card;Cyberpunk 2077;;0
SESS-12902;2026-08-12 12:53:59;USR-1512;2009-10-07;M;VIP;1;0;200;App;CS2;;0
SESS-13922;2026-08-23 18:37:41;USR-1095;2005-12-26;M;Bootcamp;1;0;135;App;CS2;;1
SESS-12360;2026-08-27 11:41:56;USR-1740;2006-11-05;M;PS5;3;480;750;Card;CS2;4.0;0
SESS-12697;2026-08-05 12:24:35;USR-1403;2004-05-06;M;Standard;2;0;200;Cash;Valorant;;0
SESS-15144;2026-08-28 15:43:19;USR-1179;2005-02-05;M;VIP;2;0;400;Card;CS2;5.0;0
SESS-13344;2026-08-09 17:48:03;USR-1372;2000-03-21;M;Standard;5;840;450;Cash;Cyberpunk 2077;5.0;1
SESS-10773;2026-08-02 16:48:57;USR-1053;1998-05-01;M;VIP;2;650;400;Card;CS2;5.0;0
SESS-16343;2026-08-14 13:04:10;USR-1136;1993-06-01;M;Bootcamp;2;0;300;Card;Browser/Work;;0
SESS-11069;2026-08-28 19:32:59;USR-1405;2009-02-24;M;Standard;2;80;200;App;Minecraft;4.0;0
SESS-17063;2026-08-30 17:21:22;USR-1203;2008-05-15;M;Standard;5;0;500;Card;Dota 2;4.0;0
SESS-15236;2026-08-25 21:57:18;USR-1035;2007-12-13;M;Standard;1;80;100;Cash;Valorant;2.0;0
SESS-16111;2026-08-05 21:56:41;USR-1126;1997-11-08;Мужской;VIP;3;1470;540;Card;Dota 2;5.0;1
SESS-14108;2026-08-13 01:18:54;USR-1169;1988-04-12;M;Standard;8;0;800;App;CS2;;0
SESS-13536;2026-08-29 16:02:46;USR-1273;2005-03-24;M;PS5;1;80;250;App;Dota 2;4.5;0
SESS-12242;2026-08-25 11:34:48;USR-1267;2004-12-08;M;Standard;3;0;300;Card;Deadlock;;0
SESS-14760;2026-08-13 07:35:24;USR-1104;2003-04-21;F;Bootcamp;12;2000;1800;App;Dota 2;4.0;0
SESS-14491;2026-08-06 04:13:06;USR-1653;2006-09-10;F;Bootcamp;3;0;450;App;Deadlock;;0
SESS-14188;2026-08-21 05:47:11;USR-1155;2010-04-23;F;Standard;1;0;100;App;Valorant;;0
SESS-15147;2026-08-23 08:22:14;USR-1278;2010-10-25;M;Standard;8;0;800;Cash;CS2;;0
SESS-16629;2026-08-02 19:37:17;USR-1529;2008-04-09;M;Standard;8;1792;720;Card;CS2;5.0;1
SESS-13722;2026-08-01 17:52:44;USR-1125;2002-08-14;M;Bootcamp;2;546;270;Card;Valorant;4.0;1
SESS-12607;2026-08-14 17:36:38;USR-1020;2011-09-06;M;VIP;2;160;400;App;CS2;;0
SESS-15580;2026-08-16 19:57:31;USR-1331;2007-03-24;M;Standard;1;0;100;Card;CS2;;0
SESS-12199;2026-08-30 09:21:16;USR-1257;2009-05-25;F;Bootcamp;1;0;150;App;Dota 2;;0
SESS-13137;2026-08-24 19:59:04;USR-1522;2006-08-27;M;Bootcamp;4;0;540;Card;PUBG;;1
SESS-13217;2026-08-17 15:27:27;USR-1104;2003-04-21;F;Standard;3;0;300;Card;CS2;;0
SESS-11301;2026-08-09 19:56:31;USR-1147;2012-09-13;M;VIP;12;0;2400;Cash;Minecraft;5.0;0
SESS-15488;2026-08-25 17:16:40;USR-1393;2006-06-25;M;PS5;1;120;250;Card;Minecraft;;0
SESS-17138;2026-08-14 12:43:31;USR-1044;1999-09-01;M;VIP;3;690;600;Card;PUBG;4.0;0
SESS-10898;2026-08-01 14:35:25;USR-1663;2006-11-18;M;PS5;3;503;675;Card;Deadlock;;1
SESS-15452;2026-08-04 21:06:03;USR-1130;2011-08-14;M;Bootcamp;4;0;600;Cash;Minecraft;;0
SESS-10702;2026-08-23 22:58:10;USR-1628;2008-10-25;F;VIP;3;0;600;Card;Dota 2;5.0;0
SESS-13423;2026-08-19 09:57:32;USR-1038;2007-09-18;M;Bootcamp;1;310;150;Card;Dota 2;;0
SESS-16091;2026-08-21 15:05:24;USR-1755;1991-07-19;M;VIP;3;900;600;Card;CS2;4.5;0
SESS-16760;2026-08-17 18:39:18;USR-1002;2012-02-08;M;Standard;1;0;100;App;CS2;;0
SESS-11014;2026-08-03 22:05:27;USR-1277;2005-11-21;M;VIP;8;0;1600;Card;Dota 2;;0
SESS-16268;2026-08-26 16:35:34;USR-1302;2007-11-25;M;VIP;5;1232;900;Card;CS2;4.5;1
SESS-13749;2026-08-22 13:09:19;USR-1508;2003-08-20;M;VIP;2;240;400;Card;CS2;;0
SESS-12595;2026-08-26 14:37:35;USR-1095;2005-12-26;M;Standard;2;0;200;Card;CS2;4.0;0
SESS-14364;2026-08-03 22:11:16;USR-1705;2006-01-08;F;Standard;8;960;800;Card;CS2;4.5;0
SESS-13256;2026-08-08 12:09:08;USR-1333;2006-01-18;M;Bootcamp;4;0;540;Card;CS2;1.0;1
SESS-12923;2026-08-10 19:32:14;USR-1153;2006-11-27;M;VIP;5;550;1000;Card;PUBG;5.0;0
SESS-12572;2026-08-02 14:17:17;USR-1148;1993-02-16;M;PS5;1;0;250;Card;CS2;;0
SESS-11906;2026-08-10 08:32:26;USR-1245;2008-05-27;F;Standard;2;0;200;Card;CS2;;0
SESS-15870;2026-08-08 01:18:56;USR-1091;2007-11-13;M;Standard;8;640;800;Card;Dota 2;;0
SESS-13691;2026-08-24 20:17:29;USR-1307;2006-12-03;F;Standard;4;480;400;Card;CS2;;0
SESS-13201;2026-08-31 13:49:23;USR-1440;2006-10-21;M;Standard;4;896;360;Cash;CS2;5.0;1
SESS-12647;2026-08-06 12:12:49;USR-1144;1993-04-03;M;VIP;3;0;600;Card;GTA V;4.0;0
SESS-14258;2026-08-31 19:02:46;USR-1121;2008-02-21;M;Bootcamp;5;880;750;App;Dota 2;4.0;0
SESS-13842;2026-08-14 21:50:13;USR-1513;2003-05-15;F;Standard;3;0;300;Card;CS2;;0
SESS-16239;2026-08-16 15:46:06;USR-1585;2002-01-22;M;Standard;2;320;200;Cash;Dota 2;;0
SESS-12156;2026-08-28 10:50:02;USR-1475;2005-04-21;F;Standard;3;360;300;App;Dota 2;;0
SESS-11348;2026-08-25 11:26:29;USR-1021;2004-07-25;M;Standard;1;80;100;Card;Deadlock;4.5;0
SESS-13042;2026-08-16 11:12:42;USR-1478;2006-11-04;F;Bootcamp;3;440;450;Card;Valorant;4.0;0
SESS-16017;2026-08-28 09:11:50;USR-1667;2006-01-07;M;Standard;2;240;200;App;Deadlock;;0
SESS-14092;2026-08-31 01:31:28;USR-1795;1998-02-03;M;Standard;12;3000;1200;Card;Dota 2;4.5;0
SESS-10225;2026-08-20 17:07:02;USR-1649;2006-07-26;M;Bootcamp;2;240;300;Card;Dota 2;2.0;0
SESS-12722;2026-08-01 20:20:52;USR-1127;2009-06-13;M;VIP;2;0;400;App;Dota 2;5.0;0
SESS-13565;2026-08-16 12:33:54;USR-1694;2001-09-20;M;Standard;2;0;200;App;Apex Legends;;0
SESS-16976;2026-08-01 15:33:41;USR-1052;2007-01-01;M;VIP;1;0;200;App;Dota 2;;0
SESS-11304;2026-08-30 13:43:45;USR-1100;2003-04-03;M;VIP;~8;0;1600;App;Dota 2;;0
SESS-14727;2026-08-23 14:35:11;USR-1148;1993-02-16;M;Standard;2;500;200;Card;CS2;3.0;0
SESS-11994;2026-08-01 22:51:59;USR-1199;2006-07-24;M;VIP;5;750;1000;Cash;CS2;4.5;0
SESS-14212;2026-08-23 20:38:33;USR-1012;2006-05-26;M;VIP;2;0;400;Card;CS2;;0
SESS-14053;2026-08-15 15:30:40;USR-1508;2003-08-20;M;Standard;8;1344;720;Cash;Valorant;;1
SESS-11526;2026-08-23 12:39:00;USR-1036;2004-09-28;M;VIP;2;0;400;App;Deadlock;;0
SESS-11634;2026-08-19 17:35:30;USR-1242;2005-09-25;F;Bootcamp;3;0;450;App;Minecraft;4.5;0
SESS-15503;2026-08-09 22:13:33;USR-1341;2011-07-21;M;;PS5;5;400;App;Dota 2;5.0;0
SESS-17125;2026-08-10 14:54:16;USR-1355;2003-03-22;M;Bootcamp;2;0;300;App;Dota 2;3.0;0
SESS-11385;2026-08-25 16:57:03;USR-1015;2011-11-25;M;Bootcamp;3;0;405;App;Dota 2;;1
SESS-10519;2026-08-18 15:18:59;USR-1317;2004-05-12;M;Standard;1;120;100;Cash;Dota 2;;0
SESS-16374;2026-08-13 15:16:34;USR-1496;2003-01-28;M;Bootcamp;2;310;300;Card;PUBG;;0
SESS-12775;2026-08-17 19:05:52;USR-1062;2012-09-01;M;VIP;2;0;400;Cash;Deadlock;;0
SESS-10172;2026-08-20 10:50:36;USR-1493;2005-01-28;M;Standard;2;160;200;App;Valorant;;0
SESS-12385;2026-08-24 01:19:09;USR-1551;2003-01-20;M;Standard;12;0;1200;App;CS2;;0
SESS-14046;2026-08-02 13:44:12;USR-1210;2010-12-23;M;Standard;1;0;100;Cash;Dota 2;;0
SESS-12490;2026-08-31 20:13:30;USR-1115;2001-08-07;M;Bootcamp;2;0;300;App;CS2;4.0;0
SESS-15720;2026-08-16 12:59:41;USR-1160;2001-07-16;F;VIP;2;0;400;App;CS2;;0
SESS-10064;2026-08-17 15:54:52;USR-1068;1993-04-03;M;VIP;2;660;400;Card;Deadlock;4.0;0
SESS-13653;2026-08-22 09:51:25;USR-1278;2010-10-25;M;Standard;1;60;100;Card;Minecraft;;0
SESS-14680;2026-08-02 15:19:10;USR-1694;2001-09-20;M;VIP;5;0;1000;App;CS2;5.0;0
SESS-10915;2026-08-13 08:59:15;USR-1728;;M;Standard;2;160;200;Card;CS2;5.0;0
SESS-14082;2026-08-20 00:59:08;USR-1619;2007-10-26;M;Standard;5;400;500;Card;CS2;;0
;2026-08-31 23:54:49;;2010-02-10;M;Standard;12;480;1200;App;CS2;4.0;0
SESS-11956;2026-08-12 12:01:54;USR-1095;2005-12-26;M;Standard;4;0;400;App;Deadlock;4.5;0
SESS-11228;2026-08-10 10:30:13;USR-1191;10/27/2006;F;VIP;1;310;200;Card;Dota 2;5.0;0
SESS-13856;2026-08-28 10:43:35;USR-1719;2005-05-18;M;VIP;2;0;400;Card;CS2;;0
SESS-13984;2026-08-16 16:21:05;USR-1282;2005-08-11;F;Standard;3;0;270;Card;PUBG;;1
SESS-13835;2026-08-02 17:40:44;USR-1102;2012-11-14;M;Standard;2;0;200;Cash;CS2;3.0;0
SESS-15594;2026-08-12 17:30:56;USR-1115;2001-08-07;M;Standard;1;80;100;App;Valorant;;0
SESS-11922;2026-08-30 15:26:07;USR-1095;2005-12-26;M;Bootcamp;2;320;300;App;Valorant;;0
SESS-11544;2026-08-07 16:59:47;USR-1743;2009-08-03;F;Bootcamp;1;0;150;App;CS2;5.0;0
SESS-15194;2026-08-09 23:26:30;USR-1481;2012-01-04;F;Standard;12;720;1200;Cash;CS2;;0
SESS-14030;2026-08-14 18:03:52;USR-1063;2008-01-18;F;;Standard;1;160;Card;CS2;;0
SESS-10173;2026-08-05 07:26:19;USR-1051;2005-01-12;M;Standard;2;0;200;Card;Valorant;;0
SESS-11060;2026-08-05 11:20:26;USR-1745;1992-10-09;M;Standard;3;0;270;Card;CS2;;1
SESS-10410;2026-08-30 18:37:23;USR-1783;2004-01-12;M;Standard;2;160;200;Card;Valorant;;0
SESS-14378;2026-08-20 16:55:23;USR-1171;2012-08-13;M;Standard;2;224;180;App;Dota 2;;1
SESS-16311;2026-08-27 15:15:37;USR-1237;2004-01-20;M;VIP;3;0;600;Card;CS2;4.0;0
SESS-12846;2026-08-28 20:45:47;USR-1023;2008-04-24;F;Standard;5;0;450;App;Dota 2;4.5;1
SESS-14353;2026-08-13 14:31:14;USR-1106;1997-11-09;M;Bootcamp;2;660;300;App;CS2;4.5;0
SESS-12786;2026-08-29 14:11:24;USR-1012;2006-05-26;M;PS5;1;0;250;App;CS2;4.0;0
SESS-13552;2026-08-14 17:42:47;USR-1234;2012-05-15;M;VIP;2;0;400;Card;Minecraft;;0
SESS-13069;2026-08-02 16:35:55;USR-1670;2006-02-07;M;Bootcamp;2;0;300;Cash;Valorant;;0
SESS-16132;2026-08-29 13:23:41;USR-1048;2010-12-21;M;Standard;2;80;200 ₽;Cash;Dota 2;4.5;0
SESS-12989;2026-08-31 22:41:55;USR-1041;1992-05-02;M;VIP;8;1740;1600;Card;GTA V;5.0;0
SESS-16685;2026-08-06 12:37:27;USR-1033;2008-06-16;M;PS5;2;320;500;Card;Valorant;;0
SESS-13221;2026-08-17 19:59:12;USR-1222;2006-11-04;M;Bootcamp;3;0;405;Card;PUBG;;1
SESS-16072;2026-08-26 04:35:43;USR-1065;2012-05-07;F;Standard;3;0;300;Cash;CS2;;0
SESS-14952;2026-08-03 21:45:40;USR-1653;2006-09-10;F;Bootcamp;3;560;450;Card;CS2;;0
SESS-11525;2026-08-07 18:22:17;USR-1622;1998-02-02;M;Standard;1;0;100;Card;PUBG;4.0;0
SESS-12493;2026-08-26 16:48:00;USR-1392;2002-10-07;M;Standard;5;400;500;Card;PUBG;;0
SESS-14562;2026-08-07 18:05:32;USR-1540;1993-02-15;M;VIP;2;0;400;Card;Cyberpunk 2077;4.5;0
SESS-12707;2026-08-30 22:05:08;USR-1078;1995-10-22;F;Bootcamp;12;4620;1620;Card;Dota 2;5.0;1
SESS-14337;2026-08-03 15:29:58;USR-1048;2010-12-21;M;Standard;3;0;300;Cash;Dota 2;;0
SESS-14974;2026-08-16 21:43:44;USR-1005;1997-04-20;M;VIP;3;714;540;Card;CS2;4.5;1
SESS-14420;2026-08-07 03:22:33;USR-1298;2003-10-08;M;Standard;3;0;300;App;Valorant;4.0;0
SESS-10631;2026-08-02 13:11:18;USR-1147;2012-09-13;M;Standard;3;0;300;App;CS2;;0
SESS-11212;2026-08-23 15:33:02;USR-1023;2008-04-24;F;Standard;1;0;100;App;Valorant;;0
SESS-11894;2026-08-01 15:20:38;USR-1756;2003-09-05;M;PS5;2;160;500;Card;Apex Legends;;0
SESS-10329;2026-08-26 21:57:31;USR-1763;2007-01-21;F;PS5;3;240;750;Card;Valorant;;0
SESS-10417;2026-08-01 19:40:47;USR-1004;2006-01-08;M;PS5;4;896;900;Card;PUBG;;1
SESS-15208;2026-08-23 16:53:00;USR-1352;2010-08-16;M;Bootcamp;2;120;300;Card;CS2;;0
SESS-10608;2026-08-31 16:16:53;USR-1029;2012-04-14;M;Standard;3;251;270;Card;Valorant;;1
SESS-10125;2026-08-09 22:35:22;USR-1482;1997-09-04;M;PS5;12;3444;2700;Card;Cyberpunk 2077;5.0;1
SESS-16446;2026-08-01 20:33:01;USR-1288;2004-01-09;M;PS5;2;0;500;Card;CS2;;0
SESS-16057;2026-08-14 13:35:40;USR-1243;2005-06-18;M;Standard;2;160;200;Card;CS2;;0
SESS-11885;2026-08-09 11:58:00;USR-1402;2007-10-17;F;Standard;1;0;100;Card;CS2;;0
SESS-16259;2026-08-25 17:09:09;USR-1505;2006-03-05;M;Standard;4;448;360;Cash;Valorant;;1
SESS-15905;2026-08-12 11:08:13;USR-1286;1993-06-23;M;Standard;5;900;500;Card;Valorant;3.0;0
SESS-13677;2026-08-25 08:08:37;USR-1566;2006-01-25;M;VIP;1;200;200;App;Deadlock;4.0;0
SESS-16590;2026-08-09 18:24:57;USR-1378;2005-03-07;M;Standard;3;503;270;Card;CS2;;1
SESS-14067;2026-08-26 19:50:08;USR-1076;2004-03-02;M;VIP;2;390;400;App;Dota 2;;0
SESS-10250;2026-08-29 20:14:41;USR-1037;2010-08-28;M;Standard;2;0;200;Cash;Dota 2;5.0;0
SESS-15741;2026-08-29 19:32:48;USR-1503;2011-07-13;F;Standard;2;0;200;Card;CS2;;0
SESS-12791;2026-08-29 16:05:14;USR-1149;2006-12-05;M;PS5;1;0;250;Card;CS2;;0
SESS-16442;2026-08-21 11:53:22;USR-1156;2009-04-26;M;Standard;3;0;300;Card;Dota 2;;0
SESS-13539;2026-08-19 11:53:00;USR-1365;1995-04-18;M;VIP;1;0;200;App;GTA V;;0
SESS-14088;2026-08-18 12:59:58;USR-1033;2008-06-16;M;Standard;2;0;200;Cash;Valorant;;0
SESS-11338;2026-08-02 23:41:44;USR-1781;2006-08-24;M;VIP;5;0;1000;Card;CS2;;0
SESS-13928;2026-08-23 02:43:23;USR-1078;1995-10-22;F;PS5;5;900;1250;Card;Cyberpunk 2077;;0
SESS-13900;2026-08-12 13:02:56;USR-1292;1993-12-24;F;PS5;2;390;500;Card;CS2;5.0;0
SESS-12644;2026-08-10 13:56:09;USR-1044;1999-09-01;M;Standard;5;0;500;Card;Cyberpunk 2077;4.5;0
SESS-11730;2026-08-12 21:55:12;USR-1144;1993-04-03;M;Standard;3;540;300;Card;CS2;;0
SESS-13777;2026-08-15 00:45:11;USR-1248;2003-10-08;M;Bootcamp;5;550;750;Card;CS2;5.0;0
SESS-10876;2026-08-21 15:19:30;USR-1070;2007-01-05;M;Standard;2;240;200;Card;CS2;4.0;0
SESS-17129;2026-08-26 09:44:19;USR-1018;2002-11-17;M;Standard;2;0;200;App;Valorant;;0
SESS-16021;2026-08-21 17:21:17;USR-1109;2007-12-25;M;PS5;4;896;900;Card;Apex Legends;;1
SESS-16959;2026-08-01 21:18:48;USR-1082;2004-05-06;F;Standard;8;1280;800;Card;Minecraft;1.0;0
SESS-15164;2026-08-21 05:21:29;USR-1294;2003-10-14;F;Bootcamp;5;750;750;Card;Valorant;4.0;0
SESS-15073;2026-08-04 07:12:15;USR-1152;2004-07-27;M;VIP;3;882;540;App;Dota 2;;1
SESS-11814;2026-08-26 18:20:54;USR-1146;2005-04-03;M;Standard;1;0;100;Card;CS2;;0
SESS-16068;2026-08-30 19:02:55;USR-1452;2008-06-05;M;Bootcamp;5;951;675;Card;CS2;;1
SESS-12339;2026-08-20 23:34:29;USR-1150;2003-04-24;M;VIP;8;0;1600;Card;CS2;4.5;0
SESS-10015;2026-08-02 19:48:55;USR-1079;2003-02-01;F;Standard;5;1120;450;;CS2;4.0;1
SESS-14187;2026-08-11 21:17:11;USR-1776;2010-05-20;M;Standard;1;0;100;App;Valorant;;0
SESS-15699;2026-08-22 20:11:28;USR-1215;2007-05-16;M;Bootcamp;2;0;300;;Dota 2;4.5;0
SESS-11406;2026-08-23 22:40:17;USR-1276;2007-05-01;F;Bootcamp;8;720;1200;Card;Valorant;4.0;0
SESS-13992;2026-08-14 00:11:52;USR-1761;1986/09/19;M;VIP;5;1400;1000;Card;CS2;4.0;0
SESS-13268;2026-08-14 02:24:29;USR-1096;2007-03-05;M;Standard;3;0;300;;Dota 2;4.5;0
SESS-10056;2026-08-24 20:10:55;USR-1580;2010-05-09;F;Standard;4;224;360;App;CS2;;1
SESS-13830;2026-08-01 23:01:01;USR-1513;2003-05-15;F;Bootcamp;8;1360;1200;Card;CS2;4.5;0
SESS-16004;2026-08-02 01:47:28;USR-1069;2004-01-15;M;Bootcamp;5;0;675;App;Valorant;4.5;1
SESS-16893;2026-08-04 23:39:50;USR-1094;2004-06-11;M;Standard;8;1280;800;App;CS2;4.0;0
SESS-14996;2026-08-31 13:12:42;USR-1207;2012-09-11;M;Standard;2;0;200;App;Deadlock;;0
SESS-10017;2026-08-08 23:03:42;USR-1024;2004-08-15;M;Bootcamp;5;750;750;Card;Deadlock;;0
SESS-16756;2026-08-28 18:32:10;USR-1146;2005-04-03;M;Standard;1;120;100;Card;Apex Legends;4.0;0
SESS-11606;2026-08-03 18:22:57;USR-1364;2012-04-23;M;Standard;2;0;200;Cash;Dota 2;4.5;0
SESS-12833;2026-08-26 22:37:43;USR-1784;2007-12-05;M;Bootcamp;8;1360;1200;Card;CS2;4.0;0
SESS-12924;2026-08-01 20:21:58;USR-1539;2002-09-26;M;Standard;3;0;300;Card;Dota 2;5.0;0
SESS-11463;2026-08-01 18:17:00;USR-1190;2003-01-24;M;Bootcamp;4;0;600;App;Dota 2;;0
SESS-14175;2026-08-18 12:22:02;USR-1531;2004-10-05;M;Bootcamp;4;0;540;Card;CS2;;1
SESS-12264;2026-08-22 18:50:10;USR-1026;2004-11-05;M;Bootcamp;1;0;150;Card;Dota 2;;0
SESS-13810;2026-08-28 14:51:09;USR-1117;2010-06-21;M;VIP;3;0;600;App;Minecraft;4.5;0
SESS-12808;2026-08-15 15:29:07;USR-1730;2012-04-06;M;Standard;4;0;400;Cash;CS2;;0
SESS-11626;2026-08-09 16:10:48;USR-1132;2008-09-20;M;Standard;3;0;300;Card;Dota 2;5.0;0
SESS-13356;2026-08-22 03:30:56;USR-1518;2007-03-09;M;Standard;2;240;200;App;CS2;;0
SESS-16949;2026-08-18 08:00:07;USR-1479;2002-01-21;M;Standard;4;0;400;App;Minecraft;4.5;0
SESS-13576;2026-08-10 16:57:39;USR-1583;2009-04-19;M;Standard;3;0;300;Cash;Minecraft;4.0;0
SESS-12447;2026-08-30 18:00:07;USR-1029;2012-04-14;M;Standard;3;0;300;App;Valorant;;0
SESS-12076;2026-08-21 16:11:02;USR-1114;2010-06-11;F;Standard;3;240;300;Card;CS2;2.0;0
SESS-15743;2026-08-08 15:16:08;USR-1158;2010-12-14;F;Standard;3;240;300;Card;CS2;;0
SESS-15246;2026-08-29 17:30:11;USR-1129;1998-11-08;M;Bootcamp;5;0;750;Card;Cyberpunk 2077;3.0;0
SESS-15441;2026-08-09 12:14:29;USR-1038;2007-09-18;M;VIP;2;0;400;Card;Minecraft;;0
SESS-14453;2026-08-19 18:02:07;USR-1483;2008-05-08;F;Standard;2;320;200;Card;Dota 2;;0
SESS-15652;2026-08-25 20:24:48;USR-1102;2012-11-14;M;Standard;1;80;100;App;Dota 2;4.5;0
SESS-10246;2026-08-28 12:07:55;USR-1599;2011-12-13;M;Standard;2;0;200;App;Minecraft;;0
SESS-15243;2026-08-20 16:09:08;USR-1742;2011-08-07;M;Standard;2;0;200;App;CS2;;0
SESS-11545;2026-08-08 18:49:15;USR-1023;2008-04-24;F;Standard;4;672;360;Card;Valorant;;1
SESS-12343;2026-08-31 12:46:29;USR-1592;2005-06-27;M;PS5;1;0;250;App;CS2;;0
SESS-16113;2026-08-22 22:39:33;USR-1089;2002-06-04;F;VIP;8;1110;1600;Card;Dota 2;;0
SESS-15542;16.08.2026 23:27:03;USR-1391;2005-03-11;M;VIP;5;0;1000;Card;CS2;5.0;0
SESS-15893;2026-08-30 13:13:08;USR-1239;2009-07-17;M;Bootcamp;3;0;450;App;CS2;;0
SESS-16790;2026-08-18 15:17:58;USR-1158;2010-12-14;F;Standard;2;0;200;Cash;CS2;;0
SESS-16234;2026-08-11 16:05:06;USR-1037;2010-08-28;M;Standard;3;180;300;Card;Valorant;;0
SESS-16063;2026-08-03 16:24:11;USR-1208;2008-08-12;M;PS5;2;160;500;App;Valorant;;0
SESS-12422;2026-08-10 20:03:49;USR-1423;2009-08-02;M;Standard;3;0;300;App;Dota 2;2.0;0
SESS-16191;2026-08-07 22:37:58;USR-1382;2010-02-10;M;Standard;12;0;1200;Cash;Dota 2;4.0;0
SESS-10545;2026-08-31 17:12:53;USR-1359;2007-02-10;M;Bootcamp;3;784;405;Card;Valorant;5.0;1
SESS-16274;2026-08-28 14:27:59;USR-1089;2002-06-04;F;Bootcamp;3;0;450;Card;CS2;;0
SESS-13172;2026-08-10 16:56:22;USR-1157;2005-06-14;M;Standard;3;0;300;Card;CS2;4.5;0
SESS-13946;2026-08-16 18:43:17;USR-1246;1992-09-07;M;VIP;2;540;400;App;CS2;;0
SESS-16962;2026-08-20 19:41:16;USR-1111;1997-10-25;M;VIP;4;1092;720;App;Cyberpunk 2077;4.0;1
SESS-10667;2026-08-02 14:52:10;USR-1241;1992-12-03;M;Standard;1;120;100;Card;Dota 2;4.0;0
SESS-10659;2026-08-25 08:57:29;USR-1699;2005-02-05;F;Standard;12;2015;1080;App;CS2;4.0;1
SESS-12510;2026-08-12 10:21:30;USR-1102;2012-11-14;M;Standard;1;0;100;App;Minecraft;;0
SESS-16862;2026-08-06 15:38:03;USR-1290;2010-01-20;M;Standard;1;60;100;Card;Dota 2;;0
SESS-15661;2026-08-13 17:53:49;USR-1017;1994-02-15;M;PS5;2;390;500;Card;Dota 2;4.5;0
SESS-10166;2026-08-10 17:55:51;USR-1463;;M;Standard;3;0;300;Card;Dota 2;4.0;0
SESS-16507;2026-08-20 22:44:57;USR-1446;2004-07-08;M;Standard;8;640;800;Cash;CS2;4.0;0
SESS-13099;2026-08-27 13:51:57;USR-1292;1993-12-24;F;VIP;2;0;400;Card;Dota 2;;0
SESS-12599;2026-08-08 14:00:02;USR-1043;2007-04-22;M;Standard;2;0;200;Card;Dota 2;;0
SESS-13824;2026-08-12 19:15:57;USR-1074;2004-09-03;M;VIP;2;0;400;App;Dota 2;;0
SESS-10863;2026-08-30 14:42:34;USR-1683;1993-12-17;F;Bootcamp;3;900;450;;CS2;;0
SESS-10504;2026-08-08 20:33:31;USR-1495;2004-10-04;M;Standard;2;0;200;App;Deadlock;5.0;0
SESS-12953;2026-08-22 19:28:09;USR-1773;2008-11-13;M;VIP;4;0;800;App;Valorant;4.5;0
;2026-08-11 11:20:07;;2006-12-27;F;Standard;2;0;200;App;GTA V;;0
SESS-11447;2026-08-28 22:22:49;USR-1469;2004-03-02;M;Bootcamp;8;0;1200;Card;CS2;;0
SESS-10230;2026-08-20 23:13:20;USR-1048;2010-12-21;M;Standard;2;0;200;App;Dota 2;;0
SESS-12822;2026-08-29 17:06:14;USR-1105;2008-12-10;M;PS5;4;896;900;Card;Valorant;4.5;1
SESS-10476;2026-08-28 05:05:05;USR-1166;2004-11-20;M;VIP;1;270;200;Card;Deadlock;;0
SESS-10433;2026-08-20 11:09:04;USR-1250;1995-01-26;M;PS5;2;510;500;;CS2;;0
SESS-11428;2026-08-22 17:51:09;USR-1145;2000-12-11;M;PS5;8;2226;1800;Card;Dota 2;;1
SESS-11395;2026-08-26 19:46:20;USR-1048;2010-12-21;M;Bootcamp;1;84;135;App;Minecraft;4.5;1
SESS-12217;2026-08-14 18:53:05;USR-1750;1992-05-26;F;PS5;3;690;750;Card;CS2;;0
SESS-10953;2026-08-14 17:06:42;USR-1077;2005-03-16;M;Bootcamp;3;0;450;Card;Dota 2;5.0;0
SESS-14111;2026-08-14 20:03:48;USR-1332;2004-11-09;M;Bootcamp;3;0;405;Card;CS2;5.0;1
SESS-10380;2026-08-14 19:22:37;USR-1632;2006-05-07;M;Standard;3;0;300;Cash;Deadlock;;0
SESS-16284;2026-08-12 19:50:29;USR-1770;2008-02-15;F;Standard;2;240;200;App;Minecraft;5.0;0
SESS-14227;2026-08-04 18:27:40;USR-1266;1995-10-12;F;Standard;3;540;300;Card;GTA V;;0
SESS-13441;2026-08-22 21:13:05;USR-1265;2010-01-24;M;VIP;3;0;600;Cash;PUBG;;0
SESS-15294;2026-08-07 22:24:09;USR-1146;2005-04-03;M;Standard;8;0;720;Card;CS2;;1
SESS-13943;2026-08-15 16:12:12;USR-1145;2000-12-11;M;VIP;3;900;600;Card;Dota 2;;0
SESS-11070;2026-08-22 01:51:36;USR-1012;2006-05-26;M;Standard;5;0;500;Card;Dota 2;;0
SESS-14441;2026-08-17 19:09:23;USR-1300;2008-04-23;F;Standard;5;400;500;Card;CS2;5.0;0
SESS-10094;2026-08-02 14:11:59;USR-1717;2009-01-03;M;Standard;1;60;100;App;Minecraft;;0
SESS-12219;2026-08-30 13:55:53;USR-1332;2004-11-09;M;Standard;1;0;100;App;CS2;;0
SESS-14522;2026-08-29 20:22:30;USR-1071;2007-09-17;M;VIP;2;310;400;Card;CS2;;0
SESS-11818;2026-08-07 12:24:23;USR-1372;2000-03-21;M;Standard;3;540;300;App;CS2;4.5;0
SESS-10425;2026-08-30 13:55:16;USR-1293;2004-07-12;M;VIP;8;0;1440;Card;Dota 2;4.5;1
SESS-12427;2026-08-23 20:39:04;USR-1002;2012-02-08;M;Standard;3;240;300;App;CS2;4.5;0
SESS-16342;2026-08-31 14:49:38;USR-1037;2010-08-28;M;Standard;3;0;300;Card;CS2;1.0;0
SESS-13440;2026-08-30 11:26:57;USR-1179;2023-06-15;M;Standard;-2;320;200;Cash;CS2;;0
SESS-14000;2026-08-28 00:45:53;USR-1077;2005-03-16;M;Bootcamp;3;0;450;Card;Dota 2;;0
SESS-16823;2026-08-16 17:08:54;USR-1694;2001-09-20;M;VIP;3;448;540;App;CS2;5.0;1
SESS-13890;2026-08-28 18:07:50;USR-1035;2007-12-13;M;VIP;2;320;400;Card;Valorant;;0
SESS-14248;2026-08-01 16:46:51;USR-1074;2004-09-03;M;Bootcamp;5;1232;675;Card;CS2;5.0;1
SESS-15790;2026-08-08 16:45:34;USR-1033;2008-06-16;M;VIP;2;470;400;Card;Dota 2;4.5;0
;2026-08-14 08:59:16;;2004-09-13;M;Bootcamp;3;546;405;Cash;Dota 2;4.5;1
SESS-11949;2026-08-29 13:24:25;USR-1492;1998-11-10;M;Bootcamp;1;0;150;Card;CS2;5.0;0
SESS-11171;2026-08-07 18:27:19;USR-1149;2006-12-05;M;Standard;1;80;100;Card;CS2;;0
SESS-13002;2026-08-23 22:06:01;USR-1793;2010-09-10;M;PS5;8;640;2000;Cash;CS2;4.0;0
SESS-10005;2026-08-14 00:34:44;USR-1442;20.01.2005;M;PS5;3;480;750;Card;Valorant;5.0;0
SESS-11362;2026-08-01 10:07:02;USR-1164;2009-01-06;M;Standard;1;80;100;Cash;Dota 2;;0
SESS-14805;2026-08-28 19:55:00;USR-1111;1997-10-25;M;Bootcamp;1;0;150;Card;CS2;;0
SESS-12288;2026-08-29 08:45:14;USR-1327;2007-07-01;M;Standard;8;1280;800;App;CS2;4.0;0
SESS-10154;2026-08-14 15:01:02;USR-1421;1998-04-13;M;;VIP;3;1260;Card;CS2;;1
SESS-16836;2026-08-28 20:58:46;USR-1071;2007-09-17;M;Bootcamp;3;714;405;Card;CS2;;1
SESS-14340;2026-08-05 20:24:38;USR-1206;2003-07-25;M;Standard;2;160;200;Card;Dota 2;4.0;0
SESS-12583;2026-08-09 10:58:53;USR-1316;1988-06-07;M;PS5;2;756;450;Card;CS2;5.0;1
SESS-11455;2026-08-15 14:47:36;USR-1517;2009-04-09;M;Bootcamp;1;80;150;Card;Dota 2;;0
SESS-11241;2026-08-30 18:32:25;USR-1161;2012-05-09;F;ps5;1;60;100;App;Valorant;;0
SESS-13948;2026-08-25 17:28:42;USR-1106;1997-11-09;M;Standard;1;180;100;App;CS2;4.5;0
SESS-10926;2026-08-03 19:59:24;USR-1332;2004-11-09;M;VIP;1;0;200;Card;CS2;;0
SESS-10397;2026-08-09 19:33:11;USR-1539;2002/09/26;M;Standard;3;240;300;Card;Apex Legends;;0
SESS-13705;2026-08-23 12:59:08;USR-1140;2006-12-27;F;PS5;8;896;1800;Card;CS2;4.5;1
SESS-17005;2026-08-22 21:14:36;USR-1604;2005-08-22;M;VIP;5;672;900;Card;Dota 2;4.0;1
SESS-11912;2026-08-24 17:10:02;USR-1065;2012-05-07;F;Standard;2;0;200;App;Valorant;;0
SESS-12868;2026-08-13 23:31:22;USR-1650;2004-11-18;M;VIP;3;0;600;Card;Dota 2;3.0;0
SESS-12617;2026-08-12 18:13:33;USR-1777;2007-05-08;M;Bootcamp;1;0;150;Card;Dota 2;4.5;0
SESS-15627;2026-08-01 23:56:36;USR-1020;2011-09-06;M;Standard;8;0;800;App;Dota 2;4.5;0
SESS-15112;2026-08-28 16:24:40;USR-1362;2007-07-04;F;PS5;3;0;750;App;CS2;;0
SESS-10181;2026-08-16 15:03:39;USR-1030;2011-05-18;M;Bootcamp;3;240;450;;CS2;4.5;0
SESS-11833;2026-08-26 13:10:26;USR-1477;2005-07-07;F;Standard;2;0;200;Card;CS2;5.0;0
SESS-14490;2026-08-13 12:33:23;USR-1658;2010-03-07;M;PS5;2;80;500;Cash;Minecraft;;0
