session_id;date;user_id;birth_date;gender;pc_zone;hours_played;extra_bar_spent;total_paid;payment_method;game_played;client_rating;discount_promo
SESS-12412;2026-08-18 01:58:11;USR-1205;2004-03-11;M;Bootcamp;8;1040;1200;Card;Valorant;4.0;0
SESS-13470;2026-08-28 17:19:20;USR-1602;1994-01-19;M;Standard;4;1000;400;Card;Cyberpunk 2077;;0
SESS-14236;2026-08-16 23:33:48;USR-1621;2011-12-21;M;Standard;12;480;1200;App;CS2;;0
SESS-11945;2026-08-23 11:31:30;USR-1063;2005-12-17;F;Bootcamp;4;560;540;App;CS2;4.5;1
SESS-12188;2026-08-10 13:37:36;USR-1169;2007-04-13;F;Bootcamp;4;0;600;Card;Apex Legends;5.0;0
SESS-10421;2026-08-23 12:38:11;USR-1694;2012-01-19;M;Standard;2;0;200;App;Minecraft;;0
SESS-14981;2026-08-01 16:00:59;USR-1500;2010-08-07;M;Standard;3;0;270;Card;Valorant;4.5;1
SESS-11866;2026-08-19 19:27:28;USR-1115;2011-04-23;M;Bootcamp;3;0;450;Card;Dota 2;;0
SESS-14282;2026-08-04 19:31:37;USR-1657;2007-05-18;M;VIP;2;0;400;Card;CS2;;0
SESS-11941;2026-08-12 17:32:55;USR-1641;2001-10-10;M;Standard;3;0;300;App;CS2;4.5;0
SESS-14575;2026-08-15 19:09:29;USR-1438;2010-05-10;M;Standard;3;240;300;Cash;CS2;4.0;0
SESS-10813;2026-08-27 09:52:41;USR-1107;1996-01-10;F;VIP;3;900;600;Card;Dota 2;5.0;0
SESS-14966;2026-08-16 18:55:33;USR-1146;2006-03-03;M;Bootcamp;2;0;300;Card;Apex Legends;;0
SESS-10301;2026-08-08 20:07:31;USR-1636;2009-02-18;M;Standard;12;0;1080;App;Valorant;3.0;1
SESS-12496;2026-08-07 20:41:28;USR-1015;2006-01-06;M;Standard;2;160;200;App;Dota 2;5.0;0
SESS-12407;2026-08-30 00:01:26;USR-1750;2010-11-19;M;VIP;12;960;2400;App;CS2;5.0;0
SESS-11155;2026-08-27 17:58:02;USR-1789;2003-01-17;M;Bootcamp;5;680;750;App;CS2;;0
SESS-12223;2026-08-18 13:23:42;USR-1730;2010-07-07;M;Standard;12;0;1200;App;Minecraft;5.0;0
SESS-14368;2026-08-12 20:52:04;USR-1603;2004-12-20;F;Standard;1;80;100;Card;Valorant;4.0;0
SESS-14355;2026-08-20 21:39:58;USR-1084;2009-10-18;M;Standard;2;160;200;App;GTA V;3.0;0
SESS-14894;2026-08-03 12:16:41;USR-1081;1997-07-08;M;VIP;2;650;400;App;Dota 2;;0
SESS-12565;2026-08-07 14:54:19;USR-1064;2003-01-04;F;Standard;3;240;300;App;GTA V;4.5;0
SESS-15359;2026-08-08 10:22:02;USR-1095;2010-06-09;M;PS5;2;0;500;Cash;Valorant;;0
SESS-10227;2026-08-24 19:02:06;USR-1007;2006-10-02;M;Bootcamp;8;1106;1080;Card;Valorant;4.0;1
SESS-13337;2026-08-29 15:45:07;USR-1336;2011-02-07;M;Standard;2;80;200;Cash;Dota 2;;0
SESS-15116;2026-08-19 20:31:14;USR-1195;2005-11-17;M;VIP;3;0;600;App;CS2;;0
SESS-12550;2026-08-30 20:21:47;USR-1698;2008-06-25;M;Bootcamp;2;390;300;App;Valorant;;0
SESS-11931;2026-08-12 20:15:16;USR-1140;2008-01-12;M;Bootcamp;3;546;405;Card;Valorant;5.0;1
SESS-11612;2026-08-08 21:51:16;USR-1177;1999-03-17;M;Bootcamp;3;840;450;App;Dota 2;5.0;0
SESS-15399;2026-08-06 19:13:21;USR-1127;2011-07-10;M;Standard;3;0;300;Card;Valorant;3.0;0
SESS-12748;2026-08-21 16:22:59;USR-1600;2006-05-25;F;Standard;3;0;300;App;PUBG;4.5;0
SESS-15085;2026-08-08 16:08:51;USR-1053;2003-11-22;M;Standard;3;0;300;Card;Apex Legends;;0
SESS-14101;2026-08-23 22:58:07;USR-1221;2008-04-08;M;Bootcamp;2;0;300;App;CS2;;0
SESS-12481;2026-08-11 15:55:40;USR-1070;2005-10-03;M;Standard;2;0;200;App;CS2;4.0;0
SESS-14939;2026-08-22 15:27:22;USR-1143;2009-12-19;M;Bootcamp;3;0;405;App;Minecraft;;1
SESS-12053;2026-08-08 16:28:45;USR-1144;2001-08-15;M;Standard;2;320;200;App;Dota 2;;0
SESS-13872;2026-08-23 19:46:15;USR-1675;2004-10-24;M;VIP;3;448;540;Card;Valorant;4.0;1
SESS-10920;2026-08-25 04:53:18;USR-1086;2004-06-19;M;PS5;3;0;750;Card;CS2;4.5;0
SESS-15010;2026-08-10 15:33:14;USR-1644;1999-12-25;F;VIP;2;540;400;Card;PUBG;;0
SESS-11013;2026-08-02 18:14:17;USR-1620;2012-12-05;1;Standard;1;0;90;Cash;Minecraft;5.0;1
SESS-14129;2026-08-15 01:58:37;USR-1474;2011-06-08;M;PS5;8;0;1800;Cash;CS2;5.0;1
SESS-11504;2026-08-16 20:41:17;USR-1752;2005-09-10;M;VIP;2;0;400;Card;CS2;4.5;0
SESS-11517;2026-08-22 13:30:55;USR-1082;2002-08-01;M;Standard;1;0;100;Card;CS2;;0
SESS-15455;2026-08-15 13:31:32;USR-1049;2008-01-16;F;Standard;2;0;200;App;Dota 2;4.0;0
SESS-11387;2026-08-29 18:09:54;USR-1506;2003-04-14;M;PS5;2;224;450;Card;CS2;;1
SESS-15330;2026-08-15 15:57:05;USR-1059;2003-11-06;F;Bootcamp;4;0;600;Card;Apex Legends;;0
SESS-12042;2026-08-27 15:46:33;USR-1768;2006-04-17;F;Standard;4;448;360;App;CS2;4.0;1
SESS-12190;2026-08-23 18:15:13;USR-1122;2009-02-15;M;VIP;1;0;180;Cash;CS2;;1
SESS-15269;2026-08-16 16:48:09;USR-1151;1996-03-26;Мужской;Standard;2;500;200;Card;CS2;;0
SESS-10503;2026-08-27 01:47:55;USR-1108;1998-04-14;M;Standard;3;0;300;Card;Cyberpunk 2077;;0
SESS-12677;2026-08-09 19:17:51;USR-1517;2006-10-03;M;Bootcamp;2;240;300;Card;CS2;5.0;0
SESS-12737;2026-08-20 20:27:14;USR-1012;2003-04-12;F;Standard;2;240;200;Card;Deadlock;;0
SESS-14709;2026-08-03 14:05:19;USR-1649;2009-07-12;M;Standard;2;120;200;Cash;Valorant;;0
SESS-13690;2026-08-05 21:46:42;USR-1679;2011-04-06;M;Bootcamp;2;120;300;Card;Dota 2;4.0;0
SESS-13070;2026-08-22 15:15:09;USR-1438;2010-05-10;M;Standard;3;0;300;App;CS2;;0
SESS-11346;2026-08-08 17:04:34;USR-1767;2006-02-17;M;VIP;4;400;800;Card;Valorant;5.0;0
SESS-15110;2026-08-04 19:20:36;USR-1063;2005-12-17;F;Standard;1;0;100;App;Dota 2;4.5;0
SESS-11042;2026-08-15 18:06:55;USR-1606;1994-05-14;M;Standard;5;0;500;;PUBG;;0
SESS-10477;2026-08-30 19:45:56;USR-1355;2011-11-27;M;Standard;4;0;400;App;Valorant;2.0;0
SESS-10968;2026-08-26 18:47:44;USR-1273;2009-02-12;M;Bootcamp;3;0;450;Cash;Dota 2;;0
SESS-10717;2026-08-14 09:15:19;USR-1034;2011-05-20;F;Standard;3;180;300;Card;Dota 2;;0
SESS-13326;2026-08-20 16:44:43;USR-1132;2010-11-05;M;Standard;5;0;500;App;Valorant;4.5;0
SESS-12141;2026-08-23 02:21:02;USR-1737;2011-01-14;M;Standard;4;336;360;Cash;CS2;;1
SESS-10852;2026-08-09 22:26:38;USR-1724;2005-03-25;M;Standard;5;800;500;App;Dota 2;;0
SESS-12871;2026-08-29 10:24:42;USR-1152;1992-08-26;M;VIP;3;1470;540;Card;Cyberpunk 2077;4.5;1
SESS-14817;2026-08-10 20:10:17;USR-1210;2007-11-18;M;Standard;5;0;500;Card;CS2;;0
SESS-12525;2026-08-24 11:58:32;USR-1158;2006-01-06;M;VIP;1;0;200;Card;Dota 2;;0
SESS-12209;2026-08-02 21:37:30;USR-1620;2012-12-05;M;Standard;3;168;270;Cash;Dota 2;;1
SESS-13007;2026-08-19 16:08:46;USR-1450;1998-12-23;M;Bootcamp;4;1020;600;Card;CS2;;0
SESS-15426;2026-08-07 14:05:25;USR-1705;2009-02-04;M;Standard;2;120;200;Cash;Minecraft;4.0;0
SESS-13790;2026-08-19 21:13:34;USR-1650;2005-11-23;M;Standard;4;320;400;Card;Deadlock;;0
SESS-13755;2026-08-23 13:56:24;USR-1273;2009-02-12;M;VIP;3;168;540;App;CS2;;1
SESS-15431;2026-08-07 18:57:24;USR-1055;2004-02-26;M;PS5;1;0;250;Card;Deadlock;2.0;0
SESS-14887;2026-08-15 18:43:17;USR-1344;2004-06-25;M;Standard;4;0;360;Card;CS2;;1
SESS-12479;2026-08-03 23:26:01;USR-1281;2011-08-18;M;Bootcamp;12;960;1800;Card;CS2;3.0;0
SESS-11553;2026-08-22 00:19:35;USR-1602;1994-01-19;M;VIP;3;900;600;Card;Dota 2;;0
SESS-10460;2026-08-20 15:55:19;USR-1001;1992-12-07;M;PS5;5;750;1250;Card;Browser/Work;5.0;0
SESS-10181;2026-08-28 08:50:23;USR-1641;2001-10-10;M;Standard;8;0;720;Card;CS2;4.0;1
SESS-12562;2026-08-13 11:08:41;USR-1758;2012-09-07;M;Standard;2;80;200;Cash;Dota 2;;0
SESS-12993;2026-08-05 15:51:46;USR-1032;2007-01-28;M;VIP;3;882;540;Card;Dota 2;;1
SESS-11011;2026-08-03 12:40:10;USR-1502;2004-12-18;M;PS5;4;896;900;Card;CS2;;1
SESS-11766;2026-08-25 13:33:40;USR-1155;2012-05-12;F;Standard;3;0;300;Cash;GTA V;5.0;0
SESS-10701;2026-08-15 16:43:23;USR-1049;2008-01-16;F;Standard;1;0;100;App;CS2;4.0;0
SESS-14875;2026-08-31 16:53:25;USR-1769;2011-01-01;F;Standard;2;120;200;App;Valorant;;0
SESS-14963;2026-08-17 19:36:13;USR-1556;2010-07-24;M;Bootcamp;3;0;450;App;CS2;1.0;0
SESS-11461;2026-08-16 18:36:20;USR-1001;1992-12-07;M;PS5;2;756;450;Card;Cyberpunk 2077;;1
SESS-14482;2026-08-26 20:36:57;USR-1172;2008-07-13;M;Standard;1;120;100;App;CS2;;0
SESS-14729;2026-08-29 22:04:10;USR-1151;1996-03-26;M;PS5;8;1554;1800;Card;CS2;5.0;1
SESS-10228;2026-08-12 08:26:21;USR-1519;2001-10-14;M;Bootcamp;3;0;450;Card;CS2;4.5;0
SESS-13224;2026-08-01 16:27:54;USR-1637;1999-10-03;M;Bootcamp;4;1218;540;Card;CS2;4.0;1
SESS-13865;2026-08-15 12:33:11;USR-1796;2006-08-10;M;Standard;3;503;270;Card;Valorant;;1
SESS-13173;2026-08-08 18:41:57;USR-1500;2010-08-07;M;Standard;2;120;200;Cash;Deadlock;4.0;0
SESS-11669;2026-08-01 21:43:02;USR-1121;2011-01-17;M;Bootcamp;4;0;600;Card;CS2;;0
SESS-11695;2026-08-08 16:23:20;USR-1067;2003-06-11;F;Standard;2;336;180;App;CS2;4.0;1
SESS-11130;2026-08-30 11:42:00;USR-1057;2005-07-28;M;Standard;1;80;100;Card;Dota 2;;0
SESS-15467;2026-08-12 04:44:45;USR-1611;2005-06-21;M;Bootcamp;3;0;405;App;Dota 2;4.5;1
SESS-13466;2026-08-13 17:51:57;USR-1038;2003-03-11;M;VIP;1;0;200;App;CS2;;0
SESS-15326;2026-08-26 00:43:03;USR-1779;2007-02-20;M;Standard;8;896;720;App;Dota 2;4.0;1
SESS-12411;2026-08-06 17:11:56;USR-1363;2006-12-13;M;PS5;2;320;500;Card;CS2;;0
SESS-10307;2026-08-09 14:49:53;USR-1331;2008-02-26;M;PS5;4;0;900;App;Apex Legends;4.5;1
SESS-11912;2026-08-15 18:25:28;USR-1062;2008-06-27;F;VIP;4;790;800;Card;Dota 2;;0
SESS-12116;2026-08-20 20:17:12;USR-1070;2005-10-03;M;VIP;2;240;400;Card;CS2;;0
SESS-11008;2026-08-24 17:21:04;USR-1038;2003-03-11;M;Standard;4;0;400;Card;Dota 2;;0
SESS-10521;2026-08-20 20:41:35;USR-1443;2007-09-13;M;Standard;2;0;180;Card;CS2;;1
SESS-11976;2026-08-09 02:32:20;USR-1586;2009-05-19;M;Standard;3;168;270;Cash;Minecraft;;1
SESS-11282;2026-08-02 11:21:04;USR-1486;1998-10-11;M;Standard;5;1750;450;Card;PUBG;5.0;1
SESS-11759;2026-08-06 16:27:43;USR-1450;1998-12-23;M;PS5;8;0;1800;Card;Dota 2;1.0;1
SESS-13778;2026-08-08 13:21:42;USR-1142;2010-09-26;M;Standard;2;0;200;Cash;Dota 2;1.0;0
SESS-11755;2026-08-30 19:02:11;USR-1409;2006-11-18;M;Bootcamp;2;320;300;Card;Dota 2;3.0;0
SESS-12674;2026-08-04 11:29:26;USR-1516;2006-08-12;M;Standard;4;0;400;App;CS2;;0
SESS-11437;2026-08-28 17:31:52;USR-1528;1999-03-12;M;Standard;2;240;200;Card;Browser/Work;;0
SESS-10493;2026-08-06 14:26:13;USR-1584;2011-11-07;M;Standard;3;180;300;App;CS2;;0
SESS-12265;2026-08-04 17:10:25;USR-1372;2003-09-21;M;Standard;2;0;200;Card;Dota 2;4.5;0
SESS-13222;2026-08-02 11:27:40;USR-1744;1996-05-27;F;Standard;3;0;300;Card;CS2;4.0;0
SESS-10874;2026-08-22 18:40:49;USR-1354;2010-03-22;M;Standard;1;0;100;App;Dota 2;;0
SESS-14451;2026-08-30 19:37:13;USR-1716;2006-03-07;F;VIP;5;1330;900;Card;CS2;4.0;1
SESS-15341;2026-08-28 12:46:59;USR-1487;1996-10-08;M;Standard;12;0;1200;App;Dota 2;;0
SESS-14959;2026-08-27 20:51:37;USR-1153;2003-01-20;M;VIP;3;630;600;Card;CS2;5.0;0
SESS-14117;2026-08-12 16:57:23;USR-1088;2004-02-01;M;PS5;3;336;675;Card;PUBG;;1
SESS-10973;2026-08-16 14:36:20;USR-1054;2010-09-08;M;Standard;1;60;100;App;Dota 2;4.0;0
SESS-10212;2026-08-12 18:08:07;USR-1091;2006-06-21;M;VIP;1;0;200;App;Valorant;;0
SESS-11347;2026-08-03 21:27:46;USR-1795;1997-10-22;M;VIP;8;1110;1600;Card;CS2;5.0;0
SESS-10070;2026-08-30 23:00:49;USR-1352;1995-12-27;F;Bootcamp;8;1740;1200;Card;PUBG;4.5;0
SESS-13246;2026-08-29 21:02:18;USR-1004;2010-05-15;F;Standard;1;84;90;App;Minecraft;3.0;1
SESS-13338;2026-08-09 23:25:23;USR-1424;2003-09-25;M;VIP;12;1110;2400;Card;Dota 2;;0
SESS-10826;2026-08-20 01:50:20;USR-1654;2006-11-15;m;Standard;8;960;800;Card;CS2;4.0;0
SESS-10408;2026-08-28 19:58:06;USR-1238;1989-07-19;F;Standard;5;840;450;Cash;Dota 2;4.5;1
SESS-13374;2026-08-05 12:52:50;USR-1125;2011-08-05;M;Standard;3;0;300;Cash;CS2;;0
SESS-12749;2026-08-12 11:50:06;USR-1482;2012-06-12;F;Bootcamp;2;0;300;Cash;Minecraft;4.0;0
SESS-12828;2026-08-01 12:20:34;USR-1790;2012-02-18;M;Standard;3;0;270;App;Valorant;;1
SESS-10006;2026-08-22 17:58:22;USR-1243;2006-04-18;F;VIP;3;390;600;Cash;CS2;;0
SESS-15257;2026-08-11 19:57:35;USR-1508;2006-04-01;F;PS5;1;112;225;Card;Dota 2;;1
SESS-14498;2026-08-29 14:12:30;USR-1251;2006-04-10;M;Standard;2;320;200;Card;CS2;;0
SESS-11626;2026-08-20 18:29:46;USR-1074;2005-02-02;M;Bootcamp;8;1456;1080;Card;Deadlock;4.5;1
SESS-13482;2026-08-05 23:08:39;USR-1585;2004-02-04;M;Bootcamp;8;0;1200;Card;Dota 2;5.0;0
SESS-10550;2026-08-23 20:57:05;USR-1007;2006-10-02;M;Standard;2;0;200;Card;CS2;;0
SESS-11842;2026-08-28 22:15:37;USR-1297;2002-03-08;M;Standard;12;2688;1080;Card;Dota 2;4.5;1
SESS-12271;2026-08-08 22:02:45;USR-1139;2004-06-17;M;Standard;12;0;1200;App;Apex Legends;4.0;0
SESS-11536;2026-08-29 15:39:32;USR-1550;2012-07-25;M;Standard;4;224;360;App;CS2;2.0;1
SESS-10114;2026-08-12 10:14:18;USR-1437;2004-04-15;M;Standard;3;0;300;Card;Valorant;;0
SESS-14964;2026-08-28 18:06:22;USR-1049;2008-01-16;F;Bootcamp;1;280;135;Card;CS2;;1
SESS-14870;2026-08-28 11:59:33;USR-1361;2005-03-12;M;VIP;3;0;600;App;Deadlock;4.5;0
SESS-14793;2026-08-21 13:50:04;USR-1101;2006-02-04;F;Bootcamp;1;160;150;Card;Dota 2;2.0;0
SESS-12854;2026-08-30 19:54:45;USR-1203;2011-01-18;M;VIP;5;560;900;Card;Dota 2;2.0;1
SESS-10744;2026-08-22 23:52:28;USR-1600;2006-05-25;F;Standard;2;0;200;App;Valorant;;0
SESS-15351;2026-08-08 20:34:05;USR-1777;2006-06-14;M;Bootcamp;8;1554;1080;;CS2;4.5;1
SESS-12888;2026-08-11 10:37:06;USR-1082;2002-08-01;M;Standard;2;0;200;Card;Dota 2;5.0;0
SESS-10529;2026-08-17 10:12:30;USR-1601;2006-09-19;M;Standard;1;160;100;Card;Deadlock;2.0;0
SESS-14190;2026-08-27 19:06:21;USR-1530;2011-02-18;M;Standard;1;0;100;App;PUBG;;0
SESS-11285;2026-08-15 20:48:55;USR-1050;2004-06-28;M;Standard;5;0;450;App;Valorant;4.5;1
SESS-11647;2026-08-31 20:27:08;USR-1056;2005-02-01;F;Standard;8;896;720;Card;GTA V;4.5;1
SESS-15108;2026-08-08 21:11:23;USR-1127;2011-07-10;M;Standard;4;0;360;Card;CS2;4.5;1
SESS-10022;2026-08-04 17:17:51;USR-1132;2010-11-05;M;Bootcamp;2;80;300;App;Valorant;;0
SESS-15586;2026-08-11 22:30:07;USR-1333;2011-09-03;M;VIP;5;400;1000;Cash;Deadlock;4.5;0
SESS-11863;2026-08-28 15:50:10;USR-1383;2009-05-24;M;Standard;4;160;400;Cash;Minecraft;;0
SESS-12131;2026-08-29 16:46:00;USR-1352;1995-12-27;F;VIP;3;714;540;App;GTA V;;1
SESS-15437;2026-08-30 18:24:16;USR-1729;2011-08-11;M;Standard;2;0;200;App;Minecraft;5.0;0
SESS-15047;2026-08-29 12:37:26;USR-1425;2006-09-02;M;Standard;2;224;180;App;Deadlock;;1
SESS-11671;2026-08-15 21:49:58;USR-1280;1994-07-18;F;VIP;1;270;200;App;Browser/Work;3.0;0
SESS-10069;2026-08-26 13:49:27;USR-1285;2010-09-09;M;Bootcamp;4;336;540;Cash;CS2;4.5;1
SESS-12059;2026-08-11 01:06:00;USR-1760;2001-02-11;M;VIP;12;2800;2160;Card;Dota 2;4.5;1
SESS-15280;2026-08-11 13:35:52;USR-1325;2010-11-01;M;Standard;4;0;360;Cash;CS2;4.0;1
SESS-13849;2026-08-29 17:29:57;USR-1731;2005-07-27;M;PS5;3;360;750;Card;Valorant;;0
SESS-14650;2026-08-18 11:51:36;USR-1164;2005-02-22;M;Standard;3;0;270;Card;Valorant;5.0;1
SESS-14540;2026-08-15 16:50:17;USR-1032;2007-01-28;M;Standard;2;320;200;Card;Deadlock;;0
SESS-14853;2026-08-26 15:48:14;USR-1040;1991-09-28;M;VIP;5;0;1000;Card;Dota 2;;0
SESS-11319;2026-08-28 16:12:11;USR-1068;2005-02-06;F;Standard;2;0;200;Card;Valorant;4.5;0
SESS-14590;2026-08-19 10:37:47;USR-1372;2003-09-21;M;Standard;3;336;270;Card;CS2;;1
SESS-13581;2026-08-14 09:47:51;USR-1271;2003-09-16;M;VIP;2;470;400;Card;Dota 2;;0
SESS-12593;2026-08-11 22:58:40;USR-1177;1999-03-17;M;VIP;12;3300;2400;App;Dota 2;4.5;0
SESS-10155;2026-08-09 17:41:31;USR-1162;1995-09-27;M;VIP;5;0;900;Card;PUBG;5.0;1
SESS-10704;2026-08-13 17:17:01;USR-1593;2002-08-20;M;Standard;3;480;300;Card;Deadlock;4.0;0
SESS-11814;2026-08-05 12:59:13;USR-1243;2006-04-18;F;Standard;4;0;360;Card;Minecraft;4.0;1
SESS-11754;2026-08-28 00:17:39;USR-1083;2012-04-25;M;Standard;5;0;450;App;Dota 2;4.0;1
SESS-10177;2026-08-14 18:42:40;USR-1532;2004-10-07;M;Bootcamp;2;470;300;Card;CS2;;0
SESS-12074;2026-08-27 16:18:40;USR-1095;2010-06-09;M;Standard;3;0;300;App;CS2;;0
SESS-12229;2026-08-28 02:50:21;USR-1136;2010-11-02;M;Standard;1;0;100;Card;CS2;5.0;0
SESS-10768;2026-08-09 13:23:43;USR-1073;2001-05-02;M;Standard;4;672;360;Card;CS2;5.0;1
SESS-12820;2026-08-29 14:29:12;USR-1241;2001-02-07;M;Bootcamp;3;440;450;Card;Valorant;;0
SESS-12062;2026-08-12 22:14:11;USR-1518;2007-10-19;M;Bootcamp;3;0;450;Card;Valorant;;0
SESS-11488;2026-08-08 11:51:26;USR-1398;2011-03-15;F;VIP;4;0;800;App;Apex Legends;;0
SESS-14544;2026-08-02 12:08:08;USR-1110;2004-06-14;M;Bootcamp;2;0;300;Cash;CS2;1.0;0
SESS-10683;2026-08-06 19:43:06;USR-1588;2006-08-03;M;Standard;1;0;100;Card;Dota 2;;0
SESS-11100;2026-08-09 23:17:32;USR-1209;2011-08-10;F;PS5;8;320;2000;Cash;Valorant;4.0;0
SESS-11917;2026-08-17 18:21:29;USR-1475;2012-02-23;M;Standard;2;120;200;App;CS2;3.0;0
SESS-13101;2026-08-23 18:27:35;USR-1420;2008-03-16;M;Bootcamp;1;310;150;Card;Dota 2;4.0;0
SESS-12791;2026-08-14 07:07:20;USR-1569;2011-02-25;M;Bootcamp;5;420;675;App;CS2;4.5;1
SESS-11072;2026-08-15 15:28:07;USR-1110;2004-06-14;M;Standard;3;336;270;Cash;Valorant;4.5;1
SESS-11403;2026-08-14 16:37:36;USR-1501;2005-05-15;M;Bootcamp;3;0;450;Cash;CS2;;0
SESS-11371;2026-08-23 12:22:26;USR-1305;2010-06-26;M;Standard;3;336;270;Cash;CS2;5.0;1
SESS-13552;2026-08-13 14:01:49;USR-1020;2010-04-19;M;PS5;4;336;900;Card;Dota 2;4.5;1
SESS-11537;2026-08-28 07:26:03;USR-1663;2007-06-26;M;Standard;1;120;100;Card;Apex Legends;4.5;0
SESS-15458;2026-08-24 14:38:42;USR-1034;2011-05-20;F;Bootcamp;2;160;300;App;CS2;;0
SESS-10039;2026-08-13 16:31:24;USR-1294;1996-04-28;M;VIP;2;0;400;Card;CS2;;0
SESS-10988;2026-08-20 15:37:39;USR-1055;2004-02-26;M;Standard;3;0;270;Card;CS2;;1
SESS-11530;2026-08-08 16:05:53;USR-1704;2007-12-26;M;Standard;1;0;100;App;CS2;;0
SESS-11667;2026-08-29 19:16:36;USR-1030;2007-05-18;M;Bootcamp;3;0;450;Card;CS2;;0
SESS-10962;2026-08-29 19:24:40;USR-1032;2007-01-28;M;VIP;2;0;400;App;CS2;;0
SESS-14782;2026-08-13 01:18:14;USR-1668;1994-04-21;F;VIP;8;1110;1600;Card;GTA V;4.0;0
SESS-10376;2026-08-26 12:25:26;USR-1012;2003-04-12;F;Bootcamp;1;230;150;Card;Deadlock;4.5;0
SESS-13671;2026-08-06 23:56:19;USR-1019;1998-11-10;M;VIP;8;0;1600;Card;Dota 2;;0
SESS-12902;2026-08-14 23:42:27;USR-1478;2002-12-04;M;Standard;5;400;500;Cash;Deadlock;;0
SESS-15064;2026-08-14 14:28:01;USR-1424;2003-09-25;M;Bootcamp;2;390;300;App;Valorant;;0
SESS-13940;2026-08-10 23:57:06;USR-1009;2001-06-04;M;Standard;3;0;300;Card;Dota 2;;0
SESS-11524;2026-08-16 16:22:39;USR-1067;2003-06-11;F;VIP;2;0;400;App;Minecraft;;0
SESS-11534;2026-08-14 05:59:44;USR-1529;2005-06-06;M; Bootcamp ;4;0;400;Card;Dota 2;;0
SESS-12958;2026-08-04 13:17:22;USR-1084;2009-10-18;M;VIP;8;640;1600;Card;CS2;4.5;0
SESS-12212;2026-08-01 19:26:27;USR-1301;2010-06-17;M;VIP;4;224;720;App;Valorant;5.0;1
SESS-14277;2026-08-06 13:26:57;USR-1037;2008-10-15;M;Standard;2;0;200;Card;CS2;4.0;0
SESS-15548;2026-08-16 17:00:59;USR-1152;1992-08-26;M;VIP;2;540;400;App;CS2;;0
SESS-13395;2026-08-30 10:16:01;USR-1423;2006-01-25;M; Bootcamp ;3;0;300;Card;Dota 2;2.0;0
SESS-12413;2026-08-29 10:51:09;USR-1059;2003-11-06;F;Standard;2;0;180;Card;Deadlock;;1
SESS-15386;2026-08-09 15:36:33;USR-1146;2006-03-03;M;Standard;1;160;100;Card;Minecraft;4.0;0
SESS-13155;2026-08-28 19:28:17;USR-1156;2008-07-22;M;Standard;2;0;180;Card;Valorant;4.5;1
SESS-11166;2026-08-12 16:48:50;USR-1700;2004-04-15;F;Standard;8;896;720;Card;CS2;4.0;1
SESS-14970;2026-08-14 00:07:50;USR-1371;2004-04-08;M;Bootcamp;8;1110;1200;Card;Dota 2;4.0;0
SESS-12388;2026-08-28 20:38:44;USR-1207;2002-07-21;F;Bootcamp;1;0;150;Card;Deadlock;5.0;0
SESS-15225;2026-08-16 11:38:44;USR-1290;2004-03-15;M;Bootcamp;2;336;270;App;Apex Legends;;1
SESS-11483;2026-08-09 14:38:49;USR-1639;2008-06-02;M;Bootcamp;2;0;300;App;Dota 2;;0
SESS-14824;2026-08-06 20:17:31;USR-1116;2006-02-02;M;Bootcamp;2;0;300;Card;CS2;;0
SESS-11132;2026-08-01 23:02:38;USR-1786;2010-04-22;M;Bootcamp;12;960;1800;Cash;Dota 2;4.0;0
SESS-13047;2026-08-15 11:47:14;USR-1069;2004-11-11;M;Standard;3;240;300;Cash;Valorant;4.5;0
SESS-14968;2026-08-04 11:17:47;USR-1233;2006-08-20;M;Bootcamp;5;1232;675;Card;Dota 2;5.0;1
SESS-13687;2026-08-19 20:56:04;USR-1074;2005-02-02;M;Bootcamp;1;0;150;Cash;Valorant;4.0;0
SESS-10514;2026-08-04 16:07:20;USR-1384;1997-10-15;F;VIP;2;0;400;Card;GTA V;5.0;0
SESS-11454;2026-08-07 11:45:35;USR-1104;2004-02-10;F;Bootcamp;4;720;600;Card;Valorant;;0
SESS-12370;2026-08-29 15:01:17;USR-1059;2003-11-06;F;Standard;5;0;450;App;Valorant;;1
SESS-13662;2026-08-07 17:58:03;USR-1002;2001-09-28;F;Standard;3;480;300;Card;Dota 2;2.0;0
SESS-11365;2026-08-30 21:32:28;USR-1219;1995-03-19;M;Standard;2;503;180;Card;Browser/Work;5.0;1
SESS-12920;2026-08-01 09:28:39;USR-1528;1999-03-12;M;Standard;4;1007;360;Card;Dota 2;4.5;1
SESS-12460;2026-08-29 19:02:56;USR-1675;2004-10-24;M;Bootcamp;2;320;300;App;Deadlock;3.0;0
SESS-10585;2026-08-05 10:38:14;USR-1302;2005-05-13;F;Bootcamp;4;0;540;Card;CS2;;1
SESS-14486;2026-08-10 21:12:59;USR-1598;2000-04-03;M;VIP;3;1176;540;Card;Dota 2;4.5;1
SESS-14731;2026-08-16 19:39:17;USR-1500;2010-08-07;M;PS5;1;0;250;Cash;Dota 2;;0
SESS-10190;2026-08-20 23:55:43;USR-1571;2012-11-11;M;Standard;5;300;500;App;CS2;5.0;0
SESS-15058;2026-08-13 18:38:26;USR-1043;2005-02-07;F;VIP;4;1007;720;Card;Minecraft;;1
SESS-13564;2026-08-23 09:03:32;USR-1152;1992-08-26;M;Standard;4;0;400;Card;Dota 2;4.0;0
SESS-15361;2026-08-01 20:21:30;USR-1630;1993-07-24;M;VIP;3;965;540;Cash;Valorant;4.5;1
SESS-11627;2026-08-15 17:37:24;USR-1144;2001-08-15;M;Standard;4;320;400;Cash;Deadlock;;0
SESS-15160;2026-08-09 19:16:49;USR-1010;2005-03-05;M;Bootcamp;1;310;150;App;Valorant;;0
SESS-11930;2026-08-28 16:17:18;USR-1524;2005-07-06;M;VIP;1;0;200;App;Dota 2;4.5;0
SESS-10160;2026-08-03 07:19:16;USR-1131;2008-12-05;F;Standard;1;80;100;Card;Apex Legends;4.5;0
SESS-14361;2026-08-20 16:38:52;USR-1469;2008-07-09;F;Bootcamp;4;0;540;App;Dota 2;4.5;1
SESS-12490;2026-08-27 11:39:11;USR-1051;2011-05-15;M;VIP;3;0;540;App;Dota 2;4.5;1
SESS-11925;2026-08-29 10:09:09;USR-1667;2005-09-14;M;PS5;4;0;1000;App;CS2;;0
SESS-11568;2026-08-09 11:27:23;USR-1416;2008-03-07;F;Standard;1;80;100;App;Valorant;4.0;0
SESS-14692;2026-08-22 19:39:15;USR-1007;2006-10-02;M;PS5;4;640;1000;Cash;Deadlock;;0
SESS-14306;2026-08-17 07:37:00;USR-1222;2005-09-10;M;VIP;5;480;1000;Card;CS2;5.0;0
SESS-12992;2026-08-16 08:44:07;USR-1049;2008-01-16;F;Standard;3;0;300;App;Dota 2;;0
SESS-10299;2026-08-29 00:04:55;USR-1004;2010-05-15;F;Standard;12;0;1080;App;Valorant;;1
SESS-13292;2026-08-22 07:55:14;USR-1434;2007-09-26;M;Standard;1;120;100;App;CS2;;0
SESS-14574;2026-08-15 16:44:30;USR-1168;2001-03-23;F;Bootcamp;3;390;450;App;Valorant;;0
SESS-10926;2026-08-26 09:02:32;USR-1493;1991-11-26;M;VIP;3;840;600;Card;Browser/Work;4.0;0
SESS-14049;2026-08-29 19:11:29;USR-1081;1997-07-08;M;PS5;2;0;500;Card;Dota 2;;0
SESS-14913;2026-08-10 23:37:53;USR-1533;1993-12-28;M;Bootcamp;5;1400;750;Card;CS2;3.0;0
SESS-13934;2026-08-08 12:27:15;USR-1176;2007-07-13;F;Standard;2;336;180;Card;CS2;;1
SESS-15570;2026-08-03 00:56:23;USR-1150;2004-07-09;F;Standard;12;0;1200;Card;Dota 2;;0
SESS-15120;2026-08-14 13:27:35;USR-1290;2004-03-15;M;Bootcamp;2;0;270;App;Deadlock;5.0;1
SESS-12553;2026-08-30 18:31:33;USR-1100;2006-07-26;F;Standard;3;0;300;Card;CS2;;0
SESS-12254;2026-08-01 17:31:53;USR-1401;2005-01-20;M;PS5;2;0;500;App;CS2;4.0;0
SESS-11499;2026-08-06 19:11:51;USR-1691;2005-07-21;M;VIP;3;0;600;App;CS2;4.0;0
SESS-14167;2026-08-19 17:44:29;USR-1678;2007-09-14;F;Standard;1;0;100;Card;PUBG;;0
SESS-11062;2026-08-01 15:19:55;USR-1041;2008-02-09;M;VIP;1;0;200;Card;CS2;4.5;0
SESS-12102;2026-08-30 17:46:37;USR-1478;2002-12-04;M;Standard;3;503;270;Card;Dota 2;4.5;1
SESS-10146;2026-08-08 15:18:37;USR-1447;2006-10-19;M;Bootcamp;5;550;750;Card;CS2;3.0;0
SESS-11375;2026-08-29 16:16:33;USR-1038;2003-03-11;M;VIP;1;0;200;Cash;Dota 2;;0
SESS-12078;2026-08-20 18:55:14;USR-1152;1992-08-26;M;Bootcamp;8;1260;1200;App;Deadlock;3.0;0
SESS-13370;2026-08-29 19:42:43;USR-1139;2004-06-17;M;Standard;12;2688;1080;Card;CS2;;1
SESS-10058;2026-08-15 01:31:00;USR-1733;2011-04-11; M ;Standard;8;0;800;App;Minecraft;;0
SESS-10041;2026-08-03 14:43:16;USR-1693;2010-07-19;F;Standard;3;0;300;Card;Minecraft;4.5;0
SESS-13814;2026-08-28 00:39:03;USR-1725;2010-05-11;M;Bootcamp;8;0;1200;App;Minecraft;5.0;0
SESS-11968;2026-08-31 18:16:39;USR-1231;2004-08-22;F;Standard;2;224;180;Card;Dota 2;;1
SESS-12602;2026-08-13 17:34:51;USR-1572;2006-08-21;F;Standard;8;0;800;Card;Valorant;3.0;0
SESS-11485;2026-08-08 23:26:57;USR-1639;2008-06-02;M;Standard;8;960;800;App;Dota 2;3.0;0
SESS-12318;2026-08-06 18:26:38;USR-1795;1997-10-22;M;Bootcamp;3;0;450;Card;Dota 2;;0
SESS-12129;2026-08-02 23:36:41;USR-1126;2010-02-08;M;PS5;8;672;1800;App;Minecraft;5.0;1
SESS-12482;2026-08-03 16:17:33;USR-1038;2003-03-11;M;Standard;2;240;200;Card;CS2;;0
SESS-13698;2026-08-23 15:28:34;USR-1214;2010-04-09;M;Bootcamp;4;0;600;App;Minecraft;3.0;0
SESS-10243;2026-08-22 07:09:04;USR-1542;2006-08-20;M;VIP;4;630;800;Card;Valorant;5.0;0
SESS-15000;2026-08-01 02:10:49;USR-1065;2008-04-06;M;Bootcamp;3;630;450;Card;CS2;1.0;0
SESS-13100;2026-08-11 00:12:31;USR-1615;1994-10-25;M;PS5;8;1590;2000;App;PUBG;4.5;0
SESS-14042;2026-08-23 22:50:44;USR-1370;2006-12-26;F;Bootcamp;3;0;450;Card;CS2;5.0;0
SESS-14877;2026-08-06 14:36:41;USR-1319;2012-08-24;M;Standard;2;0;200;Cash;Minecraft;;0
SESS-14526;2026-08-03 21:59:22;USR-1238;1989-07-19;F;Standard;4;1400;360;Card;PUBG;;1
SESS-13669;2026-08-01 17:03:57;USR-1297;2002-03-08;M;Standard;2;240;200;App;Apex Legends;;0
SESS-11822;2026-08-23 18:32:06;USR-1409;2006-11-18;M;Bootcamp;3;0;450;Card;Dota 2;;0
SESS-10456;2026-08-19 12:02:35;USR-1017;2006-06-21;M;VIP;1;200;200;Card;Dota 2;4.5;0
SESS-13962;2026-08-31 18:12:15;USR-1079;2003-06-06;M;Standard;1;0;90;Card;Dota 2;4.5;1
SESS-11466;2026-08-15 11:01:44;USR-1015;2006-01-06;M;Standard;5;840;450;App;Apex Legends;;1
SESS-12224;2026-08-18 20:09:34;USR-1022;2010-12-12;M;Standard;1;40;100;Card;CS2;4.5;0
SESS-14987;2026-08-27 11:53:44;USR-1096;2000-06-13;Мужской;VIP;2;800;400;Card;PUBG;;0
SESS-14636;2026-08-01 10:08:35;USR-1654;2006-11-15;M;VIP;1;240;200;Card;Valorant;;0
SESS-11468;2026-08-30 20:55:58;USR-1711;2010-10-01;M;Bootcamp;1;80;150;App;Valorant;5.0;0
SESS-14661;2026-08-13 21:02:17;USR-1309;2010-08-10;M;VIP;4;0;800;Cash;Minecraft;2.0;0
SESS-10364;2026-08-11 14:17:40;USR-1004;2010-05-15;F;Bootcamp;3;336;405;Cash;Dota 2;;1
SESS-12778;2026-08-22 19:29:37;USR-1097;2012-11-26;M;Standard;12;0;1200;Cash;Minecraft;4.0;0
SESS-12719;2026-08-15 00:04:08;USR-1271;2003-09-16;M;Standard;5;600;500;Cash;Minecraft;5.0;0
SESS-13746;2026-08-31 17:48:28;USR-1260;2006-01-17;M;VIP;3;882;540;Card;Valorant;2.0;1
SESS-10793;2026-08-19 13:02:20;USR-1047;2008-03-26;M;Bootcamp;2;0;300;Card;Valorant;;0
SESS-11582;2026-08-26 22:32:31;USR-1691;2005-07-21;M;VIP;8;2001;1440;Cash;Dota 2;5.0;1
SESS-15145;2026-08-30 09:34:37;USR-1116;2006-02-02;M;Standard;2;0;200;Card;CS2;;0
SESS-10928;2026-08-29 18:11:27;USR-1172;2008-07-13;M;Standard;2;0;200;Card;Dota 2;;0
SESS-13357;2026-08-02 13:29:53;USR-1674;2000-06-17;M;PS5;4;1092;900;Card;Browser/Work;5.0;1
SESS-11922;2026-08-25 20:53:34;USR-1155;2012-05-12;F;VIP;5;560;900;Card;Dota 2;;1
SESS-13897;2026-08-21 00:13:25;USR-1295;2001-06-22;M;Standard;5;0;500;App;Valorant;3.0;0
SESS-10902;2026-08-05 00:03:15;USR-1092;2011-05-01;M;Bootcamp;5;280;675;Cash;Dota 2;4.5;1
SESS-11679;2026-08-27 19:40:21;USR-1386;2007-12-17;M;Bootcamp;1;230;150;App;CS2;4.0;0
SESS-12811;2026-08-01 01:26:21;USR-1473;2010-10-17;M;Bootcamp;8;0;1200;Cash;CS2;3.0;0
SESS-13038;2026-08-30 00:56:24;USR-1164;2005-02-22;M;VIP;5;0;1000;App;Dota 2;;0
SESS-11087;2026-08-20 15:37:19;USR-1140;2008-01-12;M;VIP;5;0;1000;App;CS2;;0
SESS-14787;2026-08-13 23:39:01;USR-1123;2012-08-03;F;Standard;5;0;500;Cash;Minecraft;5.0;0
SESS-13279;2026-08-02 20:58:16;USR-1128;1997-08-27;M;PS5;2;660;500;Card;Browser/Work;5.0;0
SESS-11833;2026-08-29 16:26:44;USR-1041;2008-02-09;M;Bootcamp;1;230;150;Card;Valorant;;0
SESS-14622;2026-08-02 18:00:45;USR-1386;2007-12-17;M;VIP;4;0;800;App;Deadlock;;0
SESS-13367;2026-08-02 16:55:30;USR-1432;1988-07-15;M;VIP;2;800;400;Card;Dota 2;;0
SESS-11247;2026-08-20 12:31:36;USR-1024;2006-10-08;M;Standard;2;336;180;Card;Deadlock;4.0;1
SESS-12692;2026-08-09 13:38:41;USR-1129;1997-03-27;M;Standard;2;240;200;Card;Deadlock;;0
SESS-12136;2026-08-29 08:13:17;USR-1606;1994-05-14;M;VIP;3;900;600;Card;Deadlock;5.0;0
SESS-14838;2026-08-29 14:43:06;USR-1041;2008-02-09;M;VIP;2;0;400;Card;CS2;;0
SESS-13680;2026-08-07 21:01:04;USR-1505;2004-12-22;M;Bootcamp;4;470;600;App;Valorant;;0
SESS-10163;2026-08-18 20:06:55;USR-1086;2004-06-19;M;Standard;2;320;200;App;Valorant;1.0;0
SESS-11202;2026-08-11 11:24:04;USR-1736;2007-02-18;M;Standard;1;160;100;Card;Deadlock;4.5;0
SESS-11721;2026-08-20 12:55:45;USR-1475;2012-02-23;M;Bootcamp;1;0;150;Card;Dota 2;;0
SESS-15013;2026-08-23 13:52:29;USR-1400;2008-04-27;M;VIP;1;200;200;App;Dota 2;;0
SESS-13145;2026-08-22 16:54:06;USR-1128;1997-08-27;M;PS5;1;400;250;Card;GTA V;;0
SESS-15004;2026-08-20 20:34:34;USR-1223;2011-08-15;M;Standard;1;84;90;Cash;Valorant;4.0;1
SESS-12700;2026-08-08 19:40:30;USR-1104;2004-02-10;F;Standard;2;0;200;Card;Deadlock;;0
SESS-14847;2026-08-26 22:59:17;USR-1662;1989-05-08;M;Standard;8;1344;720;App;CS2;5.0;1
SESS-15440;2026-08-28 16:58:46;USR-1328;1997-09-01;M;VIP;2;390;400;Card;CS2;4.5;0
SESS-10563;2026-08-15 20:03:53;USR-1643;2007-06-26;M;Standard;1;120;100;App;Apex Legends;;0
SESS-10948;2026-08-08 11:26:07;USR-1691;2005-07-21;M;VIP;2;658;360;Card;Dota 2;4.5;1
SESS-13748;2026-08-25 18:09:12;USR-1032;2007-01-28;M;PS5;12;0;2700;App;Deadlock;4.0;1
SESS-11802;2026-08-01 12:50:06;USR-1171;2008-06-15;F;Bootcamp;5;0;750;Card;Dota 2;;0
SESS-10789;2026-08-22 12:28:30;USR-1138;2005-01-08;M;VIP;4;0;800;App;Valorant;5.0;0
SESS-12742;2026-08-06 17:32:03;USR-1312;2007-12-10;M;PS5;1;120;250;Card;PUBG;5.0;0
SESS-12976;2026-08-08 20:45:04;USR-1662;1989-05-08;M;PS5;3;1470;675;Card;Dota 2;;1
SESS-13102;2026-08-27 21:38:13;USR-1229;2000-05-06;M;Standard;1;250;100;Card;CS2;;0
SESS-14377;2026-08-30 18:04:41;USR-1158;2006-01-06;M;Standard;4;480;400;Card;Dota 2;4.5;0
SESS-13418;2026-08-20 10:50:08;USR-1033;2003-12-13;M;Standard;4;0;360;App;Dota 2;4.5;1
SESS-11112;2026-08-29 00:27:23;USR-1732;2004-01-01;F;VIP;3;320;600;App;CS2;;0
SESS-12326;2026-08-29 11:19:22;USR-1453;2003-01-16;M;Bootcamp;4;0;540;Card;Deadlock;5.0;1
SESS-11267;2026-08-10 17:49:52;USR-1437;2004-04-15;M;Standard;2;0;200;App;CS2;;0
SESS-13823;2026-08-13 18:07:17;USR-1449;2011-12-11;M;Standard;8;0;800;Cash;Minecraft;;0
SESS-12220;2026-08-09 19:49:57;USR-1152;1992-08-26;M;PS5;1;0;250;Card;Browser/Work;;0
SESS-11978;2026-08-17 11:58:51;USR-1370;2006-12-26;F;Bootcamp;3;784;405;Card;Valorant;;1
SESS-12145;2026-08-18 16:50:07;USR-1132;2010-11-05;M;Bootcamp;3;336;405;App;GTA V;;1
SESS-13110;2026-08-19 21:41:00;USR-1447;2006-10-19;M;Bootcamp;3;0;450;Card;CS2;;0
SESS-12233;2026-08-28 17:38:20;USR-1093;2005-01-04;F;VIP;12;0;2400;Card;Valorant;;0
SESS-10944;2026-08-31 19:10:53;USR-1140;2008-01-12;M;Bootcamp;3;0;450;Card;Valorant;4.0;0
SESS-14497;2026-08-09 16:14:03;USR-1067;2003-06-11;F;Standard;2;320;200;App;Dota 2;2.0;0
SESS-13285;2026-08-01 21:44:06;USR-1374;2004-09-22;M;VIP;5;0;1000;Cash;CS2;4.5;0
SESS-13606;2026-08-16 15:38:03;USR-1657;2007-05-18;M;Bootcamp;5;0;750;App;Dota 2;;0
SESS-15395;2026-08-09 16:18:33;USR-1522;2004-09-21;F;PS5;3;240;750;Card;Dota 2;;0
SESS-13862;2026-08-20 21:33:22;USR-1764;2000-04-05;M;VIP;1;0;200;Card;Cyberpunk 2077;;0
SESS-10696;2026-08-21 15:25:09;USR-1060;2011-01-07;M;Standard;4;160;400;Cash;CS2;4.0;0
SESS-15245;2026-08-08 12:37:40;USR-1540;2010-06-16;M;Standard;12;1007;1080;Cash;Valorant;3.0;1
SESS-11762;2026-08-25 20:53:59;USR-1057;2005-07-28;M;Bootcamp;1;0;150;Card;Dota 2;;0
SESS-13965;2026-08-30 15:28:58;USR-1320;2005-05-27;M;Standard;1;0;100;App;Deadlock;5.0;0
SESS-14625;2026-08-07 18:54:52;USR-1363;2006-12-13;M;VIP;1;0;200;App;Dota 2;;0
SESS-15081;2026-08-19 16:55:28;USR-1679;2011-04-06;M;Bootcamp;1;0;150;App;Dota 2;4.5;0
SESS-14141;2026-08-04 22:40:21;USR-1214;2010-04-09;M;Standard;12;0;1200;App;Deadlock;4.0;0
SESS-12944;2026-08-13 18:32:17;USR-1081;1997-07-08;M;VIP;1;400;200;Cash;GTA V;;0
SESS-13280;2026-08-29 20:55:02;USR-1223;2011-08-15;M;Standard;1;0;100;Cash;Valorant;;0
SESS-13784;2026-08-30 17:52:19;USR-1633;2003-05-05;M;PS5;2;0;500;Card;CS2;;0
SESS-13076;2026-08-28 14:22:58;USR-1015;2006-01-06;M;VIP;2;0;400;Card;CS2;4.5;0
SESS-13378;2026-08-02 12:21:48;USR-1234;2012-03-23;F;Standard;2;0;200;App;Dota 2;;0
SESS-10546;2026-08-29 16:35:46;USR-1640;2009-07-02;M;Standard;3;0;300;Cash;CS2;;0
SESS-11597;2026-08-15 20:27:38;USR-1430;2005-08-26;M;VIP;1;160;200;App;Dota 2;3.0;0
SESS-12148;2026-08-14 11:36:41;USR-1176;2007-07-13;F;Standard;1;0;100;Card;Dota 2;;0
SESS-10598;2026-08-02 22:09:48;USR-1312;2007-12-10;M;VIP;8;1040;1600;App;Valorant;;0
SESS-10318;2026-08-09 19:12:23;USR-1097;2012-11-26;M;Standard;8;640;800;App;Valorant;4.0;0
SESS-12346;2026-08-02 22:34:19;USR-1080;2010-03-26;M;Standard;3;180;300;Cash;Minecraft;;0
SESS-15338;2026-08-13 14:49:41;USR-1150;2004-07-09;F;Bootcamp;4;882;540;App;CS2;4.0;1
SESS-13724;2026-08-09 09:58:55;USR-1212;2010-08-25;F;Standard;2;80;200;App;Valorant;;0
SESS-14874;2026-08-28 08:49:12;USR-1740;2011-12-02;M;Standard;4;0;400;Cash;Minecraft;;0
SESS-12259;2026-08-03 13:19:05;USR-1208;1990-09-21;M;PS5;1;480;250;App;Deadlock;;0
SESS-11819;2026-08-11 16:42:40;USR-1370;2006-12-26;F;Standard;1;80;100;App;Apex Legends;4.5;0
SESS-14138;2026-08-01 21:37:16;USR-1144;2001-08-15;M;Bootcamp;2;0;300;Card;CS2;;0
SESS-13261;2026-08-25 18:19:45;USR-1385;1992-02-06;M;VIP;2;0;400;App;Cyberpunk 2077;;0
SESS-11433;2026-08-04 17:29:56;USR-1791;2006-01-19;F;PS5;3;0;675;Card;CS2;;1
SESS-14319;2026-08-12 15:16:55;USR-1453;2003-01-16;M;Standard;3;0;300;Card;CS2;;0
SESS-12313;2026-08-06 00:34:11;USR-1488;2004-11-20;M;VIP;5;680;1000;Card;Dota 2;3.0;0
SESS-13808;2026-08-01 15:36:00;USR-1019;1998-11-10;M;Standard;1;120;100;Card;CS2;4.0;0
SESS-13497;2026-08-01 18:22:38;USR-1287;2005-03-11;M;Standard;2;0;200;Card;CS2;1.0;0
SESS-10338;2026-08-28 10:23:54;USR-1108;1998-04-14;M;VIP;3;0;600;Card;CS2;4.5;0
SESS-12359;2026-08-10 10:31:38;USR-1580;2011-12-09;F;Standard;4;448;360;App;CS2;;1
SESS-10574;2026-08-10 14:14:05;USR-1021;2004-06-28;M;Standard;3;0;300;Card;Apex Legends;;0
SESS-10359;2026-08-21 17:45:32;USR-1334;2005-10-03;F;VIP;2;0;400;Card;CS2;;0
SESS-13031;2026-08-23 15:09:40;USR-1055;2004-02-26;M;Standard;3;0;270;App;CS2;;1
SESS-12177;2026-08-12 14:26:46;USR-1529;2005-06-06;M;Standard;2;0;180;Card;CS2;4.5;1
SESS-15144;2026-08-01 16:37:41;USR-1209;2011-08-10;F;Standard;2;0;200;Card;Valorant;;0
SESS-13346;2026-08-20 20:56:13;USR-1744;1996-05-27;F;PS5;2;540;500;Card;CS2;4.5;0
SESS-10291;2026-08-15 10:56:53;USR-1104;2004-02-10;F;Standard;2;240;200;App;CS2;;0
SESS-12163;2026-08-19 16:35:18;USR-1486;1998-10-11;M;PS5;2;0;500;Card;Cyberpunk 2077;;0
SESS-12418;2026-08-10 05:50:56;USR-1060;2011-01-07;M;Standard;1;0;100;Card;CS2;;0
SESS-14123;2026-08-15 15:05:05;USR-1121;2011-01-17;M;Standard;1;0;100;App;Minecraft;;0
SESS-11355;2026-08-17 15:49:32;USR-1641;2001-10-10;M;Standard;4;0;400;Card;Dota 2;4.0;0
SESS-13411;2026-08-01 16:35:25;USR-1023;2005-11-18;F;Standard;4;896;360;Card;Dota 2;;1
SESS-15027;2026-08-15 21:18:59;USR-1470;2003-06-06;F;VIP;2;470;400;Card;Dota 2;;0
SESS-13933;2026-08-23 13:28:36;USR-1130;2010-12-28;M;Standard;8;640;800;Cash;CS2;;0
SESS-12245;2026-08-13 12:52:55;USR-1014;2012-10-25;M;Standard;1;0;100;Card;CS2;4.0;0
SESS-14330;2026-08-28 08:05:33;USR-1052;2007-09-02;M;Bootcamp;2;0;300;Card;Valorant;;0
SESS-14276;2026-08-07 14:50:27;USR-1601;2006-09-19;M;Bootcamp;2;336;270;Card;Dota 2;;1
SESS-14642;2026-08-20 15:01:03;USR-1043;2005-02-07;F;Bootcamp;4;560;540;App;Apex Legends;;1
SESS-14553;2026-08-09 17:02:40;USR-1663;2007-06-26;M;Bootcamp;2;0;300;Card;CS2;4.0;0
SESS-13443;2026-08-09 20:11:56;USR-1697;2003-08-20;M;Standard;12;1920;1200;Card;CS2;;0
SESS-13041;2026-08-06 13:45:55;USR-1017;2006-06-21;M;Standard;2;240;200;Card;Dota 2;;0
SESS-15542;2026-08-10 02:50:45;USR-1401;2005-01-20;M;Standard;4;0;400;App;CS2;;0
SESS-12472;2026-08-18 10:47:12;USR-1754;2010-11-03;M;Standard;5;280;450;App;Dota 2;;1
SESS-15541;2026-08-31 18:21:10;USR-1361;2005-03-12;M;VIP;1;200;200;Card;GTA V;;0
SESS-11074;2026-08-08 03:11:23;USR-1120;2010-01-22;F;Standard;2;0;200;Card;Dota 2;;0
SESS-10452;2026-08-21 19:46:54;USR-1131;2008-12-05;F;PS5;1;160;250;App;Dota 2;;0
SESS-10075;2026-08-12 15:37:08;USR-1315;2008-08-08;M;VIP;2;400;400;App;Apex Legends;;0
SESS-13916;2026-08-13 17:22:11;USR-1285;2010-09-09;M;Standard;4;0;400;Card;Minecraft;4.0;0
SESS-10906;2026-08-16 14:22:32;USR-1352;1995-12-27;F;Bootcamp;2;0;300;Card;PUBG;3.0;0
SESS-11892;2026-08-06 16:14:01;USR-1287;2005-03-11;M; standard ;4;0;400;Card;Dota 2;;0
SESS-14508;2026-08-08 17:50:38;USR-1215;1990-02-04;M;VIP;12;0;2400;Card;CS2;5.0;0
SESS-14212;2026-08-06 15:16:14;USR-1628;2010-07-06;M;Bootcamp;1;0;150;App;Minecraft;;0
SESS-10201;2026-08-31 17:19:27;USR-1128;1997-08-27;M;Standard;1;0;100;Card;Dota 2;;0
SESS-10185;2026-08-19 14:59:42;USR-1661;2006-10-22;M;Bootcamp;4;1007;540;Card;Dota 2;;1
SESS-10708;2026-08-10 22:15:35;USR-1659;2005-02-17;M;Standard;8;960;800;Card;CS2;;0
SESS-14835;2026-08-27 02:48:27;USR-1652;2011-12-25;M;Standard;3;0;300;Cash;Valorant;3.0;0
SESS-13571;2026-08-22 16:39:49;USR-1132;2010-11-05;M;Standard;1;0;100;Card;CS2;;0
SESS-12546;2026-08-21 17:44:13;USR-1270;2005-11-27;M;Standard;1;120;100;Card;Minecraft;;0
SESS-12767;2026-08-20 20:52:56;USR-1744;1996-05-27;F;PS5;2;660;500;App;CS2;;0
SESS-12130;2026-08-22 08:44:49;USR-1079;2003-06-06;M;VIP;1;0;200;Card;Dota 2;4.0;0
SESS-11503;2026-08-04 20:04:13;USR-1513;1998-11-23;M;VIP;1;420;200;App;CS2;;0
SESS-15514;2026-08-31 18:16:40;USR-1382;2012-07-23;M;VIP;2;0;400;Card;Minecraft;;0
SESS-11489;2026-08-22 18:37:47;USR-1026;2005-03-02;M;VIP;2;0;400;Card;Dota 2;4.5;0
SESS-11326;2026-08-01 22:22:59;USR-1614;2009-02-25;M;Standard;5;0;500;App;Dota 2;4.5;0
SESS-13340;2026-08-06 17:53:26;USR-1097;2012-11-26;M;Standard;4;224;360;Cash;Valorant;5.0;1
SESS-13600;2026-08-14 22:18:05;USR-1068;2005-02-06;F;Bootcamp;8;0;1200;Card;Dota 2;5.0;0
SESS-11783;2026-08-29 09:01:46;USR-1110;2004-06-14;M;Bootcamp;1;0;135;Card;Valorant;;1
SESS-12400;2026-08-26 20:30:33;USR-1254;2011-07-13;M;Standard;2;80;200;Card;Dota 2;5.0;0
SESS-14345;2026-08-14 18:35:39;USR-1141;2012-07-05;M;Bootcamp;2;0;300;Cash;Deadlock;4.0;0
SESS-13295;2026-08-03 14:00:12;USR-1146;2006-03-03;M;Bootcamp;4;0;540;Card;CS2;;1
SESS-13428;2026-08-28 16:28:32;USR-1117;2012-06-18;F;VIP;5;0;1000;Cash;Deadlock;;0
SESS-14062;2026-08-04 15:34:58;USR-1084;2009-10-18;M;Bootcamp;3;168;405;App;Dota 2;4.5;1
SESS-15380;2026-08-18 16:15:01;USR-1184;2003-09-09;M;Bootcamp;4;560;540;Card;Dota 2;;1
SESS-13803;2026-08-02 18:12:11;USR-1545;2012-01-04;M;Standard;3;0;300;App;Valorant;;0
SESS-10290;2026-08-30 23:32:43;USR-1419;2006-01-02;F;PS5;8;640;2000;Card;Dota 2;;0
SESS-10225;2026-08-21 09:20:52;USR-1275;2008-09-04;M;Standard;2;320;200;App;CS2;3.0;0
SESS-13565;2026-08-09 17:36:39;USR-1506;2003-04-14;M;Bootcamp;2;310;300;Card;CS2;2.0;0
SESS-14669;2026-08-10 14:20:38;USR-1702;2002-05-22;F;Bootcamp;2;448;270;App;CS2;;1
SESS-10282;2026-08-27 02:51:45;USR-1290;2004-03-15;M;PS5;12;1344;2700;Card;Dota 2;;1
SESS-11295;2026-08-08 20:55:16;USR-1092;2011-05-01;M;VIP;4;0;800;Cash;Dota 2;;0
SESS-10074;2026-08-23 21:31:32;USR-1120;2010-01-22;F;Bootcamp;4;0;600;App;CS2;;0
SESS-14768;2026-08-25 15:13:56;USR-1097;2012-11-26;M;Bootcamp;2;0;300;Card;CS2;;0
SESS-14186;2026-08-26 15:53:31;USR-1140;2008-01-12;M;Standard;2;160;200;Card;Deadlock;;0
SESS-14488;2026-08-05 23:53:55;USR-1393;1995-09-22;M;Standard;8;2000;800;App;Dota 2;5.0;0
SESS-14938;2026-08-19 18:24:37;USR-1388;1988-09-23;M;PS5;3;714;675;Card;Cyberpunk 2077;4.5;1
SESS-10103;2026-08-15 11:31:03;USR-1007;2006-10-02;M;PS5;2;0;500;Card;Valorant;;0
SESS-10347;2026-08-17 17:03:46;USR-1045;2006-03-28;M;Bootcamp;3;0;450;Card;Dota 2;;0
SESS-15165;2026-08-14 16:52:23;USR-1147;2002-10-26;M;VIP;1;310;200;Card;Valorant;;0
SESS-14118;2026-08-05 17:22:04;USR-1482;2012-06-12;F;PS5;3;0;750;App;CS2;5.0;0
SESS-12790;2026-08-21 14:06:27;USR-1074;2005-02-02;M;Standard;3;0;300;App;Dota 2;4.0;0
SESS-10098;2026-08-14 21:20:37;USR-1100;2006-07-26;F;VIP;1;240;200;Cash;CS2;;0
SESS-11984;2026-08-04 13:24:28;USR-1178;2008-07-23;M;Standard;2;320;200;Card;CS2;;0
SESS-13517;2026-08-28 18:54:30;USR-1687;1994-04-20;M;Standard;3;540;300;Card;CS2;4.0;0
SESS-14652;2026-08-19 22:34:47;USR-1139;2004-06-17;M;Standard;12;0;1200;Card;Dota 2;4.0;0
SESS-13734;2026-08-06 12:45:52;USR-1227;2008-12-26;M;Standard;4;896;360;Card;Deadlock;;1
SESS-15327;2026-08-28 08:28:16;USR-1340;2011-07-19;M;Bootcamp;1;0;150;Card;Deadlock;;0
SESS-13461;2026-08-29 20:20:38;USR-1158;2006-01-06;M;Standard;8;896;720;App;Dota 2;4.5;1
SESS-12616;2026-08-21 12:50:11;USR-1597;2010-02-20;M;Standard;1;0;100;App;Dota 2;;0
SESS-15309;2026-08-10 18:58:33;USR-1037;2008-10-15;M;Standard;4;0;400;App;CS2;;0
SESS-15567;2026-08-17 11:41:03;USR-1286;2012-07-21;M;VIP;4;224;720;App;CS2;4.5;1
SESS-10758;2026-08-08 21:13:13;USR-1145;2009-02-19;M;Standard;3;0;300;Card;CS2;;0
SESS-14170;2026-08-15 06:11:16;USR-1553;2011-06-07;F;Bootcamp;1;0;150;App;Valorant;;0
SESS-13318;2026-08-11 17:34:42;USR-1210;2007-11-18;M;Standard;1;0;100;Card;CS2;4.5;0
SESS-12861;2026-08-04 02:37:29;USR-1034;2011-05-20;F;VIP;8;0;1600;Cash;Dota 2;;0
SESS-15308;2026-08-08 02:38:09;USR-1057;2005-07-28;M;Standard;2;0;180;App;GTA V;;1
SESS-11496;2026-08-26 00:20:28;USR-1075;2006-09-21;F;VIP;3;510;600;Card;PUBG;4.0;0
SESS-13207;2026-08-08 13:02:33;USR-1002;2001-09-28;F;Bootcamp;3;0;450;Card;Deadlock;;0
SESS-14705;2026-08-15 17:50:12;USR-1733;2011-04-11;M;Standard;1;40;100;Cash;Minecraft;;0
SESS-14886;2026-08-23 19:04:09;USR-1373;2005-07-27;M;Bootcamp;2;310;300;Card;Deadlock;4.0;0
SESS-11215;2026-08-07 16:52:14;USR-1109;2006-11-25;M;Standard;3;480;300;Card;Valorant;;0
SESS-11547;2026-08-13 10:18:39;USR-1612;1999-07-17;M;Bootcamp;3;0;450;Card;Dota 2;;0
SESS-10460;2026-08-20 15:55:19;USR-1001;1992-12-07;M;PS5;5;750;1250;Card;Browser/Work;5.0;0
SESS-13993;2026-08-11 14:44:22;USR-1787;1996-04-17;M;PS5;1;0;250;Card;Browser/Work;;0
SESS-12011;2026-08-29 15:16:16;USR-1068;2005-02-06;F;Standard;3;480;300;Card;Dota 2;4.0;0
SESS-11998;2026-08-02 21:59:54;USR-1390;2003-09-10;M;VIP;3;560;600;Card;Dota 2;;0
SESS-12506;2026-08-19 23:25:23;USR-1729;2011-08-11;M;Standard;8;0;800;Cash;CS2;;0
SESS-11780;2026-08-20 21:08:37;USR-1481;2005-06-02;F;VIP;1;0;200;Card;CS2;2.0;0
SESS-14697;2026-08-01 13:27:06;USR-1478;2002-12-04;M;Bootcamp;5;880;750;Card;Dota 2;4.0;0
SESS-14055;2026-08-28 08:53:39;USR-1330;2005-05-26;M;Standard;2;240;200;Card;Dota 2;;0
SESS-13185;2026-08-12 16:15:41;USR-1687;1994-04-20;M;Standard;3;360;300;App;Cyberpunk 2077;;0
SESS-12648;2026-08-01 22:35:08;USR-1278;2004-07-28;M;Standard;12;0;1080;Card;Valorant;5.0;1
SESS-10087;2026-08-26 21:39:15;USR-1432;1988-07-15;M;PS5;4;780;1000;Card;Deadlock;4.0;0
SESS-11156;2026-08-03 17:21:35;USR-1284;1993-11-23;F;PS5;8;3220;1800;App;Valorant;4.0;1
SESS-14481;2026-08-03 17:55:08;USR-1562;2004-03-28;M;VIP;3;616;540;Card;CS2;4.0;1
SESS-14059;2026-08-03 12:47:52;USR-1394;2002-10-23;F;Standard;3;360;300;Card;CS2;;0
SESS-14736;2026-08-07 21:14:37;USR-1152;1992-08-26;M;PS5;1;0;250;Card;Dota 2;;0
SESS-13316;2026-08-27 19:14:41;USR-1306;2012-02-20;M;Standard;8;640;800;App;Minecraft;;0
SESS-11981;2026-08-29 14:03:43;USR-1176;2007-07-13;F;Bootcamp;4;470;600;Card;Apex Legends;;0
SESS-12766;2026-08-25 18:45:39;USR-1061;2005-08-26;F;Standard;3;0;300;Card;CS2;3.0;0
SESS-12621;2026-08-01 15:27:12;USR-1379;2006-07-16;M;PS5;5;400;1250;App;Apex Legends;4.5;0
SESS-11046;2026-08-12 11:13:18;USR-1321;2003-02-04;M;Standard;8;640;800;Card;CS2;4.0;0
SESS-11389;2026-08-25 19:12:25;USR-1182;2011-02-22;M;Standard;5;0;450;Cash;Dota 2;;1
SESS-10913;2026-08-22 20:00:08;USR-1048;2012-07-10;F;Bootcamp;2;0;300;App;Valorant;4.0;0
SESS-15030;2026-08-22 21:35:49;USR-1666;2009-08-16;M;Bootcamp;2;0;300;Cash;Valorant;;0
SESS-12598;2026-08-29 10:27:12;USR-1368;2004-11-08;M;VIP;3;448;540;Card;CS2;3.0;1
SESS-13032;2026-08-25 12:59:37;USR-1112;2010-12-09;M;VIP;3;0;600;App;CS2;5.0;0
SESS-15031;2026-08-26 13:54:53;USR-1417;2011-06-25;F;Standard;2;160;200;Card;CS2;;0
SESS-10602;2026-08-11 23:20:12;USR-1258;2012-12-16;M;VIP;8;0;1600;Card;Valorant;;0
SESS-13408;2026-08-15 18:47:33;USR-1650;2005-11-23;M;Bootcamp;3;616;405;Card;Dota 2;5.0;1
SESS-11556;2026-08-07 20:59:58;USR-1051;2011-05-15;M;Standard;2;0;200;Card;Minecraft;;0
SESS-10445;2026-08-25 19:55:45;USR-1126;2010-02-08;M;Standard;3;240;300;Card;CS2;4.0;0
SESS-15003;2026-08-01 12:59:30;USR-1171;2008-06-15;F;Standard;1;160;100;Cash;GTA V;;0
SESS-14234;2026-08-16 11:37:47;USR-1014;2012-10-25;M;VIP;3;0;600;App;CS2;4.5;0
SESS-14919;2026-08-28 16:49:17;USR-1263;2010-11-13;M;Standard;2;80;200;Card;Dota 2;;0
SESS-13476;2026-08-07 11:19:52;USR-1472;2010-10-08;M;Standard;1;0;100;App;PUBG;;0
SESS-13104;2026-08-09 13:21:40;USR-1444;2003-11-22;M;Bootcamp;3;630;450;Card;Deadlock;5.0;0
SESS-15270;2026-08-02 18:47:16;USR-1066;2005-04-09;M;Standard;1;0;100;Card;CS2;;0
SESS-13855;2026-08-31 23:17:38;USR-1485;2007-07-02;F;PS5;5;600;1250;Card;CS2;5.0;0
SESS-10239;2026-08-30 22:31:52;USR-1312;2007-12-10;M;VIP;12;0;2400;Card;CS2;4.0;0
SESS-10328;2026-08-15 15:56:58;USR-1094;1994-08-05;M;VIP;2;510;400;Card;Dota 2;;0
SESS-13721;2026-08-11 13:55:32;USR-1446;2005-02-16;M;Bootcamp;2;0;300;Card;Deadlock;;0
SESS-15491;2026-08-27 20:45:58;USR-1126;2010-02-08;M;Standard;5;560;450;Cash;Apex Legends;;1
SESS-10351;2026-08-02 13:57:57;USR-1762;2011-12-05;M;Standard;1;80;100;Cash;CS2;4.0;0
SESS-11554;2026-08-22 15:15:50;USR-1501;2005-05-15;M;Standard;3;0;270;Card;CS2;;1
SESS-10353;2026-08-30 15:56:20;USR-1034;2011-05-20;F;Standard;1;0;100;App;Dota 2;;0
SESS-10491;2026-08-15 21:29:35;USR-1168;2001-03-23;F;VIP;4;784;720;App;Apex Legends;;1
SESS-14298;2026-08-20 10:35:26;USR-1266;2002-08-27;M;PS5;5;400;1250;Card;CS2;;0
SESS-10176;2026-08-27 00:23:59;USR-1076;2006-09-12;M;PS5;8;640;2000;App;CS2;4.5;0
SESS-12732;2026-08-30 20:24:51;USR-1139;2004-06-17;M;Bootcamp;2;0;300;Card;Valorant;;0
SESS-13992;2026-08-23 20:11:59;USR-1309;2010-08-10;M;Standard;3;251;270;Cash;Dota 2;5.0;1
SESS-10816;2026-08-06 22:01:39;USR-1081;1997-07-08;M;Standard;2;0;200;Card;PUBG;;0
SESS-14090;2026-08-14 05:44:33;USR-1659;2005-02-17;M;Bootcamp;2;390;300;App;Minecraft;;0
SESS-10832;2026-08-16 21:32:51;USR-1007;2006-10-02;M;VIP;3;0;600;App;Apex Legends;3.0;0
SESS-13273;2026-08-05 10:59:29;USR-1378;2010-07-20;M;VIP;4;0;800;App;Valorant;;0
SESS-12652;2026-08-29 14:40:14;USR-1138;2005-01-08;M;Standard;2;0;200;Card;Dota 2;;0
SESS-13516;2026-08-09 17:10:32;USR-1199;1996-04-11;M;VIP;4;1092;720;Card;Cyberpunk 2077;5.0;1
SESS-14811;2026-08-26 14:17:03;USR-1731;2005-07-27;M;Standard;2;160;200;App;Dota 2;;0
SESS-11701;2026-08-15 09:14:36;USR-1514;1996-07-11;M;Standard;3;0;300;Card;Dota 2;4.5;0
SESS-10250;2026-08-28 19:17:58;USR-1478;2002-12-04;M;Standard;1;120;100;Card;CS2;;0
SESS-13072;2026-08-02 17:19:12;USR-1484;2005-03-22;M;Standard;2;0;200;Card;CS2;4.0;0
SESS-10922;2026-08-03 09:06:27;USR-1649;2009-07-12;M;Standard;3;336;270;App;Deadlock;4.5;1
SESS-11512;2026-08-05 21:31:58;USR-1048;2012-07-10;F;Standard;1;60;100;Card;Valorant;;0
SESS-14780;2026-08-26 03:14:39;USR-1025;1996-12-17;M;VIP;2;800;400;Card;Deadlock;;0
SESS-11944;2026-08-15 16:10:33;USR-1112;2010-12-09;M;Standard;2;0;180;Cash;Valorant;;1
SESS-12360;2026-08-21 00:57:22;USR-1158;2006-01-06;M;Standard;8;1792;720;App;GTA V;;1
SESS-13947;2026-08-11 19:00:58;USR-1320;2005-05-27;M;VIP;2;470;400;Card;Dota 2;;0
SESS-15294;2026-08-25 16:06:52;USR-1545;2012-01-04;M;Standard;1;0;100;App;Dota 2;;0
SESS-12534;2026-08-14 17:38:44;USR-1667;2005-09-14;M;Bootcamp;2;448;270;Card;Dota 2;;1
SESS-11124;2026-08-13 10:40:56;USR-1141;2012-07-05;M;Standard;8;0;720;App;Dota 2;4.5;1
SESS-14308;2026-08-26 10:22:53;USR-1028;2002-05-19;M;Standard;3;0;300;App;Dota 2;;0
SESS-12389;2026-08-17 18:52:57;USR-1791;2006-01-19;F;Bootcamp;3;440;450;App;CS2;4.0;0
SESS-15472;2026-08-16 21:07:28;USR-1013;2004-01-28;M;Standard;2;320;200;App;Dota 2;5.0;0
SESS-13858;2026-08-31 07:32:13;USR-1636;2009-02-18;M;Bootcamp;1;0;150;Cash;Minecraft;5.0;0
SESS-15348;2026-08-14 01:00:28;USR-1094;1994-08-05;M;Standard;8;1344;720;Card;CS2;3.0;1
SESS-12246;2026-08-30 12:04:41;USR-1675;2004-10-24;M;Standard;3;336;270;Card;CS2;5.0;1
SESS-12518;2026-08-29 16:58:50;USR-1060;2011-01-07;M;Standard;3;0;300;App;CS2;;0
SESS-14011;2026-08-08 15:48:07;USR-1471;2004-08-03;F;Standard;1;0;100;App;CS2;;0
SESS-11661;2026-08-28 01:52:04;USR-1355;2011-11-27;M;Standard;12;720;1200;Card;Valorant;4.5;0
SESS-12817;2026-08-09 06:49:58;USR-1289;2010-10-22;M;Bootcamp;3;0;450;App;CS2;;0
SESS-13856;2026-08-14 18:14:52;USR-1105;1994-07-15;F;VIP;2;510;400;Card;GTA V;;0
SESS-11501;2026-08-25 18:10:36;USR-1473;2010-10-17;M;Standard;2;0;200;Card;CS2;;0
SESS-15316;2026-08-09 11:05:06;USR-1645;2006-12-09;M;Bootcamp;5;880;750;App;Dota 2;;0
SESS-11232;2026-08-17 11:23:13;USR-1656;2009-06-12;M;Standard;3;0;270;Cash;CS2;4.0;1
SESS-15009;2026-08-08 19:05:20;USR-1125;2011-08-05;M;Standard;1;0;100;Cash;CS2;4.0;0
SESS-10638;2026-08-05 14:30:14;USR-1050;2004-06-28;M;Bootcamp;3;0;405;App;Dota 2;;1
SESS-13850;2026-08-09 19:39:16;USR-1408;2008-06-10;M;Standard;5;400;500;Card;Deadlock;5.0;0
SESS-12551;2026-08-02 16:44:53;USR-1212;2010-08-25;F;Standard;3;0;300;Cash;Dota 2;5.0;0
SESS-14908;2026-08-28 01:18:10;USR-1296;2003-06-19;F;Standard;5;0;500;Card;Apex Legends;4.0;0
SESS-11605;2026-08-09 21:09:43;USR-1036;2011-02-07;M;Standard;8;896;720;Card;Dota 2;4.5;1
SESS-12368;2026-08-15 15:59:39;USR-1355;2011-11-27;M;Standard;2;0;200;Cash;CS2;;0
SESS-14168;2026-08-12 13:16:47;USR-1643;2007-06-26;M;Standard;3;360;300;Card;CS2;;0
SESS-14119;2026-08-15 18:27:44;USR-1029;1994-12-27;M;Bootcamp;2;800;300;Card;GTA V;4.0;0
SESS-15189;2026-08-16 02:53:23;USR-1752;2005-09-10;M;PS5;1;120;250;App;Dota 2;;0
SESS-10783;2026-08-25 12:15:55;USR-1642;2009-09-05;M;PS5;12;0;2700;Cash;Dota 2;;1
SESS-11890;2026-08-02 19:19:33;USR-1087;2002-08-16;F;Bootcamp;8;0;1200;App;Cyberpunk 2077;;0
SESS-14445;2026-08-15 10:55:37;USR-1245;2006-12-12;M;VIP;3;320;600;App;Valorant;;0
SESS-15034;2026-08-30 13:05:58;USR-1772;2011-04-12;M;Standard;2;120;200;App;CS2;5.0;0
SESS-11670;2026-08-26 15:17:05;USR-1056;2005-02-01;F;PS5;2;224;450;App;Cyberpunk 2077;;1
SESS-15353;2026-08-29 23:26:58;USR-1110;2004-06-14;M;Standard;12;0;1200;Card;Deadlock;4.0;0
SESS-15555;2026-08-28 19:18:21;USR-1490;2005-04-09;F;Standard;4;480;400;App;CS2;4.0;0
SESS-12513;2026-08-04 18:54:43;USR-1277;1995-03-23;M;Standard;2;500;200;Card;Dota 2;1.0;0
SESS-14739;2026-08-11 01:29:09;USR-1568;2007-09-08;F;Standard;5;400;500;Card;Valorant;;0
SESS-10457;2026-08-23 14:11:20;USR-1216;1990-03-19;M;Bootcamp;3;660;450;Card;Browser/Work;4.0;0
SESS-11820;2026-08-22 14:25:21;USR-1078;1995-02-26;M;Bootcamp;1;400;150;Card;Dota 2;;0
SESS-12892;2026-08-12 19:32:24;USR-1181;2005-07-26;F;VIP;2;240;400;Card;Valorant;4.0;0
SESS-12087;2026-08-18 11:00:53;USR-1123;2012-08-03;F;PS5;3;336;675;App;CS2;;1
SESS-11788;2026-08-28 11:49:49;USR-1623;2008-07-15;M;Standard;1;0;100;Card;CS2;;0
SESS-10686;2026-08-13 13:31:01;USR-1316;2009-06-28;M;Standard;1;40;100;Cash;Dota 2;;0
SESS-10738;2026-08-01 22:08:14;USR-1042;1992-11-01;M;PS5;8;1110;2000;App;GTA V;5.0;0
SESS-13875;2026-08-28 15:46:57;USR-1086;2004-06-19;M;Bootcamp;3;0;450;Card;PUBG;4.0;0
SESS-15417;2026-08-23 02:52:27;USR-1350;2010-08-25;M;Standard;1;0;100;App;Minecraft;;0
SESS-10703;2026-08-19 22:29:37;USR-1797;2005-08-15;M;Standard;12;1440;1200;Card;Valorant;4.5;0
SESS-11947;2026-08-10 11:10:51;USR-1625;2007-05-21;M;Bootcamp;3;390;450;Card;CS2;;0
SESS-12856;2026-08-14 23:30:18;USR-1599;2005-04-17;M;Bootcamp;3;390;450;Card;Apex Legends;;0
SESS-13215;2026-08-28 00:46:10;USR-1428;2007-03-12;M;PS5;8;1792;1800;Card;Dota 2;5.0;1
SESS-14978;2026-08-20 12:10:30;USR-1331;2008-02-26;M;Standard;3;480;300;App;Minecraft;;0
SESS-12955;2026-08-06 10:48:18;USR-1345;2008-10-04;M;Standard;3;480;300;Cash;CS2;;0
SESS-10161;2026-08-07 12:20:32;USR-1545;2012-01-04;M;Bootcamp;2;0;300;Cash;Minecraft;;0
SESS-14442;2026-08-28 04:34:02;USR-1056;2005-02-01;F;PS5;1;0;250;Card;Dota 2;;0
SESS-10631;2026-08-21 18:32:45;USR-1776;2009-02-12;M;Bootcamp;3;0;450;Cash;Deadlock;;0
SESS-13377;2026-08-29 22:53:10;USR-1142;2010-09-26;M;Bootcamp;5;0;750;App;Valorant;4.5;0
SESS-10843;2026-08-29 23:22:16;USR-1175;2006-10-19;M;Standard;5;0;500;Card;Dota 2;4.0;0
SESS-11735;2026-08-23 20:16:10;USR-1021;2004-06-28;M;Standard;1;80;100;Card;CS2;;0
SESS-14556;2026-08-29 21:10:25;USR-1654;2006-11-15;M;VIP;2;470;400;Card;Deadlock;;0
SESS-10646;2026-08-10 20:56:05;USR-1011;2002-09-04;F;VIP;3;630;600;Card;Dota 2;4.5;0
SESS-11993;2026-08-16 08:34:46;USR-1082;2002-08-01;M;Bootcamp;12;1520;1800;Card;CS2;;0
SESS-11171;2026-08-06 22:29:18;USR-1783;2007-07-06;M;VIP;5;880;1000;Card;Minecraft;3.0;0
SESS-14159;2026-08-26 14:51:51;USR-1613;2005-10-06;M;PS5;2;160;500;Card;Dota 2;;0
SESS-10417;2026-08-06 16:01:47;USR-1380;2011-07-07;M;VIP;2;0;400;Card;Minecraft;;0
SESS-10043;2026-08-29 12:12:05;USR-1114;2011-10-14;M;VIP;2;160;400;App;Valorant;;0
SESS-11125;2026-08-29 00:53:03;USR-1520;1994-04-01;M;Bootcamp;8;2150;1200;Card;Dota 2;4.0;0
SESS-13209;2026-08-09 08:08:01;USR-1657;2007-05-18;M;VIP;3;440;600;Card;Valorant;4.5;0
SESS-13616;2026-08-16 18:51:42;USR-1132;2010-11-05;M;PS5;1;0;250;App;Dota 2;;0
SESS-11229;2026-08-05 09:20:32;USR-1032;2007-01-28;M;PS5;2;0;500;Card;Dota 2;;0
SESS-14667;2026-08-29 18:58:51;USR-1361;2005-03-12;M;Standard;3;480;300;Card;Dota 2;;0
SESS-10665;2026-08-19 20:13:17;USR-1280;1994-07-18;F;VIP;4;1150;800;Card;Deadlock;;0
SESS-11741;2026-08-12 03:35:42;USR-1521;2009-09-04;F;Bootcamp;2;0;300;App;CS2;;0
SESS-13846;2026-08-21 08:21:24;USR-1277;1995-03-23;M;Standard;5;1750;450;Cash;CS2;;1
SESS-15273;2026-08-28 13:42:59;USR-1125;2011-08-05;M;Standard;1;0;100;Cash;Deadlock;;0
SESS-15055;2026-08-18 22:27:02;USR-1051;2011-05-15;M;Standard;8;0;800;Cash;Valorant;;0
SESS-14434;2026-08-10 16:17:19;USR-1266;2002-08-27;M;Standard;8;960;800;Card;Dota 2;;0
SESS-12932;2026-08-14 14:34:34;USR-1164;2005-02-22;M;VIP;1;0;200;Card;Dota 2;3.0;0
SESS-10836;2026-08-03 06:11:14;USR-1141;2012-07-05;M;Standard;4;0;400;Card;Dota 2;;0
SESS-14137;2026-08-02 07:17:39;USR-1795;1997-10-22;M;Standard;1;120;100;Card;Dota 2;;0
SESS-14312;2026-08-12 17:17:41;USR-1143;2009-12-19;m;Bootcamp;2;0;300;Cash;Valorant;;0
SESS-10068;2026-08-20 04:16:45;USR-1769;2011-01-01;F;Standard;3;0;300;App;Valorant;3.0;0
SESS-10027;2026-08-31 11:52:08;USR-1011;2002-09-04;F;PS5;2;0;500;Cash;PUBG;;0
SESS-14208;2026-08-01 12:28:41;USR-1131;2008-12-05;F;Standard;2;0;200;Card;CS2;;0
SESS-12261;2026-08-30 12:19:21;USR-1501;2005-05-15;M;Standard;3;0;300;App;Dota 2;5.0;0
SESS-10741;2026-08-13 12:14:42;USR-1000;2006-02-16;M;Standard;4;480;400;Card;CS2;;0
SESS-11808;2026-08-20 17:24:29;USR-1461;2010-10-19;M;Standard;1;80;100;Card;Valorant;3.0;0
SESS-14126;2026-08-19 22:20:13;USR-1124;2004-10-22;M;Bootcamp;12;0;1800;Card;CS2;4.0;0
SESS-15422;2026-08-09 17:05:31;USR-1040;1991-09-28;M;Standard;4;0;400;App;Deadlock;;0
SESS-13341;2026-08-07 16:55:03;USR-1629;2010-06-14;M;Standard;3;240;300;Cash;Minecraft;;0
SESS-10549;2026-08-07 10:25:39;USR-1708;2008-01-18;M;PS5;1;0;250;Card;Dota 2;;0
SESS-10277;2026-08-26 12:43:06;USR-1429;2007-06-27;M;Standard;3;360;300;Card;CS2;;0
SESS-11607;2026-08-19 07:13:45;USR-1183;2012-03-28;F;Bootcamp;2;0;300;App;Minecraft;;0
SESS-11448;2026-08-12 15:52:45;USR-1041;2008-02-09;M;Bootcamp;3;882;405;Card;Deadlock;;1
SESS-14999;2026-08-14 01:47:17;USR-1725;2010-05-11;M;Standard;12;0;1200;Cash;CS2;;0
SESS-12606;2026-08-23 16:14:07;USR-1018;2004-09-15;M;Standard;8;0;800;App;CS2;;0
SESS-10548;2026-08-15 00:35:59;USR-1378;2010-07-20;M;Bootcamp;5;0;750;Card;CS2;4.0;0
SESS-10739;2026-08-04 19:09:18;USR-1159;2005-01-02;M;Standard;3;336;270;App;CS2;;1
SESS-11444;2026-08-15 18:57:02;USR-1425;2006-09-02;M;VIP;2;0;400;App;CS2;;0
SESS-14172;2026-08-08 21:44:40;USR-1094;1994-08-05;M;Standard;3;750;300;Card;Dota 2;2.0;0
SESS-14043;2026-08-05 13:04:25;USR-1169;2007-04-13;F;Bootcamp;3;560;450;Card;Valorant;;0
SESS-13719;2026-08-30 14:48:51;USR-1470;2003-06-06;F;PS5;1;120;250;Cash;CS2;;0
SESS-11129;2026-08-01 19:00:33;USR-1055;2004-02-26;M;Standard;8;1280;800;Cash;Cyberpunk 2077;5.0;0
SESS-12377;2026-08-21 03:03:48;USR-1129;1997-03-27;M;VIP;2;390;400;Card;Dota 2;;0
SESS-14406;2026-08-23 13:53:22;USR-1536;2006-09-10;M;Standard;4;0;400;App;Valorant;;0
SESS-14264;2026-08-23 18:22:42;USR-1771;2008-11-02;M;VIP;1;240;200;App;Valorant;4.5;0
SESS-10454;2026-08-05 13:02:27;USR-1215;1990-02-04;M;Standard;2;240;200;App;GTA V;4.0;0
SESS-12378;2026-08-01 16:31:24;USR-1227;2008-12-26;M;Standard;4;0;400;App;CS2;;0
SESS-15382;2026-08-02 20:21:21;USR-1029;1994-12-27;M;Standard;3;0;300;Cash;Dota 2;3.0;0
SESS-12894;2026-08-18 17:08:28;USR-1015;2006-01-06;M;Standard;2;0;200;App;Dota 2;;0
SESS-10193;2026-08-20 22:48:14;USR-1013;2004-01-28;M;Bootcamp;8;0;1080;Card;Valorant;3.0;1
SESS-10865;2026-08-21 17:15:58;USR-1086;2004-06-19;M;Standard;2;240;200;Cash;Deadlock;5.0;0
SESS-10593;2026-08-03 11:34:44;USR-1625;2007-05-21;M;Standard;2;160;200;App;CS2;3.0;0
SESS-12656;2026-08-09 21:35:19;USR-1035;2005-10-21;M;Standard;1;80;100;App;CS2;;0
SESS-12111;2026-08-27 20:00:07;USR-1145;2009-02-19;M;Standard;2;0;180;Card;Deadlock;;1
SESS-13128;2026-08-27 22:27:03;USR-1114;2011-10-14;M;Standard;5;0;500;App;GTA V;;0
SESS-13970;2026-08-10 14:58:57;USR-1132;2010-11-05;M;Bootcamp;3;0;405;Card;Minecraft;;1
SESS-11098;2026-08-02 17:58:08;USR-1249;2011-08-26;M;PS5;1;0;250;App;CS2;;0
SESS-15106;2026-08-19 10:39:39;USR-1787;1996-04-17;M;Bootcamp;1;270;150;Card;PUBG;;0
SESS-12399;2026-08-20 11:26:57;USR-1455;2004-04-04;M;Standard;3;0;270;App;PUBG;4.0;1
SESS-11045;2026-08-14 05:29:17;USR-1432;1988-07-15;M;VIP;4;882;720;App;GTA V;5.0;1
SESS-15283;2026-08-31 22:01:50;USR-1124;2004-10-22;M;Standard;8;0;800;Card;Valorant;4.0;0
SESS-14092;2026-08-09 09:48:30;USR-1083;2012-04-25;M;Bootcamp;2;0;300;App;Valorant;;0
SESS-12381;2026-08-17 14:29:41;USR-1781;1989-03-01;M;VIP;3;900;600;Card;Cyberpunk 2077;4.5;0
SESS-14485;2026-08-27 22:49:19;USR-1011;2002-09-04;F;Standard;8;0;800;Card;Deadlock;1.0;0
SESS-10706;2026-08-16 00:34:42;USR-1144;2001-08-15;M;Standard;12;0;1200;Card;Valorant;;0
SESS-14517;2026-08-23 23:14:52;USR-1788;2007-05-14;M;Standard;8;960;800;Card;PUBG;5.0;0
SESS-11450;2026-08-12 18:23:01;USR-1120;2010-01-22;F;Standard;2;0;200;Cash;Valorant;;0
SESS-15228;2026-08-07 11:31:40;USR-1330;2005-05-26;M;VIP;1;160;200;Cash;Deadlock;4.5;0
SESS-15124;2026-08-09 17:54:02;USR-1490;2005-04-09;F;Bootcamp;2;0;300;Cash;Apex Legends;4.5;0
SESS-11724;2026-08-23 15:28:11;USR-1458;2003-08-27;M;Standard;3;0;270;Card;Valorant;;1
SESS-11839;2026-08-25 14:11:54;USR-1323;2003-02-07;M;Standard;4;448;360;App;Deadlock;5.0;1
SESS-14859;2026-08-21 23:33:40;USR-1362;1995-01-20;M;Bootcamp;5;0;675;Card;CS2;5.0;1
SESS-10331;2026-08-01 10:03:16;USR-1521;2009-09-04;F;VIP;2;0;400;App;CS2;;0
SESS-10341;2026-08-07 12:54:41;USR-1145;2009-02-19;M;Bootcamp;2;120;300;Cash;CS2;2.0;0
SESS-14808;2026-08-09 13:59:07;USR-1027;2002-07-03;M;Standard;2;0;200;Card;Apex Legends;;0
SESS-13932;2026-08-15 19:32:11;USR-1727;2006-02-01;M;VIP;3;390;600;Card;CS2;;0
SESS-13364;2026-08-05 21:26:37;USR-1080;2010-03-26;M;Standard;3;0;300;Cash;Minecraft;;0
SESS-14309;2026-08-27 16:12:49;USR-1064;2003-01-04;F;VIP;2;0;400;Card;Deadlock;;0
SESS-14204;2026-08-13 19:53:44;USR-1522;2004-09-21;F;PS5;2;160;500;Card;CS2;5.0;0
SESS-12275;2026-08-25 17:03:46;USR-1213;2008-08-22;M;VIP;5;0;1000;Card;CS2;4.5;0
SESS-12639;2026-08-09 01:29:55;USR-1068;2005-02-06;F;Standard;8;0;800;Cash;Apex Legends;;0
SESS-13557;2026-08-02 10:49:39;USR-1093;2005-01-04;F;Standard;1;80;100;Card;Dota 2;;0
SESS-12120;2026-08-20 15:43:12;USR-1598;2000-04-03;M;VIP;2;800;400;App;CS2;;0
SESS-10564;2026-08-12 13:46:26;USR-1023;2005-11-18;F;Bootcamp;3;440;450;App;Valorant;;0
SESS-11843;2026-08-14 16:48:26;USR-1306;2012-02-20;M;Standard;2;0;200;Card;Minecraft;;0
SESS-15143;2026-08-25 18:32:02;USR-1040;1991-09-28;M;VIP;2;650;400;App;CS2;5.0;0
SESS-12013;2026-08-07 02:49:25;USR-1734;2011-02-07;M;Standard;2;0;200;App;Minecraft;4.0;0
SESS-11064;2026-08-12 16:20:32;USR-1680;2007-04-03;M;Bootcamp;2;0;300;App;Dota 2;;0
SESS-14525;2026-08-30 22:03:12;USR-1244;2005-10-01;M;Bootcamp;8;0;1200;Card;CS2;2.0;0
SESS-13167;2026-08-19 16:32:39;USR-1481;2005-06-02;F;Standard;2;336;180;Card;Dota 2;4.0;1
SESS-10458;2026-08-28 02:27:02;USR-1047;2008-03-26;M;Standard;4;640;400;Card;Valorant;;0
SESS-11664;2026-08-01 10:02:06;USR-1644;1999-12-25;F;Bootcamp;4;0;600;App;CS2;;0
SESS-14834;2026-08-06 16:52:46;USR-1600;2006-05-25;F;VIP;2;0;400;Card;Dota 2;;0
SESS-11500;2026-08-29 15:32:08;USR-1364;1992-02-20;M;VIP;5;1400;1000;Card;CS2;5.0;0
SESS-15576;2026-08-26 02:15:18;USR-1585;2004-02-04;M;Standard;4;0;400;Card;Dota 2;;0
SESS-12056;2026-08-08 14:48:36;USR-1046;2009-05-04;M;Standard;3;0;300;Card;CS2;;0
SESS-11720;2026-08-20 17:05:00;USR-1627;2007-03-09;M;Standard;2;336;180;Card;Deadlock;4.0;1
SESS-10047;2026-08-17 20:16:50;USR-1118;2012-06-26;M;Bootcamp;1;0;150;Card;Valorant;;0
SESS-14997;2026-08-04 18:26:19;USR-1782;2010-10-05;M;Standard;1;40;100;Card;Dota 2;;0
SESS-14331;2026-08-29 06:28:46;USR-1115;2011-04-23;M;Standard;8;0;800;App;Dota 2;;0
SESS-14112;2026-08-01 02:47:54;USR-1340;2011-07-19;M;Bootcamp;2;0;300;Card;Valorant;4.0;0
SESS-10713;2026-08-27 17:34:59;USR-1020;2010-04-19;M;Standard;2;160;200;Cash;CS2;;0
SESS-12444;2026-08-17 19:27:47;USR-1759;2003-06-09;M;Standard;3;0;300;Card;Dota 2;;0
SESS-12147;2026-08-03 17:25:45;USR-1124;2004-10-22;M;VIP;2;240;400;Card;CS2;;0
SESS-11748;2026-08-06 17:07:30;USR-1059;2003-11-06;F;VIP;1;0;200;App;Dota 2;;0
SESS-13435;2026-08-23 19:29:54;USR-1459;2005-03-12;M;Bootcamp;1;0;150;Card;Dota 2;;0
SESS-11877;2026-08-16 17:26:15;USR-1316;2009-06-28;M;Standard;8;640;800;App;CS2;3.0;0
SESS-12424;2026-08-02 20:13:32;USR-1065;2008-04-06;M;Standard;4;320;400;App;Dota 2;3.0;0
SESS-10423;2026-08-04 14:40:35;USR-1114;2011-10-14;M;Standard;2;160;200;Cash;CS2;4.0;0
SESS-12235;2026-08-28 08:09:01;USR-1544;2011-12-09;F;Standard;2;120;200;App;Minecraft;1.0;0
SESS-11102;2026-08-29 20:30:23;USR-1756;1993-04-03;F;Standard;3;750;300;Card;Valorant;4.0;0
SESS-13566;2026-08-29 12:36:50;USR-1188;1999-01-08;F;Standard;2;500;200;Card;PUBG;;0
SESS-11666;2026-08-30 12:47:53;USR-1367;2011-05-14;M;Bootcamp;2;0;300;Cash;Dota 2;;0
SESS-11066;2026-08-08 00:42:37;USR-1798;2003-03-07;M;Bootcamp;8;0;1200;;Dota 2;3.0;0
SESS-12157;2026-08-11 11:14:07;USR-1022;2010-12-12;M;Standard;3;120;300;Card;Minecraft;;0
SESS-14507;2026-08-28 20:33:34;USR-1121;2011-01-17;M;Standard;3;336;270;Card;Minecraft;;1
SESS-14153;2026-08-18 17:00:58;USR-1173;2011-12-01;M;Standard;3;240;300;App;Dota 2;;0
SESS-14646;2026-08-02 17:53:30;USR-1081;1997-07-08;M;PS5;3;0;750;Card;GTA V;4.0;0
SESS-13747;2026-08-30 09:09:07;USR-1390;2003-09-10;M;Standard;8;896;720;Cash;CS2;4.5;1
SESS-13170;2026-08-04 18:19:12;USR-1085;2011-03-10;M;Standard;1;0;100;Card;Minecraft;;0
SESS-14342;2026-08-15 09:19:23;USR-1136;2010-11-02;M;Standard;2;0;200;Cash;Minecraft;;0
SESS-11059;2026-08-25 17:37:04;USR-1070;2005-10-03;M;Standard;2;240;200;Card;Deadlock;;0
SESS-10441;2026-08-25 15:32:54;USR-1442;2007-04-25;M;Standard;1;120;100;Card;Cyberpunk 2077;;0
SESS-10498;2026-08-08 15:20:24;USR-1068;2005-02-06;F;Standard;3;0;300;Card;CS2;;0
SESS-14604;2026-08-23 22:32:18;USR-1121;2011-01-17;M;Standard;8;672;720;Card;Minecraft;4.5;1
SESS-10233;2026-08-09 00:58:02;USR-1028;2002-05-19;M;Bootcamp;5;480;750;Card;Dota 2;;0
SESS-15272;2026-08-15 11:05:56;USR-1133;2010-07-11;M;Bootcamp;1;0;150;App;Minecraft;;0
SESS-12781;2026-08-19 18:59:39;USR-1102;1998-08-23;M;Bootcamp;3;1050;450;Card;CS2;;0
SESS-10900;2026-08-22 18:07:15;USR-1120;2010-01-22;F;Standard;2;120;200;App;Dota 2;;0
SESS-12253;2026-08-21 09:28:11;USR-1478;2002-12-04;M;PS5;3;0;750;Cash;Dota 2;;0
SESS-15079;2026-08-03 17:29:40;USR-1314;1993-11-03;M;Standard;1;0;100;Card;CS2;;0
SESS-13527;2026-08-16 20:44:36;USR-1148;2008-04-10;F;VIP;3;510;600;Card;Valorant;4.0;0
SESS-11139;2026-08-25 13:24:24;USR-1249;2011-08-26;M;PS5;2;160;500;Cash;Minecraft;5.0;0
SESS-10880;2026-08-16 17:30:07;USR-1765;1998-09-01;M;Standard;2;360;200;Card;Dota 2;;0
SESS-13559;2026-08-02 09:52:21;USR-1273;2009-02-12;M;Standard;3;120;300;App;CS2;;0
SESS-14033;2026-08-05 16:20:09;USR-1099;2006-06-02;M;Bootcamp;2;658;270;Card;CS2;;1
SESS-15159;2026-08-11 17:02:18;USR-1079;2003-06-06;M; Bootcamp ;2;0;200;Card;CS2;;0
SESS-13281;2026-08-26 10:32:21;USR-1041;2008-02-09;M;Standard;4;640;400;App;Dota 2;;0
SESS-13356;2026-08-29 21:01:02;USR-1699;1991-01-24;M;VIP;2;0;400;Card;Deadlock;;0
SESS-14367;2026-08-01 15:37:24;USR-1523;1988-03-23;M;VIP;1;420;200;Card;GTA V;;0
SESS-11533;2026-08-23 12:04:59;USR-1176;2007-07-13;F;Standard;2;240;200;App;CS2;4.0;0
SESS-15433;2026-08-28 19:29:03;USR-1233;2006-08-20;M;PS5;4;0;1000;Card;Dota 2;4.0;0
SESS-10908;2026-08-14 11:06:42;USR-1123;2012-08-03;F;Standard;2;224;180;Card;GTA V;;1
SESS-14924;2026-08-11 16:12:37;USR-1686;2006-06-18;M;Standard;3;503;270;App;CS2;;1
SESS-10337;2026-08-29 22:20:42;USR-1069;2004-11-11;M;Bootcamp;12;0;1800;Cash;Deadlock;;0
SESS-13442;2026-08-25 20:25:11;USR-1365;2011-03-14;M;VIP;1;40;200;App;Valorant;;0
SESS-12077;2026-08-20 19:41:14;USR-1198;2011-08-10;2;Bootcamp;2;0;300;Cash;Valorant;;0
SESS-12650;2026-08-30 17:41:40;USR-1119;2005-11-03;M;PS5;2;320;500;App;Deadlock;5.0;0
SESS-11871;2026-08-13 10:12:38;USR-1074;2005-02-02;M;Standard;1;0;100;Card;CS2;4.5;0
SESS-12218;2026-08-21 13:47:01;USR-1103;2010-04-23;M;PS5;2;160;500;App;CS2;;0
SESS-12744;2026-08-30 15:44:23;USR-1792;2006-11-15;M;Standard;4;640;400;Cash;Dota 2;4.0;0
SESS-11277;2026-08-13 02:08:29;USR-1096;2000-06-13;M;Standard;5;0;500;App;PUBG;4.0;0
SESS-15184;2026-08-05 17:25:27;USR-1154;2007-03-12;M;VIP;2;240;400;App;Dota 2;;0
SESS-11644;2026-08-18 18:58:07;USR-1074;2005-02-02;M;Standard;3;0;300;Card;Dota 2;;0
SESS-10192;2026-08-01 17:28:15;USR-1522;2004-09-21;F;Standard;1;160;100;Card;Dota 2;;0
SESS-10735;2026-08-18 19:42:39;USR-1155;2012-05-12;F;Standard;1;80;100;Card;Minecraft;;0
SESS-14506;2026-08-02 21:11:51;USR-1069;2004-11-11;M;Standard;1;160;100;Card;Dota 2;;0
SESS-12919;2026-08-14 19:34:29;USR-1673;2008-03-25;M;Standard;2;0;200;App;CS2;;0
SESS-13644;2026-08-15 15:47:10;USR-1223;2011-08-15;M;VIP;2;0;400;Cash;Dota 2;;0
SESS-14222;2026-08-23 20:24:18;USR-1071;2007-09-18;F;Bootcamp;2;320;300;;Dota 2;3.0;0
SESS-10335;2026-08-28 01:17:23;USR-1676;2009-05-02;M;Standard;3;120;300;Cash;CS2;5.0;0
SESS-11506;2026-08-03 17:50:15;USR-1732;2004-01-01;F;Standard;4;0;360;Card;GTA V;;1
SESS-14933;2026-08-30 17:55:34;USR-1319;2012-08-24;M;Standard;8;0;800;Card;CS2;;0
SESS-13413;2026-08-15 08:10:34;USR-1078;1995-02-26;M;PS5;3;0;750;Card;PUBG;5.0;0
SESS-11996;2026-08-30 23:26:33;USR-1019;1998-11-10;M;Standard;5;600;500;App;Dota 2;4.5;0
SESS-10288;2026-08-17 22:49:52;USR-1016;2002-04-03;M;Standard;8;1280;800;Card;Dota 2;4.0;0
SESS-10142;2026-08-08 13:17:30;USR-1130;2010-12-28;M;VIP;3;0;600;Cash;CS2;;0
SESS-12361;2026-08-08 21:11:09;USR-1362;1995-01-20;M;PS5;3;1470;675;Card;GTA V;4.0;1
SESS-14897;2026-08-15 17:57:25;USR-1458;2003-08-27;M;Standard;3;672;270;App;Dota 2;4.0;1
SESS-12092;2026-08-13 02:58:57;USR-1108;1998-04-14;M;PS5;3;660;750;Card;Dota 2;5.0;0
SESS-10303;2026-08-29 17:37:53;USR-1043;2005-02-07;F;Bootcamp;2;310;300;Card;CS2;5.0;0
SESS-11173;2026-08-13 18:38:38;USR-1030;2007-05-18;M;Standard;1;160;100;App;Dota 2;;0
SESS-11458;2026-08-23 17:37:46;USR-1147;2002-10-26;M;Standard;2;240;200;App;Deadlock;;0
SESS-13631;2026-08-01 18:20:20;USR-1340;2011-07-19;M;Standard;1;0;100;App;Minecraft;;0
SESS-13330;2026-08-30 19:36:39;USR-1168;2001-03-23;F;Standard;3;503;270;Cash;Apex Legends;;1
SESS-10591;2026-08-01 22:50:51;USR-1470;2003-06-06;F;PS5;2;0;500;Card;CS2;;0
SESS-10878;2026-08-04 00:29:51;USR-1641;2001-10-10;M;Standard;2;240;200;Card;Deadlock;;0
SESS-10263;2026-08-09 12:29:04;USR-1490;2005-04-09;F;Bootcamp;3;560;450;Cash;Dota 2;;0
SESS-14436;2026-08-19 21:22:34;USR-1422;2003-07-09;M;Standard;1;120;100;Card;CS2;;0
SESS-15550;2026-08-15 18:10:23;USR-1223;2011-08-15;M;Bootcamp;4;0;540;Cash;Valorant;;1
SESS-12673;2026-08-18 21:13:11;USR-1289;2010-10-22;M;Standard;2;0;200;App;GTA V;;0
SESS-14259;2026-08-08 17:58:59;USR-1757;2009-08-16;M;VIP;2;0;400;App;CS2;;0
SESS-14487;2026-08-14 15:38:50;USR-1677;2008-10-19;F;Standard;12;1344;1080;App;CS2;4.5;1
SESS-11385;2026-08-05 21:49:09;USR-1286;2012-07-21;M;Standard;1;80;100;App;Valorant;5.0;0
SESS-10594;2026-08-11 11:15:17;USR-1150;2004-07-09;F;Standard;2;0;200;Card;Dota 2;;0
SESS-13094;2026-08-10 18:06:52;USR-1683;2006-07-26;M;Standard;2;320;200;App;Dota 2;4.5;0
SESS-15102;2026-08-25 15:23:16;USR-1026;2005-03-02;M;Standard;1;0;100;App;Valorant;4.0;0
SESS-14856;2026-08-02 23:18:21;USR-1002;2001-09-28;F;Bootcamp;8;790;1200;Card;PUBG;4.5;0
SESS-14663;2026-08-24 15:02:43;USR-1149;1994-08-11;M;VIP;3;0;600;Card;Cyberpunk 2077;;0
SESS-10092;2026-08-31 13:47:19;USR-1067;2003-06-11;F;Standard;3;480;300;Card;Deadlock;;0
SESS-13928;2026-08-04 21:55:50;USR-1723;1998-09-16;M;Standard;2;0;200;Card;PUBG;;0
SESS-11810;2026-08-12 21:41:59;USR-1425;2006-09-02;M;Bootcamp;1;0;150;Card;CS2;;0
SESS-13949;2026-08-13 14:08:50;USR-1061;2005-08-26;F;Standard;2;0;200;App;CS2;4.0;0
SESS-11992;2026-08-23 16:09:40;USR-1290;2004-03-15;M;Standard;2;0;200;Card;Valorant;;0
SESS-11379;2026-08-14 12:54:10;USR-1159;2005-01-02;M;PS5;3;336;675;App;Dota 2;;1
SESS-15014;2026-08-23 11:41:51;USR-1111;2012-11-21;M;Bootcamp;2;0;300;Cash;CS2;;0
SESS-13158;2026-08-15 20:26:00;USR-1408;2008-06-10;M;Standard;4;0;400;Card;Dota 2;;0
SESS-14063;2026-08-25 20:04:09;USR-1023;2005-11-18;F;Standard;8;0;800;Cash;Apex Legends;;0
SESS-13652;2026-08-30 18:31:54;USR-1488;2004-11-20;M;Bootcamp;2;0;300;Card;Dota 2;;0
SESS-10221;2026-08-11 17:07:59;USR-1278;2004-07-28;M;Bootcamp;2;470;300;App;Deadlock;4.0;0
SESS-14148;2026-08-27 12:55:04;USR-1141;2012-07-05;M;Bootcamp;2;0;300;Cash;Minecraft;;0
SESS-10241;2026-08-21 17:31:50;USR-1316;2009-06-28;M;Standard;2;0;200;App;Minecraft;;0
SESS-14083;2026-08-23 17:36:24;USR-1651;2010-03-25;M;PS5;4;160;1000;Cash;CS2;4.5;0
SESS-14156;2026-08-13 15:47:37;USR-1423;2006-01-25;M;PS5;2;160;500;Card;CS2;;0
SESS-13817;2026-08-31 13:30:09;USR-1405;2010-10-14;M;Standard;3;120;300;Card;Dota 2;4.5;0
SESS-11928;2026-08-01 19:23:11;USR-1453;2003-01-16;M;Bootcamp;2;240;300;Card;Dota 2;;0
SESS-13600;2026-08-14 22:18:05;USR-1068;2005-02-06;F;Bootcamp;8;0;1200;Card;Dota 2;5.0;0
SESS-13130;2026-08-14 05:24:28;USR-1142;2010-09-26;M;Standard;3;0;300;App;Minecraft;4.5;0
SESS-13679;2026-08-13 21:46:49;USR-1667;2005-09-14;M;PS5;1;80;250;App;Apex Legends;;0
SESS-13327;2026-08-09 22:16:40;USR-1681;2001-12-17;M;Bootcamp;8;1430;1200;Card;Deadlock;4.5;0
SESS-10202;2026-08-03 14:35:27;USR-1157;2009-01-09;M;Bootcamp;1;60;150;Cash;Minecraft;;0
SESS-14036;2026-08-07 19:55:27;USR-1688;1994-08-10;M;PS5;5;1200;1250;Cash;Cyberpunk 2077;;0
SESS-14647;2026-08-03 08:09:29;USR-1057;2005-07-28;M;Standard;3;0;270;Card;Dota 2;4.0;1
SESS-12979;2026-08-01 22:45:39;USR-1143;2009-12-19;M;Standard;3;240;300;App;CS2;;0
SESS-10481;2026-08-10 19:19:08;USR-1671;2008-07-25;M;VIP;1;0;200;Card;Minecraft;;0
SESS-15588;2026-08-31 13:55:32;USR-1379;2006-07-16;M;VIP;2;0;400;Card;Deadlock;4.0;0
SESS-13369;2026-08-18 18:17:07;USR-1116;2006-02-02;M;VIP;2;0;400;App;Dota 2;;0
SESS-15040;2026-08-10 18:16:23;USR-1131;2008-12-05;F;Standard;2;448;180;App;Dota 2;;1
SESS-15188;2026-08-04 17:20:16;USR-1485;2007-07-02;F;Standard;1;0;90;App;Dota 2;;1
SESS-12721;2026-08-26 14:50:34;USR-1126;2010-02-08;M;VIP;2;0;400;Cash;CS2;;0
SESS-11880;2026-08-30 15:57:16;USR-1254;2011-07-13;M;Standard;3;0;300;Cash;CS2;;0
SESS-13164;2026-08-01 18:49:12;USR-1065;2008-04-06;M;Bootcamp;2;400;300;App;CS2;1.0;0
SESS-14765;2026-08-27 05:55:04;USR-1090;2010-09-06;M;VIP;12;0;2400;Card;Minecraft;4.0;0
SESS-11148;2026-08-05 23:36:41;USR-1041;2008-02-09;M;Bootcamp;8;0;1200;App;CS2;4.5;0
SESS-10403;2026-08-15 20:47:05;USR-1232;2011-03-07;M;Bootcamp;1;0;150;Cash;Minecraft;;0
SESS-13481;2026-08-27 01:32:08;USR-1319;2012-08-24;M;Standard;5;200;500;Cash;Deadlock;4.0;0
SESS-15354;2026-08-20 15:49:41;USR-1087;2002-08-16;F;VIP;2;390;400;Card;Valorant;2.0;0
SESS-10811;2026-08-21 02:38:26;USR-1044;2006-08-14;F;VIP;1;0;200;Card;CS2;;0
SESS-14479;2026-08-21 10:17:45;USR-1236;2009-12-09;M;PS5;2;0;500;Cash;Minecraft;5.0;0
SESS-12467;2026-08-20 12:27:11;USR-1555;2006-04-11;M;Standard;2;0;200;Card;Dota 2;;0
SESS-13831;2026-08-16 16:32:59;USR-1470;2003-06-06;F;Bootcamp;3;0;450;Card;Deadlock;;0
SESS-11590;2026-08-02 19:38:39;USR-1613;2005-10-06;M;Standard;1;160;100;Card;Dota 2;4.5;0
SESS-13569;2026-08-06 19:59:02;USR-1571;2012-11-11;M;Standard;4;240;400;App;Minecraft;4.5;0
SESS-10587;2026-08-31 20:17:22;USR-1167;2007-06-19;M;PS5;1;0;250;App;Dota 2;;0
SESS-11801;2026-08-07 12:47:04;USR-1110;2004-06-14;M;Standard;1;0;100;Card;CS2;;0
SESS-12137;2026-08-22 20:31:58;USR-1545;2012-01-04;M;Standard;1;0;100;Card;CS2;;0
SESS-15073;2026-08-19 16:20:29;USR-1220;2003-05-03;M;VIP;4;0;800;Card;Dota 2;;0
SESS-12705;2026-08-08 15:57:07;USR-1067;2003-06-11;F;Standard;4;640;400;App;Dota 2;;0
SESS-10486;2026-08-04 17:50:31;USR-1196;2012-04-26;Мужской;Standard;2;0;200;Cash;CS2;3.0;0
SESS-14271;2026-08-15 11:05:27;USR-1608;2006-03-14;M;Standard;3;0;300;Card;Valorant;3.0;0
SESS-10834;2026-08-03 14:30:00;USR-1026;2005-03-02;M;Standard;4;896;360;Card;Dota 2;4.5;1
SESS-11386;2026-08-25 19:06:03;USR-1597;2010-02-20;M;VIP;3;0;600;Card;CS2;5.0;0
SESS-14184;2026-08-03 22:39:53;USR-1181;2005-07-26;F;Bootcamp;5;480;750;Card;CS2;;0
SESS-12180;2026-08-02 19:25:29;USR-1471;2004-08-03;F;Standard;2;448;180;Card;Dota 2;5.0;1
SESS-11776;2026-08-15 18:52:14;USR-1670;2005-08-06;M;Bootcamp;4;658;540;Card;CS2;5.0;1
SESS-12981;2026-08-01 23:25:01;USR-1540;2010-06-16;M;PS5;5;0;1250;Cash;Minecraft;4.0;0
SESS-15018;2026-08-14 21:03:39;USR-1014;2012-10-25;M;Standard;2;0;200;Cash;Minecraft;;0
SESS-12395;2026-08-11 22:06:43;USR-1039;2005-04-25;M;VIP;8;0;1600;Card;Dota 2;5.0;0
SESS-10235;2026-08-23 02:56:28;USR-1641;2001-10-10;M;Standard;2;0;200;App;CS2;4.0;0
SESS-10358;2026-08-25 11:27:49;USR-1012;2003-04-12;F;Standard;2;320;200;Card;Minecraft;;0
SESS-14972;2026-08-20 11:52:35;USR-1099;2006-06-02;M;Bootcamp;2;390;300;Card;CS2;5.0;0
SESS-13014;2026-08-13 16:46:30;USR-1701;2009-02-27;M;Standard;2;0;180;Card;Deadlock;;1
SESS-12708;2026-08-31 20:27:47;USR-1402;1986-06-13;M;VIP;3;0;540;App;Dota 2;;1
SESS-10436;2026-08-09 14:09:35;USR-1106;2008-02-13;M;PS5;2;160;500;Cash;PUBG;4.5;0
SESS-12812;2026-08-10 05:20:07;USR-1205;2004-03-11;M;Standard;2;0;200;Card;CS2;;0
SESS-12199;2026-08-21 10:35:29;USR-1054;2010-09-08;M;Standard;2;0;200;Card;Dota 2;;0
SESS-14274;2026-08-16 16:10:22;USR-1053;2003-11-22;M;Bootcamp;2;0;300;App;Valorant;;0
SESS-14320;2026-08-28 08:54:16;USR-1057;2005-07-28;M;Bootcamp;8;0;1200;Card;PUBG;;0
SESS-10490;2026-08-05 18:29:59;USR-1070;2005-10-03;M;Bootcamp;3;546;405;Card;Valorant;4.5;1
SESS-11028;2026-08-17 13:33:14;USR-1069;2004-11-11;M;Bootcamp;3;0;405;App;CS2;4.5;1
SESS-13597;2026-08-23 21:42:34;USR-1653;2004-09-04;M;Bootcamp;5;0;750;;Dota 2;1.0;0
SESS-12762;2026-08-23 10:08:39;USR-1625;2007-05-21;M;Standard;1;0;100;Card;Deadlock;;0
SESS-12730;2026-08-29 13:36:09;USR-1088;2004-02-01;M;Standard;4;480;400;App;CS2;;0
SESS-14617;2026-08-11 15:18:12;USR-1378;2010-07-20;M;Standard;5;0;500;Card;Minecraft;4.0;0
SESS-13109;2026-08-06 03:57:04;USR-1724;2005-03-25;M;VIP;1;0;200;App;Apex Legends;;0
SESS-11216;2026-08-10 16:59:58;USR-1008;2004-03-27;F;Standard;2;0;200;App;CS2;;0
SESS-10304;2026-08-28 17:22:29;USR-1039;2005-04-25;M;Standard;2;0;180;Card;Apex Legends;4.0;1
SESS-12179;2026-08-21 18:27:23;USR-1722;2006-05-27;F;VIP;3;616;540;Card;Deadlock;4.5;1
SESS-11996;2026-08-30 23:26:33;USR-1019;1998-11-10;M;Standard;5;600;500;App;Dota 2;4.5;0
SESS-14044;2026-08-04 13:34:39;USR-1295;2001-06-22;M;PS5;4;448;900;Card;Valorant;4.5;1
SESS-11826;2026-08-20 18:12:44;USR-1185;2001-12-08;M;PS5;2;0;500;Cash;Valorant;;0
SESS-11420;2026-08-20 14:41:06;USR-1225;2007-10-25;M;Bootcamp;3;616;405;Card;CS2;;1
SESS-14290;2026-08-04 15:58:43;USR-1005;1998-09-23;M;PS5;1;420;250;App;CS2;3.0;0
SESS-14109;2026-08-25 08:54:08;USR-1114;2011-10-14;M;Standard;2;168;180;App;Minecraft;5.0;1
SESS-14585;2026-08-17 19:07:30;USR-1087;2002-08-16;F;Standard;1;0;100;Card;Deadlock;;0
SESS-12192;2026-08-12 17:59:39;USR-1542;2006-08-20;M;Standard;2;0;200;App;Deadlock;;0
SESS-12231;2026-08-12 17:54:11;USR-1778;2005-12-18;M;Standard;1;80;100;Card;Dota 2;;0
SESS-15317;2026-08-23 18:14:47;USR-1701;2009-02-27;M;Bootcamp;4;224;540;Card;Minecraft;;1
SESS-10504;2026-08-19 19:16:14;USR-1706;1999-12-28;M;PS5;2;0;500;Card;GTA V;5.0;0
SESS-11195;2026-08-03 12:32:20;USR-1193;2007-07-17;F;Bootcamp;1;0;150;Card;PUBG;;0
SESS-14157;2026-08-04 00:27:30;USR-1247;2007-11-19;F;Standard;12;0;1200;App;Deadlock;;0
SESS-13441;2026-08-15 00:45:01;USR-1198;2011-08-10;F;Standard;8;672;720;App;CS2;4.5;1
SESS-14454;2026-08-01 21:41:55;USR-1470;2003-06-06;F;PS5;2;0;500;Cash;CS2;;0
SESS-14077;2026-08-20 17:06:55;USR-1048;2012-07-10;F;Bootcamp;4;320;600;Card;Minecraft;;0
SESS-12559;2026-08-23 15:56:24;USR-1654;2006-11-15;M;VIP;2;0;400;Card;Dota 2;;0
SESS-12330;2026-08-29 17:55:30;USR-1774;1997-04-13;F;Standard;4;0;400;Card;Dota 2;;0
SESS-12665;2026-08-09 17:37:50;USR-1142;2010-09-26;M;VIP;3;120;600;Cash;CS2;;0
SESS-10184;2026-08-07 09:09:46;USR-1220;2003-05-03;M;PS5;2;160;500;Card;Valorant;5.0;0
SESS-13386;2026-08-22 10:41:18;USR-1035;2005-10-21;M;Standard;1;80;100;Card;CS2;;0
SESS-13051;2026-08-10 08:38:52;USR-1656;2009-06-12;M;PS5;2;0;500;Cash;Dota 2;;0
SESS-12627;2026-08-10 17:50:57;USR-1009;2001-06-04;M;VIP;2;0;400;Card;Dota 2;;0
SESS-11798;2026-08-25 21:59:39;USR-1301;2010-06-17;M;PS5;3;0;675;App;Valorant;;1
SESS-15495;2026-08-21 17:15:40;USR-1078;1995-02-26;M;Standard;2;0;200;Card;GTA V;;0
SESS-12258;2026-08-07 01:47:29;USR-1004;2010-05-15;F;Standard;8;640;800;App;Minecraft;;0
SESS-13115;2026-08-23 21:12:43;USR-1120;2010-01-22;F;Standard;2;0;200;Card;Minecraft;4.5;0
SESS-10480;2026-08-18 21:38:36;USR-1578;2011-02-07;M;Bootcamp;2;0;300;App;Deadlock;;0
SESS-10752;2026-08-05 17:30:42;USR-1267;2005-04-25;M;Standard;5;0;500;Card;CS2;;0
SESS-13028;2026-08-23 21:17:05;USR-1049;2008-01-16;F;Bootcamp;5;0;750;App;CS2;4.0;0
SESS-13162;2026-08-15 11:51:32;USR-1236;2009-12-09;M;Standard;3;0;300;Cash;Deadlock;;0
SESS-14121;2026-08-07 14:08:05;USR-1375;2005-02-25;M;Standard;4;672;360;App;Valorant;5.0;1
SESS-12760;2026-08-14 18:01:21;USR-1384;1997-10-15;F;Bootcamp;2;800;300;Card;Dota 2;;0
SESS-13658;2026-08-28 16:40:09;USR-1097;2012-11-26;M;PS5;5;200;1250;App;Apex Legends;;0
SESS-11765;2026-08-22 15:53:35;USR-1376;2007-08-26;M;Bootcamp;1;0;150;App;Dota 2;5.0;0
SESS-14754;2026-08-02 13:15:48;USR-1133;2010-07-11;M;Bootcamp;4;0;540;App;Minecraft;4.5;1
SESS-10040;2026-08-09 11:22:59;USR-1546;1998-07-07;M;Standard;1;120;100;Card;CS2;;0
SESS-11122;2026-08-13 13:51:45;USR-1476;2007-08-10;M;PS5;2;160;500;Card;Dota 2;;0
SESS-13469;2026-08-14 15:25:27;USR-1208;1990-09-21;M;Standard;1;180;100;Card;Dota 2;1.0;0
SESS-14762;2026-08-05 22:18:31;USR-1418;2006-06-05;M;VIP;8;1040;1600;Card;Dota 2;5.0;0
SESS-14515;2026-08-18 19:27:13;USR-1621;2011-12-21;M;Standard;1;0;100;Card;Minecraft;4.5;0
SESS-12953;2026-08-09 13:40:36;USR-1119;2005-11-03;M;VIP;2;310;400;Cash;CS2;;0
SESS-12800;2026-08-13 20:45:37;USR-1041;2008-02-09;M;Standard;1;80;100;Card;Dota 2;;0
SESS-14413;2026-08-09 15:13:32;USR-1089;2009-09-24;M;Standard;2;0;200;App;CS2;3.0;0
SESS-15136;2026-08-13 17:32:18;USR-1742;1993-03-09;M;VIP;3;660;600;Cash;Cyberpunk 2077;;0
SESS-14743;2026-08-02 11:50:02;USR-1029;1994-12-27;M;VIP;1;550;200;Card;Valorant;;0
SESS-13264;2026-08-18 21:12:49;USR-1443;2007-09-13;M;Bootcamp;1;240;150;Card;Dota 2;;0
SESS-12954;2026-08-06 21:25:08;USR-1426;2003-03-18;F;PS5;1;160;250;Card;Valorant;;0
SESS-13890;2026-08-08 10:13:28;USR-1469;2008-07-09;F;Standard;2;240;200;Card;Deadlock;4.5;0
SESS-10471;2026-08-15 22:07:58;USR-1250;2007-05-17;M;Bootcamp;3;0;450;Card;Dota 2;;0
SESS-13033;2026-08-15 14:14:28;USR-1051;2011-05-15;M;Bootcamp;1;0;150;Cash;CS2;;0
SESS-15423;2026-08-02 22:19:59;USR-1037;2008-10-15;M;VIP;8;0;1600;Card;CS2;3.0;0
SESS-12191;2026-08-04 19:59:12;USR-1004;2010-05-15;F;Standard;3;240;300;Cash;CS2;4.5;0
SESS-14462;2026-08-28 20:15:12;USR-1153;2003-01-20;M;Standard;1;0;100;Card;GTA V;;0
SESS-12959;2026-08-25 18:20:09;USR-1066;2005-04-09;M;VIP;1;310;200;Card;Dota 2;;0
SESS-13399;2026-08-22 21:06:43;USR-1089;2009-09-24;M;Standard;1;0;100;App;Minecraft;4.0;0
SESS-11619;2026-08-20 23:30:36;USR-1783;2007-07-06;M;Bootcamp;8;2001;1080;App;Dota 2;4.0;1
SESS-10054;2026-08-22 15:37:55;USR-1080;2010-03-26;M;Standard;3;0;300;App;Minecraft;;0
SESS-14050;2026-08-21 17:01:31;USR-1081;1997-07-08;M;VIP;1;420;200;Card;GTA V;;0
SESS-11958;2026-08-26 21:06:13;USR-1427;2009-08-23;M;Bootcamp;1;0;150;App;Valorant;;0
SESS-13106;2026-08-03 10:27:28;USR-1539;2006-09-02;M;Standard;1;80;100;App;CS2;;0
SESS-12623;2026-08-15 07:51:49;USR-1108;1998-04-14;M;Standard;1;120;100;Card;CS2;;0
SESS-12168;2026-08-14 20:35:45;USR-1668;1994-04-21;F;VIP;3;0;540;App;Cyberpunk 2077;4.5;1
SESS-13299;2026-08-01 14:54:23;USR-1589;2011-10-19;M;Standard;3;0;270;Cash;Dota 2;;1
SESS-11980;2026-08-05 18:37:16;USR-1108;1998-04-14;M;Standard;8;2800;720;App;Browser/Work;2.0;1
SESS-14803;2026-08-04 00:21:48;USR-1058;2012-06-28;M;Standard;5;0;500;Cash;Minecraft;4.5;0
SESS-14478;2026-08-16 16:04:13;USR-1064;2003-01-04;F;VIP;3;616;540;Card;Deadlock;4.5;1
SESS-13439;2026-08-16 19:09:24;USR-1576;2006-06-25;M;Standard;8;960;800;Card;Minecraft;4.0;0
SESS-14499;2026-08-21 18:58:19;USR-1017;2006-06-21;M;Standard;1;80;100;Card;CS2;;0
SESS-14252;2026-08-10 02:50:52;USR-1672;2003-10-01;F;Bootcamp;2;560;270;App;Dota 2;;1
SESS-11479;2026-08-16 00:40:31;USR-1148;2008-04-10;F;Standard;5;600;500;Card;Deadlock;;0
SESS-12618;2026-08-26 14:46:57;USR-1007;2006-10-02;M;VIP;4;882;720;Card;Dota 2;;1
SESS-12117;2026-08-20 13:11:16;USR-1141;2012-07-05;M;Bootcamp;1;0;150;App;Minecraft;;0
SESS-14023;2026-08-30 12:51:54;USR-1008;2004-03-27;F;PS5;3;480;750;Card;Dota 2;4.0;0
SESS-13211;2026-08-02 16:50:53;USR-1035;2005-10-21;M;VIP;2;390;400;Card;PUBG;;0
SESS-12539;2026-08-14 21:20:47;USR-1487;1996-10-08;M;VIP;4;1150;800;Card;CS2;;0
SESS-14898;2026-08-02 21:00:38;USR-1685;2010-03-16;M;Standard;2;0;200;App;Dota 2;;0
SESS-10159;2026-08-13 16:42:20;USR-1265;2004-09-02;M;Standard;2;320;200;App;Cyberpunk 2077;;0
SESS-14470;2026-08-13 23:52:42;USR-1408;2008-06-10;M;VIP;5;880;1000;Cash;PUBG;5.0;0
SESS-13771;2026-08-04 18:43:38;USR-1325;2010-11-01;M;Standard;4;224;360;Card;Dota 2;5.0;1
SESS-15284;2026-08-09 15:03:28;USR-1032;2007-01-28;M;Standard;1;160;100;Card;Apex Legends;4.5;0
SESS-14135;2026-08-14 16:36:00;USR-1006;2005-07-07;M;Standard;2;0;200;Card;CS2;;0
SESS-13105;2026-08-16 21:24:53;USR-1121;2011-01-17;M;Bootcamp;1;0;150;Cash;CS2;;0
SESS-13509;2026-08-05 12:20:01;USR-1121;2011-01-17;M;Standard;1;0;100;App;CS2;;0
SESS-14429;2026-08-24 19:07:54;USR-1020;2010-04-19;M;Standard;3;0;300;Card;Valorant;;0
SESS-11906;2026-08-25 00:24:11;USR-1472;2010-10-08;M;Bootcamp;3;120;450;Cash;Dota 2;4.0;0
SESS-12813;2026-08-13 09:12:53;USR-1122;2009-02-15;M;Standard;2;0;200;Cash;Dota 2;;0
SESS-15202;2026-08-24 09:32:07;USR-1566;2005-10-24;M;Standard;2;0;180;Card;PUBG;;1
SESS-13006;2026-08-02 13:45:26;USR-1045;2006-03-28;M;Standard;2;0;200;Card;CS2;;0
SESS-11655;2026-08-07 10:07:16;USR-1089;2009-09-24;M;Standard;2;0;200;Cash;Dota 2;;0
SESS-11514;2026-08-30 07:42:14;USR-1010;2005-03-05;M;Bootcamp;3;0;450;Card;CS2;;0
SESS-12866;2026-08-28 16:41:28;USR-1755;1987-02-06;M;VIP;4;780;800;Card;Dota 2;;0
SESS-13146;2026-08-29 06:52:02;USR-1177;1999-03-17;M;Standard;5;840;450;Card;Cyberpunk 2077;;1
SESS-12643;2026-08-29 12:15:44;USR-1728;2012-01-22;M;Standard;8;672;720;Cash;Minecraft;5.0;1
SESS-11960;2026-08-06 18:06:58;USR-1457;2004-06-04;M;Bootcamp;2;400;300;Card;Valorant;4.5;0
SESS-10076;2026-08-18 13:47:47;USR-1659;2005-02-17;M;Bootcamp;2;470;300;Card;Valorant;;0
SESS-13257;2026-08-13 16:00:31;USR-1462;2004-04-06;M;PS5;2;160;500;App;Dota 2;;0
SESS-12354;2026-08-15 05:50:35;USR-1696;2007-10-23;M;Bootcamp;2;0;300;Card;CS2;;0
SESS-10049;2026-08-23 11:39:44;USR-1029;1994-12-27;M;PS5;3;1050;750;Card;GTA V;5.0;0
SESS-15412;2026-08-28 17:11:20;USR-1097;2012-11-26;M;Standard;5;0;450;Card;CS2;5.0;1
SESS-12498;2026-08-07 00:39:48;USR-1050;2004-06-28;M;VIP;8;1430;1600;Card;CS2;4.5;0
SESS-12183;2026-08-02 18:24:47;USR-1077;2003-08-14;M;Bootcamp;2;560;270;App;CS2;4.0;1
SESS-15035;2026-08-18 19:52:27;USR-1091;2006-06-21;M;PS5;1;0;250;Card;Dota 2;;0
SESS-10614;2026-08-18 12:00:22;USR-1791;2006-01-19;F;Standard;1;120;100;Card;Minecraft;;0
SESS-10648;2026-08-01 08:42:28;USR-1026;2005-03-02;M;Bootcamp;4;658;540;Card;Dota 2;3.0;1
SESS-15508;2026-08-15 16:25:50;USR-1048;2012-07-10;F;Standard;8;0;720;App;CS2;;1
SESS-12843;2026-08-18 18:52:34;USR-1141;2012-07-05;M;Standard;4;0;360;Cash;CS2;4.0;1
SESS-15414;2026-08-30 20:13:46;USR-1796;2006-08-10;M;Bootcamp;2;400;300;Card;Dota 2;;0
SESS-15263;2026-08-07 21:40:02;USR-1145;2009-02-19;M;VIP;1;0;200;App;CS2;;0
SESS-10774;2026-08-23 21:52:53;USR-1209;2011-08-10;F;Standard;1;0;100;Cash;CS2;;0
SESS-10372;2026-08-02 19:05:15;USR-1211;2010-02-27;M;VIP;5;0;1000;Cash;Valorant;4.5;0
SESS-11407;2026-08-15 14:33:38;USR-1241;2001-02-07;M;Standard;2;224;180;Card;Valorant;4.0;1
SESS-15241;2026-08-31 22:16:34;USR-1777;2006-06-14;M;VIP;8;0;1600;App;Minecraft;4.0;0
SESS-11193;2026-08-12 22:47:50;USR-1247;2007-11-19;F;Standard;3;480;300;App;CS2;4.5;0
SESS-11771;2026-08-08 10:37:53;USR-1767;2006-02-17;M;Bootcamp;3;546;405;Card;Minecraft;5.0;1
SESS-13539;2026-08-28 15:09:33;USR-1348;2003-03-16;M;Standard;1;120;100;Card;Deadlock;;0
SESS-10649;2026-08-16 09:53:32;USR-1069;2004-11-11;M;VIP;1;0;200;Card;Deadlock;;0
SESS-15320;2026-08-08 09:41:01;USR-1458;2003-08-27;M;Standard;5;560;450;App;Dota 2;;1
SESS-13212;2026-08-05 14:56:50;USR-1056;2005-02-01;F;Bootcamp;2;470;300;Card;CS2;4.5;0
SESS-11572;2026-08-16 23:40:48;USR-1318;2002-04-26;F;Standard;8;0;800;Card;CS2;;0
SESS-14588;2026-08-24 19:23:54;USR-1022;2010-12-12;M;VIP;2;0;400;App;Dota 2;4.5;0
SESS-12931;2026-08-12 08:51:19;USR-1033;2003-12-13;M;VIP;1;270;200;Cash;Valorant;;0
SESS-11117;2026-08-30 21:08:15;USR-1157;2009-01-09;M;Bootcamp;2;112;270;Cash;Valorant;5.0;1
SESS-11251;2026-08-05 19:19:11;USR-1121;2011-01-17;M;Standard;2;80;200;App;Minecraft;4.5;0
SESS-11650;2026-08-11 18:49:00;USR-1447;2006-10-19;M;VIP;4;882;720;Card;CS2;;1
SESS-13986;2026-08-20 23:06:21;USR-1378;2010-07-20;M;Standard;5;0;500;App;CS2;4.0;0
SESS-10933;2026-08-16 13:38:19;USR-1186;2011-06-23;M;Standard;1;40;100;Card;Minecraft;3.0;0
SESS-10223;2026-08-05 11:03:16;USR-1340;2011-07-19;M;Standard;2;0;200;Cash;Valorant;;0
SESS-15139;2026-08-09 20:08:42;USR-1758;2012-09-07;M;Standard;8;640;800;App;Apex Legends;4.0;0
SESS-10326;2026-08-28 18:09:54;USR-1098;2005-09-18;F;Bootcamp;2;470;300;Card;Valorant;;0
SESS-11401;2026-08-30 15:26:35;USR-1701;2009-02-27;M;Standard;2;0;200;App;Deadlock;;0
SESS-11935;2026-08-14 08:52:25;USR-1482;2012-06-12;F;Standard;2;160;200;App;Deadlock;;0
SESS-12542;2026-08-30 19:36:32;USR-1057;2005-07-28;M;Standard;1;160;100;App;Valorant;2.0;0
SESS-10770;2026-08-28 20:24:05;USR-1057;2005-07-28;M;Standard;5;840;450;Card;CS2;4.5;1
SESS-14760;2026-08-29 16:05:53;USR-1124;2004-10-22;M;PS5;3;672;675;Card;Apex Legends;4.5;1
SESS-12171;2026-08-20 20:39:33;USR-1340;2011-07-19;M;VIP;2;0;360;Cash;Dota 2;;1
SESS-15465;2026-08-16 20:27:37;USR-1050;2004-06-28;M;Standard;8;0;720;Card;Dota 2;4.5;1
SESS-14299;2026-08-08 14:57:41;USR-1328;1997-09-01;M;VIP;2;0;400;Card;Browser/Work;;0
SESS-12051;2026-08-10 00:26:27;USR-1456;2009-06-23;M;VIP;3;240;600;App;Deadlock;;0
SESS-12165;2026-08-30 19:43:42;USR-1020;2010-04-19;M;Standard;3;120;300;App;Dota 2;4.0;0
SESS-10186;2026-08-15 18:29:19;USR-1558;2011-10-06;M;Standard;4;320;400;App;Valorant;;0
SESS-12950;2026-08-15 20:57:57;USR-1737;2011-01-14;M;Standard;2;0;200;App;Minecraft;4.0;0
SESS-11663;2026-08-04 20:20:53;USR-1587;2005-03-27;M;Standard;1;0;100;Card;Valorant;;0
SESS-14441;2026-08-05 14:50:04;USR-1046;2009-05-04;M;Standard;1;80;100;App;Valorant;4.5;0
SESS-11452;2026-08-09 16:47:06;USR-1247;2007-11-19;F;Bootcamp;2;320;300;App;Valorant;5.0;0
SESS-12971;2026-08-07 21:52:11;USR-1361;2005-03-12;M;PS5;4;896;900;Card;CS2;4.5;1
SESS-15427;2026-08-30 20:03:58;USR-1627;2007-03-09;M;Bootcamp;1;230;150;App;Deadlock;;0
SESS-14279;2026-08-16 15:40:38;USR-1076;2006-09-12;M;PS5;3;240;750;Card;PUBG;;0
SESS-14034;2026-08-15 21:20:37;USR-1292;2004-12-04;F;VIP;3;0;600;Card;Dota 2;;0
SESS-12076;2026-08-27 13:22:30;USR-1746;2006-10-03;F;Bootcamp;4;0;540;Card;Dota 2;1.0;1
SESS-10786;2026-08-01 20:48:03;USR-1065;2008-04-06;M;Standard;4;320;400;Card;CS2;;0
SESS-10558;2026-08-20 04:11:44;USR-1145;2009-02-19;M;PS5;1;0;250;App;CS2;;0
SESS-10156;2026-08-21 15:11:16;USR-1249;2011-08-26;M;Standard;4;0;400;App;Dota 2;4.0;0
SESS-10851;2026-08-23 19:22:07;USR-1042;1992-11-01;M;Standard;3;540;300;Card;Cyberpunk 2077;;0
SESS-12291;2026-08-20 16:33:23;USR-1116;2006-02-02;M;Standard;1;0;100;Card;CS2;;0
SESS-15497;2026-08-01 07:01:15;USR-1286;2012-07-21;M;Standard;2;0;200;Card;Minecraft;;0
SESS-11911;2026-08-06 09:00:34;USR-1227;2008-12-26;M;Standard;2;160;200;Card;Dota 2;;0
SESS-11286;2026-08-01 09:38:35;USR-1092;2011-05-01;M;VIP;5;300;1000;Cash;Valorant;5.0;0
SESS-10409;2026-08-06 01:09:39;USR-1062;2008-06-27;F;Standard;12;2015;1080;Card;CS2;5.0;1
SESS-13607;2026-08-20 21:52:26;USR-1468;2003-10-16;M;VIP;2;240;400;Card;Dota 2;;0
SESS-10581;2026-08-24 18:54:30;USR-1595;2012-06-09;M;Standard;3;0;300;Cash;CS2;;0
SESS-13354;2026-08-06 19:28:49;USR-1492;2011-04-20;M;Standard;2;80;200;App;CS2;5.0;0
SESS-14947;2026-08-20 15:57:35;USR-1065;2008-04-06;M;Standard;1;80;100;App;CS2;;0
SESS-12003;2026-08-15 14:44:47;USR-1507;2006-09-11;M;Standard;2;0;200;Card;CS2;;0
SESS-14738;2026-08-14 14:31:59;USR-1742;1993-03-09;M;Standard;3;750;300;Card;CS2;4.0;0
SESS-12835;2026-08-07 14:42:09;USR-1249;2011-08-26;M;Bootcamp;8;0;1200;App;CS2;;0
SESS-10818;2026-08-28 11:46:56;USR-1374;2004-09-22;M;Standard;2;240;200;App;Valorant;;0
SESS-14805;2026-08-11 18:45:17;USR-1004;2010-05-15;F;Standard;2;0;200;App;Minecraft;5.0;0
SESS-12442;2026-08-02 15:57:19;USR-1490;2005-04-09;F;VIP;3;546;540;Card;Dota 2;4.0;1
SESS-10316;2026-08-24 15:25:10;USR-1557;2003-09-27;M;PS5;1;80;250;Card;CS2;5.0;0
SESS-10560;2026-08-18 09:22:12;USR-1321;2003-02-04;M;Bootcamp;2;310;300;Card;PUBG;4.0;0
SESS-10220;2026-08-30 17:42:06;USR-1047;2008-03-26;M;Standard;2;0;200;Card;Valorant;;0
SESS-11970;2026-08-27 23:35:46;USR-1505;2004-12-22;M;Standard;12;0;1080;Card;GTA V;4.5;1
SESS-15195;2026-08-15 20:10:42;USR-1063;2005-12-17;F;Standard;1;0;100;Card;CS2;;0
SESS-12793;2026-08-19 15:36:16;USR-1207;2002-07-21;F;VIP;1;378;180;Card;Deadlock;4.0;1
SESS-12594;2026-08-30 13:10:55;USR-1154;2007-03-12;M;Standard;1;0;100;Card;Dota 2;;0
SESS-13568;2026-08-29 20:53:19;USR-1524;2005-07-06;M;Bootcamp;2;0;300;Card;Dota 2;4.0;0
SESS-15587;2026-08-13 11:54:34;USR-1682;2009-01-13;M;Bootcamp;1;0;150;Card;Minecraft;;0
SESS-15148;2026-08-02 23:19:51;USR-1026;2005-03-02;M;Bootcamp;8;1040;1200;Card;Dota 2;4.5;0
SESS-14831;2026-08-02 00:10:32;USR-1540;2010-06-16;M;VIP;5;400;1000;App;Valorant;;0
SESS-13691;2026-08-02 20:51:57;USR-1537;2004-08-27;F;Standard;4;640;400;App;Dota 2;;0
SESS-14704;2026-08-02 03:21:52;USR-1309;2010-08-10;M;Bootcamp;2;0;300;App;Valorant;;0
SESS-11024;2026-08-28 23:54:17;USR-1019;1998-11-10;M;VIP;2;510;400;Card;GTA V;;0
SESS-13618;2026-08-23 12:53:05;USR-1007;2006-10-02;M;Standard;5;0;500;Card;CS2;5.0;0
SESS-14819;2026-08-04 18:56:40;USR-1295;2001-06-22;M;Standard;3;0;300;Card;Dota 2;4.0;0
SESS-11861;2026-08-03 19:06:29;USR-1085;2011-03-10;M;Standard;1;0;100;Card;Dota 2;;0
SESS-13325;2026-08-06 15:17:39;USR-1286;2012-07-21;M;Standard;1;56;90;App;CS2;4.5;1
SESS-12681;2026-08-30 11:54:41;USR-1581;2001-09-25;F;Bootcamp;2;390;300;App;GTA V;;0
SESS-11082;2026-08-27 10:29:04;USR-1064;2003-01-04;F;Standard;2;160;200;Card;CS2;;0
SESS-14072;2026-08-07 01:00:35;USR-1152;1992-08-26;M;VIP;8;0;1600;Card;GTA V;3.0;0
SESS-11248;2026-08-30 18:41:09;USR-1136;2010-11-02;M;VIP;2;0;360;Cash;Dota 2;;1
SESS-14945;2026-08-23 14:58:23;USR-1038;2003-03-11;M;Standard;4;0;360;Card;Dota 2;;1
SESS-15072;2026-08-31 09:33:56;USR-1145;2009-02-19;M;Standard;2;0;200;App;Valorant;;0
SESS-12860;2026-08-21 00:22:41;USR-1755;1987-02-06;M;Standard;8;960;800;App;Valorant;;0
SESS-15234;2026-08-16 13:46:56;USR-1199;1996-04-11;M;PS5;4;870;1000;Card;Browser/Work;;0
SESS-14206;2026-08-10 00:14:35;USR-1011;2002-09-04;F;Bootcamp;5;0;750;Card;Valorant;4.5;0
SESS-11926;2026-08-03 17:52:11;USR-1614;2009-02-25;M;Standard;2;0;200;;CS2;;0
SESS-13883;2026-08-29 14:53:37;USR-1577;2010-05-08;M;VIP;1;0;200;App;CS2;;0
SESS-10895;2026-08-08 08:56:46;USR-1400;2008-04-27;M;VIP;1;0;200;App;Minecraft;4.0;0
SESS-15012;2026-08-20 15:06:46;USR-1738;1999-03-01;M;VIP;3;510;600;App;Dota 2;;0
SESS-12410;2026-08-11 18:20:13;USR-1042;1992-11-01;M;Bootcamp;3;0;405;;Cyberpunk 2077;3.0;1
SESS-11089;2026-08-08 12:50:44;USR-1756;1993-04-03;F;Bootcamp;5;1680;675;Card;CS2;;1
SESS-10236;2026-08-20 18:25:52;USR-1088;2004-02-01;M;VIP;2;434;360;Card;GTA V;;1
SESS-12138;2026-08-08 19:55:07;USR-1120;2010-01-22;F;VIP;2;0;400;App;Minecraft;;0
SESS-11222;2026-08-30 14:35:19;USR-1507;2006-09-11;M;Bootcamp;3;882;405;App;CS2;3.0;1
SESS-14032;2026-08-31 22:00:21;USR-1043;2005-02-07;F;PS5;12;960;3000;Card;CS2;4.0;0
SESS-13558;2026-08-20 14:44:57;USR-1102;1998-08-23;M;VIP ;3;750;300;Card;Cyberpunk 2077;5.0;0
SESS-12530;2026-08-07 15:37:31;USR-1349;2008-06-16;M;Standard;4;0;360;App;Deadlock;;1
SESS-12640;2026-08-30 19:42:40;USR-1573;2002-05-24;M;Bootcamp;2;0;270;Card;Dota 2;;1
SESS-15249;2026-08-19 16:29:28;USR-1465;2005-12-02;M;PS5;3;480;750;Card;CS2;5.0;0
SESS-12838;2026-08-26 20:02:11;USR-1157;2009-01-09;M;Bootcamp;2;160;300;App;Valorant;;0
SESS-10443;2026-08-09 10:18:11;USR-1094;1994-08-05;M;PS5;3;1470;675;App;Browser/Work;4.5;1
SESS-14862;2026-08-23 15:38:19;USR-1560;2002-04-01;M;VIP;3;0;600;Card;CS2;;0
SESS-12907;2026-08-30 18:33:41;USR-1721;2011-02-09;M;VIP;2;0;400;Cash;Minecraft;;0
SESS-14509;2026-08-30 13:05:27;USR-1134;2000-09-06;M;VIP;3;1050;600;Card;PUBG;2.0;0
SESS-15548;2026-08-16 17:00:59;USR-1152;1992-08-26;M;VIP;2;540;400;App;CS2;;0
SESS-10978;2026-08-09 14:24:13;USR-1078;1995-02-26;M;Standard;4;1400;360;Card;PUBG;;1
SESS-11052;2026-08-28 14:44:58;USR-1143;2009-12-19;M;Standard;2;0;200;Cash;CS2;;0
SESS-14061;2026-08-01 21:46:04;USR-1532;2004-10-07;M;Bootcamp;12;2800;1620;App;Valorant;5.0;1
SESS-10522;2026-08-09 19:52:54;USR-1135;2006-08-02;M;Standard;2;320;200;App;Dota 2;;0
SESS-11353;2026-08-08 10:18:36;USR-1753;2001-11-16;M;Standard;4;640;400;Card;Deadlock;3.0;0
SESS-11725;2026-08-07 15:41:50;USR-1089;2009-09-24;M;VIP;8;640;1600;App;Valorant;4.5;0
SESS-14333;2026-08-01 22:36:41;USR-1023;2005-11-18;F;Bootcamp;3;390;450;Cash;CS2;;0
SESS-11204;2026-08-29 16:30:29;USR-1069;2004-11-11;M;Bootcamp;12;1456;1620;Card;Dota 2;4.0;1
SESS-14070;2026-08-30 16:10:25;USR-1097;2012-11-26;M;Standard;2;0;200;Cash;Dota 2;;0
SESS-15118;2026-08-13 09:35:28;USR-1795;1997-10-22;M;Standard;2;0;200;Card;Dota 2;1.0;0
SESS-12244;2026-08-11 14:08:47;USR-1155;2012-05-12;F;VIP;1;40;200;App;Valorant;;0
SESS-10666;2026-08-28 02:36:07;USR-1761;2011-11-20;F;VIP;3;0;540;App;CS2;3.0;1
SESS-13912;2026-08-01 12:51:23;USR-1030;2007-05-18;M;Standard;2;336;180;Card;Apex Legends;5.0;1
SESS-10260;2026-08-09 21:31:55;USR-1765;1998-09-01;M;VIP;1;378;180;Card;Cyberpunk 2077;4.0;1
SESS-13521;2026-08-15 21:22:21;USR-1470;2003-06-06;F;Bootcamp;2;0;300;Cash;CS2;;0
SESS-12966;2026-08-21 17:01:34;USR-1598;2000-04-03;M;PS5;4;1428;900;Card;CS2;;1
SESS-12504;2026-08-25 09:47:35;USR-1033;2003-12-13;M;Bootcamp;2;470;300;Card;CS2;;0
SESS-11009;2026-08-02 18:28:04;USR-1036;2011-02-07;M;Standard;2;80;200;App;Valorant;4.0;0
SESS-14341;2026-08-08 14:00:44;USR-1445;2005-01-26;M;Bootcamp;3;320;450;App;Valorant;;0
SESS-12122;2026-08-15 17:57:50;USR-1360;2011-04-03;M;Standard;3;0;270;App;CS2;;1
SESS-13317;2026-08-29 16:05:44;USR-1156;2008-07-22;M;Standard;3;240;300;Card;Dota 2;;0
SESS-11828;2026-08-28 13:58:22;USR-1583;2011-06-19;F;PS5;4;240;1000;App;CS2;;0
SESS-13119;2026-08-30 19:31:34;USR-1421;2011-06-05;M;Standard;3;0;300;App;Minecraft;;0
SESS-10194;2026-08-22 16:18:45;USR-1260;2006-01-17;M;Standard;3;0;300;App;Dota 2;;0
SESS-12938;2026-08-04 01:53:18;USR-1553;2011-06-07;F;Bootcamp;3;0;450;App;Minecraft;;0
SESS-14095;2026-08-04 07:01:45;USR-1047;2008-03-26;M;Bootcamp;4;560;600;Card;CS2;4.0;0
SESS-12091;2026-08-24 19:58:41;USR-1647;2009-05-01;M;Standard;5;0;500;Cash;Minecraft;;0
SESS-13001;2026-08-30 11:15:35;USR-1523;1988-03-23;M;PS5;4;1218;900;Card;Cyberpunk 2077;;1
SESS-14399;2026-08-26 12:34:41;USR-1065;2008-04-06;M;PS5;3;0;750;Card;CS2;4.0;0
SESS-13586;2026-08-26 01:45:34;USR-1404;2005-07-04;M;Bootcamp;12;0;1800;App;Valorant;;0
SESS-11289;2026-08-04 16:19:28;USR-1440;2001-01-19;M;PS5;4;448;900;Card;CS2;4.5;1
SESS-12591;2026-08-08 15:08:07;USR-1794;2005-02-26;M;Bootcamp;2;0;300;Card;Deadlock;;0
SESS-13080;2026-08-14 14:28:31;USR-1150;2004-07-09;F;Standard;3;360;300;Card;CS2;3.0;0
SESS-11309;2026-08-30 18:18:07;USR-1419;2006-01-02;F;Bootcamp;3;630;450;Card;Dota 2;;0
SESS-14810;2026-08-12 20:56:41;USR-1108;1998-04-14;M;VIP;5;1050;1000;Card;Valorant;5.0;0
SESS-13907;2026-08-17 10:37:47;USR-1052;2007-09-02;M;Standard;3;0;270;Card;CS2;5.0;1
SESS-15366;2026-08-15 00:19:37;USR-1077;2003-08-14;M;VIP;8;0;1600;Card;Valorant;5.0;0
SESS-10435;2026-08-02 11:26:23;USR-1590;2004-02-12;M;Standard;1;120;100;App;CS2;5.0;0
SESS-14421;2026-08-29 10:02:23;USR-1494;2000-02-04;M;PS5;2;714;450;Cash;Valorant;5.0;1
SESS-11302;2026-08-30 10:49:04;USR-1507;2006-09-11;M;VIP;2;390;400;App;Deadlock;;0
SESS-10319;2026-08-25 16:32:04;USR-1394;2002-10-23;F;Bootcamp;5;0;750;App;Valorant;4.5;0
SESS-15016;2026-08-13 12:05:55;USR-1039;2005-04-25;M;PS5;3;503;675;Card;CS2;5.0;1
SESS-15142;2026-08-20 20:16:15;USR-1589;2011-10-19;M;Bootcamp;1;0;150;App;Minecraft;;0
SESS-12070;2026-08-28 07:34:10;USR-1676;2009-05-02;M;VIP;4;0;800;App;Minecraft;5.0;0
SESS-13419;2026-08-06 21:59:51;USR-1032;2007-01-28;M;VIP;5;0;1000;App;CS2;;0
SESS-12998;2026-08-17 23:34:06;USR-1229;2000-05-06;M;Standard;8;1440;800;Card;Cyberpunk 2077;4.5;0
SESS-13293;2026-08-04 18:37:17;USR-1184;2003-09-09;M;Standard;3;480;300;Card;Dota 2;;0
SESS-12610;2026-08-09 12:44:13;USR-1125;2011-08-05;M;Standard;3;0;300;Card;Dota 2;4.0;0
SESS-13057;2026-08-19 20:08:02;USR-1103;2010-04-23;M;Bootcamp;2;120;300;Card;Minecraft;;0
SESS-13124;2026-08-16 13:35:50;USR-1248;2004-09-25;M;Standard;3;0;270;App;CS2;;1
SESS-15293;2026-08-17 00:03:26;USR-1633;2003-05-05;M;Standard;8;960;800;Card;CS2;5.0;0
SESS-13484;2026-08-09 18:41:11;USR-1737;2011-01-14;M;Standard;2;0;200;App;CS2;;0
SESS-11034;2026-08-23 02:41:52;USR-1145;2009-02-19;M;Bootcamp;3;0;450;Card;Minecraft;3.0;0
SESS-10386;2026-08-01 15:24:41;USR-1477;2012-06-15;M;Standard;1;0;100;Card;Dota 2;;0
SESS-10297;2026-08-01 14:38:34;USR-1570;2001-06-16;M;PS5;2;0;500;App;CS2;;0
SESS-15275;2026-08-28 18:10:05;USR-1272;2002-12-08;M;Bootcamp;2;0;300;App;CS2;3.0;0
SESS-13232;2026-08-19 15:38:53;USR-1729;2011-08-11;M;Standard;2;0;200;Card;Valorant;;0
SESS-11482;2026-08-05 15:19:34;USR-1014;2012-10-25;M;Standard;1;0;100;App;Valorant;3.0;0
SESS-10621;2026-08-30 13:36:25;USR-1029;1994-12-27;M;VIP;1;270;200;Card;CS2;;0
SESS-12974;2026-08-19 17:29:47;USR-1024;2006-10-08;M;Standard;4;0;400;Cash;Deadlock;;0
SESS-13576;2026-08-13 12:58:13;USR-1239;2011-01-28;M;VIP;2;0;400;App;Dota 2;4.5;0
SESS-11049;2026-08-07 15:14:03;USR-1680;2007-04-03;M;PS5;1;0;250;Card;CS2;4.5;0
SESS-10050;2026-08-14 14:07:09;USR-1071;2007-09-18;F;Standard;3;240;300;Cash;CS2;4.0;0
SESS-14977;2026-08-02 12:07:51;USR-1217;2003-03-18;M;Standard;2;240;200;App;Dota 2;;0
SESS-10072;2026-08-02 18:09:52;USR-1087;2002-08-16;F;Standard;2;0;200;Card;Dota 2;;0
SESS-13760;2026-08-08 19:06:03;USR-1139;2004-06-17;M;Standard;1;0;100;Cash;Deadlock;;0
SESS-11781;2026-08-29 16:33:02;USR-1116;2006-02-02;M;Bootcamp;5;680;750;Card;Minecraft;4.0;0
SESS-11477;2026-08-22 18:31:02;USR-1652;2011-12-25;M;Standard;2;120;200;App;Valorant;5.0;0
SESS-11823;2026-08-15 15:55:38;USR-1452;2007-02-14;M;VIP;2;240;400;App;PUBG;;0
SESS-14955;2026-08-13 00:15:08;USR-1084;2009-10-18;M;Standard;3;180;300;Card;CS2;;0
SESS-11986;2026-08-13 18:37:50;USR-1340;2011-07-19;M;Standard;2;0;200;Cash;Dota 2;;0
SESS-15347;2026-08-03 17:16:03;USR-1761;2011-11-20;F;Standard;4;0;360;Cash;Dota 2;5.0;1
SESS-13445;2026-08-24 18:25:59;USR-1168;2001-03-23;F;VIP;2;320;400;Cash;Minecraft;;0
SESS-14187;2026-08-23 14:29:50;USR-1578;2011-02-07;M;Standard;1;40;100;App;Minecraft;3.0;0
SESS-14890;2026-08-13 18:52:09;USR-1014;2012-10-25;M;Standard;4;160;400;Card;Dota 2;;0
SESS-12007;2026-08-05 20:28:57;USR-1565;2002-01-03;M;PS5;8;960;2000;Card;CS2;4.5;0
SESS-11812;2026-08-23 03:33:23;USR-1788;2007-05-14;M;VIP;1;0;200;Card;Dota 2;4.5;0
SESS-15328;2026-08-27 19:44:17;USR-1445;2005-01-26;M;Standard;3;672;270;Card;CS2;;1
SESS-10251;2026-08-23 17:37:29;USR-1012;2003-04-12;F;PS5;8;0;2000;Card;CS2;4.5;0
SESS-14048;2026-08-08 20:50:43;USR-1024;2006-10-08;M;Standard;2;160;200;Card;Valorant;;0
SESS-14386;2026-08-14 14:55:17;USR-1084;2009-10-18;M;Bootcamp;2;0;300;Cash;Minecraft;;0
SESS-13157;2026-08-05 21:58:09;USR-1377;2012-01-12;F;Standard;2;0;200;Card;Dota 2;;0
SESS-10628;2026-08-13 02:52:22;USR-1103;2010-04-23;M;Bootcamp;1;0;150;Card;CS2;5.0;0
SESS-11280;2026-08-21 16:38:15;USR-1426;2003-03-18;F;Standard;3;0;300;App;CS2;;0
SESS-12512;2026-08-26 19:20:09;USR-1414;2004-08-12;M;Bootcamp;1;0;150;Card;Valorant;5.0;0
SESS-10067;2026-08-06 16:18:52;USR-1019;1998-11-10;M;Standard;4;0;400;Card;PUBG;1.0;0
SESS-14201;2026-08-15 15:04:27;USR-1216;1990-03-19;M;Bootcamp;4;0;600;Card;CS2;;0
SESS-12782;2026-08-21 23:04:16;USR-1088;2004-02-01;M;Standard;2;0;200;App;Dota 2;;0
SESS-14960;2026-08-14 11:26:59;USR-1313;1995-12-07;M;PS5;1;270;250;Card;PUBG;;0
SESS-14325;2026-08-28 16:12:23;USR-1153;2003-01-20;M;VIP;8;1040;1600;App;PUBG;2.0;0
SESS-10936;2026-08-17 15:22:59;USR-1204;2005-10-04;F; Bootcamp ;4;448;360;Card;Dota 2;4.5;1
SESS-13298;2026-08-21 22:53:33;USR-1090;2010-09-06;M;Standard;12;1007;1080;Card;Minecraft;4.0;1
SESS-12066;2026-08-06 17:33:55;USR-1520;1994-04-01;M;Bootcamp;12;2310;1800;App;CS2;4.5;0
SESS-13400;2026-08-31 14:44:12;USR-1018;2004-09-15;M;Bootcamp;1;0;150;Card;Apex Legends;3.0;0
SESS-12768;2026-08-01 18:05:08;USR-1268;2006-06-13;M;Standard;2;0;180;Card;Dota 2;;1
SESS-10000;2026-08-28 08:45:06;USR-1115;2011-04-23;M;Standard;1;60;100;Card;Dota 2;4.5;0
SESS-10361;2026-08-22 15:53:44;USR-1076;2006-09-12;M;Standard;12;1440;1200;Card;Apex Legends;4.0;0
SESS-14820;2026-08-22 19:58:50;USR-1112;2010-12-09;M;Bootcamp;12;0;1800;Cash;Minecraft;4.5;0
SESS-12470;2026-08-22 17:13:57;USR-1107;1996-01-10;F;Standard;2;0;200;Card;CS2;2.0;0
SESS-14563;2026-08-27 23:12:22;USR-1410;2010-04-11;M;Standard;3;120;300;Cash;CS2;;0
SESS-12369;2026-08-25 19:46:35;USR-1312;2007-12-10;M;Bootcamp;3;0;405;Cash;Valorant;;1
SESS-10325;2026-08-21 21:15:43;USR-1692;2008-03-01;M;Bootcamp;1;160;150;Card;CS2;4.0;0
SESS-14683;2026-08-18 15:22:13;USR-1301;2010-06-17;M;Bootcamp;1;40;150;App;CS2;;0
SESS-13763;2026-08-14 16:14:09;USR-1144;2001-08-15;M;PS5;3;672;675;Card;CS2;4.5;1
SESS-11884;2026-08-01 15:07:47;USR-1184;2003-09-09;M;Standard;2;0;200;App;Deadlock;;0
SESS-10641;2026-08-01 21:47:31;USR-1112;2010-12-09;M;Bootcamp;1;0;135;App;Minecraft;;1
SESS-10545;2026-08-01 08:17:39;USR-1041;2008-02-09;M;PS5;4;448;900;Card;Valorant;5.0;1
SESS-13590;2026-08-14 19:32:11;USR-1244;2005-10-01;M;Standard;2;0;200;App;Dota 2;4.5;0
SESS-13220;2026-08-02 18:50:25;USR-1430;2005-08-26;M;VIP;2;400;400;App;Valorant;;0
SESS-13107;2026-08-24 02:51:14;USR-1303;2011-10-12;M;Standard;1;60;100;Cash;Minecraft;4.0;0
SESS-10541;2026-08-23 16:57:03;USR-1799;2004-04-02;M;Bootcamp;3;0;450;App;CS2;;0
SESS-15500;2026-08-21 18:35:26;USR-1094;1994-08-05;M;Standard;3;0;300;App;Dota 2;;0
SESS-11374;2026-08-15 10:23:32;USR-1223;2011-08-15;M;Bootcamp;3;0;450;App;Minecraft;4.0;0
SESS-15302;2026-08-12 21:08:41;USR-1010;2005-03-05;M;Standard;2;240;200;App;CS2;2.0;0
SESS-13277;2026-08-02 17:56:40;USR-1149;1994-08-11;M;Standard;8;2015;720;App;GTA V;4.5;1
SESS-14946;2026-08-07 19:44:22;USR-1695;1999-11-07;M;PS5;3;0;750;Cash;Dota 2;3.0;0
SESS-13518;2026-08-12 16:22:00;USR-1560;2002-04-01;M;VIP;1;200;200;Card;CS2;;0
SESS-11435;2026-08-05 20:49:30;USR-1110;2004-06-14;M;Standard;4;448;360;App;CS2;;1
SESS-12985;2026-08-15 18:58:52;USR-1310;2011-02-12;M;Standard;4;0;400;Cash;Minecraft;4.5;0
SESS-11982;2026-08-30 12:51:43;USR-1300;2008-01-12;M;Standard;4;672;360;Card;Dota 2;;1
SESS-11196;2026-08-27 20:37:30;USR-1084;2009-10-18;M;Standard;2;0;200;Card;Valorant;5.0;0
SESS-10258;2026-08-21 08:43:14;USR-1772;2011-04-12;M;VIP;8;896;1440;Cash;Valorant;4.0;1
SESS-15268;2026-08-02 18:17:04;USR-1330;2005-05-26;M;VIP;1;200;200;Cash;Dota 2;;0
SESS-12439;2026-08-19 18:26:42;USR-1075;2006-09-21;F;Standard;3;480;300;Card;Valorant;3.0;0
SESS-12641;2026-08-03 14:22:40;USR-1119;2005-11-03;M;PS5;1;0;250;Card;Apex Legends;;0
SESS-11642;2026-08-15 15:35:23;USR-1099;2006-06-02;M;Bootcamp;1;0;150;App;Dota 2;;0
SESS-12036;2026-08-04 18:43:55;USR-1263;2010-11-13;M;VIP;2;0;400;Cash;CS2;5.0;0
SESS-12287;2026-08-25 11:56:34;USR-1139;2004-06-17;M;Standard;3;503;270;Card;Dota 2;;1
SESS-13766;2026-08-31 22:06:27;USR-1215;1990-02-04;M; standard ;8;2300;1200;Card;PUBG;4.5;0
SESS-12464;2026-08-13 20:23:30;USR-1423;2006-01-25;M;Bootcamp;4;0;600;Cash;Valorant;4.0;0
SESS-10751;2026-08-08 19:00:37;USR-1718;2010-06-15;M;Standard;3;251;270;Cash;Minecraft;;1
SESS-13533;2026-08-15 21:06:08;USR-1111;2012-11-21;M;Standard;2;0;200;App;GTA V;;0
SESS-11469;2026-08-01 14:50:12;USR-1500;2010-08-07;M;Standard;1;0;100;Cash;Minecraft;4.0;0
SESS-11397;2026-08-06 16:50:12;USR-1366;2009-08-04;F;VIP;4;0;800;App;CS2;4.5;0
SESS-10660;2026-08-05 05:38:13;USR-1432;1988-07-15;M;VIP;5;1959;900;Card;Browser/Work;4.5;1
SESS-12098;2026-08-14 16:44:00;USR-1649;2009-07-12;M;VIP;3;168;540;Card;Minecraft;4.0;1
SESS-15489;2026-08-31 15:26:52;USR-1230;2000-05-02;M;Standard;1;180;100;Card;CS2;;0
SESS-10265;2026-08-27 16:16:40;USR-1379;2006-07-16;M;Bootcamp;2;240;300;App;PUBG;;0
SESS-13009;2026-08-15 22:16:35;USR-1649;2009-07-12;M;VIP;12;0;2400;App;Minecraft;4.5;0
SESS-14587;2026-08-16 13:15:40;USR-1726;2006-09-21;M;Bootcamp;2;470;300;Card;CS2;;0
SESS-15506;2026-08-14 05:37:53;USR-1098;2005-09-18;Женский;VIP;2;0;400;Card;CS2;;0
SESS-15404;2026-08-07 21:38:34;USR-1043;2005-02-07;F;VIP;1;378;180;Card;CS2;4.5;1
SESS-10116;2026-08-22 09:10:03;USR-1437;2004-04-15;M;Standard;1;160;100;Card;Dota 2;;0
SESS-15577;2026-08-22 13:43:18;USR-1643;2007-06-26;M;Standard;8;1280;800;Card;CS2;4.0;0
SESS-12634;2026-08-23 09:21:55;USR-1661;2006-10-22;M;Standard;3;672;270;Card;CS2;;1
SESS-13012;2026-08-09 10:07:15;USR-1581;2001-09-25;F;Bootcamp;4;1106;540;Card;Apex Legends;;1
SESS-14246;2026-08-02 11:05:26;USR-1713;2004-05-14;M;Standard;2;0;200;Card;CS2;;0
SESS-14849;2026-08-30 21:25:05;USR-1376;2007-08-26;M;Standard;1;160;100;App;Dota 2;;0
SESS-13488;2026-08-28 12:45:21;USR-1209;2011-08-10;F;Bootcamp;2;0;300;Card;Minecraft;;0
SESS-14690;2026-08-09 14:24:25;USR-1152;1992-08-26;M;PS5;1;480;250;App;Dota 2;;0
SESS-13737;2026-08-19 18:03:23;USR-1082;2002-08-01;M;Standard;4;448;360;Card;Valorant;2.0;1
SESS-14097;2026-08-07 14:23:59;USR-1411;2006-02-22;M;Standard;3;0;270;App;Dota 2;;1
SESS-11443;2026-08-03 21:39:29;USR-1782;2010-10-05;M;Standard;4;0;360;App;Valorant;;1
SESS-15443;2026-08-09 23:38:43;USR-1088;2004-02-01;M;PS5;8;960;2000;Card;CS2;;0
SESS-14430;2026-08-26 18:00:54;USR-1040;1991-09-28;M;Standard;1;250;100;App;Dota 2;;0
SESS-12895;2026-08-25 22:03:17;USR-1258;2012-12-16;M;Standard;3;0;300;Cash;Minecraft;;0
SESS-14265;2026-08-22 14:46:02;USR-1129;1997-03-27;M;Standard;4;1007;360;;Dota 2;4.5;1
SESS-10112;2026-08-09 11:14:16;USR-1031;2009-11-16;M;Standard;2;0;200;Card;CS2;;0
SESS-15450;2026-08-19 15:22:32;USR-1799;2004-04-02;M;VIP;1;0;200;Card;CS2;;0
SESS-10791;2026-08-24 17:43:19;USR-1061;2005-08-26;F;PS5;2;0;500;Card;CS2;;0
SESS-11694;2026-08-19 15:08:36;USR-1255;2003-02-16;M;VIP;4;0;800;Card;CS2;5.0;0
SESS-11406;2026-08-15 10:33:44;USR-1290;2004-03-15;M;Standard;2;240;200;Card;CS2;;0
SESS-12376;2026-08-13 01:09:10;USR-1574;2006-01-26;F;Standard;5;0;500;Card;CS2;4.5;0
SESS-10603;2026-08-23 19:28:42;USR-1048;2012-07-10;F;Standard;4;0;400;App;Valorant;5.0;0
SESS-14783;2026-08-04 07:26:26;USR-1042;1992-11-01;M;Standard;4;1400;360;Card;CS2;4.5;1
SESS-10350;2026-08-09 18:21:04;USR-1205;2004-03-11;M;VIP;1;160;200;App;CS2;4.5;0
SESS-12419;2026-08-06 00:30:13;USR-1282;2000-05-06;M;VIP;5;1550;1000;Card;PUBG;4.0;0
SESS-11764;2026-08-14 01:36:52;USR-1587;2005-03-27;M;VIP;5;0;1000;Card;Deadlock;5.0;0
SESS-11873;2026-08-24 16:39:20;USR-1156;2008-07-22;M;VIP;2;0;400;Card;Dota 2;;0
SESS-10199;2026-08-11 16:28:29;USR-1131;2008-12-05;F;VIP;1;0;200;Card;CS2;4.5;0
SESS-15438;2026-08-15 16:49:25;USR-1022;2010-12-12;M;Standard;2;0;200;Cash;CS2;;0
SESS-14140;2026-08-06 17:43:22;USR-1083;2012-04-25;M;Standard;2;0;200;App;Valorant;;0
SESS-11041;2026-08-23 09:21:01;USR-1544;2011-12-09;F;Bootcamp;3;0;450;Card;Minecraft;4.0;0
SESS-10063;2026-08-16 19:27:40;USR-1366;2009-08-04;F;VIP;3;0;600;App;Minecraft;4.5;0
SESS-12040;2026-08-29 22:22:36;USR-1002;2001-09-28;F;PS5;12;0;2700;App;Dota 2;5.0;1
SESS-12901;2026-08-27 15:59:04;USR-1073;2001-05-02;M;Standard;3;0;270;App;Dota 2;;1
SESS-14343;2026-08-29 21:43:40;USR-1053;2003-11-22;M;Bootcamp;3;390;450;Card;Deadlock;;0
SESS-11630;2026-08-07 14:38:06;USR-1570;2001-06-16;M;VIP;2;0;400;App;Deadlock;5.0;0
SESS-12619;2026-08-29 18:12:36;USR-1314;1993-11-03;M;Standard;4;1007;360;Card;Dota 2;4.0;1
SESS-10280;2026-08-09 19:00:50;USR-1142;2010-09-26;M;Standard;1;0;100;Cash;Valorant;;0
SESS-15496;2026-08-12 17:17:48;USR-1529;2005-06-06;M;PS5;3;0;750;Card;Deadlock;;0
SESS-13837;2026-08-11 19:34:47;USR-1081;1997-07-08;M;Standard;4;720;400;Card;PUBG;;0
SESS-13396;2026-08-06 23:33:37;USR-1004;2010-05-15;F;VIP;8;640;1600;App;CS2;;0
SESS-14775;2026-08-31 04:27:13;USR-1379;2006-07-16;M;VIP;5;880;1000;Card;CS2;4.5;0
SESS-14177;2026-08-20 09:55:06;USR-1326;1999-02-11;M;VIP;2;660;400;Card;CS2;;0
SESS-11652;2026-08-16 17:35:00;USR-1028;2002-05-19;M;Bootcamp;1;230;150;Card;Dota 2;4.0;0
SESS-15033;2026-08-19 06:53:46;USR-1054;2010-09-08;M;Bootcamp;4;0;540;App;Deadlock;;1
SESS-12801;2026-08-29 19:54:13;USR-1342;1997-11-19;M;PS5;4;882;900;App;Cyberpunk 2077;4.0;1
SESS-14569;2026-08-15 14:40:16;USR-1018;2004-09-15;M;Bootcamp;4;1007;540;Card;CS2;4.5;1
SESS-11775;2026-08-15 12:48:28;USR-1150;2004-07-09;F;Standard;3;360;300;Card;CS2;;0
SESS-13429;2026-08-01 18:48:12;USR-1156;2008-07-22;M;VIP;1;270;200;App;Dota 2;;0
SESS-13304;2026-08-22 23:08:37;USR-1193;2007-07-17;F;Standard;8;1792;720;Card;Valorant;5.0;1
SESS-13621;2026-08-24 22:47:18;USR-1041;2008-02-09;M;Standard;2;0;200;App;CS2;;0
SESS-13937;2026-08-01 02:10:38;USR-1501;2005-05-15;M;VIP;4;560;800;App;CS2;5.0;0
SESS-10996;2026-08-16 15:17:12;USR-1704;2007-12-26;M;Standard;4;672;360;Card;Dota 2;3.0;1
SESS-11498;2026-08-25 16:46:50;USR-1219;1995-03-19;M;Standard;3;0;300;App;Dota 2;;0
SESS-12973;2026-08-30 13:01:33;USR-1700;2004-04-15;F;Bootcamp;3;0;450;App;PUBG;;0
SESS-11531;2026-08-13 18:15:46;USR-1028;2002-05-19;M;Standard;2;240;200;Card;Dota 2;;0
SESS-13534;2026-08-09 14:17:28;USR-1078;1995-02-26;M;PS5;2;650;500;Card;CS2;;0
SESS-13478;2026-08-20 20:11:31;USR-1431;2003-08-27;M;VIP;3;784;540;Card;CS2;;1
SESS-11576;2026-08-24 18:48:39;USR-1030;2007-05-18;M;Standard;3;0;300;App;CS2;2.0;0
SESS-11665;2026-08-10 12:39:30;USR-1713;2004-05-14;M;Bootcamp;2;0;300;Card;Minecraft;;0
SESS-14917;2026-08-04 18:45:00;USR-1666;2009-08-16;M;PS5;2;0;500;Cash;Minecraft;;0
SESS-11039;2026-08-25 11:14:11;USR-1749;2003-08-02;M;Standard;2;0;200;App;Dota 2;;0
SESS-11467;2026-08-12 07:44:32;USR-1447;2006-10-19;M;Bootcamp;2;390;300;Card;Valorant;4.0;0
SESS-14324;2026-08-03 18:22:52;USR-1548;1995-06-01;M;VIP;3;0;600;Card;Dota 2;4.5;0
SESS-13881;2026-08-27 21:12:41;USR-1097;2012-11-26;M;Standard;5;200;500;Cash;CS2;4.5;0
SESS-10407;2026-08-09 22:39:38;USR-1563;2006-04-06;M;Bootcamp;8;0;1200;Card;CS2;4.5;0
SESS-13555;2026-08-14 12:44:22;USR-1557;2003-09-27;M;Standard;1;0;100;Card;Dota 2;;0
SESS-11686;2026-08-21 18:55:10;USR-1620;2012-12-05;M;Standard;1;80;100;Card;CS2;;0
SESS-11919;2026-08-01 10:40:18;USR-1003;2004-05-26;M;Standard;3;480;300;App;Apex Legends;2.0;0
SESS-11885;2026-08-01 16:05:01;USR-1230;2000-05-02;M;ps5;1;330;200;App;Dota 2;;0
SESS-13321;2026-08-11 18:48:27;USR-1655;1992-07-02;M;VIP;2;1120;360;Card;CS2;4.0;1
SESS-13973;2026-08-07 18:43:28;USR-1443;2007-09-13;M;PS5;2;240;500;Card;Deadlock;;0
SESS-13344;2026-08-01 22:06:42;USR-1699;1991-01-24;M;PS5;8;1110;2000;App;Cyberpunk 2077;5.0;0
SESS-11078;2026-08-22 11:59:17;USR-1688;1994-08-10;M;PS5;3;1470;675;Card;Dota 2;4.5;1
SESS-13058;2026-08-25 18:19:52;USR-1158;2006-01-06;M;Standard;5;800;500;App;CS2;3.0;0
SESS-14505;2026-08-21 16:47:41;USR-1452;2007-02-14;M;Bootcamp;2;0;300;App;CS2;;0
SESS-10183;2026-08-03 11:07:45;USR-1392;1993-02-27;M;PS5;5;1959;1125;Card;Cyberpunk 2077;;1
SESS-14951;2026-08-22 01:44:26;USR-1015;2006-01-06;M;Bootcamp;8;1430;1200;Card;CS2;4.0;0
SESS-10272;2026-08-08 12:02:42;USR-1069;2004-11-11;M;VIP;4;0;800;Cash;Valorant;;0
SESS-11292;2026-08-15 06:39:34;USR-1707;2009-07-16;F;PS5;3;180;750;App;GTA V;;0
SESS-10650;2026-08-09 15:51:30;USR-1158;2006-01-06;M;PS5;1;0;250;Card;Dota 2;;0
SESS-12691;2026-08-29 19:04:49;USR-1091;2006-06-21;M;Standard;2;320;200;Cash;CS2;;0
SESS-15005;2026-08-30 20:12:59;USR-1515;2006-06-06;M;Standard;3;0;300;Cash;GTA V;5.0;0
SESS-10117;2026-08-01 16:21:22;USR-1636;2009-02-18;M;Bootcamp;3;0;450;App;GTA V;4.0;0
SESS-11557;2026-08-25 22:07:35;USR-1333;2011-09-03;M;Bootcamp;12;0;1620;App;CS2;4.0;1
SESS-15335;2026-08-22 18:16:25;USR-1796;2006-08-10;M;Bootcamp;3;0;450;App;CS2;;0
SESS-12363;2026-08-15 21:29:20;USR-1003;2004-05-26;M;Standard;5;800;500;Cash;Dota 2;4.5;0
SESS-10987;2026-08-07 16:13:05;USR-1004;2010-05-15;F;Standard;2;80;200;App;Minecraft;4.0;0
SESS-11847;2026-08-03 23:46:29;USR-1252;2006-10-25;M;Standard;12;0;1200;Card;Dota 2;3.0;0
SESS-12502;2026-08-19 00:55:29;USR-1043;2005-02-07;F;Standard;8;960;800;Card;CS2;4.0;0
SESS-13180;2026-08-13 19:36:33;USR-1218;1995-08-10;M;Standard;3;750;300;Card;CS2;3.0;0
SESS-10237;2026-08-18 19:16:57;USR-1058;2012-06-28;M;Bootcamp;3;168;405;App;Valorant;5.0;1
SESS-13919;2026-08-28 21:25:22;USR-1436;2007-05-13;M;Bootcamp;3;390;450;Card;Dota 2;;0
SESS-12362;2026-08-15 03:12:59;USR-1497;2009-02-08;M;Standard;2;0;200;Cash;CS2;;0
SESS-13307;2026-08-20 16:03:01;USR-1571;2012-11-11;M;VIP;1;60;200;App;Valorant;;0
SESS-11674;2026-08-22 18:10:47;USR-1131;2008-12-05;F;Standard;12;1440;1200;App;Valorant;3.0;0
SESS-14549;2026-08-25 14:40:32;USR-1749;2003-08-02;M;Standard;1;0;100;App;Valorant;;0
SESS-14532;2026-08-28 00:11:30;USR-1576;2006-06-25;M;VIP;5;0;1000;App;Valorant;;0
SESS-10736;2026-08-28 13:29:49;USR-1387;2004-02-28;M;Standard;2;320;200;Card;Valorant;4.5;0
SESS-13646;2026-08-07 17:30:13;USR-1072;2012-08-16;M;Standard;3;0;300;Card;Minecraft;;0
SESS-12343;2026-08-16 22:04:12;USR-1654;2006-11-15;M;Bootcamp;12;0;1800;Card;Dota 2;;0
SESS-11081;2026-08-27 21:46:05;USR-1726;2006-09-21;M;Standard;2;0;200;Card;Valorant;;0
SESS-14753;2026-08-14 10:40:12;USR-1414;2004-08-12;M;Bootcamp;1;336;135;Card;Dota 2;;1
SESS-13641;2026-08-21 13:05:33;USR-1286;2012-07-21;M;Standard;2;0;200;Cash;Minecraft;2.0;0
SESS-15097;2026-08-29 10:46:54;USR-1206;2008-11-13;M;VIP;1;270;200;App;CS2;;0
SESS-12394;2026-08-15 20:54:23;USR-1599;2005-04-17;M;Bootcamp;1;230;150;Card;Dota 2;4.5;0
SESS-10371;2026-08-10 14:39:35;USR-1069;2004-11-11;M;Standard;3;240;300;Card;GTA V;;0
SESS-15574;2026-08-09 21:55:37;USR-1698;2008-06-25;M;Standard;1;0;100;Card;Dota 2;;0
SESS-10921;2026-08-26 20:50:34;USR-1250;2007-05-17;M;Standard;2;0;180;App;Apex Legends;;1
SESS-13154;2026-08-12 19:11:36;USR-1762;2011-12-05;M;Standard;1;60;100;App;Dota 2;;0
SESS-13359;2026-08-02 10:23:47;USR-1245;2006-12-12;M;Bootcamp;2;434;270;Card;CS2;4.0;1
SESS-14012;2026-08-27 18:54:04;USR-1466;2000-02-05;M;PS5;3;840;750;Card;Dota 2;4.0;0
SESS-12434;2026-08-28 15:45:32;USR-1515;2006-06-06;M;VIP;3;0;600;Card;CS2;;0
SESS-13522;2026-08-06 16:50:10;USR-1077;2003-08-14;M;Standard;3;480;300;App;CS2;;0
SESS-11233;2026-08-07 18:01:09;USR-1776;2009-02-12;M;Standard;4;160;400;Cash;Minecraft;4.0;0
SESS-14722;2026-08-30 11:10:00;USR-1560;2002-04-01;M;Bootcamp;2;0;300;App;Dota 2;;0
SESS-15219;2026-08-14 18:47:11;USR-1374;2004-09-22;M;Bootcamp;3;0;405;Card;Deadlock;;1
SESS-11600;2026-08-14 21:47:58;USR-1784;1998-01-05;M;PS5;8;0;2000;Card;CS2;4.5;0
SESS-13201;2026-08-23 11:26:11;USR-1366;2009-08-04;F;Standard;2;160;200;App;Deadlock;;0
SESS-10573;2026-08-02 14:53:08;USR-1129;1997-03-27;M;Standard;1;0;100;Card;Valorant;;0
SESS-12694;2026-08-14 15:02:15;USR-1016;2002-04-03;M;Bootcamp;5;0;675;Card;CS2;4.5;1
SESS-10217;2026-08-25 15:17:22;USR-1775;1997-08-15;F;Standard;3;360;300;Card;Cyberpunk 2077;4.0;0
SESS-11895;2026-08-04 16:49:08;USR-1136;2010-11-02;M;Standard;3;0;270;Cash;Dota 2;3.0;1
SESS-10147;2026-08-25 17:48:45;USR-1103;2010-04-23;M;Standard;2;0;200;App;CS2;;0
SESS-11191;2026-08-14 16:27:43;USR-1004;2010-05-15;F;Standard;2;80;200;Cash;CS2;;0
SESS-14522;2026-08-11 10:42:21;USR-1328;1997-09-01;M;Standard;3;503;270;Cash;PUBG;4.0;1
SESS-14293;2026-08-08 13:50:56;USR-1213;2008-08-22;M;VIP;1;240;200;Card;CS2;;0
SESS-11601;2026-08-01 18:03:08;USR-1108;1998-04-14;M;Bootcamp;4;1819;540;Card;PUBG;5.0;1
SESS-12474;2026-08-08 18:12:04;USR-1593;2002-08-20;M;Standard;2;0;200;Card;Deadlock;4.0;0
SESS-12009;2026-08-25 01:56:08;USR-1073;2001-05-02;M;Bootcamp;8;2001;1080;Card;GTA V;4.5;1
SESS-15535;2026-08-01 18:52:13;USR-1093;2005-01-04;F;PS5;1;160;250;Card;CS2;;0
SESS-10102;2026-08-09 13:54:08;USR-1665;2010-07-22;M;Standard;3;0;300;App;CS2;5.0;0
SESS-14009;2026-08-30 17:19:59;USR-1577;2010-05-08;M;Standard;2;0;200;App;Dota 2;;0
SESS-14111;2026-08-14 20:53:42;USR-1751;2009-04-16;M;Standard;3;0;300;Cash;Dota 2;;0
SESS-13696;2026-08-08 17:27:03;USR-1222;2005-09-10;M;Bootcamp;3;0;450;Card;CS2;;0
SESS-12089;2026-08-29 17:32:18;USR-1248;2004-09-25;M;Standard;2;240;200;Card;Valorant;;0
SESS-14360;2026-08-09 22:44:16;USR-1019;1998-11-10;M;PS5;5;1400;1250;Card;PUBG;;0
SESS-13707;2026-08-18 00:02:58;USR-1038;2003-03-11;M;Standard;8;640;800;Card;CS2;4.0;0
SESS-15011;2026-08-09 21:18:12;USR-1014;2012-10-25;M;Bootcamp;2;0;300;Cash;CS2;;0
SESS-13450;2026-08-31 12:25:24;USR-1779;2007-02-20;M;Standard;1;0;100;App;Dota 2;;0
SESS-13918;2026-08-15 17:28:21;USR-1354;2010-03-22;M;Standard;3;0;300;Card;CS2;4.0;0
SESS-10271;2026-08-17 18:26:11;USR-1413;2005-03-08;M;VIP;4;0;800;Card;Valorant;5.0;0
SESS-13361;2026-08-28 21:59:41;USR-1543;2010-02-28;M;Standard;1;0;100;Card;CS2;;0
SESS-12406;2026-08-26 16:28:40;USR-1196;2012-04-26;M;Standard;3;0;300;App;CS2;;0
SESS-14714;2026-08-26 21:09:11;USR-1071;2007-09-18;F;Standard;2;0;200;App;Deadlock;1.0;0
SESS-11551;2026-08-08 13:08:16;USR-1148;2008-04-10;F;Bootcamp;2;0;300;Cash;Deadlock;;0
SESS-13324;2026-08-19 08:04:57;USR-1487;1996-10-08;M;PS5;5;1050;1125;Card;CS2;4.5;1
SESS-14191;2026-08-26 15:44:59;USR-1109;2006-11-25;M;Standard;3;0;300;Card;Deadlock;;0
SESS-15305;2026-08-09 11:55:04;USR-1128;1997-08-27;M;PS5;2;390;500;Card;CS2;;0
SESS-11497;2026-08-20 20:01:06;USR-1762;2011-12-05;M;Standard;3;0;270;App;GTA V;4.5;1
SESS-15442;2026-08-23 21:59:31;USR-1447;2006-10-19;M;Standard;4;0;400;App;Deadlock;;0
SESS-11829;2026-08-26 18:46:20;USR-1284;1993-11-23;F;Standard;3;360;300;Card;CS2;4.0;0
SESS-12815;2026-08-22 13:02:01;USR-1405;2010-10-14;M;VIP;2;0;400;App;CS2;;0
SESS-13745;2026-08-09 21:39:26;USR-1151;1996-03-26;M;VIP;3;690;600;Card;CS2;;0
SESS-10599;2026-08-28 14:22:49;USR-1066;2005-04-09;M;Standard;1;168;90;Card;CS2;4.0;1
SESS-14869;2026-08-10 14:25:42;USR-1782;2010-10-05;M;Standard;2;0;200;Card;Minecraft;;0
SESS-11410;2026-08-15 15:27:15;USR-1762;2011-12-05;M;Standard;3;180;300;Cash;Minecraft;4.5;0
SESS-11259;2026-08-02 19:07:45;USR-1073;2001-05-02;M;Standard;4;672;360;App;CS2;4.0;1
SESS-11727;2026-08-08 21:51:08;USR-1497;2009-02-08;M;PS5;3;0;750;Cash;Valorant;;0
SESS-13059;2026-08-23 17:11:05;USR-1600;2006-05-25;F;PS5;3;672;675;Card;CS2;;1
SESS-14889;2026-08-09 21:46:53;USR-1331;2008-02-26;M;Standard;3;336;270;Card;CS2;5.0;1
SESS-10455;2026-08-06 20:49:20;USR-1458;2003-08-27;M;VIP;5;1330;900;Card;Valorant;4.0;1
SESS-14285;2026-08-18 20:06:22;USR-1067;2003-06-11;F;Standard;1;80;100;App;Valorant;;0
SESS-10708;2026-08-10 22:15:35;USR-1659;2005-02-17;M;Standard;8;960;800;Card;CS2;;0
SESS-14403;2026-08-05 22:01:04;USR-1066;2005-04-09;M;Bootcamp;8;1360;1200;Card;Dota 2;4.0;0
SESS-11425;2026-08-13 18:09:35;USR-1074;2005-02-02;M;VIP;1;240;200;Card;Dota 2;;0
SESS-10796;2026-08-16 01:57:43;USR-1005;1998-09-23;M;Standard;5;900;500;Card;Deadlock;;0
SESS-11421;2026-08-26 14:51:28;USR-1194;1994-01-24;M;VIP;1;480;200;Card;Browser/Work;;0
SESS-14197;2026-08-01 13:54:25;USR-1388;1988-09-23;M;VIP;1;400;200;Card;Cyberpunk 2077;5.0;0
SESS-14744;2026-08-29 15:45:43;USR-1033;2003-12-13;M;Standard;2;224;180;Card;Valorant;3.0;1
SESS-11352;2026-08-31 03:07:30;USR-1264;1992-11-21;M;Standard;2;360;200;Card;Cyberpunk 2077;;0
SESS-14132;2026-08-16 17:44:16;USR-1121;2011-01-17;M;Standard;2;0;200;Cash;CS2;;0
SESS-11965;2026-08-15 11:46:27;USR-1057;2005-07-28;M;Standard;2;320;200;Card;Dota 2;;0
SESS-10519;2026-08-30 17:17:19;USR-1735;2012-06-01;M;Standard;3;240;300;App;CS2;;0
SESS-12906;2026-08-07 15:14:30;USR-1400;2008-04-27;M;VIP;2;0;400;Card;Dota 2;5.0;0
SESS-11700;2026-08-12 22:41:05;USR-1035;2005-10-21;M;Bootcamp;12;1554;1620;Card;Deadlock;4.0;1
SESS-12288;2026-08-28 13:13:30;USR-1035;2005-10-21;M;Bootcamp;2;400;300;Card;CS2;;0
SESS-12437;2026-08-19 19:27:20;USR-1053;2003-11-22;M;Bootcamp;4;784;540;Cash;CS2;;1
SESS-10284;2026-08-30 17:36:56;USR-1135;2006-08-02;M;VIP;2;336;360;Card;Valorant;4.5;1
SESS-11804;2026-08-12 18:30:00;USR-1147;2002-10-26;M;VIP;12;2226;2160;Card;CS2;4.0;1
SESS-13991;2026-08-29 18:10:45;USR-1100;2006-07-26;F;VIP;4;470;800;Card;CS2;4.0;0
SESS-14764;2026-08-02 14:52:01;USR-1084;2009-10-18;M;Bootcamp;1;0;150;Cash;Minecraft;;0
SESS-10143;2026-08-08 23:51:50;USR-1485;2007-07-02;F;Standard;8;0;800;App;Valorant;;0
SESS-13836;2026-08-20 22:57:23;USR-1476;2007-08-10;M;VIP;5;680;1000;Cash;Valorant;4.0;0
SESS-14967;2026-08-07 19:07:55;USR-1435;1991-09-22;M;PS5;2;390;500;Card;Dota 2;;0
SESS-10844;2026-08-10 16:19:57;USR-1023;2005-11-18;F;Standard;4;448;360;Card;Dota 2;;1
SESS-10019;2026-08-06 16:38:31;USR-1062;2008-06-27;F;Standard;4;0;360;Cash;Valorant;;1
SESS-13995;2026-08-24 17:33:26;USR-1347;2007-03-25;M;PS5;4;480;1000;App;CS2;;0
SESS-13877;2026-08-26 22:47:18;USR-1098;2005-09-18;F;VIP;5;672;900;Card;Dota 2;4.0;1
SESS-15044;2026-08-04 19:07:57;USR-1214;2010-04-09;M;PS5;3;0;675;Cash;CS2;;1
SESS-12631;2026-08-11 19:06:25;USR-1048;2012-07-10;F;Standard;3;0;300;App;Minecraft;;0
SESS-12110;2026-08-22 22:10:20;USR-1488;2004-11-20;M;Standard;2;0;200;App;Deadlock;;0
SESS-10616;2026-08-25 19:08:38;USR-1695;1999-11-07;M;VIP;1;0;200;Card;CS2;5.0;0
SESS-10622;2026-08-08 19:27:46;USR-1073;2001-05-02;M;Standard;4;672;360;Card;Dota 2;5.0;1
SESS-14564;2026-08-30 13:35:29;USR-1010;2005-03-05;M;Bootcamp;2;470;300;Card;CS2;;0
SESS-12374;2026-08-29 23:12:42;USR-1542;2006-08-20;M;Standard;5;0;500;Card;CS2;3.0;0
SESS-12112;2026-08-27 17:49:09;USR-1224;2003-10-13;M;Standard;1;168;90;Card;Dota 2;;1
SESS-12187;2026-08-18 18:31:52;USR-1511;2008-10-14;M;VIP;2;310;400;Card;Apex Legends;5.0;0
SESS-14845;2026-08-26 12:32:21;USR-1723;1998-09-16;M;Standard;2;240;200;Card;Cyberpunk 2077;;0
SESS-10268;2026-08-18 16:01:16;USR-1014;2012-10-25;M;Standard;3;0;270;Card;Apex Legends;5.0;1
SESS-10463;2026-08-02 16:50:28;USR-1682;2009-01-13;M;Standard;2;0;200;App;CS2;;0
SESS-12628;2026-08-28 02:15:11;USR-1111;2012-11-21;M;Standard;2;0;200;Cash;CS2;;0
SESS-12160;2026-08-19 14:35:38;USR-1157;2009-01-09;M;Standard;1;0;100;Card;Valorant;;0
SESS-12910;2026-08-22 18:12:11;USR-1071;2007-09-18;F;VIP;5;0;900;Card;Dota 2;;1
SESS-10188;2026-08-17 15:26:08;USR-1044;2006-08-14;F;PS5;2;0;500;App;CS2;3.0;0
SESS-11037;2026-08-11 19:15:28;USR-1329;2002-01-06;F;Standard;2;240;200;Cash;Apex Legends;;0
SESS-15093;2026-08-07 13:44:00;USR-1651;2010-03-25;M;Standard;2;80;200;App;Dota 2;4.5;0
SESS-14562;2026-08-06 15:10:35;USR-1121;2011-01-17;M;Standard;5;400;500;Card;Valorant;4.5;0
SESS-13738;2026-08-14 15:05:46;USR-1034;2011-05-20;F;Bootcamp;12;0;1800;Card;Minecraft;3.0;0
SESS-13660;2026-08-04 01:56:57;USR-1136;2010-11-02;M;Standard;8;896;720;App;CS2;;1
SESS-10397;2026-08-30 09:14:09;USR-1137;2007-12-19;M;Standard;2;240;200;Cash;PUBG;;0
SESS-12610;2026-08-09 12:44:13;USR-1125;2011-08-05;M;Standard;3;0;300;Card;Dota 2;4.0;0
SESS-12270;2026-08-23 16:05:08;USR-1693;2010-07-19;F;Standard;3;168;270;App;Dota 2;;1
SESS-12154;2026-08-10 14:10:07;USR-1356;2011-11-27;F;PS5;2;0;500;App;Dota 2;5.0;0
SESS-13935;2026-08-09 09:53:59;USR-1695;1999-11-07;M;VIP;1;480;200;Card;CS2;;0
SESS-12709;2026-08-18 21:09:13;USR-1076;2006-09-12;M;Standard;2;0;200;App;Valorant;;0
SESS-11717;2026-08-27 23:12:42;USR-1575;2009-09-25;M;VIP;8;480;1600;Cash;CS2;4.5;0
SESS-14202;2026-08-09 11:44:38;USR-1073;2001-05-02;M;PS5;1;160;250;Card;CS2;;0
SESS-12754;2026-08-02 09:36:50;USR-1020;2010-04-19;M;VIP;3;0;600;App;CS2;4.5;0
SESS-11245;2026-08-20 19:14:55;USR-1009;2001-06-04;M;Bootcamp;4;0;540;Card;Dota 2;;1
SESS-14796;2026-08-30 16:23:36;USR-1449;2011-12-11;M;VIP;3;0;600;App;Minecraft;;0
SESS-13175;2026-08-07 16:57:40;USR-1632;2002-12-09;M;Standard;4;320;400;App;Valorant;3.0;0
SESS-12405;2026-08-30 22:43:17;USR-1106;2008-02-13;M;PS5;8;0;2000;Card;Minecraft;;0
SESS-11126;2026-08-13 18:26:42;USR-1125;2011-08-05;M;Bootcamp;5;560;675;App;Deadlock;;1
SESS-11417;2026-08-09 11:52:49;USR-1422;2003-07-09;M;Bootcamp;3;0;450;App;Valorant;;0
SESS-11183;2026-08-08 18:14:45;USR-1259;2011-03-07;M;Standard;2;0;200;Card;CS2;4.5;0
SESS-13718;2026-08-21 18:25:14;USR-1581;2001-09-25;F;Standard;3;240;300;Card;CS2;1.0;0
SESS-13532;2026-08-08 20:50:55;USR-1075;2006-09-21;F;Standard;2;0;200;Cash;GTA V;;0
SESS-13309;2026-08-02 13:03:41;USR-1157;2009-01-09;Мужской;Standard;4;0;400;App;Apex Legends;3.0;0
SESS-12047;2026-08-26 17:01:21;USR-1148;2008-04-10;F;Standard;2;320;200;App;Valorant;;0
SESS-11836;2026-08-27 11:58:29;USR-1451;2009-08-25;M;Standard;3;180;300;Card;Dota 2;4.5;0
SESS-12486;2026-08-22 01:57:55;USR-1073;2001-05-02;M;Standard;5;400;500;Card;CS2;;0
SESS-12158;2026-08-07 18:54:15;USR-1798;2003-03-07;M;Standard;3;336;270;Card;Valorant;4.5;1
SESS-14257;2026-08-30 13:52:57;USR-1196;2012-04-26;M;Bootcamp;3;0;450;Card;Valorant;;0
SESS-13121;2026-08-06 21:41:06;USR-1049;2008-01-16;F;Bootcamp;12;1554;1620;Card;Dota 2;;1
SESS-10963;2026-08-20 22:44:04;USR-1043;2005-02-07;F;Bootcamp;8;1040;1200;Card;Minecraft;3.0;0
SESS-12023;2026-08-05 13:55:08;USR-1123;2012-08-03;F;Standard;1;0;100;App;Valorant;4.0;0
SESS-12680;2026-08-24 23:15:17;USR-1329;2002-01-06;F;Standard;2;0;200;Card;Dota 2;;0
SESS-12614;2026-08-12 22:50:27;USR-1607;2011-12-28;M;VIP;12;0;2400;Card;Dota 2;4.0;0
SESS-10234;2026-08-15 19:42:52;USR-1179;2008-06-01;M;Standard;2;224;180;Card;Deadlock;;1
SESS-12697;2026-08-14 21:11:01;USR-1632;2002-12-09;M;Standard;2;240;200;App;CS2;;0
SESS-13689;2026-08-04 20:57:54;USR-1397;2009-07-03;M;Standard;3;0;270;App;Deadlock;;1
SESS-11817;2026-08-16 16:39:26;USR-1154;2007-03-12;M;Bootcamp;1;0;150;App;Dota 2;4.0;0
SESS-15480;2026-08-23 20:41:03;USR-1606;1994-05-14;M;PS5;4;780;1000;Card;Dota 2;;0
SESS-13229;2026-08-04 09:51:11;USR-1025;1996-12-17;M;VIP;12;1590;2400;App;Dota 2;3.0;0
SESS-12557;2026-08-10 14:57:25;USR-1581;2001-09-25;F;PS5;5;0;1250;Card;CS2;5.0;0
SESS-10507;2026-08-01 16:04:32;USR-1760;2001-02-11;M;Standard;1;80;100;App;Valorant;;0
SESS-11113;2026-08-10 17:48:47;USR-1499;2007-10-04;M;Standard;2;240;200;Card;Deadlock;2.0;0
SESS-10106;2026-08-02 16:32:41;USR-1153;2003-01-20;M;Standard;4;448;360;Card;Deadlock;5.0;1
SESS-14214;2026-08-19 19:46:02;USR-1008;2004-03-27;F;Bootcamp;2;0;300;Card;Valorant;4.0;0
SESS-14892;2026-08-01 14:31:00;USR-1208;1990-09-21;M;VIP;2;540;400;App;GTA V;;0
SESS-10719;2026-08-23 20:33:46;USR-1779;2007-02-20;M;Bootcamp;2;310;300;App;CS2;;0
SESS-11364;2026-08-02 02:18:03;USR-1152;1992-08-26;M;PS5;3;660;750;App;GTA V;;0
SESS-11651;2026-08-28 20:23:18;USR-1680;2007-04-03;M;Standard;2;240;200;Card;CS2;2.0;0
SESS-11905;2026-08-19 18:46:15;USR-1076;2006-09-12;M;Standard;2;0;200;Card;CS2;;0
SESS-13754;2026-08-26 20:56:37;USR-1165;2007-08-02;M;PS5;2;0;450;Card;Valorant;4.0;1
SESS-15421;2026-08-28 07:28:10;USR-1120;2010-01-22;F;PS5;2;168;450;App;Minecraft;4.0;1
SESS-12349;2026-08-02 20:34:54;USR-1143;2009-12-19;M;Standard;5;0;450;App;CS2;5.0;1
SESS-14437;2026-08-13 09:16:22;USR-1057;2005-07-28;M;VIP;1;270;200;App;CS2;;0
SESS-13262;2026-08-31 13:52:47;USR-1585;2004-02-04;M;PS5;1;112;225;App;CS2;4.0;1
SESS-11696;2026-08-07 21:09:23;USR-1263;2010-11-13;M;PS5;3;0;675;App;Valorant;;1
SESS-12048;2026-08-28 14:36:57;USR-1044;2006-08-14;F;Standard;1;0;100;Card;PUBG;;0
SESS-11384;2026-08-05 20:29:51;USR-1020;2010-04-19;M;Standard;5;0;450;App;CS2;4.0;1
SESS-10890;2026-08-02 19:33:02;USR-1124;2004-10-22;M;PS5;3;240;750;Card;Dota 2;4.0;0
SESS-10422;2026-08-10 17:50:11;USR-1617;2003-03-08;M;Standard;3;240;300;Card;Valorant;;0
SESS-14761;2026-08-03 18:20:29;USR-1026;2005-03-02;M;Bootcamp;1;240;150;Card;CS2;4.5;0
SESS-11881;2026-08-10 18:30:55;USR-1170;2011-03-12;M;Standard;4;0;400;App;Valorant;;0
SESS-13008;2026-08-28 22:15:36;USR-1354;2010-03-22;M;Standard;8;480;800;Card;Dota 2;;0
SESS-13611;2026-08-07 18:15:38;USR-1102;1998-08-23;M;PS5;4;0;900;App;Dota 2;;1
SESS-10411;2026-08-26 18:54:06;USR-1318;2002-04-26;F;Standard;3;360;300;App;CS2;4.0;0
SESS-15418;2026-08-12 13:17:44;USR-1112;2010-12-09;M;Standard;3;251;270;App;Deadlock;;1
SESS-14679;2026-08-15 13:59:33;USR-1018;2004-09-15;M;Standard;5;0;500;Card;Minecraft;4.0;0
SESS-10792;2026-08-19 15:32:04;USR-1123;2012-08-03;F;Standard;2;0;200;App;Minecraft;;0
SESS-12202;2026-08-10 16:38:37;USR-1066;2005-04-09;M;Bootcamp;3;560;450;App;Dota 2;5.0;0
SESS-14606;2026-08-25 15:27:30;USR-1794;2005-02-26;M;Bootcamp;4;630;600;App;PUBG;;0
SESS-10131;2026-08-16 15:43:02;USR-1150;2004-07-09;F;VIP;8;0;1600;App;Apex Legends;5.0;0
SESS-12497;2026-08-04 22:17:00;USR-1094;1994-08-05;M;Standard;2;500;200;Card;PUBG;5.0;0
SESS-12485;2026-08-15 22:24:28;USR-1085;2011-03-10;M;Bootcamp;2;0;300;App;CS2;5.0;0
SESS-11192;2026-08-08 20:48:46;USR-1033;2003-12-13;M;Standard;5;840;450;Card;Valorant;4.0;1
SESS-11737;2026-08-28 18:35:53;USR-1111;2012-11-21;M;Standard;2;120;200;Card;Minecraft;3.0;0
SESS-13477;2026-08-22 16:32:26;USR-1259;2011-03-07;M;Standard;3;0;270;App;CS2;;1
SESS-12026;2026-08-21 16:15:43;USR-1143;2009-12-19;M;Standard;2;80;200;App;CS2;5.0;0
SESS-13373;2026-08-13 13:36:29;USR-1594;2008-11-01;M;Standard;4;0;400;Card;CS2;4.5;0
SESS-10148;2026-08-14 12:36:14;USR-1152;1992-08-26;M;Standard;2;500;200;Card;GTA V;;0
SESS-13595;2026-08-05 14:32:35;USR-1089;2009-09-24;M;Bootcamp;2;0;300;Card;Minecraft;;0
SESS-11519;2026-08-06 16:40:05;USR-1250;2007-05-17;M;VIP;3;0;600;App;Dota 2;;0
SESS-10078;2026-08-21 17:42:46;USR-1069;2004-11-11;M;Standard;4;640;400;Card;Apex Legends;4.0;0
SESS-10276;2026-08-02 15:48:07;USR-1681;2001-12-17;M;PS5;3;480;750;App;Valorant;;0
SESS-12937;2026-08-11 19:27:00;USR-1095;2010-06-09;M;Standard;2;0;180;Cash;Minecraft;;1
SESS-10940;2026-08-12 17:17:49;USR-1309;2010-08-10;M;Standard;5;0;500;Cash;Deadlock;;0
SESS-14422;2026-08-06 20:08:53;USR-1486;1998-10-11;M;Standard;4;1007;360;Card;GTA V;5.0;1
SESS-11994;2026-08-11 17:38:55;USR-1014;2012-10-25;M;Standard;4;240;400;Cash;Valorant;;0
SESS-15206;2026-08-06 10:04:46;USR-1061;2005-08-26;F;VIP;2;0;400;App;Apex Legends;;0
SESS-13022;2026-08-09 22:31:20;USR-1145;2009-02-19;M;Standard;8;0;800;App;CS2;4.5;0
SESS-10255;2026-08-05 07:20:12;USR-1238;1989-07-19;F;VIP;12;0;2160;Card;CS2;4.5;1
SESS-15069;2026-08-16 12:11:35;USR-1431;2003-08-27;M;VIP;2;0;400;Card;Apex Legends;;0
SESS-14602;2026-08-04 12:00:31;USR-1082;2002-08-01;M;Bootcamp;2;658;270;Card;CS2;;1
SESS-13471;2026-08-29 14:20:52;USR-1305;2010-06-26;M;VIP;3;0;600;Cash;CS2;2.0;0
SESS-11846;2026-08-31 13:52:26;USR-1184;2003-09-09;M;Bootcamp;4;0;600;Cash;Dota 2;;0
SESS-12303;2026-08-29 11:19:09;USR-1098;2005-09-18;F;Bootcamp;3;560;450;Card;Dota 2;4.5;0
SESS-14329;2026-08-03 21:23:56;USR-1237;1997-11-26;F;PS5;1;0;225;App;CS2;;1
SESS-11865;2026-08-29 20:57:55;USR-1172;2008-07-13;M;VIP;5;880;1000;Card;Valorant;4.5;0
SESS-10661;2026-08-09 19:39:44;USR-1167;2007-06-19;M;Standard;1;120;100;Card;Apex Legends;;0
SESS-11441;2026-08-29 18:04:41;USR-1496;2004-09-06;M;Bootcamp;2;310;300;Card;CS2;3.0;0
SESS-10886;2026-08-23 02:33:43;USR-1288;2006-12-23;F;VIP;1;160;200;Card;CS2;3.0;0
SESS-14492;2026-08-29 20:44:25;USR-1098;2005-09-18;F;Bootcamp;2;400;300;Card;CS2;;0
SESS-10317;2026-08-07 02:57:38;USR-1618;2004-03-02;M;Standard;3;0;300;App;CS2;4.0;0
SESS-13598;2026-08-29 15:04:25;USR-1084;2009-10-18;M;VIP;4;0;720;Cash;CS2;4.0;1
SESS-11541;2026-08-21 16:44:42;USR-1037;2008-10-15;M;PS5;12;1344;2700;Card;Valorant;4.0;1
SESS-13977;2026-08-23 22:19:44;USR-1219;1995-03-19;M;Standard;8;2000;800;Cash;GTA V;;0
SESS-12917;2026-08-16 23:42:03;USR-1005;1998-09-23;M;Standard;2;0;200;Card;Cyberpunk 2077;;0
SESS-14484;2026-08-02 16:57:26;USR-1043;2005-02-07;F;Bootcamp;3;320;450;Cash;CS2;2.0;0
SESS-10592;2026-08-19 17:39:01;USR-1026;2005-03-02;M;Bootcamp;1;0;150;Card;Valorant;4.0;0
SESS-13510;2026-08-06 10:19:51;USR-1127;2011-07-10;M;Standard;4;0;400;App;Deadlock;2.0;0
SESS-11189;2026-08-09 12:27:38;USR-1656;2009-06-12;M;Standard;2;0;200;Card;Dota 2;4.0;0
SESS-13901;2026-08-21 21:02:18;USR-1052;2007-09-02;M;Standard;2;0;200;Cash;CS2;2.0;0
SESS-12839;2026-08-03 18:04:42;USR-1000;2006-02-16;M;Standard;3;480;300;App;CS2;;0
SESS-14786;2026-08-29 12:33:40;USR-1674;2000-06-17;M;PS5;3;965;675;App;Dota 2;4.0;1
SESS-12738;2026-08-17 15:07:51;USR-1078;1995-02-26;M;Bootcamp;3;510;450;Card;Cyberpunk 2077;5.0;0
SESS-14584;2026-08-09 18:53:55;USR-1657;2007-05-18;M;VIP;8;1554;1440;Card;Dota 2;;1
SESS-10046;2026-08-21 13:04:34;USR-1680;2007-04-03;M;PS5;1;120;250;Card;PUBG;4.5;0
SESS-12177;2026-08-12 14:26:46;USR-1529;2005-06-06;M;Standard;2;0;180;Card;CS2;4.5;1
SESS-13693;2026-08-20 14:14:19;USR-1339;2006-10-23;M; Bootcamp ;3;448;540;App;Apex Legends;3.0;1
SESS-11848;2026-08-09 11:59:06;USR-1153;2003-01-20;M;Standard;4;448;360;Card;CS2;;1
SESS-11743;2026-08-26 19:08:40;USR-1079;2003-06-06;M;VIP;5;680;1000;App;Dota 2;1.0;0
SESS-11007;2026-08-01 17:28:43;USR-1539;2006-09-02;M;Bootcamp;2;400;300;Card;CS2;5.0;0
SESS-11800;2026-08-28 00:46:02;USR-1767;2006-02-17;M;Bootcamp;2;240;300;App;PUBG;;0
SESS-10379;2026-08-05 18:41:38;USR-1215;1990-02-04;M;VIP;3;510;600;Card;GTA V;4.5;0
SESS-10383;2026-08-14 18:03:59;USR-1230;2000-05-02;M;VIP;1;550;200;App;Cyberpunk 2077;4.0;0
SESS-14994;2026-08-12 17:13:35;USR-1636;2009-02-18;M;Standard;2;0;200;App;CS2;2.0;0
SESS-15226;2026-08-02 21:55:17;USR-1609;2000-03-20;F;Standard;3;0;300;Card;PUBG;4.0;0
SESS-12379;2026-08-10 15:19:47;USR-1331;2008-02-26;M;Bootcamp;3;560;450;App;Valorant;;0
SESS-12322;2026-08-18 20:39:23;USR-1154;2007-03-12;M;VIP;2;0;400;Card;CS2;5.0;0
SESS-14238;2026-08-04 11:02:05;USR-1485;2007-07-02;F;Standard;2;160;200;Card;Deadlock;;0
SESS-15572;2026-08-08 00:11:25;USR-1010;2005-03-05;M;Standard;8;960;800;Card;CS2;4.5;0
SESS-13710;2026-08-30 18:54:29;USR-1080;2010-03-26;M;VIP;2;160;400;Cash;CS2;4.0;0
SESS-11426;2026-08-28 06:47:06;USR-1348;2003-03-16;M;Bootcamp;1;0;150;App;CS2;;0
SESS-15194;2026-08-01 18:13:46;USR-1755;1987-02-06;M;Standard;2;240;200;Card;Dota 2;;0
SESS-13906;2026-08-15 13:18:29;USR-1139;2004-06-17;M;Standard;2;0;200;Card;Dota 2;;0
SESS-13682;2026-08-21 21:25:20;USR-1449;2011-12-11;M;Standard;2;160;200;Card;CS2;;0
SESS-14158;2026-08-28 20:32:44;USR-1020;2010-04-19;M;Standard;3;180;300;Cash;Valorant;;0
SESS-15210;2026-08-21 17:02:47;USR-1018;2004-09-15;M;Bootcamp;2;400;300;Cash;Valorant;;0
SESS-12858;2026-08-26 04:43:53;USR-1760;2001-02-11;M;Standard;3;336;270;App;Deadlock;;1
SESS-11085;2026-08-06 16:23:06;USR-1614;2009-02-25;M;Standard;2;0;200;App;Valorant;2.0;0
SESS-13043;2026-08-16 19:55:57;USR-1295;2001-06-22;M;Standard;1;160;100;Card;Dota 2;;0
SESS-11451;2026-08-01 16:07:02;USR-1604;2007-01-04;M;Bootcamp;2;470;300;Card;Valorant;;0
SESS-14846;2026-08-16 01:20:14;USR-1361;2005-03-12;M;PS5;12;0;3000;Card;Minecraft;5.0;0
SESS-10128;2026-08-15 12:35:26;USR-1015;2006-01-06;M;Standard;2;320;200;Card;Valorant;;0
SESS-13752;2026-08-10 18:19:46;USR-1045;2006-03-28;M;Standard;1;0;100;Card;Dota 2;;0
SESS-15175;2026-08-08 18:55:50;USR-1136;2010-11-02;M;Standard;2;160;200;Card;Valorant;;0
SESS-11337;2026-08-29 21:38:38;USR-1052;2007-09-02;M;Standard;1;120;100;Card;Dota 2;;0
SESS-13958;2026-08-22 00:37:17;USR-1097;2012-11-26;M;Standard;5;280;450;App;Minecraft;4.0;1
SESS-14453;2026-08-07 19:22:04;USR-1109;2006-11-25;M;PS5;3;480;750;App;Dota 2;4.5;0
SESS-10380;2026-08-22 16:12:28;USR-1024;2006-10-08;M;Standard;4;448;360;Card;CS2;4.0;1
SESS-11018;2026-08-07 18:00:40;USR-1053;2003-11-22;M;Standard;4;480;400;Card;Dota 2;4.5;0
SESS-15278;2026-08-29 12:39:44;USR-1651;2010-03-25;M;VIP;3;0;600;App;Minecraft;;0
SESS-12728;2026-08-13 15:30:41;USR-1139;2004-06-17;M;Standard;4;0;400;App;Dota 2;4.5;0
SESS-13029;2026-08-24 13:00:05;USR-1577;2010-05-08;M;Standard;3;180;300;Card;Dota 2;;0
SESS-15481;2026-08-30 09:08:26;USR-1465;2005-12-02;M;Standard;4;0;360;Card;Dota 2;;1
SESS-13619;2026-08-30 02:22:09;USR-1056;2005-02-01;F;Standard;3;0;300;Card;CS2;;0
SESS-12864;2026-08-02 17:00:36;USR-1339;2006-10-23;M;Bootcamp;3;714;405;Card;Dota 2;4.0;1
SESS-12185;2026-08-23 09:28:11;USR-1746;2006-10-03;F;Bootcamp;4;0;600;Card;CS2;4.5;0
SESS-12372;2026-08-02 12:23:58;USR-1123;2012-08-03;F;Standard;1;0;100;Cash;Dota 2;;0
SESS-11236;2026-08-09 23:47:39;USR-1507;2006-09-11;M;Bootcamp;8;0;1200;App;PUBG;;0
SESS-13056;2026-08-27 18:15:15;USR-1726;2006-09-21;M;Bootcamp;3;0;405;Card;Deadlock;;1
SESS-13592;2026-08-23 14:39:53;USR-1794;2005-02-26;M;Bootcamp;3;390;450;Card;Apex Legends;;0
SESS-11315;2026-08-15 19:21:39;USR-1216;1990-03-19;M;Bootcamp;8;2436;1080;App;Dota 2;4.0;1
SESS-11017;2026-08-07 15:48:50;USR-1779;2007-02-20;M;VIP;3;0;600;Card;CS2;;0
SESS-13725;2026-08-25 16:37:21;USR-1306;2012-02-20;M;Bootcamp;1;0;150;App;CS2;5.0;0
SESS-14548;2026-08-22 08:32:15;USR-1337;2000-05-07;M;PS5;3;1050;750;Card;PUBG;;0
SESS-13985;2026-08-05 00:18:28;USR-1042;1992-11-01;M;VIP;3;840;600;Card;PUBG;4.0;0
SESS-10983;2026-08-29 20:21:56;USR-1330;2005-05-26;M;Bootcamp;2;310;300;App;Dota 2;;0
SESS-13210;2026-08-15 09:44:31;USR-1276;2006-10-02;M;VIP;1;0;200;App;Deadlock;4.5;0
SESS-12005;2026-08-17 15:32:49;USR-1526;1990-05-25;F;PS5;3;840;750;Card;Cyberpunk 2077;;0
SESS-13036;2026-08-07 20:11:26;USR-1711;2010-10-01;M;Standard;2;0;200;Cash;Deadlock;;0
SESS-15502;2026-08-12 18:12:34;USR-1154;2007-03-12;M;VIP;2;448;360;Cash;PUBG;4.5;1
SESS-10298;2026-08-05 17:28:26;USR-1143;2009-12-19;M;Bootcamp;2;0;300;App;Dota 2;;0
SESS-11988;2026-08-07 15:47:03;USR-1331;2008-02-26;M;Bootcamp;2;320;300;Card;Dota 2;;0
SESS-12544;2026-08-29 23:54:09;USR-1012;2003-04-12;F;Standard;8;0;800;Cash;Dota 2;4.5;0
SESS-12825;2026-08-02 07:09:21;USR-1716;2006-03-07;F;Standard;3;240;300;App;Dota 2;4.0;0
SESS-10360;2026-08-23 00:01:51;USR-1035;2005-10-21;M;VIP;5;770;900;Card;CS2;5.0;1
SESS-15378;2026-08-12 17:30:07;USR-1305;2010-06-26;M;Standard;2;112;180;App;Dota 2;4.5;1
SESS-11937;2026-08-26 17:30:08;USR-1321;2003-02-04;M;Bootcamp;1;160;150;Card;Dota 2;3.0;0
SESS-12055;2026-08-05 20:59:23;USR-1116;2006-02-02;M;PS5;4;0;900;Cash;CS2;4.0;1
SESS-12620;2026-08-01 19:09:43;USR-1101;2006-02-04;F;Standard;2;160;200;App;CS2;;0
SESS-12052;2026-08-29 21:37:55;USR-1679;2011-04-06;M;Standard;1;0;100;Cash;Minecraft;5.0;0
SESS-15150;2026-08-25 20:42:44;USR-1186;2011-06-23;M;Bootcamp;12;0;1620;App;GTA V;;1
SESS-15169;2026-08-27 17:28:58;USR-1205;2004-03-11;M;Standard;1;160;100;Card;CS2;4.0;0
SESS-11412;2026-08-02 19:13:56;USR-1136;2010-11-02;M;Bootcamp;3;0;450;Cash;CS2;5.0;0
SESS-14801;2026-08-16 00:45:37;USR-1378;2010-07-20;M;Standard;8;640;800;App;CS2;;0
SESS-12707;2026-08-21 11:35:12;USR-1058;2012-06-28;M;VIP;2;0;400;App;CS2;4.5;0
SESS-10302;2026-08-21 05:28:32;USR-1306;2012-02-20;M;Bootcamp;3;0;405;App;CS2;4.5;1
SESS-14755;2026-08-01 13:12:55;USR-1415;2002-04-06;M;Bootcamp;4;784;540;Card;CS2;4.5;1
SESS-14973;2026-08-14 20:01:22;USR-1395;2006-11-08;M;Standard;12;0;1200;App;Minecraft;;0
SESS-12225;2026-08-14 16:24:27;USR-1248;2004-09-25;M;PS5;2;240;500;App;Deadlock;;0
SESS-10966;2026-08-09 20:55:14;USR-1142;2010-09-26;M;Standard;2;160;200;Card;CS2;;0
SESS-15453;2026-08-20 21:05:49;USR-1084;2009-10-18;M;Standard;1;0;100;App;PUBG;;0
SESS-10875;2026-08-22 11:55:44;USR-1038;2003-03-11;M;PS5;3;336;675;App;Dota 2;;1
SESS-12494;2026-08-07 18:40:40;USR-1152;1992-08-26;M;Bootcamp;2;660;300;Card;CS2;;0
SESS-10790;2026-08-07 12:51:22;USR-1648;1995-07-04;M;PS5;3;0;750;Card;PUBG;5.0;0
SESS-11732;2026-08-19 07:39:01;USR-1169;2007-04-13;F;Standard;4;480;400;Card;CS2;3.0;0
SESS-12784;2026-08-04 06:28:19;USR-1148;2008-04-10;F;VIP;3;784;540;App;Dota 2;;1
SESS-11815;2026-08-14 18:01:34;USR-1203;2011-01-18;M;Standard;1;0;100;App;CS2;;0
SESS-12385;2026-08-08 18:07:08;USR-1114;2011-10-14;M;Bootcamp;3;251;405;App;Apex Legends;;1
SESS-12522;2026-08-12 21:19:12;USR-1731;2005-07-27;M;VIP;3;0;600;Card;CS2;4.5;0
SESS-10400;2026-08-20 23:55:23;USR-1605;2005-11-02;M;Bootcamp;8;0;1200;Card;CS2;2.0;0
SESS-15487;2026-08-18 20:47:28;USR-1578;2011-02-07;M;VIP;1;80;200;Cash;CS2;4.5;0
SESS-10513;2026-08-16 23:07:39;USR-1111;2012-11-21;M;Standard;8;640;800;Cash;Minecraft;4.0;0
SESS-13927;2026-08-11 00:05:02;USR-1324;1992-09-26;F;Standard;5;1250;500;Card;Dota 2;;0
SESS-15444;2026-08-15 16:55:25;USR-1006;2005-07-07;M;VIP;2;390;400;Card;Deadlock;;0
SESS-11402;2026-08-21 19:59:47;USR-1035;2005-10-21;M;Bootcamp;2;470;300;Card;Apex Legends;3.0;0
SESS-14745;2026-08-08 14:21:44;USR-1528;1999-03-12;M;PS5;2;0;500;Card;Dota 2;;0
SESS-14559;2026-08-16 14:10:40;USR-1293;2009-09-01;M;Bootcamp;1;0;150;App;Minecraft;;0
SESS-15264;2026-08-05 18:00:26;USR-1468;2003-10-16;M;VIP;3;390;600;App;Dota 2;4.5;0
SESS-13152;2026-08-24 16:55:58;USR-1046;2009-05-04;M;VIP;2;0;400;Cash;Dota 2;4.0;0
SESS-10310;2026-08-14 14:24:50;USR-1776;2009-02-12;M;Bootcamp;3;0;405;App;Minecraft;;1
SESS-12946;2026-08-13 18:10:35;USR-1247;2007-11-19;F;PS5;2;320;500;App;Dota 2;;0
SESS-10559;2026-08-28 12:37:26;USR-1497;2009-02-08;M;Standard;1;60;100;Cash;Dota 2;4.5;0
SESS-11481;2026-08-01 17:26:19;USR-1123;2012-08-03;F;Standard;4;160;400;App;CS2;4.0;0
SESS-11413;2026-08-14 20:52:57;USR-1155;2012-05-12;F;Standard;4;160;400;App;CS2;;0
SESS-12626;2026-08-06 16:42:26;USR-1083;2012-04-25;M;Bootcamp;2;0;300;Cash;CS2;;0
SESS-12914;2026-08-10 08:47:13;USR-1289;2010-10-22;M;Standard;3;251;270;App;Valorant;4.0;1
SESS-11178;2026-08-21 02:37:05;USR-1553;2011-06-07;F;Standard;4;448;360;App;Dota 2;5.0;1
SESS-11913;2026-08-14 23:14:01;USR-1117;2012-06-18;F;PS5;5;0;1250;Card;CS2;5.0;0
SESS-11893;2026-08-03 19:17:20;USR-1142;2010-09-26;M;Standard;3;0;300;App;Minecraft;4.5;0
SESS-14336;2026-08-09 11:15:10;USR-1176;2007-07-13;F;Bootcamp;4;0;600;Card;CS2;;0
SESS-10542;2026-08-07 06:17:23;USR-1534;2003-08-25;M;Bootcamp;3;0;450;Card;Dota 2;5.0;0
SESS-14608;2026-08-17 18:43:24;USR-1095;2010-06-09;M;Standard;2;0;200;Card;Dota 2;;0
SESS-11463;2026-08-15 08:50:28;USR-1540;2010-06-16;M;Standard;2;0;200;Cash;Dota 2;;0
SESS-14596;2026-08-30 05:26:53;USR-1568;2007-09-08;F;VIP;2;0;400;Card;CS2;5.0;0
SESS-14010;2026-08-24 20:46:16;USR-1444;2003-11-22;M;VIP;1;230;200;Card;CS2;;0
SESS-12073;2026-08-15 18:06:49;USR-1090;2010-09-06;M;Standard;1;40;100;Cash;Dota 2;;0
SESS-11103;2026-08-08 20:29:56;USR-1256;2008-02-07;M;Bootcamp;2;0;300;App;CS2;;0
SESS-12250;2026-08-31 17:54:56;USR-1064;2003-01-04;F;Standard;4;0;360;App;Dota 2;4.5;1
SESS-13250;2026-08-03 22:34:58;USR-1136;2010-11-02;M;Standard;3;180;300;Cash;Minecraft;4.5;0
SESS-11134;2026-08-01 14:20:29;USR-1354;2010-03-22;M;VIP;3;0;600;App;Minecraft;;0
SESS-13030;2026-08-01 01:58:35;USR-1035;2005-10-21;M;Standard;8;960;800;App;CS2;;0
SESS-13567;2026-08-18 17:35:15;USR-1006;2005-07-07;1;VIP;4;0;720;Card;CS2;;1
SESS-15115;2026-08-14 18:21:37;USR-1204;2005-10-04;F;Standard;2;0;200;Card;GTA V;;0
SESS-12898;2026-08-30 17:54:20;USR-1359;2004-01-27;M;Standard;4;672;360;App;Valorant;;1
SESS-14464;2026-08-17 18:42:59;USR-1059;2003-11-06;F;Standard;1;168;90;Cash;Apex Legends;4.5;1
SESS-11849;2026-08-15 14:05:35;USR-1111;2012-11-21;M;Bootcamp;1;0;150;Card;Minecraft;;0
SESS-14240;2026-08-13 11:54:51;USR-1062;2008-06-27;F;Standard;1;160;100;Card;CS2;4.0;0
SESS-14800;2026-08-29 16:18:01;USR-1682;2009-01-13;M;Bootcamp;1;40;150;App;Minecraft;5.0;0
SESS-14529;2026-08-19 17:19:07;USR-1148;2008-04-10;F;PS5;8;640;2000;Card;CS2;4.5;0
SESS-10097;2026-08-19 15:23:55;USR-1030;2007-05-18;M;Bootcamp;2;400;300;App;Dota 2;;0
SESS-12124;2026-08-08 21:00:11;USR-1032;2007-01-28;M;Standard;3;480;300;Card;Dota 2;3.0;0
SESS-15501;2026-08-13 11:54:32;USR-1359;2004-01-27;M;Standard;1;160;100;Card;Valorant;4.0;0
SESS-14912;2026-08-16 19:32:55;USR-1179;2008-06-01;M;VIP;2;0;360;App;CS2;;1
SESS-14474;2026-08-11 19:14:38;USR-1723;1998-09-16;M;VIP;3;1470;540;Card;CS2;4.5;1
SESS-12353;2026-08-14 16:04:17;USR-1558;2011-10-06;M;Bootcamp;3;0;450;Cash;Minecraft;;0
SESS-14882;2026-08-19 14:30:06;USR-1024;2006-10-08;M;VIP;4;0;720;Card;Dota 2;4.5;1
SESS-14459;2026-08-07 17:14:21;USR-1011;2002-09-04;F;Standard;2;0;200;Card;CS2;;0
SESS-14891;2026-08-02 18:22:56;USR-1487;1996-10-08;M;VIP;2;0;360;Card;Dota 2;4.5;1
SESS-12923;2026-08-01 13:50:04;USR-1447;2006-10-19;M;Bootcamp;2;240;300;App;CS2;;0
SESS-10157;2026-08-14 19:03:00;USR-1759;2003-06-09;M;PS5;1;160;250;App;Deadlock;4.5;0
SESS-12566;2026-08-11 20:45:15;USR-1125;2011-08-05;M;Standard;4;0;360;Card;Valorant;5.0;1
SESS-12763;2026-08-01 00:39:34;USR-1250;2007-05-17;M;Standard;8;0;800;Card;Dota 2;;0
SESS-12676;2026-08-20 00:35:42;USR-1505;2004-12-22;M;VIP;8;1040;1600;;CS2;4.0;0
SESS-14566;2026-08-28 11:11:49;USR-1022;2010-12-12;M;Standard;1;0;100;App;Valorant;;0
SESS-15334;2026-08-01 20:06:49;USR-1011;2002-09-04;F;Standard;3;480;300;App;CS2;;0
SESS-10749;2026-08-28 16:37:15;USR-1045;2006-03-28;M;Standard;3;336;270;App;Apex Legends;4.0;1
SESS-11075;2026-08-21 21:50:07;USR-1023;2005-11-18;F;Standard;3;0;270;Card;CS2;;1
SESS-13239;2026-08-08 09:24:50;USR-1358;2010-03-22;M;Standard;5;0;500;Cash;Minecraft;2.0;0
SESS-13987;2026-08-02 18:57:38;USR-1415;2002-04-06;M;PS5;1;120;250;Card;PUBG;4.5;0
SESS-12489;2026-08-28 18:01:30;USR-1327;2007-04-16;F;PS5;4;672;900;Card;Minecraft;4.5;1
SESS-12204;2026-08-17 17:56:47;USR-1133;2010-07-11;M;Standard;3;0;300;Cash;Deadlock;;0
SESS-14789;2026-08-27 21:26:49;USR-1030;2007-05-18;M;Standard;2;0;200;;CS2;2.0;0
SESS-13740;2026-08-25 17:14:35;USR-1121;2011-01-17;M;Bootcamp;4;0;540;App;Minecraft;5.0;1
SESS-10368;2026-08-30 02:15:24;USR-1505;2004-12-22;M;Bootcamp;2;0;300;Card;Apex Legends;;0
SESS-15486;2026-08-28 21:04:50;USR-1735;2012-06-01;M;VIP;2;120;400;Cash;Valorant;4.0;0
SESS-12773;2026-08-06 19:52:42;USR-1453;2003-01-16;M;Bootcamp;2;0;300;App;PUBG;;0
SESS-15166;2026-08-29 15:18:28;USR-1100;2006-07-26;F;Bootcamp;2;0;270;Card;CS2;4.5;1
SESS-14065;2026-08-22 18:01:41;USR-1120;2010-01-22;F;Standard;8;0;720;Cash;Valorant;;1
SESS-10208;2026-08-21 14:54:26;USR-1176;2007-07-13;F;Standard;2;240;200;Card;Deadlock;4.5;0
SESS-11555;2026-08-12 17:11:37;USR-1671;2008-07-25;M;Standard;5;1120;450;Card;CS2;4.5;1
SESS-15549;2026-08-20 21:47:34;USR-1071;2007-09-18;F;Standard;2;320;200;App;GTA V;;0
SESS-15173;2026-08-08 17:33:27;USR-1453;2003-01-16;M;VIP;1;0;200;App;Dota 2;5.0;0
SESS-15070;2026-08-07 17:15:12;USR-1765;1998-09-01;M;Standard;2;0;200;Card;GTA V;1.0;0
SESS-12622;2026-08-08 20:09:16;USR-1028;2002-05-19;M;VIP;8;1430;1600;Card;PUBG;5.0;0
SESS-13871;2026-08-18 14:52:21;USR-1047;2008-03-26;M;Bootcamp;2;0;300;Card;CS2;;0
SESS-11673;2026-08-21 00:53:05;USR-1128;1997-08-27;M;VIP;8;2300;1600;Card;Browser/Work;1.0;0
SESS-11844;2026-08-23 16:51:54;USR-1091;2006-06-21;M;Standard;4;672;360;Card;CS2;4.5;1
SESS-14267;2026-08-28 12:53:37;USR-1636;2009-02-18;M;Standard;3;0;270;Cash;Dota 2;;1
SESS-10052;2026-08-08 19:11:25;USR-1616;2005-03-01;M;Standard;2;240;200;Card;Dota 2;;0
SESS-12356;2026-08-23 21:09:15;USR-1100;2006-07-26;F;Standard;5;560;450;Card;Dota 2;4.5;1
SESS-13599;2026-08-07 03:33:14;USR-1521;2009-09-04;F;VIP;3;251;540;Cash;CS2;;1
SESS-11606;2026-08-30 16:01:03;USR-1261;1991-11-06;F;VIP;2;390;400;Card;Browser/Work;;0
SESS-11303;2026-08-13 09:29:00;USR-1152;1992-08-26;M;Bootcamp;3;923;405;Card;Browser/Work;;1
SESS-13974;2026-08-14 18:13:43;USR-1131;2008-12-05;F;Standard;1;0;100;Card;Dota 2;;0
SESS-14105;2026-08-25 14:21:14;USR-1057;2005-07-28;M;PS5;1;120;250;Card;Dota 2;;0
SESS-13551;2026-08-24 19:22:06;USR-1548;1995-06-01;M;VIP;1;480;200;Cash;CS2;;0
SESS-10259;2026-08-11 15:53:04;USR-1468;2003-10-16;M;Standard;2;0;200;Cash;Dota 2;;0
SESS-12264;2026-08-24 20:47:58;USR-1301;2010-06-17;M;Standard;1;0;100;Card;Apex Legends;;0
SESS-10716;2026-08-16 00:28:48;USR-1538;2006-03-12;F;Bootcamp;8;0;1200;App;Dota 2;4.0;0
SESS-13506;2026-08-06 19:29:18;USR-1141;2012-07-05;M;Standard;2;80;200;App;Valorant;;0
SESS-14180;2026-08-03 23:12:54;USR-1136;2010-11-02;M;Standard;12;0;1080;Cash;CS2;5.0;1
SESS-11159;2026-08-09 11:59:09;USR-1096;2000-06-13;M;PS5;12;3234;2700;Card;CS2;;1
SESS-13530;2026-08-11 14:34:16;USR-1275;2008-09-04;M;Bootcamp;5;880;750;Card;Apex Legends;;0
SESS-12704;2026-08-16 20:30:13;USR-1317;2011-01-03;F; standard ;2;80;200;Cash;Deadlock;;0
SESS-12775;2026-08-14 12:18:17;USR-1076;2006-09-12;M;PS5;2;240;500;Card;Apex Legends;4.5;0
SESS-11301;2026-08-11 11:24:43;USR-1766;2012-11-23;M;Standard;2;0;200;Cash;CS2;;0
SESS-10663;2026-08-16 20:31:29;USR-1764;2000-04-05;M;PS5;1;550;250;Card;Dota 2;;0
SESS-14491;2026-08-31 15:32:45;USR-1106;2008-02-13;M;VIP ;3;784;540;App;Dota 2;5.0;1
SESS-14162;2026-08-29 18:03:26;USR-1415;2002-04-06;M;VIP;3;0;600;Card;CS2;;0
SESS-11726;2026-08-29 10:01:26;USR-1469;2008-07-09;F;Bootcamp;4;560;600;App;Dota 2;4.0;0
SESS-14914;2026-08-29 18:23:51;USR-1378;2010-07-20;M;Standard;5;420;450;App;Valorant;4.0;1
SESS-12495;2026-08-24 16:24:45;USR-1436;2007-05-13;M;Standard;2;160;200;Card;Minecraft;4.5;0
SESS-14816;2026-08-21 12:04:39;USR-1549;2009-06-16;M;Bootcamp;2;224;270;Card;Dota 2;;1
SESS-14699;2026-08-21 13:41:20;USR-1718;2010-06-15;M;VIP;1;0;200;Card;PUBG;5.0;0
SESS-12595;2026-08-13 10:38:07;USR-1122;2009-02-15;M;Standard;3;0;300;App;CS2;;0
SESS-10753;2026-08-06 19:03:31;USR-1122;2009-02-15;M;Standard;4;224;360;App;Valorant;4.5;1
SESS-10687;2026-08-09 22:27:51;USR-1101;2006-02-04;F;Standard;8;1344;720;Card;Dota 2;4.0;1
SESS-11071;2026-08-08 11:54:13;USR-1537;2004-08-27;F;Standard;3;672;270;App;CS2;;1
SESS-14382;2026-08-31 15:12:47;USR-1635;2007-04-05;M;Standard;3;503;270;Card;CS2;5.0;1
SESS-11031;2026-08-29 15:35:15;USR-1112;2010-12-09;M;Standard;4;448;360;App;Dota 2;4.5;1
SESS-10535;2026-08-18 17:48:48;USR-1575;2009-09-25;M;Standard;3;0;300;App;Dota 2;4.5;0
SESS-10336;2026-08-12 19:57:41;USR-1593;2002-08-20;M;Standard;2;0;200;Card;Dota 2;;0
SESS-11594;2026-08-23 10:15:45;USR-1037;2008-10-15;M;Standard;2;336;180;Card;Deadlock;4.0;1
SESS-11896;2026-08-30 03:15:53;USR-1210;2007-11-18;M;Standard;2;0;200;Card;Dota 2;4.5;0
SESS-12799;2026-08-30 09:50:04;USR-1368;2004-11-08;M;Bootcamp;2;240;300;Cash;CS2;2.0;0
SESS-12690;2026-08-21 19:11:45;USR-1759;2003-06-09;M;Standard;12;1920;1200;Card;CS2;5.0;0
SESS-10001;2026-08-19 14:26:32;USR-1363;2006-12-13;M;Bootcamp;4;720;600;Cash;Dota 2;;0
SESS-10312;2026-08-12 19:50:59;USR-1740;2011-12-02;M;Standard;8;0;720;Card;CS2;4.0;1
SESS-11832;2026-08-19 08:17:31;USR-1125;2011-08-05;M;Standard;4;448;360;Cash;CS2;4.5;1
SESS-15474;2026-08-14 22:14:07;USR-1787;1996-04-17;M;VIP;5;1959;900;Card;GTA V;4.5;1
SESS-11362;2026-08-22 20:49:15;USR-1175;2006-10-19;M;VIP;4;470;800;App;GTA V;;0
SESS-12548;2026-08-16 21:14:40;USR-1564;2006-07-18;M;PS5;4;320;1000;Card;Valorant;4.5;0
SESS-11332;2026-08-17 00:08:02;USR-1123;2012-08-03;F;Standard;8;0;720;App;Minecraft;2.0;1
SESS-14116;2026-08-11 20:43:04;USR-1709;2008-03-27;M;PS5;3;336;675;Card;Deadlock;;1
SESS-11648;2026-08-28 15:11:01;USR-1100;2006-07-26;F;Standard;2;0;180;Card;Apex Legends;;1
SESS-10693;2026-08-19 11:50:26;USR-1100;2006-07-26;F;PS5;8;1792;1800;Card;CS2;5.0;1
SESS-12217;2026-08-06 01:48:44;USR-1577;2010-05-08;M;Standard;12;1344;1080;Card;CS2;5.0;1
SESS-11623;2026-08-30 18:26:32;USR-1110;2004-06-14;M;Standard;3;0;270;Card;CS2;;1
SESS-15388;2026-08-14 19:54:41;USR-1640;2009-07-02;M;Bootcamp;5;200;750;App;Minecraft;;0
SESS-12580;2026-08-10 17:19:13;USR-1161;2008-01-12;M;VIP;2;0;400;Cash;CS2;;0
SESS-10149;2026-08-14 13:41:38;USR-1708;2008-01-18;M;PS5;1;80;250;App;CS2;;0
SESS-10327;2026-08-02 15:29:37;USR-1770;2005-08-15;M;VIP;2;546;360;App;CS2;4.5;1
SESS-13333;2026-08-08 19:47:31;USR-1065;2008-04-06;M;PS5;8;0;2000;App;Valorant;;0
SESS-10224;2026-08-20 16:34:05;USR-1365;2011-03-14;M;Standard;3;0;270;Cash;Dota 2;5.0;1
SESS-13296;2026-08-23 06:30:46;USR-1093;2005-01-04;F;Standard;1;120;100;App;Dota 2;;0
SESS-11964;2026-08-21 10:32:43;USR-1625;2007-05-21;M;VIP;12;2226;2160;Card;Dota 2;4.0;1
SESS-15515;2026-08-30 20:07:26;USR-1185;2001-12-08;M;Bootcamp;2;0;300;Card;CS2;;0
SESS-12109;2026-08-23 21:04:23;USR-1023;2005-11-18;F;PS5;1;120;250;App;Apex Legends;;0
SESS-11354;2026-08-24 02:31:51;USR-1045;2006-03-28;M;Bootcamp;2;0;300;Cash;Apex Legends;4.0;0
SESS-11546;2026-08-02 17:51:46;USR-1050;2004-06-28;M;Standard;5;400;500;App;CS2;;0
SESS-12417;2026-08-16 18:53:37;USR-1375;2005-02-25;M;Standard;2;160;200;Card;CS2;2.0;0
SESS-14554;2026-08-14 18:07:27;USR-1569;2011-02-25;M;VIP;2;0;400;App;CS2;4.0;0
SESS-10509;2026-08-13 21:54:46;USR-1389;2011-12-03;M;Bootcamp;3;0;450;Card;Valorant;4.0;0
SESS-12900;2026-08-11 20:33:26;USR-1044;2006-08-14;F;Standard;5;0;500;App;Valorant;5.0;0
SESS-15527;2026-08-15 19:18:28;USR-1298;2010-06-02;F;Standard;1;0;100;App;CS2;;0
SESS-10617;2026-08-23 09:56:35;USR-1381;2001-10-08;F;VIP;2;0;400;App;Dota 2;4.5;0
SESS-14634;2026-08-09 14:46:15;USR-1043;2005-02-07;F;VIP;3;448;540;App;Dota 2;4.5;1
SESS-11158;2026-08-12 16:38:18;USR-1105;1994-07-15;F;Standard;3;360;300;Card;Cyberpunk 2077;;0
SESS-12909;2026-08-28 21:42:29;USR-1246;1996-02-20;M;Bootcamp;1;400;150;App;Browser/Work;5.0;0
SESS-15260;2026-08-09 12:40:22;USR-1117;2012-06-18;F;Standard;4;224;360;Cash;CS2;;1
SESS-11358;2026-08-02 21:55:00;USR-1077;2003-08-14;M;Standard;3;0;300;App;Dota 2;;0
SESS-14586;2026-08-07 07:27:30;USR-1399;2008-07-10;M;VIP;2;0;400;Card;PUBG;;0
SESS-12195;2026-08-28 22:40:26;USR-1295;2001-06-22;M;Bootcamp;5;880;750;Card;Apex Legends;;0
SESS-10643;2026-08-15 15:22:42;USR-1454;2010-08-02;M;Standard;3;0;300;App;CS2;;0
SESS-15420;2026-08-14 15:29:17;USR-1095;2010-06-09;M;Standard;3;0;270;Card;Valorant;4.5;1
SESS-14051;2026-08-29 22:36:55;USR-1440;2001-01-19;M;Bootcamp;8;1430;1200;Card;Deadlock;5.0;0
SESS-14094;2026-08-02 22:10:42;USR-1720;1998-08-20;M;VIP;12;4620;2160;Card;CS2;;1
SESS-11875;2026-08-09 20:08:16;USR-1079;2003-06-06;M;VIP;2;0;400;Card;Dota 2;;0
SESS-10200;2026-08-04 15:53:45;USR-1071;2007-09-18;F;Bootcamp;1;160;150;Card;CS2;;0
SESS-13037;2026-08-16 09:27:48;USR-1455;2004-04-04;M;Standard;2;320;200;Card;CS2;;0
SESS-10432;2026-08-12 19:25:08;USR-1569;2011-02-25;M;Standard;2;0;200;Card;GTA V;;0
SESS-13884;2026-08-31 12:47:33;USR-1146;2006-03-03;M;Bootcamp;3;0;405;Card;Dota 2;;1
SESS-11356;2026-08-30 18:58:37;USR-1011;2002-09-04;F;Standard;4;672;360;Cash;Deadlock;4.5;1
SESS-12604;2026-08-20 16:55:08;USR-1029;1994-12-27;M;Standard;2;500;200;App;PUBG;;0
SESS-11850;2026-08-11 20:53:11;USR-1276;2006-10-02;M;VIP;2;320;400;Cash;Minecraft;;0
SESS-15020;2026-08-07 15:00:02;USR-1118;2012-06-26;M;Standard;4;0;400;Cash;Dota 2;;0
SESS-14601;2026-08-16 16:33:19;USR-1071;2007-09-18;F;Bootcamp;1;160;150;Card;CS2;4.0;0
SESS-13075;2026-08-22 11:07:14;USR-1297;2002-03-08; M ;VIP;5;480;1000;Card;CS2;5.0;0
SESS-11853;2026-08-20 19:45:07;USR-1315;2008-08-08;M;PS5;3;0;750;Card;CS2;;0
SESS-11793;2026-08-22 01:08:15;USR-1653;2004-09-04;M;Standard;5;400;500;Card;Dota 2;2.0;0
SESS-14427;2026-08-07 19:37:29;USR-1623;2008-07-15;M;Bootcamp;2;560;270;App;Dota 2;;1
SESS-15253;2026-08-10 17:50:27;USR-1401;2005-01-20;M;Standard;3;360;300;Card;Dota 2;5.0;0
SESS-12046;2026-08-18 21:48:15;USR-1099;2006-06-02;M;Bootcamp;5;680;750;App;Valorant;;0
SESS-13925;2026-08-28 12:45:36;USR-1159;2005-01-02;M;Bootcamp;5;0;750;App;Deadlock;4.0;0
SESS-14419;2026-08-15 17:18:34;USR-1006;2005-07-07;M;Standard;1;160;100;App;Dota 2;4.0;0
SESS-11859;2026-08-02 13:26:09;USR-1098;2005-09-18;F;VIP;2;240;400;App;Dota 2;5.0;0
SESS-11760;2026-08-09 07:00:30;USR-1059;2003-11-06;F;Standard;5;400;500;Card;GTA V;;0
SESS-11262;2026-08-19 12:59:59;USR-1094;1994-08-05;M;Standard;4;1400;360;Card;Browser/Work;4.5;1
SESS-13829;2026-08-24 16:50:00;USR-1481;2005-06-02;F;PS5;1;0;250;Card;Valorant;;0
SESS-12446;2026-08-30 14:25:14;USR-1190;2005-10-19;F;Standard;3;360;300;Card;CS2;;0
SESS-13362;2026-08-30 19:00:31;USR-1186;2011-06-23;M;PS5;1;0;250;Cash;CS2;;0
SESS-12630;2026-08-29 01:33:00;USR-1349;2008-06-16;M;VIP;8;0;1600;App;CS2;;0
SESS-11455;2026-08-28 13:06:45;USR-1394;2002-10-23;F;Bootcamp;1;310;150;Card;Deadlock;;0
SESS-13704;2026-08-14 22:32:13;USR-1445;2005-01-26;M;Standard;12;2015;1080;App;Deadlock;4.0;1
SESS-12421;2026-08-30 10:27:51;USR-1016;2002-04-03;M;Standard;3;503;270;App;Minecraft;4.5;1
SESS-13914;2026-08-06 01:06:25;USR-1297;2002-03-08;M;Bootcamp;8;1110;1200;Card;Dota 2;4.0;0
SESS-13653;2026-08-01 22:29:43;USR-1431;2003-08-27;M;VIP;5;0;1000;Card;GTA V;4.0;0
SESS-10099;2026-08-08 18:23:07;USR-1018;2004-09-15;M;VIP;2;310;400;Card;Dota 2;3.0;0
SESS-10398;2026-08-02 14:42:36;USR-1669;2005-08-01;M;Bootcamp;3;440;450;App;Minecraft;;0
SESS-10746;2026-08-08 19:04:45;USR-1795;1997-10-22;M;PS5;4;780;1000;Card;Cyberpunk 2077;4.0;0
SESS-13613;2026-08-16 14:10:43;USR-1682;2009-01-13;M;Bootcamp;8;0;1080;App;CS2;;1
SESS-12466;2026-08-09 15:59:50;USR-1347;2007-03-25;M;Bootcamp;5;0;675;Card;CS2;;1
SESS-13150;2026-08-07 20:31:39;USR-1380;2011-07-07;M;VIP;2;120;400;Cash;Dota 2;3.0;0
SESS-13762;2026-08-01 14:26:38;USR-1746;2006-10-03;F;VIP;2;320;400;Card;CS2;;0
SESS-11542;2026-08-16 18:40:33;USR-1783;2007-07-06;M;Standard;2;320;200;App;PUBG;;0
SESS-11083;2026-08-11 19:43:12;USR-1133;2010-07-11;M;Standard;1;0;100;Cash;CS2;1.0;0
SESS-12701;2026-08-11 19:43:49;USR-1120;2010-01-22;F;Standard;1;80;100;Card;CS2;;0
SESS-10093;2026-08-16 08:50:49;USR-1068;2005-02-06;F;PS5;2;160;500;App;Dota 2;4.5;0
SESS-11350;2026-08-23 15:34:37;USR-1458;2003-08-27;M;VIP;1;0;200;Card;Dota 2;;0
SESS-15392;2026-08-09 12:04:06;USR-1082;2002-08-01;M;Bootcamp;2;320;300;App;Dota 2;;0
SESS-14684;2026-08-06 16:04:36;USR-1275;2008-09-04;M;Bootcamp;1;0;150;Cash;Dota 2;;0
SESS-10308;2026-08-11 12:18:14;USR-1115;2011-04-23;M;VIP;2;0;400;Cash;Valorant;;0
SESS-15397;2026-08-05 18:33:31;USR-1004;2010-05-15;F;PS5;4;448;900;Cash;Dota 2;4.5;1
SESS-13434;2026-08-05 14:05:59;USR-1674;2000-06-17;M;VIP;1;420;200;Card;Cyberpunk 2077;;0
SESS-13847;2026-08-17 22:07:07;USR-1433;2005-05-11;M;Bootcamp;5;680;750;App;Deadlock;4.5;0
SESS-12872;2026-08-01 18:26:39;USR-1293;2009-09-01;M;Standard;2;120;200;Cash;Deadlock;4.5;0
SESS-13230;2026-08-23 14:55:37;USR-1570;2001-06-16;Мужской;Standard;2;0;200;Card;Valorant;;0
SESS-11283;2026-08-17 20:08:49;USR-1728;2012-01-22;M;VIP;2;120;400;Cash;CS2;4.5;0
SESS-14304;2026-08-22 14:07:46;USR-1697;2003-08-20;M;Standard;2;0;180;Card;Dota 2;;1
SESS-10653;2026-08-26 11:13:22;USR-1376;2007-08-26;M; standard ;2;320;200;App;Valorant;;0
SESS-10785;2026-08-27 10:25:35;USR-1089;2009-09-24;M;PS5;1;0;250;Card;Deadlock;4.0;0
SESS-10995;2026-08-30 18:32:12;USR-1701;2009-02-27;M;Bootcamp;1;0;150;App;Minecraft;;0
SESS-11200;2026-08-08 14:26:34;USR-1758;2012-09-07;M;VIP;3;120;600;App;CS2;5.0;0
SESS-11525;2026-08-16 11:30:39;USR-1473;2010-10-17;M;Standard;3;0;300;App;Dota 2;4.0;0
SESS-14672;2026-08-05 11:48:51;USR-1079;2003-06-06;M;VIP;1;240;200;App;CS2;;0
SESS-15061;2026-08-25 21:50:52;USR-1634;2005-10-14;M;Standard;2;240;200;App;Dota 2;;0
SESS-14752;2026-08-08 12:54:51;USR-1322;2009-01-08;F;VIP;2;0;400;App;Minecraft;4.5;0
SESS-15301;2026-08-24 19:29:36;USR-1113;2007-12-03;F;Standard;5;0;500;Card;Dota 2;4.5;0
SESS-12850;2026-08-04 21:36:20;USR-1009;2001-06-04;M;Standard;1;80;100;App;Dota 2;;0
SESS-11963;2026-08-21 01:53:05;USR-1347;2007-03-25;M;Standard;8;1344;720;Card;Apex Legends;;1
SESS-12414;2026-08-16 18:20:28;USR-1237;1997-11-26;F;PS5;1;560;225;Card;Dota 2;4.0;1
SESS-12064;2026-08-28 11:28:51;USR-1622;2007-09-09;F;Bootcamp;2;320;300;App;CS2;;0
SESS-14710;2026-08-15 01:47:56;USR-1112;2010-12-09;M;Standard;3;0;300;Card;CS2;4.5;0
SESS-14058;2026-08-06 12:03:34;USR-1154;2007-03-12;M;Bootcamp;5;770;675;Card;Minecraft;2.0;1
SESS-11629;2026-08-24 17:03:03;USR-1709;2008-03-27;M;Standard;2;240;200;App;CS2;;0
SESS-14866;2026-08-02 22:09:30;USR-1047;2008-03-26;M;Standard;12;0;1080;Card;Valorant;4.0;1
SESS-12581;2026-08-02 19:09:11;USR-1156;2008-07-22;M;VIP;4;882;720;Card;Apex Legends;5.0;1
SESS-12824;2026-08-07 20:10:39;USR-1484;2005-03-22;M;VIP;3;616;540;Card;Deadlock;;1
SESS-14932;2026-08-10 09:41:39;USR-1106;2008-02-13;M;Bootcamp;1;0;150;Card;CS2;1.0;0
SESS-11716;2026-08-16 08:09:56;USR-1168;2001-03-23;F;Standard;2;240;200;Card;CS2;;0
SESS-13773;2026-08-10 16:37:22;USR-1747;2011-03-20;M;Standard;2;160;200;Cash;Dota 2;2.0;0
SESS-11838;2026-08-22 16:02:28;USR-1616;2005-03-01;M;VIP;8;2001;1440;App;Apex Legends;;1
SESS-15017;2026-08-25 22:11:23;USR-1396;2006-01-08;M;Bootcamp;2;470;300;App;Valorant;4.0;0
SESS-11807;2026-08-15 20:32:47;USR-1633;2003-05-05;M;Bootcamp;4;882;540;Card;Dota 2;4.0;1
SESS-14724;2026-08-22 12:19:40;USR-1524;2005-07-06;M;Standard;3;0;300;Card;Deadlock;5.0;0
SESS-13134;2026-08-05 20:56:51;USR-1667;2005-09-14;M;Standard;2;160;200;Card;Deadlock;;0
SESS-13589;2026-08-09 18:25:30;USR-1665;2010-07-22;M;Bootcamp;2;0;300;Cash;Valorant;5.0;0
SESS-10245;2026-08-13 10:47:19;USR-1781;1989-03-01;M;VIP;2;660;400;Cash;PUBG;;0
SESS-10404;2026-08-01 14:10:40;USR-1068;2005-02-06;F;Bootcamp;3;0;405;App;Dota 2;;1
SESS-14555;2026-08-21 11:23:57;USR-1001;1992-12-07;M;PS5;1;0;250;Card;Browser/Work;4.0;0
SESS-14619;2026-08-28 09:04:57;USR-1131;2008-12-05;F;Standard;2;240;200;Card;Dota 2;;0
SESS-14818;2026-08-09 18:37:56;USR-1762;2011-12-05;M;Standard;3;0;300;Card;CS2;5.0;0
SESS-13649;2026-08-21 11:05:18;USR-1278;2004-07-28;M;Bootcamp;3;630;450;Card;Apex Legends;4.0;0
SESS-12194;2026-08-01 20:11:34;USR-1494;2000-02-04;M;PS5;2;390;500;Card;CS2;;0
SESS-11877;2026-08-16 17:26:15;USR-1316;2009-06-28;M;Standard;8;640;800;App;CS2;3.0;0
SESS-15336;2026-08-16 15:53:10;USR-1017;2006-06-21;M;Standard;2;0;200;Card;CS2;;0
SESS-13049;2026-08-30 23:15:34;USR-1477;2012-06-15;M;Bootcamp;5;0;750;App;Deadlock;5.0;0
SESS-10453;2026-08-28 19:09:46;USR-1320;2005-05-27;M;Standard;2;0;200;Card;Dota 2;;0
SESS-14788;2026-08-08 18:00:47;USR-1335;2003-12-25;M;Standard;1;0;100;Card;CS2;;0
SESS-10406;2026-08-09 07:07:38;USR-1371;2004-04-08;M;VIP;2;0;400;Card;CS2;;0
SESS-15212;2026-08-15 23:12:05;USR-1689;2000-01-12;M;Standard;2;240;200;Card;CS2;;0
SESS-12393;2026-08-21 14:50:16;USR-1250;2007-05-17;M;Standard;5;0;500;Card;Apex Legends;4.5;0
SESS-15529;2026-08-02 22:41:36;USR-1029;1994-12-27;M;VIP;12;4410;2160;Card;Dota 2;4.5;1
SESS-10831;2026-08-11 01:13:08;USR-1187;2003-11-01;M;Standard;8;640;800;Card;Dota 2;4.0;0
SESS-12127;2026-08-20 13:06:32;USR-1031;2009-11-16;M;Standard;2;0;200;Card;Dota 2;5.0;0
SESS-12448;2026-08-22 12:39:21;USR-1373;2005-07-27;M;Standard;1;80;100;App;CS2;5.0;0
SESS-15363;2026-08-29 11:51:41;USR-1012;2003-04-12;F;VIP;2;0;400;App;CS2;;0
SESS-12262;2026-08-25 21:50:02;USR-1282;2000-05-06;M;VIP;3;660;600;Card;GTA V;;0
SESS-12507;2026-08-21 00:38:57;USR-1117;2012-06-18;F;VIP;8;480;1600;App;CS2;4.0;0
SESS-14287;2026-08-09 01:51:01;USR-1462;2004-04-06;M;Standard;5;0;500;Card;Dota 2;;0
SESS-10623;2026-08-07 19:03:27;USR-1060;2011-01-07;M;Standard;4;0;400;App;CS2;;0
SESS-14447;2026-08-04 13:17:55;USR-1258;2012-12-16;M;Bootcamp;3;120;450;Card;Dota 2;4.0;0
SESS-11077;2026-08-16 09:02:31;USR-1756;1993-04-03;F;PS5;1;0;250;Card;GTA V;;0
SESS-14998;2026-08-01 19:00:43;USR-1021;2004-06-28;M;Bootcamp;4;400;600;Card;CS2;;0
SESS-15377;2026-08-16 02:41:35;USR-1334;2005-10-03;F;Bootcamp;4;0;600;App;Dota 2;5.0;0
SESS-10122;2026-08-24 13:26:58;USR-1703;2007-12-18;M;VIP;2;0;400;App;Valorant;;0
SESS-11022;2026-08-17 09:43:22;USR-1465;2005-12-02;M;Bootcamp;2;390;300;App;PUBG;;0
SESS-13290;2026-08-18 17:35:16;USR-1516;2006-08-12;M;Bootcamp;1;270;150;Card;CS2;;0
SESS-13863;2026-08-22 17:26:20;USR-1739;2011-09-09;M;Standard;2;0;200;Cash;Dota 2;2.0;0
SESS-13770;2026-08-10 17:33:05;USR-1473;2010-10-17;M;Standard;1;0;100;Cash;Minecraft;;0
SESS-15485;2026-08-12 11:38:44;USR-1453;2003-01-16;M;Standard;1;0;100;Card;Apex Legends;;0
SESS-10349;2026-08-25 19:55:35;USR-1533;1993-12-28;M;VIP;2;650;400;Cash;CS2;4.0;0
SESS-14988;2026-08-04 17:09:29;USR-1233;2006-08-20;M;Standard;4;0;400;App;Deadlock;;0
SESS-13980;2026-08-21 07:16:37;USR-1487;1996-10-08;M;PS5;1;0;250;Card;CS2;;0
SESS-14615;2026-08-10 16:56:26;USR-1272;2002-12-08;M;Standard;3;672;270;Card;CS2;;1
SESS-12729;2026-08-12 13:22:57;USR-1331;2008-02-26;M;VIP;4;0;800;App;Valorant;4.5;0
SESS-10582;2026-08-30 17:15:55;USR-1148;2008-04-10;F;Bootcamp;1;160;150;App;CS2;;0
SESS-12080;2026-08-04 19:46:19;USR-1427;2009-08-23;M;Standard;4;0;400;Card;Minecraft;;0
SESS-15483;2026-08-25 16:24:25;USR-1794;2005-02-26;M;Standard;4;672;360;Card;Dota 2;;1
SESS-10283;2026-08-31 19:30:21;USR-1068;2005-02-06;F;Bootcamp;1;0;150;Card;Valorant;;0
SESS-13078;2026-08-08 06:24:05;USR-1044;2006-08-14;F;VIP;4;790;800;Card;CS2;4.5;0
SESS-10910;2026-08-04 16:07:02;USR-1085;2011-03-10;M;VIP;2;0;400;App;CS2;;0
SESS-13412;2026-08-16 01:06:11;USR-1705;2009-02-04;M;Standard;3;240;300;App;Valorant;4.5;0
SESS-13499;2026-08-22 00:05:06;USR-1151;1996-03-26;M;Standard;8;1440;800;Card;GTA V;3.0;0
SESS-14364;2026-08-09 20:49:33;USR-1602;1994-01-19;M;VIP;2;510;400;Card;Dota 2;5.0;0
SESS-13996;2026-08-15 14:27:05;USR-1272;2002-12-08;M;Bootcamp;4;0;600;Card;CS2;3.0;0
SESS-13756;2026-08-03 15:11:42;USR-1445;2005-01-26;M;PS5;2;0;500;App;Dota 2;5.0;0
SESS-14948;2026-08-31 11:37:50;USR-1169;2007-04-13;F;PS5;2;0;500;Card;Cyberpunk 2077;;0
SESS-13455;2026-08-24 07:28:26;USR-1666;2009-08-16;M;Standard;2;0;200;Cash;CS2;4.5;0
SESS-13739;2026-08-01 22:00:18;USR-1274;2006-03-28;F;Standard;8;0;800;Card;Valorant;5.0;0
SESS-11485;2026-08-08 23:26:57;USR-1639;2008-06-02;M;Standard;8;960;800;App;Dota 2;3.0;0
SESS-12323;2026-08-03 14:42:46;USR-1033;2003-12-13;M;VIP;5;0;1000;App;Deadlock;4.5;0
SESS-14873;2026-08-25 12:05:29;USR-1182;2011-02-22;M;Standard;2;80;200;App;Dota 2;;0
SESS-11870;2026-08-10 13:28:51;USR-1496;2004-09-06;M;Standard;5;0;500;App;Minecraft;;0
SESS-12885;2026-08-20 22:11:50;USR-1020;2010-04-19;M;Standard;12;0;1080;Card;CS2;5.0;1
SESS-14839;2026-08-23 17:27:55;USR-1599;2005-04-17;M;Standard;2;240;200;Card;Valorant;;0
SESS-13643;2026-08-26 16:28:17;USR-1706;1999-12-28;M;Standard;1;0;100;Card;CS2;;0
SESS-13998;2026-08-06 20:03:28;USR-1504;2011-06-26;M;Standard;2;80;200;Cash;Deadlock;;0
SESS-14347;2026-08-21 19:54:31;USR-1221;2008-04-08;M;Standard;3;672;270;App;CS2;5.0;1
SESS-13275;2026-08-26 20:22:52;USR-1066;2005-04-09;M;PS5;2;240;500;Card;Dota 2;4.5;0
SESS-10998;2026-08-09 18:27:39;USR-1430;2005-08-26;M;Standard;3;480;300;App;Cyberpunk 2077;4.5;0
SESS-10169;2026-08-29 14:34:11;USR-1283;2011-12-15;M;Bootcamp;4;0;540;App;Valorant;;1
SESS-11019;2026-08-07 11:50:48;USR-1796;2006-08-10;M;VIP;2;336;360;Card;Dota 2;5.0;1
SESS-11160;2026-08-14 21:43:23;USR-1140;2008-01-12;M;Standard;5;400;500;App;Apex Legends;5.0;0
SESS-11761;2026-08-26 22:09:59;USR-1395;2006-11-08;M;Standard;12;0;1200;App;CS2;;0
SESS-10086;2026-08-19 23:47:09;USR-1279;2009-11-19;M;Standard;3;0;300;App;Apex Legends;;0
SESS-14152;2026-08-13 15:14:36;USR-1316;2009-06-28;M;Standard;3;120;300;Cash;Valorant;2.0;0
SESS-10868;2026-08-15 16:33:09;USR-1017;2006-06-21;M;VIP;5;0;1000;Card;Deadlock;4.0;0
SESS-12206;2026-08-21 07:48:30;USR-1402;1986-06-13;M;VIP;2;390;400;Card;Cyberpunk 2077;;0
SESS-13742;2026-08-31 13:09:58;USR-1082;2002-08-01;M;PS5;2;0;500;Card;CS2;;0
SESS-13133;2026-08-12 13:15:59;USR-1166;2005-01-13;M;Standard;2;224;180;App;CS2;4.0;1
SESS-15021;2026-08-29 18:01:35;USR-1669;2005-08-01;M;Standard;2;160;200;Card;CS2;;0
SESS-10897;2026-08-15 11:25:03;USR-1133;2010-07-11;M;Standard;1;0;100;App;Valorant;;0
SESS-13519;2026-08-16 16:38:28;USR-1618;2004-03-02;M;Bootcamp;3;630;450;Cash;Valorant;1.0;0
SESS-12282;2026-08-08 15:19:43;USR-1704;2007-12-26;M;PS5;3;0;750;Card;Dota 2;;0
SESS-12086;2026-08-12 10:34:02;USR-1028;2002-05-19;M;PS5;5;600;1250;Card;Deadlock;4.5;0
SESS-12351;2026-08-29 02:07:45;USR-1355;2011-11-27;M;Standard;4;160;400;App;CS2;4.5;0
SESS-12842;2026-08-14 11:54:13;USR-1387;2004-02-28;M;Standard;4;0;400;App;PUBG;;0
SESS-13612;2026-08-20 12:44:32;USR-1491;2007-06-07;M;VIP;3;440;600;Cash;Valorant;;0
SESS-14589;2026-08-25 09:36:48;USR-1708;2008-01-18;M;Standard;4;448;360;App;PUBG;5.0;1
SESS-10943;2026-08-14 11:43:21;USR-1051;2011-05-15;M;Bootcamp;3;180;450;Cash;CS2;;0
SESS-14930;2026-08-22 18:27:39;USR-1704;2007-12-26;M;Bootcamp;4;560;600;App;CS2;4.0;0
SESS-12320;2026-08-09 08:53:05;USR-1653;2004-09-04;M;Bootcamp;3;714;405;App;CS2;4.5;1
SESS-15209;2026-08-09 18:19:14;USR-1127;2011-07-10;M;Standard;1;0;100;Cash;Minecraft;;0
SESS-11593;2026-08-19 21:05:28;USR-1556;2010-07-24;M;Standard;1;0;100;Card;GTA V;;0
SESS-13177;2026-08-12 18:04:33;USR-1020;2010-04-19;M;Standard;4;0;400;App;Dota 2;4.0;0
SESS-12003;2026-08-15 14:44:47;USR-1507;2006-09-11;M;Standard;2;0;200;Card;CS2;;0
SESS-13544;2026-08-20 22:03:05;USR-1010;2005-03-05;M;Bootcamp;12;1456;1620;Cash;Valorant;4.0;1
SESS-10891;2026-08-07 22:52:10;USR-1566;2005-10-24;M;Standard;8;960;800;App;CS2;;0
SESS-10568;2026-08-06 18:14:18;USR-1396;2006-01-08;M;Standard;1;160;100;Card;Minecraft;;0
SESS-13687;2026-08-19 20:56:04;USR-1074;2005-02-02;M;Bootcamp;1;0;150;Cash;Valorant;4.0;0
SESS-13716;2026-08-10 22:33:01;USR-1175;2006-10-19;M;Standard;8;0;720;App;CS2;4.0;1
SESS-12912;2026-08-09 23:04:22;USR-1699;1991-01-24;M;VIP;8;2226;1440;Card;CS2;;1
SESS-11106;2026-08-28 05:08:31;USR-1111;2012-11-21;M;Standard;4;0;400;Cash;CS2;;0
SESS-14244;2026-08-29 19:45:14;USR-1665;2010-07-22;M;Standard;4;0;360;Cash;Apex Legends;;1
SESS-12236;2026-08-10 20:43:02;USR-1559;2006-09-22;M;Standard;3;503;270;Card;CS2;3.0;1
SESS-15170;2026-08-09 01:27:08;USR-1191;2011-05-01;M;Standard;8;0;800;Card;Dota 2;4.5;0
SESS-15494;2026-08-08 13:12:43;USR-1090;2010-09-06;M;Standard;5;0;450;Cash;CS2;5.0;1
SESS-13709;2026-08-04 23:26:24;USR-1026;2005-03-02;M; Bootcamp ;8;0;1600;App;CS2;3.0;0
SESS-13733;2026-08-25 21:15:25;USR-1373;2005-07-27;M;Standard;4;0;400;;Dota 2;4.0;0
SESS-15552;2026-08-23 15:14:13;USR-1108;1998-04-14;M;VIP;5;1260;900;Card;CS2;4.0;1
SESS-13227;2026-08-07 15:07:07;USR-1624;2007-03-25;M;VIP;8;0;1600;Card;Dota 2;4.0;0
SESS-14465;2026-08-11 23:51:09;USR-1386;2007-12-17;M;VIP;12;0;2400;App;Dota 2;3.0;0
SESS-12711;2026-08-09 19:46:42;USR-1460;2002-07-15;F;VIP;4;1106;720;App;Dota 2;2.0;1
SESS-14255;2026-08-14 13:48:49;USR-1104;2004-02-10;F;Bootcamp;1;0;150;App;CS2;;0
SESS-15435;2026-08-02 17:50:39;USR-1602;1994-01-19;M;VIP;1;420;200;Card;Dota 2;5.0;0
SESS-14767;2026-08-27 19:10:33;USR-1087;2002-08-16;F;VIP;5;880;1000;App;CS2;1.0;0
SESS-12556;2026-08-23 01:38:33;USR-1153;2003-01-20;M;VIP ;2;320;400;App;Valorant;5.0;0
SESS-15383;2026-08-19 12:59:12;USR-1156;2008-07-22;M;Standard;2;240;200;Card;CS2;;0
SESS-10682;2026-08-12 17:27:52;USR-1017;2006-06-21;M;VIP;2;390;400;Card;Valorant;;0
SESS-12926;2026-08-08 16:34:34;USR-1079;2003-06-06;M;Bootcamp;1;230;150;Card;Valorant;4.5;0
SESS-12743;2026-08-16 22:41:17;USR-1139;2004-06-17;M;PS5;8;1280;2000;Card;CS2;5.0;0
SESS-11886;2026-08-28 15:08:55;USR-1661;2006-10-22;M;Bootcamp;3;390;450;App;Valorant;;0
SESS-12211;2026-08-02 20:11:43;USR-1081;1997-07-08;M;Bootcamp;1;0;150;Card;Deadlock;;0
SESS-13192;2026-08-27 23:15:17;USR-1769;2011-01-01;F;VIP;8;672;1440;Card;CS2;5.0;1
SESS-14351;2026-08-27 15:51:48;USR-1336;2011-02-07;M;Standard;3;0;300;Cash;Dota 2;4.0;0
SESS-15074;2026-08-18 04:16:51;USR-1112;2010-12-09;M;VIP;5;420;900;Card;Minecraft;4.0;1
SESS-14676;2026-08-29 12:48:08;USR-1672;2003-10-01;F;Bootcamp;2;0;300;Card;Dota 2;;0
SESS-12018;2026-08-02 09:38:06;USR-1376;2007-08-26;M;Standard;2;0;200;Card;Valorant;;0
SESS-13346;2026-08-20 20:56:13;USR-1744;1996-05-27;F;PS5;2;540;500;Card;CS2;4.5;0
SESS-15533;2026-08-06 01:21:44;USR-1648;1995-07-04;M;VIP;8;2436;1440;Card;Dota 2;4.5;1
SESS-13910;2026-08-04 19:44:16;USR-1022;2010-12-12;M;Bootcamp;2;160;300;Cash;CS2;5.0;0
SESS-11235;2026-08-16 19:54:37;USR-1792;2006-11-15;M;Standard;1;120;100;Card;CS2;4.0;0
SESS-15526;2026-08-29 17:43:25;USR-1013;2004-01-28;M;VIP;5;951;900;Card;PUBG;5.0;1
SESS-11697;2026-08-26 16:30:53;USR-1098;2005-09-18;F;PS5;2;240;500;App;PUBG;;0
SESS-10846;2026-08-16 18:30:09;USR-1062;2008-06-27;F;Bootcamp;2;0;300;App;Deadlock;4.5;0
SESS-15243;2026-08-28 14:24:27;USR-1092;2011-05-01;M;VIP;2;120;400;App;GTA V;;0
SESS-13336;2026-08-12 14:04:23;USR-1034;2011-05-20;F;VIP;3;0;600;App;Minecraft;;0
SESS-14618;2026-08-08 09:27:09;USR-1506;2003-04-14;M;Standard;3;672;270;App;Dota 2;;1
SESS-10999;2026-08-27 23:51:07;USR-1129;1997-03-27;M;Standard;3;0;300;App;PUBG;;0
SESS-13774;2026-08-30 23:57:23;USR-1099;2006-06-02;M;PS5;8;0;2000;Card;Deadlock;;0
SESS-11484;2026-08-14 14:11:13;USR-1214;2010-04-09;M;Standard;1;56;90;App;Valorant;;1
SESS-13633;2026-08-03 15:43:03;USR-1094;1994-08-05; M ;Bootcamp;2;540;300;Card;Cyberpunk 2077;;0
SESS-15218;2026-08-17 18:39:46;USR-1729;2011-08-11;M;Standard;2;0;200;Cash;Minecraft;;0
SESS-11152;2026-08-01 18:36:27;USR-1211;2010-02-27;M;Standard;2;0;200;App;Minecraft;;0
SESS-11660;2026-08-20 19:57:40;USR-1726;2006-09-21;M;PS5;3;360;750;App;CS2;5.0;0
SESS-12251;2026-08-21 12:04:33;USR-1117;2012-06-18;F;Standard;3;0;300;Cash;Deadlock;;0
SESS-11381;2026-08-22 12:57:18;USR-1763;1992-02-26;F;PS5;5;2170;1125;Card;GTA V;5.0;1
SESS-13504;2026-08-22 16:30:42;USR-1666;2009-08-16;M;Bootcamp;2;0;300;Card;Valorant;;0
SESS-12213;2026-08-11 19:03:23;USR-1480;2008-04-26;M;Standard;5;0;500;App;Dota 2;;0
SESS-10702;2026-08-09 16:51:09;USR-1499;2007-10-04;M;Standard;1;0;100;App;CS2;;0
SESS-11616;2026-08-19 20:37:24;USR-1411;2006-02-22;M;PS5;3;503;675;App;Dota 2;;1
SESS-13971;2026-08-19 11:20:50;USR-1078;1995-02-26;M;PS5;3;900;750;Card;Dota 2;4.5;0
SESS-12881;2026-08-30 18:39:32;USR-1536;2006-09-10;M;Bootcamp;1;0;150;Card;Dota 2;;0
SESS-11388;2026-08-12 14:16:10;USR-1010;2005-03-05;M;Standard;1;0;100;Card;Dota 2;;0
SESS-10162;2026-08-01 07:35:54;USR-1115;2011-04-23;M;Standard;3;240;300;App;CS2;;0
SESS-11207;2026-08-31 20:19:14;USR-1042;1992-11-01;M;Bootcamp;2;0;300;App;GTA V;;0
SESS-10394;2026-08-29 23:42:14;USR-1384;1997-10-15;F;VIP;8;2300;1600;Card;PUBG;5.0;0
SESS-15082;2026-08-03 23:50:40;USR-1149;1994-08-11;M;PS5;5;1550;1250;Card;Dota 2;4.5;0
SESS-14985;2026-08-06 01:28:31;USR-1703;2007-12-18;M;VIP;8;1360;1600;Card;Dota 2;5.0;0
SESS-14359;2026-08-07 22:38:04;USR-1000;2006-02-16;M;Standard;5;600;500;Card;Dota 2;4.0;0
SESS-13270;2026-08-22 10:14:37;USR-1596;2006-06-04;M;Standard;2;160;200;Card;Apex Legends;;0
SESS-12004;2026-08-29 14:01:56;USR-1518;2007-10-19;M;Bootcamp;3;390;450;Card;Dota 2;;0
SESS-10730;2026-08-23 13:02:53;USR-1053;2003-11-22;M;Bootcamp;3;440;450;App;CS2;;0
SESS-13487;2026-08-24 10:33:09;USR-1452;2007-02-14;M;Bootcamp;3;630;450;Card;Dota 2;;0
SESS-14476;2026-08-20 17:11:19;USR-1664;2012-03-23;M;PS5;1;0;250;Cash;Dota 2;;0
SESS-14426;2026-08-09 19:56:26;USR-1105;1994-07-15;F;Bootcamp;2;510;300;Card;GTA V;;0
SESS-14863;2026-08-16 16:14:22;USR-1085;2011-03-10;M;Standard;2;0;200;Cash;Minecraft;;0
SESS-11317;2026-08-03 02:52:54;USR-1295;2001-06-22;M;Bootcamp;8;1106;1080;Card;Deadlock;;1
SESS-11772;2026-08-15 18:03:46;USR-1777;2006-06-14;M;VIP;2;0;400;Card;Dota 2;;0
SESS-15332;2026-08-12 17:33:51;USR-1119;2005-11-03;M;Standard;1;0;100;Card;Dota 2;;0
SESS-11535;2026-08-15 06:50:56;USR-1357;2004-06-18;M;Standard;5;0;500;Cash;CS2;4.5;0
SESS-12823;2026-08-13 17:30:23;USR-1789;2003-01-17;M;PS5;2;336;450;Card;CS2;;1
SESS-10613;2026-08-11 19:40:20;USR-1476;2007-08-10;M;Standard;1;120;100;Cash;Apex Legends;;0
SESS-12058;2026-08-26 15:15:20;USR-1019;1998-11-10;M;PS5;2;510;500;Card;CS2;4.5;0
SESS-11521;2026-08-09 00:45:09;USR-1785;2001-09-19;M;PS5;3;240;750;Cash;Cyberpunk 2077;4.0;0
SESS-13873;2026-08-12 22:53:25;USR-1437;2004-04-15;M;Bootcamp;8;0;1200;Card;CS2;4.0;0
SESS-14865;2026-08-19 23:32:18;USR-1096;2000-06-13;M;Bootcamp;8;1110;1200;App;GTA V;;0
SESS-13705;2026-08-03 11:41:12;USR-1429;2007-06-27;M;PS5;2;240;500;Card;Deadlock;4.0;0
SESS-12456;2026-08-08 16:42:34;USR-1198;2011-08-10;F;Standard;2;0;200;Cash;CS2;;0
SESS-12433;2026-08-16 18:33:46;USR-1198;2011-08-10;F;Standard;3;0;300;App;Deadlock;5.0;0
SESS-11015;2026-08-07 19:51:29;USR-1231;2004-08-22;F;Standard;1;120;100;Card;Valorant;4.5;0
SESS-14613;2026-08-23 10:54:28;USR-1177;1999-03-17;M;PS5;2;650;500;App;Cyberpunk 2077;;0
SESS-15105;2026-08-01 19:53:27;USR-1729;2011-08-11;M;Standard;2;0;200;App;Valorant;;0
SESS-13869;2026-08-01 20:07:00;USR-1095;2010-06-09;M;Standard;2;0;200;App;CS2;4.5;0
SESS-11559;2026-08-15 12:18:40;USR-1722;2006-05-27;F;PS5;3;480;750;App;CS2;;0
SESS-12554;2026-08-31 19:00:41;USR-1013;2004-01-28;M;Standard;2;224;180;Card;Deadlock;;1
SESS-11174;2026-08-08 13:43:20;USR-1007;2006-10-02;M;Bootcamp;3;0;450;Card;Dota 2;4.0;0
SESS-10576;2026-08-10 22:13:29;USR-1231;2004-08-22;F;Bootcamp;12;1520;1800;Card;Dota 2;4.5;0
SESS-10894;2026-08-01 15:28:51;USR-1774;1997-04-13;F;Standard;8;0;800;Card;CS2;4.5;0
SESS-15365;2026-08-29 16:45:59;USR-1154;2007-03-12;M;VIP;3;0;600;Card;Deadlock;;0
SESS-15547;2026-08-07 11:52:27;USR-1141;2012-07-05;M;Standard;2;0;180;Card;Valorant;;1
SESS-14671;2026-08-18 12:53:41;USR-1533;1993-12-28;M;PS5;2;390;500;Card;Cyberpunk 2077;;0
SESS-12297;2026-08-29 11:53:48;USR-1553;2011-06-07;F;Bootcamp;4;0;540;Cash;CS2;;1
SESS-13291;2026-08-27 02:11:17;USR-1094;1994-08-05;M;VIP;3;690;600;Card;Valorant;;0
SESS-10424;2026-08-22 15:16:42;USR-1194;1994-01-24;M;PS5;1;480;250;Card;Dota 2;;0
SESS-13166;2026-08-07 20:07:46;USR-1088;2004-02-01;M;Bootcamp;2;0;300;Card;Dota 2;5.0;0
SESS-10374;2026-08-18 15:07:03;USR-1376;2007-08-26;M;Bootcamp;2;434;270;App;CS2;4.5;1
SESS-11057;2026-08-08 15:29:51;USR-1728;2012-01-22;M;Bootcamp;8;0;1200;App;CS2;;0
SESS-15356;2026-08-15 19:59:25;USR-1577;2010-05-08;M;Bootcamp;3;0;450;Cash;Minecraft;5.0;0
SESS-10412;2026-08-10 18:12:56;USR-1136;2010-11-02;M;Standard;3;0;300;App;CS2;4.0;0
SESS-12140;2026-08-29 16:07:15;USR-1449;2011-12-11;M;Standard;3;180;300;App;CS2;4.0;0
SESS-12526;2026-08-27 22:15:43;USR-1268;2006-06-13;M;Bootcamp;8;1430;1200;Card;Valorant;4.0;0
SESS-13777;2026-08-29 15:45:52;USR-1217;2003-03-18;M;Standard;2;240;200;Card;Dota 2;;0
SESS-13976;2026-08-02 16:37:15;USR-1352;1995-12-27;F;ps5;1;0;200;Card;GTA V;5.0;0
SESS-10171;2026-08-03 19:14:29;USR-1333;2011-09-03;M;Standard;12;0;1200;Cash;Minecraft;;0
SESS-12208;2026-08-22 10:38:15;USR-1152;1992-08-26;M;Standard;1;180;100;Card;Dota 2;5.0;0
SESS-12678;2026-08-18 16:53:23;USR-1053;2003-11-22;M;Bootcamp;3;390;450;App;CS2;1.0;0
SESS-11591;2026-08-27 22:23:13;USR-1329;2002-01-06;F;Standard;8;0;800;Card;Dota 2;5.0;0
SESS-12499;2026-08-08 23:36:34;USR-1080;2010-03-26;M;Standard;8;640;800;Cash;Minecraft;5.0;0
SESS-14521;2026-08-12 18:20:36;USR-1135;2006-08-02;M;Standard;3;360;300;Card;Cyberpunk 2077;5.0;0
SESS-15256;2026-08-02 13:23:01;USR-1591;2007-05-07;M;Standard;3;336;270;App;CS2;4.5;1
SESS-15295;2026-08-05 07:24:24;USR-1129;1997-03-27;M;VIP;1;550;200;Card;Cyberpunk 2077;5.0;0
SESS-11101;2026-08-21 17:49:22;USR-1726;2006-09-21;M;VIP;4;0;720;Card;Deadlock;5.0;1
SESS-10765;2026-08-13 21:20:39;USR-1133;2010-07-11;M;Standard;3;120;300;App;Dota 2;;0
SESS-15484;2026-08-21 11:37:39;USR-1734;2011-02-07;M;Standard;2;160;200;Cash;Valorant;4.0;0
SESS-14144;2026-08-09 22:37:05;USR-1040;1991-09-28;M;PS5;8;0;2000;Cash;CS2;;0
SESS-11540;2026-08-11 14:09:54;USR-1183;2012-03-28;F;VIP;1;0;200;App;Dota 2;;0
SESS-11495;2026-08-07 12:53:34;USR-1469;2008-07-09;F;Standard;2;0;200;App;CS2;;0
SESS-10954;2026-08-30 17:26:08;USR-1051;2011-05-15;M;Bootcamp;1;60;150;App;Minecraft;;0
SESS-11543;2026-08-30 12:59:47;USR-1567;1994-04-01;M;VIP;3;840;600;Card;CS2;4.0;0
SESS-14836;2026-08-29 19:13:52;USR-1481;2005-06-02;F;Bootcamp;2;0;300;Card;Dota 2;4.5;0
SESS-12896;2026-08-31 18:22:56;USR-1285;2010-09-09;M;Standard;4;240;400;Cash;CS2;;0
SESS-14104;2026-08-11 02:31:19;USR-1738;1999-03-01;M;PS5;3;900;750;App;CS2;4.5;0
SESS-15492;2026-08-29 20:10:11;USR-1082;2002-08-01;M;Bootcamp;1;0;150;App;CS2;;0
SESS-13397;2026-08-15 17:45:00;USR-1056;2005-02-01;F;Standard;1;0;100;Cash;Deadlock;;0
SESS-10048;2026-08-22 18:39:24;USR-1538;2006-03-12;F;Standard;1;160;100;App;Minecraft;;0
SESS-11069;2026-08-06 19:24:51;USR-1018;2004-09-15;M;Bootcamp;8;790;1200;Card;Dota 2;2.0;0
SESS-10688;2026-08-11 22:24:45;USR-1341;2006-06-08;F;VIP;8;0;1440;Card;CS2;5.0;1
SESS-10674;2026-08-08 20:38:45;USR-1001;1992-12-07;M;Bootcamp;1;270;150;Cash;Cyberpunk 2077;4.5;0
SESS-15328;2026-08-27 19:44:17;USR-1445;2005-01-26;M;Standard;3;672;270;Card;CS2;;1
SESS-15470;2026-08-12 01:16:58;USR-1734;2011-02-07;M;PS5;5;0;1250;Cash;Valorant;4.5;0
SESS-13588;2026-08-01 23:26:50;USR-1426;2003-03-18;F;Standard;8;0;800;App;Dota 2;4.5;0
SESS-13060;2026-08-22 16:44:09;USR-1230;2000-05-02;M;PS5;3;1176;675;Card;PUBG;5.0;1
SESS-14472;2026-08-15 20:35:46;USR-1124;2004-10-22;M;VIP;4;882;720;Card;CS2;;1
SESS-13746;2026-08-31 17:48:28;USR-1260;2006-01-17;M;VIP;3;882;540;Card;Valorant;2.0;1
SESS-10517;2026-08-16 21:03:33;USR-1116;2006-02-02;M;VIP;4;560;720;Card;Valorant;4.5;1
SESS-14247;2026-08-15 16:42:41;USR-1605;2005-11-02;M;Standard;12;0;1200;App;Deadlock;;0
SESS-12720;2026-08-30 02:14:34;USR-1613;2005-10-06;M;VIP;4;560;720;Card;Dota 2;;1
SESS-12097;2026-08-05 14:39:56;USR-1736;2007-02-18;M;Standard;1;0;100;Card;Valorant;;0
SESS-12897;2026-08-22 12:49:22;USR-1054;2010-09-08;M;Bootcamp;5;0;750;App;CS2;2.0;0
SESS-10533;2026-08-10 17:13:10;USR-1542;2006-08-20;M;PS5;1;0;250;Card;PUBG;4.0;0
SESS-12666;2026-08-19 13:27:56;USR-1705;2009-02-04;M;VIP;3;0;600;Cash;Minecraft;5.0;0
SESS-14688;2026-08-07 23:14:22;USR-1445;2005-01-26;M;PS5;8;960;2000;Card;CS2;4.5;0
SESS-12698;2026-08-07 16:43:14;USR-1472;2010-10-08;M;Standard;1;0;100;Cash;CS2;;0
SESS-13366;2026-08-27 00:04:06;USR-1317;2011-01-03;F;Standard;2;120;200;Cash;Valorant;4.5;0
SESS-15530;2026-08-04 18:23:06;USR-1181;2005-07-26;F;Bootcamp;2;390;300;Card;CS2;;0
SESS-15066;2026-08-22 09:29:06;USR-1070;2005-10-03;M;Bootcamp;4;0;600;App;Dota 2;;0
SESS-12123;2026-08-08 19:10:44;USR-1002;2001-09-28;F;Standard;2;0;200;Card;Dota 2;3.0;0
SESS-12325;2026-08-01 19:05:58;USR-1580;2011-12-09;F;Standard;3;251;270;Card;Dota 2;;1
SESS-11779;2026-08-28 14:38:36;USR-1249;2011-08-26;M;PS5;1;0;250;App;CS2;4.0;0
SESS-10950;2026-08-08 19:28:27;USR-1008;2004-03-27;F;Bootcamp;1;0;150;Card;Dota 2;;0
SESS-10667;2026-08-02 15:59:15;USR-1204;2005-10-04;F;PS5;1;160;250;Card;Dota 2;;0
SESS-12162;2026-08-04 00:02:46;USR-1726;2006-09-21;M;Standard;8;960;800;Card;Valorant;4.5;0
SESS-15204;2026-08-15 21:26:45;USR-1272;2002-12-08;M;Standard;3;240;300;Card;PUBG;;0
SESS-12126;2026-08-10 17:01:28;USR-1104;2004-02-10;F;Bootcamp;3;448;405;App;Valorant;;1
SESS-12150;2026-08-08 14:56:19;USR-1643;2007-06-26;M;Standard;2;224;180;Card;CS2;;1
SESS-15537;2026-08-07 16:50:00;USR-1032;2007-01-28;M;Bootcamp;1;240;150;;CS2;3.0;0
SESS-13824;2026-08-07 09:24:45;USR-1016;2002-04-03;M;Standard;12;0;1080;Card;Dota 2;4.5;1
SESS-14013;2026-08-28 11:45:32;USR-1785;2001-09-19;M;PS5;3;360;750;App;CS2;;0
SESS-10483;2026-08-05 12:21:20;USR-1063;2005-12-17;F;Bootcamp;1;230;150;Card;Valorant;;0
SESS-15287;2026-08-22 00:12:49;USR-1216;1990-03-19;M;PS5;8;0;2000;App;Browser/Work;4.0;0
SESS-12311;2026-08-04 19:47:23;USR-1010;2005-03-05;M;Bootcamp;1;240;150;;Minecraft;4.0;0
SESS-13833;2026-08-02 17:32:52;USR-1081;1997-07-08;M;Standard;3;0;270;Card;GTA V;;1
SESS-14450;2026-08-06 14:12:20;USR-1675;2004-10-24;M;VIP;4;0;800;Card;Valorant;;0
SESS-14352;2026-08-21 18:38:57;USR-1652;2011-12-25;M;Standard;3;240;300;Card;Minecraft;4.0;0
SESS-10657;2026-08-25 22:54:22;USR-1491;2007-06-07;M;Bootcamp;8;0;1080;Card;Dota 2;;1
SESS-13543;2026-08-19 19:04:06;USR-1330;2005-05-26;M;PS5;2;0;500;Card;Dota 2;;0
SESS-12516;2026-08-16 17:49:13;USR-1040;1991-09-28;M;PS5;3;510;750;App;GTA V;;0
SESS-14416;2026-08-31 23:43:12;USR-1056;2005-02-01;F;VIP;5;0;1000;App;Valorant;;0
SESS-14133;2026-08-08 11:46:44;USR-1085;2011-03-10;M;Standard;2;0;200;App;CS2;;0
SESS-11659;2026-08-03 11:01:35;USR-1118;2012-06-26;M;Standard;3;168;270;Card;Dota 2;;1
SESS-13637;2026-08-16 22:14:16;USR-1604;2007-01-04; M ;VIP;5;0;1000;Card;CS2;4.0;0
SESS-11279;2026-08-31 17:32:21;USR-1061;2005-08-26;F;VIP;1;160;200;Card;Apex Legends;;0
SESS-13804;2026-08-23 20:28:05;USR-1089;2009-09-24;M;Bootcamp;8;0;1200;Cash;Valorant;;0
SESS-12845;2026-08-15 10:34:49;USR-1348;2003-03-16;M;Standard;8;896;720;Card;CS2;5.0;1
SESS-15088;2026-08-30 11:00:07;USR-1338;2003-05-26;M;Standard;1;120;100;Card;Deadlock;;0
SESS-15130;2026-08-14 10:46:57;USR-1359;2004-01-27;M;VIP;2;390;400;Card;CS2;;0
SESS-13322;2026-08-11 17:59:11;USR-1373;2005-07-27;M;Bootcamp;2;310;300;Cash;Dota 2;4.0;0
SESS-10429;2026-08-04 16:48:18;USR-1115;2011-04-23;m;Bootcamp;2;0;300;Cash;Valorant;;0
SESS-11639;2026-08-16 14:57:42;USR-1155;2012-05-12;F;Standard;3;0;270;App;Valorant;4.5;1
SESS-13812;2026-08-30 20:44:26;USR-1134;2000-09-06;M;Bootcamp;1;0;150;Card;CS2;;0
SESS-11565;2026-08-16 18:20:28;USR-1080;2010-03-26;M;Standard;5;200;500;App;CS2;4.5;0
SESS-15490;2026-08-12 21:07:57;USR-1506;2003-04-14;M;Standard;1;120;100;App;Minecraft;;0
SESS-13939;2026-08-19 18:26:01;USR-1160;2007-06-15;M; standard ;1;0;150;App;PUBG;;0
SESS-15168;2026-08-06 14:44:35;USR-1065;2008-04-06;M;Standard;3;480;300;App;GTA V;4.0;0
SESS-13281;2026-08-26 10:32:21;USR-1041;2008-02-09;M;Standard;4;640;400;App;Dota 2;;0
SESS-10877;2026-08-06 18:06:16;USR-1086;2004-06-19;M;Bootcamp;2;0;300;;Valorant;4.0;0
SESS-14583;2026-08-29 13:28:45;USR-1091;2006-06-21;M;VIP;3;440;600;App;CS2;4.0;0
SESS-15057;2026-08-19 15:12:01;USR-1090;2010-09-06;M;Bootcamp;5;0;750;Cash;Dota 2;;0
SESS-15468;2026-08-22 18:48:31;USR-1095;2010-06-09;M;Bootcamp;2;0;300;Cash;Valorant;3.0;0
SESS-13254;2026-08-09 22:17:45;USR-1560;2002-04-01;M;VIP;5;0;1000;Card;Dota 2;5.0;0
SESS-12503;2026-08-27 02:00:35;USR-1085;2011-03-10;M;Standard;1;60;100;App;Minecraft;;0
SESS-14510;2026-08-24 16:50:44;USR-1454;2010-08-02;M;Standard;8;0;720;App;GTA V;;1
SESS-14093;2026-08-15 09:56:20;USR-1102;1998-08-23;M;PS5;1;550;250;Card;Cyberpunk 2077;;0
SESS-10572;2026-08-06 18:14:16;USR-1008;2004-03-27;F;Bootcamp;3;448;405;App;Dota 2;;1
SESS-14369;2026-08-30 19:18:48;USR-1390;2003-09-10;M;VIP;5;480;1000;Card;Dota 2;5.0;0
SESS-11923;2026-08-13 16:46:23;USR-1668;1994-04-21;F;PS5;3;1176;675;Card;Dota 2;;1
SESS-10777;2026-08-28 20:03:30;USR-1027;2002-07-03;M;Standard;2;160;200;Card;Dota 2;;0
SESS-12106;2026-08-05 14:33:42;USR-1668;1994-04-21;F;Standard;2;0;200;Card;GTA V;;0
SESS-12020;2026-08-28 23:59:02;USR-1680;2007-04-03;M;PS5;8;1280;2000;App;Dota 2;;0
SESS-14178;2026-08-19 21:57:26;USR-1704;2007-12-26;M;Bootcamp;3;0;450;Card;Dota 2;;0
SESS-15362;2026-08-30 13:47:48;USR-1711;2010-10-01;M;Bootcamp;2;0;300;Cash;Minecraft;;0
SESS-14388;2026-08-19 14:25:30;USR-1050;2004-06-28;M;VIP;1;0;200;Cash;Dota 2;;0
SESS-11274;2026-08-31 18:42:24;USR-1742;1993-03-09;M;VIP;2;800;400;App;Dota 2;;0
SESS-14885;2026-08-27 20:47:37;USR-1546;1998-07-07;M;PS5;4;0;1000;App;CS2;4.5;0
SESS-12552;2026-08-27 18:43:36;USR-1420;2008-03-16;M;Standard;2;320;200;Card;Dota 2;;0
SESS-12560;2026-08-01 12:46:14;USR-1466;2000-02-05;M;VIP;1;400;200;Card;PUBG;;0
SESS-13184;2026-08-07 17:52:32;USR-1776;2009-02-12;M;Standard;1;40;100;App;CS2;;0
SESS-15524;2026-08-07 01:53:57;USR-1016;2002-04-03;M;Bootcamp;3;510;450;Cash;Deadlock;5.0;0
SESS-11447;2026-08-18 12:07:59;USR-1112;2010-12-09;M;Bootcamp;2;160;300;App;CS2;;0
SESS-11742;2026-08-09 13:00:40;USR-1297;2002-03-08;M;Bootcamp;3;560;450;App;Valorant;;0
SESS-11147;2026-08-30 13:21:04;USR-1045;2006-03-28;M;Bootcamp;2;0;270;Card;Dota 2;;1
SESS-11675;2026-08-30 14:03:32;USR-1091;2006-06-21;M;PS5;2;0;500;App;Dota 2;;0
SESS-10385;2026-08-09 20:56:07;USR-1147;2002-10-26;M;Standard;1;0;100;Card;Dota 2;;0
SESS-13758;2026-08-18 18:32:07;USR-1279;2009-11-19;M;Bootcamp;1;40;150;Card;Valorant;4.0;0
SESS-14781;2026-08-23 09:50:43;USR-1622;2007-09-09;F;Bootcamp;3;630;450;Card;CS2;;0
SESS-12357;2026-08-19 21:02:55;USR-1116;2006-02-02;M;VIP;4;0;800;Card;Dota 2;;0
SESS-12740;2026-08-26 18:57:39;USR-1447;2006-10-19;M;Standard;2;160;200;Card;CS2;1.0;0
SESS-11002;2026-08-05 19:07:06;USR-1369;2004-03-20;M;VIP;2;470;400;App;Dota 2;4.5;0
SESS-13349;2026-08-30 17:45:15;USR-1235;2007-09-22;M;Standard;4;896;360;Card;CS2;;1
SESS-11084;2026-08-27 18:50:46;USR-1007;2006-10-02;M;VIP;8;1430;1600;Card;Deadlock;4.5;0
SESS-12596;2026-08-07 18:37:37;USR-1585;2004-02-04;M;Standard;2;160;200;Card;CS2;5.0;0
SESS-11025;2026-08-09 01:54:39;USR-1500;2010-08-07;M;Standard;12;0;1200;App;Dota 2;;0
SESS-14518;2026-08-21 23:52:35;USR-1756;1993-04-03;F;Standard;8;0;800;Card;Cyberpunk 2077;;0
SESS-11380;2026-08-05 14:10:25;USR-1062;2008-06-27;F;Standard;2;0;200;App;CS2;;0
SESS-14145;2026-08-15 17:33:05;USR-1746;2006-10-03;F;VIP;3;0;600;Cash;Dota 2;4.5;0
SESS-14723;2026-08-28 19:47:53;USR-1022;2010-12-12;M;Standard;2;0;200;Card;GTA V;;0
SESS-13000;2026-08-09 16:34:09;USR-1774;1997-04-13;F;PS5;1;330;250;Card;GTA V;;0
SESS-13505;2026-08-27 17:06:39;USR-1391;2007-07-28;M;Standard;2;0;200;Card;Dota 2;2.0;0
SESS-14027;2026-08-15 12:12:39;USR-1004;2010-05-15;F;Bootcamp;2;0;300;Card;CS2;;0
SESS-11325;2026-08-30 16:30:48;USR-1013;2004-01-28;M;VIP;2;658;360;Card;CS2;;1
SESS-14147;2026-08-26 18:49:12;USR-1613;2005-10-06;M;Standard;1;0;100;App;Dota 2;2.0;0
SESS-15452;2026-08-28 11:15:01;USR-1257;2004-05-13;M;Standard;2;0;200;App;CS2;;0
SESS-12252;2026-08-27 10:29:05;USR-1593;2002-08-20;M;Standard;2;0;200;Card;Valorant;;0
SESS-10927;2026-08-31 16:49:41;USR-1273;2009-02-12;M;Standard;5;0;500;App;CS2;;0
SESS-12221;2026-08-28 15:25:26;USR-1773;1997-12-01;F;VIP;1;550;200;Card;Cyberpunk 2077;;0
SESS-10494;2026-08-14 16:46:08;USR-1546;1998-07-07;M;VIP;4;0;800;Card;GTA V;;0
SESS-12733;2026-08-18 22:40:56;USR-1040;1991-09-28;M;PS5;8;1590;2000;Card;Cyberpunk 2077;;0
SESS-13596;2026-08-17 18:40:44;USR-1169;2007-04-13;F;Standard;3;360;300;Card;CS2;4.0;0
SESS-12105;2026-08-01 20:49:57;USR-1020;2010-04-19;M;Standard;2;120;200;Card;Valorant;;0
SESS-13736;2026-08-16 13:10:50;USR-1546;1998-07-07;M;Bootcamp;3;1176;405;Card;Dota 2;5.0;1
SESS-13360;2026-08-01 00:19:11;USR-1012;2003-04-12;F;Bootcamp;8;1360;1200;Card;Deadlock;;0
SESS-14262;2026-08-21 16:41:08;USR-1385;1992-02-06;M;VIP;2;0;400;Card;Dota 2;;0
SESS-10964;2026-08-02 18:29:10;USR-1128;1997-08-27;M;VIP;3;1050;600;Card;CS2;2.0;0
SESS-14340;2026-08-08 15:55:15;USR-1093;2005-01-04;F;Bootcamp;2;310;300;Card;Apex Legends;;0
SESS-15517;2026-08-20 13:40:04;USR-1676;2009-05-02;M;Standard;4;448;360;Card;Minecraft;4.0;1
SESS-10914;2026-08-07 19:45:52;USR-1376;2007-08-26;M;PS5;2;240;500;App;Deadlock;;0
SESS-11835;2026-08-29 06:07:33;USR-1268;2006-06-13;M;Standard;1;0;100;Card;Deadlock;;0
SESS-11614;2026-08-17 13:48:18;USR-1411;2006-02-22;M;Bootcamp;2;400;300;App;CS2;;0
SESS-14657;2026-08-21 15:20:22;USR-1052;2007-09-02;M;Standard;2;224;180;Card;Deadlock;;1
SESS-13550;2026-08-08 15:57:02;USR-1280;1994-07-18;F;Bootcamp;1;420;150;Card;CS2;;0
SESS-11558;2026-08-22 18:03:15;USR-1032;2007-01-28;M;Bootcamp;1;0;150;Card;Minecraft;;0
SESS-14269;2026-08-08 07:36:39;USR-1523;1988-03-23;M;Standard;1;120;100;Card;CS2;;0
SESS-11073;2026-08-15 17:17:22;USR-1055;2004-02-26;M;Bootcamp;2;240;300;Card;CS2;4.5;0
SESS-15575;2026-08-26 01:32:07;USR-1152;1992-08-26;M;VIP;2;0;400;Card;Browser/Work;;0
SESS-12715;2026-08-02 19:53:42;USR-1031;2009-11-16;M;Standard;2;0;200;Card;Valorant;;0
SESS-10354;2026-08-02 19:09:32;USR-1046;2009-05-04;M;Bootcamp;2;160;300;App;Minecraft;;0
SESS-14536;2026-08-15 12:09:29;USR-1054;2010-09-08;M;Standard;3;120;300;App;Deadlock;4.0;0
SESS-12513;2026-08-04 18:54:43;USR-1277;1995-03-23;M;Standard;2;500;200;Card;Dota 2;1.0;0
SESS-12099;2026-08-21 14:23:24;USR-1149;1994-08-11;M;PS5;2;660;500;Card;Cyberpunk 2077;4.5;0
SESS-14741;2026-08-15 15:04:37;USR-1308;2010-03-03;M;Bootcamp;3;0;450;Cash;CS2;;0
SESS-11845;2026-08-14 23:32:47;USR-1249;2011-08-26;M;Standard;5;0;500;Cash;Minecraft;4.5;0
SESS-10059;2026-08-24 21:22:36;USR-1159;2005-01-02;M;Standard;1;160;100;Card;CS2;;0
SESS-13463;2026-08-02 22:09:52;USR-1131;2008-12-05;F;Standard;8;1280;800;App;PUBG;3.0;0
SESS-14041;2026-08-14 17:36:39;USR-1439;2003-02-03;F;Standard;2;0;180;Card;Dota 2;;1
SESS-15303;2026-08-12 09:20:54;USR-1079;2003-06-06;M;Bootcamp;2;400;300;Card;CS2;4.5;0
SESS-14941;2026-08-03 09:25:39;USR-1591;2007-05-07;M;PS5;2;0;500;App;Dota 2;;0
SESS-14242;2026-08-02 15:22:15;USR-1016;2002-04-03;M;PS5;2;160;500;App;Deadlock;2.0;0
SESS-10425;2026-08-18 11:04:17;USR-1076;2006-09-12;M;Standard;1;80;100;Card;Dota 2;;0
SESS-12747;2026-08-07 16:19:00;USR-1462;2004-04-06;M;Standard;5;800;500;Card;PUBG;4.5;0
SESS-10780;2026-08-29 13:41:40;USR-1340;2011-07-19;M;Bootcamp;1;0;150;Cash;Minecraft;;0
SESS-10165;2026-08-18 21:15:10;USR-1267;2005-04-25;M;Bootcamp;2;336;270;;Dota 2;;1
SESS-14906;2026-08-16 16:17:48;USR-1471;2004-08-03;F;Standard;5;0;500;Card;Dota 2;4.0;0
SESS-11599;2026-08-23 17:15:33;USR-1117;2012-06-18;F;Standard;2;160;200;App;Minecraft;;0
SESS-12085;2026-08-22 19:59:17;USR-1120;2010-01-22;F;Standard;3;0;300;Card;Dota 2;5.0;0
SESS-12019;2026-08-01 21:36:17;USR-1219;1995-03-19;M;VIP;3;690;600;Card;Valorant;4.0;0
SESS-10434;2026-08-19 19:05:19;USR-1219;1995-03-19;M;Standard;3;360;300;App;Valorant;;0
SESS-15344;2026-08-27 18:18:14;USR-1017;2006-06-21;M;VIP;3;630;600;Card;Deadlock;3.0;0
SESS-11492;2026-08-27 16:16:33;USR-1486;1998-10-11;M;PS5;3;1470;675;Card;CS2;;1
SESS-10788;2026-08-19 14:43:57;USR-1583;2011-06-19;F;PS5;3;0;750;Card;Minecraft;4.0;0
SESS-14651;2026-08-23 18:30:27;USR-1143;2009-12-19;M;Bootcamp;1;40;150;App;Minecraft;3.0;0
SESS-15436;2026-08-07 09:23:28;USR-1019;1998-11-10;M;VIP;5;1260;900;Card;CS2;4.0;1
SESS-12535;2026-08-15 21:20:24;USR-1477;2012-06-15;M;Standard;2;160;200;App;CS2;;0
SESS-13703;2026-08-01 23:53:54;USR-1144;2001-08-15;M;VIP;12;0;2400;Cash;Deadlock;;0
SESS-11587;2026-08-29 02:17:40;USR-1293;2009-09-01;M;Standard;3;0;270;Cash;Minecraft;;1
SESS-12146;2026-08-28 18:47:05;USR-1004;2010-05-15;F;Bootcamp;2;160;300;App;CS2;;0
SESS-12408;2026-08-14 11:02:16;USR-1588;2006-08-03;M;Standard;2;320;200;App;Valorant;;0
SESS-10883;2026-08-10 13:11:56;USR-1107;1996-01-10;F;VIP;2;390;400;Card;GTA V;5.0;0
SESS-11142;2026-08-08 21:25:06;USR-1189;2010-03-07;M;Standard;3;240;300;App;Minecraft;;0
SESS-14494;2026-08-16 22:19:12;USR-1002;2001-09-28;F;VIP;8;0;1440;Card;Dota 2;4.0;1
SESS-10711;2026-08-27 21:29:04;USR-1639;2008-06-02;M;Bootcamp;3;0;450;Card;Valorant;5.0;0
SESS-12588;2026-08-17 20:22:16;USR-1074;2005-02-02;M;VIP;4;0;800;Card;CS2;;0
SESS-10761;2026-08-15 21:45:39;USR-1321;2003-02-04;M;Standard;4;640;400;Cash;Valorant;5.0;0
SESS-13982;2026-08-22 17:19:06;USR-1683;2006-07-26;M;Bootcamp;5;0;675;Card;Minecraft;4.0;1
SESS-12274;2026-08-15 17:31:25;USR-1461;2010-10-19;M;PS5;1;0;250;App;Dota 2;;0
SESS-14334;2026-08-22 16:22:14;USR-1782;2010-10-05;M;Standard;2;120;200;App;Dota 2;;0
SESS-10262;2026-08-27 12:09:00;USR-1061;2005-08-26;F;VIP;2;400;400;Cash;CS2;;0
SESS-14383;2026-08-13 17:00:20;USR-1716;2006-03-07;F;Standard;2;240;200;Cash;CS2;;0
SESS-10579;2026-08-19 17:08:34;USR-1586;2009-05-19;M;Standard;2;0;200;App;CS2;;0
SESS-12420;2026-08-30 18:03:12;USR-1043;2005-02-07;F; standard ;2;448;180;App;CS2;;1
SESS-15509;2026-08-17 16:07:19;USR-1054;2010-09-08;M;Standard;1;0;100;Cash;Deadlock;;0
SESS-13701;2026-08-22 09:21:39;USR-1237;1997-11-26;F;Bootcamp;3;0;450;Card;CS2;;0
SESS-13786;2026-08-13 17:01:00;USR-1174;1996-11-17;M;VIP;3;1260;540;Card;Dota 2;4.5;1
SESS-12649;2026-08-07 20:59:35;USR-1043;2005-02-07;F;Bootcamp;3;440;450;Card;CS2;;0
SESS-11914;2026-08-09 20:12:49;USR-1594;2008-11-01;M;Bootcamp;2;240;300;App;CS2;4.0;0
SESS-12970;2026-08-14 16:20:02;USR-1186;2011-06-23;M;Standard;1;0;100;Cash;Minecraft;;0
SESS-12292;2026-08-14 17:39:34;USR-1057;2005-07-28;M;VIP;2;320;400;Card;CS2;4.0;0
SESS-15049;2026-08-21 21:22:18;USR-1238;1989-07-19;F;VIP;4;1150;800;Card;Deadlock;2.0;0
SESS-14665;2026-08-22 15:06:44;USR-1002;2001-09-28;F;Standard;2;320;200;Card;CS2;;0
SESS-13088;2026-08-03 20:43:15;USR-1270;2005-11-27;M;Bootcamp;4;0;600;Card;GTA V;4.0;0
SESS-15336;2026-08-16 15:53:10;USR-1017;2006-06-21;M;Standard;2;0;200;Card;CS2;;0
SESS-11595;2026-08-28 03:30:00;USR-1657;2007-05-18;M;Standard;12;1440;1200;App;Dota 2;;0
SESS-12035;2026-08-16 08:39:12;USR-1129;1997-03-27;M;Bootcamp;2;510;300;Card;Cyberpunk 2077;;0
SESS-12519;2026-08-17 10:04:49;USR-1474;2011-06-08;M;Standard;4;448;360;Cash;Dota 2;;1
SESS-12601;2026-08-19 00:21:45;USR-1771;2008-11-02;M;Bootcamp;8;0;1200;Card;Deadlock;5.0;0
SESS-12382;2026-08-04 18:36:48;USR-1503;1999-04-24;M;Standard;1;120;100;Card;PUBG;4.0;0
SESS-13957;2026-08-30 15:47:48;USR-1329;2002-01-06;F; Bootcamp ;3;0;450;App;Deadlock;;0
SESS-15080;2026-08-01 15:58:58;USR-1126;2010-02-08;M;Standard;2;0;200;Card;GTA V;;0
SESS-14270;2026-08-20 19:48:19;USR-1644;1999-12-25;F;Standard;1;120;100;Card;CS2;4.5;0
SESS-14520;2026-08-16 20:22:07;USR-1580;2011-12-09;F;Standard;4;0;400;Cash;CS2;;0
SESS-13266;2026-08-02 03:04:05;USR-1789;2003-01-17;M;Bootcamp;3;0;405;Card;Dota 2;4.5;1
SESS-14258;2026-08-25 18:26:11;USR-1677;2008-10-19;F;Standard;3;672;270;Card;Dota 2;;1
SESS-15112;2026-08-02 03:16:20;USR-1105;1994-07-15;F;VIP;2;546;360;Card;Cyberpunk 2077;;1
SESS-12243;2026-08-11 02:55:01;USR-1544;2011-12-09;F;Bootcamp;8;320;1200;App;Dota 2;5.0;0
SESS-13464;2026-08-08 18:53:05;USR-1002;2001-09-28;F;PS5;1;120;250;Card;Apex Legends;;0
SESS-11438;2026-08-21 11:20:52;USR-1366;2009-08-04;F;Standard;3;120;300;Cash;Deadlock;3.0;0
SESS-14171;2026-08-30 16:03:18;USR-1796;2006-08-10;M;Bootcamp;2;310;300;Card;Dota 2;;0
SESS-11291;2026-08-28 02:10:19;USR-1221;2008-04-08;M;Standard;4;480;400;Card;Deadlock;;0
SESS-14219;2026-08-10 09:50:34;USR-1026;2005-03-02;M;Standard;2;0;200;Card;Dota 2;;0
SESS-12114;2026-08-08 00:21:49;USR-1033;2003-12-13;M;PS5;8;960;2000;Card;Dota 2;4.5;0
SESS-14176;2026-08-31 17:12:29;USR-1135;2006-08-02;M;VIP;1;0;200;Card;CS2;;0
SESS-15098;2026-08-01 14:11:55;USR-1476;2007-08-10;M;Standard;1;120;100;App;Apex Legends;;0
SESS-10218;2026-08-13 22:34:11;USR-1062;2008-06-27;F;Bootcamp;8;0;1080;App;GTA V;;1
SESS-10505;2026-08-01 01:21:05;USR-1492;2011-04-20;M;Standard;5;0;500;Card;Minecraft;5.0;0
SESS-12570;2026-08-12 18:12:54;USR-1718;2010-06-15;M;Standard;2;0;200;Cash;CS2;;0
SESS-12948;2026-08-22 11:12:36;USR-1375;2005-02-25;M;VIP;2;400;400;App;Minecraft;;0
SESS-13425;2026-08-20 13:30:42;USR-1039;2005-04-25;M;Standard;2;0;200;App;Dota 2;;0
SESS-11224;2026-08-01 12:24:36;USR-1035;2005-10-21;M;VIP;2;400;400;Card;Dota 2;;0
SESS-14567;2026-08-12 17:06:29;USR-1043;2005-02-07;F;Standard;1;0;100;App;Deadlock;;0
SESS-13350;2026-08-19 21:40:55;USR-1719;2004-05-09;M;PS5;2;240;500;Card;CS2;;0
SESS-11951;2026-08-19 19:09:54;USR-1400;2008-04-27;M;VIP;3;0;540;App;CS2;;1
SESS-14734;2026-08-16 17:55:28;USR-1463;1994-07-12;F;VIP;1;420;200;Cash;GTA V;;0
SESS-13015;2026-08-05 21:56:48;USR-1721;2011-02-09;M;Standard;2;0;200;Card;Minecraft;;0
SESS-10226;2026-08-22 20:18:49;USR-1691;2005-07-21;M;VIP;4;720;800;Cash;Minecraft;5.0;0
SESS-11006;2026-08-11 12:46:24;USR-1180;2006-07-09;M;Bootcamp;1;240;150;App;Apex Legends;;0
SESS-13069;2026-08-15 11:59:57;USR-1116;2006-02-02;M;VIP;3;0;600;Card;Valorant;;0
SESS-12605;2026-08-23 20:18:06;USR-1568;2007-09-08;F;Bootcamp;5;0;750;Cash;Deadlock;3.0;0
SESS-15559;2026-08-04 11:19:57;USR-1089;2009-09-24;M;Bootcamp;3;0;450;Cash;CS2;;0
SESS-13203;2026-08-30 05:58:37;USR-1441;2001-03-23;M;Standard;2;160;200;App;Dota 2;;0
SESS-15389;2026-08-21 21:20:10;USR-1176;2007-07-13;F;PS5;2;320;500;App;Deadlock;;0
SESS-12574;2026-08-17 18:05:07;USR-1019;1998-11-10;M;Standard;1;0;100;Card;CS2;;0
SESS-14314;2026-08-23 16:39:30;USR-1768;2006-04-17;F;Bootcamp;3;0;450;Cash;Apex Legends;4.0;0
SESS-10062;2026-08-01 22:33:46;USR-1137;2007-12-19;M;Standard;12;0;1080;Card;Dota 2;5.0;1
SESS-11296;2026-08-07 20:04:45;USR-1313;1995-12-07;M;Standard;1;0;100;Card;GTA V;;0
SESS-14686;2026-08-14 10:51:25;USR-1062;2008-06-27;F;PS5;3;0;750;Card;Minecraft;;0
SESS-14748;2026-08-24 00:36:27;USR-1115;2011-04-23;M;Standard;8;0;800;App;CS2;4.5;0
SESS-14438;2026-08-15 13:48:01;USR-1556;2010-07-24;M;PS5;2;80;500;Cash;Valorant;;0
SESS-13870;2026-08-19 00:34:50;USR-1557;2003-09-27;м;VIP;5;0;1000;App;CS2;;0
SESS-13896;2026-08-16 23:08:43;USR-1074;2005-02-02;M;Standard;8;0;800;App;Apex Legends;;0
SESS-13023;2026-08-22 17:15:16;USR-1365;2011-03-14;M;Standard;3;0;270;App;Deadlock;4.5;1
SESS-13144;2026-08-21 10:59:44;USR-1082;2002-08-01;M;Standard;12;0;1200;App;Dota 2;;0
SESS-14456;2026-08-18 19:30:23;USR-1169;2007-04-13;F;VIP;3;510;600;Card;CS2;;0
SESS-11934;2026-08-10 04:04:43;USR-1504;2011-06-26;M;Standard;2;0;200;Cash;Valorant;;0
SESS-10750;2026-08-09 07:30:26;USR-1613;2005-10-06;M;Bootcamp;3;0;450;Card;CS2;4.0;0
SESS-15581;2026-08-03 13:09:48;USR-1011;2002-09-04;F;Bootcamp;2;400;300;App;PUBG;4.5;0
SESS-12144;2026-08-10 12:49:56;USR-1349;2008-06-16;M;VIP;1;160;200;Card;CS2;5.0;0
SESS-11416;2026-08-08 20:45:13;USR-1036;2011-02-07;M;Standard;1;40;100;Cash;Valorant;4.0;0
SESS-14278;2026-08-26 01:16:37;USR-1085;2011-03-10;M;Standard;12;960;1200;Cash;CS2;4.0;0
SESS-15408;2026-08-22 01:50:53;USR-1244;2005-10-01;M;Standard;8;0;720;Card;Dota 2;5.0;1
SESS-10795;2026-08-09 20:34:05;USR-1452;2007-02-14;M;Bootcamp;2;310;300;Card;CS2;;0
SESS-12957;2026-08-29 15:48:08;USR-1307;2002-09-24;M;Standard;8;960;800;App;Dota 2;3.0;0
SESS-11345;2026-08-12 17:19:31;USR-1168;2001-03-23;F;Bootcamp;3;0;450;Cash;CS2;;0
SESS-13228;2026-08-27 11:24:08;USR-1117;2012-06-18;F;Standard;2;160;200;App;Dota 2;;0
SESS-11676;2026-08-02 16:05:25;USR-1624;2007-03-25;M;Standard;2;0;200;Card;Dota 2;;0
SESS-12440;2026-08-26 10:16:24;USR-1508;2006-04-01;F;Bootcamp;2;320;300;Card;Dota 2;;0
SESS-10232;2026-08-07 18:13:23;USR-1043;2005-02-07;F;VIP;2;0;400;Card;CS2;5.0;0
SESS-10775;2026-08-15 19:27:26;USR-1019;1998-11-10;M;VIP;2;650;400;Card;Browser/Work;;0
SESS-14251;2026-08-23 16:00:24;USR-1014;2012-10-25;M;Standard;1;0;100;App;Valorant;;0
SESS-12558;2026-08-15 16:01:39;USR-1478;2002-12-04;M;Bootcamp;1;0;150;Card;CS2;4.5;0
SESS-10254;2026-08-29 02:56:59;USR-1204;2005-10-04;F;PS5;3;503;675;App;CS2;;1
SESS-10057;2026-08-27 06:37:12;USR-1060;2011-01-07;M;Standard;3;0;300;App;Dota 2;;0
SESS-13538;2026-08-02 13:29:10;USR-1337;2000-05-07;M;Bootcamp;3;0;450;Card;GTA V;4.0;0
SESS-14002;2026-08-18 22:37:16;USR-1032;2007-01-28;M;Standard;12;960;1200;App;Deadlock;5.0;0
SESS-11471;2026-08-16 15:29:10;USR-1570;2001-06-16;M;VIP;2;0;400;Card;CS2;;0
SESS-15370;2026-08-14 00:06:23;USR-1072;2012-08-16;M;Standard;5;200;500;App;Valorant;3.0;0
SESS-12290;2026-08-21 19:42:01;USR-1134;2000-09-06;M;VIP;1;400;200;Card;Browser/Work;;0
SESS-13908;2026-08-01 21:57:52;USR-1288;2006-12-23;F;Bootcamp;2;400;300;App;CS2;1.0;0
SESS-12603;2026-08-19 00:19:07;USR-1022;2010-12-12;M;Standard;8;0;720;Cash;CS2;;1
SESS-13355;2026-08-28 18:00:02;USR-1151;1996-03-26;M;PS5;2;540;500;Card;Deadlock;;0
SESS-12899;2026-08-08 02:00:00;USR-1240;2005-05-16;M;Standard;4;672;360;Card;Apex Legends;;1
SESS-12771;2026-08-17 18:41:22;USR-1710;2008-05-15;M;Bootcamp;5;1050;675;Card;Dota 2;4.0;1
SESS-13491;2026-08-10 18:22:09;USR-1507;2006-09-11;M;Bootcamp;2;400;300;App;Dota 2;4.0;0
SESS-12327;2026-08-20 19:30:26;USR-1139;2004-06-17;M;Standard;3;0;300;Card;Cyberpunk 2077;4.0;0
SESS-10439;2026-08-23 22:59:48;USR-1121;2011-01-17;M;Standard;5;0;450;App;CS2;;1
SESS-10972;2026-08-01 20:39:56;USR-1006;2005-07-07;M;VIP;3;510;600;Cash;CS2;;0
SESS-15456;2026-08-08 15:50:53;USR-1073;2001-05-02;M;VIP;3;0;600;Card;Apex Legends;5.0;0
SESS-14151;2026-08-09 11:46:43;USR-1016;2002-04-03;M;Standard;2;160;200;App;Deadlock;;0
SESS-12514;2026-08-08 18:29:00;USR-1061;2005-08-26;F;Standard;2;0;200;Card;Dota 2;;0
SESS-15461;2026-08-16 00:18:35;USR-1227;2008-12-26;M;Bootcamp;8;0;1200;Card;Dota 2;4.5;0
SESS-11567;2026-08-02 00:52:22;USR-1541;2006-04-27;M;VIP;5;1232;900;Card;Minecraft;4.0;1
SESS-10929;2026-08-02 07:15:30;USR-1490;2005-04-09;F;Bootcamp;1;0;150;Card;Dota 2;;0
SESS-10903;2026-08-23 15:02:46;USR-1110;2004-06-14;M;Standard;3;0;300;App;CS2;;0
SESS-13880;2026-08-24 15:48:14;USR-1036;2011-02-07;M;Bootcamp;2;160;300;Card;CS2;4.5;0
SESS-15267;2026-08-22 02:51:28;USR-1263;2010-11-13;M;Standard;5;0;450;Card;Valorant;5.0;1
SESS-12874;2026-08-14 20:16:34;USR-1787;1996-04-17;M;Bootcamp;1;480;150;Card;CS2;;0
SESS-11955;2026-08-23 12:01:33;USR-1109;2006-11-25;M;Standard;3;360;300;Card;CS2;4.5;0
SESS-10537;2026-08-14 19:36:59;USR-1235;2007-09-22;M;VIP;3;440;600;Card;Dota 2;4.5;0
SESS-12345;2026-08-02 18:01:02;USR-1661;2006-10-22;M;PS5;3;503;675;Card;Dota 2;4.5;1
SESS-10438;2026-08-22 19:16:55;USR-1778;2005-12-18;M;Bootcamp;1;160;150;App;Dota 2;;0
SESS-10893;2026-08-21 08:52:27;USR-1041;2008-02-09;M;Standard;3;480;300;Card;Valorant;;0
SESS-12484;2026-08-24 19:01:33;USR-1360;2011-04-03;M;Standard;5;0;500;Cash;CS2;;0
SESS-10807;2026-08-02 08:03:03;USR-1020;2010-04-19;M;Bootcamp;1;0;135;Cash;Minecraft;;1
SESS-14098;2026-08-23 12:40:38;USR-1012;2003-04-12;F;Standard;2;160;200;App;Valorant;4.5;0
SESS-13394;2026-08-04 13:44:55;USR-1170;2011-03-12;M;Standard;2;0;200;App;Dota 2;;0
SESS-10586;2026-08-14 19:35:56;USR-1259;2011-03-07;M;Standard;4;320;400;Cash;Valorant;;0
SESS-15133;2026-08-12 22:08:51;USR-1113;2007-12-03;F;PS5;8;960;2000;Card;Valorant;4.5;0
SESS-11920;2026-08-22 20:22:01;USR-1556;2010-07-24;M;Standard;2;80;200;App;Dota 2;;0
SESS-14280;2026-08-18 14:44:08;USR-1257;2004-05-13;M;Standard;4;480;400;App;Deadlock;;0
SESS-13594;2026-08-14 12:26:55;USR-1690;2008-02-17;M;Standard;1;160;100;Card;Dota 2;;0
SESS-13605;2026-08-04 17:36:08;USR-1401;2005-01-20;M;VIP;1;0;200;App;Apex Legends;;0
SESS-10858;2026-08-09 11:28:54;USR-1104;2004-02-10;F;Standard;2;240;200;Card;Dota 2;;0
SESS-12039;2026-08-04 19:05:34;USR-1364;1992-02-20;M;Bootcamp;1;330;150;Card;Cyberpunk 2077;3.0;0
SESS-13085;2026-08-13 13:54:36;USR-1672;2003-10-01;F;Bootcamp;1;160;150;App;Valorant;4.0;0
SESS-15282;2026-08-24 13:44:32;USR-1548;1995-06-01;M;Bootcamp;2;650;300;Card;GTA V;;0
SESS-10315;2026-08-27 18:56:58;USR-1155;2012-05-12;F;Standard;1;0;100;Cash;Minecraft;;0
SESS-15415;2026-08-25 02:03:45;USR-1777;2006-06-14;M;Standard;5;0;500;Cash;Dota 2;4.0;0
SESS-14638;2026-08-14 17:13:33;USR-1571;2012-11-11;M;Standard;5;0;450;App;Deadlock;5.0;1
SESS-14455;2026-08-29 16:32:30;USR-1191;2011-05-01;M;Standard;12;1344;1080;App;Valorant;;1
SESS-13922;2026-08-19 18:08:17;USR-1021;2004-06-28;M;Standard;1;80;100;Card;CS2;;0
SESS-10413;2026-08-17 19:21:31;USR-1108;1998-04-14;M;Bootcamp;2;0;300;Card;PUBG;3.0;0
SESS-13570;2026-08-14 08:42:39;USR-1130;2010-12-28;M;Bootcamp;1;56;135;App;CS2;;1
SESS-10949;2026-08-25 13:55:48;USR-1791;2006-01-19;F;VIP;3;320;600;Card;CS2;;0
SESS-14560;2026-08-13 14:47:19;USR-1127;2011-07-10;M;PS5;8;320;2000;App;Minecraft;5.0;0
SESS-12306;2026-08-02 22:31:47;USR-1667;2005-09-14;M;Bootcamp;5;550;750;Card;GTA V;4.5;0
SESS-13710;2026-08-30 18:54:29;USR-1080;2010-03-26;M;VIP;2;160;400;Cash;CS2;4.0;0
SESS-13583;2026-08-13 08:03:14;USR-1505;2004-12-22;M;Standard;1;120;100;Card;Valorant;4.0;0
SESS-11119;2026-08-01 16:52:21;USR-1290;2004-03-15;M;Standard;8;0;800;Cash;Valorant;;0
SESS-11209;2026-08-09 19:43:30;USR-1230;2000-05-02;M;Standard;4;1400;360;Card;CS2;;1
SESS-14545;2026-08-27 09:28:23;USR-1657;2007-05-18;M;Standard;2;240;200;Card;Dota 2;;0
SESS-14200;2026-08-30 17:35:39;USR-1046;2009-05-04;M;Standard;2;120;200;Card;Minecraft;;0
SESS-13661;2026-08-05 10:48:51;USR-1004;2010-05-15;F;Standard;1;0;100;App;Dota 2;;0
SESS-14746;2026-08-16 01:03:40;USR-1071;2007-09-18;F;Standard;8;640;800;Cash;CS2;4.5;0
SESS-15373;2026-08-01 20:45:50;USR-1678;2007-09-14;F;Bootcamp;2;240;300;Card;Dota 2;5.0;0
SESS-13999;2026-08-07 21:06:18;USR-1074;2005-02-02;M;Standard;8;1280;800;Card;Dota 2;4.5;0
SESS-15543;2026-08-02 19:12:50;USR-1163;2006-10-14;M;PS5;3;240;750;App;CS2;;0
SESS-13256;2026-08-23 19:49:41;USR-1565;2002-01-03;M;VIP;2;0;400;Cash;Apex Legends;;0
SESS-12688;2026-08-23 00:02:55;USR-1255;2003-02-16;M;Standard;8;1280;800;Card;Valorant;5.0;0
SESS-10659;2026-08-26 10:47:22;USR-1031;2009-11-16;M;Bootcamp;1;0;150;Card;CS2;1.0;0
SESS-11361;2026-08-22 15:09:45;USR-1142;2010-09-26; M ;Bootcamp;1;0;150;Card;Valorant;4.5;0
SESS-14185;2026-08-22 17:43:58;USR-1757;2009-08-16;M;Standard;3;180;300;App;Valorant;4.0;0
SESS-12736;2026-08-01 09:22:35;USR-1054;2010-09-08;M;Standard;1;0;100;Cash;Minecraft;;0
SESS-14074;2026-08-21 15:20:23;USR-1087;2002-08-16;F;VIP;3;0;600;Card;Dota 2;5.0;0
SESS-10993;2026-08-12 20:33:27;USR-1142;2010-09-26;M;Standard;2;0;200;Cash;CS2;;0
SESS-11341;2026-08-29 22:55:01;USR-1704;2007-12-26;M;Bootcamp;12;0;1800;App;Dota 2;;0
SESS-13108;2026-08-31 01:31:41;USR-1079;2003-06-06;M;Standard;8;0;800;Card;GTA V;;0
SESS-13921;2026-08-27 20:45:23;USR-1435;1991-09-22;M;VIP;5;2170;900;App;CS2;4.5;1
SESS-13794;2026-08-25 21:56:03;USR-1705;2009-02-04;M;Standard;3;0;300;App;CS2;;0
SESS-13657;2026-08-01 17:52:27;USR-1241;2001-02-07;M;Standard;3;336;270;Card;CS2;4.5;1
SESS-12891;2026-08-25 14:26:26;USR-1477;2012-06-15;M;Bootcamp;2;0;300;Cash;Minecraft;;0
SESS-14742;2026-08-08 12:32:01;USR-1690;2008-02-17;M;Bootcamp;2;390;300;Card;Deadlock;;0
SESS-15565;2026-08-14 12:06:02;USR-1748;2011-10-27;F;Standard;5;560;450;Cash;Minecraft;;1
SESS-10605;2026-08-31 23:54:56;USR-1380;2011-07-07;M;Standard;5;0;500;Card;CS2;4.0;0
SESS-13615;2026-08-12 21:54:46;USR-1147;2002-10-26;M;VIP;12;0;2400;Card;CS2;;0
SESS-11409;2026-08-07 19:31:18;USR-1401;2005-01-20;M;VIP;2;0;400;App;CS2;;0
SESS-13089;2026-08-30 19:19:21;USR-1079;2003-06-06;M;VIP;2;240;400;App;CS2;;0
SESS-12025;2026-08-07 01:09:53;USR-1037;2008-10-15;M;Standard;2;0;200;App;CS2;4.0;0
SESS-14173;2026-08-19 17:21:15;USR-1048;2012-07-10;F;Standard;2;0;200;App;Valorant;;0
SESS-10205;2026-08-09 16:06:44;USR-1478;2002-12-04;M;PS5;8;0;2000;Card;CS2;;0
SESS-13645;2026-08-19 22:47:47;USR-1706;1999-12-28;M;PS5;12;0;3000;Card;CS2;;0
SESS-11357;2026-08-15 20:32:05;USR-1012;2003-04-12;F;PS5;2;0;500;Cash;Dota 2;4.5;0
SESS-12255;2026-08-03 18:55:28;USR-1665;2010-07-22;M;PS5;2;0;450;Cash;Valorant;;1
SESS-12821;2026-08-20 15:16:04;USR-1091;2006-06-21;M;Bootcamp;3;0;450;Card;Valorant;4.5;0
SESS-14463;2026-08-07 15:22:53;USR-1517;2006-10-03;M;Standard;2;0;200;Card;CS2;;0
SESS-12611;2026-08-03 08:24:48;USR-1576;2006-06-25;M;Bootcamp;2;0;300;Card;Valorant;1.0;0
SESS-14146;2026-08-23 17:07:41;USR-1535;2005-07-20;M;Standard;3;672;270;Card;Dota 2;;1
SESS-12432;2026-08-16 22:24:13;USR-1006;2005-07-07;M;Standard;5;400;500;Card;Dota 2;1.0;0
SESS-14576;2026-08-30 17:58:07;USR-1399;2008-07-10;Мужской;Standard;3;336;270;Card;CS2;4.0;1
SESS-13651;2026-08-16 19:14:20;USR-1176;2007-07-13;F;Standard;1;112;90;App;Dota 2;;1
SESS-11841;2026-08-30 09:55:30;USR-1130;2010-12-28;M;PS5;3;240;750;Cash;Apex Legends;4.5;0
SESS-10967;2026-08-15 11:34:29;USR-1005;1998-09-23;M;Standard;5;600;500;Card;CS2;2.0;0
SESS-11746;2026-08-08 19:54:48;USR-1154;2007-03-12;M;VIP;3;882;540;App;Apex Legends;;1
SESS-15152;2026-08-29 11:13:37;USR-1793;1995-11-05;M;Standard;2;360;200;Card;Dota 2;;0
SESS-10728;2026-08-22 18:56:04;USR-1102;1998-08-23;M;VIP;3;714;540;Card;Dota 2;;1
SESS-14737;2026-08-24 17:25:28;USR-1076;2006-09-12;M;Standard;2;240;200;App;Dota 2;;0
SESS-10658;2026-08-28 02:27:59;USR-1005;1998-09-23;M;PS5;2;0;500;Card;CS2;;0
SESS-12808;2026-08-17 21:54:45;USR-1261;1991-11-06;F;Bootcamp;4;0;600;App;Valorant;4.5;0
SESS-12617;2026-08-07 17:00:50;USR-1554;1999-07-05;M;Standard;1;180;100;Card;PUBG;4.0;0
SESS-13988;2026-08-24 18:36:28;USR-1297;2002-03-08;M;PS5;2;0;500;Card;CS2;;0
SESS-11997;2026-08-06 19:55:15;USR-1572;2006-08-21;F;Standard;4;896;360;Card;CS2;;1
SESS-13520;2026-08-04 00:14:20;USR-1262;2010-10-12;M;Standard;8;320;800;App;Minecraft;4.5;0
SESS-14850;2026-08-02 13:24:47;USR-1551;2010-10-13;M;Standard;1;40;100;App;Deadlock;1.0;0
SESS-13252;2026-08-20 15:59:43;USR-1723;1998-09-16;M;Standard;3;503;270;Card;Valorant;;1
SESS-12869;2026-08-23 15:43:19;USR-1012;2003-04-12;F;PS5;2;160;500;Card;CS2;5.0;0
SESS-14905;2026-08-16 12:51:07;USR-1557;2003-09-27;M;Standard;3;0;300;Card;Valorant;;0
SESS-14534;2026-08-24 10:16:31;USR-1060;2011-01-07;M;Standard;4;0;400;App;Deadlock;;0
SESS-11109;2026-08-03 20:18:15;USR-1487;1996-10-08;M;Bootcamp;3;510;450;Card;Dota 2;;0
SESS-12887;2026-08-04 20:23:24;USR-1151;1996-03-26;M;VIP;1;0;200;Card;GTA V;4.0;0
SESS-11067;2026-08-12 09:25:13;USR-1044;2006-08-14;F;Standard;4;640;400;Card;CS2;4.0;0
SESS-11373;2026-08-14 12:50:07;USR-1005;1998-09-23;M;VIP;1;550;200;Card;CS2;;0
SESS-10990;2026-08-13 18:02:01;USR-1152;1992-08-26;M;Bootcamp;1;480;150;Card;CS2;;0
SESS-10466;2026-08-05 14:12:25;USR-1196;2012-04-26;M;Standard;5;0;450;Card;Valorant;4.0;1
SESS-14703;2026-08-01 20:58:09;USR-1118;2012-06-26;M;Bootcamp;2;0;270;App;Valorant;5.0;1
SESS-14557;2026-08-01 09:59:16;USR-1167;2007-06-19;M;VIP;2;470;400;App;Deadlock;;0
SESS-14712;2026-08-16 16:47:43;USR-1619;2005-02-21;M;Bootcamp;3;440;450;Card;Valorant;;0
SESS-12248;2026-08-30 09:28:42;USR-1319;2012-08-24;M;Standard;1;80;100;App;CS2;3.0;0
SESS-14374;2026-08-09 11:35:28;USR-1555;2006-04-11;M;Standard;1;80;100;Card;GTA V;;0
SESS-13287;2026-08-15 16:56:49;USR-1608;2006-03-14;M;Standard;3;0;300;Cash;CS2;;0
SESS-13451;2026-08-08 09:28:16;USR-1006;2005-07-07;M;Bootcamp;1;270;150;Card;Valorant;5.0;0
SESS-11830;2026-08-25 14:00:21;USR-1459;2005-03-12;M;Standard;4;480;400;Card;Dota 2;4.5;0
SESS-12027;2026-08-03 14:33:31;USR-1231;2004-08-22;F;Bootcamp;8;1456;1080;Card;Dota 2;4.5;1
SESS-13016;2026-08-22 11:00:44;USR-1540;2010-06-16;M;Standard;5;400;500;Cash;Valorant;4.5;0
SESS-12159;2026-08-23 16:12:47;USR-1383;2009-05-24;M;VIP;2;160;400;Cash;Minecraft;;0
SESS-14552;2026-08-28 19:36:28;USR-1085;2011-03-10;M;Bootcamp;3;168;405;Cash;Minecraft;4.5;1
SESS-14125;2026-08-30 00:40:07;USR-1039;2005-04-25;M;Bootcamp;12;2128;1620;Card;CS2;;1
SESS-15086;2026-08-19 20:27:23;USR-1021;2004-06-28;M;VIP;5;480;1000;Card;CS2;;0
SESS-11051;2026-08-19 17:15:41;USR-1079;2003-06-06;M;Bootcamp;2;400;300;App;CS2;;0
SESS-14747;2026-08-03 17:00:01;USR-1773;1997-12-01;F;VIP;2;0;400;Card;Cyberpunk 2077;;0
SESS-15432;2026-08-15 17:08:43;USR-1089;2009-09-24;M;Bootcamp;2;112;270;App;Valorant;4.5;1
SESS-10120;2026-08-08 15:33:25;USR-1593;2002-08-20;m;VIP;2;658;360;Card;Deadlock;;1
SESS-13156;2026-08-05 11:50:24;USR-1187;2003-11-01;M;Standard;4;640;400;App;CS2;4.5;0
SESS-13635;2026-08-24 12:29:58;USR-1158;2006-01-06;M;Bootcamp;2;470;300;Cash;GTA V;1.0;0
SESS-12609;2026-08-22 19:26:00;USR-1726;2006-09-21;M;Bootcamp;3;784;405;Card;CS2;;1
SESS-14294;2026-08-01 23:52:12;USR-1013;2004-01-28;M;Standard;8;640;800;Card;CS2;4.0;0
SESS-14064;2026-08-29 14:31:16;USR-1631;1989-08-11;M;Bootcamp;2;660;300;App;Cyberpunk 2077;;0
SESS-10808;2026-08-04 19:31:33;USR-1027;2002-07-03;M;Standard;4;640;400;App;Deadlock;;0
SESS-12173;2026-08-29 17:06:17;USR-1612;1999-07-17;M;Standard;2;0;200;App;Deadlock;;0
SESS-13061;2026-08-21 00:02:13;USR-1576;2006-06-25;M;VIP;12;2070;2400;Card;CS2;;0
SESS-12758;2026-08-22 02:09:01;USR-1640;2009-07-02;M;Bootcamp;2;0;300;App;CS2;4.5;0
SESS-13656;2026-08-29 13:00:41;USR-1646;2007-07-19;M;Standard;2;320;200;App;PUBG;5.0;0
SESS-10945;2026-08-03 10:19:50;USR-1182;2011-02-22;M;Standard;1;0;100;App;Minecraft;;0
SESS-11144;2026-08-06 16:46:29;USR-1011;2002-09-04;F;VIP;5;950;1000;App;CS2;;0
SESS-14026;2026-08-22 12:28:55;USR-1046;2009-05-04;M;Standard;4;224;360;Card;Dota 2;;1
SESS-14660;2026-08-15 14:06:57;USR-1345;2008-10-04;M;Standard;2;0;200;Card;Apex Legends;4.5;0
SESS-13071;2026-08-18 12:23:47;USR-1091;2006-06-21;M;VIP;2;320;400;Card;CS2;;0
SESS-12189;2026-08-20 10:03:18;USR-1257;2004-05-13;M;Standard;5;400;500;Card;CS2;5.0;0
SESS-11349;2026-08-25 19:47:15;USR-1471;2004-08-03;F;Standard;3;360;300;Card;Valorant;4.5;0
SESS-12789;2026-08-15 15:11:38;USR-1544;2011-12-09;F;Bootcamp;5;0;750;Cash;Valorant;1.0;0
SESS-13572;2026-08-19 20:02:00;USR-1307;2002-09-24;M;Bootcamp;2;434;270;Card;CS2;5.0;1
SESS-15135;2026-08-20 11:45:34;USR-1524;2005-07-06;M;Standard;3;503;270;Card;Dota 2;4.0;1
SESS-11672;2026-08-16 01:03:25;USR-1103;2010-04-23;M;VIP;3;240;600;Cash;Deadlock;4.0;0
SESS-13726;2026-08-15 14:54:24;USR-1031;2009-11-16;M;Standard;3;240;300;Cash;Apex Legends;4.0;0
SESS-14902;2026-08-06 15:22:08;USR-1009;2001-06-04;M;PS5;1;112;225;Card;CS2;4.5;1
SESS-12341;2026-08-22 19:51:38;USR-1602;1994-01-19;M;PS5;1;0;250;Card;Dota 2;;0
SESS-11414;2026-08-20 14:50:39;USR-1340;2011-07-19;M;Standard;4;0;400;App;CS2;;0
SESS-12081;2026-08-24 23:58:22;USR-1137;2007-12-19;M;Standard;3;480;300;Card;Deadlock;;0
SESS-11550;2026-08-09 22:34:22;USR-1373;2005-07-27;M;Standard;8;1792;720;Card;Deadlock;4.5;1
SESS-13541;2026-08-06 17:22:37;USR-1140;2008-01-12;M;PS5;4;0;1000;Card;Minecraft;;0
SESS-14363;2026-08-26 20:29:45;USR-1581;2001-09-25;F;Bootcamp;1;270;150;App;Dota 2;;0
SESS-10697;2026-08-27 19:12:52;USR-1052;2007-09-02;M;VIP;3;440;600;Card;CS2;4.0;0
SESS-14769;2026-08-09 22:40:06;USR-1612;1999-07-17;M;Standard;5;600;500;Card;Dota 2;5.0;0
SESS-10815;2026-08-31 18:52:41;USR-1514;1996-07-11;M;VIP;2;800;400;Card;Dota 2;;0
SESS-13892;2026-08-11 23:44:26;USR-1031;2009-11-16;M;Bootcamp;5;0;750;Cash;Minecraft;4.5;0
SESS-11767;2026-08-20 18:57:29;USR-1433;2005-05-11;M;VIP ;1;0;100;Card;CS2;;0
SESS-14538;2026-08-23 01:15:32;USR-1095;2010-06-09;M;Bootcamp;8;320;1200;Card;Dota 2;;0
SESS-12034;2026-08-03 16:51:25;USR-1235;2007-09-22;M;Standard;3;0;300;Card;CS2;4.5;0
SESS-11366;2026-08-10 16:02:53;USR-1055;2004-02-26;M;Bootcamp;12;0;1800;App;PUBG;;0
SESS-10794;2026-08-06 18:06:53;USR-1639;2008-06-02;M;Standard;3;480;300;App;CS2;3.0;0
SESS-11203;2026-08-29 17:27:19;USR-1311;2010-11-16;M;VIP;3;120;600;Card;Minecraft;5.0;0
SESS-14880;2026-08-02 14:41:31;USR-1069;2004-11-11;M;Standard;1;0;100;Card;CS2;;0
SESS-13529;2026-08-22 15:51:52;USR-1058;2012-06-28;M;Standard;3;0;300;App;CS2;;0
SESS-11719;2026-08-13 15:43:42;USR-1152;1992-08-26;M;PS5;2;540;500;Card;CS2;;0
SESS-13468;2026-08-08 01:22:49;USR-1003;2004-05-26;M;VIP;5;951;900;Card;CS2;;1
SESS-14467;2026-08-21 09:01:03;USR-1009;2001-06-04;M;PS5;3;480;750;App;Valorant;3.0;0
SESS-12646;2026-08-27 18:24:41;USR-1025;1996-12-17;M;VIP;3;840;600;Card;CS2;4.0;0
SESS-11431;2026-08-22 18:15:11;USR-1136;2010-11-02;M;VIP;2;0;400;App;Minecraft;;0
SESS-14579;2026-08-30 19:55:34;USR-1082;2002-08-01;M;Standard;3;0;300;Cash;CS2;4.5;0
SESS-10487;2026-08-29 11:09:32;USR-1086;2004-06-19;M;VIP;1;310;200;Cash;Valorant;;0
SESS-11079;2026-08-18 12:16:05;USR-1698;2008-06-25;M;PS5;2;240;500;App;CS2;;0
SESS-15221;2026-08-28 09:34:38;USR-1020;2010-04-19;M;VIP;3;0;600;Cash;Minecraft;5.0;0
SESS-13288;2026-08-03 14:57:26;USR-1245;2006-12-12;M;VIP;2;0;400;Card;CS2;;0
SESS-13050;2026-08-21 17:06:04;USR-1000;2006-02-16;M;Standard;2;0;200;Card;Dota 2;;0
SESS-15556;2026-08-29 14:45:53;USR-1500;2010-08-07;M;VIP;4;240;800;Cash;Minecraft;;0
SESS-10700;2026-08-25 18:54:13;USR-1525;2003-09-24;M;VIP;4;470;800;App;Dota 2;5.0;0
SESS-10064;2026-08-22 09:10:03;USR-1733;2011-04-11;M;Bootcamp;3;0;450;App;Minecraft;;0
SESS-14537;2026-08-20 11:54:01;USR-1715;2011-04-25;M;Standard;3;168;270;App;Minecraft;3.0;1
SESS-13083;2026-08-29 22:46:30;USR-1021;2004-06-28;M;Standard;12;0;1200;App;Valorant;4.5;0
SESS-10733;2026-08-01 17:54:16;USR-1357;2004-06-18;M;Standard;3;0;300;Card;CS2;5.0;0
SESS-10152;2026-08-14 20:46:50;USR-1720;1998-08-20;M;PS5;2;0;500;Card;GTA V;;0
SESS-12664;2026-08-05 19:59:26;USR-1086;2004-06-19;M;Bootcamp;3;560;450;Card;CS2;;0
SESS-14694;2026-08-10 11:52:43;USR-1028;2002-05-19;M;VIP;3;510;600;Card;CS2;;0
SESS-14502;2026-08-14 17:01:54;USR-1080;2010-03-26;M;Standard;5;400;500;Card;Dota 2;4.0;0
SESS-13965;2026-08-30 15:28:58;USR-1320;2005-05-27;M;Standard;1;0;100;App;Deadlock;5.0;0
SESS-15545;2026-08-26 00:42:31;USR-1336;2011-02-07;M;Standard;8;0;800;Card;Dota 2;;0
SESS-15154;2026-08-21 13:26:37;USR-1724;2005-03-25;M;Bootcamp;2;240;300;Card;Dota 2;;0
SESS-13294;2026-08-13 21:13:28;USR-1431;2003-08-27;M;VIP;2;0;400;App;Dota 2;;0
SESS-14154;2026-08-09 10:43:17;USR-1786;2010-04-22;M;VIP;2;0;400;Cash;Minecraft;4.5;0
SESS-11027;2026-08-09 13:30:16;USR-1471;2004-08-03;F;Bootcamp;1;0;150;App;Dota 2;;0
SESS-13694;2026-08-09 12:43:31;USR-1298;2010-06-02;F;Standard;4;0;360;Cash;Minecraft;5.0;1
SESS-10036;2026-08-17 18:29:27;USR-1550;2012-07-25;M;Standard;1;0;100;App;CS2;;0
SESS-13813;2026-08-05 17:09:04;USR-1093;2005-01-04;F;Standard;3;0;300;Card;Dota 2;;0
SESS-10859;2026-08-08 17:12:11;USR-1142;2010-09-26;M;Standard;3;0;300;Card;Valorant;;0
SESS-10269;2026-08-08 22:52:46;USR-1472;2010-10-08;M;Standard;12;0;1080;App;Dota 2;;1
SESS-12756;2026-08-09 02:12:58;USR-1006;2005-07-07;M;PS5;2;0;500;Card;CS2;;0
SESS-15252;2026-08-01 19:37:29;USR-1099;2006-06-02;M;VIP;3;616;540;Card;CS2;2.0;1
SESS-15314;2026-08-02 22:25:25;USR-1189;2010-03-07;M;Standard;3;0;300;Card;Minecraft;;0
SESS-12780;2026-08-15 09:11:19;USR-1033;2003-12-13;M;Standard;1;120;100;Card;Valorant;3.0;0
SESS-12978;2026-08-08 20:09:13;USR-1082;2002-08-01;M;PS5;2;320;500;Card;Dota 2;3.0;0
SESS-14350;2026-08-11 15:14:42;USR-1326;1999-02-11;M;Standard;2;500;200;Card;Cyberpunk 2077;3.0;0
SESS-12750;2026-08-20 14:57:28;USR-1642;2009-09-05;M;Bootcamp;2;0;300;Cash;Minecraft;;0
SESS-14086;2026-08-01 18:57:10;USR-1019;1998-11-10;M;PS5;3;0;750;Card;PUBG;;0
SESS-11790;2026-08-01 15:32:49;USR-1796;2006-08-10;M;Standard;3;0;270;Card;Dota 2;4.5;1
SESS-13968;2026-08-06 10:36:32;USR-1774;1997-04-13;F;PS5;3;690;750;Card;Cyberpunk 2077;;0
SESS-13045;2026-08-20 00:30:23;USR-1311;2010-11-16;M;Standard;8;0;800;App;Valorant;;0
SESS-11687;2026-08-17 23:12:58;USR-1309;2010-08-10;M;Standard;3;0;300;App;Dota 2;1.0;0
SESS-13796;2026-08-07 20:16:54;USR-1711;2010-10-01;M;Standard;2;160;200;App;Dota 2;;0
SESS-12897;2026-08-22 12:49:22;USR-1054;2010-09-08;M;Bootcamp;5;0;750;App;CS2;2.0;0
SESS-12905;2026-08-07 11:54:04;USR-1315;2008-08-08;M;Bootcamp;3;560;450;App;Valorant;5.0;0
SESS-11314;2026-08-31 01:09:48;USR-1458;2003-08-27;M;VIP;8;1430;1600;Card;CS2;4.0;0
SESS-10669;2026-08-24 09:01:11;USR-1159;2005-01-02;M;PS5;1;80;250;Card;Dota 2;4.5;0
SESS-13636;2026-08-11 14:51:08;USR-1545;2012-01-04;M;Standard;2;0;200;App;Minecraft;;0
SESS-10625;2026-08-26 10:48:13;USR-1052;2007-09-02;M;Standard;1;0;100;;Apex Legends;;0
SESS-15310;2026-08-12 15:05:20;USR-1349;2008-06-16;M;PS5;3;0;750;Card;Dota 2;4.0;0
SESS-10766;2026-08-24 18:45:48;USR-1704;2007-12-26;M;Standard;5;1120;450;Card;Valorant;4.5;1
SESS-12308;2026-08-21 16:07:17;USR-1787;1996-04-17;M;PS5;2;510;500;Card;Dota 2;4.0;0
SESS-14861;2026-08-11 16:32:20;USR-1591;2007-05-07;M;VIP;1;160;200;App;Valorant;;0
SESS-15488;2026-08-29 23:07:28;USR-1043;2005-02-07;F;VIP;12;1590;2400;Card;Dota 2;5.0;0
SESS-13217;2026-08-16 20:09:01;USR-1564;2006-07-18;M;Standard;2;0;200;App;CS2;4.5;0
SESS-12868;2026-08-02 20:03:43;USR-1086;2004-06-19;M;VIP;8;1106;1440;App;Valorant;;1
SESS-10565;2026-08-15 18:38:49;USR-1659;2005-02-17;M;Standard;1;0;100;Card;Dota 2;;0
SESS-10346;2026-08-19 16:52:26;USR-1135;2006-08-02;M;Bootcamp;4;1106;540;App;Valorant;;1
SESS-11527;2026-08-14 18:50:44;USR-1043;2005-02-07;F;Standard;1;0;100;App;PUBG;;0
SESS-10864;2026-08-26 18:22:29;USR-1185;2001-12-08;M;PS5;2;160;500;Card;CS2;4.5;0
SESS-13675;2026-08-27 00:57:34;USR-1605;2005-11-02;M;VIP;5;680;1000;Card;Dota 2;4.5;0
SESS-13174;2026-08-28 01:39:13;USR-1730;2010-07-07;M;Standard;12;672;1080;App;Dota 2;4.0;1
SESS-11336;2026-08-07 17:19:26;USR-1100;2006-07-26;F;Standard;12;0;1200;Cash;CS2;;0
SESS-13663;2026-08-29 20:15:11;USR-1431;2003-08-27;M;PS5;3;503;675;Card;Deadlock;;1
SESS-15026;2026-08-26 00:14:17;USR-1728;2012-01-22;M;Standard;12;0;1200;Card;Dota 2;4.5;0
SESS-11789;2026-08-23 22:52:39;USR-1669;2005-08-01;M;PS5;8;960;2000;Card;Apex Legends;;0
SESS-13885;2026-08-19 23:38:27;USR-1388;1988-09-23;M;PS5;5;1400;1250;Card;Browser/Work;4.0;0
SESS-12068;2026-08-17 08:27:49;USR-1335;2003-12-25;M;VIP;2;320;400;Cash;PUBG;4.5;0
SESS-15208;2026-08-28 23:22:21;USR-1357;2004-06-18;M;VIP;8;0;1600;Card;Dota 2;4.0;0
SESS-15446;2026-08-09 08:57:46;USR-1123;2012-08-03;F;Bootcamp;3;0;450;App;Minecraft;;0
SESS-12796;2026-08-04 11:19:42;USR-1213;2008-08-22;M;Standard;2;240;200;Card;CS2;4.5;0
SESS-14000;2026-08-21 11:35:04;USR-1659;2005-02-17;M;Standard;1;80;100;Card;CS2;;0
SESS-12543;2026-08-04 15:01:24;USR-1072;2012-08-16;M;PS5;3;0;675;App;CS2;;1
SESS-10543;2026-08-09 12:05:20;USR-1223;2011-08-15;M;Standard;3;0;300;App;Dota 2;4.5;0
SESS-11217;2026-08-16 20:04:46;USR-1088;2004-02-01;M;Standard;2;0;200;Card;Apex Legends;;0
SESS-14292;2026-08-16 14:46:16;USR-1797;2005-08-15;M;VIP;1;310;200;Card;Dota 2;;0
SESS-13179;2026-08-08 14:13:31;USR-1035;2005-10-21;M;Standard;1;0;100;Card;Dota 2;;0
SESS-13118;2026-08-08 22:02:48;USR-1023;2005-11-18;F;Standard;2;160;200;Card;CS2;4.5;0
SESS-11574;2026-08-12 18:47:39;USR-1022;2010-12-12;M;Standard;2;0;200;App;Minecraft;;0
SESS-15186;2026-08-29 12:27:52;USR-1094;1994-08-05;M;PS5;3;965;675;Card;Dota 2;;1
SESS-13352;2026-08-07 08:56:24;USR-1116;2006-02-02;M;Standard;5;840;450;Card;Valorant;4.0;1
SESS-11799;2026-08-26 16:30:23;USR-1284;1993-11-23;F;Standard;4;720;400;Card;GTA V;;0
SESS-11339;2026-08-24 19:53:19;USR-1227;2008-12-26;M;Bootcamp;1;0;150;;Dota 2;;0
SESS-13822;2026-08-30 01:19:33;USR-1695;1999-11-07;M;Standard;8;0;800;Card;GTA V;4.0;0
SESS-13402;2026-08-21 17:54:00;USR-1106;2008-02-13;M;Bootcamp;2;0;300;Card;CS2;;0
SESS-14758;2026-08-18 18:47:38;USR-1754;2010-11-03;M;VIP;4;160;800;Cash;Dota 2;;0
SESS-14645;2026-08-06 18:15:57;USR-1111;2012-11-21;M;Bootcamp;2;0;300;Cash;Minecraft;;0
SESS-12227;2026-08-24 13:20:26;USR-1561;2005-05-07;M;Standard;1;0;100;Card;CS2;;0
SESS-10229;2026-08-26 22:56:16;USR-1462;2004-04-06;M;Standard;8;0;800;Card;Dota 2;4.5;0
SESS-12151;2026-08-07 19:25:53;USR-1462;2004-04-06;M;VIP;1;240;200;Card;CS2;5.0;0
SESS-11368;2026-08-24 12:51:57;USR-1794;2005-02-26;M;Bootcamp;1;0;150;Card;Dota 2;4.5;0
SESS-11635;2026-08-25 23:48:15;USR-1029;1994-12-27;M;Standard;8;960;800;App;PUBG;;0
SESS-10992;2026-08-30 03:49:01;USR-1245;2006-12-12;M;PS5;3;0;675;App;CS2;4.0;1
SESS-14773;2026-08-01 21:59:05;USR-1107;1996-01-10;F;PS5;8;0;2000;Card;CS2;;0
SESS-11185;2026-08-01 17:10:19;USR-1144;2001-08-15;M;VIP;1;0;200;Card;CS2;4.0;0
SESS-14806;2026-08-15 13:06:10;USR-1313;1995-12-07;M;Bootcamp;2;0;300;App;PUBG;;0
SESS-12315;2026-08-09 15:11:06;USR-1138;2005-01-08;M;Standard;2;320;200;App;CS2;;0
SESS-12571;2026-08-08 16:30:55;USR-1313;1995-12-07;M;PS5;1;270;250;Card;PUBG;;0
SESS-13052;2026-08-09 17:10:11;USR-1145;2009-02-19;M;Standard;3;240;300;Card;Dota 2;5.0;0
SESS-15046;2026-08-15 17:52:56;USR-1046;2009-05-04;M;Standard;2;0;200;App;CS2;;0
SESS-11278;2026-08-15 23:59:49;USR-1679;2011-04-06;M;Standard;12;0;1200;App;Valorant;4.5;0
SESS-11023;2026-08-23 15:02:24;USR-1113;2007-12-03;F;Standard;4;0;360;Card;Dota 2;;1
SESS-11206;2026-08-13 11:10:05;USR-1203;2011-01-18;M;Standard;1;0;100;App;CS2;;0
SESS-13098;2026-08-19 22:29:09;USR-1774;1997-04-13;F;Standard;12;0;1200;Card;CS2;4.0;0
SESS-13044;2026-08-09 19:34:44;USR-1323;2003-02-07;M;VIP;3;630;600;Cash;Dota 2;5.0;0
SESS-15129;2026-08-09 16:33:50;USR-1771;2008-11-02;M;Bootcamp;2;470;300;Card;Valorant;;0
SESS-13198;2026-08-27 17:40:08;USR-1113;2007-12-03;F;Standard;3;0;300;Card;Apex Legends;4.0;0
SESS-14757;2026-08-22 08:32:00;USR-1456;2009-06-23;M;Standard;4;0;360;App;GTA V;5.0;1
SESS-10465;2026-08-07 09:00:31;USR-1301;2010-06-17;M;Standard;1;40;100;App;Minecraft;4.0;0
SESS-13894;2026-08-12 19:25:07;USR-1222;2005-09-10;M;Standard;3;0;300;Cash;CS2;2.0;0
SESS-12583;2026-08-13 23:35:12;USR-1015;2006-01-06;M;Bootcamp;8;1430;1200;Card;Apex Legends;4.0;0
SESS-14475;2026-08-20 14:23:23;USR-1387;2004-02-28;M;Standard;1;0;100;Cash;CS2;4.5;0
SESS-12584;2026-08-29 12:50:46;USR-1252;2006-10-25;M;VIP;3;616;540;Card;CS2;;1
SESS-11903;2026-08-22 18:33:39;USR-1386;2007-12-17;M;Standard;4;0;400;Card;Valorant;;0
SESS-13799;2026-08-05 19:10:55;USR-1389;2011-12-03;M;Standard;1;0;90;Cash;Apex Legends;4.5;1
SESS-12103;2026-08-23 12:25:27;USR-1126;2010-02-08;M;Standard;5;560;450;App;Deadlock;2.0;1
SESS-13681;2026-08-19 23:09:14;USR-1198;2011-08-10;F;Standard;8;640;800;Card;Minecraft;5.0;0
SESS-15400;2026-08-22 17:15:34;USR-1441;2001-03-23;M;Standard;2;160;200;Card;CS2;4.0;0
SESS-14843;2026-08-01 20:49:44;USR-1598;2000-04-03;M;Bootcamp;3;900;450;Card;Dota 2;;0
SESS-11063;2026-08-18 18:45:15;USR-1740;2011-12-02;M; standard ;2;0;300;App;CS2;;0
SESS-13222;2026-08-02 11:27:40;USR-1744;1996-05-27;F;Standard;3;0;300;Card;CS2;4.0;0
SESS-14627;2026-08-08 16:36:53;USR-1523;1988-03-23;M;VIP;2;0;400;Card;CS2;;0
SESS-12133;2026-08-23 20:02:04;USR-1064;2003-01-04;F;Standard;4;672;360;Card;Valorant;4.5;1
SESS-10918;2026-08-24 17:49:59;USR-1049;2008-01-16;F;Standard;1;120;100;Card;Dota 2;;0
SESS-13384;2026-08-13 18:02:04;USR-1134;2000-09-06;M;Bootcamp;3;660;450;Card;CS2;4.0;0
SESS-12975;2026-08-29 16:13:19;USR-1011;2002-09-04;F;Standard;3;240;300;Card;CS2;4.5;0
SESS-11180;2026-08-01 19:27:01;USR-1530;2011-02-18;M;Standard;5;0;500;Cash;Valorant;;0
SESS-12461;2026-08-19 10:03:46;USR-1054;2010-09-08;M;Standard;4;224;360;Cash;Minecraft;4.0;1
SESS-10144;2026-08-19 19:23:21;USR-1704;2007-12-26;M;Standard;2;0;200;App;CS2;;0
SESS-14630;2026-08-20 14:09:32;USR-1042;1992-11-01;M;PS5;12;4410;2700;Cash;GTA V;4.5;1
SESS-12316;2026-08-13 19:49:54;USR-1043;2005-02-07;F;Bootcamp;4;784;540;Card;CS2;4.5;1
SESS-13512;2026-08-14 12:04:47;USR-1038;2003-03-11;M;VIP;4;0;800;Card;CS2;4.5;0
SESS-11678;2026-08-28 21:36:33;USR-1130;2010-12-28;M;Bootcamp;2;80;300;Cash;Valorant;;0
SESS-15479;2026-08-26 22:30:27;USR-1484;2005-03-22;M;PS5;8;1280;2000;App;Deadlock;;0
SESS-11693;2026-08-23 16:52:24;USR-1022;2010-12-12;M;Standard;5;0;450;App;CS2;4.0;1
SESS-14934;2026-08-15 19:05:38;USR-1009;2001-06-04;M;VIP;3;390;600;App;Deadlock;5.0;0
SESS-12219;2026-08-22 14:41:03;USR-1357;2004-06-18;M;Bootcamp;1;160;150;Card;CS2;4.0;0
SESS-11494;2026-08-16 16:18:06;USR-1136;2010-11-02;M;Standard;1;80;100;Cash;Minecraft;;0
SESS-11602;2026-08-29 21:15:40;USR-1639;2008-06-02;M;Bootcamp;5;750;750;App;CS2;;0
SESS-10514;2026-08-04 16:07:20;USR-1384;1997-10-15;F;VIP;2;0;400;Card;GTA V;5.0;0
SESS-13964;2026-08-11 11:58:51;USR-1540;2010-06-16;M;Standard;1;0;100;App;Minecraft;;0
SESS-12982;2026-08-29 20:07:55;USR-1652;2011-12-25;M;Standard;3;0;300;Cash;CS2;;0
SESS-11188;2026-08-18 18:05:30;USR-1082;2002-08-01;M;VIP;1;0;200;Card;Dota 2;;0
SESS-12285;2026-08-28 12:29:33;USR-1071;2007-09-18;F;PS5;1;120;250;Card;Dota 2;;0
SESS-12693;2026-08-13 19:20:23;USR-1283;2011-12-15;M;Standard;1;60;100;Cash;Minecraft;4.5;0
SESS-14655;2026-08-27 17:26:17;USR-1054;2010-09-08;M;Standard;4;0;400;Cash;CS2;4.0;0
SESS-14614;2026-08-01 12:48:36;USR-1391;2007-07-28;M;Standard;3;0;300;App;CS2;1.0;0
SESS-11298;2026-08-28 23:49:31;USR-1088;2004-02-01;M;Standard;12;1920;1200;App;Valorant;1.0;0
SESS-14128;2026-08-04 21:32:09;USR-1798;2003-03-07;M;Standard;3;336;270;App;Dota 2;;1
SESS-12043;2026-08-01 14:29:39;USR-1092;2011-05-01;M;Standard;2;0;200;Card;Minecraft;;0
SESS-14792;2026-08-09 02:05:23;USR-1698;2008-06-25;M;PS5;1;0;250;Card;Dota 2;5.0;0
SESS-12065;2026-08-04 16:28:53;USR-1117;2012-06-18;F;Standard;5;0;500;App;PUBG;5.0;0
SESS-13423;2026-08-23 11:50:47;USR-1120;2010-01-22;F;Standard;2;160;200;App;CS2;3.0;0
SESS-13818;2026-08-24 02:48:29;USR-1535;2005-07-20;M;VIP;3;510;600;App;Apex Legends;;0
SESS-15043;2026-08-23 22:22:03;USR-1038;2003-03-11;M;VIP;8;1110;1600;Card;Valorant;5.0;0
SESS-14134;2026-08-13 19:26:15;USR-1421;2011-06-05;M;Bootcamp;1;0;150;Cash;CS2;;0
SESS-11228;2026-08-24 15:27:46;USR-1226;2004-12-20;F;PS5;2;320;500;Card;Dota 2;4.5;0
SESS-10787;2026-08-03 20:55:02;USR-1028;2002-05-19;M;Bootcamp;1;0;150;Card;CS2;;0
SESS-15462;2026-08-11 18:10:43;USR-1571;2012-11-11;M;VIP;4;448;720;Card;Valorant;5.0;1
SESS-13020;2026-08-15 22:58:53;USR-1708;2008-01-18;M;Standard;8;1280;800;App;GTA V;4.0;0
SESS-15065;2026-08-31 21:29:47;USR-1114;2011-10-14;M;Standard;2;0;200;App;CS2;;0
SESS-13834;2026-08-02 14:29:56;USR-1288;2006-12-23;F;VIP;2;240;400;Card;CS2;5.0;0
SESS-14127;2026-08-11 18:29:43;USR-1071;2007-09-18;F;Bootcamp;2;320;300;Cash;CS2;;0
SESS-14929;2026-08-21 19:06:00;USR-1288;2006-12-23;F;Bootcamp;5;480;750;Card;CS2;5.0;0
SESS-15025;2026-08-30 18:23:56;USR-1042;1992-11-01;M;VIP;2;540;400;Card;PUBG;4.0;0
SESS-13508;2026-08-07 11:42:14;USR-1702;2002-05-22;F;VIP;1;0;200;Card;CS2;;0
SESS-14918;2026-08-21 00:18:52;USR-1292;2004-12-04;F;Bootcamp;8;0;1200;App;CS2;5.0;0
SESS-11094;2026-08-16 01:02:42;USR-1347;2007-03-25;M;Standard;5;800;500;Card;Dota 2;4.5;0
SESS-10589;2026-08-16 14:46:09;USR-1104;2004-02-10;F;Standard;12;0;1200;Card;Apex Legends;;0
SESS-13673;2026-08-08 22:59:42;USR-1403;2010-12-09;M;Standard;5;420;450;Cash;Valorant;;1
SESS-15164;2026-08-22 20:03:26;USR-1132;2010-11-05;M;Standard;3;180;300;Cash;Minecraft;;0
SESS-10633;2026-08-20 18:59:35;USR-1146;2006-03-03;M;Standard;1;0;100;App;CS2;;0
SESS-13624;2026-08-23 17:29:35;USR-1492;2011-04-20;M;Standard;2;0;200;App;Minecraft;;0
SESS-10823;2026-08-28 21:41:52;USR-1009;2001-06-04;M;VIP;2;390;400;Card;Dota 2;;0
SESS-10840;2026-08-15 20:17:18;USR-1720;1998-08-20;M;PS5;3;0;750;Card;Browser/Work;5.0;0
SESS-13610;2026-08-21 16:17:42;USR-1504;2011-06-26;M;VIP;2;0;400;Card;CS2;5.0;0
SESS-11382;2026-08-09 09:20:56;USR-1350;2010-08-25;M;Bootcamp;3;0;450;Cash;Minecraft;;0
SESS-13147;2026-08-24 16:17:08;USR-1602;1994-01-19;M;Standard;4;480;400;Card;Cyberpunk 2077;;0
SESS-13578;2026-08-19 18:09:21;USR-1043;2005-02-07;F;VIP;3;440;600;Card;CS2;;0
SESS-10270;2026-08-02 08:49:36;USR-1415;2002-04-06;M;VIP;3;440;600;Card;CS2;4.0;0
SESS-10187;2026-08-22 14:29:01;USR-1239;2011-01-28;M;Standard;4;320;400;Cash;Valorant;;0
SESS-14335;2026-08-01 18:45:34;USR-1373;2005-07-27;M;Standard;2;0;200;Card;CS2;;0
SESS-12392;2026-08-05 02:16:22;USR-1799;2004-04-02;M;Standard;2;0;200;Card;Dota 2;;0
SESS-13944;2026-08-10 20:31:02;USR-1569;2011-02-25;M;Bootcamp;3;0;450;App;Minecraft;4.0;0
SESS-12337;2026-08-31 17:40:28;USR-1173;2011-12-01;M;VIP;3;0;600;App;Minecraft;3.0;0
SESS-12577;2026-08-14 16:55:36;USR-1407;2010-07-26;M;Bootcamp;5;0;750;Cash;CS2;;0
SESS-13929;2026-08-23 16:20:19;USR-1703;2007-12-18;M;VIP;1;160;200;Card;CS2;;0
SESS-11400;2026-08-12 19:15:37;USR-1129;1997-03-27;M;VIP;2;0;400;Card;CS2;4.0;0
SESS-14328;2026-08-27 08:12:23;USR-1474;2011-06-08;M;ps5;2;0;200;Cash;CS2;5.0;0
SESS-10440;2026-08-11 23:14:35;USR-1036;2011-02-07;M;VIP;8;0;1600;Cash;Valorant;;0
SESS-15290;2026-08-04 06:22:59;USR-1157;2009-01-09;M;PS5;2;120;500;Cash;CS2;4.5;0
SESS-13785;2026-08-20 08:24:15;USR-1062;2008-06-27;F;Standard;3;0;300;App;CS2;4.0;0
SESS-14982;2026-08-13 19:02:30;USR-1644;1999-12-25;F;VIP;2;390;400;Card;Cyberpunk 2077;5.0;0
SESS-12193;2026-08-27 19:10:54;USR-1019;1998-11-10;M;Standard;3;0;300;App;Deadlock;;0
SESS-12573;2026-08-11 19:14:35;USR-1035;2005-10-21;M;Bootcamp;1;310;150;Card;Dota 2;;0
SESS-12862;2026-08-20 12:13:28;USR-1382;2012-07-23;M;Standard;8;320;800;Cash;CS2;4.5;0
SESS-13136;2026-08-17 23:12:33;USR-1064;2003-01-04;F;VIP;2;390;400;Card;Dota 2;4.5;0
SESS-13011;2026-08-21 19:59:36;USR-1527;2005-07-19;M;Bootcamp;1;0;150;Card;Valorant;3.0;0
SESS-14990;2026-08-08 15:29:28;USR-1143;2009-12-19;M;VIP;4;0;800;App;Dota 2;4.5;0
SESS-10540;2026-08-02 21:27:43;USR-1303;2011-10-12;M;Bootcamp;2;120;300;Cash;Valorant;4.0;0
SESS-10119;2026-08-31 11:19:19;USR-1121;2011-01-17;M;Standard;2;0;200;Card;CS2;;0
SESS-13111;2026-08-09 14:21:16;USR-1026;2005-03-02;M;Standard;12;0;1080;App;Dota 2;4.5;1
SESS-15224;2026-08-21 13:46:47;USR-1051;2011-05-15;M;PS5;3;180;750;App;GTA V;;0
SESS-15325;2026-08-08 17:32:21;USR-1082;2002-08-01;M;Standard;4;0;400;App;Dota 2;;0
SESS-14143;2026-08-02 16:25:52;USR-1598;2000-04-03;M;Bootcamp;1;0;150;App;GTA V;;0
SESS-14348;2026-08-03 22:46:47;USR-1573;2002-05-24;M;Bootcamp;8;0;1200;Cash;Apex Legends;4.0;0
SESS-13189;2026-08-19 18:46:17;USR-1033;2003-12-13;M;Standard;3;0;300;Card;Dota 2;;0
SESS-10473;2026-08-13 14:02:30;USR-1106;2008-02-13;M;Bootcamp;1;0;150;Card;Dota 2;;0
SESS-11505;2026-08-13 03:39:00;USR-1064;2003-01-04;F;Bootcamp;2;310;300;Cash;CS2;4.0;0
SESS-15201;2026-08-21 20:49:30;USR-1554;1999-07-05;M;VIP;5;1550;1000;App;CS2;5.0;0
SESS-12500;2026-08-16 17:57:39;USR-1236;2009-12-09;M;Standard;5;420;450;App;Minecraft;4.5;1
SESS-12687;2026-08-21 21:54:02;USR-1411;2006-02-22;M;Bootcamp;2;0;300;Card;Dota 2;;0
SESS-11624;2026-08-31 03:36:27;USR-1695;1999-11-07;M;Standard;2;503;180;Card;Dota 2;;1
SESS-11921;2026-08-14 20:03:36;USR-1112;2010-12-09;M;Bootcamp;1;80;150;Cash;Minecraft;;0
SESS-10344;2026-08-29 00:58:09;USR-1546;1998-07-07;M;VIP;3;0;600;Card;CS2;5.0;0
SESS-13018;2026-08-21 16:50:09;USR-1050;2004-06-28;M;Bootcamp;4;658;540;Card;CS2;5.0;1
SESS-10691;2026-08-19 14:21:25;USR-1167;2007-06-19;M;Standard;2;160;200;Card;Minecraft;4.0;0
SESS-12865;2026-08-12 15:28:15;USR-1008;2004-03-27;F;Standard;3;672;270;Card;Dota 2;3.0;1
SESS-10627;2026-08-26 17:28:31;USR-1038;2003-03-11;м;Bootcamp;3;882;405;Card;Valorant;;1
SESS-13838;2026-08-08 08:29:01;USR-1270;2005-11-27;M;Standard;2;0;200;Card;Valorant;;0
SESS-12964;2026-08-14 12:20:46;USR-1056;2005-02-01;F;VIP;4;560;720;Card;Dota 2;5.0;1
SESS-13219;2026-08-21 14:14:02;USR-1203;2011-01-18;M;Bootcamp;1;40;150;Cash;CS2;;0
SESS-12398;2026-08-13 18:48:54;USR-1154;2007-03-12;M;VIP;2;0;400;Card;Dota 2;;0
SESS-13650;2026-08-11 08:17:07;USR-1345;2008-10-04;M;PS5;2;0;500;App;CS2;;0
SESS-12267;2026-08-07 16:11:11;USR-1683;2006-07-26;M;PS5;2;240;500;Card;Dota 2;;0
SESS-10287;2026-08-02 13:55:15;USR-1799;2004-04-02;M;Standard;4;896;360;Cash;Dota 2;4.5;1
SESS-10590;2026-08-12 15:01:56;USR-1241;2001-02-07;M;Standard;5;840;450;Card;CS2;1.0;1
SESS-15374;2026-08-04 19:59:54;USR-1106;2008-02-13;M;VIP;2;310;400;;CS2;;0
SESS-12997;2026-08-18 16:01:25;USR-1664;2012-03-23;M;Standard;1;0;100;Cash;CS2;;0
SESS-13904;2026-08-01 16:00:48;USR-1526;1990-05-25;F;VIP;3;690;600;Card;GTA V;;0
SESS-14593;2026-08-11 16:06:48;USR-1532;2004-10-07;M;Standard;2;320;200;Card;Dota 2;;0
SESS-10081;2026-08-28 21:35:02;USR-1697;2003-08-20;M;Bootcamp;1;0;150;Card;CS2;3.0;0
SESS-12723;2026-08-08 10:48:52;USR-1776;2009-02-12;M;Standard;1;0;100;App;CS2;;0
SESS-15048;2026-08-26 11:56:25;USR-1019;1998-11-10;M;Standard;3;756;270;App;CS2;;1
SESS-14616;2026-08-09 12:14:59;USR-1005;1998-09-23;M;Bootcamp;2;540;300;Card;Browser/Work;4.5;0
SESS-11370;2026-08-17 20:20:31;USR-1416;2008-03-07;F;Standard;2;0;200;Card;Deadlock;5.0;0
SESS-12555;2026-08-28 20:23:59;USR-1118;2012-06-26;M;Standard;5;560;450;App;Valorant;5.0;1
SESS-10320;2026-08-16 13:24:07;USR-1783;2007-07-06;M;Bootcamp;2;320;300;App;Deadlock;5.0;0
SESS-14216;2026-08-27 15:22:38;USR-1127;2011-07-10;M;Standard;2;0;180;Cash;Valorant;;1
SESS-13141;2026-08-22 16:36:20;USR-1462;2004-04-06;M;Standard;1;0;100;Card;Dota 2;;0
SESS-12830;2026-08-06 21:57:27;USR-1787;1996-04-17;M;Standard;2;0;200;App;Dota 2;;0
SESS-11834;2026-08-17 17:43:03;USR-1399;2008-07-10;M;VIP;3;630;600;Card;Dota 2;;0
SESS-12783;2026-08-01 17:31:08;USR-1121;2011-01-17;M;Standard;2;168;180;Card;CS2;;1
SESS-11121;2026-08-29 20:53:46;USR-1192;2002-03-03;M;VIP;1;0;200;Card;Dota 2;;0
SESS-14311;2026-08-14 00:46:49;USR-1134;2000-09-06;M;PS5;12;0;3000;Card;CS2;5.0;0
SESS-14668;2026-08-24 16:37:11;USR-1132;2010-11-05;M;Bootcamp;2;0;300;Card;Deadlock;;0
SESS-13097;2026-08-02 22:50:01;USR-1464;1993-12-18;M;PS5;8;0;2000;Card;Deadlock;;0
SESS-14114;2026-08-15 20:07:39;USR-1090;2010-09-06;M;Standard;12;720;1200;Cash;Deadlock;;0
SESS-15367;2026-08-28 15:50:12;USR-1173;2011-12-01;M;Standard;3;0;270;App;Dota 2;;1
SESS-13079;2026-08-23 23:57:16;USR-1137;2007-12-19;M;Bootcamp;12;1040;1800;App;Deadlock;;0
SESS-13975;2026-08-10 14:10:49;USR-1085;2011-03-10;M;Standard;2;0;200;Card;CS2;;0
SESS-13171;2026-08-19 19:10:06;USR-1178;2008-07-23;M;Bootcamp;1;0;150;Card;CS2;;0
SESS-15350;2026-08-01 18:06:15;USR-1151;1996-03-26;M;VIP;1;400;200;Card;Cyberpunk 2077;;0
SESS-11706;2026-08-19 23:23:33;USR-1510;2006-07-23;M;Standard;8;1280;800;App;CS2;;0
SESS-13320;2026-08-21 23:53:47;USR-1322;2009-01-08;F;Bootcamp;12;0;1620;App;Dota 2;;1
SESS-14852;2026-08-08 17:49:40;USR-1024;2006-10-08;M;Bootcamp;4;658;540;App;Apex Legends;5.0;1
SESS-13750;2026-08-06 09:34:55;USR-1326;1999-02-11;M;Standard;2;360;200;Card;Browser/Work;;0
SESS-10204;2026-08-04 15:16:39;USR-1196;2012-04-26;M;PS5;2;80;500;Card;Valorant;;0
SESS-12473;2026-08-16 15:22:40;USR-1230;2000-05-02;M;VIP;2;650;400;Card;CS2;4.5;0
SESS-14876;2026-08-08 15:27:41;USR-1037;2008-10-15;M;VIP;4;1106;720;Card;Dota 2;4.5;1
SESS-12995;2026-08-17 15:50:53;USR-1505;2004-12-22;M;VIP;2;0;400;Card;PUBG;;0
SESS-13311;2026-08-23 10:23:05;USR-1257;2004-05-13;M;Bootcamp;3;630;450;Card;CS2;;0
SESS-11959;2026-08-08 12:56:58;USR-1541;2006-04-27;M;PS5;4;0;1000;Card;Dota 2;4.0;0
SESS-14921;2026-08-23 17:53:41;USR-1481;2005-06-02;F;Standard;3;0;300;Card;CS2;;0
SESS-13841;2026-08-13 18:07:25;USR-1329;2002-01-06;F;VIP;8;1040;1600;App;Dota 2;4.5;0
SESS-12222;2026-08-27 18:53:36;USR-1025;1996-12-17;M;VIP;2;756;360;Card;Dota 2;;1
SESS-10476;2026-08-08 23:09:02;USR-1016;2002-04-03;M;Standard;8;0;800;App;CS2;4.0;0
SESS-14307;2026-08-03 16:57:29;USR-1009;2001-06-04;M;VIP;4;790;800;Cash;Dota 2;5.0;0
SESS-10084;2026-08-09 16:54:14;USR-1706;1999-12-28;M;VIP;2;0;360;App;Cyberpunk 2077;;1
SESS-11422;2026-08-12 08:28:59;USR-1758;2012-09-07;M;Standard;3;0;270;App;Minecraft;4.0;1
SESS-14207;2026-08-27 14:41:58;USR-1623;2008-07-15;M; Bootcamp ;1;230;150;Card;PUBG;;0
SESS-11794;2026-08-04 19:01:40;USR-1020;2010-04-19;M;VIP;1;0;200;Card;Valorant;;0
SESS-11065;2026-08-24 17:02:29;USR-1055;2004-02-26;M;PS5;3;0;750;Card;CS2;;0
SESS-15177;2026-08-22 19:12:33;USR-1026;2005-03-02;M;VIP;2;0;360;Card;Dota 2;;1
SESS-11809;2026-08-01 17:56:45;USR-1069;2004-11-11;M;VIP;2;0;400;Card;CS2;4.5;0
SESS-11140;2026-08-25 10:27:12;USR-1043;2005-02-07;F;PS5;4;0;1000;App;CS2;3.0;0
SESS-13984;2026-08-15 22:22:03;USR-1507;2006-09-11;M;Standard;3;0;270;Card;Valorant;4.5;1
SESS-10869;2026-08-20 01:51:15;USR-1077;2003-08-14;M;VIP;12;0;2160;Card;CS2;;1
SESS-10442;2026-08-03 14:25:33;USR-1795;1997-10-22;M;VIP;1;0;200;Card;CS2;4.0;0
SESS-14851;2026-08-07 23:09:18;USR-1310;2011-02-12;M;Standard;8;672;720;Cash;Minecraft;4.0;1
SESS-10531;2026-08-31 15:57:08;USR-1711;2010-10-01;M;Bootcamp;2;120;300;Card;Dota 2;4.5;0
SESS-12428;2026-08-20 01:13:40;USR-1119;2005-11-03;M;PS5;12;1344;2700;App;CS2;3.0;1
SESS-13315;2026-08-21 11:21:05;USR-1005;1998-09-23;M;PS5;5;1680;1125;App;Deadlock;;1
SESS-14260;2026-08-22 11:18:57;USR-1327;2007-04-16;F;Bootcamp;2;240;300;Card;Dota 2;;0
SESS-14640;2026-08-01 12:29:17;USR-1339;2006-10-23;M;Standard;2;240;200;App;Dota 2;;0
SESS-11061;2026-08-08 14:39:48;USR-1528;1999-03-12;M;Standard;2;360;200;Card;PUBG;;0
SESS-10547;2026-08-02 15:02:54;USR-1048;2012-07-10;F;Standard;1;0;100;App;CS2;;0
SESS-13406;2026-08-04 23:25:01;USR-1250;2007-05-17;M;Bootcamp;8;1360;1200;Card;Apex Legends;;0
SESS-14164;2026-08-15 07:58:18;USR-1569;2011-02-25;M;Bootcamp;3;0;450;App;Apex Legends;5.0;0
SESS-13909;2026-08-26 15:22:27;USR-1066;2005-04-09;M;Standard;1;160;100;Card;Valorant;;0
SESS-12653;2026-08-24 19:09:34;USR-1108;1998-04-14;M;Standard;5;0;500;Card;CS2;;0
SESS-13255;2026-08-15 16:24:23;USR-1329;2002-01-06;F;Standard;2;0;200;App;PUBG;5.0;0
SESS-15563;2026-08-15 10:52:32;USR-1569;2011-02-25;Мужской;Standard;1;0;100;App;Dota 2;;0
SESS-11428;2026-08-29 11:35:15;USR-1051;2011-05-15;M;VIP;2;0;400;App;GTA V;;0
SESS-14565;2026-08-20 16:10:45;USR-1019;1998-11-10;M;Standard;1;180;100;Card;Cyberpunk 2077;5.0;0
SESS-11681;2026-08-07 13:41:14;USR-1767;2006-02-17;M;Bootcamp;2;240;300;Card;Deadlock;;0
SESS-13674;2026-08-01 18:06:08;USR-1792;2006-11-15;M;Standard;4;896;360;App;Dota 2;4.5;1
SESS-10985;2026-08-16 16:05:47;USR-1309;2010-08-10;M;Standard;1;60;100;Cash;CS2;;0
SESS-12531;2026-08-03 17:22:56;USR-1346;1995-12-06;M;VIP;5;1959;900;App;Dota 2;4.5;1
SESS-10825;2026-08-06 20:48:30;USR-1168;2001-03-23;F;Bootcamp;12;0;1800;Card;Deadlock;5.0;0
SESS-14490;2026-08-29 18:16:25;USR-1492;2011-04-20;M;Bootcamp;1;40;150;Card;Minecraft;;0
SESS-13401;2026-08-20 13:49:02;USR-1449;2011-12-11;M;Standard;3;0;300;Cash;CS2;5.0;0
SESS-14075;2026-08-10 18:26:02;USR-1162;1995-09-27;M;VIP;2;800;400;Card;Deadlock;;0
SESS-10857;2026-08-29 14:09:50;USR-1151;1996-03-26;M;PS5;3;965;675;Card;GTA V;4.0;1
SESS-10856;2026-08-25 18:08:30;USR-1106;2008-02-13;M;Standard;3;480;300;App;Dota 2;5.0;0
SESS-15519;2026-08-06 18:58:36;USR-1793;1995-11-05;M;PS5;2;800;500;Card;Valorant;4.5;0
SESS-11747;2026-08-30 15:55:46;USR-1330;2005-05-26;M;PS5;3;503;675;App;CS2;;1
SESS-13634;2026-08-12 07:08:12;USR-1072;2012-08-16;M;Bootcamp;2;0;300;Cash;Minecraft;;0
SESS-11464;2026-08-22 15:52:01;USR-1799;2004-04-02;M;PS5;4;0;900;App;Dota 2;;1
SESS-15045;2026-08-30 15:56:04;USR-1502;2004-12-18;M;VIP;3;0;600;Card;Dota 2;;0
SESS-12205;2026-08-19 11:53:18;USR-1328;1997-09-01;M;Standard;1;120;100;Card;Dota 2;;0
SESS-14952;2026-08-14 17:23:54;USR-1027;2002-07-03;M;Bootcamp;4;0;600;Card;Dota 2;;0
SESS-11942;2026-08-18 20:41:23;USR-1424;2003-09-25;M;Standard;4;320;400;Card;CS2;4.5;0
SESS-10206;2026-08-23 13:13:49;USR-1045;2006-03-28;M;PS5;2;240;500;Card;Dota 2;;0
SESS-11646;2026-08-04 16:55:54;USR-1791;2006-01-19;F;Bootcamp;3;0;450;App;Valorant;;0
SESS-14397;2026-08-29 18:34:59;USR-1559;2006-09-22;M;VIP;2;400;400;App;PUBG;5.0;0
SESS-15205;2026-08-02 14:17:56;USR-1051;2011-05-15;M;Standard;2;0;200;App;Minecraft;4.0;0
SESS-11208;2026-08-13 08:44:09;USR-1098;2005-09-18;f;Standard;1;0;100;Card;Apex Legends;;0
SESS-12968;2026-08-01 20:20:09;USR-1610;2010-03-28;M;Standard;3;240;300;Card;CS2;2.0;0
SESS-10763;2026-08-23 13:37:33;USR-1207;2002-07-21;F;Bootcamp;3;0;450;Card;CS2;;0
SESS-13313;2026-08-18 18:52:14;USR-1156;2008-07-22;M;Bootcamp;2;310;300;Card;Dota 2;;0
SESS-12022;2026-08-26 11:14:08;USR-1291;2011-06-22;M;Bootcamp;4;240;600;Card;Dota 2;3.0;0
SESS-12751;2026-08-28 13:42:35;USR-1249;2011-08-26;M;Standard;5;280;450;Cash;Dota 2;4.5;1
SESS-13720;2026-08-24 11:46:10;USR-1174;1996-11-17;M;VIP;2;0;400;Card;Cyberpunk 2077;4.0;0
SESS-12026;2026-08-21 16:15:43;USR-1143;2009-12-19;M;Standard;2;80;200;App;CS2;5.0;0
SESS-13121;2026-08-06 21:41:06;USR-1049;2008-01-16;F;Bootcamp;12;1554;1620;Card;Dota 2;;1
SESS-13331;2026-08-29 11:36:45;USR-1107;1996-01-10;F;PS5;2;800;500;Card;Browser/Work;4.0;0
SESS-14384;2026-08-12 15:48:43;USR-1239;2011-01-28;M;Bootcamp;2;0;300;App;Deadlock;;0
SESS-10191;2026-08-17 01:41:34;USR-1156;2008-07-22;M;Standard;8;0;800;App;Cyberpunk 2077;;0
SESS-13893;2026-08-27 13:47:03;USR-1229;2000-05-06;M;Standard;4;672;360;Card;CS2;;1
SESS-15094;2026-08-30 11:31:40;USR-1678;2007-09-14;F;Standard;4;640;400;Card;Valorant;;0
SESS-14136;2026-08-29 14:22:57;USR-1080;2010-03-26;M;Standard;2;0;200;Card;Dota 2;3.0;0
SESS-13213;2026-08-12 20:19:23;USR-1497;2009-02-08;M;Bootcamp;2;0;270;Card;GTA V;;1
SESS-14607;2026-08-12 19:12:18;USR-1322;2009-01-08;F;PS5;4;0;1000;Card;GTA V;;0
SESS-13699;2026-08-08 15:53:38;USR-1107;1996-01-10;F;PS5;2;650;500;Card;Browser/Work;4.0;0
SESS-15092;2026-08-30 14:28:32;USR-1111;2012-11-21;M;Standard;2;168;180;App;Minecraft;;1
SESS-13989;2026-08-31 17:53:01;USR-1680;2007-04-03;M;Bootcamp;2;320;300;App;CS2;2.0;0
SESS-15114;2026-08-15 07:30:16;USR-1352;1995-12-27;2;VIP;4;870;800;Card;CS2;4.0;0
SESS-14691;2026-08-16 16:19:52;USR-1023;2005-11-18;F;Standard;3;240;300;App;CS2;3.0;0
SESS-14215;2026-08-08 19:42:12;USR-1358;2010-03-22;M;VIP;2;0;400;Cash;Minecraft;4.5;0
SESS-13950;2026-08-02 18:24:24;USR-1743;2001-10-26;M;Standard;3;0;300;App;Apex Legends;4.0;0
SESS-12644;2026-08-08 01:09:00;USR-1626;1991-12-25;F;VIP;5;1200;1000;Card;Browser/Work;;0
SESS-14927;2026-08-28 14:52:59;USR-1587;2005-03-27;M;Standard;2;0;200;App;CS2;;0
SESS-15107;2026-08-05 23:49:20;USR-1793;1995-11-05;M;VIP;8;0;1600;Card;CS2;;0
SESS-10488;2026-08-22 01:07:55;USR-1461;2010-10-19;M;Standard;12;0;1200;App;Dota 2;4.5;0
SESS-10799;2026-08-20 01:02:48;USR-1004;2010-05-15;F;Standard;8;0;720;App;Dota 2;4.5;1
SESS-12549;2026-08-17 12:58:44;USR-1503;1999-04-24;M;Standard;2;0;200;App;CS2;;0
SESS-11745;2026-08-09 18:40:57;USR-1010;2005-03-05;M;PS5;2;320;500;Card;Dota 2;;0
SESS-12654;2026-08-15 20:18:26;USR-1087;2002-08-16;F;VIP;3;0;540;Cash;Valorant;;1
SESS-15357;2026-08-09 14:35:31;USR-1002;2001-09-28;F;Bootcamp;1;0;150;Card;CS2;;0
SESS-12840;2026-08-08 21:06:07;USR-1152;1992-08-26;M;Standard;4;720;400;Card;Browser/Work;5.0;0
SESS-13095;2026-08-23 18:10:57;USR-1053;2003-11-22;M;Standard;3;336;270;Cash;Dota 2;;1
SESS-11908;2026-08-21 23:31:45;USR-1155;2012-05-12;F;Standard;8;0;800;Cash;Minecraft;;0
SESS-14980;2026-08-18 18:40:54;USR-1232;2011-03-07;M;Standard;2;0;200;App;CS2;;0
SESS-14528;2026-08-08 22:58:31;USR-1586;2009-05-19;M;Bootcamp;2;0;300;App;Apex Legends;;0
SESS-14983;2026-08-30 14:09:06;USR-1233;2006-08-20;M;VIP;5;770;900;Card;CS2;5.0;1
SESS-14039;2026-08-17 22:07:54;USR-1203;2011-01-18;M;Standard;8;320;800;App;Minecraft;;0
SESS-10101;2026-08-04 18:23:02;USR-1071;2007-09-18;F;Standard;5;0;450;App;Dota 2;;1
SESS-14087;2026-08-01 14:25:30;USR-1039;2005-04-25;M;Bootcamp;1;310;150;App;Deadlock;3.0;0
SESS-14181;2026-08-23 14:08:52;USR-1470;2003-06-06;F;VIP;4;882;720;App;Deadlock;4.5;1
SESS-11649;2026-08-19 14:04:51;USR-1096;2000-06-13;M;PS5;3;965;675;Card;CS2;;1
SESS-11237;2026-08-10 17:34:38;USR-1305;2010-06-26;M;Bootcamp;2;0;300;Card;Valorant;4.5;0
SESS-11263;2026-08-16 22:17:06;USR-1550;2012-07-25;M;Standard;12;672;1080;Cash;Dota 2;;1
SESS-10124;2026-08-27 19:33:19;USR-1078;1995-02-26;M;Bootcamp;3;1176;405;Card;Dota 2;5.0;1
SESS-15174;2026-08-13 11:52:10;USR-1284;1993-11-23;F;PS5;3;0;750;App;CS2;;0
SESS-14837;2026-08-24 13:07:47;USR-1309;2010-08-10;M;PS5;1;0;225;Cash;Dota 2;;1
SESS-12257;2026-08-10 16:51:48;USR-1645;2006-12-09;M;PS5;2;320;500;Card;Deadlock;;0
SESS-11256;2026-08-20 16:01:11;USR-1050;2004-06-28;M;ps5;1;0;100;Card;CS2;;0
SESS-14499;2026-08-21 18:58:19;USR-1017;2006-06-21;M;Standard;1;80;100;Card;CS2;;0
SESS-14490;2026-08-29 18:16:25;USR-1492;2011-04-20;M;Bootcamp;1;40;150;Card;Minecraft;;0
SESS-14237;2026-08-18 16:31:37;USR-1769;2011-01-01;F;Standard;1;0;100;Cash;Dota 2;;0
SESS-10707;2026-08-05 18:09:00;USR-1664;2012-03-23;M;VIP;3;0;600;Cash;Valorant;;0
SESS-12463;2026-08-23 17:15:23;USR-1654;2006-11-15;M;VIP;1;270;200;Card;CS2;;0
SESS-14405;2026-08-14 17:34:41;USR-1794;2005-02-26;M;VIP;2;310;400;Card;CS2;;0
SESS-13271;2026-08-29 17:23:10;USR-1213;2008-08-22;M;Standard;3;480;300;Card;GTA V;5.0;0
SESS-14434;2026-08-10 16:17:19;USR-1266;2002-08-27;M;Standard;8;960;800;Card;Dota 2;;0
SESS-10862;2026-08-17 17:14:06;USR-1660;2001-06-14;F;Bootcamp;3;0;450;Card;CS2;4.0;0
SESS-14969;2026-08-16 17:30:34;USR-1233;2006-08-20;M;PS5;3;336;675;Card;Deadlock;;1
SESS-10261;2026-08-08 12:16:46;USR-1672;2003-10-01;F;PS5;3;0;750;Cash;Valorant;;0
SESS-12010;2026-08-03 13:19:13;USR-1552;2011-11-07;M;Standard;1;0;100;Cash;Minecraft;;0
SESS-12925;2026-08-09 16:18:01;USR-1489;2005-07-19;M;VIP;4;720;800;App;Apex Legends;;0
SESS-14424;2026-08-04 17:23:17;USR-1647;2009-05-01;M;Standard;2;120;200;Card;Valorant;;0
SESS-15504;2026-08-01 12:53:27;USR-1153;2003-01-20;M;Standard;2;320;200;Card;CS2;4.0;0
SESS-12792;2026-08-18 21:57:31;USR-1326;1999-02-11;M;VIP;1;420;200;Card;PUBG;5.0;0
SESS-14194;2026-08-30 16:29:56;USR-1691;2005-07-21;M;Standard;2;0;200;Card;CS2;4.5;0
SESS-12347;2026-08-06 17:02:15;USR-1145;2009-02-19;M;Standard;3;168;270;Card;Dota 2;5.0;1
SESS-15447;2026-08-23 11:47:05;USR-1758;2012-09-07;M;VIP;3;0;600;Cash;Minecraft;;0
SESS-15578;2026-08-11 18:35:39;USR-1057;2005-07-28;M;VIP;3;560;600;Card;Apex Legends;5.0;0
SESS-11294;2026-08-21 19:09:02;USR-1330;2005-05-26;M;Standard;3;240;300;App;CS2;;0
SESS-13678;2026-08-13 21:28:37;USR-1084;2009-10-18;M;Standard;3;0;300;Card;CS2;;0
SESS-12430;2026-08-20 23:39:10;USR-1052;2007-09-02;M;Standard;8;0;720;Cash;Dota 2;4.5;1
SESS-11472;2026-08-16 17:36:00;USR-1004;2010-05-15;F;Standard;2;160;200;Cash;Valorant;;0
SESS-12149;2026-08-27 20:30:20;USR-1076;2006-09-12;M;Bootcamp;3;0;450;Card;CS2;;0
SESS-11172;2026-08-24 19:20:43;USR-1068;2005-02-06;F;PS5;1;80;250;Card;GTA V;;0
SESS-15285;2026-08-12 18:18:27;USR-1098;2005-09-18;F;PS5;2;240;500;App;Deadlock;;0
SESS-12431;2026-08-05 11:39:40;USR-1154;2007-03-12;M;Standard;5;0;450;App;Deadlock;4.5;1
SESS-11857;2026-08-07 21:29:42;USR-1521;2009-09-04;F;Bootcamp;2;80;300;Cash;Minecraft;;0
SESS-14396;2026-08-11 06:01:14;USR-1719;2004-05-09;M;Standard;3;0;300;Cash;CS2;4.0;0
SESS-13647;2026-08-06 13:14:46;USR-1683;2006-07-26;M;Standard;2;0;200;Cash;CS2;;0
SESS-13853;2026-08-20 12:16:54;USR-1357;2004-06-18;M;VIP;1;0;200;Card;Deadlock;;0
SESS-13776;2026-08-22 13:41:09;USR-1003;2004-05-26;M;Standard;3;0;270;Card;Dota 2;;1
SESS-10230;2026-08-23 13:16:39;USR-1417;2011-06-25;F;Standard;3;0;300;App;Minecraft;;0
SESS-12209;2026-08-02 21:37:30;USR-1620;2012-12-05;M;Standard;3;168;270;Cash;Dota 2;;1
SESS-15352;2026-08-23 19:46:30;USR-1611;2005-06-21;M;Standard;1;120;100;Card;Dota 2;;0
SESS-11088;2026-08-27 19:52:29;USR-1107;1996-01-10;F;VIP;2;0;400;Card;CS2;4.5;0
SESS-14907;2026-08-14 15:03:59;USR-1159;2005-01-02;M;Standard;1;120;100;App;Dota 2;;0
SESS-14395;2026-08-02 09:34:38;USR-1246;1996-02-20;M;PS5;3;1176;675;App;Dota 2;;1
SESS-11459;2026-08-11 12:06:34;USR-1150;2004-07-09;F;Standard;1;160;100;Card;Dota 2;;0
SESS-10089;2026-08-18 23:19:44;USR-1082;2002-08-01;M;Bootcamp;5;0;750;App;Apex Legends;;0
SESS-14822;2026-08-10 14:38:45;USR-1192;2002-03-03;M;Standard;1;160;100;Card;Deadlock;;0
SESS-11777;2026-08-16 15:52:05;USR-1127;2011-07-10;M;Standard;2;0;200;App;Deadlock;4.0;0
SESS-10571;2026-08-20 18:56:04;USR-1352;1995-12-27;F;Bootcamp;3;840;450;Card;Cyberpunk 2077;4.5;0
SESS-10126;2026-08-22 15:29:07;USR-1103;2010-04-23;M;Standard;5;0;500;App;CS2;5.0;0
SESS-14371;2026-08-16 16:12:56;USR-1019;1998-11-10;M;VIP;1;0;200;Card;Dota 2;;0
SESS-11603;2026-08-22 13:46:34;USR-1188;1999-01-08;F;PS5;2;0;500;Card;CS2;;0
SESS-15262;2026-08-12 12:26:40;USR-1160;2007-06-15;M;Bootcamp;4;720;600;App;Dota 2;4.0;0
SESS-15528;2026-08-28 11:41:11;USR-1131;2008-12-05;F;VIP;2;0;400;Card;Dota 2;4.5;0
SESS-14414;2026-08-13 11:45:11;USR-1152;1992-08-26;M;VIP;3;510;600;Card;CS2;;0
SESS-13666;2026-08-12 13:09:13;USR-1337;2000-05-07;M;PS5;2;0;500;Card;Dota 2;3.0;0
SESS-10742;2026-08-01 10:22:33;USR-1507;2006-09-11;M;Standard;2;160;200;Card;Dota 2;;0
SESS-13757;2026-08-08 01:00:06;USR-1644;1999-12-25;F;VIP;3;840;600;Card;Dota 2;4.0;0
SESS-13130;2026-08-14 05:24:28;USR-1142;2010-09-26;M;Standard;3;0;300;App;Minecraft;4.5;0
SESS-11035;2026-08-18 16:22:22;USR-1131;2008-12-05;F;Standard;2;0;200;;CS2;;0
SESS-12936;2026-08-11 16:20:33;USR-1755;1987-02-06;M;PS5;1;480;250;;CS2;;0
SESS-14469;2026-08-27 16:10:42;USR-1124;2004-10-22;M;Standard;3;360;300;App;PUBG;;0
SESS-10136;2026-08-23 14:11:46;USR-1070;2005-10-03;M;Bootcamp;2;240;300;Card;CS2;;0
SESS-14960;2026-08-14 11:26:59;USR-1313;1995-12-07;M;PS5;1;270;250;Card;PUBG;;0
SESS-14250;2026-08-15 00:23:41;USR-1552;2011-11-07;M;Standard;8;0;800;Cash;CS2;;0
SESS-10984;2026-08-25 03:11:44;USR-1498;1998-09-10;M;VIP;1;0;200;Card;CS2;4.5;0
SESS-11684;2026-08-11 13:43:25;USR-1132;2010-11-05;M;Standard;2;160;200;Cash;Deadlock;;0
SESS-11218;2026-08-04 20:55:36;USR-1676;2009-05-02;M;Standard;3;336;270;Cash;CS2;;1
SESS-13225;2026-08-22 18:04:42;USR-1688;1994-08-10;M;VIP;3;840;600;Card;GTA V;4.5;0
SESS-13433;2026-08-22 17:21:25;USR-1076;2006-09-12;M;Standard;4;896;360;Card;Valorant;;1
SESS-10506;2026-08-11 15:18:48;USR-1020;2010-04-19;M;VIP;3;0;600;Card;Minecraft;;0
SESS-10694;2026-08-11 21:20:01;USR-1105;1994-07-15;F;Standard;2;240;200;Card;CS2;;0
SESS-13039;2026-08-02 22:34:39;USR-1517;2006-10-03;M;Standard;12;0;1200;Card;Deadlock;4.0;0
SESS-11532;2026-08-19 15:34:07;USR-1491;2007-06-07;M;VIP;5;0;1000;App;CS2;5.0;0
SESS-14423;2026-08-25 21:15:10;USR-1731;2005-07-27;M;PS5;1;160;250;Card;Dota 2;;0
SESS-14571;2026-08-28 02:06:20;USR-1222;2005-09-10;M;Standard;2;320;200;Card;Dota 2;;0
SESS-12945;2026-08-01 15:37:04;USR-1012;2003-04-12;F;VIP;8;1456;1440;Card;CS2;5.0;1
SESS-10420;2026-08-03 16:03:23;USR-1120;2010-01-22;F;Standard;2;120;200;App;CS2;4.5;0
SESS-12683;2026-08-13 17:56:52;USR-1161;2008-01-12;M;Bootcamp;1;200;150;App;Dota 2;4.0;0
SESS-10881;2026-08-02 17:32:57;USR-1172;2008-07-13;M;Standard;1;0;100;Card;Valorant;;0
SESS-12198;2026-08-28 22:28:08;USR-1580;2011-12-09;F;PS5;5;200;1250;App;Minecraft;4.0;0
SESS-12826;2026-08-20 16:40:38;USR-1254;2011-07-13;M;PS5;5;0;1250;App;CS2;5.0;0
SESS-13479;2026-08-28 03:21:02;USR-1218;1995-08-10;M;VIP;1;0;200;App;Dota 2;;0
SESS-12404;2026-08-26 04:06:09;USR-1041;2008-02-09;M;Bootcamp;1;0;135;Card;Dota 2;;1
SESS-12832;2026-08-08 11:35:20;USR-1349;2008-06-16;M;Standard;2;0;200;Card;CS2;;0
SESS-13017;2026-08-06 19:14:25;USR-1422;2003-07-09;M;Bootcamp;1;240;150;Card;CS2;;0
SESS-13196;2026-08-16 17:47:30;USR-1470;2003-06-06;F;PS5;3;480;750;Card;Dota 2;;0
SESS-14376;2026-08-09 10:38:37;USR-1078;1995-02-26;M;Standard;1;250;100;App;Dota 2;3.0;0
SESS-10370;2026-08-21 19:40:09;USR-1133;2010-07-11;M;Bootcamp;1;0;150;Card;Deadlock;;0
SESS-10060;2026-08-12 01:02:47;USR-1731;2005-07-27;M;Standard;3;503;270;Card;Valorant;5.0;1
SESS-12182;2026-08-25 17:11:45;USR-1032;2007-01-28;M;Standard;3;0;300;Card;CS2;;0
SESS-10130;2026-08-22 02:59:39;USR-1793;1995-11-05;M;VIP;5;1200;1000;App;PUBG;5.0;0
SESS-10079;2026-08-02 14:18:55;USR-1066;2005-04-09;M;Bootcamp;3;560;450;Card;Dota 2;4.0;0
SESS-11268;2026-08-26 21:23:55;USR-1748;2011-10-27;F;Standard;3;0;300;Card;Minecraft;4.0;0
SESS-14249;2026-08-14 15:17:49;USR-1270;2005-11-27;M;Bootcamp;4;0;600;App;Dota 2;;0
SESS-11868;2026-08-07 18:42:39;USR-1397;2009-07-03;M;Standard;3;0;300;Card;Minecraft;;0
SESS-14916;2026-08-11 08:33:33;USR-1031;2009-11-16;M;PS5;2;0;500;App;CS2;3.0;0
SESS-10866;2026-08-19 07:53:04;USR-1035;2005-10-21;M;VIP;1;270;200;Card;Apex Legends;5.0;0
SESS-15239;2026-08-13 14:04:21;USR-1415;2002-04-06;M;Standard;8;0;800;App;CS2;;0
SESS-12875;2026-08-19 15:46:18;USR-1669;2005-08-01;M;Standard;2;320;200;Card;Dota 2;;0
SESS-12075;2026-08-26 19:01:30;USR-1751;2009-04-16;M;Standard;2;0;200;Cash;Minecraft;;0
SESS-13608;2026-08-07 00:03:11;USR-1062;2008-06-27;F;Standard;8;960;800;Card;Dota 2;3.0;0
SESS-10556;2026-08-27 19:05:46;USR-1160;2007-06-15;M;Bootcamp;3;616;405;Card;Dota 2;4.5;1
SESS-12273;2026-08-22 11:17:55;USR-1747;2011-03-20;M;Standard;2;0;200;App;Minecraft;5.0;0
SESS-11273;2026-08-25 16:34:14;USR-1053;2003-11-22;M;Standard;3;672;270;App;CS2;4.0;1
SESS-14830;2026-08-16 01:50:33;USR-1041;2008-02-09;M;Standard;12;1344;1080;App;PUBG;;1
SESS-11261;2026-08-07 14:58:33;USR-1666;2009-08-16;M;Bootcamp;12;0;1800;App;CS2;;0
SESS-13024;2026-08-21 10:15:20;USR-1129;1997-03-27;M;PS5;3;1260;675;Card;Cyberpunk 2077;;1
SESS-15032;2026-08-22 17:55:28;USR-1598;2000-04-03;M;PS5;4;882;900;Card;Dota 2;4.5;1
SESS-13528;2026-08-02 21:15:05;USR-1121;2011-01-17;M;Standard;1;0;100;Cash;Dota 2;4.0;0
SESS-10451;2026-08-29 17:22:23;USR-1676;2009-05-02;M;Standard;2;120;200;Card;CS2;;0
SESS-10382;2026-08-25 21:10:01;USR-1765;1998-09-01;M;Bootcamp;1;270;150;App;Dota 2;;0
SESS-14573;2026-08-15 12:25:08;USR-1155;2012-05-12;F;VIP;3;240;600;Card;CS2;4.0;0
SESS-13193;2026-08-23 08:50:47;USR-1660;2001-06-14;F;Standard;4;0;400;Card;Dota 2;4.5;0
SESS-14989;2026-08-13 16:15:17;USR-1028;2002-05-19;M;Standard;3;503;270;App;Valorant;;1
SESS-10154;2026-08-14 16:50:29;USR-1300;2008-01-12;M;VIP;1;0;200;Card;Dota 2;4.0;0
SESS-11729;2026-08-24 20:00:36;USR-1128;1997-08-27;M;Standard;3;360;300;Card;PUBG;5.0;0
SESS-12607;2026-08-06 12:32:26;USR-1415;2002-04-06;M;VIP;1;310;200;Card;Minecraft;;0
SESS-14160;2026-08-16 15:00:22;USR-1733;2011-04-11;M;VIP;2;0;400;App;CS2;;0
SESS-13866;2026-08-08 10:29:41;USR-1094;1994-08-05;M;Bootcamp;5;1959;675;App;Deadlock;5.0;1
SESS-11723;2026-08-25 16:29:24;USR-1373;2005-07-27;M;Standard;1;160;100;Card;CS2;;0
SESS-10474;2026-08-19 13:53:40;USR-1040;1991-09-28;M;PS5;1;330;250;Cash;Dota 2;;0
SESS-13638;2026-08-02 19:28:45;USR-1652;2011-12-25;M;Standard;2;0;200;Cash;GTA V;;0
SESS-13169;2026-08-29 13:10:04;USR-1124;2004-10-22;M;Standard;4;896;360;App;Dota 2;4.0;1
SESS-13055;2026-08-02 19:52:42;USR-1031;2009-11-16;M;Standard;3;0;300;Cash;CS2;;0
SESS-14365;2026-08-21 15:01:03;USR-1013;2004-01-28;M;Bootcamp;2;0;300;Card;CS2;;0
SESS-13475;2026-08-12 11:21:10;USR-1526;1990-05-25;F;PS5;2;0;500;Card;Cyberpunk 2077;;0
SESS-11394;2026-08-12 18:58:06;USR-1147;2002-10-26;M;Standard;2;160;200;App;CS2;;0
SESS-11972;2026-08-24 00:34:34;USR-1314;1993-11-03;M;VIP;8;1764;1440;Card;CS2;;1
SESS-12289;2026-08-04 17:43:00;USR-1167;2007-06-19;M;Standard;4;896;360;Card;CS2;;1
SESS-10219;2026-08-19 19:16:23;USR-1306;2012-02-20;M;Standard;2;0;180;App;Deadlock;4.0;1
SESS-11864;2026-08-08 01:39:48;USR-1282;2000-05-06;M;PS5;8;1764;1800;Card;CS2;;1
SESS-10339;2026-08-29 17:16:24;USR-1029;1994-12-27;M;VIP;5;0;1000;Card;CS2;4.0;0
SESS-11854;2026-08-21 06:19:38;USR-1794;2005-02-26;M;PS5;1;0;250;Card;Dota 2;;0
SESS-14193;2026-08-27 15:58:21;USR-1045;2006-03-28;M;Standard;2;0;200;App;Valorant;;0
SESS-12128;2026-08-14 18:35:29;USR-1346;1995-12-06;M;Bootcamp;3;840;450;Card;Cyberpunk 2077;;0
SESS-11658;2026-08-06 17:53:45;USR-1318;2002-04-26;F;Bootcamp;2;546;270;App;Deadlock;4.0;1
SESS-10937;2026-08-24 09:33:28;USR-1692;2008-03-01;M;VIP;1;200;200;Card;Valorant;4.5;0
SESS-11344;2026-08-04 01:31:43;USR-1731;2005-07-27;M;Standard;12;1920;1200;Card;CS2;1.0;0
SESS-13966;2026-08-27 20:23:50;USR-1113;2007-12-03;F;Bootcamp;4;560;600;Card;Dota 2;1.0;0
SESS-12637;2026-08-05 23:31:00;USR-1644;1999-12-25;F;Bootcamp;8;1590;1200;Card;PUBG;4.5;0
SESS-11306;2026-08-19 19:06:59;USR-1046;2009-05-04;M;Bootcamp;1;0;150;Cash;Minecraft;;0
SESS-10214;2026-08-03 17:52:42;USR-1522;2004-09-21;F;Standard;4;896;360;App;Dota 2;4.0;1
SESS-10306;2026-08-16 23:15:16;USR-1396;2006-01-08;M;Bootcamp;12;2226;1620;App;Dota 2;5.0;1
SESS-10553;2026-08-09 01:24:16;USR-1356;2011-11-27;F;Standard;3;120;300;Cash;Minecraft;;0
SESS-13953;2026-08-25 18:22:10;USR-1386;2007-12-17;M;Standard;4;896;360;Card;Deadlock;;1
SESS-12849;2026-08-25 14:33:37;USR-1715;2011-04-25;M;VIP;3;0;540;Card;Minecraft;;1
SESS-10764;2026-08-14 09:20:22;USR-1132;2010-11-05;M;VIP;2;0;360;Card;CS2;4.5;1
SESS-13602;2026-08-22 19:41:07;USR-1431;2003-08-27;M;Bootcamp;1;160;150;Card;Valorant;;0
SESS-14735;2026-08-07 16:28:26;USR-1464;1993-12-18;M;Standard;1;251;90;Card;Cyberpunk 2077;4.0;1
SESS-11560;2026-08-15 16:36:44;USR-1028;2002-05-19;M;Standard;2;240;200;App;Valorant;3.0;0
SESS-13139;2026-08-01 18:02:27;USR-1152;1992-08-26;M;Bootcamp;2;650;300;App;CS2;;0
SESS-10240;2026-08-06 18:56:37;USR-1136;2010-11-02;M; standard ;2;0;200;Cash;Minecraft;;0
SESS-13900;2026-08-02 14:04:51;USR-1725;2010-05-11;M;Standard;5;0;500;Cash;Minecraft;4.5;0
SESS-13375;2026-08-10 20:54:56;USR-1073;2001-05-02;M;Bootcamp;3;546;405;Card;Dota 2;3.0;1
SESS-11427;2026-08-09 21:51:52;USR-1105;1994-07-15;F;VIP;3;690;600;Card;Cyberpunk 2077;4.5;0
SESS-14161;2026-08-23 10:10:22;USR-1040;1991-09-28;M;Standard;2;240;200;Card;Cyberpunk 2077;1.0;0
SESS-13749;2026-08-09 14:12:10;USR-1459;2005-03-12;M; Bootcamp ;3;336;270;Card;PUBG;;1
SESS-15213;2026-08-16 17:46:45;USR-1099;2006-06-02;M;Standard;1;0;100;Card;Valorant;;0
SESS-11625;2026-08-24 16:40:17;USR-1701;2009-02-27;M;Standard;1;0;100;Cash;Valorant;;0
SESS-15311;2026-08-25 17:47:39;USR-1059;2003-11-06;F;Standard;1;112;90;App;PUBG;;1
SESS-10956;2026-08-14 20:08:55;USR-1343;2008-07-15;M;Bootcamp;8;0;1200;Card;CS2;4.5;0
SESS-10274;2026-08-12 18:14:21;USR-1445;2005-01-26;M;Bootcamp;1;240;150;App;Apex Legends;4.5;0
SESS-12731;2026-08-17 14:51:06;USR-1247;2007-11-19;F;Bootcamp;2;240;300;Card;Deadlock;;0
SESS-15482;2026-08-12 15:13:02;USR-1713;2004-05-14;M;Standard;3;672;270;Card;CS2;;1
SESS-11617;2026-08-07 19:14:22;USR-1599;2005-04-17;M;PS5;2;160;500;Card;Dota 2;;0
SESS-14833;2026-08-28 19:34:39;USR-1067;2003-06-11;F;Standard;3;0;300;App;Dota 2;4.5;0
SESS-14322;2026-08-28 23:23:30;USR-1732;2004-01-01;F;Standard;12;0;1200;Card;Valorant;1.0;0
SESS-10031;2026-08-22 13:53:33;USR-1374;2004-09-22;M;Bootcamp;2;546;270;Card;Valorant;;1
SESS-10670;2026-08-26 11:27:25;USR-1770;2005-08-15;M;Standard;1;0;100;Cash;Dota 2;;0
SESS-11995;2026-08-15 19:35:50;USR-1026;2005-03-02;M;PS5;3;336;675;Card;CS2;4.5;1
SESS-13391;2026-08-02 08:52:27;USR-1440;2001-01-19;M;Standard;3;0;300;Card;Dota 2;;0
SESS-13448;2026-08-25 21:33:27;USR-1157;2009-01-09;M;Standard;4;224;360;App;CS2;5.0;1
SESS-13800;2026-08-01 21:01:35;USR-1082;2002-08-01;M;Standard;3;336;270;App;Dota 2;4.5;1
SESS-12452;2026-08-24 12:17:16;USR-1273;2009-02-12;M;Bootcamp;2;120;300;Cash;CS2;4.0;0
SESS-13593;2026-08-13 14:16:20;USR-1062;2008-06-27;F;Standard;2;0;200;Card;Apex Legends;;0
SESS-15457;2026-08-09 16:22:53;USR-1136;2010-11-02;M;Standard;2;160;200;Cash;Minecraft;;0
SESS-14922;2026-08-07 00:10:14;USR-1485;2007-07-02;F;Bootcamp;5;750;750;Card;CS2;5.0;0
SESS-10323;2026-08-29 19:21:49;USR-1154;2007-03-12;M;VIP;2;0;400;Card;CS2;;0
SESS-10405;2026-08-30 11:00:41;USR-1146;2006-03-03;M;Bootcamp;8;0;1080;Card;Dota 2;4.5;1
SESS-10814;2026-08-08 18:19:11;USR-1132;2010-11-05;M;Standard;2;168;180;App;Minecraft;;1
SESS-10759;2026-08-27 02:52:44;USR-1732;2004-01-01;F;Standard;4;0;360;Card;Apex Legends;;1
SESS-11330;2026-08-16 10:53:32;USR-1308;2010-03-03;M;Standard;2;120;200;Card;Minecraft;;0
SESS-13811;2026-08-21 19:51:04;USR-1137;2007-12-19;M;Bootcamp;3;390;450;Cash;CS2;;0
SESS-14895;2026-08-28 16:12:58;USR-1107;1996-01-10;F;Standard;5;600;500;Card;GTA V;4.5;0
SESS-10953;2026-08-31 15:51:30;USR-1723;1998-09-16;M;VIP;5;1959;900;Card;Browser/Work;4.5;1
SESS-14142;2026-08-22 17:14:38;USR-1269;1999-12-24;M;VIP;1;400;200;;Cyberpunk 2077;4.5;0
SESS-14031;2026-08-16 15:46:25;USR-1683;2006-07-26;M;Bootcamp;8;1456;1080;Card;CS2;5.0;1
SESS-15512;2026-08-14 00:53:53;USR-1064;2003-01-04;F;Standard;5;560;450;App;CS2;5.0;1
SESS-15192;2026-08-03 16:09:49;USR-1042;1992-11-01;M;VIP;1;560;180;Card;Dota 2;;1
SESS-14323;2026-08-14 11:31:29;USR-1484;2005-03-22;M;Standard;5;840;450;Card;Dota 2;4.5;1
SESS-15238;2026-08-08 16:57:52;USR-1284;1993-11-23;F;Standard;3;503;270;Card;CS2;3.0;1
SESS-11490;2026-08-18 07:45:17;USR-1051;2011-05-15;M;Bootcamp;3;240;450;App;CS2;5.0;0
SESS-11316;2026-08-18 17:27:32;USR-1642;2009-09-05;M;VIP;1;0;200;App;Valorant;;0
SESS-13898;2026-08-15 20:24:19;USR-1377;2012-01-12;F;Standard;2;112;180;Card;Minecraft;5.0;1
SESS-14326;2026-08-16 20:26:39;USR-1790;2012-02-18;M;Bootcamp;3;240;450;App;GTA V;;0
SESS-12113;2026-08-12 13:22:49;USR-1156;2008-07-22;M;Standard;2;240;200;App;Deadlock;;0
SESS-14410;2026-08-26 10:06:35;USR-1266;2002-08-27;M;Bootcamp;1;240;150;Card;CS2;;0
SESS-15471;2026-08-21 12:14:28;USR-1732;2004-01-01;F;PS5;1;160;250;Card;Valorant;;0
SESS-14174;2026-08-27 19:30:50;USR-1695;1999-11-07;M;PS5;3;0;750;Card;GTA V;4.0;0
SESS-15342;2026-08-30 20:07:49;USR-1196;2012-04-26;M;Standard;2;0;200;Cash;Valorant;;0
SESS-13034;2026-08-08 11:02:04;USR-1397;2009-07-03;M;Standard;3;251;270;Card;CS2;4.5;1
SESS-12469;2026-08-29 11:00:23;USR-1021;2004-06-28;M;Standard;4;0;400;App;Dota 2;;0
SESS-13426;2026-08-14 14:52:25;USR-1126;2010-02-08;M;Standard;3;0;270;Card;Dota 2;5.0;1
SESS-13472;2026-08-23 20:10:24;USR-1102;1998-08-23;M;VIP;3;510;600;Card;Dota 2;4.5;0
SESS-14037;2026-08-02 13:45:20;USR-1120;2010-01-22;F;Bootcamp;2;0;270;Card;Minecraft;5.0;1
SESS-14460;2026-08-16 00:26:11;USR-1396;2006-01-08;M;Bootcamp;8;1554;1080;Card;CS2;4.5;1
SESS-10939;2026-08-02 20:50:45;USR-1225;2007-10-25;M;Standard;3;0;270;Card;Dota 2;;1
SESS-14443;2026-08-11 13:22:28;USR-1121;2011-01-17;M;Standard;3;0;300;Card;Minecraft;3.0;0
SESS-13911;2026-08-16 06:55:47;USR-1019;1998-11-10;M;VIP;2;0;400;Card;Dota 2;;0
SESS-14089;2026-08-26 22:31:36;USR-1516;2006-08-12;M;Standard;12;2688;1080;Card;Dota 2;4.5;1
SESS-15095;2026-08-28 19:02:52;USR-1533;1993-12-28;M;PS5;2;0;500;Card;Cyberpunk 2077;4.0;0
SESS-14435;2026-08-07 12:25:50;USR-1578;2011-02-07;M;Bootcamp;2;0;300;App;Valorant;;0
SESS-12884;2026-08-06 12:47:47;USR-1416;2008-03-07;F;VIP;2;240;400;Card;Dota 2;;0
SESS-12663;2026-08-15 19:34:46;USR-1383;2009-05-24;M;Standard;2;0;200;App;Minecraft;;0
SESS-14082;2026-08-06 15:32:20;USR-1556;2010-07-24;M;Bootcamp;1;60;150;App;Minecraft;;0
SESS-15163;2026-08-13 20:55:56;USR-1501;2005-05-15;M;PS5;3;480;750;Card;GTA V;3.0;0
SESS-13730;2026-08-12 14:07:14;USR-1083;2012-04-25;M;Standard;1;60;100;Cash;Valorant;;0
SESS-12232;2026-08-01 16:34:27;USR-1547;2010-04-05;M;Standard;2;0;200;App;CS2;;0
SESS-12014;2026-08-16 23:00:19;USR-1048;2012-07-10;F;Bootcamp;5;400;750;App;Dota 2;5.0;0
SESS-10011;2026-08-28 15:43:20;USR-1039;2005-04-25;M;Bootcamp;2;320;300;Card;CS2;4.0;0
SESS-10083;2026-08-26 09:54:13;USR-1246;1996-02-20;M;VIP;4;870;800;Card;GTA V;4.0;0
SESS-11036;2026-08-29 13:31:57;USR-1718;2010-06-15;M;Bootcamp;3;0;405;App;CS2;;1
SESS-12961;2026-08-25 11:49:08;USR-1157;2009-01-09;M;Standard;2;0;200;Card;CS2;;0
SESS-12521;2026-08-14 22:09:01;USR-1111;2012-11-21;M;Standard;5;0;450;Card;Dota 2;1.0;1
SESS-12599;2026-08-17 10:48:08;USR-1514;1996-07-11;M;VIP;2;390;400;Card;Dota 2;;0
SESS-10975;2026-08-31 18:25:33;USR-1382;2012-07-23;M;Standard;2;80;200;Cash;Minecraft;;0
SESS-11151;2026-08-16 20:12:14;USR-1729;2011-08-11;M;Standard;3;168;270;App;Dota 2;5.0;1
SESS-15385;2026-08-22 03:27:43;USR-1109;2006-11-25;M;VIP;1;322;180;Card;Dota 2;5.0;1
SESS-11889;2026-08-14 16:30:05;USR-1700;2004-04-15;F;VIP;4;1007;720;Card;CS2;;1
SESS-12312;2026-08-27 23:27:15;USR-1122;2009-02-15;M;Standard;5;200;500;App;Minecraft;;0
SESS-12963;2026-08-29 18:47:59;USR-1131;2008-12-05;F;Standard;1;0;100;App;PUBG;;0
SESS-15323;2026-08-15 00:11:02;USR-1012;2003-04-12;F;VIP;8;0;1600;Card;Dota 2;3.0;0
SESS-11544;2026-08-28 15:54:55;USR-1474;2011-06-08;M;Standard;12;720;1200;App;Dota 2;4.5;0
SESS-11545;2026-08-04 11:40:55;USR-1199;1996-04-11;M;Bootcamp;3;0;450;Card;Browser/Work;4.5;0
SESS-11894;2026-08-10 19:10:39;USR-1115;2011-04-23;M;Standard;3;0;300;Card;CS2;;0
SESS-10615;2026-08-01 18:28:57;USR-1023;2005-11-18;F;Standard;2;240;200;App;Dota 2;;0
SESS-14052;2026-08-22 12:17:53;USR-1701;2009-02-27;M;Standard;2;0;200;Card;CS2;;0
SESS-14387;2026-08-06 16:03:55;USR-1538;2006-03-12;F;Standard;2;160;200;App;Dota 2;5.0;0
SESS-14261;2026-08-26 18:01:07;USR-1453;2003-01-16;M;VIP;1;270;200;Card;CS2;;0
SESS-10538;2026-08-15 14:40:13;USR-1124;2004-10-22;M;Standard;3;240;300;Cash;CS2;;0
SESS-13258;2026-08-15 11:40:55;USR-1292;2004-12-04;F;Bootcamp;2;470;300;Card;Valorant;4.5;0
SESS-12853;2026-08-09 22:15:45;USR-1037;2008-10-15;M;VIP;8;0;1600;App;Apex Legends;;0
SESS-12735;2026-08-18 21:18:44;USR-1183;2012-03-28;F;VIP;2;160;400;App;Dota 2;;0
SESS-12873;2026-08-06 17:39:37;USR-1075;2006-09-21;F;PS5;8;960;2000;Card;CS2;;0
SESS-15007;2026-08-02 16:02:12;USR-1229;2000-05-06;M;VIP;1;550;200;Card;Dota 2;4.5;0
SESS-12459;2026-08-21 20:04:22;USR-1034;2011-05-20;F;Bootcamp;4;0;540;Cash;Dota 2;;1
SESS-12994;2026-08-07 19:30:50;USR-1767;2006-02-17;M;Standard;3;0;270;Card;Apex Legends;;1
SESS-13353;2026-08-22 16:49:09;USR-1127;2011-07-10;M;Standard;2;0;180;Card;CS2;5.0;1
SESS-14489;2026-08-05 01:48:57;USR-1139;2004-06-17;M;Bootcamp;8;0;1200;Card;Valorant;4.5;0
SESS-11971;2026-08-15 16:43:26;USR-1043;2005-02-07;F;Standard;1;160;100;App;Dota 2;;0
SESS-11940;2026-08-08 17:32:30;USR-1035;2005-10-21;M;VIP;2;240;400;Card;CS2;4.5;0
SESS-15554;2026-08-12 19:03:28;USR-1101;2006-02-04;F;Standard;2;0;200;;Dota 2;;0
SESS-10837;2026-08-09 16:04:34;USR-1178;2008-07-23;M;Standard;4;480;400;App;Valorant;4.5;0
SESS-15540;2026-08-04 07:31:03;USR-1698;2008-06-25;M;Standard;1;0;100;Card;CS2;4.5;0
SESS-10172;2026-08-08 18:20:54;USR-1246;1996-02-20;M;VIP;3;0;600;Card;CS2;;0
SESS-10527;2026-08-23 00:19:08;USR-1084;2009-10-18;M;Standard;12;720;1200;App;PUBG;2.0;0
SESS-11060;2026-08-09 21:46:56;USR-1474;2011-06-08;M;Standard;2;0;180;Cash;Minecraft;;1
SESS-13186;2026-08-02 22:07:39;USR-1338;2003-05-26;M;VIP;8;1903;1440;App;Valorant;4.5;1
SESS-14053;2026-08-05 20:53:02;USR-1061;2005-08-26;F;Standard;1;160;100;Card;Valorant;;0
SESS-14122;2026-08-18 10:00:23;USR-1411;2006-02-22;M;Standard;4;448;360;Card;CS2;4.5;1
SESS-12072;2026-08-09 17:32:46;USR-1002;2001-09-28;F;Standard;1;0;100;Card;Valorant;;0
SESS-10393;2026-08-13 15:15:51;USR-1300;2008-01-12;M;PS5;4;896;900;Card;Minecraft;;1
SESS-10630;2026-08-21 11:02:13;USR-1324;1992-09-26;F;Standard;3;503;270;App;Cyberpunk 2077;5.0;1
SESS-14641;2026-08-17 15:24:35;USR-1152;1992-08-26;M;VIP;2;0;400;Card;Dota 2;;0
SESS-13620;2026-08-06 18:26:57;USR-1694;2012-01-19;M;Standard;1;60;100;Card;Deadlock;;0
SESS-11026;2026-08-16 10:17:58;USR-1078;1995-02-26;M;VIP;8;1740;1600;Cash;Dota 2;4.5;0
SESS-11442;2026-08-07 16:37:30;USR-1110;2004-06-14;M;Standard;4;640;400;Card;CS2;;0
SESS-11628;2026-08-09 12:37:47;USR-1057;2005-07-28;M;PS5;2;0;500;Cash;Valorant;;0
SESS-14649;2026-08-15 13:15:12;USR-1140;2008-01-12;M;Standard;1;160;100;Cash;Deadlock;;0
SESS-12927;2026-08-16 20:14:16;USR-1209;2011-08-10;F;Standard;4;0;360;Cash;Dota 2;4.0;1
SESS-10213;2026-08-31 18:30:26;USR-1501;2005-05-15;M;VIP;3;630;600;Card;Valorant;;0
SESS-12247;2026-08-03 15:27:36;USR-1130;2010-12-28;M;PS5;8;0;2000;Cash;Deadlock;4.0;0
SESS-11967;2026-08-13 00:43:45;USR-1763;1992-02-26;F;VIP;8;1740;1600;Card;Dota 2;4.5;0
SESS-12483;2026-08-18 13:27:40;USR-1523;1988-03-23;M;Standard;1;180;100;App;CS2;;0
SESS-15346;2026-08-30 19:44:32;USR-1127;2011-07-10;M;Standard;2;0;200;Cash;Minecraft;;0
SESS-15582;2026-08-24 19:21:53;USR-1415;2002-04-06;M;Bootcamp;1;0;150;Card;CS2;;0
SESS-13205;2026-08-25 22:06:25;USR-1123;2012-08-03;F;Standard;5;280;450;App;CS2;5.0;1
SESS-15190;2026-08-02 01:11:12;USR-1112;2010-12-09;M;PS5;8;0;1800;Card;Minecraft;4.0;1
SESS-15008;2026-08-28 16:32:35;USR-1042;1992-11-01;M;VIP;1;420;200;Card;GTA V;5.0;0
SESS-14020;2026-08-12 14:40:56;USR-1725;2010-05-11;M;Standard;2;0;180;Cash;Deadlock;;1
SESS-13648;2026-08-07 13:26:09;USR-1385;1992-02-06;M;VIP;3;0;600;Card;Dota 2;3.0;0
SESS-14546;2026-08-22 08:03:32;USR-1367;2011-05-14;M;Standard;2;0;200;Cash;Dota 2;;0
SESS-11916;2026-08-02 20:54:03;USR-1083;2012-04-25;M;Bootcamp;1;0;150;Cash;Deadlock;3.0;0
SESS-13741;2026-08-09 13:40:20;USR-1110;2004-06-14;M;PS5;2;0;500;Card;Dota 2;5.0;0
SESS-14878;2026-08-01 17:40:04;USR-1076;2006-09-12;M;VIP;2;470;400;App;Dota 2;;0
SESS-12307;2026-08-28 19:47:26;USR-1060;2011-01-07;M;Bootcamp;1;0;150;App;Minecraft;;0
SESS-10524;2026-08-09 18:03:51;USR-1154;2007-03-12;M;PS5;3;0;750;Card;Dota 2;4.5;0
SESS-15250;2026-08-07 20:03:09;USR-1516;2006-08-12;M;Standard;2;240;200;App;Dota 2;;0
SESS-11887;2026-08-15 06:06:08;USR-1120;2010-01-22;F;VIP;2;0;400;App;Dota 2;;0
SESS-14991;2026-08-05 15:05:36;USR-1098;2005-09-18;F;Standard;2;240;200;Card;CS2;4.0;0
SESS-11157;2026-08-02 12:49:42;USR-1046;2009-05-04;M;PS5;8;896;1800;App;CS2;4.5;1
SESS-15398;2026-08-19 21:11:32;USR-1253;2006-04-28;M;Standard;3;336;270;Card;Minecraft;;1
SESS-12642;2026-08-24 18:54:01;USR-1080;2010-03-26;M;Standard;2;0;200;Card;GTA V;;0
SESS-13889;2026-08-15 14:02:04;USR-1365;2011-03-14;M;Standard;2;0;200;Card;Valorant;;0
SESS-15532;2026-08-20 01:05:09;USR-1116;2006-02-02;M;PS5;3;240;750;App;Dota 2;;0
SESS-11446;2026-08-25 18:57:00;USR-1124;2004-10-22;M;Standard;2;320;200;Card;CS2;;0
SESS-12668;2026-08-19 21:22:14;USR-1690;2008-02-17;M;VIP;2;400;400;App;Deadlock;;0
SESS-11874;2026-08-15 13:19:21;USR-1031;2009-11-16;M;Standard;4;160;400;Cash;CS2;4.0;0
SESS-10769;2026-08-04 18:53:51;USR-1155;2012-05-12;F;VIP;4;0;720;Card;CS2;4.5;1
SESS-14795;2026-08-07 13:35:35;USR-1470;2003-06-06;F;Standard;3;0;300;Card;CS2;4.5;0
SESS-11164;2026-08-11 14:15:17;USR-1790;2012-02-18;M;Standard;5;200;500;App;Dota 2;;0
SESS-13452;2026-08-21 15:16:14;USR-1234;2012-03-23;F;Bootcamp;2;120;300;Cash;Minecraft;;0
SESS-13798;2026-08-26 18:57:21;USR-1577;2010-05-08;M;Bootcamp;3;0;405;App;Valorant;4.0;1
SESS-14375;2026-08-22 18:55:53;USR-1070;2005-10-03;M;Standard;1;160;100;Card;Dota 2;5.0;0
SESS-15384;2026-08-15 13:55:36;USR-1511;2008-10-14;M;Bootcamp;12;2070;1800;Card;CS2;;0
SESS-14163;2026-08-19 20:25:22;USR-1155;2012-05-12;F;Standard;8;0;800;App;Deadlock;4.0;0
SESS-12794;2026-08-17 19:34:54;USR-1496;2004-09-06;M;VIP;3;882;540;Cash;CS2;;1
SESS-13923;2026-08-02 23:02:49;USR-1784;1998-01-05;M;PS5;8;0;2000;Card;Cyberpunk 2077;5.0;0
SESS-12030;2026-08-23 23:34:39;USR-1480;2008-04-26;M;Standard;8;0;800;Card;Valorant;3.0;0
SESS-11265;2026-08-23 19:33:31;USR-1067;2003-06-11;F;VIP;2;470;400;App;CS2;4.5;0
SESS-11598;2026-08-28 18:16:52;USR-1150;2004-07-09;F;Standard;4;320;400;Card;Dota 2;3.0;0
SESS-13942;2026-08-30 19:34:55;USR-1791;2006-01-19;F;Bootcamp;1;0;150;Card;CS2;;0
SESS-13208;2026-08-08 18:22:10;USR-1077;2003-08-14;M;Standard;1;0;100;Card;Dota 2;;0
SESS-12294;2026-08-02 22:08:13;USR-1043;2005-02-07;F;Standard;8;0;800;Card;CS2;4.0;0
SESS-10904;2026-08-08 00:30:06;USR-1673;2008-03-25;M;Standard;12;1440;1200;Card;CS2;4.0;0
SESS-10645;2026-08-21 16:24:40;USR-1164;2005-02-22;M;Bootcamp;3;320;450;App;Minecraft;4.5;0
SESS-11580;2026-08-22 23:01:15;USR-1555;2006-04-11;M;VIP;8;0;1600;Card;Dota 2;;0
SESS-15123;2026-08-08 08:28:43;USR-1716;2006-03-07;F;Bootcamp;8;1554;1080;Card;Minecraft;5.0;1
SESS-12240;2026-08-31 17:36:26;USR-1165;2007-08-02;M;VIP;2;0;400;App;Dota 2;;0
SESS-13283;2026-08-24 19:06:47;USR-1147;2002-10-26;M;PS5;8;0;2000;Card;CS2;5.0;0
SESS-15539;2026-08-08 11:31:11;USR-1400;2008-04-27;M;VIP;2;0;400;App;Deadlock;;0
SESS-14008;2026-08-22 00:09:33;USR-1082;2002-08-01;M;Bootcamp;8;0;1200;Card;CS2;4.0;0
SESS-12536;2026-08-30 23:35:05;USR-1499;2007-10-04;M;Bootcamp;5;0;750;Card;CS2;;0
SESS-12321;2026-08-20 18:17:54;USR-1105;1994-07-15;F;PS5;1;461;225;Card;Dota 2;;1
SESS-14903;2026-08-13 19:10:52;USR-1771;2008-11-02;M;Standard;1;120;100;Card;CS2;4.0;0
SESS-10178;2026-08-04 08:02:57;USR-1459;2005-03-12;M;Bootcamp;3;0;405;Card;CS2;4.5;1
SESS-13267;2026-08-23 14:42:50;USR-1010;2005-03-05;M;PS5;1;0;250;Card;Deadlock;;0
SESS-14446;2026-08-15 21:32:35;USR-1719;2004-05-09;M;VIP;3;0;600;Card;Dota 2;5.0;0
SESS-12101;2026-08-01 16:53:06;USR-1065;2008-04-06;M;PS5;3;0;750;Card;Deadlock;3.0;0
SESS-10355;2026-08-16 16:00:06;USR-1376;2007-08-26;M;Standard;4;448;360;App;CS2;4.5;1
SESS-12568;2026-08-23 14:52:38;USR-1019;1998-11-10;M;Standard;2;0;200;Card;CS2;;0
SESS-12807;2026-08-23 21:44:41;USR-1119;2005-11-03;M;Standard;1;120;100;Cash;Dota 2;4.0;0
SESS-15439;2026-08-08 20:08:47;USR-1745;2001-05-01;M;Bootcamp;1;230;150;App;Valorant;1.0;0
SESS-12935;2026-08-05 21:56:06;USR-1036;2011-02-07;M;Bootcamp;3;0;450;Cash;Dota 2;;0
SESS-15265;2026-08-28 09:33:40;USR-1188;1999-01-08;F;PS5;3;1176;675;Card;CS2;;1
SESS-15254;2026-08-09 18:54:43;USR-1012;2003-04-12;F;Standard;2;0;200;Card;Valorant;;0
SESS-12846;2026-08-27 17:17:56;USR-1440;2001-01-19;M;Bootcamp;1;160;150;Card;Valorant;5.0;0
SESS-13278;2026-08-17 13:29:40;USR-1055;2004-02-26;M;Bootcamp;1;240;150;App;Dota 2;;0
SESS-11453;2026-08-21 20:50:59;USR-1256;2008-02-07;M;VIP;1;310;200;Card;Dota 2;;0
SESS-12139;2026-08-21 21:15:07;USR-1064;2003-01-04;F;Standard;4;896;360;Card;GTA V;;1
SESS-14433;2026-08-15 19:18:13;USR-1227;2008-12-26;M;Bootcamp;2;0;300;Card;Apex Legends;;0
SESS-13860;2026-08-02 12:56:29;USR-1664;2012-03-23;M;Standard;2;0;200;Card;Minecraft;4.5;0
SESS-15333;2026-08-09 13:37:38;USR-1058;2012-06-28;M;Standard;3;251;270;Cash;CS2;;1
SESS-10849;2026-08-26 19:56:44;USR-1381;2001-10-08;F;Bootcamp;2;0;300;Card;Dota 2;4.0;0
SESS-12234;2026-08-16 21:59:29;USR-1545;2012-01-04;M;VIP;2;160;400;Cash;Minecraft;4.5;0
SESS-11255;2026-08-30 17:26:23;USR-1142;2010-09-26;M;Standard;5;0;500;App;Dota 2;5.0;0
SESS-12575;2026-08-21 21:55:30;USR-1204;2005-10-04;F;Bootcamp;2;240;300;Card;Dota 2;;0
SESS-10105;2026-08-26 04:56:31;USR-1048;2012-07-10;F;PS5;3;336;675;Cash;CS2;;1
SESS-14284;2026-08-02 12:58:19;USR-1452;2007-02-14;M;VIP;5;0;1000;Card;CS2;4.0;0
SESS-13297;2026-08-19 20:37:51;USR-1080;2010-03-26;M;VIP;3;0;600;App;CS2;;0
SESS-10127;2026-08-07 22:13:32;USR-1023;2005-11-18;F;Bootcamp;5;950;750;Card;Deadlock;2.0;0
SESS-15261;2026-08-29 17:04:51;USR-1287;2005-03-11;M;Standard;4;672;360;Card;Dota 2;;1
SESS-11511;2026-08-14 20:17:42;USR-1276;2006-10-02;M;PS5;1;120;250;App;CS2;5.0;0
SESS-11634;2026-08-03 18:53:35;USR-1508;2006-04-01;F;Standard;2;0;200;Card;Dota 2;4.5;0
SESS-12214;2026-08-21 01:30:49;USR-1176;2007-07-13;F;Bootcamp;8;790;1200;App;Apex Legends;;0
SESS-11391;2026-08-15 18:19:04;USR-1161;2008-01-12;M;PS5;2;320;500;App;Minecraft;;0
SESS-10210;2026-08-08 18:06:19;USR-1675;2004-10-24;M;Standard;1;0;100;Card;Dota 2;;0
SESS-13074;2026-08-22 14:43:12;USR-1125;2011-08-05;M;Bootcamp;3;0;450;App;Dota 2;5.0;0
SESS-15237;2026-08-16 22:01:13;USR-1005;1998-09-23;M;PS5;5;1200;1250;Card;PUBG;5.0;0
SESS-12661;2026-08-08 14:47:47;USR-1119;2005-11-03;M;Standard;4;896;360;Card;CS2;;1
SESS-14079;2026-08-31 12:00:58;USR-1695;1999-11-07;M;Standard;2;0;200;Card;Dota 2;4.5;0
SESS-10007;2026-08-05 14:39:46;USR-1158;2006-01-06;M;Bootcamp;2;400;300;App;GTA V;4.0;0
SESS-11378;2026-08-30 11:31:09;USR-1755;1987-02-06;M;VIP;1;480;200;Card;Cyberpunk 2077;5.0;0
SESS-10264;2026-08-28 21:10:20;USR-1107;1996-01-10;F;PS5;2;1120;450;App;CS2;5.0;1
SESS-15340;2026-08-23 17:22:26;USR-1198;2011-08-10;F;Standard;1;0;100;App;Dota 2;;0
SESS-15041;2026-08-05 11:14:10;USR-1404;2005-07-04;M;Bootcamp;1;0;150;Card;Dota 2;;0
SESS-11135;2026-08-15 17:30:38;USR-1001;1992-12-07;M;PS5;1;270;250;Card;GTA V;;0
SESS-10767;2026-08-27 17:03:19;USR-1065;2008-04-06;M;Standard;1;160;100;Cash;CS2;;0
SESS-10718;2026-08-27 21:14:12;USR-1228;2005-06-16;M;VIP;4;790;800;Card;CS2;4.0;0
SESS-15451;2026-08-27 20:23:06;USR-1478;2002-12-04;M;VIP;1;0;200;App;CS2;;0
SESS-13197;2026-08-02 21:05:59;USR-1227;2008-12-26;M;Bootcamp;4;0;600;Card;CS2;2.0;0
SESS-14047;2026-08-12 17:38:29;USR-1100;2006-07-26;F;VIP;2;400;400;App;Deadlock;;0
SESS-10414;2026-08-15 15:58:54;USR-1287;2005-03-11;M;Standard;1;80;100;Cash;Dota 2;;0
SESS-12667;2026-08-10 17:07:11;USR-1082;2002-08-01;M;Standard;2;224;180;Card;Dota 2;;1
SESS-15077;2026-08-08 19:23:37;USR-1101;2006-02-04;F;Bootcamp;2;310;300;Card;PUBG;;0
SESS-14611;2026-08-16 11:38:15;USR-1706;1999-12-28;M;Standard;2;503;180;Card;Cyberpunk 2077;;1
SESS-10924;2026-08-15 19:52:22;USR-1476;2007-08-10;M;Standard;1;0;100;Card;PUBG;;0
SESS-10207;2026-08-28 15:41:13;USR-1609;2000-03-20;F;PS5;1;0;250;Card;Cyberpunk 2077;;0
SESS-15054;2026-08-07 10:27:44;USR-1190;2005-10-19;F;Standard;2;0;200;Card;Deadlock;4.0;0
SESS-12587;2026-08-31 01:31:54;USR-1124;2004-10-22;M;Standard;5;0;500;Cash;Dota 2;;0
SESS-14315;2026-08-15 09:11:24;USR-1106;2008-02-13;M;PS5;3;0;675;Cash;Dota 2;;1
SESS-15297;2026-08-22 00:23:58;USR-1573;2002-05-24;M;Bootcamp;5;950;750;Card;CS2;;0
SESS-11768;2026-08-28 12:20:13;USR-1540;2010-06-16;M;Standard;1;0;100;Cash;CS2;;0
SESS-14701;2026-08-15 20:29:33;USR-1284;1993-11-23;F;VIP;1;550;200;App;Dota 2;;0
SESS-11154;2026-08-16 10:57:23;USR-1154;2007-03-12;M;Bootcamp;2;390;300;Card;CS2;4.5;0
SESS-14169;2026-08-12 11:51:48;USR-1417;2011-06-25;F;Bootcamp;1;0;150;App;CS2;3.0;0
SESS-10626;2026-08-26 19:43:44;USR-1638;2007-07-26;M;Bootcamp;2;470;300;Card;Dota 2;;0
SESS-14028;2026-08-20 00:28:14;USR-1377;2012-01-12;F;PS5;12;720;3000;Card;CS2;4.0;0
SESS-10726;2026-08-08 18:26:55;USR-1133;2010-07-11;M;VIP;1;0;200;Cash;Valorant;;0
SESS-10662;2026-08-30 18:06:35;USR-1790;2012-02-18;M;Standard;1;40;100;Cash;CS2;;0
SESS-13314;2026-08-22 10:32:51;USR-1148;2008-04-10;F;Bootcamp;4;470;600;Card;Dota 2;4.0;0
SESS-15387;2026-08-10 20:15:17;USR-1352;1995-12-27;F;Standard;3;0;300;Cash;Cyberpunk 2077;;0
SESS-13416;2026-08-08 15:16:50;USR-1214;2010-04-09;M;Bootcamp;3;0;405;App;Minecraft;;1
SESS-10469;2026-08-01 10:45:50;USR-1659;2005-02-17;M;VIP;1;0;200;App;CS2;;0
SESS-11030;2026-08-02 08:44:30;USR-1501;2005-05-15;M;Standard;1;160;100;Card;Dota 2;;0
SESS-14480;2026-08-24 13:37:57;USR-1025;1996-12-17;M;VIP;3;510;600;App;Dota 2;;0
SESS-11581;2026-08-11 16:31:27;USR-1003;2004-05-26;M;Standard;5;0;500;App;Cyberpunk 2077;4.5;0
SESS-13242;2026-08-28 19:09:37;USR-1283;2011-12-15;M;Bootcamp;3;240;450;Card;Deadlock;5.0;0
SESS-11710;2026-08-18 23:02:09;USR-1286;2012-07-21;M;Standard;5;400;500;Card;CS2;4.0;0
SESS-10600;2026-08-25 18:47:23;USR-1017;2006-06-21;M;PS5;2;240;500;Card;CS2;4.0;0
SESS-12302;2026-08-19 00:43:48;USR-1629;2010-06-14;M;Bootcamp;8;0;1200;Cash;CS2;;0
SESS-13692;2026-08-20 03:08:11;USR-1638;2007-07-26;M;Standard;2;160;200;App;Dota 2;;0
SESS-13249;2026-08-15 16:44:16;USR-1268;2006-06-13;M;Standard;5;400;500;Card;CS2;5.0;0
SESS-12770;2026-08-01 19:17:40;USR-1586;2009-05-19;M;Standard;12;720;1200;Cash;CS2;4.0;0
SESS-14568;2026-08-14 16:21:50;USR-1764;2000-04-05;M;PS5;12;3234;2700;Card;Cyberpunk 2077;;1
SESS-13157;2026-08-05 21:58:09;USR-1377;2012-01-12;F;Standard;2;0;200;Card;Dota 2;;0
SESS-13882;2026-08-15 12:10:46;USR-1457;2004-06-04;M;Standard;4;0;400;Card;Apex Legends;;0
SESS-14935;2026-08-09 18:08:03;USR-1319;2012-08-24;M;Standard;2;0;200;App;CS2;;0
SESS-12298;2026-08-13 18:01:17;USR-1054;2010-09-08;M;Standard;4;0;400;App;Minecraft;;0
SESS-10113;2026-08-04 14:37:47;USR-1104;2004-02-10;F;Standard;1;80;100;Card;CS2;;0
SESS-13305;2026-08-22 17:42:15;USR-1019;1998-11-10;M;VIP;3;965;540;Cash;GTA V;;1
SESS-14289;2026-08-09 18:30:44;USR-1698;2008-06-25;M;VIP;8;720;1600;App;Dota 2;;0
SESS-14349;2026-08-25 11:53:07;USR-1158;2006-01-06;M;VIP;4;1007;720;Card;Deadlock;;1
SESS-10888;2026-08-27 09:13:04;USR-1794;2005-02-26;M;Standard;8;0;800;App;Apex Legends;4.5;0
SESS-11901;2026-08-13 13:35:18;USR-1147;2002-10-26;M;Standard;3;0;300;App;PUBG;;0
SESS-15155;2026-08-29 16:45:16;USR-1534;2003-08-25;M;PS5;3;240;750;Card;Cyberpunk 2077;4.5;0
SESS-14209;2026-08-27 15:19:14;USR-1373;2005-07-27;M;PS5;4;896;900;Cash;Deadlock;5.0;1
SESS-15159;2026-08-11 17:02:18;USR-1079;2003-06-06;M; Bootcamp ;2;0;200;Card;CS2;;0
SESS-12268;2026-08-10 15:30:52;USR-1701;2009-02-27;M;Standard;3;0;300;App;Minecraft;3.0;0
SESS-15568;2026-08-16 09:42:23;USR-1139;2004-06-17;M;Standard;1;0;100;App;CS2;;0
SESS-11564;2026-08-29 09:17:18;USR-1226;2004-12-20;F;Standard;3;240;300;App;Apex Legends;;0
SESS-11175;2026-08-24 17:04:22;USR-1431;2003-08-27;M;Bootcamp;1;200;150;Card;Dota 2;;0
SESS-14570;2026-08-18 17:34:17;USR-1093;2005-01-04;F;Standard;8;1280;800;Card;CS2;5.0;0
SESS-14943;2026-08-14 19:08:37;USR-1377;2012-01-12;F; Bootcamp ;3;0;300;App;Deadlock;5.0;0
SESS-11297;2026-08-14 17:01:12;USR-1071;2007-09-18;F;Standard;3;0;300;Card;CS2;4.0;0
SESS-10907;2026-08-21 12:39:00;USR-1051;2011-05-15;M;Standard;1;40;100;App;Minecraft;4.5;0
SESS-13585;2026-08-23 18:32:54;USR-1471;2004-08-03;F;Bootcamp;3;320;450;Card;Deadlock;4.0;0
SESS-11319;2026-08-28 16:12:11;USR-1068;2005-02-06;F;Standard;2;0;200;Card;Valorant;4.5;0
SESS-13735;2026-08-28 19:39:36;USR-1053;2003-11-22;M;VIP;2;546;360;Card;CS2;;1
SESS-11465;2026-08-02 23:18:39;USR-1183;2012-03-28;F;Standard;12;0;1200;Card;GTA V;;0
SESS-11213;2026-08-17 19:18:02;USR-1127;2011-07-10;M;Standard;4;0;360;Card;Deadlock;3.0;1
SESS-10861;2026-08-02 21:36:55;USR-1672;2003-10-01;F;Standard;5;0;450;Card;PUBG;5.0;1
SESS-15583;2026-08-27 17:33:27;USR-1739;2011-09-09;M;Standard;1;84;90;App;Apex Legends;4.0;1
SESS-12317;2026-08-09 06:55:07;USR-1202;1993-11-25;M;PS5;1;550;250;Card;CS2;3.0;0
SESS-10755;2026-08-07 14:32:51;USR-1052;2007-09-02;M;Bootcamp;3;0;450;App;CS2;;0
SESS-10544;2026-08-22 17:51:08;USR-1606;1994-05-14;M;Bootcamp;3;840;450;Card;Dota 2;4.0;0
SESS-14124;2026-08-06 14:56:22;USR-1372;2003-09-21;M;VIP;5;770;900;Card;Deadlock;4.0;1
SESS-15197;2026-08-19 18:12:16;USR-1702;2002-05-22;F;Standard;1;160;100;Cash;Dota 2;;0
SESS-13573;2026-08-16 18:32:29;USR-1000;2006-02-16;M;Standard;8;0;800;Card;CS2;4.0;0
SESS-13035;2026-08-21 05:30:58;USR-1474;2011-06-08;M;Standard;4;0;360;Card;CS2;;1
SESS-13546;2026-08-29 15:17:20;USR-1389;2011-12-03;M;Bootcamp;3;0;450;App;Minecraft;4.0;0
SESS-14120;2026-08-03 19:06:02;USR-1479;2011-09-28;M;Bootcamp;5;0;750;App;GTA V;;0
SESS-13438;2026-08-15 21:47:06;USR-1663;2007-06-26;M;Standard;4;640;400;App;Deadlock;;0
SESS-14975;2026-08-08 14:42:05;USR-1289;2010-10-22;M;Standard;3;240;300;Card;Dota 2;;0
SESS-10216;2026-08-15 22:59:37;USR-1101;2006-02-04;F;Bootcamp;2;470;300;Card;Deadlock;4.0;0
SESS-11150;2026-08-17 13:44:46;USR-1128;1997-08-27;M;Standard;1;0;100;Card;PUBG;4.0;0
SESS-14631;2026-08-13 19:04:10;USR-1114;2011-10-14;M;Standard;5;0;500;Cash;Minecraft;;0
SESS-11473;2026-08-12 10:47:52;USR-1414;2004-08-12;M;Bootcamp;4;630;600;Card;CS2;;0
SESS-13140;2026-08-31 20:06:34;USR-1129;1997-03-27;M;Standard;3;0;270;Card;CS2;;1
SESS-10734;2026-08-03 19:47:27;USR-1000;2006-02-16;M;VIP;2;240;400;Card;Deadlock;5.0;0
SESS-10709;2026-08-27 08:37:32;USR-1162;1995-09-27;M;Standard;2;240;200;Card;CS2;;0
SESS-10679;2026-08-28 19:29:33;USR-1770;2005-08-15;M;Standard;3;240;300;App;Dota 2;5.0;0
SESS-15255;2026-08-07 19:28:37;USR-1085;2011-03-10;M;Standard;8;0;800;App;CS2;3.0;0
SESS-12272;2026-08-16 17:16:59;USR-1352;1995-12-27;F;VIP;1;420;200;Card;GTA V;4.0;0
SESS-10174;2026-08-27 06:45:12;USR-1004;2010-05-15;F;Standard;1;0;100;Cash;CS2;;0
SESS-11662;2026-08-12 16:16:22;USR-1628;2010-07-06;M;Standard;1;0;100;App;CS2;;0
SESS-14227;2026-08-23 16:52:17;USR-1233;2006-08-20;M;Standard;2;160;200;Card;Deadlock;5.0;0
SESS-14155;2026-08-20 14:27:38;USR-1204;2005-10-04;F;VIP;4;720;800;Cash;GTA V;;0
SESS-13954;2026-08-02 16:37:11;USR-1085;2011-03-10;M;Standard;5;280;450;App;CS2;5.0;1
SESS-13807;2026-08-27 21:20:30;USR-1062;2008-06-27;F;Standard;1;120;100;Card;Dota 2;;0
SESS-13376;2026-08-06 17:20:24;USR-1732;2004-01-01;F;VIP;3;510;600;App;Valorant;4.5;0
SESS-14716;2026-08-13 20:00:49;USR-1014;2012-10-25;M;Standard;3;120;300;App;Dota 2;3.0;0
SESS-11419;2026-08-11 19:49:49;USR-1186;2011-06-23;M;Standard;5;280;450;App;CS2;;1
SESS-14344;2026-08-02 10:10:38;USR-1184;2003-09-09;M;PS5;2;320;500;Cash;Dota 2;;0
SESS-10410;2026-08-01 20:41:49;USR-1185;2001-12-08;M;Standard;4;480;400;Cash;CS2;;0
SESS-10121;2026-08-09 12:32:33;USR-1111;2012-11-21;M;Standard;2;160;200;Cash;Valorant;;0
SESS-14229;2026-08-09 14:15:31;USR-1218;1995-08-10;M;Bootcamp;12;0;1800;Card;CS2;1.0;0
SESS-12809;2026-08-29 12:43:14;USR-1606;1994-05-14;M;Standard;3;540;300;Card;Browser/Work;4.5;0
SESS-13769;2026-08-29 21:17:43;USR-1357;2004-06-18;M;Standard;3;0;270;Card;Dota 2;4.0;1
SESS-12827;2026-08-19 13:16:44;USR-1031;2009-11-16;M;Standard;3;251;270;App;Minecraft;;1
SESS-13731;2026-08-28 08:36:22;USR-1090;2010-09-06;M;Bootcamp;2;0;300;App;Dota 2;;0
SESS-11145;2026-08-26 17:20:36;USR-1738;1999-03-01;M;Standard;3;503;270;App;CS2;4.5;1
SESS-15430;2026-08-11 19:30:57;USR-1114;2011-10-14;M;Standard;2;80;200;Card;Minecraft;4.5;0
SESS-10512;2026-08-24 13:23:50;USR-1207;2002-07-21;F;ps5;2;160;500;Card;CS2;;0
SESS-12520;2026-08-17 19:10:13;USR-1105;1994-07-15;F;PS5;2;390;500;Card;CS2;4.0;0
SESS-13026;2026-08-17 17:05:27;USR-1285;2010-09-09;M;Standard;3;0;300;Cash;Valorant;1.0;0
SESS-14381;2026-08-19 16:37:16;USR-1223;2011-08-15;M;Standard;3;0;270;App;Minecraft;;1
SESS-15071;2026-08-04 20:07:08;USR-1159;2005-01-02;M;Bootcamp;8;1040;1200;App;CS2;;0
SESS-10077;2026-08-09 09:22:37;USR-1490;2005-04-09;F;PS5;2;240;500;App;CS2;4.0;0
SESS-15075;2026-08-28 17:41:06;USR-1447;2006-10-19;M;Standard;2;160;200;Card;Dota 2;;0
SESS-11773;2026-08-07 21:43:17;USR-1211;2010-02-27;M;Standard;4;224;360;Cash;Deadlock;;1
SESS-13168;2026-08-11 20:16:42;USR-1157;2009-01-09;M;VIP;4;0;800;Cash;CS2;;0
SESS-11818;2026-08-12 10:39:48;USR-1161;2008-01-12;M;VIP;1;0;200;App;Valorant;;0
SESS-13990;2026-08-25 08:28:38;USR-1042;1992-11-01;M;PS5;2;0;500;Card;GTA V;5.0;0
SESS-15469;2026-08-06 13:17:53;USR-1049;2008-01-16;F;Standard;2;0;200;;CS2;;0
SESS-10071;2026-08-30 22:29:39;USR-1634;2005-10-14;M;Standard;2;0;200;Cash;CS2;;0
SESS-10870;2026-08-02 20:34:38;USR-1570;2001-06-16;M;Bootcamp;2;448;270;Card;GTA V;;1
SESS-14632;2026-08-19 00:14:07;USR-1645;2006-12-09;M;Standard;5;600;500;Card;Valorant;4.0;0
SESS-15429;2026-08-25 23:18:41;USR-1124;2004-10-22;M;Standard;8;960;800;App;CS2;;0
SESS-15196;2026-08-01 17:45:47;USR-1154;2007-03-12;M;Standard;2;320;200;Card;CS2;4.0;0
SESS-14085;2026-08-27 16:29:59;USR-1056;2005-02-01;F;PS5;3;0;750;Card;Deadlock;4.0;0
SESS-12364;2026-08-20 03:57:13;USR-1519;2001-10-14;M;Standard;1;120;100;App;Dota 2;4.0;0
SESS-14888;2026-08-01 20:20:23;USR-1012;2003-04-12;F;Bootcamp;2;470;300;App;Dota 2;;0
SESS-11225;2026-08-26 21:49:41;USR-1335;2003-12-25;M;Standard;3;360;300;App;Deadlock;;0
SESS-10118;2026-08-23 17:58:00;USR-1714;2003-09-23;M;PS5;1;80;250;Card;CS2;;0
SESS-10367;2026-08-21 19:23:39;USR-1019;1998-11-10;M;PS5;4;780;1000;Card;Cyberpunk 2077;;0
SESS-14332;2026-08-05 00:43:44;USR-1265;2004-09-02;M;Bootcamp;8;0;1200;App;CS2;;0
SESS-13563;2026-08-20 22:52:44;USR-1263;2010-11-13;M;PS5;3;0;750;Cash;Minecraft;;0
SESS-14221;2026-08-02 02:48:35;USR-1316;2009-06-28;M;Standard;2;160;200;App;Dota 2;;0
SESS-13077;2026-08-06 12:30:31;USR-1648;1995-07-04;M;VIP;5;1200;1000;Card;PUBG;5.0;0
SESS-10979;2026-08-12 08:03:19;USR-1043;2005-02-07;F;Bootcamp;3;714;405;Card;Apex Legends;;1
SESS-15425;2026-08-17 14:56:29;USR-1755;1987-02-06;M;VIP;3;714;540;App;Cyberpunk 2077;;1
SESS-11055;2026-08-29 12:24:42;USR-1044;2006-08-14;F;Bootcamp;2;434;270;Card;Dota 2;4.0;1
SESS-12956;2026-08-11 18:23:13;USR-1019;1998-11-10;M;VIP;2;510;400;Card;CS2;;0
SESS-14018;2026-08-20 18:39:43;USR-1506;2003-04-14;M;Standard;2;0;200;Card;CS2;;0
SESS-10399;2026-08-21 01:27:17;USR-1710;2008-05-15;M;Standard;8;0;720;App;Dota 2;5.0;1
SESS-11961;2026-08-12 18:26:32;USR-1020;2010-04-19;M;VIP;4;0;800;Cash;Dota 2;;0
SESS-14131;2026-08-06 16:29:54;USR-1008;2004-03-27;F;VIP;2;470;400;Card;Dota 2;;0
SESS-10705;2026-08-04 19:00:21;USR-1758;2012-09-07;m;Standard;2;0;200;Cash;Minecraft;;0
SESS-10447;2026-08-12 16:46:01;USR-1209;2011-08-10;F;VIP;2;0;400;App;PUBG;;0
SESS-15240;2026-08-21 07:34:55;USR-1075;2006-09-21;F;VIP;5;0;1000;App;Minecraft;4.5;0
SESS-12928;2026-08-25 01:08:27;USR-1002;2001-09-28;F;Bootcamp;12;1040;1800;Card;CS2;5.0;0
SESS-12983;2026-08-15 16:17:23;USR-1083;2012-04-25;M;Standard;2;160;200;Cash;Minecraft;;0
SESS-11825;2026-08-21 15:05:59;USR-1610;2010-03-28;M;Bootcamp;3;0;450;App;CS2;;0
SESS-11290;2026-08-08 13:51:07;USR-1086;2004-06-19;M;Bootcamp;12;1590;1800;App;CS2;1.0;0
SESS-14707;2026-08-02 23:14:08;USR-1140;2008-01-12;M;Standard;8;0;800;Card;Valorant;;0
SESS-13409;2026-08-10 20:27:40;USR-1684;2009-08-27;M;Bootcamp;2;0;300;Cash;Deadlock;4.0;0
SESS-10651;2026-08-02 08:55:24;USR-1609;2000-03-20;Женский;PS5;8;3220;1800;Card;Cyberpunk 2077;5.0;1
SESS-12755;2026-08-31 16:27:24;USR-1102;1998-08-23;M;Bootcamp;3;900;450;Card;Browser/Work;;0
SESS-10642;2026-08-15 21:41:23;USR-1147;2002-10-26;M;Standard;2;0;200;Card;Valorant;;0
SESS-12049;2026-08-07 02:42:12;USR-1626;1991-12-25;F;VIP;2;510;400;Card;PUBG;3.0;0
SESS-10366;2026-08-09 11:50:56;USR-1078;1995-02-26;M;Bootcamp;3;0;405;Card;Browser/Work;;1
SESS-11579;2026-08-28 00:47:19;USR-1109;2006-11-25;M;Standard;8;0;800;Card;CS2;4.0;0
SESS-11338;2026-08-19 20:53:08;USR-1765;1998-09-01;M;Standard;2;0;200;Card;PUBG;4.5;0
SESS-15339;2026-08-16 12:31:25;USR-1008;2004-03-27;F;PS5;5;560;1125;Card;CS2;4.5;1
SESS-12547;2026-08-13 12:35:20;USR-1006;2005-07-07;M;Standard;8;0;800;App;Deadlock;4.0;0
SESS-11372;2026-08-27 22:19:05;USR-1119;2005-11-03;M;Bootcamp;8;790;1200;Card;CS2;4.5;0
SESS-13886;2026-08-23 13:25:08;USR-1022;2010-12-12;M;Standard;3;240;300;App;CS2;4.0;0
SESS-15379;2026-08-19 13:46:55;USR-1620;2012-12-05;M;Bootcamp;2;0;300;App;Valorant;;0
SESS-14477;2026-08-22 17:23:30;USR-1454;2010-08-02;M;Bootcamp;2;0;300;App;CS2;;0
SESS-11054;2026-08-28 14:25:43;USR-1131;2008-12-05;F;Bootcamp;3;616;405;App;PUBG;4.0;1
SESS-14689;2026-08-16 18:07:03;USR-1227;2008-12-26;M;PS5;3;503;675;Card;Minecraft;;1
SESS-13542;2026-08-07 09:49:10;USR-1177;1999-03-17;M;VIP;1;330;200;Card;Cyberpunk 2077;;0
SESS-10853;2026-08-26 16:09:02;USR-1021;2004-06-28;M;VIP;2;0;400;Card;Cyberpunk 2077;;0
SESS-14696;2026-08-04 13:41:24;USR-1493;1991-11-26;M;Standard;3;0;300;Card;CS2;;0
SESS-11288;2026-08-31 17:28:35;USR-1528;1999-03-12;M;VIP;5;1959;900;Card;Browser/Work;;1
SESS-10801;2026-08-21 17:03:07;USR-1414;2004-08-12;M;Standard;2;0;200;Card;CS2;4.0;0
SESS-13247;2026-08-11 19:52:05;USR-1045;2006-03-28;M;Bootcamp;4;0;600;Card;Dota 2;1.0;0
SESS-13791;2026-08-27 23:03:22;USR-1380;2011-07-07;M;Bootcamp;12;720;1800;Card;CS2;3.0;0
SESS-15039;2026-08-14 23:08:58;USR-1093;2005-01-04;F;Standard;5;600;500;Card;Dota 2;4.0;0
SESS-14149;2026-08-12 16:28:09;USR-1782;2010-10-05;M;Standard;2;0;200;App;CS2;;0
SESS-14717;2026-08-22 14:36:39;USR-1037;2008-10-15;M;Standard;4;320;400;Card;CS2;;0
SESS-11012;2026-08-26 20:35:36;USR-1438;2010-05-10;M;Standard;2;160;200;Cash;Dota 2;3.0;0
SESS-13066;2026-08-04 11:42:21;USR-1589;2011-10-19;M;Standard;3;0;300;App;CS2;;0
SESS-10179;2026-08-22 22:56:04;USR-1101;2006-02-04;F;Standard;12;0;1200;App;CS2;;0
SESS-13306;2026-08-17 09:43:06;USR-1621;2011-12-21;M;Standard;3;0;300;App;CS2;5.0;0
SESS-15128;2026-08-08 18:56:32;USR-1324;1992-09-26;F;VIP;2;0;400;Card;Dota 2;5.0;0
SESS-12331;2026-08-22 09:41:20;USR-1174;1996-11-17;M;PS5;2;0;500;Card;CS2;;0
SESS-15376;2026-08-05 02:59:43;USR-1313;1995-12-07;M;Bootcamp;5;1959;675;Card;PUBG;4.5;1
SESS-13761;2026-08-16 19:21:12;USR-1095;2010-06-09;M;Standard;8;0;800;Card;Minecraft;4.5;0
SESS-15449;2026-08-26 02:00:42;USR-1078;1995-02-26;M;VIP;2;800;400;Card;CS2;;0
SESS-13809;2026-08-03 08:43:02;USR-1604;2007-01-04;M;Standard;12;0;1200;Card;CS2;;0
SESS-11111;2026-08-08 19:12:51;USR-1569;2011-02-25;M;Standard;1;0;100;App;Minecraft;;0
SESS-13579;2026-08-27 04:14:21;USR-1377;2012-01-12;F;Standard;2;0;200;App;Minecraft;;0
SESS-10820;2026-08-28 16:00:12;USR-1132;2010-11-05;M;Standard;2;80;200;Cash;Minecraft;5.0;0
SESS-11929;2026-08-25 11:10:46;USR-1137;2007-12-19;M;Bootcamp;2;320;300;App;Dota 2;4.5;0
SESS-11730;2026-08-30 16:16:00;USR-1158;2006-01-06;M;Standard;1;0;100;Card;Dota 2;;0
SESS-13300;2026-08-17 16:42:17;USR-1087;2002-08-16;F;VIP;3;0;600;Card;Cyberpunk 2077;4.0;0
SESS-14896;2026-08-17 17:22:42;USR-1387;2004-02-28;M;Standard;2;0;200;Card;Apex Legends;;0
SESS-11927;2026-08-05 12:03:39;USR-1071;2007-09-18;F;Standard;1;0;100;Card;Dota 2;;0
SESS-15247;2026-08-08 17:54:08;USR-1529;2005-06-06;M;VIP;1;240;200;Card;Valorant;;0
SESS-10919;2026-08-28 22:04:15;USR-1255;2003-02-16;M;Standard;12;2688;1080;Card;Valorant;5.0;1
SESS-13956;2026-08-28 21:07:07;USR-1770;2005-08-15;M;Standard;1;0;100;Card;Deadlock;;0
SESS-15402;2026-08-16 17:32:16;USR-1238;1989-07-19;F;VIP;3;0;540;Card;CS2;;1
SESS-14038;2026-08-01 18:33:09;USR-1669;2005-08-01;M;Standard;2;0;200;Card;Deadlock;;0
SESS-12335;2026-08-21 15:17:05;USR-1444;2003-11-22;M;Standard;4;672;360;Card;Valorant;5.0;1
SESS-11692;2026-08-04 22:57:50;USR-1216;1990-03-19;M;Bootcamp;8;1590;1200;Card;Dota 2;5.0;0
SESS-12269;2026-08-20 18:41:18;USR-1073;2001-05-02;M;VIP;5;0;1000;Card;Dota 2;;0
SESS-14577;2026-08-02 02:35:58;USR-1067;2003-06-11;F;Bootcamp;2;560;270;App;Dota 2;4.5;1
SESS-10942;2026-08-16 21:40:40;USR-1281;2011-08-18;M;Standard;4;336;360;Cash;Minecraft;;1
SESS-13830;2026-08-02 20:50:58;USR-1382;2012-07-23;M;Bootcamp;4;0;540;Cash;CS2;;1
SESS-15463;2026-08-29 22:44:03;USR-1040;1991-09-28;M;Standard;3;360;300;Card;Browser/Work;;0
SESS-14842;2026-08-22 05:05:43;USR-1501;2005-05-15;M;Bootcamp;4;1106;540;Cash;Apex Legends;5.0;1
SESS-13677;2026-08-06 18:10:35;USR-1075;2006-09-21;F;VIP;1;224;180;App;Dota 2;;1
SESS-13068;2026-08-01 18:34:54;USR-1138;2005-01-08;M;VIP;1;0;200;App;Dota 2;5.0;0
SESS-10784;2026-08-14 17:22:51;USR-1283;2011-12-15;M;Bootcamp;4;0;540;App;PUBG;;1
SESS-15138;2026-08-28 17:21:25;USR-1469;2008-07-09;F;Standard;2;0;200;Card;Dota 2;;0
SESS-13825;2026-08-07 15:15:22;USR-1686;2006-06-18;M;Standard;1;160;100;Card;CS2;;0
SESS-13260;2026-08-17 14:55:14;USR-1420;2008-03-16;M;Bootcamp;2;0;270;Card;Deadlock;4.5;1
SESS-10004;2026-08-30 11:26:19;USR-1091;2006-06-21;M;PS5;3;0;675;Card;CS2;;1
SESS-12166;2026-08-14 22:52:49;USR-1076;2006-09-12;M;Standard;12;2015;1080;Card;PUBG;2.0;1
SESS-14380;2026-08-03 12:13:39;USR-1507;2006-09-11;M;Bootcamp;1;0;150;App;CS2;;0
SESS-13329;2026-08-08 13:59:44;USR-1107;1996-01-10;F;VIP;1;400;200;Card;Valorant;4.5;0
SESS-10779;2026-08-23 17:53:37;USR-1753;2001-11-16;M;VIP;1;230;200;Card;Dota 2;4.0;0
SESS-10014;2026-08-15 12:31:38;USR-1443;2007-09-13;M;Standard;3;480;300;Card;Minecraft;4.0;0
SESS-10418;2026-08-28 16:41:26;USR-1517;2006-10-03;M;VIP;1;224;180;App;CS2;1.0;1
SESS-15042;2026-08-06 19:30:42;USR-1008;2004-03-27;F;Bootcamp;2;0;300;App;Cyberpunk 2077;5.0;0
SESS-13525;2026-08-27 10:20:03;USR-1485;2007-07-02;F;Standard;1;120;100;Cash;Dota 2;3.0;0
SESS-12119;2026-08-12 01:07:15;USR-1126;2010-02-08;M;Standard;5;0;500;Card;Valorant;4.0;0
SESS-14379;2026-08-04 11:22:34;USR-1134;2000-09-06;M;VIP;3;510;600;Card;CS2;4.5;0
SESS-11258;2026-08-27 12:38:08;USR-1133;2010-07-11;M;Standard;1;80;100;App;CS2;4.0;0
SESS-10965;2026-08-01 22:53:38;USR-1025;1996-12-17;M;PS5;5;0;1250;Card;Cyberpunk 2077;5.0;0
SESS-10639;2026-08-01 10:04:04;USR-1431;2003-08-27;M;Standard;3;480;300;Card;CS2;5.0;0
SESS-10685;2026-08-06 23:23:03;USR-1193;2007-07-17;F;VIP;8;1903;1440;App;Dota 2;;1
SESS-10313;2026-08-18 20:16:19;USR-1628;2010-07-06;M;Standard;1;80;100;Cash;Minecraft;4.0;0
SESS-13844;2026-08-02 13:01:09;USR-1336;2011-02-07;M;Standard;1;60;100;App;Dota 2;5.0;0
SESS-11641;2026-08-15 22:20:08;USR-1044;2006-08-14;F;Standard;8;960;800;Card;Dota 2;5.0;0
SESS-15038;2026-08-22 20:39:08;USR-1363;2006-12-13;M;Standard;2;240;200;Card;PUBG;;0
SESS-10034;2026-08-26 12:31:51;USR-1322;2009-01-08;F;Bootcamp;2;0;300;App;Valorant;;0
SESS-13913;2026-08-06 04:20:29;USR-1112;2010-12-09;M;Bootcamp;1;0;150;Cash;CS2;;0
SESS-11304;2026-08-18 16:34:41;USR-1361;2005-03-12;M;VIP;2;0;400;Card;Dota 2;4.5;0
SESS-11474;2026-08-04 19:29:34;USR-1219;1995-03-19;M;PS5;8;0;2000;App;Dota 2;;0
SESS-14829;2026-08-30 20:42:22;USR-1652;2011-12-25;M;Bootcamp;3;0;450;App;Valorant;4.0;0
SESS-10428;2026-08-15 18:31:27;USR-1713;2004-05-14;M;VIP;4;790;800;Card;Dota 2;5.0;0
SESS-15405;2026-08-06 20:27:00;USR-1366;2009-08-04;F;Standard;2;80;200;App;Minecraft;4.0;0
SESS-11806;2026-08-09 01:01:32;USR-1199;1996-04-11;M;VIP;5;1959;900;App;Cyberpunk 2077;;1
SESS-14449;2026-08-23 18:07:34;USR-1148;2008-04-10;F;VIP;4;560;720;App;Apex Legends;4.5;1
SESS-13574;2026-08-02 18:18:10;USR-1000;2006-02-16;M;VIP;3;448;540;App;CS2;;1
SESS-12132;2026-08-19 15:37:41;USR-1452;2007-02-14;M;Standard;2;0;200;App;Cyberpunk 2077;;0
SESS-10285;2026-08-12 14:09:53;USR-1281;2011-08-18;M;VIP;2;0;400;Cash;Deadlock;;0
SESS-11936;2026-08-17 11:30:29;USR-1450;1998-12-23;M;VIP;3;0;540;Card;CS2;5.0;1
SESS-14675;2026-08-06 20:43:22;USR-1044;2006-08-14;F;Bootcamp;4;0;540;Card;PUBG;;1
SESS-14953;2026-08-01 15:15:17;USR-1127;2011-07-10;M;Standard;5;400;500;App;Minecraft;4.0;0
SESS-15153;2026-08-25 23:44:40;USR-1029;1994-12-27;M;VIP;3;900;600;Card;Browser/Work;3.0;0
SESS-15291;2026-08-20 16:07:18;USR-1117;2012-06-18;F;Bootcamp;1;0;150;Cash;Minecraft;4.0;0
SESS-13876;2026-08-02 18:35:59;USR-1213;2008-08-22;M;VIP;2;448;360;App;CS2;;1
SESS-10754;2026-08-21 16:38:36;USR-1021;2004-06-28;M;Standard;1;160;100;App;Apex Legends;2.0;0
SESS-15172;2026-08-01 17:41:51;USR-1085;2011-03-10;M;Standard;2;0;200;App;Minecraft;;0
SESS-14535;2026-08-13 23:55:13;USR-1479;2011-09-28;M;Standard;3;0;300;App;Dota 2;;0
SESS-15066;2026-08-22 09:29:06;USR-1070;2005-10-03;M;Bootcamp;4;0;600;App;Dota 2;;0
SESS-14195;2026-08-03 13:01:45;USR-1055;2004-02-26;M;VIP;1;0;200;Card;CS2;4.5;0
SESS-14220;2026-08-13 22:22:24;USR-1025;1996-12-17;M;Bootcamp;5;1550;750;Card;Dota 2;;0
SESS-14794;2026-08-23 16:38:47;USR-1601;2006-09-19;M;Standard;2;0;180;Card;Valorant;;1
SESS-10252;2026-08-09 17:36:49;USR-1077;2003-08-14;M;Standard;2;0;200;Card;CS2;2.0;0
SESS-11016;2026-08-18 09:46:04;USR-1542;2006-08-20;M;VIP;2;0;400;Card;Dota 2;;0
SESS-10872;2026-08-04 21:09:24;USR-1159;2005-01-02;M;Standard;3;0;300;Card;CS2;3.0;0
SESS-10677;2026-08-01 08:42:32;USR-1582;2002-04-03;F;Standard;2;0;200;App;CS2;;0
SESS-10835;2026-08-02 20:07:45;USR-1291;2011-06-22;M;Bootcamp;3;0;450;Cash;Valorant;;0
SESS-10712;2026-08-22 12:13:14;USR-1152;1992-08-26;M;VIP;1;480;200;App;Dota 2;5.0;0
SESS-13846;2026-08-21 08:21:24;USR-1277;1995-03-23;M;Standard;5;1750;450;Cash;CS2;;1
SESS-11110;2026-08-25 09:08:31;USR-1242;1999-09-23;M;VIP;1;480;200;App;Dota 2;;0
SESS-10821;2026-08-06 16:38:45;USR-1041;2008-02-09;M;Standard;12;0;1200;Card;Deadlock;;0
SESS-11118;2026-08-01 16:48:59;USR-1108;1998-04-14;M;VIP;3;0;600;App;Cyberpunk 2077;;0
SESS-13090;2026-08-31 18:16:06;USR-1556;2010-07-24;M;VIP;5;300;1000;App;Valorant;4.5;0
SESS-10760;2026-08-15 12:51:09;USR-1798;2003-03-07;M;Bootcamp;2;0;300;App;Valorant;2.0;0
SESS-14551;2026-08-24 12:51:20;USR-1599;2005-04-17;M;PS5;3;0;750;App;Apex Legends;4.5;0
SESS-13235;2026-08-02 15:29:33;USR-1667;2005-09-14;M;Standard;12;1920;1200;Card;Dota 2;4.5;0
SESS-11176;2026-08-02 18:51:38;USR-1577;2010-05-08;M;Standard;1;60;100;Card;CS2;;0
SESS-13148;2026-08-04 22:18:05;USR-1073;2001-05-02;M;PS5;12;0;2700;App;Dota 2;5.0;1
SESS-13879;2026-08-22 17:25:00;USR-1039;2005-04-25;M;PS5;3;503;675;App;CS2;4.5;1
SESS-15099;2026-08-26 17:30:09;USR-1073;2001-05-02;M;VIP;1;240;200;App;Deadlock;;0
SESS-15248;2026-08-02 20:31:06;USR-1001;1992-12-07;M;VIP;3;965;540;Card;Browser/Work;4.5;1
SESS-12021;2026-08-16 15:51:28;USR-1345;2008-10-04;M;Bootcamp;2;0;300;Card;Apex Legends;4.5;0
SESS-14389;2026-08-26 01:31:47;USR-1622;2007-09-09;F;Standard;8;1280;800;Card;Valorant;;0
SESS-14674;2026-08-06 22:29:05;USR-1113;2007-12-03;F;Standard;12;0;1200;Card;CS2;;0
SESS-11311;2026-08-31 21:22:23;USR-1765;1998-09-01;M;Bootcamp;1;270;150;App;Browser/Work;;0
SESS-12942;2026-08-27 17:28:46;USR-1089;2009-09-24;M;Bootcamp;2;0;300;Card;CS2;3.0;0
SESS-10173;2026-08-12 17:15:49;USR-1768;2006-04-17;F;PS5;2;0;450;App;CS2;;1
SESS-13816;2026-08-16 08:00:52;USR-1122;2009-02-15;M;Standard;1;0;100;Cash;Dota 2;;0
SESS-12851;2026-08-16 13:44:13;USR-1042;1992-11-01;M;VIP;3;1050;600;Card;Browser/Work;4.0;0
SESS-12739;2026-08-29 13:19:07;USR-1379;2006-07-16;M;Bootcamp;3;630;450;App;CS2;4.0;0
SESS-13231;2026-08-17 19:39:06;USR-1513;1998-11-23;M;PS5;2;923;450;Card;CS2;5.0;1
SESS-11539;2026-08-12 05:49:19;USR-1019;1998-11-10;M;Bootcamp;2;540;300;App;Dota 2;;0
SESS-13920;2026-08-28 16:07:20;USR-1015;2006-01-06;M;Bootcamp;2;0;300;App;Deadlock;;0
SESS-10365;2026-08-12 12:47:14;USR-1735;2012-06-01;M;PS5;4;0;1000;App;Dota 2;5.0;0
SESS-15476;2026-08-16 23:44:56;USR-1748;2011-10-27;F;Bootcamp;5;400;750;Card;Dota 2;4.0;0
SESS-11115;2026-08-03 18:31:15;USR-1236;2009-12-09;M;Bootcamp;8;0;1200;Card;GTA V;5.0;0
SESS-14872;2026-08-21 14:34:38;USR-1658;1995-01-11;M;Standard;3;0;270;Card;Cyberpunk 2077;;1
SESS-13251;2026-08-25 14:09:59;USR-1302;2005-05-13;F;VIP;2;240;400;Card;Dota 2;;0
SESS-13149;2026-08-29 14:04:05;USR-1062;2008-06-27;F;Standard;4;320;400;App;CS2;;0
SESS-12517;2026-08-09 13:05:22;USR-1486;1998-10-11;M;VIP;1;400;200;Card;PUBG;4.5;0
SESS-15300;2026-08-29 02:42:49;USR-1484;2005-03-22;M;VIP;3;510;600;Card;CS2;4.5;0
SESS-14825;2026-08-24 11:51:54;USR-1364;1992-02-20;M;VIP;1;0;200;Card;PUBG;;0
SESS-10695;2026-08-11 22:07:20;USR-1036;2011-02-07;M;Standard;12;672;1080;Card;Minecraft;;1
SESS-10959;2026-08-27 01:36:54;USR-1310;2011-02-12;M;Standard;2;0;200;Cash;CS2;4.0;0
SESS-12972;2026-08-08 16:08:21;USR-1609;2000-03-20;F;VIP;2;510;400;App;PUBG;;0
SESS-13963;2026-08-26 08:04:03;USR-1121;2011-01-17;M;Standard;2;0;200;Cash;Dota 2;5.0;0
SESS-13489;2026-08-07 16:28:46;USR-1162;1995-09-27;M;PS5;2;800;500;Cash;Cyberpunk 2077;;0
SESS-11974;2026-08-26 15:02:10;USR-1136;2010-11-02;M;Standard;2;0;200;Card;Dota 2;;0
SESS-11758;2026-08-18 11:27:54;USR-1027;2002-07-03;M;Standard;3;0;300;Card;Deadlock;;0
SESS-10534;2026-08-30 22:05:47;USR-1135;2006-08-02;M;Standard;8;0;800;App;Apex Legends;5.0;0
SESS-10155;2026-08-09 17:41:31;USR-1162;1995-09-27;M;VIP;5;0;900;Card;PUBG;5.0;1
SESS-12167;2026-08-30 12:54:25;USR-1080;2010-03-26;M;Standard;1;40;100;Cash;Valorant;;0
SESS-13027;2026-08-28 20:38:24;USR-1581;2001-09-25;F;Standard;4;640;400;Card;CS2;5.0;0
SESS-13403;2026-08-17 20:08:23;USR-1105;1994-07-15;F;Standard;2;360;200;Cash;CS2;4.5;0
SESS-11392;2026-08-09 14:02:29;USR-1257;2004-05-13;M;Standard;3;0;270;Card;Dota 2;;1
SESS-12563;2026-08-08 19:29:23;USR-1418;2006-06-05;M;Bootcamp;3;0;450;Card;Valorant;;0
SESS-10095;2026-08-13 18:17:53;USR-1124;2004-10-22;M;Standard;3;480;300;Card;Valorant;4.0;0
SESS-12426;2026-08-03 12:06:09;USR-1412;2011-03-19;M;Standard;1;0;100;Cash;Deadlock;;0
SESS-14986;2026-08-05 14:55:03;USR-1680;2007-04-03;M;Bootcamp;3;560;450;Card;Valorant;4.5;0
SESS-10951;2026-08-06 19:41:45;USR-1102;1998-08-23;M;PS5;3;965;675;Card;Dota 2;4.0;1
SESS-13405;2026-08-25 18:22:03;USR-1319;2012-08-24;M;Standard;4;224;360;Card;CS2;;1
SESS-11589;2026-08-14 12:28:31;USR-1029;1994-12-27;M;Bootcamp;1;420;150;Card;GTA V;;0
SESS-11053;2026-08-21 13:03:37;USR-1077;2003-08-14;M;Standard;1;160;100;Cash;CS2;;0
SESS-10838;2026-08-31 14:04:24;USR-1665;2010-07-22;M;Bootcamp;1;0;150;App;Minecraft;4.0;0
SESS-15053;2026-08-30 18:41:51;USR-1026;2005-03-02;M;PS5;3;240;750;App;Dota 2;4.0;0
SESS-13891;2026-08-14 13:28:18;USR-1363;2006-12-13;M;Bootcamp;1;160;150;Card;CS2;;0
SESS-11226;2026-08-05 12:08:52;USR-1585;2004-02-04;M;Standard;3;240;300;Card;CS2;3.0;0
SESS-10107;2026-08-29 19:07:00;USR-1755;1987-02-06;M;ps5;3;660;600;Card;CS2;;0
SESS-12769;2026-08-05 17:57:14;USR-1600;2006-05-25;F;PS5;2;0;500;Card;CS2;;0
SESS-10133;2026-08-12 10:30:34;USR-1691;2005-07-21;M;Bootcamp;3;320;450;Card;Dota 2;4.0;0
SESS-11782;2026-08-18 18:45:25;USR-1017;2006-06-21;M;VIP;4;790;800;App;CS2;;0
SESS-11322;2026-08-28 14:13:14;USR-1107;1996-01-10;F;Standard;1;180;100;Card;CS2;4.5;0
SESS-13387;2026-08-09 22:03:15;USR-1134;2000-09-06;M;Standard;5;1750;450;Card;Browser/Work;3.0;1
SESS-13535;2026-08-12 17:10:19;USR-1246;1996-02-20;M;PS5;4;882;900;Card;Dota 2;4.0;1
SESS-11872;2026-08-22 22:21:25;USR-1214;2010-04-09;M;Standard;8;0;800;Cash;Minecraft;;0
SESS-11728;2026-08-08 16:30:02;USR-1238;1989-07-19;F;Standard;2;240;200;Card;Dota 2;;0
SESS-13221;2026-08-14 10:20:42;USR-1017;2006-06-21;M;Bootcamp;2;560;270;Card;Deadlock;4.0;1
SESS-11621;2026-08-16 02:19:08;USR-1588;2006-08-03;M;VIP;2;658;360;Card;Apex Legends;;1
SESS-12835;2026-08-07 14:42:09;USR-1249;2011-08-26;M;Bootcamp;8;0;1200;App;CS2;;0
SESS-10580;2026-08-26 17:21:27;USR-1424;2003-09-25;M;Bootcamp;1;378;135;Card;Dota 2;;1
SESS-14531;2026-08-28 14:57:14;USR-1069;2004-11-11;M;Bootcamp;3;546;405;Card;CS2;4.5;1
SESS-15522;2026-08-23 12:02:29;USR-1799;2004-04-02;M;VIP;3;714;540;Card;Dota 2;3.0;1
SESS-14685;2026-08-13 22:42:27;USR-1116;2006-02-02;M;Standard;5;600;500;Card;Dota 2;4.5;0
SESS-11680;2026-08-18 17:51:46;USR-1614;2009-02-25;M;Bootcamp;4;336;540;Cash;Dota 2;2.0;1
SESS-14730;2026-08-15 20:32:30;USR-1088;2004-02-01;M;Standard;5;1120;450;Card;PUBG;4.5;1
SESS-11983;2026-08-03 12:15:14;USR-1661;2006-10-22;M;VIP;2;0;400;Card;Dota 2;;0
SESS-10311;2026-08-01 19:25:53;USR-1035;2005-10-21;M;VIP;2;0;400;Card;Valorant;;0
SESS-11107;2026-08-23 07:07:45;USR-1726;2006-09-21;M;PS5;2;240;500;Card;Valorant;;0
SESS-14228;2026-08-29 14:32:45;USR-1757;2009-08-16;M;Standard;2;0;200;App;Valorant;;0
SESS-13241;2026-08-08 08:52:17;USR-1689;2000-01-12;M;VIP;1;550;200;Card;Cyberpunk 2077;4.5;0
SESS-11044;2026-08-02 21:16:50;USR-1137;2007-12-19;M;Bootcamp;2;390;300;App;CS2;3.0;0
SESS-11915;2026-08-24 23:52:47;USR-1007;2006-10-02;M;Bootcamp;8;1430;1200;Card;CS2;;0
SESS-10608;2026-08-12 19:29:43;USR-1294;1996-04-28;M;VIP;4;1300;800;Card;Deadlock;5.0;0
SESS-12416;2026-08-06 14:09:55;USR-1765;1998-09-01;M;VIP;2;540;400;Card;Dota 2;5.0;0
SESS-12848;2026-08-21 09:51:48;USR-1537;2004-08-27;F;Standard;2;240;200;Cash;CS2;;0
SESS-11548;2026-08-04 12:44:01;USR-1083;2012-04-25;M;Standard;8;0;720;Cash;Deadlock;4.0;1
SESS-11855;2026-08-12 02:50:24;USR-1336;2011-02-07;M;VIP;2;0;360;Card;Minecraft;4.0;1
SESS-12795;2026-08-11 17:05:40;USR-1143;2009-12-19;M;Bootcamp;2;0;300;App;Minecraft;;0
SESS-13153;2026-08-30 17:08:15;USR-1623;2008-07-15;M;VIP;1;0;200;Card;CS2;2.0;0
SESS-13421;2026-08-13 15:52:54;USR-1099;2006-06-02;M;Standard;3;503;270;Cash;CS2;5.0;1
SESS-13093;2026-08-06 02:28:12;USR-1593;2002-08-20;M;VIP;2;0;400;App;Dota 2;5.0;0
SESS-12930;2026-08-28 14:17:15;USR-1682;2009-01-13;M;Standard;1;0;100;Card;Valorant;4.0;0
SESS-15162;2026-08-05 14:05:55;USR-1140;2008-01-12;M;VIP;3;0;600;App;CS2;;0
SESS-12241;2026-08-01 00:33:47;USR-1123;2012-08-03;F;PS5;8;480;2000;App;CS2;;0
SESS-10810;2026-08-12 14:44:24;USR-1212;2010-08-25;F;Standard;1;80;100;Card;Minecraft;5.0;0
SESS-10402;2026-08-02 06:47:18;USR-1388;1988-09-23;M;Bootcamp;2;540;300;Cash;Dota 2;;0
SESS-15505;2026-08-16 18:15:29;USR-1331;2008-02-26;M;Bootcamp;1;160;150;App;Dota 2;;0
SESS-14749;2026-08-21 02:04:23;USR-1065;2008-04-06;M;Bootcamp;2;0;300;Card;CS2;4.5;0
SESS-12333;2026-08-28 17:37:26;USR-1432;1988-07-15;M;PS5;1;0;250;Card;Dota 2;;0
SESS-15229;2026-08-15 16:18:03;USR-1345;2008-10-04;M;Standard;3;360;300;App;CS2;4.5;0
SESS-13622;2026-08-12 03:20:33;USR-1481;2005-06-02;F;Standard;3;0;300;Card;CS2;;0
SESS-12143;2026-08-12 14:49:36;USR-1137;2007-12-19;M;Standard;2;160;200;Card;Dota 2;;0
SESS-13852;2026-08-08 19:53:36;USR-1426;2003-03-18;F;Bootcamp;3;0;450;App;CS2;4.0;0
SESS-12686;2026-08-16 21:58:05;USR-1264;1992-11-21;M;VIP;1;420;200;Card;CS2;;0
SESS-11588;2026-08-30 22:59:49;USR-1049;2008-01-16;F;Bootcamp;12;1520;1800;App;CS2;5.0;0
SESS-15024;2026-08-15 13:16:20;USR-1430;2005-08-26;M;VIP;3;882;540;App;Dota 2;;1
SESS-14759;2026-08-08 20:20:17;USR-1030;2007-05-18;M;Bootcamp;3;630;450;Card;Minecraft;5.0;0
SESS-14248;2026-08-09 15:58:11;USR-1174;1996-11-17;M;Standard;5;0;500;Card;Cyberpunk 2077;4.5;0
SESS-12169;2026-08-06 12:44:07;USR-1789;2003-01-17;M;Standard;5;600;500;Card;CS2;5.0;0
SESS-10941;2026-08-16 15:44:02;USR-1484;2005-03-22;M;Standard;1;0;100;Card;Valorant;3.0;0
SESS-15319;2026-08-01 10:35:36;USR-1525;2003-09-24;M;Standard;3;360;300;Card;Deadlock;3.0;0
SESS-13310;2026-08-12 22:56:37;USR-1691;2005-07-21;M;Standard;3;0;300;Card;Deadlock;;0
SESS-10969;2026-08-02 23:40:32;USR-1063;2005-12-17;F;Standard;8;1344;720;App;Deadlock;5.0;1
SESS-12696;2026-08-01 20:20:32;USR-1008;2004-03-27;F;Bootcamp;4;560;540;Card;Valorant;;1
SESS-11778;2026-08-25 01:20:36;USR-1083;2012-04-25;M;Standard;3;0;270;Cash;Minecraft;;1
SESS-13092;2026-08-02 15:52:02;USR-1275;2008-09-04;M;Standard;4;0;400;App;Apex Legends;;0
SESS-13797;2026-08-21 20:27:34;USR-1494;2000-02-04;M;VIP;1;0;200;Card;PUBG;;0
SESS-12088;2026-08-16 20:31:24;USR-1112;2010-12-09;M;Bootcamp;3;0;450;Card;GTA V;4.5;0
SESS-14974;2026-08-30 02:45:19;USR-1406;2006-11-02;M;VIP;3;560;600;App;CS2;;0
SESS-14644;2026-08-01 18:14:42;USR-1583;2011-06-19;F;Standard;2;0;200;App;CS2;;0
SESS-14854;2026-08-15 11:29:09;USR-1133;2010-07-11;M;Standard;12;0;1200;Cash;CS2;4.5;0
SESS-11722;2026-08-01 10:34:02;USR-1586;2009-05-19;M;Standard;3;0;300;Card;CS2;;0
SESS-14286;2026-08-10 23:08:20;USR-1008;2004-03-27;F;PS5;3;0;675;App;CS2;;1
SESS-12660;2026-08-23 17:10:43;USR-1148;2008-04-10;F;PS5;2;0;500;Cash;Apex Legends;;0
SESS-10055;2026-08-12 23:11:08;USR-1552;2011-11-07;M;Bootcamp;5;200;750;App;CS2;;0
SESS-10373;2026-08-26 10:15:42;USR-1011;2002-09-04;F;Bootcamp;3;0;450;Card;Dota 2;4.5;0
SESS-12172;2026-08-04 11:37:16;USR-1060;2011-01-07;M;Standard;1;0;90;App;Dota 2;5.0;1
SESS-12201;2026-08-08 14:41:09;USR-1123;2012-08-03;F;Standard;1;56;90;Cash;Minecraft;4.0;1
SESS-12108;2026-08-18 16:24:47;USR-1235;2007-09-22;M;VIP;3;0;600;Cash;CS2;;0
SESS-14226;2026-08-12 16:37:16;USR-1097;2012-11-26;M;PS5;1;0;250;App;Dota 2;;0
SESS-10618;2026-08-02 16:00:30;USR-1680;2007-04-03;M;Standard;5;0;500;Card;Dota 2;4.5;0
SESS-10008;2026-08-01 10:16:47;USR-1071;2007-09-18;F;Standard;4;0;400;Card;Valorant;;0
SESS-10109;2026-08-04 16:59:27;USR-1733;2011-04-11;M;Standard;1;0;100;Cash;CS2;4.5;0
SESS-13282;2026-08-28 22:46:45;USR-1016;2002-04-03;M;VIP;8;2001;1440;Card;CS2;;1
SESS-14664;2026-08-25 18:46:07;USR-1317;2011-01-03;F;Standard;2;0;200;App;Minecraft;4.5;0
SESS-11478;2026-08-21 10:17:42;USR-1055;2004-02-26;M;Standard;2;224;180;App;Dota 2;4.0;1
SESS-11891;2026-08-13 16:03:22;USR-1562;2004-03-28;M;Standard;3;672;270;Card;CS2;4.5;1
SESS-14976;2026-08-05 16:32:37;USR-1249;2011-08-26;M;Bootcamp;2;0;300;App;Valorant;;0
SESS-10430;2026-08-20 16:44:34;USR-1732;2004-01-01;F;PS5;4;0;1000;Card;CS2;;0
SESS-15101;2026-08-04 17:19:38;USR-1062;2008-06-27;F;Standard;3;0;300;App;Dota 2;;0
SESS-12071;2026-08-12 17:38:33;USR-1064;2003-01-04;F;Standard;4;320;400;Card;Valorant;4.0;0
SESS-12951;2026-08-30 14:52:58;USR-1675;2004-10-24;M;PS5;1;120;250;Card;Dota 2;;0
SESS-10135;2026-08-05 20:04:18;USR-1260;2006-01-17;M;Standard;2;0;200;App;Valorant;;0
SESS-13686;2026-08-23 15:00:36;USR-1458;2003-08-27;M;Standard;1;0;100;Card;CS2;4.0;0
SESS-13342;2026-08-13 18:50:37;USR-1034;2011-05-20;F;Bootcamp;4;224;540;Card;CS2;3.0;1
SESS-14662;2026-08-07 19:12:46;USR-1140;2008-01-12;M;Bootcamp;1;230;150;App;PUBG;;0
SESS-10671;2026-08-01 17:41:28;USR-1347;2007-03-25;M;Standard;2;0;200;Card;Dota 2;;0
SESS-12867;2026-08-20 17:27:29;USR-1559;2006-09-22;M;Standard;3;336;270;Card;CS2;;1
SESS-11184;2026-08-08 12:57:48;USR-1553;2011-06-07;F;Standard;2;0;200;App;Minecraft;;0
SESS-15464;2026-08-10 16:57:58;USR-1076;2006-09-12;M;VIP;2;0;400;Card;Dota 2;;0
SESS-11070;2026-08-31 22:17:49;USR-1011;2002-09-04;F;Bootcamp;3;0;450;App;Dota 2;4.5;0
SESS-12822;2026-08-28 18:56:02;USR-1013;2004-01-28;M;PS5;4;640;1000;Card;Dota 2;4.5;0
SESS-12841;2026-08-16 15:59:43;USR-1157;2009-01-09;M;Standard;1;40;100;App;Minecraft;;0
SESS-15076;2026-08-30 11:39:31;USR-1614;2009-02-25;M;Standard;2;112;180;App;CS2;4.5;1
SESS-14539;2026-08-19 15:38:37;USR-1062;2008-06-27;F; Bootcamp ;2;0;300;Card;CS2;;0
SESS-10684;2026-08-04 12:51:34;USR-1784;1998-01-05;M;Standard;2;240;200;Card;GTA V;4.0;0
SESS-12445;2026-08-15 20:31:23;USR-1499;2007-10-04;M;PS5;2;0;500;Cash;CS2;;0
SESS-10196;2026-08-28 16:47:53;USR-1514;1996-07-11;M;VIP;1;480;200;App;Browser/Work;5.0;0
SESS-14993;2026-08-30 16:25:28;USR-1222;2005-09-10;M;Standard;3;240;300;Card;CS2;;0
SESS-14175;2026-08-17 18:55:49;USR-1221;2008-04-08;M;Bootcamp;3;440;450;App;CS2;2.0;0
SESS-15573;2026-08-18 21:07:32;USR-1109;2006-11-25;M;Standard;1;80;100;Card;CS2;;0
SESS-10387;2026-08-09 13:54:06;USR-1034;2011-05-20;F;Standard;4;0;400;Card;CS2;4.5;0
SESS-11491;2026-08-07 19:27:07;USR-1754;2010-11-03;M;Standard;2;120;200;Cash;CS2;1.0;0
SESS-14362;2026-08-15 12:28:02;USR-1155;2012-05-12;F;Standard;2;80;200;App;Dota 2;;0
SESS-13218;2026-08-18 22:51:40;USR-1417;2011-06-25;F;Standard;2;0;200;App;Minecraft;;0
SESS-13878;2026-08-06 08:37:12;USR-1320;2005-05-27;M;VIP;2;0;400;App;Cyberpunk 2077;;0
SESS-15015;2026-08-21 15:42:51;USR-1487;1996-10-08;M;VIP;1;480;200;Card;GTA V;;0
SESS-10855;2026-08-22 20:29:06;USR-1793;1995-11-05;M;VIP;3;660;600;Card;GTA V;1.0;0
SESS-11383;2026-08-27 18:31:41;USR-1099;2006-06-02;M;Standard;2;240;200;Card;CS2;;0
SESS-12980;2026-08-20 17:40:17;USR-1032;2007-01-28;M;VIP;4;470;800;Card;GTA V;;0
SESS-12478;2026-08-27 23:07:50;USR-1156;2008-07-22;M;Standard;8;960;800;App;CS2;5.0;0
SESS-15235;2026-08-13 21:47:23;USR-1386;2007-12-17;M;VIP;1;0;200;App;Deadlock;;0
SESS-12197;2026-08-30 19:27:02;USR-1011;2002-09-04;F;VIP;2;310;400;Cash;Dota 2;;0
SESS-13125;2026-08-01 15:34:01;USR-1264;1992-11-21;M;VIP;1;400;200;Card;CS2;3.0;0
SESS-11242;2026-08-22 08:56:33;USR-1616;2005-03-01;M;VIP;2;240;400;App;Dota 2;5.0;0
SESS-10096;2026-08-11 19:13:37;USR-1085;2011-03-10;M;Bootcamp;2;0;300;Cash;Minecraft;;0
SESS-13223;2026-08-17 19:14:01;USR-1069;2004-11-11;M;Standard;1;0;100;App;Valorant;;0
SESS-13854;2026-08-07 10:01:26;USR-1778;2005-12-18;M;Standard;2;240;200;Card;Valorant;;0
SESS-13351;2026-08-25 17:51:51;USR-1132;2010-11-05;M;Standard;4;448;360;App;Deadlock;3.0;1
SESS-13895;2026-08-22 18:21:10;USR-1482;2012-06-12;F;Standard;8;672;720;App;CS2;5.0;1
SESS-14727;2026-08-16 22:33:34;USR-1454;2010-08-02;M;Bootcamp;8;640;1200;Cash;Valorant;4.5;0
SESS-10479;2026-08-04 18:58:10;USR-1311;2010-11-16;M;Standard;2;80;200;Card;Dota 2;5.0;0
SESS-14402;2026-08-04 14:24:44;USR-1138;2005-01-08;M;Standard;4;320;400;Cash;PUBG;4.5;0
SESS-12988;2026-08-07 20:10:45;USR-1548;1995-06-01;M;Standard;4;0;360;;Dota 2;;1
SESS-13819;2026-08-28 18:01:44;USR-1521;2009-09-04;F;Standard;2;0;200;App;Dota 2;;0
SESS-13723;2026-08-05 16:13:08;USR-1150;2004-07-09;F;PS5;4;640;1000;Card;Dota 2;5.0;0
SESS-10634;2026-08-03 17:33:02;USR-1210;2007-11-18;M;Standard;3;336;270;Card;Dota 2;;1
SESS-12115;2026-08-15 19:57:24;USR-1524;2005-07-06;M;VIP;3;0;600;Card;Dota 2;4.5;0
SESS-15371;2026-08-22 11:08:26;USR-1485;2007-07-02;F;PS5;2;160;500;App;CS2;;0
SESS-11004;2026-08-19 04:35:34;USR-1321;2003-02-04;M;Standard;1;120;100;Card;Dota 2;5.0;0
SESS-15146;2026-08-22 12:30:54;USR-1678;2007-09-14;F;VIP;3;0;540;Card;CS2;;1
SESS-14784;2026-08-03 10:52:32;USR-1712;2011-11-19;F;VIP;1;0;200;Card;Dota 2;;0
SESS-12396;2026-08-24 07:18:16;USR-1647;2009-05-01;M;Standard;2;80;200;Card;Minecraft;;0
SESS-10356;2026-08-23 20:27:58;USR-1798;2003-03-07;M;Standard;2;240;200;Card;Dota 2;;0
SESS-10249;2026-08-08 13:37:07;USR-1050;2004-06-28;M;VIP;2;658;360;Card;CS2;;1
SESS-14272;2026-08-17 23:42:49;USR-1555;2006-04-11;M;Standard;8;960;800;App;Dota 2;;0
SESS-11201;2026-08-29 14:34:48;USR-1480;2008-04-26;M;Standard;2;0;200;Card;CS2;;0
SESS-15109;2026-08-18 10:33:17;USR-1184;2003-09-09;M;Standard;2;320;200;App;Valorant;4.5;0
SESS-10094;2026-08-22 11:19:54;USR-1106;2008-02-13;M;Standard;1;160;100;Card;CS2;;0
SESS-10203;2026-08-16 18:17:16;USR-1026;2005-03-02;M;Standard;3;0;300;App;Valorant;4.0;0
SESS-15119;2026-08-10 02:33:49;USR-1651;2010-03-25;M;Standard;1;60;100;App;CS2;4.5;0
SESS-12501;2026-08-24 17:58:48;USR-1018;2004-09-15;M;Bootcamp;2;0;300;App;Dota 2;4.5;0
SESS-11867;2026-08-17 22:38:30;USR-1458;2003-08-27;M;Bootcamp;8;0;1200;Card;Valorant;4.5;0
SESS-14234;2026-08-16 11:37:47;USR-1014;2012-10-25;M;VIP;3;0;600;App;CS2;4.5;0
SESS-13839;2026-08-28 18:11:08;USR-1669;2005-08-01;M;Bootcamp;2;0;300;Card;CS2;;0
SESS-10485;2026-08-08 18:06:10;USR-1099;2006-06-02;M;VIP;3;320;600;Card;Dota 2;;0
SESS-14740;2026-08-29 18:28:32;USR-1753;2001-11-16;M;Standard;1;120;100;App;CS2;;0
SESS-10462;2026-08-24 15:00:23;USR-1109;2006-11-25;M;VIP;2;240;400;App;CS2;4.5;0
SESS-13952;2026-08-24 20:38:35;USR-1647;2009-05-01;M;Standard;4;0;400;Cash;Minecraft;4.5;0
SESS-14513;2026-08-07 21:56:40;USR-1065;2008-04-06;M;Standard;2;160;200;Card;CS2;;0
SESS-11897;2026-08-26 01:56:21;USR-1760;2001-02-11;M;Bootcamp;5;0;750;Card;CS2;5.0;0
SESS-10871;2026-08-31 18:07:42;USR-1306;2012-02-20;M;VIP;1;0;200;App;CS2;4.5;0
SESS-10090;2026-08-03 19:50:51;USR-1106;2008-02-13;M;Standard;4;320;400;App;Deadlock;4.5;0
SESS-15140;2026-08-08 13:03:16;USR-1439;2003-02-03;F;Bootcamp;3;390;450;App;Valorant;5.0;0
SESS-11056;2026-08-25 20:12:06;USR-1131;2008-12-05;F;Standard;2;160;200;Card;CS2;;0
SESS-11753;2026-08-03 00:57:18;USR-1125;2011-08-05;M;VIP ;12;720;1200;App;Dota 2;4.0;0
SESS-10253;2026-08-08 21:52:24;USR-1166;2005-01-13;M;Bootcamp;5;0;675;Card;CS2;5.0;1
SESS-13398;2026-08-21 10:09:57;USR-1759;2003-06-09;M;VIP;1;230;200;Card;Deadlock;;0
SESS-10391;2026-08-06 17:49:41;USR-1160;2007-06-15;M;VIP;2;560;360;Card;CS2;;1
SESS-12529;2026-08-31 19:28:55;USR-1617;2003-03-08;M;Standard;2;160;200;App;Dota 2;;0
SESS-14230;2026-08-28 19:23:48;USR-1633;2003-05-05;M;Standard;4;448;360;Card;CS2;4.0;1
SESS-14471;2026-08-08 14:33:46;USR-1259;2011-03-07;M;Standard;2;0;200;Cash;Valorant;;0
SESS-12788;2026-08-18 16:39:26;USR-1090;2010-09-06;M;Bootcamp;3;0;450;Card;Minecraft;;0
SESS-10123;2026-08-23 21:12:58;USR-1086;2004-06-19;M;Bootcamp;1;0;135;App;CS2;;1
SESS-10167;2026-08-14 13:23:42;USR-1649;2009-07-12;M;PS5;2;0;500;Card;Dota 2;4.5;0
SESS-13627;2026-08-04 17:45:39;USR-1797;2005-08-15;M;Standard;5;840;450;Card;Dota 2;5.0;1
SESS-11440;2026-08-27 23:53:45;USR-1293;2009-09-01;M;Standard;12;1007;1080;Card;Minecraft;4.0;1
SESS-12277;2026-08-10 02:23:16;USR-1088;2004-02-01;M;Standard;2;0;200;Card;Dota 2;5.0;0
SESS-14099;2026-08-28 10:05:30;USR-1022;2010-12-12;M;Bootcamp;3;0;450;Card;Dota 2;;0
SESS-14855;2026-08-24 15:10:43;USR-1589;2011-10-19;M;Standard;2;0;200;App;CS2;;0
SESS-14826;2026-08-14 09:24:12;USR-1150;2004-07-09;F;Standard;1;0;100;Card;Minecraft;;0
SESS-13959;2026-08-11 22:08:28;USR-1133;2010-07-11;M;Standard;8;320;800;App;Minecraft;1.0;0
SESS-13410;2026-08-02 16:36:28;USR-1008;2004-03-27;F;VIP;1;0;200;Card;CS2;4.5;0
SESS-11335;2026-08-22 12:47:31;USR-1157;2009-01-09;M;Standard;2;80;200;App;Valorant;;0
SESS-10009;2026-08-23 20:00:10;USR-1678;2007-09-14;F;VIP;2;320;400;Card;CS2;;0
SESS-12882;2026-08-28 18:47:00;USR-1027;2002-07-03;M;Standard;2;240;200;Card;CS2;;0
SESS-11271;2026-08-08 21:38:41;USR-1134;2000-09-06;M;VIP;3;1050;600;App;GTA V;;0
SESS-12324;2026-08-10 03:05:37;USR-1051;2011-05-15;M;Standard;8;640;800;App;Minecraft;4.0;0
SESS-11938;2026-08-23 20:15:57;USR-1112;2010-12-09;M;Standard;3;336;270;Cash;CS2;;1
SESS-10957;2026-08-30 15:27:53;USR-1238;1989-07-19;F;VIP;1;550;200;Card;Cyberpunk 2077;;0
SESS-11689;2026-08-15 07:13:21;USR-1393;1995-09-22;M;Standard;2;500;200;Card;GTA V;;0
SESS-10781;2026-08-19 15:26:46;USR-1041;2008-02-09;M;Bootcamp;1;0;150;Cash;Dota 2;;0
SESS-15553;2026-08-01 13:52:25;USR-1127;2011-07-10;M;Bootcamp;3;0;450;App;Minecraft;4.0;0
SESS-15560;2026-08-07 10:25:15;USR-1373;2005-07-27;M;Standard;12;1344;1080;Card;CS2;4.5;1
SESS-14711;2026-08-14 18:48:52;USR-1789;2003-01-17;M;Bootcamp;2;0;300;Card;Dota 2;;0
SESS-11396;2026-08-08 17:20:27;USR-1492;2011-04-20;M;VIP;2;120;400;Cash;Dota 2;4.5;0
SESS-13382;2026-08-09 12:37:13;USR-1661;2006-10-22;M;Bootcamp;8;0;1200;Card;CS2;4.0;0
SESS-14751;2026-08-23 13:44:44;USR-1023;2005-11-18;F;Bootcamp;1;230;150;Card;Dota 2;;0
SESS-12984;2026-08-22 18:17:12;USR-1772;2011-04-12;M;Standard;1;0;100;App;CS2;;0
SESS-10994;2026-08-08 13:09:56;USR-1161;2008-01-12;M;Standard;2;0;200;Card;PUBG;;0
SESS-15478;2026-08-27 18:10:27;USR-1535;2005-07-20;M;Standard;2;320;200;Card;Dota 2;4.5;0
SESS-10678;2026-08-21 17:07:27;USR-1024;2006-10-08;M;Bootcamp;3;0;450;Card;Dota 2;;0
SESS-13473;2026-08-17 01:04:43;USR-1141;2012-07-05;M;Bootcamp;12;480;1800;App;Valorant;4.0;0
SESS-10515;2026-08-15 18:55:04;USR-1450;1998-12-23;M;Standard;2;500;200;App;Cyberpunk 2077;;0
SESS-12689;2026-08-01 12:09:00;USR-1609;2000-03-20;F;PS5;2;800;500;Card;CS2;;0
SESS-15281;2026-08-10 16:25:10;USR-1157;2009-01-09;M;Standard;12;1344;1080;Cash;Dota 2;4.5;1
SESS-15534;2026-08-08 17:58:05;USR-1619;2005-02-21;M;Standard;3;360;300;Cash;CS2;1.0;0
SESS-14720;2026-08-14 23:06:29;USR-1654;2006-11-15;M;Standard;8;960;800;App;Dota 2;5.0;0
SESS-15122;2026-08-23 20:19:11;USR-1335;2003-12-25;M;VIP;4;784;720;App;Deadlock;5.0;1
SESS-14628;2026-08-23 13:57:39;USR-1380;2011-07-07;M;Standard;2;224;180;Cash;Minecraft;4.0;1
SESS-15127;2026-08-19 10:18:27;USR-1026;2005-03-02;M;Standard;4;480;400;Card;CS2;4.0;0
SESS-13063;2026-08-08 11:48:54;USR-1069;2004-11-11;M;VIP;3;510;600;App;CS2;;0
SESS-13284;2026-08-02 09:26:49;USR-1595;2012-06-09;M;Standard;2;0;200;Card;CS2;;0
SESS-15585;2026-08-03 16:19:26;USR-1085;2011-03-10;M;Standard;2;0;200;App;Valorant;4.5;0
SESS-10150;2026-08-18 15:24:05;USR-1718;2010-06-15;M;Bootcamp;1;0;150;App;Valorant;;0
SESS-12427;2026-08-31 12:46:46;USR-1122;2009-02-15;M;Standard;4;0;360;Card;Valorant;;1
SESS-11856;2026-08-08 10:06:10;USR-1303;2011-10-12;M;Bootcamp;5;200;750;Cash;Valorant;5.0;0
SESS-10656;2026-08-25 15:25:47;USR-1095;2010-06-09;M;Standard;2;0;200;Card;CS2;4.5;0
SESS-12918;2026-08-06 17:40:11;USR-1134;2000-09-06;M;PS5;3;840;750;App;PUBG;4.5;0
SESS-11977;2026-08-28 16:00:11;USR-1079;2003-06-06;M;Standard;12;0;1200;Cash;CS2;4.0;0
SESS-14698;2026-08-25 12:31:55;USR-1036;2011-02-07;M;Standard;2;112;180;Card;Dota 2;;1
SESS-14639;2026-08-07 21:55:27;USR-1241;2001-02-07;M;Standard;1;120;100;Card;Apex Legends;;0
SESS-13187;2026-08-17 05:52:55;USR-1077;2003-08-14;M;Standard;4;0;400;App;Minecraft;2.0;0
SESS-11003;2026-08-14 21:24:30;USR-1674;2000-06-17;M;VIP;1;0;200;Card;Valorant;;0
SESS-15298;2026-08-07 16:14:39;USR-1105;1994-07-15;F;VIP;2;800;400;Card;Dota 2;4.5;0
SESS-11243;2026-08-25 21:53:34;USR-1055;2004-02-26;M;Bootcamp;4;1007;540;App;GTA V;;1
SESS-10680;2026-08-26 08:36:08;USR-1547;2010-04-05;M;Standard;2;224;180;Card;Minecraft;;1
SESS-11252;2026-08-30 17:45:51;USR-1618;2004-03-02;M;Standard;2;240;200;Card;Dota 2;4.0;0
SESS-11522;2026-08-01 17:57:12;USR-1310;2011-02-12;M;PS5;4;448;900;App;CS2;4.5;1
SESS-14992;2026-08-18 06:09:13;USR-1665;2010-07-22;M;Standard;1;0;100;App;Minecraft;4.0;0
SESS-12401;2026-08-26 22:49:25;USR-1392;1993-02-27;M;VIP;8;0;1600;Card;PUBG;4.5;0
SESS-15271;2026-08-06 11:04:22;USR-1415;2002-04-06;M;VIP;2;470;400;Card;CS2;;0
SESS-15157;2026-08-18 18:44:45;USR-1522;2004-09-21;F;Standard;2;0;200;Card;Deadlock;;0
SESS-13238;2026-08-09 10:15:55;USR-1573;2002-05-24;M;Bootcamp;2;320;300;App;Deadlock;;0
SESS-10629;2026-08-21 09:19:10;USR-1101;2006-02-04;F;Standard;3;240;300;Card;CS2;5.0;0
SESS-15546;2026-08-01 20:09:57;USR-1124;2004-10-22;M;Standard;1;0;100;;CS2;;0
SESS-12608;2026-08-09 19:10:01;USR-1705;2009-02-04;M;Standard;2;80;200;Card;Valorant;;0
SESS-15292;2026-08-01 22:09:02;USR-1454;2010-08-02;M;Bootcamp;5;0;750;Card;Deadlock;4.0;0
SESS-11529;2026-08-12 10:07:37;USR-1466;2000-02-05;M;VIP;2;714;360;Card;PUBG;4.0;1
SESS-12939;2026-08-15 11:50:06;USR-1737;2011-01-14;M;Standard;2;0;200;App;Dota 2;;0
SESS-13715;2026-08-22 21:40:29;USR-1472;2010-10-08;M;Standard;12;1007;1080;Cash;Minecraft;4.5;1
SESS-14407;2026-08-30 01:54:08;USR-1304;2003-08-08;M;Bootcamp;12;0;1800;App;Dota 2;4.5;0
SESS-15538;2026-08-01 21:36:43;USR-1147;2002-10-26;M;PS5;5;1120;1125;Card;Dota 2;5.0;1
SESS-12493;2026-08-21 18:30:21;USR-1699;1991-01-24;M;Standard;2;0;200;Card;PUBG;;0
SESS-15006;2026-08-26 05:17:35;USR-1007;2006-10-02;M;VIP;8;2001;1440;App;Valorant;;1
SESS-12453;2026-08-17 11:12:17;USR-1776;2009-02-12;M;Standard;2;160;200;App;Minecraft;;0
SESS-14211;2026-08-17 19:56:51;USR-1627;2007-03-09;M;VIP;4;658;720;Card;Valorant;4.5;1
SESS-15569;2026-08-26 19:09:26;USR-1454;2010-08-02;M;Standard;2;0;200;Cash;Dota 2;;0
SESS-12509;2026-08-26 10:58:15;USR-1002;2001-09-28;F;Standard;2;0;200;App;CS2;;0
SESS-10925;2026-08-24 01:24:26;USR-1005;1998-09-23;M;Standard;8;0;800;Card;Dota 2;3.0;0
SESS-15315;2026-08-15 20:10:56;USR-1147;2002-10-26;M;Standard;2;0;200;Cash;CS2;5.0;0
SESS-11137;2026-08-21 13:53:14;USR-1713;2004-05-14;M;Standard;1;0;100;Card;Dota 2;;0
SESS-10030;2026-08-01 10:36:29;USR-1235;2007-09-22;M;Standard;4;0;400;Card;Dota 2;4.0;0
SESS-10526;2026-08-23 07:36:54;USR-1145;2009-02-19;M;Standard;1;0;100;Cash;CS2;3.0;0
SESS-11369;2026-08-22 18:12:33;USR-1558;2011-10-06;M;Standard;2;120;200;Cash;Dota 2;3.0;0
SESS-12352;2026-08-13 05:59:24;USR-1061;2005-08-26;F;Bootcamp;2;470;300;App;CS2;;0
SESS-14962;2026-08-09 00:55:22;USR-1184;2003-09-09;M;PS5;12;1440;3000;Card;CS2;;0
SESS-14621;2026-08-30 22:09:18;USR-1503;1999-04-24;M;PS5;8;1110;2000;Card;Cyberpunk 2077;4.5;0
SESS-14653;2026-08-08 12:15:39;USR-1066;2005-04-09;M;Bootcamp;3;882;405;Card;Dota 2;4.5;1
SESS-14928;2026-08-24 20:54:58;USR-1397;2009-07-03;M;VIP;2;80;400;Cash;Deadlock;5.0;0
SESS-12797;2026-08-28 10:20:07;USR-1452;2007-02-14;M;Bootcamp;1;270;150;Card;Deadlock;;0
SESS-13840;2026-08-25 21:10:08;USR-1314;1993-11-03;M;VIP;2;1120;360;Card;Dota 2;;1
SESS-11128;2026-08-12 19:45:12;USR-1758;2012-09-07;M;Bootcamp;2;0;300;Cash;Minecraft;;0
SESS-14686;2026-08-14 10:51:25;USR-1062;2008-06-27;F;PS5;3;0;750;Card;Minecraft;;0
SESS-14166;2026-08-04 16:07:03;USR-1511;2008-10-14;M;PS5;2;160;500;Card;Deadlock;;0
SESS-14600;2026-08-06 23:36:39;USR-1672;2003-10-01;F;Standard;5;600;500;App;CS2;;0
SESS-11756;2026-08-07 15:36:55;USR-1317;2011-01-03;F;Standard;1;0;100;App;Dota 2;4.5;0
SESS-12727;2026-08-09 09:01:16;USR-1003;2004-05-26;M;Bootcamp;3;0;450;Card;CS2;;0
SESS-14473;2026-08-18 20:26:53;USR-1211;2010-02-27;M;Standard;4;0;360;App;CS2;5.0;1
SESS-15220;2026-08-21 20:47:09;USR-1002;2001-09-28;F;Bootcamp;4;400;600;Card;Dota 2;;0
SESS-11214;2026-08-01 13:17:46;USR-1541;2006-04-27;M;VIP;3;0;600;App;Dota 2;4.5;0
SESS-13379;2026-08-04 09:36:15;USR-1088;2004-02-01;M;Bootcamp;2;0;300;Card;Dota 2;4.0;0
SESS-10266;2026-08-25 14:07:57;USR-1260;2006-01-17;M;Bootcamp;2;0;300;App;GTA V;;0
SESS-12702;2026-08-29 22:34:46;USR-1267;2005-04-25;M;VIP;5;0;900;Cash;Deadlock;;1
SESS-10003;2026-08-05 09:31:09;USR-1017;2006-06-21;M;Standard;3;0;300;Card;Dota 2;;0
SESS-13415;2026-08-25 17:58:02;USR-1736;2007-02-18;M;Standard;3;0;300;App;CS2;5.0;0
SESS-13781;2026-08-22 21:09:26;USR-1526;1990-05-25;F;VIP;1;420;200;Card;Dota 2;5.0;0
SESS-13603;2026-08-18 16:15:37;USR-1771;2008-11-02;M;Standard;3;503;270;Card;CS2;4.5;1
SESS-10132;2026-08-09 09:58:41;USR-1078;1995-02-26;M;Standard;3;0;300;Card;Browser/Work;3.0;0
SESS-12399;2026-08-20 11:26:57;USR-1455;2004-04-04;M;Standard;3;0;270;App;PUBG;4.0;1
SESS-13086;2026-08-08 17:41:21;USR-1419;2006-01-02;F;Standard;3;503;270;Card;GTA V;5.0;1
SESS-15178;2026-08-02 22:29:21;USR-1688;1994-08-10;M;PS5;8;1740;2000;Card;Dota 2;4.0;0
SESS-15167;2026-08-16 20:29:31;USR-1327;2007-04-16;F;Standard;3;0;270;Card;PUBG;4.5;1
SESS-11638;2026-08-14 10:23:42;USR-1535;2005-07-20;M;VIP;1;310;200;Card;CS2;;0
SESS-11436;2026-08-24 08:35:25;USR-1005;1998-09-23;M;VIP;3;0;540;Card;Valorant;5.0;1
SESS-13981;2026-08-25 13:17:17;USR-1275;2008-09-04;M;VIP;2;0;400;Card;CS2;;0
SESS-11785;2026-08-19 02:14:14;USR-1720;1998-08-20;M;Standard;3;750;300;Card;CS2;4.0;0
SESS-14057;2026-08-18 14:02:34;USR-1070;2005-10-03;M;Bootcamp;1;230;150;App;Valorant;3.0;0
SESS-14868;2026-08-15 17:52:48;USR-1769;2011-01-01;F;Standard;3;240;300;App;Valorant;;0
SESS-15313;2026-08-23 16:53:46;USR-1568;2007-09-08;F;Standard;3;672;270;Card;Apex Legends;;1
SESS-13801;2026-08-23 00:20:43;USR-1553;2011-06-07;F;Standard;8;640;800;Card;Valorant;2.0;0
SESS-12156;2026-08-03 13:13:11;USR-1010;2005-03-05;M;Bootcamp;4;784;540;Cash;Valorant;3.0;1
SESS-13046;2026-08-19 14:53:53;USR-1645;2006-12-09;M;Standard;2;160;200;App;Dota 2;5.0;0
SESS-11408;2026-08-25 15:05:45;USR-1106;2008-02-13;M;Bootcamp;1;0;150;App;Dota 2;;0
SESS-10935;2026-08-14 09:50:41;USR-1261;1991-11-06;F;VIP;2;800;400;Card;GTA V;5.0;0
SESS-11656;2026-08-29 00:22:09;USR-1058;2012-06-28;M;Standard;5;300;500;App;Dota 2;5.0;0
SESS-10042;2026-08-07 21:23:06;USR-1116;2006-02-02;M;Standard;3;672;270;Card;CS2;4.0;1
SESS-13793;2026-08-12 22:19:33;USR-1350;2010-08-25;M;Standard;5;200;500;App;CS2;4.0;0
SESS-14774;2026-08-12 21:35:21;USR-1073;2001-05-02;M;Bootcamp;1;240;150;Cash;GTA V;;0
SESS-12933;2026-08-08 20:39:40;USR-1078;1995-02-26;M;Standard;1;168;90;;CS2;;1
SESS-10812;2026-08-01 14:02:13;USR-1007;2006-10-02;M;VIP;2;0;400;Card;Deadlock;;0
SESS-14635;2026-08-28 16:30:01;USR-1083;2012-04-25;M;Standard;1;0;100;App;CS2;;0
SESS-15222;2026-08-28 21:51:24;USR-1131;2008-12-05;F;Standard;3;672;270;App;CS2;4.0;1
SESS-10570;2026-08-07 22:38:10;USR-1225;2007-10-25;M;Standard;5;0;450;App;Dota 2;5.0;1
SESS-10151;2026-08-22 19:50:38;USR-1019;1998-11-10;M;PS5;4;1150;1000;Card;GTA V;5.0;0
SESS-12741;2026-08-01 21:46:38;USR-1217;2003-03-18;M;Bootcamp;3;0;450;Card;CS2;;0
SESS-13868;2026-08-01 19:52:56;USR-1205;2004-03-11;M;VIP;1;200;200;;Deadlock;;0
SESS-15322;2026-08-30 02:18:24;USR-1154;2007-03-12;M;Bootcamp;2;320;300;Card;CS2;5.0;0
SESS-14926;2026-08-04 07:00:08;USR-1021;2004-06-28;M;Standard;2;160;200;Card;Dota 2;;0
SESS-13702;2026-08-05 20:23:09;USR-1043;2005-02-07;F;Bootcamp;3;630;450;;Dota 2;;0
SESS-13190;2026-08-10 19:15:56;USR-1156;2008-07-22;M;Standard;3;336;270;Cash;Dota 2;;1
SESS-10516;2026-08-13 11:44:14;USR-1302;2005-05-13;F;Bootcamp;2;0;300;Card;Dota 2;;0
SESS-12152;2026-08-22 22:39:32;USR-1112;2010-12-09;M;Bootcamp;8;0;1200;Cash;CS2;;0
SESS-10800;2026-08-28 18:49:15;USR-1638;2007-07-26;M;Bootcamp;8;1040;1200;Cash;Dota 2;4.0;0
SESS-15113;2026-08-24 16:37:28;USR-1617;2003-03-08;M;VIP;2;0;400;Card;Valorant;;0
SESS-13507;2026-08-20 17:58:52;USR-1078;1995-02-26;M;Standard;4;480;400;Card;PUBG;;0
SESS-10273;2026-08-06 20:58:56;USR-1653;2004-09-04;M;PS5;4;320;1000;Card;Dota 2;3.0;0
SESS-14440;2026-08-05 20:07:34;USR-1282;2000-05-06;M;Bootcamp;3;0;405;Card;CS2;;1
SESS-11398;2026-08-29 10:39:15;USR-1102;1998-08-23;M;Bootcamp;5;2170;675;Cash;Dota 2;2.0;1
SESS-14931;2026-08-22 01:21:08;USR-1664;2012-03-23;M;Standard;5;0;500;Cash;Minecraft;4.5;0
SESS-11943;2026-08-29 11:35:33;USR-1183;2012-03-28;F;Standard;1;56;90;App;Dota 2;4.0;1
SESS-10947;2026-08-02 13:49:21;USR-1433;2005-05-11;M;PS5;5;840;1125;Card;Valorant;;1
SESS-10619;2026-08-31 00:28:49;USR-1563;2006-04-06;M;VIP;5;0;1000;App;Valorant;;0
SESS-15151;2026-08-16 10:02:49;USR-1026;2005-03-02;M;Standard;2;0;200;Card;CS2;;0
SESS-13821;2026-08-03 19:08:57;USR-1454;2010-08-02;M;Bootcamp;1;0;150;Card;Dota 2;;0
SESS-10882;2026-08-09 21:33:16;USR-1170;2011-03-12;M;VIP;3;180;600;Cash;Minecraft;4.0;0
SESS-14196;2026-08-09 09:00:34;USR-1140;2008-01-12;M;Bootcamp;2;320;300;Card;Dota 2;4.0;0
SESS-10748;2026-08-08 19:15:42;USR-1121;2011-01-17;M;Standard;1;0;100;Card;CS2;;0
SESS-11210;2026-08-21 13:46:34;USR-1051;2011-05-15;M;Bootcamp;4;448;540;Card;CS2;4.5;1
SESS-15193;2026-08-19 18:27:10;USR-1518;2007-10-19;M;Standard;1;120;100;App;CS2;4.0;0
SESS-13604;2026-08-23 08:17:18;USR-1369;2004-03-20;M;Standard;2;0;200;Card;Valorant;;0
SESS-14102;2026-08-05 12:55:30;USR-1031;2009-11-16;M;Standard;2;80;200;Card;CS2;4.0;0
SESS-14940;2026-08-29 17:28:32;USR-1692;2008-03-01;M;Bootcamp;5;0;750;Cash;Valorant;4.0;0
SESS-15531;2026-08-12 13:31:05;USR-1467;2011-10-16;M;PS5;2;80;500;Cash;Apex Legends;;0
SESS-10804;2026-08-23 00:12:30;USR-1156;2008-07-22;M;Standard;12;0;1200;Card;Dota 2;;0
SESS-12480;2026-08-21 20:00:41;USR-1125;2011-08-05;M;Standard;1;0;100;Card;CS2;;0
SESS-11367;2026-08-22 21:58:41;USR-1423;2006-01-25;M;Standard;5;0;450;Card;CS2;;1
SESS-14019;2026-08-01 16:23:46;USR-1036;2011-02-07;M;Standard;2;0;200;App;Dota 2;;0
SESS-12170;2026-08-15 17:58:14;USR-1557;2003-09-27;M;VIP;4;720;800;Card;CS2;4.5;0
SESS-12857;2026-08-30 20:53:25;USR-1010;2005-03-05;M;Bootcamp;2;0;300;Card;CS2;4.0;0
SESS-13826;2026-08-04 11:28:13;USR-1002;2001-09-28;F;Bootcamp;2;0;300;Card;Valorant;;0
SESS-12342;2026-08-28 13:42:53;USR-1377;2012-01-12;F;Standard;1;0;100;Card;Minecraft;;0
SESS-15493;2026-08-27 18:11:06;USR-1131;2008-12-05;F;PS5;5;600;1250;Card;GTA V;;0
SESS-14954;2026-08-09 12:22:21;USR-1752;2005-09-10;M;Standard;2;0;200;;CS2;4.0;0
SESS-11099;2026-08-07 15:08:46;USR-1133;2010-07-11;M;Standard;2;120;200;App;Minecraft;;0
SESS-10088;2026-08-11 23:59:01;USR-1042;1992-11-01;M;PS5;8;1554;1800;Card;Deadlock;;1
SESS-13117;2026-08-23 15:18:28;USR-1526;1990-05-25;F;VIP;4;0;800;Cash;Dota 2;;0
SESS-11308;2026-08-26 18:48:47;USR-1092;2011-05-01;M;Bootcamp;3;0;450;Cash;CS2;4.5;0
SESS-14007;2026-08-19 18:59:12;USR-1259;2011-03-07;M;Bootcamp;2;0;300;Cash;Minecraft;;0
SESS-15424;2026-08-29 07:12:52;USR-1150;2004-07-09;F;Standard;3;240;300;Card;CS2;;0
SESS-13348;2026-08-16 17:46:48;USR-1033;2003-12-13;M;Bootcamp;1;0;150;Card;CS2;;0
SESS-12037;2026-08-19 23:35:56;USR-1131;2008-12-05;F;Standard;8;640;800;App;Apex Legends;;0
SESS-14107;2026-08-16 01:26:00;USR-1537;2004-08-27;F;Bootcamp;12;2898;1620;Card;Dota 2;5.0;1
SESS-14017;2026-08-28 11:07:12;USR-1240;2005-05-16;M;Standard;4;0;400;Card;CS2;3.0;0
SESS-11682;2026-08-26 01:54:26;USR-1034;2011-05-20;F;Standard;5;200;500;App;Minecraft;;0
SESS-12990;2026-08-15 17:08:01;USR-1081;1997-07-08;M;PS5;2;546;450;Card;CS2;;1
SESS-11411;2026-08-28 00:38:36;USR-1395;2006-11-08;M;Standard;5;0;450;;CS2;;1
SESS-10044;2026-08-06 19:53:37;USR-1071;2007-09-18;F;Standard;5;800;500;App;CS2;;0
SESS-10082;2026-08-28 22:24:48;USR-1129;1997-03-27;M;VIP;12;4410;2160;App;Cyberpunk 2077;4.5;1
SESS-10860;2026-08-07 13:54:09;USR-1144;2001-08-15;M;VIP;2;400;400;Card;CS2;;0
SESS-14418;2026-08-24 02:50:05;USR-1132;2010-11-05;M;Standard;2;0;200;Card;Dota 2;;0
SESS-12524;2026-08-07 14:58:11;USR-1679;2011-04-06;M;VIP;4;0;800;Cash;Dota 2;;0
SESS-12371;2026-08-08 00:49:59;USR-1600;2006-05-25;F;Standard;8;960;800;App;Dota 2;;0
SESS-10209;2026-08-30 20:11:47;USR-1473;2010-10-17;M;Standard;3;0;300;App;Minecraft;;0
SESS-10747;2026-08-07 09:36:26;USR-1722;2006-05-27;F;Standard;2;448;180;App;Apex Legends;;1
SESS-13248;2026-08-27 16:58:23;USR-1071;2007-09-18;F;PS5;2;320;500;Card;CS2;;0
SESS-11956;2026-08-31 18:21:43;USR-1785;2001-09-19;M;VIP ;2;0;400;Card;PUBG;;0
SESS-15176;2026-08-25 20:49:06;USR-1153;2003-01-20;M;Standard;1;160;100;Card;Deadlock;5.0;0
SESS-10111;2026-08-16 16:38:15;USR-1150;2004-07-09;F;Bootcamp;1;0;150;App;CS2;;0
SESS-14725;2026-08-12 18:15:50;USR-1153;2003-01-20;M;Bootcamp;3;448;405;App;Apex Legends;;1
SESS-10497;2026-08-01 17:30:28;USR-1116;2006-02-02;M;Standard;1;80;100;Card;Valorant;;0
SESS-11470;2026-08-02 20:37:56;USR-1574;2006-01-26;F;VIP;1;240;200;App;Valorant;;0
SESS-13358;2026-08-30 16:20:06;USR-1360;2011-04-03;M;VIP;2;80;400;Cash;Dota 2;4.5;0
SESS-14428;2026-08-15 22:18:20;USR-1408;2008-06-10;M;Bootcamp;8;790;1200;Card;CS2;4.0;0
SESS-14904;2026-08-29 15:53:13;USR-1095;2010-06-09;M;Bootcamp;3;0;450;App;Minecraft;4.5;0
SESS-12798;2026-08-14 11:50:35;USR-1315;2008-08-08;M;Standard;1;0;100;Card;Dota 2;;0
SESS-11816;2026-08-14 16:46:17;USR-1737;2011-01-14;M;Bootcamp;1;0;150;App;Deadlock;;0
SESS-10610;2026-08-01 15:46:09;USR-1014;2012-10-25;M;Bootcamp;3;336;405;App;CS2;;1
SESS-13685;2026-08-20 15:05:11;USR-1113;2007-12-03;F;VIP;2;0;400;App;CS2;4.5;0
SESS-10532;2026-08-10 15:37:19;USR-1557;2003-09-27;M;Standard;4;0;360;Card;CS2;;1
SESS-11803;2026-08-23 20:54:53;USR-1671;2008-07-25;M;Bootcamp;2;0;300;Card;CS2;;0
SESS-12017;2026-08-15 14:54:21;USR-1233;2006-08-20;M;VIP;2;310;400;App;CS2;4.5;0
SESS-12752;2026-08-10 00:55:12;USR-1033;2003-12-13;M;Standard;12;2688;1080;App;Dota 2;4.0;1
SESS-10017;2026-08-12 18:19:20;USR-1004;2010-05-15;F;Standard;2;0;200;App;CS2;;0
SESS-10731;2026-08-16 17:52:21;USR-1655;1992-07-02;M;Bootcamp;2;390;300;Card;Cyberpunk 2077;4.0;0
SESS-11571;2026-08-16 19:04:37;USR-1297;2002-03-08;M;VIP;2;400;400;Card;Dota 2;4.5;0
SESS-14373;2026-08-30 20:09:30;USR-1058;2012-06-28;M;VIP;3;0;600;App;Dota 2;4.5;0
SESS-13792;2026-08-25 14:24:52;USR-1084;2009-10-18;M;Standard;2;0;200;App;Minecraft;;0
SESS-13628;2026-08-08 19:51:25;USR-1157;2009-01-09;M;Standard;1;40;100;Card;Minecraft;4.0;0
SESS-15475;2026-08-02 01:20:52;USR-1068;2005-02-06;F;Standard;12;960;1200;Card;GTA V;;0
SESS-12203;2026-08-16 14:52:15;USR-1209;2011-08-10;F;Bootcamp;1;0;150;Cash;Apex Legends;4.0;0
SESS-13206;2026-08-27 20:24:22;USR-1231;2004-08-22;F;Standard;4;480;400;Card;Deadlock;;0
SESS-10782;2026-08-17 09:15:11;USR-1728;2012-01-22;M;Standard;2;0;200;App;CS2;;0
SESS-12293;2026-08-07 10:14:52;USR-1044;2006-08-14;F;Standard;2;0;200;App;Minecraft;;0
SESS-15023;2026-08-22 21:01:16;USR-1191;2011-05-01;M;VIP;1;0;200;Card;Minecraft;4.5;0
SESS-15511;2026-08-11 21:04:40;USR-1044;2006-08-14;F;Standard;2;240;200;Card;CS2;;0
SESS-15199;2026-08-24 22:47:28;USR-1587;2005-03-27;M;VIP;5;0;900;Card;Deadlock;4.0;1
SESS-15499;2026-08-01 18:53:59;USR-1429;2007-06-27;M;Standard;1;120;100;Card;Dota 2;;0
SESS-11787;2026-08-15 18:32:06;USR-1279;2009-11-19;M;Bootcamp;2;160;300;Cash;Minecraft;5.0;0
SESS-13163;2026-08-04 18:49:04;USR-1460;2002-07-15;F;Standard;3;480;300;App;Dota 2;4.5;0
SESS-11763;2026-08-29 00:12:18;USR-1028;2002-05-19;M;Standard;12;0;1200;App;Dota 2;5.0;0
SESS-13456;2026-08-03 19:01:05;USR-1107;1996-01-10;F;Bootcamp;2;390;300;Card;Cyberpunk 2077;;0
SESS-12441;2026-08-31 10:32:11;USR-1028;2002-05-19;M;Bootcamp;1;270;150;App;Valorant;;0
SESS-10698;2026-08-09 16:50:36;USR-1345;2008-10-04;M;Standard;2;0;180;Card;CS2;2.0;1
SESS-14629;2026-08-20 18:50:15;USR-1211;2010-02-27;M;VIP;1;40;200;Cash;Dota 2;4.0;0
SESS-11095;2026-08-01 05:38:27;USR-1717;1997-03-19;M;PS5;2;0;500;App;Deadlock;;0
SESS-10655;2026-08-11 18:15:04;USR-1444;2003-11-22;M;VIP;2;560;360;App;CS2;;1
SESS-10971;2026-08-28 14:38:45;USR-1780;2008-08-13;M;Standard;1;0;100;App;Dota 2;;0
SESS-13132;2026-08-24 18:24:15;USR-1459;2005-03-12;M;Standard;4;320;400;Card;Dota 2;;0
SESS-13143;2026-08-22 22:37:00;USR-1180;2006-07-09;M;Standard;8;1792;720;Card;Deadlock;4.0;1
SESS-12455;2026-08-06 17:29:48;USR-1146;2006-03-03;M;Bootcamp;1;310;150;App;CS2;;0
SESS-15498;2026-08-08 18:53:22;USR-1745;2001-05-01;M;VIP;2;0;400;App;CS2;;0
SESS-13835;2026-08-05 11:13:37;USR-1275;2008-09-04;M;Standard;5;800;500;Card;Apex Legends;;0
SESS-11320;2026-08-19 18:43:03;USR-1064;2003-01-04;F;PS5;1;120;250;Card;Dota 2;;0
SESS-12348;2026-08-22 13:37:15;USR-1036;2011-02-07;M;VIP ;2;0;200;App;CS2;;0
SESS-12435;2026-08-15 12:21:38;USR-1089;2009-09-24;M;Standard;2;120;200;App;Dota 2;1.0;0
SESS-11953;2026-08-22 22:24:48;USR-1747;2011-03-20;M;Standard;12;0;1080;App;Valorant;4.0;1
SESS-14514;2026-08-15 11:49:42;USR-1738;1999-03-01;M;Bootcamp;5;900;750;Card;Browser/Work;;0
SESS-10470;2026-08-02 21:59:16;USR-1490;2005-04-09;F;Standard;2;336;180;Cash;Dota 2;5.0;1
SESS-14313;2026-08-10 11:30:41;USR-1525;2003-09-24;M;Standard;5;400;500;Cash;Deadlock;4.0;0
SESS-14578;2026-08-09 17:14:11;USR-1041;2008-02-09;M;Standard;2;0;200;Card;Valorant;;0
SESS-12889;2026-08-23 19:55:00;USR-1088;2004-02-01;M;Bootcamp;3;616;405;App;CS2;;1
SESS-12045;2026-08-08 20:21:21;USR-1661;2006-10-22;M;PS5;3;503;675;App;Valorant;5.0;1
SESS-12893;2026-08-16 19:30:36;USR-1104;2004-02-10;F;Standard;4;0;360;Cash;Deadlock;;1
SESS-13815;2026-08-30 18:23:37;USR-1661;2006-10-22;M;Standard;2;160;200;Card;Apex Legends;4.0;0
SESS-10467;2026-08-04 06:46:36;USR-1464;1993-12-18;M;Standard;1;350;90;Card;Dota 2;;1
SESS-11149;2026-08-28 11:14:30;USR-1007;2006-10-02;M;VIP;2;0;400;Card;Dota 2;;0
SESS-14605;2026-08-07 20:59:43;USR-1088;2004-02-01;M;VIP;5;750;1000;Card;Deadlock;4.5;0
SESS-12301;2026-08-10 20:57:29;USR-1533;1993-12-28;M;Standard;1;120;100;Card;Dota 2;;0
SESS-14715;2026-08-01 17:18:08;USR-1268;2006-06-13;M;Bootcamp;2;0;300;Card;Dota 2;;0
SESS-12879;2026-08-24 18:23:05;USR-1478;2002-12-04;M;Standard;2;320;200;Card;Apex Legends;;0
SESS-10100;2026-08-04 11:36:21;USR-1163;2006-10-14;M;PS5;2;0;450;Card;CS2;;1
SESS-13961;2026-08-14 12:37:52;USR-1125;2011-08-05;M;Standard;1;0;100;App;Valorant;;0
SESS-13751;2026-08-26 18:06:22;USR-1330;2005-05-26;M;Standard;3;480;300;Card;CS2;4.5;0
SESS-12717;2026-08-31 19:06:12;USR-1020;2010-04-19;M;VIP;1;40;200;Cash;Apex Legends;;0
SESS-14301;2026-08-08 09:51:59;USR-1019;1998-11-10;M;VIP;2;540;400;App;CS2;5.0;0
SESS-12859;2026-08-22 19:31:08;USR-1000;2006-02-16;M;Bootcamp;5;951;675;Card;Dota 2;4.5;1
SESS-10528;2026-08-18 19:23:31;USR-1136;2010-11-02;M;Bootcamp;2;0;300;App;CS2;3.0;0
SESS-14603;2026-08-15 21:11:48;USR-1155;2012-05-12;F;Standard;2;120;200;Cash;CS2;;0
SESS-15078;2026-08-28 21:44:51;USR-1007;2006-10-02;M;Bootcamp;4;0;540;Card;CS2;4.0;1
SESS-11181;2026-08-13 19:32:44;USR-1287;2005-03-11;M;PS5;3;672;675;Card;Valorant;;1
SESS-11227;2026-08-17 15:48:27;USR-1166;2005-01-13;M;Standard;1;0;100;Card;CS2;;0
SESS-14420;2026-08-07 16:32:45;USR-1040;1991-09-28;M;PS5;3;1260;675;Card;Cyberpunk 2077;;1
SESS-12685;2026-08-16 15:13:56;USR-1634;2005-10-14;м;Bootcamp;2;320;300;Card;Dota 2;;0
SESS-10776;2026-08-25 22:29:32;USR-1120;2010-01-22;F;Standard;8;0;720;App;CS2;4.0;1
SESS-14189;2026-08-17 15:15:20;USR-1236;2009-12-09;M;Standard;2;0;200;App;Apex Legends;;0
SESS-14483;2026-08-29 21:37:01;USR-1459;2005-03-12;M;Standard;5;0;500;App;CS2;4.0;0
SESS-13065;2026-08-22 21:29:30;USR-1012;2003-04-12;F;Standard;3;0;300;App;Dota 2;;0
SESS-13708;2026-08-06 18:02:34;USR-1023;2005-11-18;F;Standard;2;320;200;Card;CS2;;0
SESS-14303;2026-08-13 01:00:12;USR-1705;2009-02-04;M;Standard;12;0;1080;Cash;Apex Legends;4.5;1
SESS-12100;2026-08-08 20:33:42;USR-1264;1992-11-21;M;Standard;4;1000;400;App;Dota 2;4.5;0
SESS-11167;2026-08-04 12:08:41;USR-1273;2009-02-12;M;Standard;2;120;200;Cash;Valorant;5.0;0
SESS-13191;2026-08-24 00:38:48;USR-1396;2006-01-08;M;VIP;5;950;1000;Card;Dota 2;;0
SESS-12373;2026-08-14 21:52:11;USR-1669;2005-08-01;M;Standard;8;0;800;Card;Deadlock;;0
SESS-10710;2026-08-20 22:41:19;USR-1566;2005-10-24;M;Standard;5;0;500;App;Valorant;;0
SESS-15037;2026-08-03 21:25:37;USR-1251;2006-04-10;M;VIP;3;0;600;Card;Dota 2;;0
SESS-12764;2026-08-04 21:44:28;USR-1170;2011-03-12;M; Bootcamp ;2;0;200;Card;CS2;;0
SESS-14305;2026-08-13 20:48:29;USR-1069;2004-11-11;M;PS5;1;0;250;Card;Dota 2;5.0;0
SESS-11305;2026-08-27 12:37:17;USR-1090;2010-09-06;M;VIP;5;0;1000;App;Minecraft;4.0;0
SESS-14496;2026-08-15 07:54:17;USR-1213;2008-08-22;M;Standard;2;0;200;Card;Dota 2;;0
SESS-13195;2026-08-04 07:10:11;USR-1787;1996-04-17;M;VIP;2;0;400;Card;GTA V;5.0;0
SESS-13194;2026-08-25 15:33:37;USR-1758;2012-09-07;M;Bootcamp;3;251;405;Cash;Minecraft;5.0;1
SESS-12256;2026-08-27 17:41:24;USR-1130;2010-12-28;M;Standard;1;80;100;App;CS2;;0
SESS-11840;2026-08-02 00:05:36;USR-1210;2007-11-18;M;Standard;8;0;800;Card;CS2;;0
SESS-11395;2026-08-29 20:30:17;USR-1777;2006-06-14;M;Standard;1;0;100;Card;GTA V;;0
SESS-13951;2026-08-01 15:55:25;USR-1551;2010-10-13;M;Standard;2;0;200;App;Minecraft;;0
SESS-15345;2026-08-13 09:23:51;USR-1129;1997-03-27;M;VIP;3;1470;540;Card;CS2;;1
SESS-15381;2026-08-14 15:26:09;USR-1445;2005-01-26;M;Standard;5;1120;450;App;CS2;5.0;1
SESS-15036;2026-08-17 17:58:30;USR-1772;2011-04-12;M;Bootcamp;1;0;150;Cash;CS2;;0
SESS-10496;2026-08-13 09:08:00;USR-1139;2004-06-17;M;Bootcamp;3;630;450;Card;Dota 2;4.5;0
SESS-10489;2026-08-30 23:05:55;USR-1115;2011-04-23;M;Standard;8;640;800;App;CS2;;0
SESS-12855;2026-08-01 15:35:49;USR-1062;2008-06-27;F;Standard;5;600;500;Card;Dota 2;;0
SESS-12904;2026-08-15 17:34:40;USR-1735;2012-06-01;M;Standard;2;0;200;App;Valorant;4.0;0
SESS-11182;2026-08-30 20:42:27;USR-1764;2000-04-05;M;VIP;2;0;400;App;Cyberpunk 2077;;0
SESS-11985;2026-08-13 19:30:26;USR-1037;2008-10-15;M;Bootcamp;1;0;150;Card;Dota 2;4.0;0
SESS-13302;2026-08-22 22:55:01;USR-1506;2003-04-14;M;PS5;8;960;2000;Card;CS2;5.0;0
SESS-15507;2026-08-26 07:51:31;USR-1722;2006-05-27;F;PS5;3;0;750;Card;Deadlock;;0
SESS-11561;2026-08-17 18:21:12;USR-1469;2008-07-09;F;PS5;4;0;1000;App;CS2;;0
SESS-15185;2026-08-21 15:24:35;USR-1631;1989-08-11;M;PS5;3;0;675;Card;CS2;;1
SESS-15279;2026-08-05 09:24:38;USR-1224;2003-10-13;M;VIP;3;0;600;Card;CS2;;0
SESS-10392;2026-08-24 20:41:26;USR-1050;2004-06-28;M;Standard;1;112;90;App;Valorant;;1
SESS-14295;2026-08-01 21:22:51;USR-1682;2009-01-13;M;Standard;1;0;100;App;Minecraft;;0
SESS-15410;2026-08-17 12:41:19;USR-1178;2008-07-23;M;Standard;1;160;100;Card;CS2;;0
SESS-10012;2026-08-08 19:57:36;USR-1744;1996-05-27;F;Standard;1;0;100;App;Cyberpunk 2077;;0
SESS-12819;2026-08-02 14:14:23;USR-1108;1998-04-14;M;PS5;2;800;500;Card;Browser/Work;4.0;0
SESS-11933;2026-08-03 13:32:55;USR-1413;2005-03-08;M;Standard;2;320;200;Card;CS2;;0
SESS-10991;2026-08-18 11:42:14;USR-1581;2001-09-25;F;Standard;2;240;200;Cash;Dota 2;;0
SESS-10401;2026-08-14 19:10:41;USR-1243;2006-04-18;F;VIP;8;1040;1600;App;Deadlock;;0
SESS-12001;2026-08-22 17:51:06;USR-1085;2011-03-10;M;Standard;3;0;300;Cash;CS2;;0
SESS-11584;2026-08-20 05:37:21;USR-1248;2004-09-25;M;PS5;3;0;750;App;CS2;;0
SESS-12714;2026-08-18 16:11:16;USR-1149;1994-08-11;M;VIP;2;0;400;Card;GTA V;4.0;0
SESS-14001;2026-08-08 14:06:48;USR-1180;2006-07-09;M;Bootcamp;3;0;450;Card;GTA V;3.0;0
SESS-14217;2026-08-05 19:25:08;USR-1297;2002-03-08;M;Standard;4;640;400;Card;Valorant;;0
SESS-13004;2026-08-11 15:13:24;USR-1242;1999-09-23;M;Bootcamp;4;1092;540;App;Cyberpunk 2077;;1
SESS-14956;2026-08-26 20:43:38;USR-1485;2007-07-02;F;Standard;1;160;100;Card;GTA V;;0
SESS-10343;2026-08-17 17:03:39;USR-1007;2006-10-02;M;VIP;1;0;200;Card;Dota 2;5.0;0
SESS-10362;2026-08-11 19:19:52;USR-1119;2005-11-03;M;VIP;3;448;540;Card;Apex Legends;1.0;1
SESS-12304;2026-08-15 22:00:41;USR-1441;2001-03-23;M;Standard;8;640;800;Card;CS2;4.0;0
SESS-11323;2026-08-18 23:05:51;USR-1144;2001-08-15;M;Bootcamp;12;0;1800;Card;Deadlock;;0
SESS-11312;2026-08-24 13:48:29;USR-1788;2007-05-14;M;Bootcamp;2;320;300;Card;Valorant;;0
SESS-15067;2026-08-18 02:00:22;USR-1675;2004-10-24;M;Bootcamp;8;1456;1080;App;Minecraft;4.0;1
SESS-11244;2026-08-12 20:45:34;USR-1645;2006-12-09;M;Bootcamp;8;1554;1080;Card;Minecraft;;1
SESS-15564;2026-08-30 12:41:30;USR-1558;2011-10-06;M;Standard;2;0;200;App;Minecraft;2.0;0
SESS-14504;2026-08-06 05:55:37;USR-1536;2006-09-10;M;Bootcamp;1;0;150;Card;Dota 2;;0
SESS-14867;2026-08-14 09:18:22;USR-1073;2001-05-02;M;Standard;2;336;180;Card;CS2;;1
SESS-12989;2026-08-07 21:15:46;USR-1524;2005-07-06;M;Bootcamp;2;310;300;Card;CS2;;0
SESS-14235;2026-08-09 10:43:35;USR-1079;2003-06-06;M;Standard;2;0;200;Card;Dota 2;2.0;0
SESS-14542;2026-08-30 14:25:16;USR-1443;2007-09-13;M;Bootcamp;1;0;150;Card;Dota 2;;0
SESS-12713;2026-08-09 14:54:11;USR-1551;2010-10-13;M;Standard;4;0;400;Cash;Minecraft;4.0;0
SESS-11592;2026-08-25 17:48:50;USR-1325;2010-11-01;M;Standard;2;0;200;App;Minecraft;;0
SESS-15103;2026-08-28 17:13:03;USR-1136;2010-11-02;M;Standard;12;672;1080;Cash;CS2;1.0;1
SESS-10986;2026-08-16 18:38:39;USR-1118;2012-06-26;M;Standard;5;0;450;App;Valorant;3.0;1
SESS-14192;2026-08-24 18:43:57;USR-1743;2001-10-26;M;Standard;2;320;200;Card;GTA V;4.5;0
SESS-12340;2026-08-07 22:30:19;USR-1127;2011-07-10;M;Standard;5;0;500;Card;CS2;;0
SESS-12457;2026-08-22 18:48:44;USR-1007;2006-10-02;M;Standard;2;160;200;Cash;CS2;5.0;0
SESS-11570;2026-08-31 03:14:14;USR-1641;2001-10-10;M;Standard;2;0;200;Card;Deadlock;4.5;0
SESS-11633;2026-08-02 21:59:02;USR-1048;2012-07-10;F;Bootcamp;1;0;150;Cash;CS2;;0
SESS-13642;2026-08-28 15:55:51;USR-1023;2005-11-18;F;VIP;8;1554;1440;App;CS2;4.5;1
SESS-12488;2026-08-12 16:40:38;USR-1103;2010-04-23;M;Bootcamp;3;0;450;App;Deadlock;;0
SESS-12319;2026-08-08 19:47:16;USR-1111;2012-11-21;M;VIP;2;160;400;Cash;Minecraft;;0
SESS-15251;2026-08-30 16:19:46;USR-1527;2005-07-19;M;Standard;2;160;200;App;CS2;4.0;0
SESS-15394;2026-08-28 16:47:46;USR-1146;2006-03-03;M;Standard;3;503;270;Card;CS2;;1
SESS-13548;2026-08-29 17:29:23;USR-1139;2004-06-17;M;Standard;3;360;300;Card;CS2;4.0;0
SESS-12632;2026-08-07 17:08:23;USR-1373;2005-07-27;M;Standard;3;672;270;Card;Deadlock;4.5;1
SESS-11837;2026-08-19 20:00:44;USR-1422;2003-07-09;M;Standard;5;400;500;App;Apex Legends;4.5;0
SESS-13474;2026-08-01 19:13:09;USR-1660;2001-06-14;F;Standard;1;160;100;App;CS2;;0
SESS-14807;2026-08-14 11:28:37;USR-1103;2010-04-23;M;Standard;3;168;270;App;Valorant;;1
SESS-13795;2026-08-01 18:33:10;USR-1407;2010-07-26;M;Standard;3;0;300;App;CS2;4.5;0
SESS-14790;2026-08-20 15:30:17;USR-1032;2007-01-28;M;Bootcamp;2;400;300;App;Dota 2;;0
SESS-12662;2026-08-22 21:01:26;USR-1445;2005-01-26;M;PS5;1;0;250;Card;Valorant;;0
SESS-11957;2026-08-28 15:38:38;USR-1083;2012-04-25;M;Bootcamp;2;120;300;App;Dota 2;4.5;0
SESS-14623;2026-08-30 14:07:39;USR-1046;2009-05-04;M;Standard;1;0;100;Card;CS2;;0
SESS-12806;2026-08-06 14:52:48;USR-1618;2004-03-02;M;VIP;2;0;400;Card;CS2;;0
SESS-12015;2026-08-26 15:44:39;USR-1189;2010-03-07;M;Standard;3;0;300;Card;CS2;;0
SESS-12263;2026-08-24 12:54:21;USR-1425;2006-09-02;M;VIP;1;270;200;Card;Dota 2;4.5;0
SESS-14182;2026-08-30 16:19:49;USR-1225;2007-10-25;M;PS5;5;800;1250;App;Dota 2;4.5;0
SESS-10348;2026-08-19 20:05:27;USR-1104;2004-02-10;F;Bootcamp;2;0;300;App;Dota 2;;0
SESS-10721;2026-08-26 19:53:53;USR-1444;2003-11-22;M;VIP;5;880;1000;Card;Deadlock;5.0;0
SESS-10138;2026-08-21 14:48:29;USR-1052;2007-09-02;M;Bootcamp;2;0;300;Card;CS2;;0
SESS-15544;2026-08-12 17:07:28;USR-1023;2005-11-18;F;Standard;1;0;90;Card;CS2;;1
SESS-10182;2026-08-08 17:56:06;USR-1030;2007-05-18;M;Bootcamp;1;0;150;App;Dota 2;;0
SESS-10020;2026-08-22 15:29:34;USR-1582;2002-04-03;F;Standard;4;672;360;Card;Dota 2;4.0;1
SESS-12093;2026-08-11 17:19:19;USR-1541;2006-04-27;M;PS5;1;120;250;Card;CS2;;0
SESS-13601;2026-08-10 17:11:16;USR-1104;2004-02-10;F;Standard;2;0;200;Card;Dota 2;;0
SESS-15396;2026-08-31 14:22:15;USR-1270;2005-11-27;M;Standard;2;0;200;App;CS2;;0
SESS-14353;2026-08-28 15:44:09;USR-1108;1998-04-14;M;Bootcamp;4;1300;600;Card;Deadlock;;0
SESS-10867;2026-08-23 17:34:14;USR-1080;2010-03-26;M;PS5;2;0;500;Cash;Minecraft;5.0;0
SESS-11480;2026-08-09 21:53:56;USR-1488;2004-11-20;M;Standard;2;0;200;App;GTA V;;0
SESS-13562;2026-08-03 20:22:14;USR-1342;1997-11-19;M;VIP;4;0;800;Card;Dota 2;;0
SESS-13524;2026-08-10 21:54:45;USR-1094;1994-08-05;M;VIP;1;550;200;App;GTA V;5.0;0
SESS-13420;2026-08-25 23:09:08;USR-1743;2001-10-26;M;VIP;12;2226;2160;Card;Deadlock;5.0;1
SESS-11120;2026-08-30 18:56:51;USR-1218;1995-08-10;M;PS5;2;800;500;App;Browser/Work;;0
SESS-11462;2026-08-22 12:09:48;USR-1348;2003-03-16;M;Standard;3;503;270;Card;Dota 2;5.0;1
SESS-10744;2026-08-22 23:52:28;USR-1600;2006-05-25;F;Standard;2;0;200;App;Valorant;;0
SESS-11774;2026-08-08 18:15:13;USR-1422;2003-07-09;M;Standard;2;160;200;App;Dota 2;;0
SESS-11205;2026-08-08 23:34:13;USR-1506;2003-04-14;M;Standard;8;0;800;App;Dota 2;;0
SESS-12328;2026-08-28 12:59:23;USR-1002;2001-09-28;F;Standard;2;160;200;Card;CS2;4.0;0
SESS-11523;2026-08-19 22:24:37;USR-1608;2006-03-14;M;Standard;8;1280;800;Card;CS2;4.5;0
SESS-13926;2026-08-09 07:43:11;USR-1034;2011-05-20;F;Standard;2;112;180;App;Minecraft;4.5;1
SESS-14519;2026-08-29 18:04:12;USR-1326;1999-02-11;M;VIP;1;400;200;App;CS2;;0
SESS-12908;2026-08-29 20:19:22;USR-1330;2005-05-26;M;VIP;4;0;720;App;Dota 2;4.5;1
SESS-11883;2026-08-20 20:48:20;USR-1319;2012-08-24;M;Bootcamp;1;80;150;Cash;CS2;;0
SESS-11487;2026-08-21 20:53:29;USR-1547;2010-04-05;M;Standard;1;40;100;Card;Valorant;4.5;0
SESS-12118;2026-08-20 16:52:19;USR-1302;2005-05-13;F;Bootcamp;1;0;150;App;Valorant;;0
SESS-11187;2026-08-04 17:22:19;USR-1771;2008-11-02;M;Standard;2;240;200;Cash;Cyberpunk 2077;;0
SESS-12329;2026-08-03 22:31:57;USR-1035;2005-10-21;M;PS5;5;0;1250;App;Dota 2;;0
SESS-12726;2026-08-28 10:31:33;USR-1602;1994-01-19;M;VIP;4;1150;800;App;CS2;;0
SESS-15002;2026-08-13 18:19:34;USR-1110;2004-06-14;M;Standard;3;360;300;Card;Dota 2;3.0;0
SESS-15343;2026-08-23 00:04:34;USR-1133;2010-07-11;M;PS5;8;0;2000;App;Minecraft;5.0;0
SESS-11293;2026-08-05 17:45:21;USR-1438;2010-05-10;M;Standard;1;40;100;App;Minecraft;;0
SESS-13458;2026-08-21 12:23:44;USR-1287;2005-03-11;M;Bootcamp;3;320;450;Card;CS2;;0
SESS-13253;2026-08-17 15:36:56;USR-1530;2011-02-18;M;Standard;4;0;360;App;Deadlock;;1
SESS-11348;2026-08-08 13:06:19;USR-1449;2011-12-11;M;Standard;3;180;300;App;CS2;4.5;0
SESS-10010;2026-08-23 14:50:07;USR-1131;2008-12-05;F;Bootcamp;2;0;300;Card;CS2;;0
SESS-12491;2026-08-27 14:25:09;USR-1073;2001-05-02;M;PS5;3;0;675;Card;CS2;;1
SESS-12200;2026-08-13 20:18:19;USR-1000;2006-02-16;M;VIP;3;0;540;Cash;Valorant;;1
SESS-10495;2026-08-08 18:22:29;USR-1080;2010-03-26;M;Standard;2;0;200;Card;Minecraft;;0
SESS-10723;2026-08-01 19:33:05;USR-1197;2004-05-01;M;Standard;2;0;200;Card;Valorant;;0
SESS-12929;2026-08-24 07:13:31;USR-1646;2007-07-19;M;Bootcamp;3;390;450;Card;Apex Legends;;0
SESS-11014;2026-08-02 21:12:45;USR-1147;2002-10-26;M;VIP;4;400;800;Card;Dota 2;5.0;0
SESS-15579;2026-08-23 12:47:15;USR-1286;2012-07-21;M;Standard;2;224;180;App;Deadlock;;1
SESS-13427;2026-08-13 18:31:26;USR-1139;2004-06-17;M;VIP;2;0;400;Card;Minecraft;5.0;0
SESS-12336;2026-08-24 16:38:27;USR-1041;2008-02-09;M;Bootcamp;2;0;300;App;PUBG;;0
SESS-14281;2026-08-09 17:31:58;USR-1637;1999-10-03;M;Bootcamp;5;2170;675;Card;CS2;4.5;1
SESS-11636;2026-08-29 11:08:53;USR-1124;2004-10-22;M;Standard;2;0;180;App;Dota 2;;1
SESS-13202;2026-08-06 23:40:56;USR-1461;2010-10-19;M;Standard;5;0;500;App;Minecraft;4.0;0
SESS-13545;2026-08-31 14:55:50;USR-1116;2006-02-02;M;Bootcamp;1;0;150;Cash;Valorant;;0
SESS-13659;2026-08-15 21:42:17;USR-1551;2010-10-13;M;Standard;3;180;300;Cash;Valorant;4.5;0
SESS-10180;2026-08-28 18:21:13;USR-1441;2001-03-23;M;VIP;1;0;200;App;Apex Legends;;0
SESS-12712;2026-08-07 15:20:43;USR-1216;1990-03-19;M;PS5;1;0;250;Card;CS2;;0
SESS-12000;2026-08-31 11:25:45;USR-1119;2005-11-03;M;Standard;3;336;270;Card;CS2;4.5;1
SESS-10715;2026-08-09 19:09:07;USR-1429;2007-06-27;M;Bootcamp;3;0;450;App;PUBG;4.0;0
SESS-10798;2026-08-15 14:57:10;USR-1092;2011-05-01;M;Standard;2;0;200;App;CS2;;0
SESS-15289;2026-08-07 17:04:23;USR-1132;2010-11-05;M;Standard;3;0;300;Cash;Dota 2;;0
SESS-12960;2026-08-29 19:06:59;USR-1620;2012-12-05;M;Standard;2;0;200;Cash;Valorant;;0
SESS-14595;2026-08-21 09:54:22;USR-1481;2005-06-02;F;Standard;4;0;360;App;Valorant;;1
SESS-11685;2026-08-15 19:29:51;USR-1333;2011-09-03;M;Standard;2;160;200;App;Dota 2;;0
SESS-15372;2026-08-29 20:40:20;USR-1007;2006-10-02;M;Bootcamp;2;240;300;App;Dota 2;4.5;0
SESS-12238;2026-08-23 17:37:54;USR-1247;2007-11-19;F;Bootcamp;2;0;300;App;CS2;;0
SESS-12962;2026-08-09 19:41:45;USR-1233;2006-08-20;M;Standard;1;0;100;Card;Deadlock;;0
SESS-13683;2026-08-28 08:27:24;USR-1277;1995-03-23;M;VIP;1;560;180;Card;Dota 2;5.0;1
SESS-13744;2026-08-28 18:44:57;USR-1099;2006-06-02;M;Standard;4;672;360;Card;CS2;;1
SESS-14239;2026-08-30 14:36:54;USR-1288;2006-12-23;F;Bootcamp;1;310;150;App;CS2;4.0;0
SESS-13941;2026-08-20 19:00:32;USR-1732;2004-01-01;F;VIP;3;0;600;Card;Valorant;;0
SESS-11141;2026-08-17 16:13:50;USR-1140;2008-01-12;M;Standard;1;80;100;Card;Dota 2;5.0;0
SESS-14961;2026-08-02 11:36:39;USR-1191;2011-05-01;M;Standard;2;120;200;Cash;CS2;;0
SESS-13404;2026-08-21 00:31:44;USR-1009;2001-06-04;M;Standard;8;0;800;Card;CS2;4.0;0
SESS-10056;2026-08-10 19:50:32;USR-1340;2011-07-19;M;Standard;4;0;400;App;CS2;3.0;0
SESS-10381;2026-08-11 15:23:09;USR-1224;2003-10-13;M;Standard;1;160;100;Card;CS2;5.0;0
SESS-12753;2026-08-12 00:20:21;USR-1481;2005-06-02;F;VIP;5;750;1000;App;Apex Legends;4.0;0
SESS-11445;2026-08-21 13:14:27;USR-1339;2006-10-23;M;Standard;2;160;200;Card;Dota 2;4.0;0
SESS-12724;2026-08-05 22:43:42;USR-1588;2006-08-03;M;Standard;12;0;1200;Card;CS2;;0
SESS-14224;2026-08-22 21:33:23;USR-1156;2008-07-22;M;Standard;3;480;300;Card;Dota 2;4.0;0
SESS-11010;2026-08-16 19:25:01;USR-1612;1999-07-17;M;VIP;2;660;400;Card;PUBG;4.5;0
SESS-12624;2026-08-15 18:16:15;USR-1120;2010-01-22;F;PS5;4;320;1000;App;Valorant;4.0;0
SESS-12429;2026-08-26 12:42:32;USR-1015;2006-01-06;M;Bootcamp;2;310;300;Card;CS2;;0
SESS-13048;2026-08-21 14:05:02;USR-1452;2007-02-14;M;PS5;2;448;450;Card;CS2;4.0;1
SESS-12024;2026-08-16 18:50:15;USR-1036;2011-02-07;M;Standard;2;80;200;App;Dota 2;3.0;0
SESS-15355;2026-08-04 12:32:34;USR-1560;2002-04-01;M;Standard;1;0;100;Card;Deadlock;;0
SESS-10566;2026-08-08 17:37:48;USR-1100;2006-07-26;F;Standard;1;0;100;Card;Minecraft;;0
SESS-14832;2026-08-15 19:21:15;USR-1035;2005-10-21;M;VIP;3;714;540;Card;Valorant;;1
SESS-12067;2026-08-18 17:52:03;USR-1118;2012-06-26;M;VIP;1;84;180;Card;CS2;;1
SESS-12465;2026-08-29 11:39:38;USR-1128;1997-08-27;M;PS5;2;390;500;Card;Dota 2;;0
SESS-13067;2026-08-31 10:49:44;USR-1136;2010-11-02;M;Standard;3;0;270;Card;Minecraft;;1
SESS-13483;2026-08-19 02:44:04;USR-1118;2012-06-26;M;Standard;4;240;400;App;Dota 2;;0
SESS-13462;2026-08-02 23:02:58;USR-1293;2009-09-01;M;Bootcamp;5;0;750;Cash;CS2;;0
SESS-14067;2026-08-10 15:41:03;USR-1527;2005-07-19;M;VIP;2;0;400;App;CS2;;0
SESS-10699;2026-08-28 17:06:01;USR-1106;2008-02-13;M;Standard;2;0;200;App;Valorant;4.0;0
SESS-14366;2026-08-12 16:38:26;USR-1509;1997-11-13;M;PS5;3;0;675;Card;PUBG;5.0;1
SESS-13664;2026-08-22 14:57:28;USR-1554;1999-07-05;M;PS5;3;510;750;App;CS2;4.5;0
SESS-13368;2026-08-09 13:12:02;USR-1041;2008-02-09;M;Bootcamp;2;400;300;Card;Dota 2;4.0;0
SESS-10293;2026-08-08 17:53:30;USR-1562;2004-03-28;M;Standard;8;640;800;Card;CS2;4.5;0
SESS-13779;2026-08-05 21:16:26;USR-1563;2006-04-06;M;Bootcamp;2;310;300;App;Deadlock;4.0;0
SESS-13931;2026-08-29 21:39:02;USR-1661;2006-10-22;M;Standard;3;672;270;App;Deadlock;4.5;1
SESS-14412;2026-08-07 11:58:12;USR-1119;2005-11-03;M;Bootcamp;3;0;450;Card;Valorant;;0
SESS-11708;2026-08-21 17:29:07;USR-1415;2002-04-06;M;Standard;3;0;300;;Apex Legends;4.5;0
SESS-11194;2026-08-30 19:30:35;USR-1367;2011-05-14;M;Standard;1;0;100;Cash;Minecraft;;0
SESS-12996;2026-08-01 23:36:06;USR-1000;2006-02-16;M;Standard;8;0;800;Card;CS2;3.0;0
SESS-13178;2026-08-22 18:08:23;USR-1059;2003-11-06;F;Bootcamp;8;0;1200;Card;CS2;4.0;0
SESS-11795;2026-08-09 18:43:11;USR-1069;2004-11-11;M;Standard;3;672;270;App;CS2;5.0;1
SESS-13732;2026-08-24 15:27:50;USR-1748;2011-10-27;F;VIP;4;448;720;Cash;Deadlock;5.0;1
SESS-11249;2026-08-30 20:39:28;USR-1015;2006-01-06;M;Bootcamp;2;434;270;Card;Valorant;;1
SESS-12515;2026-08-10 22:31:06;USR-1361;2005-03-12;M;Standard;5;0;500;Card;Dota 2;4.5;0
SESS-11709;2026-08-11 15:08:27;USR-1399;2008-07-10;M;Standard;4;896;360;App;CS2;5.0;1
SESS-13493;2026-08-01 14:20:45;USR-1285;2010-09-09;M;Bootcamp;2;0;300;Card;CS2;5.0;0
SESS-14547;2026-08-22 15:41:41;USR-1340;2011-07-19;M;Standard;2;120;200;Cash;Dota 2;;0
SESS-14915;2026-08-09 02:16:27;USR-1794;2005-02-26;M;Standard;1;120;100;App;CS2;4.0;0
SESS-14511;2026-08-01 20:45:55;USR-1286;2012-07-21;M;Bootcamp;2;0;300;Cash;Minecraft;;0
SESS-11429;2026-08-15 11:12:01;USR-1262;2010-10-12;M;VIP;2;0;400;Cash;Minecraft;;0
SESS-15171;2026-08-10 20:22:43;USR-1103;2010-04-23;M;Standard;3;0;270;App;Valorant;;1
SESS-10340;2026-08-17 00:31:17;USR-1012;2003-04-12;F;VIP;2;0;400;Card;Apex Legends;;0
SESS-15161;2026-08-29 09:46:00;USR-1799;2004-04-02;M;Standard;1;120;100;Card;CS2;4.0;0
SESS-14357;2026-08-18 22:42:55;USR-1087;2002-08-16;F;Standard;2;0;200;Cash;CS2;;0
SESS-11257;2026-08-21 12:45:01;USR-1649;2009-07-12;M;Standard;2;0;200;Card;Minecraft;;0
SESS-10137;2026-08-21 14:10:09;USR-1748;2011-10-27;F;Standard;3;180;300;App;CS2;4.0;0
SESS-14231;2026-08-30 16:50:21;USR-1123;2012-08-03;F;Standard;1;0;100;App;Valorant;;0
SESS-10912;2026-08-26 19:12:59;USR-1462;2004-04-06;M;Standard;3;240;300;Card;Dota 2;;0
SESS-12645;2026-08-21 01:38:48;USR-1292;2004-12-04;F;PS5;5;560;1125;App;Valorant;5.0;1
SESS-13711;2026-08-02 23:39:47;USR-1422;2003-07-09;M;Bootcamp;12;0;1800;Card;CS2;;0
SESS-11714;2026-08-21 16:03:36;USR-1453;2003-01-16;M;VIP;2;390;400;Card;CS2;4.0;0
SESS-13417;2026-08-08 21:53:09;USR-1544;2011-12-09;F;Bootcamp;3;0;450;App;Dota 2;;0
SESS-10324;2026-08-01 16:34:46;USR-1696;2007-10-23;M;VIP;3;630;600;Card;CS2;5.0;0
SESS-10889;2026-08-05 18:33:03;USR-1699;1991-01-24;M;PS5;4;630;1000;Card;CS2;4.5;0
SESS-10909;2026-08-02 22:05:52;USR-1102;1998-08-23;M;Bootcamp;3;0;450;Card;Cyberpunk 2077;;0
SESS-11250;2026-08-14 13:25:37;USR-1115;2011-04-23;M;Standard;3;120;300;Cash;Deadlock;5.0;0
SESS-15304;2026-08-20 15:42:40;USR-1407;2010-07-26;M;Standard;2;160;200;Cash;Minecraft;;0
SESS-11979;2026-08-21 18:53:25;USR-1579;1996-09-19;M;VIP;2;0;400;App;CS2;4.0;0
SESS-12592;2026-08-04 16:13:44;USR-1625;2007-05-21;M;Bootcamp;12;1520;1800;App;Dota 2;;0
SESS-13407;2026-08-30 16:47:26;USR-1559;2006-09-22;M;Standard;12;0;1080;App;Apex Legends;;1
SESS-10478;2026-08-18 22:40:42;USR-1531;2004-12-26;M;Bootcamp;3;0;450;App;Valorant;;0
SESS-11272;2026-08-14 14:38:25;USR-1087;2002-08-16;F;Bootcamp;1;230;150;App;Valorant;4.0;0
SESS-14338;2026-08-14 11:42:08;USR-1208;1990-09-21;M;Standard;1;250;100;Card;Cyberpunk 2077;2.0;0
SESS-10729;2026-08-16 21:04:27;USR-1714;2003-09-23;M;VIP;1;160;200;App;Dota 2;;0
SESS-11376;2026-08-24 16:09:55;USR-1519;2001-10-14;M;Bootcamp;1;0;150;Card;Deadlock;4.5;0
SESS-12080;2026-08-04 19:46:19;USR-1427;2009-08-23;M;Standard;4;0;400;Card;Minecraft;;0
SESS-13183;2026-08-05 17:16:04;USR-1154;2007-03-12;M;Standard;4;0;400;Card;Valorant;4.5;0
SESS-12941;2026-08-01 22:16:44;USR-1013;2004-01-28;M;Standard;8;1280;800;Card;Deadlock;;0
SESS-15288;2026-08-29 15:04:53;USR-1726;2006-09-21;M;Standard;1;160;100;App;Dota 2;;0
SESS-11578;2026-08-31 13:08:52;USR-1671;2008-07-25;M;Standard;4;0;400;Cash;Dota 2;;0
SESS-12153;2026-08-22 20:11:17;USR-1430;2005-08-26;M;VIP;3;0;600;Card;Apex Legends;;0
SESS-14015;2026-08-30 00:26:16;USR-1262;2010-10-12;M;Standard;5;200;500;Cash;CS2;;0
SESS-14503;2026-08-21 09:27:29;USR-1412;2011-03-19;M;Bootcamp;8;672;1080;App;CS2;4.5;1
SESS-11104;2026-08-06 19:47:34;USR-1065;2008-04-06;M;Bootcamp;3;0;450;Card;Dota 2;;0
SESS-13561;2026-08-21 16:50:36;USR-1003;2004-05-26;M;Standard;2;0;200;Card;CS2;;0
SESS-13743;2026-08-31 21:33:57;USR-1751;2009-04-16;M;Standard;2;0;200;Cash;Valorant;;0
SESS-14772;2026-08-30 22:23:29;USR-1147;2002-10-26;M;Standard;5;0;500;App;CS2;4.0;0
SESS-14466;2026-08-25 10:32:23;USR-1111;2012-11-21;M;Standard;2;0;200;Cash;Dota 2;;0
SESS-14813;2026-08-04 20:01:37;USR-1046;2009-05-04;M;Standard;3;0;300;App;Dota 2;;0
SESS-11313;2026-08-26 18:30:08;USR-1044;2006-08-14;F;Standard;2;0;200;App;Dota 2;;0
SESS-15577;2026-08-22 13:43:18;USR-1643;2007-06-26;M;Standard;8;1280;800;Card;CS2;4.0;0
SESS-13347;2026-08-08 22:57:42;USR-1656;2009-06-12;M;Bootcamp;8;0;1200;Card;Valorant;3.0;0
SESS-11668;2026-08-23 13:45:25;USR-1112;2010-12-09;M;Bootcamp;2;112;270;App;Dota 2;;1
SESS-10923;2026-08-02 16:36:56;USR-1214;2010-04-09;м;VIP;8;320;1600;App;Valorant;4.0;0
SESS-11186;2026-08-02 16:51:41;USR-1145;2009-02-19;M;Standard;2;0;200;App;Valorant;;0
SESS-13216;2026-08-25 18:14:51;USR-1527;2005-07-19;M;VIP;2;400;400;Card;CS2;;0
SESS-14884;2026-08-07 09:07:18;USR-1269;1999-12-24;M;PS5;1;0;250;App;Cyberpunk 2077;;0
SESS-11640;2026-08-27 19:03:49;USR-1413;2005-03-08;M;Bootcamp;3;0;450;Card;CS2;4.0;0
SESS-14069;2026-08-18 12:02:59;USR-1124;2004-10-22;M;VIP;1;160;200;Card;Apex Legends;4.0;0
SESS-13874;2026-08-05 17:53:26;USR-1270;2005-11-27;M;Standard;3;480;300;Card;CS2;5.0;0
SESS-10842;2026-08-21 19:38:56;USR-1221;2008-04-08;M;Standard;4;0;400;Card;Dota 2;;0
SESS-12870;2026-08-02 13:15:56;USR-1561;2005-05-07;M;Standard;4;672;360;App;CS2;4.5;1
SESS-11744;2026-08-15 02:04:20;USR-1298;2010-06-02;F;VIP;4;448;720;Cash;Minecraft;4.5;1
SESS-15217;2026-08-03 19:56:54;USR-1106;2008-02-13;M;Bootcamp;3;630;450;Card;CS2;;0
SESS-12082;2026-08-14 20:33:28;USR-1264;1992-11-21;M;PS5;4;1610;900;Card;Cyberpunk 2077;;1
SESS-14591;2026-08-28 18:06:55;USR-1113;2007-12-03;F;Standard;2;0;200;Card;Valorant;3.0;0
SESS-12844;2026-08-05 20:23:33;USR-1201;2005-09-26;1;Standard;2;160;200;Card;Dota 2;;0
SESS-15409;2026-08-09 19:41:56;USR-1415;2002-04-06;M;Standard;3;0;300;App;Apex Legends;;0
SESS-14004;2026-08-23 13:24:05;USR-1492;2011-04-20;M;Standard;1;80;100;App;Valorant;;0
SESS-13204;2026-08-14 14:33:38;USR-1103;2010-04-23;M;Standard;2;160;200;Card;Minecraft;;0
SESS-11508;2026-08-27 14:17:38;USR-1759;2003-06-09;M;Standard;3;360;300;Card;CS2;3.0;0
SESS-11390;2026-08-11 12:31:16;USR-1554;1999-07-05;M;Standard;3;0;300;;Valorant;4.0;0
SESS-14245;2026-08-28 10:37:59;USR-1583;2011-06-19;F;Standard;5;0;450;Cash;Apex Legends;;1
SESS-10244;2026-08-01 17:05:37;USR-1641;2001-10-10;M;Standard;2;0;200;App;Valorant;4.5;0
SESS-14409;2026-08-31 20:20:47;USR-1167;2007-06-19;M;Standard;1;80;100;Card;CS2;;0
SESS-12965;2026-08-28 16:09:35;USR-1392;1993-02-27;M;VIP;4;1428;720;App;Dota 2;4.5;1
SESS-11879;2026-08-29 20:28:52;USR-1609;2000-03-20;F;VIP;1;400;200;App;CS2;4.0;0
SESS-12447;2026-08-22 17:44:14;USR-1000;2006-02-16;M;Standard;4;448;360;App;CS2;4.0;1
SESS-11377;2026-08-14 17:50:20;USR-1606;1994-05-14;M;Standard;1;120;100;Card;GTA V;;0
SESS-15391;2026-08-19 16:43:01;USR-1087;2002-08-16;F;Standard;12;0;1200;App;Dota 2;;0
SESS-12765;2026-08-09 17:34:12;USR-1558;2011-10-06;M;Standard;2;0;200;Cash;CS2;;0
SESS-10431;2026-08-12 12:44:49;USR-1452;2007-02-14;M;Standard;2;448;180;Card;Minecraft;5.0;1
SESS-11939;2026-08-25 13:19:33;USR-1178;2008-07-23;M;Standard;2;160;200;Card;CS2;2.0;0
SESS-12837;2026-08-24 19:09:14;USR-1379;2006-07-16;M;Standard;2;0;200;Cash;CS2;;0
SESS-12161;2026-08-30 21:08:17;USR-1765;1998-09-01;M;Standard;3;503;270;App;GTA V;;1
SESS-10437;2026-08-31 12:11:45;USR-1087;2002-08-16;F;Standard;2;0;200;Card;CS2;;0
SESS-12012;2026-08-07 19:58:08;USR-1014;2012-10-25;M;Standard;2;224;180;App;Valorant;;1
SESS-10692;2026-08-18 19:12:29;USR-1609;2000-03-20;F;VIP;1;0;200;Card;GTA V;4.0;0
SESS-10879;2026-08-23 23:43:45;USR-1128;1997-08-27;M;PS5;12;4410;2700;Card;GTA V;4.0;1
SESS-13500;2026-08-21 12:24:03;USR-1125;2011-08-05;M;Standard;2;168;180;Cash;Valorant;3.0;1
SESS-15532;2026-08-20 01:05:09;USR-1116;2006-02-02;M;PS5;3;240;750;App;Dota 2;;0
SESS-12155;2026-08-12 21:47:28;USR-1138;2005-01-08;M;VIP;3;616;540;App;Dota 2;;1
SESS-15419;2026-08-01 21:32:01;USR-1117;2012-06-18;F;Bootcamp;4;336;540;App;Minecraft;4.0;1
SESS-13498;2026-08-06 10:05:04;USR-1044;2006-08-14;F;PS5;1;0;250;Card;CS2;4.5;0
SESS-14106;2026-08-22 19:38:29;USR-1640;2009-07-02;M;Bootcamp;3;0;450;App;Minecraft;;0
SESS-10640;2026-08-27 16:58:08;USR-1379;2006-07-16;M;Standard;3;360;300;App;PUBG;;0
SESS-12391;2026-08-22 12:37:16;USR-1075;2006-09-21;F;Standard;1;0;100;Card;Dota 2;3.0;0
SESS-12468;2026-08-08 01:03:58;USR-1443;2007-09-13;M;Standard;5;0;500;Card;Dota 2;5.0;0
SESS-12492;2026-08-21 22:05:38;USR-1141;2012-07-05;M;Bootcamp;12;0;1620;Card;Dota 2;4.0;1
SESS-14718;2026-08-11 23:18:56;USR-1658;1995-01-11;M;VIP;5;0;1000;Card;GTA V;5.0;0
SESS-10672;2026-08-21 20:12:50;USR-1385;1992-02-06;M;Standard;2;240;200;Card;CS2;;0
SESS-14624;2026-08-08 15:16:05;USR-1691;2005-07-21;M;Standard;1;0;100;Card;Valorant;;0
SESS-15096;2026-08-28 13:15:27;USR-1374;2004-09-22;M;Bootcamp;2;0;300;Cash;CS2;;0
SESS-13002;2026-08-22 20:39:00;USR-1048;2012-07-10;F;Standard;1;0;100;App;Dota 2;;0
SESS-10051;2026-08-13 21:19:27;USR-1380;2011-07-07;M;Standard;2;80;200;Cash;Minecraft;;0
SESS-15131;2026-08-19 17:53:25;USR-1450;1998-12-23;M;VIP;1;270;200;Card;Dota 2;;0
SESS-10676;2026-08-29 11:43:21;USR-1321;2003-02-04;M;Standard;5;1120;450;Card;CS2;5.0;1
SESS-14022;2026-08-15 17:56:53;USR-1592;2007-06-12;M;Standard;4;0;400;Card;Dota 2;4.0;0
SESS-11516;2026-08-28 11:33:38;USR-1556;2010-07-24;M;VIP;3;0;600;App;CS2;;0
SESS-10085;2026-08-09 12:55:45;USR-1155;2012-05-12;F;Bootcamp;2;0;300;App;CS2;;0
SESS-13851;2026-08-01 12:44:43;USR-1015;2006-01-06;M;Standard;1;0;100;Card;Dota 2;;0
SESS-14750;2026-08-29 14:56:36;USR-1491;2007-06-07;M;PS5;2;0;500;Card;CS2;;0
SESS-14115;2026-08-09 13:28:48;USR-1393;1995-09-22;M;PS5;4;780;1000;App;GTA V;5.0;0
SESS-13728;2026-08-09 20:17:28;USR-1037;2008-10-15;M;Bootcamp;2;240;300;Card;CS2;;0
SESS-13979;2026-08-29 19:50:56;USR-1607;2011-12-28;M;Standard;1;0;100;App;Dota 2;;0
SESS-14198;2026-08-18 12:35:02;USR-1497;2009-02-08;M;Bootcamp;2;80;300;App;CS2;4.5;0
SESS-15001;2026-08-13 16:32:14;USR-1216;1990-03-19;M;PS5;3;0;750;Card;GTA V;;0
SESS-12922;2026-08-15 19:57:56;USR-1622;2007-09-09;F;Standard;2;160;200;Card;Valorant;4.5;0
SESS-14288;2026-08-01 21:05:58;USR-1318;2002-04-26;F;VIP;5;1330;900;Card;CS2;4.5;1
SESS-11047;2026-08-30 07:01:22;USR-1035;2005-10-21;M;Standard;1;0;100;Card;CS2;;0
SESS-11610;2026-08-01 13:37:20;USR-1579;1996-09-19;M;PS5;4;1020;1000;Card;CS2;5.0;0
SESS-10013;2026-08-17 15:44:29;USR-1191;2011-05-01;M;Standard;3;0;270;Cash;Valorant;4.5;1
SESS-14385;2026-08-09 16:39:13;USR-1098;2005-09-18;F;Standard;2;0;200;Card;Apex Legends;;0
SESS-14527;2026-08-20 23:15:34;USR-1006;2005-07-07;M;Standard;12;1344;1080;Card;GTA V;;1
SESS-14561;2026-08-16 19:46:20;USR-1780;2008-08-13;M;Standard;2;320;200;Cash;CS2;;0
SESS-12803;2026-08-26 17:35:30;USR-1152;1992-08-26;M;VIP;2;0;400;Card;CS2;;0
SESS-12836;2026-08-07 00:59:43;USR-1109;2006-11-25;M;Bootcamp;12;1590;1800;Card;Valorant;4.0;0
SESS-13459;2026-08-09 16:12:03;USR-1037;2008-10-15;M;Standard;2;0;200;Card;Apex Legends;;0
SESS-13151;2026-08-16 15:17:00;USR-1027;2002-07-03;M;PS5;3;360;750;Card;CS2;4.0;0
SESS-11683;2026-08-29 20:40:26;USR-1645;2006-12-09;M;Bootcamp;3;0;450;App;Valorant;;0
SESS-15299;2026-08-12 21:20:54;USR-1767;2006-02-17;M;PS5;4;448;900;Card;Dota 2;5.0;1
SESS-13113;2026-08-09 22:09:42;USR-1015;2006-01-06;M;Standard;8;960;800;App;CS2;1.0;0
SESS-10915;2026-08-08 13:30:09;USR-1331;2008-02-26;M;Bootcamp;2;310;300;Card;Apex Legends;;0
SESS-12671;2026-08-28 01:43:39;USR-1731;2005-07-27;M;VIP;12;1554;2160;Card;GTA V;4.5;1
SESS-13054;2026-08-13 19:21:17;USR-1150;2004-07-09;F;Bootcamp;1;160;150;Cash;CS2;5.0;0
SESS-11507;2026-08-15 19:17:40;USR-1031;2009-11-16;M;Standard;2;0;200;Card;CS2;;0
SESS-11796;2026-08-26 09:40:42;USR-1082;2002-08-01;M;VIP;2;320;400;Card;Dota 2;;0
SESS-12276;2026-08-11 13:55:04;USR-1084;2009-10-18;M;Standard;4;336;360;App;Dota 2;;1
SESS-11029;2026-08-14 18:56:27;USR-1212;2010-08-25;F;Standard;3;180;300;App;CS2;;0
SESS-10482;2026-08-15 22:09:26;USR-1299;2008-08-22;M;Standard;8;0;800;App;Dota 2;;0
SESS-14392;2026-08-28 18:35:49;USR-1138;2005-01-08;M;Bootcamp;2;0;300;App;Valorant;4.5;0
SESS-11657;2026-08-14 13:49:46;USR-1330;2005-05-26;M;Standard;1;160;100;Card;Apex Legends;;0
SESS-11509;2026-08-10 22:09:52;USR-1747;2011-03-20;M;Bootcamp;8;0;1200;Cash;Minecraft;3.0;0
SESS-12977;2026-08-21 13:25:46;USR-1024;2006-10-08;M;Standard;2;240;200;Card;CS2;;0
SESS-14391;2026-08-08 20:23:13;USR-1374;2004-09-22;M;VIP;3;546;540;App;Valorant;3.0;1
SESS-15183;2026-08-18 18:24:23;USR-1387;2004-02-28;M;PS5;5;400;1250;Card;GTA V;4.5;0
SESS-13431;2026-08-11 19:35:23;USR-1716;2006-03-07;F;PS5;2;160;500;Card;Deadlock;;0
SESS-12094;2026-08-15 12:23:39;USR-1105;1994-07-15;F;PS5;4;780;1000;Card;CS2;4.5;0
SESS-15521;2026-08-08 23:20:16;USR-1079;2003-06-06;M;Standard;5;600;500;Card;Deadlock;;0
SESS-10286;2026-08-23 21:48:47;USR-1431;2003-08-27;M;VIP;1;0;200;Card;CS2;;0
SESS-13114;2026-08-02 06:11:09;USR-1139;2004-06-17;M;Standard;2;240;200;Card;GTA V;;0
SESS-12028;2026-08-20 09:16:40;USR-1352;1995-12-27;F;VIP;12;3300;2400;Card;CS2;5.0;0
SESS-13424;2026-08-04 12:50:20;USR-1792;2006-11-15;M;Standard;3;672;270;Card;CS2;4.0;1
SESS-13845;2026-08-30 16:17:52;USR-1560;2002-04-01;M;PS5;2;224;450;Card;Dota 2;5.0;1
SESS-12196;2026-08-06 21:50:33;USR-1084;2009-10-18;M;Bootcamp;1;0;150;App;Minecraft;4.0;0
SESS-14756;2026-08-03 19:41:29;USR-1450;1998-12-23;M;Standard;2;240;200;Card;CS2;4.5;0
SESS-13511;2026-08-22 17:48:40;USR-1546;1998-07-07;M;VIP;4;630;800;Card;Dota 2;4.5;0
SESS-13780;2026-08-31 19:52:46;USR-1595;2012-06-09;M;Bootcamp;3;336;405;Cash;Minecraft;4.5;1
SESS-10426;2026-08-24 18:03:47;USR-1332;2005-09-26;M;Bootcamp;1;0;150;App;CS2;;0
SESS-11153;2026-08-30 21:00:22;USR-1102;1998-08-23;M;PS5;3;840;750;Card;CS2;;0
SESS-11622;2026-08-19 18:28:34;USR-1027;2002-07-03;M;Standard;3;360;300;Card;CS2;;0
SESS-12266;2026-08-14 17:20:03;USR-1606;1994-05-14;M;VIP;3;1050;600;App;Valorant;5.0;0
SESS-14233;2026-08-13 13:22:09;USR-1156;2008-07-22;M;PS5;1;0;250;App;CS2;;0
SESS-11300;2026-08-14 13:28:33;USR-1140;2008-01-12;M;Standard;1;0;100;Card;Dota 2;;0
SESS-12332;2026-08-25 10:51:35;USR-1262;2010-10-12; M ;Standard;2;0;200;App;CS2;;0
SESS-11415;2026-08-10 20:55:06;USR-1505;2004-12-22;M;Standard;1;80;100;Card;Cyberpunk 2077;5.0;0
SESS-12651;2026-08-23 19:35:18;USR-1464;1993-12-18;M;VIP;3;840;600;Card;CS2;4.5;0
SESS-15520;2026-08-14 14:23:27;USR-1300;2008-01-12;M;Standard;3;360;300;Card;Dota 2;4.0;0
SESS-10567;2026-08-02 18:09:31;USR-1129;1997-03-27;M;VIP;2;650;400;App;Cyberpunk 2077;;0
SESS-10577;2026-08-01 17:36:55;USR-1692;2008-03-01;M;VIP;2;240;400;App;CS2;;0
SESS-11653;2026-08-13 15:18:40;USR-1129;1997-03-27;M;PS5;2;756;450;Card;Cyberpunk 2077;;1
SESS-14858;2026-08-20 23:01:57;USR-1239;2011-01-28;M;Standard;12;0;1080;App;Minecraft;;1
SESS-13554;2026-08-01 01:24:13;USR-1788;2007-05-14;M;Bootcamp;5;750;750;Card;Dota 2;;0
SESS-13969;2026-08-01 13:37:20;USR-1050;2004-06-28;M;Standard;1;0;100;Card;Dota 2;;0
SESS-10153;2026-08-18 11:28:18;USR-1577;2010-05-08;M;Standard;2;0;200;Cash;CS2;3.0;0
SESS-15126;2026-08-30 13:43:02;USR-1412;2011-03-19;M;Standard;3;0;300;App;Dota 2;4.0;0
SESS-11090;2026-08-06 16:06:28;USR-1100;2006-07-26;F;PS5;4;320;1000;App;CS2;4.0;0
SESS-11092;2026-08-03 12:07:13;USR-1132;2010-11-05;M;Bootcamp;2;0;300;Cash;Minecraft;;0
SESS-14778;2026-08-30 20:21:55;USR-1097;2012-11-26;M;Standard;2;0;200;Cash;CS2;;0
SESS-15434;2026-08-06 17:18:44;USR-1468;2003-10-16;M;Bootcamp;4;658;540;Card;Minecraft;4.0;1
SESS-12706;2026-08-07 12:37:15;USR-1203;2011-01-18;M;Standard;1;0;100;Cash;Dota 2;;0
SESS-14804;2026-08-16 18:37:51;USR-1692;2008-03-01;M;Standard;2;0;200;Card;Deadlock;;0
SESS-15369;2026-08-22 19:47:54;USR-1339;2006-10-23;M;Standard;3;480;300;Card;Dota 2;;0
SESS-10018;2026-08-26 17:39:30;USR-1754;2010-11-03;M;Standard;2;0;200;Cash;Dota 2;;0
SESS-10248;2026-08-12 23:09:35;USR-1088;2004-02-01;M;PS5;8;0;2000;Card;Dota 2;4.5;0
SESS-11399;2026-08-27 00:33:47;USR-1121;2011-01-17;M;Standard;5;0;500;App;Minecraft;4.0;0
SESS-13706;2026-08-09 14:35:57;USR-1041;2008-02-09;M;Standard;1;80;100;App;Cyberpunk 2077;;0
SESS-12757;2026-08-02 16:56:41;USR-1663;2007-06-26;M;VIP;2;320;400;Card;Valorant;;0
SESS-14620;2026-08-15 17:11:00;USR-1089;2009-09-24;M;Standard;1;0;100;App;CS2;;0
SESS-14394;2026-08-11 12:23:04;USR-1400;2008-04-27;M;Bootcamp;2;390;300;App;Dota 2;4.0;0
SESS-13864;2026-08-28 22:58:18;USR-1123;2012-08-03;F;Standard;8;0;800;App;Valorant;5.0;0
SESS-12722;2026-08-25 21:03:34;USR-1048;2012-07-10;F;Standard;3;336;270;Cash;Dota 2;5.0;1
SESS-12339;2026-08-08 17:00:02;USR-1367;2011-05-14;M;VIP;2;0;400;App;Valorant;;0
SESS-12184;2026-08-17 13:46:05;USR-1434;2007-09-26;M;Bootcamp;1;310;150;App;Dota 2;3.0;0
SESS-12659;2026-08-11 23:45:13;USR-1040;1991-09-28;M;Bootcamp;8;2150;1200;Card;Cyberpunk 2077;;0
SESS-13019;2026-08-22 09:45:45;USR-1779;2007-02-20;M;Standard;2;0;200;Card;Valorant;;0
SESS-13430;2026-08-07 16:46:10;USR-1776;2009-02-12;M;Bootcamp;2;160;300;App;Dota 2;;0
SESS-14046;2026-08-12 18:25:01;USR-1702;2002-05-22;F;VIP;1;310;200;Card;Dota 2;;0
SESS-12016;2026-08-18 02:15:56;USR-1757;2009-08-16;M;Standard;3;251;270;App;CS2;5.0;1
SESS-13446;2026-08-23 14:12:53;USR-1109;2006-11-25;M;Bootcamp;3;546;405;Card;Apex Legends;4.5;1
SESS-10108;2026-08-02 17:41:42;USR-1053;2003-11-22;M;VIP;5;680;1000;Card;CS2;2.0;0
SESS-11021;2026-08-24 13:06:53;USR-1067;2003-06-11;F;Bootcamp;3;0;450;Card;CS2;4.0;0
SESS-13447;2026-08-10 10:07:48;USR-1067;2003-06-11;F;Standard;2;160;200;Card;GTA V;;0
SESS-13129;2026-08-08 17:05:55;USR-1133;2010-07-11;M;Standard;4;0;400;App;Dota 2;4.0;0
SESS-13575;2026-08-11 17:48:11;USR-1158;2006-01-06;M;VIP;1;0;200;App;Valorant;5.0;0
SESS-14003;2026-08-22 02:36:11;USR-1391;2007-07-28;M;Bootcamp;2;310;300;App;Dota 2;;0
SESS-11486;2026-08-06 18:34:17;USR-1260;2006-01-17;M;Bootcamp;2;310;300;Card;CS2;5.0;0
SESS-14501;2026-08-30 15:59:32;USR-1154;2007-03-12;M;Standard;4;896;360;App;Deadlock;4.0;1
SESS-10884;2026-08-01 20:53:59;USR-1139;2004-06-17;M;Bootcamp;12;0;1620;Card;CS2;3.0;1
SESS-12613;2026-08-09 21:30:08;USR-1404;2005-07-04;M;Standard;3;0;300;Card;Dota 2;5.0;0
SESS-14035;2026-08-16 21:56:47;USR-1345;2008-10-04;M;Standard;2;240;200;Card;CS2;;0
SESS-13955;2026-08-01 20:19:59;USR-1007;2006-10-02;M;Standard;2;240;200;App;Valorant;;0
SESS-10080;2026-08-18 12:47:20;USR-1118;2012-06-26;M;Bootcamp;2;0;270;Card;CS2;;1
SESS-10536;2026-08-21 14:57:36;USR-1436;2007-05-13;M;Standard;5;560;450;App;Apex Legends;;1
SESS-14702;2026-08-12 13:08:52;USR-1739;2011-09-09;M;Standard;2;120;200;;Dota 2;;0
SESS-15028;2026-08-22 11:39:09;USR-1268;2006-06-13;M;Bootcamp;3;0;450;App;Dota 2;3.0;0
SESS-11418;2026-08-27 18:40:22;USR-1126;2010-02-08;M;VIP;3;0;600;Cash;Valorant;4.5;0
SESS-13768;2026-08-24 16:12:14;USR-1213;2008-08-22;M;VIP;1;230;200;Card;CS2;;0
SESS-14533;2026-08-31 21:55:26;USR-1004;2010-05-15;F;Standard;2;0;200;App;CS2;;0
SESS-13062;2026-08-09 12:21:17;USR-1061;2005-08-26;F;Bootcamp;2;390;300;Card;Deadlock;4.0;0
SESS-12911;2026-08-26 19:21:45;USR-1285;2010-09-09;M;VIP;4;0;800;Cash;Dota 2;;0
SESS-11909;2026-08-15 15:45:21;USR-1411;2006-02-22;M;Standard;2;0;200;Card;Dota 2;;0
SESS-11596;2026-08-13 19:02:05;USR-1012;2003-04-12;F;Bootcamp;5;950;750;Cash;Minecraft;4.0;0
SESS-14815;2026-08-25 16:32:44;USR-1191;2011-05-01;M;Standard;4;0;400;Cash;Minecraft;;0
SESS-15147;2026-08-08 15:35:04;USR-1320;2005-05-27;M;Standard;3;503;270;Card;Dota 2;;1
SESS-12655;2026-08-05 23:57:13;USR-1072;2012-08-16;M;Standard;8;320;800;Card;Minecraft;4.5;0
SESS-14965;2026-08-20 13:45:23;USR-1359;2004-01-27;M;Standard;1;80;100;Card;Valorant;4.0;0
SESS-14791;2026-08-02 21:08:53;USR-1438;2010-05-10;M;Standard;2;0;200;Cash;Minecraft;;0
SESS-11637;2026-08-13 20:22:00;USR-1319;2012-08-24;M;Bootcamp;3;0;450;Cash;Deadlock;4.0;0
SESS-14103;2026-08-22 11:54:14;USR-1041;2008-02-09;M;Standard;3;336;270;App;CS2;4.5;1
SESS-14318;2026-08-02 17:17:28;USR-1150;2004-07-09;F;VIP;3;630;600;Card;CS2;4.5;0
SESS-10539;2026-08-01 12:24:27;USR-1124;2004-10-22;M;Standard;2;240;200;Card;CS2;;0
SESS-13245;2026-08-19 00:56:55;USR-1684;2009-08-27;M;Standard;8;0;720;Cash;CS2;;1
SESS-15318;2026-08-15 11:32:26;USR-1226;2004-12-20;F;VIP;2;0;400;Card;Valorant;;0
SESS-13697;2026-08-11 10:06:11;USR-1232;2011-03-07;M;Bootcamp;3;0;450;Card;Valorant;;0
SESS-12890;2026-08-10 18:14:53;USR-1360;2011-04-03;M;VIP;8;640;1600;Card;CS2;4.5;0
SESS-10330;2026-08-16 16:01:53;USR-1141;2012-07-05;M;VIP;5;0;900;App;Minecraft;;1
SESS-12249;2026-08-09 19:42:34;USR-1752;2005-09-10;M;VIP;1;0;200;App;Dota 2;4.5;0
SESS-10015;2026-08-18 14:22:53;USR-1411;2006-02-22;M;PS5;2;0;500;Card;Valorant;;0
SESS-11918;2026-08-15 17:44:03;USR-1369;2004-03-20;M;Standard;1;0;100;Card;Dota 2;;0
SESS-10783;2026-08-25 12:15:55;USR-1642;2009-09-05;M;PS5;12;0;2700;Cash;Dota 2;;1
SESS-14594;2026-08-28 20:36:30;USR-1481;2005-06-02;F;Standard;2;240;200;App;Dota 2;;0
SESS-12877;2026-08-14 14:43:28;USR-1572;2006-08-21;F;Standard;2;448;180;Cash;Dota 2;5.0;1
SESS-12090;2026-08-29 11:39:06;USR-1543;2010-02-28;M;VIP;12;0;2400;App;CS2;4.5;0
SESS-14957;2026-08-18 11:11:50;USR-1710;2008-05-15;M;PS5;2;240;500;App;CS2;;0
SESS-14060;2026-08-07 13:03:39;USR-1418;2006-06-05;M;Standard;2;0;200;Card;Dota 2;4.5;0
SESS-11962;2026-08-20 13:10:45;USR-1387;2004-02-28;M;Standard;4;672;360;Card;CS2;5.0;1
SESS-12511;2026-08-30 20:17:31;USR-1142;2010-09-26;M;Standard;2;160;200;Cash;Deadlock;;0
SESS-11831;2026-08-19 11:50:53;USR-1092;2011-05-01;M;Standard;2;0;200;Card;Dota 2;;0
SESS-13917;2026-08-05 16:41:19;USR-1151;1996-03-26;M;VIP;2;540;400;Card;CS2;;0
SESS-13764;2026-08-17 21:41:09;USR-1158;2006-01-06;M;Bootcamp;1;270;150;App;Dota 2;;0
SESS-12615;2026-08-01 09:10:02;USR-1136;2010-11-02;M;Standard;8;0;720;Card;Dota 2;;1
SESS-15232;2026-08-01 00:36:03;USR-1337;2000-05-07;M;Bootcamp;12;3300;1800;Card;Browser/Work;;0
SESS-13623;2026-08-20 08:57:38;USR-1487;1996-10-08;M;Standard;1;0;100;Card;PUBG;;0
SESS-13587;2026-08-21 09:41:49;USR-1259;2011-03-07;M;Standard;3;0;300;App;Valorant;4.0;0
SESS-15258;2026-08-21 13:28:20;USR-1747;2011-03-20;M;Standard;2;0;200;Cash;Valorant;4.5;0
SESS-13371;2026-08-05 13:04:44;USR-1705;2009-02-04;M;PS5;3;0;675;Card;Minecraft;;1
SESS-12669;2026-08-15 19:41:10;USR-1049;2008-01-16;F;Bootcamp;1;200;150;Card;CS2;3.0;0
SESS-12541;2026-08-29 09:26:49;USR-1171;2008-06-15;F;PS5;1;0;250;Card;Apex Legends;5.0;0
SESS-11609;2026-08-23 17:03:21;USR-1645;2006-12-09;M;Bootcamp;5;1330;675;Card;Cyberpunk 2077;5.0;1
SESS-11932;2026-08-08 17:41:45;USR-1711;2010-10-01;M;Standard;1;60;100;Card;Minecraft;4.0;0
SESS-13159;2026-08-15 15:16:06;USR-1487;1996-10-08;M;PS5;3;965;675;Card;Cyberpunk 2077;;1
SESS-11969;2026-08-19 00:25:49;USR-1153;2003-01-20;M;Bootcamp;8;0;1200;App;Apex Legends;4.0;0
SESS-12636;2026-08-07 07:36:23;USR-1118;2012-06-26;M;VIP;1;0;200;App;CS2;5.0;0
SESS-15331;2026-08-27 13:38:43;USR-1579;1996-09-19;M;PS5;2;0;500;Card;Dota 2;;0
SESS-14210;2026-08-09 18:08:02;USR-1140;2008-01-12;M;Standard;1;120;100;Card;CS2;;0
SESS-10938;2026-08-08 14:22:10;USR-1231;2004-08-22;F;VIP;2;320;400;App;CS2;4.0;0
SESS-10231;2026-08-04 17:18:10;USR-1799;2004-04-02;M;VIP;4;470;800;Card;Valorant;4.0;0
SESS-12585;2026-08-15 09:59:09;USR-1121;2011-01-17;M;Standard;2;0;200;App;Minecraft;;0
SESS-11240;2026-08-30 22:23:59;USR-1317;2011-01-03;F;Standard;8;0;720;App;PUBG;4.0;1
SESS-14150;2026-08-14 19:04:08;USR-1553;2011-06-07;F;Bootcamp;4;0;540;Card;Dota 2;;1
SESS-12528;2026-08-11 21:07:03;USR-1029;1994-12-27;M;VIP;5;0;900;Card;Dota 2;5.0;1
SESS-14275;2026-08-06 17:58:20;USR-1002;2001-09-28;F;VIP;4;658;720;App;Dota 2;4.5;1
SESS-13422;2026-08-23 13:21:35;USR-1224;2003-10-13;M;VIP;2;0;400;App;Valorant;;0
SESS-15230;2026-08-08 05:39:52;USR-1490;2005-04-09;F;Bootcamp;2;0;300;Card;Valorant;4.5;0
SESS-12578;2026-08-29 13:46:23;USR-1360;2011-04-03;M;Bootcamp;3;0;405;Cash;Minecraft;;1
SESS-11043;2026-08-08 18:33:53;USR-1251;2006-04-10;M;VIP;12;2898;2160;Card;Dota 2;5.0;1
SESS-10110;2026-08-30 20:26:44;USR-1299;2008-08-22;M;Standard;2;0;200;Card;CS2;;0
SESS-14728;2026-08-17 16:05:07;USR-1760;2001-02-11;M;Standard;2;160;200;Card;GTA V;;0
SESS-11032;2026-08-07 18:32:38;USR-1303;2011-10-12;M;Bootcamp;1;0;150;App;Minecraft;4.5;0
SESS-13759;2026-08-29 16:10:27;USR-1144;2001-08-15;M;Bootcamp;4;630;600;Card;Dota 2;5.0;0
SESS-13393;2026-08-21 00:22:40;USR-1686;2006-06-18;M;PS5;2;320;500;Card;Deadlock;;0
SESS-11170;2026-08-02 16:57:08;USR-1072;2012-08-16;M;Standard;2;0;200;App;CS2;;0
SESS-13323;2026-08-10 19:42:03;USR-1321;2003-02-04;M;Standard;3;240;300;App;CS2;;0
SESS-13465;2026-08-15 23:46:10;USR-1129;1997-03-27;M;Bootcamp;8;0;1200;Card;Dota 2;;0
SESS-15216;2026-08-04 21:14:07;USR-1648;1995-07-04;M;VIP;2;909;360;Card;GTA V;4.0;1
SESS-14582;2026-08-19 18:56:38;USR-1719;2004-05-09;M;Standard;3;0;270;Card;Dota 2;;1
SESS-10345;2026-08-29 20:07:59;USR-1666;2009-08-16;M;Bootcamp;2;0;300;Cash;Minecraft;4.5;0
SESS-15441;2026-08-05 01:27:35;USR-1161;2008-01-12;M;Standard;8;1280;800;Card;Valorant;2.0;0
SESS-11456;2026-08-01 19:08:18;USR-1010;2005-03-05;M;VIP;2;240;400;Card;Apex Legends;;0
SESS-11740;2026-08-11 20:27:44;USR-1240;2005-05-16;M;Standard;2;0;200;Card;CS2;;0
SESS-13654;2026-08-20 17:19:51;USR-1042;1992-11-01;M;Standard;4;0;400;App;Valorant;4.0;0
SESS-12810;2026-08-18 02:44:51;USR-1029;1994-12-27;M;PS5;1;550;250;Card;PUBG;;0
SESS-14477;2026-08-22 17:23:30;USR-1454;2010-08-02;M;Bootcamp;2;0;300;App;CS2;;0
SESS-10170;2026-08-22 14:24:58;USR-1402;1986-06-13;M;VIP;1;0;200;Card;Browser/Work;;0
SESS-13903;2026-08-07 20:14:21;USR-1388;1988-09-23;M;Bootcamp;3;714;405;Card;Browser/Work;;1
SESS-13490;2026-08-28 16:33:13;USR-1097;2012-11-26;M;Bootcamp;2;224;270;Cash;CS2;4.5;1
SESS-13765;2026-08-17 17:29:14;USR-1317;2011-01-03;F;Bootcamp;2;0;300;Cash;Valorant;5.0;0
SESS-11211;2026-08-05 21:29:30;USR-1587;2005-03-27;M;Standard;2;320;200;Card;Valorant;;0
SESS-14687;2026-08-09 19:47:47;USR-1452;2007-02-14;M;Bootcamp;1;310;150;Card;Dota 2;;0
SESS-11643;2026-08-13 18:13:08;USR-1573;2002-05-24;M;Standard;2;240;200;Card;Dota 2;;0
SESS-14266;2026-08-29 21:23:46;USR-1151;1996-03-26;M;PS5;3;0;750;Cash;Cyberpunk 2077;;0
SESS-13112;2026-08-30 00:47:12;USR-1306;2012-02-20;M;Standard;12;0;1080;App;CS2;4.5;1
SESS-14925;2026-08-18 09:36:40;USR-1284;1993-11-23;F;PS5;2;923;450;Card;Browser/Work;4.5;1
SESS-11321;2026-08-21 20:39:10;USR-1495;2006-12-16;M;PS5;3;0;750;Card;Valorant;5.0;0
SESS-13380;2026-08-21 09:36:41;USR-1029;1994-12-27;M;VIP;1;330;200;Card;CS2;4.5;0
SESS-13806;2026-08-15 05:53:14;USR-1271;2003-09-16;M;PS5;4;0;1000;App;Apex Legends;5.0;0
SESS-13684;2026-08-02 22:26:42;USR-1733;2011-04-11;M;Standard;8;480;800;Cash;Minecraft;5.0;0
SESS-11924;2026-08-13 18:05:22;USR-1159;2005-01-02;M;Standard;1;80;100;App;Apex Legends;;0
SESS-13372;2026-08-28 20:22:32;USR-1772;2011-04-12;M;Standard;2;0;200;Card;GTA V;;0
SESS-12176;2026-08-06 19:01:39;USR-1000;2006-02-16;M;Bootcamp;3;560;450;App;Dota 2;5.0;0
SESS-10588;2026-08-25 11:04:54;USR-1719;2004-05-09;M;Standard;3;360;300;App;Valorant;4.0;0
SESS-13188;2026-08-29 10:24:20;USR-1027;2002-07-03;M;VIP;1;0;200;Card;Valorant;4.5;0
SESS-15518;2026-08-21 22:39:29;USR-1014;2012-10-25;M;Standard;8;0;800;App;Minecraft;4.5;0
SESS-13972;2026-08-07 00:07:27;USR-1737;2011-01-14;M;VIP;8;0;1600;Cash;Dota 2;;0
SESS-12527;2026-08-11 12:34:02;USR-1230;2000-05-02;M;Standard;3;0;300;Card;CS2;5.0;0
SESS-11197;2026-08-05 14:48:33;USR-1005;1998-09-23;M;PS5;3;660;750;Card;CS2;;0
SESS-12834;2026-08-09 20:40:44;USR-1670;2005-08-06;M;Standard;3;336;270;Card;CS2;4.5;1
SESS-11360;2026-08-15 22:30:31;USR-1379;2006-07-16;M;VIP;8;720;1600;Cash;Dota 2;5.0;0
SESS-14256;2026-08-22 03:16:57;USR-1735;2012-06-01;M;PS5;2;80;500;Cash;Minecraft;;0
SESS-13828;2026-08-16 19:02:47;USR-1090;2010-09-06;M;Standard;3;0;300;Cash;Minecraft;;0
SESS-11632;2026-08-29 15:43:16;USR-1641;2001-10-10;M;Standard;2;224;180;Card;Dota 2;;1
SESS-14844;2026-08-12 17:14:42;USR-1002;2001-09-28;F;Standard;2;0;200;Card;PUBG;;0
SESS-11093;2026-08-02 00:07:23;USR-1120;2010-01-22;F;Standard;12;0;1080;Cash;Minecraft;;1
SESS-14016;2026-08-09 19:03:33;USR-1376;2007-08-26;M;VIP;2;470;400;Card;Deadlock;;0
SESS-15390;2026-08-21 18:53:07;USR-1587;2005-03-27;M;Standard;2;0;200;Card;Valorant;;0
SESS-11821;2026-08-10 03:12:35;USR-1012;2003-04-12;F;Bootcamp;2;0;300;App;CS2;;0
SESS-10892;2026-08-14 16:13:48;USR-1780;2008-08-13;M;PS5;3;0;750;App;Deadlock;;0
SESS-11518;2026-08-10 12:45:34;USR-1061;2005-08-26;F;PS5;2;0;450;Card;Valorant;;1
SESS-12125;2026-08-24 23:29:57;USR-1645;2006-12-09;M;Bootcamp;3;0;450;Card;Dota 2;;0
SESS-13200;2026-08-24 14:13:54;USR-1019;1998-11-10;M;PS5;1;0;250;App;Valorant;4.0;0
SESS-14302;2026-08-15 17:13:08;USR-1007;2006-10-02;M;Standard;2;160;200;App;Valorant;4.0;0
SESS-14656;2026-08-06 12:20:12;USR-1536;2006-09-10;M;Bootcamp;1;160;150;App;CS2;4.0;0
SESS-11513;2026-08-22 19:41:41;USR-1543;2010-02-28;M;Standard;3;0;300;Cash;CS2;;0
SESS-11510;2026-08-24 14:11:39;USR-1061;2005-08-26;F;PS5;2;320;500;Card;Dota 2;;0
SESS-11439;2026-08-24 20:51:42;USR-1064;2003-01-04;F;Standard;2;240;200;Card;Dota 2;;0
SESS-10475;2026-08-02 17:03:35;USR-1572;2006-08-21;F;Standard;3;0;300;Card;CS2;;0
SESS-12384;2026-08-11 16:58:59;USR-1085;2011-03-10;M;PS5;2;0;450;Cash;CS2;3.0;1
SESS-12947;2026-08-15 14:36:17;USR-1706;1999-12-28;M;Standard;4;672;360;Card;GTA V;4.5;1
SESS-14673;2026-08-17 18:31:29;USR-1220;2003-05-03;M;Standard;2;240;200;App;CS2;;0
SESS-14425;2026-08-16 11:48:38;USR-1464;1993-12-18;M;Standard;3;750;300;App;Dota 2;4.0;0
SESS-14005;2026-08-12 12:28:11;USR-1139;2004-06-17;M;Bootcamp;3;630;450;Card;Valorant;;0
SESS-14300;2026-08-01 02:32:24;USR-1370;2006-12-26;F;PS5;2;0;500;Card;Dota 2;;0
SESS-14378;2026-08-09 18:57:16;USR-1249;2011-08-26;M;Standard;1;40;100;App;CS2;;0
SESS-15158;2026-08-13 21:07:56;USR-1270;2005-11-27;M;PS5;4;896;900;Cash;CS2;;1
SESS-10028;2026-08-14 19:36:11;USR-1463;1994-07-12;F;Standard;2;500;200;Card;CS2;;0
SESS-14076;2026-08-22 02:42:37;USR-1117;2012-06-18;F;Standard;1;0;90;Card;Dota 2;;1
SESS-13165;2026-08-06 12:25:22;USR-1139;2004-06-17;M;VIP;3;448;540;Card;Deadlock;5.0;1
SESS-15364;2026-08-01 20:45:43;USR-1339;2006-10-23;M;Standard;3;240;300;App;Deadlock;;0
SESS-14407;2026-08-30 01:54:08;USR-1304;2003-08-08;M;Bootcamp;12;0;1800;App;Dota 2;4.5;0
SESS-10395;2026-08-04 15:32:54;USR-1159;2005-01-02;M;Bootcamp;1;378;135;Card;CS2;;1
SESS-10502;2026-08-19 18:05:17;USR-1172;2008-07-13;M;VIP;1;230;200;Card;CS2;5.0;0
SESS-15428;2026-08-05 21:15:25;USR-1430;2005-08-26;M;Standard;1;0;100;Card;Dota 2;;0
SESS-14081;2026-08-12 15:12:36;USR-1259;2011-03-07;M;Bootcamp;3;240;450;App;CS2;;0
SESS-12876;2026-08-23 13:27:33;USR-1538;2006-03-12;F;Bootcamp;2;434;270;Card;Valorant;;1
SESS-14139;2026-08-07 16:39:22;USR-1111;2012-11-21;M;Standard;1;0;100;Cash;CS2;4.0;0
SESS-10275;2026-08-02 17:40:01;USR-1007;2006-10-02;M;Standard;2;320;200;App;Deadlock;;0
SESS-15060;2026-08-19 15:08:34;USR-1726;2006-09-21;M;Standard;2;336;180;Card;CS2;4.0;1
SESS-14021;2026-08-14 22:13:42;USR-1072;2012-08-16;M;Standard;2;0;200;App;Dota 2;;0
SESS-11327;2026-08-12 19:36:01;USR-1143;2009-12-19;M;Standard;3;180;300;Cash;Valorant;;0
SESS-12703;2026-08-22 18:31:15;USR-1224;2003-10-13;M;Bootcamp;4;1007;540;App;Deadlock;;1
SESS-13274;2026-08-07 13:34:10;USR-1142;2010-09-26;M;PS5;2;120;500;Cash;Minecraft;;0
SESS-14864;2026-08-22 11:27:20;USR-1038;2003-03-11;M;Standard;3;240;300;Card;Valorant;;0
SESS-11163;2026-08-07 11:16:56;USR-1360;2011-04-03;M;Standard;2;0;200;App;Deadlock;4.0;0
SESS-12761;2026-08-13 19:25:44;USR-1595;2012-06-09;M;PS5;3;0;750;Cash;Deadlock;;0
SESS-10378;2026-08-08 21:21:06;USR-1099;2006-06-02;M;Standard;12;1440;1200;App;Valorant;4.5;0
SESS-10845;2026-08-14 16:11:46;USR-1357;2004-06-18;M;Standard;1;0;100;Cash;Valorant;;0
SESS-11091;2026-08-08 17:26:48;USR-1214;2010-04-09;M;Standard;3;0;300;App;CS2;;0
SESS-15411;2026-08-14 14:41:18;USR-1233;2006-08-20;M;VIP;1;0;200;Card;CS2;;0
SESS-13272;2026-08-01 16:50:52;USR-1693;2010-07-19;F;Standard;1;0;100;Cash;CS2;4.0;0
SESS-13437;2026-08-01 19:21:14;USR-1786;2010-04-22;M;Standard;2;0;200;Cash;Dota 2;;0
SESS-12987;2026-08-22 15:14:37;USR-1018;2004-09-15;M;VIP;4;560;720;App;PUBG;;1
SESS-14461;2026-08-25 11:58:13;USR-1271;2003-09-16;M;Standard;5;0;500;Card;CS2;;0
SESS-11752;2026-08-01 19:52:09;USR-1078;1995-02-26;M;VIP;3;0;540;Card;CS2;;1
SESS-10037;2026-08-25 00:59:24;USR-1075;2006-09-21;F;PS5;12;1920;3000;Card;Dota 2;5.0;0
SESS-13135;2026-08-23 12:27:41;USR-1640;2009-07-02;M;Standard;1;0;100;App;Minecraft;4.0;0
SESS-12903;2026-08-17 16:35:09;USR-1415;2002-04-06;M;VIP;2;320;400;Card;Deadlock;;0
SESS-15477;2026-08-14 17:08:27;USR-1094;1994-08-05;M;Standard;3;540;300;App;Deadlock;3.0;0
SESS-11048;2026-08-01 12:59:09;USR-1383;2009-05-24;M;Standard;2;0;200;Cash;Apex Legends;;0
SESS-10197;2026-08-06 19:29:29;USR-1516;2006-08-12;M;VIP;3;0;600;Card;CS2;;0
SESS-13091;2026-08-08 18:35:15;USR-1545;2012-01-04;M;Standard;3;240;300;Cash;Minecraft;4.0;0
SESS-14432;2026-08-20 11:21:23;USR-1053;2003-11-22;M;Standard;4;896;360;Card;Dota 2;;1
SESS-14400;2026-08-09 18:20:14;USR-1759;2003-06-09;M;Standard;2;0;200;Cash;Dota 2;;0
SESS-12415;2026-08-24 12:27:49;USR-1489;2005-07-19;M;VIP;2;470;400;Card;Dota 2;;0
SESS-10444;2026-08-27 21:46:43;USR-1023;2005-11-18;F;VIP;3;630;600;App;Deadlock;4.5;0
SESS-15454;2026-08-08 17:23:06;USR-1232;2011-03-07;M;Standard;1;40;100;App;Minecraft;;0
SESS-10450;2026-08-14 15:21:03;USR-1193;2007-07-17;F;Bootcamp;3;784;405;Card;CS2;4.0;1
SESS-14911;2026-08-25 19:10:57;USR-1527;2005-07-19;M;Bootcamp;1;280;135;Card;CS2;5.0;1
SESS-14354;2026-08-25 23:25:37;USR-1398;2011-03-15;F;Standard;5;400;500;Cash;Dota 2;;0
SESS-14958;2026-08-27 08:27:04;USR-1055;2004-02-26;M;Standard;2;240;200;Card;Valorant;5.0;0
SESS-15029;2026-08-15 19:38:47;USR-1065;2008-04-06;M;Standard;1;160;100;Cash;Valorant;;0
SESS-11430;2026-08-25 18:43:32;USR-1372;2003-09-21;M;Bootcamp;3;0;450;Card;Dota 2;;0
SESS-13536;2026-08-20 21:11:07;USR-1026;2005-03-02;M;Bootcamp;2;240;300;Card;Apex Legends;3.0;0
SESS-13081;2026-08-22 17:13:52;USR-1083;2012-04-25;M;Standard;2;0;200;App;Dota 2;4.5;0
SESS-10115;2026-08-07 22:43:07;USR-1122;2009-02-15;M;Standard;8;0;800;Cash;CS2;;0
SESS-15132;2026-08-18 13:08:35;USR-1005;1998-09-23;M;Bootcamp;1;550;150;Card;PUBG;5.0;0
SESS-14253;2026-08-12 18:32:47;USR-1356;2011-11-27;F;Standard;1;0;90;Cash;CS2;;1
SESS-12940;2026-08-27 10:11:23;USR-1447;2006-10-19;M;Standard;4;0;400;App;Deadlock;;0
SESS-10887;2026-08-07 12:29:43;USR-1681;2001-12-17;M;Bootcamp;5;950;750;Card;CS2;;0
SESS-11703;2026-08-08 16:28:26;USR-1144;2001-08-15;M;Standard;4;448;360;Card;CS2;4.5;1
SESS-11736;2026-08-09 12:48:03;USR-1716;2006-03-07;F;VIP;1;270;200;Card;Dota 2;;0
SESS-12777;2026-08-26 21:47:33;USR-1260;2006-01-17;M;Standard;1;120;100;App;GTA V;4.0;0
SESS-10772;2026-08-23 06:01:26;USR-1424;2003-09-25;M;Bootcamp;3;0;450;Card;Dota 2;;0
SESS-10863;2026-08-21 00:46:12;USR-1109;2006-11-25;M;Standard;5;0;500;Card;CS2;;0
SESS-10026;2026-08-20 17:47:30;USR-1009;2001-06-04;M;PS5;2;240;500;Cash;Deadlock;;0
SESS-11177;2026-08-29 16:51:15;USR-1123;2012-08-03;F;Standard;8;0;800;Cash;Deadlock;;0
SESS-12366;2026-08-01 19:35:23;USR-1001;1992-12-07;M;VIP;3;1260;540;App;Dota 2;;1
SESS-12365;2026-08-20 09:56:39;USR-1011;2002-09-04;F;Standard;5;840;450;Card;CS2;5.0;1
SESS-12833;2026-08-10 21:17:14;USR-1223;2011-08-15;M;Bootcamp;2;160;300;App;CS2;5.0;0
SESS-15063;2026-08-12 04:07:38;USR-1096;2000-06-13;M;PS5;2;0;500;Card;Browser/Work;4.5;0
SESS-10981;2026-08-26 23:12:35;USR-1027;2002-07-03;M;Standard;5;0;500;Card;Dota 2;5.0;0
SESS-10854;2026-08-23 03:12:19;USR-1075;2006-09-21;F;Bootcamp;4;0;600;App;Dota 2;;0
SESS-10575;2026-08-06 20:29:42;USR-1205;2004-03-11;M;VIP;1;200;200;Card;Dota 2;;0
SESS-14084;2026-08-31 17:48:35;USR-1784;1998-01-05;M;VIP;12;2310;2400;Card;GTA V;4.5;0
SESS-10145;2026-08-12 15:13:24;USR-1089;2009-09-24;M;Standard;1;60;100;Cash;CS2;4.0;0
SESS-11851;2026-08-31 18:55:11;USR-1097;2012-11-26;M;Standard;2;80;200;Cash;Dota 2;;0
SESS-11520;2026-08-21 09:53:54;USR-1049;2008-01-16;F;Standard;2;320;200;Card;Dota 2;5.0;0
SESS-10369;2026-08-11 09:47:37;USR-1733;2011-04-11;M;Standard;3;0;300;App;CS2;;0
SESS-11000;2026-08-11 16:36:46;USR-1261;1991-11-06;F;Standard;1;120;100;App;Dota 2;2.0;0
SESS-15566;2026-08-30 17:21:28;USR-1099;2006-06-02;M;Standard;3;0;300;Card;CS2;;0
SESS-13820;2026-08-08 13:04:33;USR-1177;1999-03-17;M;PS5;3;0;750;Card;Browser/Work;4.0;0
SESS-11797;2026-08-16 08:14:05;USR-1279;2009-11-19;M;Standard;4;0;400;App;CS2;4.5;0
SESS-10960;2026-08-07 12:01:00;USR-1187;2003-11-01;M;Bootcamp;5;0;750;Card;Dota 2;4.0;0
SESS-12069;2026-08-21 17:41:49;USR-1761;2011-11-20;F;Bootcamp;2;80;300;Cash;Valorant;;0
SESS-10242;2026-08-17 18:11:06;USR-1126;2010-02-08;M;Standard;3;0;300;App;Minecraft;3.0;0
SESS-10654;2026-08-06 12:55:01;USR-1017;2006-06-21;M;Bootcamp;2;0;300;Card;Valorant;3.0;0
SESS-10449;2026-08-15 16:57:35;USR-1754;2010-11-03;M;Standard;1;0;100;Cash;CS2;;0
SESS-11791;2026-08-09 18:04:38;USR-1028;2002-05-19;M;Bootcamp;1;270;150;Card;Dota 2;4.5;0
SESS-14254;2026-08-08 15:38:36;USR-1439;2003-02-03;F;Standard;3;672;270;Card;CS2;4.0;1
SESS-15156;2026-08-09 22:11:57;USR-1059;2003-11-06;F;Standard;8;1280;800;Card;CS2;4.5;0
SESS-10129;2026-08-15 17:28:56;USR-1662;1989-05-08;M;Bootcamp;2;540;300;Card;PUBG;5.0;0
SESS-12505;2026-08-07 15:43:39;USR-1023;2005-11-18;F;Bootcamp;1;0;150;Card;PUBG;;0
SESS-13214;2026-08-24 22:28:01;USR-1533;1993-12-28;M;PS5;5;0;1250;Card;CS2;;0
SESS-13233;2026-08-03 15:26:34;USR-1755;1987-02-06;M;Standard;3;503;270;Cash;GTA V;;1
SESS-12635;2026-08-28 16:45:09;USR-1261;1991-11-06;F;PS5;1;330;250;Card;CS2;4.5;0
SESS-11784;2026-08-19 15:43:42;USR-1002;2001-09-28;F;VIP;2;0;400;Card;CS2;4.5;0
SESS-14317;2026-08-04 19:06:49;USR-1153;2003-01-20;M;Standard;2;0;200;Card;Apex Legends;;0
SESS-14390;2026-08-27 13:19:41;USR-1467;2011-10-16;M;Standard;1;0;100;Cash;Minecraft;;0
SESS-14979;2026-08-27 15:24:25;USR-1570;2001-06-16;M;Standard;2;240;200;Card;CS2;;0
SESS-13888;2026-08-22 20:06:31;USR-1490;2005-04-09;F;PS5;1;160;250;Card;CS2;;0
SESS-15324;2026-08-06 22:40:43;USR-1154;2007-03-12;M;Bootcamp;8;1110;1200;Card;Apex Legends;;0
SESS-11449;2026-08-23 17:26:43;USR-1014;2012-10-25;M;Standard;2;120;200;App;Dota 2;4.5;0
SESS-10175;2026-08-02 17:14:37;USR-1039;2005-04-25;M;Standard;2;320;200;Card;CS2;4.5;0
SESS-14682;2026-08-28 09:40:31;USR-1552;2011-11-07;M;Standard;2;120;200;Card;CS2;5.0;0
SESS-11097;2026-08-06 11:35:25;USR-1193;2007-07-17;F;VIP;2;0;400;Card;Deadlock;4.5;0
SESS-10931;2026-08-31 20:18:11;USR-1149;1994-08-11;M;VIP;1;0;200;Card;CS2;;0
SESS-14550;2026-08-31 12:59:32;USR-1085;2011-03-10;M;Standard;3;0;300;Cash;GTA V;4.5;0
SESS-12178;2026-08-13 13:32:44;USR-1070;2005-10-03;M;Bootcamp;5;1232;675;Card;CS2;4.5;1
SESS-15503;2026-08-28 15:38:39;USR-1391;2007-07-28;M;Standard;3;360;300;Card;GTA V;;0
SESS-12310;2026-08-18 14:56:12;USR-1443;2007-09-13;M;Standard;2;0;200;Card;CS2;3.0;0
SESS-14080;2026-08-25 20:01:49;USR-1260;2006-01-17;M;Standard;1;120;100;Cash;Apex Legends;;0
SESS-15558;2026-08-28 07:25:28;USR-1074;2005-02-02;M;VIP;2;390;400;App;Dota 2;;0
SESS-12672;2026-08-15 03:41:53;USR-1009;2001-06-04;M;Bootcamp;1;200;150;Card;Dota 2;;0
SESS-11690;2026-08-18 23:16:29;USR-1731;2005-07-27;M;VIP;8;1430;1600;App;PUBG;4.0;0
SESS-12915;2026-08-31 18:43:07;USR-1149;1994-08-11;M;Bootcamp;2;0;270;Card;PUBG;4.5;1
SESS-10552;2026-08-26 01:22:46;USR-1485;2007-07-02;F;Standard;8;1344;720;App;Apex Legends;4.0;1
SESS-10452;2026-08-21 19:46:54;USR-1131;2008-12-05;F;PS5;1;160;250;App;Dota 2;;0
SESS-14881;2026-08-30 18:57:34;USR-1025;1996-12-17;M;VIP;3;0;600;Card;Cyberpunk 2077;5.0;0
SESS-15286;2026-08-31 01:31:16;USR-1503;1999-04-24;M;Bootcamp;8;1110;1200;Card;CS2;3.0;0
SESS-14243;2026-08-30 15:16:46;USR-1180;2006-07-09;M;PS5;2;240;500;Cash;CS2;;0
SESS-14068;2026-08-27 01:08:01;USR-1125;2011-08-05;M;PS5;8;0;2000;App;Minecraft;;0
SESS-11096;2026-08-02 18:54:42;USR-1572;2006-08-21;F;Bootcamp;2;448;270;Card;Valorant;5.0;1
SESS-10557;2026-08-06 02:52:39;USR-1744;1996-05-27;F;Standard;3;540;300;Card;GTA V;;0
SESS-13003;2026-08-11 11:35:41;USR-1134;2000-09-06;M;Standard;1;0;100;Card;CS2;;0
SESS-13861;2026-08-14 00:40:19;USR-1050;2004-06-28;M;Bootcamp;8;0;1200;Card;CS2;4.0;0
SESS-13767;2026-08-16 11:10:11;USR-1127;2011-07-10;M;Standard;1;0;100;App;Valorant;;0
SESS-11190;2026-08-23 16:03:12;USR-1376;2007-08-26;M;Bootcamp;1;240;150;App;Dota 2;;0
SESS-10309;2026-08-20 18:16:43;USR-1068;2005-02-06;F;Bootcamp;2;560;270;Card;Dota 2;;1
SESS-13460;2026-08-24 17:52:38;USR-1179;2008-06-01;M;Bootcamp;4;784;540;Card;Valorant;3.0;1
SESS-14942;2026-08-24 00:01:07;USR-1056;2005-02-01;F;Standard;12;1440;1200;Card;CS2;1.0;0
SESS-10673;2026-08-19 23:57:17;USR-1013;2004-01-28;M;VIP;12;2898;2160;App;CS2;5.0;1
SESS-12725;2026-08-02 07:16:34;USR-1597;2010-02-20;M;Standard;5;420;450;App;Dota 2;4.0;1
SESS-11860;2026-08-28 16:35:26;USR-1668;1994-04-21;F;VIP;3;1050;600;Card;GTA V;;0
SESS-13457;2026-08-14 13:13:09;USR-1013;2004-01-28;M;Bootcamp;2;0;300;Card;Valorant;4.0;0
SESS-10023;2026-08-29 20:32:26;USR-1280;1994-07-18;F;VIP;4;1020;800;Card;CS2;;0
SESS-11569;2026-08-08 10:31:29;USR-1093;2005-01-04;F;Standard;2;0;200;Card;Apex Legends;;0
SESS-15137;2026-08-19 18:39:24;USR-1014;2012-10-25;M;Standard;1;0;100;Card;Valorant;;0
SESS-12344;2026-08-05 16:18:19;USR-1191;2011-05-01;M;VIP;1;0;200;Card;CS2;;0
SESS-10876;2026-08-24 18:29:43;USR-1118;2012-06-26;M;Standard;3;0;300;Cash;CS2;;0
SESS-14950;2026-08-21 12:04:35;USR-1050;2004-06-28;M;Bootcamp;1;0;150;App;Deadlock;4.0;0
SESS-11405;2026-08-09 19:24:52;USR-1297;2002-03-08;M;Bootcamp;1;0;150;Card;Valorant;4.0;0
SESS-15523;2026-08-08 18:43:15;USR-1178;2008-07-23;M;Bootcamp;1;0;150;Card;Dota 2;;0
SESS-13789;2026-08-19 16:09:24;USR-1732;2004-01-01;F;Standard;2;160;200;Card;Valorant;;0
SESS-10778;2026-08-25 15:27:47;USR-1148;2008-04-10;F;Standard;2;0;200;Cash;Dota 2;;0
SESS-10819;2026-08-22 21:38:42;USR-1102;1998-08-23;M;PS5;2;510;500;Card;Browser/Work;;0
SESS-11333;2026-08-09 19:17:48;USR-1076;2006-09-12;M;Bootcamp;3;0;450;App;CS2;;0
SESS-10518;2026-08-05 07:58:49;USR-1568;2007-09-08;F;Standard;1;80;100;Card;CS2;;0
SESS-10468;2026-08-12 12:54:52;USR-1017;2006-06-21;M;Bootcamp;3;560;450;App;Apex Legends;;0
SESS-12999;2026-08-09 10:48:38;USR-1284;1993-11-23;F;Bootcamp;1;550;150;App;CS2;4.5;0
SESS-13265;2026-08-14 01:12:07;USR-1251;2006-04-10;M;Standard;5;0;500;Card;CS2;2.0;0
SESS-10830;2026-08-01 20:44:27;USR-1704;2007-12-26;M;VIP;1;0;200;App;CS2;;0
SESS-10296;2026-08-08 16:07:50;USR-1016;2002-04-03;M;Standard;4;0;400;Card;Apex Legends;5.0;0
SESS-12880;2026-08-19 19:26:08;USR-1158;2006-01-06;M;Standard;3;0;300;App;CS2;;0
SESS-14014;2026-08-17 22:38:44;USR-1011;2002-09-04;F;Bootcamp;8;790;1200;Card;Dota 2;;0
SESS-11038;2026-08-09 21:42:35;USR-1421;2011-06-05;M;Standard;1;0;100;App;Deadlock;;0
SESS-12589;2026-08-31 14:58:19;USR-1551;2010-10-13;M;PS5;5;0;1250;Cash;Minecraft;5.0;0
SESS-12572;2026-08-05 16:37:10;USR-1540;2010-06-16;M;Standard;3;0;300;App;Valorant;4.0;0
SESS-12590;2026-08-10 11:03:12;USR-1413;2005-03-08;M;VIP;2;390;400;Card;PUBG;;0
SESS-13199;2026-08-23 23:14:42;USR-1495;2006-12-16;M;PS5;12;0;3000;Card;Cyberpunk 2077;;0
SESS-14670;2026-08-10 22:03:25;USR-1575;2009-09-25;M;Bootcamp;8;480;1200;App;Dota 2;;0
SESS-12230;2026-08-16 11:24:45;USR-1130;2010-12-28;M;Standard;1;0;100;Card;Dota 2;;0
SESS-13695;2026-08-24 17:47:07;USR-1605;2005-11-02;M;Standard;1;120;100;App;Valorant;;0
SESS-14785;2026-08-25 21:32:29;USR-1020;2010-04-19;M;Standard;1;0;100;App;CS2;;0
SESS-13363;2026-08-04 16:09:52;USR-1047;2008-03-26;M;Bootcamp;2;0;300;Card;CS2;;0
SESS-11424;2026-08-18 12:40:23;USR-1467;2011-10-16;M;Standard;2;0;200;Cash;CS2;;0
SESS-12829;2026-08-24 11:44:06;USR-1354;2010-03-22;M;VIP;4;224;720;App;GTA V;;1
SESS-10520;2026-08-19 19:04:04;USR-1175;2006-10-19;M;Standard;3;360;300;Card;Dota 2;;0
SESS-12380;2026-08-15 21:15:43;USR-1692;2008-03-01;M;Bootcamp;5;951;675;Card;Dota 2;5.0;1
SESS-13547;2026-08-22 21:15:04;USR-1391;2007-07-28;M;VIP;4;658;720;App;Dota 2;4.5;1
SESS-10510;2026-08-01 20:11:50;USR-1243;2006-04-18;F;Standard;5;840;450;App;CS2;4.0;1
SESS-15104;2026-08-15 07:10:37;USR-1016;2002-04-03;M;VIP;3;560;600;Card;Deadlock;;0
SESS-11952;2026-08-11 19:16:39;USR-1233;2006-08-20;M;VIP;3;510;600;Card;CS2;;0
SESS-14327;2026-08-18 02:29:32;USR-1728;2012-01-22;M;Standard;5;0;500;Card;Valorant;5.0;0
SESS-15068;2026-08-19 21:13:52;USR-1265;2004-09-02;M;Standard;8;1792;720;Card;PUBG;3.0;1
SESS-12135;2026-08-09 12:47:34;USR-1643;2007-06-26;M;VIP;4;0;720;Card;Cyberpunk 2077;5.0;1
SESS-13526;2026-08-22 13:36:57;USR-1265;2004-09-02;M;Standard;3;0;270;Card;Deadlock;;1
SESS-11284;2026-08-01 10:17:28;USR-1124;2004-10-22;M;Bootcamp;4;470;600;Cash;Dota 2;5.0;0
SESS-15134;2026-08-17 22:35:53;USR-1578;2011-02-07;M;Bootcamp;8;0;1200;App;CS2;;0
SESS-10740;2026-08-13 14:42:28;USR-1107;1996-01-10;F;Standard;1;250;100;Card;Dota 2;4.5;0
SESS-10141;2026-08-26 12:30:50;USR-1163;2006-10-14;M;Standard;4;640;400;App;Deadlock;;0
SESS-13772;2026-08-15 10:50:04;USR-1500;2010-08-07;M;Standard;2;160;200;Card;Valorant;;0
SESS-13389;2026-08-22 22:05:02;USR-1430;2005-08-26;M;Standard;8;960;800;Card;CS2;4.0;0
SESS-13432;2026-08-13 15:43:09;USR-1144;2001-08-15;M;VIP;3;0;600;Card;Deadlock;;0
SESS-10732;2026-08-25 12:34:28;USR-1253;2006-04-28;M;Standard;1;0;100;App;Deadlock;4.0;0
SESS-10578;2026-08-15 00:05:04;USR-1139;2004-06-17;M;Bootcamp;12;0;1800;Card;CS2;;0
SESS-14088;2026-08-17 08:53:36;USR-1699;1991-01-24;M;VIP;4;0;800;Card;Dota 2;4.0;0
SESS-15149;2026-08-02 22:15:48;USR-1416;2008-03-07;F;VIP;12;2800;2160;Card;Dota 2;4.5;1
SESS-11902;2026-08-16 03:28:35;USR-1679;2011-04-06;M;PS5;1;0;250;App;Dota 2;4.5;0
SESS-12134;2026-08-22 21:14:22;USR-1067;2003-06-11;F;ps5;2;560;360;App;Valorant;3.0;1
SESS-13945;2026-08-08 12:25:07;USR-1108;1998-04-14;M;Standard;1;250;100;Card;Cyberpunk 2077;;0
SESS-10499;2026-08-09 12:01:14;USR-1061;2005-08-26;F;PS5;1;80;250;Card;CS2;;0
SESS-13591;2026-08-02 08:23:50;USR-1156;2008-07-22;M;Bootcamp;2;0;300;App;CS2;1.0;0
SESS-12338;2026-08-12 14:45:08;USR-1040;1991-09-28;M;PS5;3;660;750;Card;Browser/Work;;0
SESS-10492;2026-08-16 18:40:01;USR-1229;2000-05-06;M;VIP;1;378;180;Card;Browser/Work;;1
SESS-13234;2026-08-26 00:09:21;USR-1589;2011-10-19;M;Standard;8;0;800;Cash;CS2;;0
SESS-14944;2026-08-14 15:35:28;USR-1383;2009-05-24;M;Standard;4;0;400;App;CS2;4.0;0
SESS-13712;2026-08-07 13:07:24;USR-1418;2006-06-05;M;VIP;1;160;200;Card;CS2;4.5;0
SESS-14841;2026-08-30 19:40:06;USR-1094;1994-08-05;M;Standard;2;500;200;Card;Cyberpunk 2077;;0
SESS-13259;2026-08-19 15:53:37;USR-1014;2012-10-25;M;VIP;5;0;1000;Cash;Minecraft;5.0;0
SESS-15181;2026-08-08 23:14:09;USR-1708;2008-01-18;M;VIP;3;560;600;Card;Dota 2;3.0;0
SESS-15121;2026-08-01 14:15:49;USR-1001;1992-12-07;M;PS5;3;660;750;Card;CS2;4.0;0
SESS-14543;2026-08-07 00:24:04;USR-1615;1994-10-25;M;Standard;8;1440;800;Card;PUBG;5.0;0
SESS-13301;2026-08-21 01:59:02;USR-1146;2006-03-03;M;VIP;3;0;600;Card;Deadlock;3.0;0
SESS-13936;2026-08-01 21:43:24;USR-1647;2009-05-01;M;Bootcamp;2;0;300;Card;Minecraft;;0
SESS-14408;2026-08-11 23:19:35;USR-1159;2005-01-02;M;Bootcamp;12;0;1800;Card;Dota 2;2.0;0
SESS-13385;2026-08-18 11:05:18;USR-1553;2011-06-07;F;VIP ;4;0;800;App;Minecraft;4.5;0
SESS-15580;2026-08-24 21:43:43;USR-1427;2009-08-23;M;Bootcamp;5;0;750;Cash;CS2;;0
SESS-14268;2026-08-19 21:40:35;USR-1674;2000-06-17;M;VIP;5;2170;900;Cash;CS2;5.0;1
SESS-12286;2026-08-01 14:49:00;USR-1754;2010-11-03;M;Standard;5;400;500;Cash;GTA V;;0
SESS-10977;2026-08-11 09:03:46;USR-1525;2003-09-24;M;VIP;1;230;200;App;Valorant;;0
SESS-11738;2026-08-22 15:22:45;USR-1052;2007-09-02;M;Standard;3;480;300;Card;Dota 2;5.0;0
SESS-15141;2026-08-27 10:37:32;USR-1131;2008-12-05;F;VIP;2;0;400;Card;Apex Legends;;0
SESS-13005;2026-08-18 19:29:21;USR-1758;2012-09-07;M;VIP;2;160;400;Cash;CS2;5.0;0
SESS-12647;2026-08-21 20:38:01;USR-1526;1990-05-25;F;Standard;2;360;200;Card;Dota 2;;0
SESS-10322;2026-08-02 21:58:08;USR-1643;2007-06-26;M;Standard;1;120;100;Card;Dota 2;4.0;0
SESS-13381;2026-08-29 15:41:15;USR-1109;2006-11-25;M;VIP;1;0;200;App;Deadlock;;0
SESS-11234;2026-08-08 19:20:54;USR-1332;2005-09-26;M;Bootcamp;5;0;750;Cash;PUBG;;0
SESS-13501;2026-08-26 12:51:57;USR-1080;2010-03-26;M;Standard;1;0;100;App;Dota 2;4.0;0
SESS-14910;2026-08-22 21:48:47;USR-1632;2002-12-09;M;Standard;2;0;200;Card;CS2;;0
SESS-10333;2026-08-18 21:24:35;USR-1761;2011-11-20;F;Standard;2;80;200;App;Dota 2;;0
SESS-14821;2026-08-15 17:54:39;USR-1435;1991-09-22;M;VIP;4;0;720;Card;CS2;;1
SESS-14597;2026-08-29 17:24:42;USR-1466;2000-02-05;M;Bootcamp;8;0;1200;Card;PUBG;4.0;0
SESS-14954;2026-08-09 12:22:21;USR-1752;2005-09-10;M;Standard;2;0;200;;CS2;4.0;0
SESS-13810;2026-08-01 10:31:19;USR-1081;1997-07-08;M;Bootcamp;2;660;300;Card;CS2;4.0;0
SESS-12576;2026-08-10 20:53:29;USR-1189;2010-03-07;M;Standard;2;168;180;Cash;Minecraft;;1
SESS-10802;2026-08-26 15:02:57;USR-1480;2008-04-26;M;Bootcamp;2;240;300;Cash;Dota 2;4.0;0
SESS-13580;2026-08-19 16:55:41;USR-1188;1999-01-08;F;Bootcamp;1;480;150;Card;GTA V;4.5;0
SESS-14799;2026-08-05 22:46:56;USR-1555;2006-04-11;M;Standard;12;960;1200;Card;Dota 2;;0
SESS-14310;2026-08-25 17:36:42;USR-1185;2001-12-08;M;Bootcamp;2;546;270;Card;Dota 2;3.0;1
SESS-14572;2026-08-25 13:21:56;USR-1154;2007-03-12;M;Bootcamp;1;0;150;Card;CS2;5.0;0
SESS-10961;2026-08-06 15:38:42;USR-1136;2010-11-02;M;Standard;3;0;300;Cash;CS2;;0
SESS-12579;2026-08-09 11:57:55;USR-1515;2006-06-06;M;VIP;2;400;400;App;PUBG;5.0;0
SESS-11493;2026-08-01 23:34:37;USR-1558;2011-10-06;M;Standard;5;0;500;App;CS2;;0
SESS-14337;2026-08-16 00:36:19;USR-1067;2003-06-11;F;Bootcamp;8;1360;1200;App;CS2;5.0;0
SESS-13753;2026-08-30 20:51:04;USR-1159;2005-01-02;M;Bootcamp;1;160;150;App;CS2;;0
SESS-14677;2026-08-30 19:44:44;USR-1682;2009-01-13;M;Standard;1;40;100;Cash;Valorant;;0
SESS-10140;2026-08-21 22:14:01;USR-1682;2009-01-13;M;Bootcamp;12;0;1800;Card;Deadlock;4.5;0
SESS-11698;2026-08-11 20:29:44;USR-1564;2006-07-18;M;Standard;3;0;270;App;CS2;;1
SESS-13269;2026-08-02 15:46:57;USR-1709;2008-03-27;M;PS5;4;640;1000;Card;CS2;;0
SESS-14356;2026-08-11 21:22:53;USR-1017;2006-06-21;M;Bootcamp;5;951;675;App;Dota 2;;1
SESS-12532;2026-08-16 20:02:37;USR-1571;2012-11-11;M;Standard;2;0;200;Cash;Valorant;;0
SESS-14523;2026-08-09 20:17:40;USR-1083;2012-04-25;M;Standard;2;0;200;Cash;Dota 2;;0
SESS-13142;2026-08-25 16:18:45;USR-1462;2004-04-06;M;Standard;2;0;200;Card;Dota 2;;0
SESS-12567;2026-08-02 19:16:47;USR-1649;2009-07-12;M;Standard;3;0;300;Cash;CS2;4.0;0
SESS-12061;2026-08-11 21:14:24;USR-1216;1990-03-19;M;PS5;3;1050;750;Card;Dota 2;;0
SESS-14909;2026-08-16 20:31:50;USR-1240;2005-05-16;M;VIP;5;680;1000;Card;Dota 2;;0
SESS-11239;2026-08-18 18:38:33;USR-1297;2002-03-08;M;VIP;5;680;1000;Card;Valorant;;0
SESS-10025;2026-08-29 06:14:00;USR-1356;2011-11-27;F;VIP;2;0;400;Cash;CS2;;0
SESS-12458;2026-08-06 10:09:48;USR-1076;2006-09-12;M;Bootcamp;4;720;600;App;CS2;4.5;0
SESS-11005;2026-08-21 12:13:38;USR-1125;2011-08-05;M;VIP;4;0;800;Cash;CS2;;0
SESS-14680;2026-08-29 20:47:07;USR-1555;2006-04-11;M;PS5;2;0;500;Card;Cyberpunk 2077;5.0;0
SESS-12309;2026-08-07 22:54:27;USR-1117;2012-06-18;F;Standard;3;0;300;Cash;Minecraft;;0
SESS-14431;2026-08-24 16:56:27;USR-1650;2005-11-23;M;PS5;2;0;500;Cash;CS2;;0
SESS-14923;2026-08-21 16:56:57;USR-1374;2004-09-22;M;Standard;3;503;270;Card;Dota 2;;1
SESS-15062;2026-08-23 22:25:47;USR-1745;2001-05-01;M;Standard;12;1920;1200;Card;Dota 2;;0
SESS-12367;2026-08-23 17:46:49;USR-1506;2003-04-14;M;PS5;2;336;450;App;CS2;;1
SESS-12545;2026-08-12 22:27:54;USR-1410;2010-04-11;M;Bootcamp;8;0;1200;Cash;CS2;4.5;0
SESS-12582;2026-08-21 12:33:12;USR-1475;2012-02-23;M;Standard;2;0;200;Card;Dota 2;;0
SESS-11704;2026-08-30 15:08:08;USR-1347;2007-03-25;M;Bootcamp;3;448;405;Cash;Dota 2;4.0;1
SESS-11276;2026-08-03 20:35:23;USR-1417;2011-06-25;F;VIP;2;0;400;Cash;Minecraft;;0
SESS-10061;2026-08-02 13:21:09;USR-1028;2002-05-19;M;PS5;2;0;500;Card;CS2;;0
SESS-13289;2026-08-23 10:34:02;USR-1353;2008-06-24;M;VIP;3;0;540;App;CS2;;1
SESS-14598;2026-08-23 16:55:00;USR-1043;2005-02-07;F;Standard;2;0;200;Card;Valorant;;0
SESS-12186;2026-08-11 11:31:08;USR-1102;1998-08-23;M;PS5;2;0;500;Card;Dota 2;;0
SESS-13495;2026-08-25 21:28:32;USR-1292;2004-12-04;F;VIP;1;230;200;Card;CS2;;0
SESS-10803;2026-08-14 19:45:50;USR-1088;2004-02-01;M;Standard;2;224;180;Card;CS2;;1
SESS-10484;2026-08-05 15:48:52;USR-1458;2003-08-27;M;Bootcamp;3;0;450;Card;Dota 2;;0
SESS-12008;2026-08-28 01:05:29;USR-1138;2005-01-08;M;Standard;5;400;500;Card;Deadlock;;0
SESS-12402;2026-08-11 17:12:35;USR-1340;2011-07-19;M;PS5;2;0;450;Card;Minecraft;;1
SESS-15406;2026-08-21 16:54:15;USR-1308;2010-03-03;M;Bootcamp;1;56;135;App;Dota 2;3.0;1
SESS-12786;2026-08-21 03:55:08;USR-1128;1997-08-27;M;PS5;4;0;1000;Card;CS2;;0
SESS-10885;2026-08-08 15:51:55;USR-1568;2007-09-08;F;Standard;3;360;300;App;Deadlock;3.0;0
SESS-14777;2026-08-27 22:29:15;USR-1232;2011-03-07;M;Bootcamp;8;0;1200;Cash;Valorant;4.0;0
SESS-12540;2026-08-01 12:36:46;USR-1545;2012-01-04;M;VIP;2;120;400;App;Minecraft;;0
SESS-11869;2026-08-22 04:03:38;USR-1287;2005-03-11;M;PS5;2;160;500;Card;Valorant;;0
SESS-11363;2026-08-30 17:02:26;USR-1628;2010-07-06;M;Standard;1;0;100;Cash;Valorant;;0
SESS-13160;2026-08-23 10:39:36;USR-1020;2010-04-19;M;Bootcamp;3;0;405;Card;Minecraft;4.0;1
SESS-14971;2026-08-13 12:41:37;USR-1495;2006-12-16;M;Standard;4;672;360;Card;CS2;5.0;1
SESS-10357;2026-08-01 21:21:47;USR-1023;2005-11-18;F;Standard;1;160;100;Card;Deadlock;;0
SESS-10500;2026-08-29 14:12:29;USR-1782;2010-10-05;M;Standard;3;0;300;Card;Dota 2;;0
SESS-12175;2026-08-22 23:24:06;USR-1109;2006-11-25;M;Bootcamp;2;390;300;Card;Dota 2;5.0;0
SESS-12084;2026-08-14 01:37:19;USR-1373;2005-07-27;M;VIP;8;0;1600;Card;CS2;;0
SESS-11898;2026-08-20 16:07:50;USR-1709;2008-03-27;M;Standard;4;0;400;Card;CS2;;0
SESS-10104;2026-08-23 01:59:07;USR-1024;2006-10-08;M;Bootcamp;12;2800;1620;Card;CS2;4.5;1
SESS-11199;2026-08-21 13:45:35;USR-1002;2001-09-28;F;VIP;2;310;400;Card;Dota 2;5.0;0
SESS-11223;2026-08-23 16:46:52;USR-1137;2007-12-19;M;PS5;1;80;250;Card;Deadlock;;0
SESS-13700;2026-08-01 16:13:29;USR-1287;2005-03-11;M;Bootcamp;4;790;600;Card;Minecraft;;0
SESS-13099;2026-08-14 09:20:01;USR-1486;1998-10-11;M;Standard;2;240;200;Card;CS2;;0
SESS-12510;2026-08-29 22:06:41;USR-1794;2005-02-26;M;Bootcamp;5;480;750;Card;Deadlock;;0
SESS-10033;2026-08-10 20:37:34;USR-1434;2007-09-26;M;Bootcamp;5;951;675;App;CS2;5.0;1
SESS-14682;2026-08-28 09:40:31;USR-1552;2011-11-07;M;Standard;2;120;200;Card;CS2;5.0;0
SESS-11212;2026-08-11 17:51:44;USR-1043;2005-02-07;F;Bootcamp;1;270;150;Card;Dota 2;;0
SESS-14199;2026-08-24 23:43:19;USR-1712;2011-11-19;F;Bootcamp;3;0;405;Card;Minecraft;4.5;1
SESS-11631;2026-08-17 14:54:16;USR-1088;2004-02-01;M;Standard;2;160;200;Card;Apex Legends;4.5;0
SESS-13345;2026-08-30 23:19:24;USR-1018;2004-09-15;M;Standard;12;0;1200;App;Dota 2;4.5;0
SESS-12818;2026-08-20 13:16:11;USR-1018;2004-09-15;M;Bootcamp;2;0;300;Card;CS2;;0
SESS-11528;2026-08-27 18:08:42;USR-1699;1991-01-24;M;Bootcamp;8;0;1200;Card;CS2;4.0;0
SESS-12121;2026-08-01 22:17:34;USR-1759;2003-06-09;M;Standard;8;0;800;App;Dota 2;3.0;0
SESS-14213;2026-08-15 17:22:04;USR-1254;2011-07-13;M;Bootcamp;2;0;300;Card;Valorant;;0
SESS-11076;2026-08-21 12:30:39;USR-1160;2007-06-15;M;Bootcamp;3;0;450;Cash;Dota 2;;0
SESS-13523;2026-08-07 17:08:07;USR-1715;2011-04-25;M;Bootcamp;3;120;450;App;CS2;4.5;0
SESS-11991;2026-08-04 13:35:27;USR-1201;2005-09-26;M;PS5;2;320;500;App;Dota 2;5.0;0
SESS-14633;2026-08-13 18:08:11;USR-1221;2008-04-08;M;Bootcamp;3;0;405;App;Valorant;;1
SESS-10168;2026-08-11 20:40:41;USR-1360;2011-04-03;M;Bootcamp;2;80;300;Cash;Apex Legends;;0
SESS-13096;2026-08-15 22:42:21;USR-1484;2005-03-22;M;PS5;12;2688;2700;Card;Deadlock;2.0;1
SESS-11707;2026-08-15 16:38:44;USR-1562;2004-03-28;M;Bootcamp;2;390;300;App;Dota 2;;0
SESS-13625;2026-08-04 01:04:19;USR-1034;2011-05-20;F;Bootcamp;3;251;405;App;Deadlock;5.0;1
SESS-14448;2026-08-19 18:06:57;USR-1228;2005-06-16;M;PS5;4;0;1000;Card;Valorant;4.0;0
SESS-13176;2026-08-18 07:56:48;USR-1118;2012-06-26;M;Standard;4;0;400;Card;Valorant;3.0;0
SESS-11876;2026-08-02 16:46:52;USR-1514;1996-07-11;M;PS5;3;1050;750;Card;PUBG;;0
SESS-12952;2026-08-01 22:03:30;USR-1257;2004-05-13;M;Bootcamp;8;1430;1200;App;Dota 2;5.0;0
SESS-10773;2026-08-02 14:31:37;USR-1137;2007-12-19;M;Standard;4;640;400;App;Deadlock;4.0;0
SESS-10722;2026-08-02 14:37:17;USR-1047;2008-03-26;M;Standard;2;240;200;App;PUBG;;0
SESS-11270;2026-08-26 16:32:26;USR-1734;2011-02-07;M;Standard;2;0;180;App;CS2;;1
SESS-11221;2026-08-29 18:41:42;USR-1056;2005-02-01;F;Standard;2;0;200;Card;Dota 2;;0
SESS-10690;2026-08-19 15:24:39;USR-1181;2005-07-26;F;Bootcamp;2;0;300;Card;Dota 2;;0
SESS-10066;2026-08-31 23:48:05;USR-1134;2000-09-06;M;PS5;8;2150;2000;App;PUBG;;0
SESS-11907;2026-08-31 18:05:18;USR-1268;2006-06-13;M;Bootcamp;2;240;300;Cash;Dota 2;1.0;0
SESS-10125;2026-08-16 18:33:44;USR-1546;1998-07-07;M;VIP;2;0;400;Card;CS2;;0
SESS-13843;2026-08-02 19:30:17;USR-1448;2002-01-03;M;VIP;4;400;800;Card;Dota 2;;0
SESS-14763;2026-08-30 12:55:44;USR-1434;2007-09-26;M;VIP;1;230;200;Card;Dota 2;4.5;0
SESS-13334;2026-08-14 22:06:50;USR-1765;1998-09-01;M;Standard;8;1440;800;App;PUBG;4.0;0
SESS-10982;2026-08-26 21:30:29;USR-1110;2004-06-14;M;VIP;4;1106;720;Card;Dota 2;4.0;1
SESS-13335;2026-08-26 15:39:14;USR-1019;1998-11-10;M;Standard;2;240;200;Card;Dota 2;4.0;0
SESS-14776;2026-08-08 18:21:50;USR-1343;2008-07-15;M;VIP;4;0;720;Card;Valorant;4.0;1
SESS-12657;2026-08-29 19:00:59;USR-1118;2012-06-26;M;Bootcamp;1;0;150;App;CS2;;0
SESS-10002;2026-08-07 17:56:33;USR-1135;2006-08-02;M;VIP;2;240;400;Card;Deadlock;4.5;0
SESS-13485;2026-08-17 16:54:37;USR-1064;2003-01-04;F;VIP;2;320;400;App;CS2;;0
SESS-11033;2026-08-19 20:51:57;USR-1141;2012-07-05;M;Standard;3;0;270;Card;Valorant;5.0;1
SESS-13502;2026-08-06 22:28:08;USR-1035;2005-10-21;M;Bootcamp;8;1007;1080;Card;Dota 2;4.0;1
SESS-13805;2026-08-01 13:12:20;USR-1081;1997-07-08;M;VIP;5;2170;900;Card;Cyberpunk 2077;5.0;1
SESS-10551;2026-08-08 09:19:07;USR-1092;2011-05-01;M;Standard;8;0;800;App;Dota 2;4.5;0
SESS-12006;2026-08-01 22:33:06;USR-1713;2004-05-14;M;Standard;3;360;300;Card;Valorant;;0
SESS-11108;2026-08-17 13:09:05;USR-1049;2008-01-16;F;VIP;4;720;800;Card;Dota 2;4.0;0
SESS-13967;2026-08-01 14:05:22;USR-1136;2010-11-02;M;Standard;3;180;300;Cash;Valorant;3.0;0
SESS-12847;2026-08-11 14:24:17;USR-1002;2001-09-28;F;VIP;3;630;600;Card;CS2;4.5;0
SESS-15111;2026-08-24 18:16:10;USR-1037;2008-10-15;M;Standard;2;320;200;App;CS2;;0
SESS-13848;2026-08-19 22:41:04;USR-1200;2007-08-07;M;VIP;8;720;1600;Card;CS2;5.0;0
SESS-12538;2026-08-25 13:59:50;USR-1046;2009-05-04;M;Standard;1;60;100;App;Dota 2;5.0;0
SESS-15307;2026-08-04 21:49:14;USR-1297;2002-03-08;M;PS5;2;448;450;Card;CS2;4.0;1
SESS-12991;2026-08-30 13:33:15;USR-1113;2007-12-03;F;VIP;2;390;400;App;Deadlock;;0
SESS-13131;2026-08-28 20:55:32;USR-1748;2011-10-27;F;Standard;4;0;400;App;Valorant;;0
SESS-13775;2026-08-25 23:28:04;USR-1515;2006-06-06;M;Bootcamp;8;1554;1080;Card;Dota 2;4.5;1
SESS-14900;2026-08-16 15:17:00;USR-1050;2004-06-28;M;Bootcamp;5;0;675;App;Minecraft;3.0;1
SESS-11989;2026-08-18 21:43:47;USR-1144;2001-08-15;M;Bootcamp;2;400;300;App;CS2;4.0;0
SESS-14848;2026-08-07 17:44:23;USR-1631;1989-08-11;M;PS5;2;390;500;Card;CS2;;0
SESS-13025;2026-08-09 00:37:38;USR-1266;2002-08-27;M;Standard;8;0;800;Card;Dota 2;;0
SESS-14183;2026-08-29 00:58:17;USR-1644;1999-12-25;F;PS5;12;1740;3000;Card;Deadlock;5.0;0
SESS-10604;2026-08-06 17:08:52;USR-1146;2006-03-03;M;Bootcamp;8;0;1200;Card;CS2;5.0;0
SESS-14949;2026-08-15 20:32:25;USR-1085;2011-03-10;M;Standard;2;0;200;App;CS2;;0
SESS-12886;2026-08-18 17:34:30;USR-1320;2005-05-27;M;VIP;1;0;200;Card;CS2;;0
SESS-10305;2026-08-14 19:17:35;USR-1309;2010-08-10;M;Standard;2;0;200;Cash;Valorant;;0
SESS-13087;2026-08-15 23:00:42;USR-1163;2006-10-14;M;Standard;8;960;800;App;Deadlock;3.0;0
SESS-14937;2026-08-06 20:52:24;USR-1299;2008-08-22;M;VIP;1;0;200;App;Valorant;4.5;0
SESS-11713;2026-08-19 10:35:46;USR-1148;2008-04-10;F;Standard;3;0;300;Cash;Valorant;4.5;0
SESS-10238;2026-08-23 17:01:13;USR-1450;1998-12-23;M;VIP;3;660;600;Card;CS2;4.5;0
SESS-10523;2026-08-09 12:04:36;USR-1587;2005-03-27;M;Bootcamp;2;0;300;Card;Deadlock;5.0;0
SESS-11552;2026-08-29 00:35:49;USR-1511;2008-10-14;м;VIP;8;0;1440;Card;CS2;;1
SESS-10847;2026-08-09 16:22:22;USR-1302;2005-05-13;F;PS5;2;160;500;Cash;Valorant;3.0;0
SESS-11050;2026-08-08 15:27:35;USR-1330;2005-05-26;M;Bootcamp;3;560;450;App;CS2;4.0;0
SESS-12050;2026-08-14 19:58:47;USR-1068;2005-02-06;F;Bootcamp;1;0;150;Card;Apex Legends;;0
SESS-13123;2026-08-02 02:29:21;USR-1473;2010-10-17;M;Bootcamp;5;0;750;Cash;Minecraft;3.0;0
SESS-11526;2026-08-01 13:33:05;USR-1088;2004-02-01;M;VIP;3;616;540;Card;CS2;4.5;1
SESS-13626;2026-08-11 22:01:39;USR-1062;2008-06-27;F;Standard;8;960;800;App;Valorant;4.5;0
SESS-11757;2026-08-06 19:48:43;USR-1080;2010-03-26;M;Standard;3;240;300;App;Valorant;5.0;0
SESS-14802;2026-08-25 13:10:41;USR-1427;2009-08-23;M;Standard;3;0;270;App;GTA V;4.5;1
SESS-13978;2026-08-19 14:43:54;USR-1634;2005-10-14;M;Bootcamp;1;230;150;App;CS2;;0
SESS-13308;2026-08-27 21:16:49;USR-1495;2006-12-16;M;VIP;3;0;600;App;Dota 2;4.0;0
SESS-12181;2026-08-15 13:26:34;USR-1122;2009-02-15;M;Standard;3;336;270;Card;Valorant;4.5;1
SESS-14452;2026-08-18 22:01:24;USR-1356;2011-11-27;F;Standard;3;180;300;Card;Valorant;5.0;0
SESS-14797;2026-08-15 23:53:51;USR-1231;2004-08-22;F;Standard;3;0;300;Card;Valorant;;0
SESS-14693;2026-08-27 22:05:20;USR-1093;2005-01-04;F;VIP;12;0;2400;App;Apex Legends;;0
SESS-13938;2026-08-23 18:47:59;USR-1685;2010-03-16;M;PS5;2;0;500;App;Minecraft;4.0;0
SESS-10681;2026-08-18 17:36:10;USR-1379;2006-07-16;M;Standard;2;320;200;App;Valorant;;0
SESS-13632;2026-08-12 16:11:44;USR-1337;2000-05-07;M;Standard;4;1007;360;Card;PUBG;4.0;1
SESS-14821;2026-08-15 17:54:39;USR-1435;1991-09-22;M;VIP;4;0;720;Card;CS2;;1
SESS-12597;2026-08-09 02:27:19;USR-1610;2010-03-28;M;Standard;3;0;300;Card;CS2;;0
SESS-10583;2026-08-08 19:32:53;USR-1096;2000-06-13;M;PS5;3;1470;675;Card;Cyberpunk 2077;3.0;1
SESS-14883;2026-08-24 23:41:39;USR-1181;2005-07-26;F;Standard;5;0;500;Card;CS2;4.0;0
SESS-13827;2026-08-31 01:48:57;USR-1555;2006-04-11;M;Bootcamp;12;1110;1800;Card;CS2;;0
SESS-14030;2026-08-16 13:57:23;USR-1035;2005-10-21;M;Standard;1;120;100;App;CS2;;0
SESS-10899;2026-08-02 19:40:51;USR-1686;2006-06-18;M;Bootcamp;2;0;270;Card;CS2;;1
SESS-12734;2026-08-16 16:40:59;USR-1012;2003-04-12;F;VIP;12;1520;2400;Card;CS2;3.0;0
SESS-10848;2026-08-23 11:53:55;USR-1472;2010-10-08;M;Standard;1;0;100;App;Dota 2;;0
SESS-11219;2026-08-14 19:06:43;USR-1794;2005-02-26;M;Bootcamp;1;0;150;App;Dota 2;;0
SESS-11715;2026-08-04 15:05:43;USR-1155;2012-05-12;F;Bootcamp;1;40;150;App;Valorant;3.0;0
SESS-13120;2026-08-20 00:23:43;USR-1123;2012-08-03;f;Bootcamp;8;0;1200;Cash;CS2;4.5;0
SESS-11068;2026-08-27 19:15:59;USR-1106;2008-02-13;M;Bootcamp;1;160;150;App;Dota 2;4.0;0
SESS-15087;2026-08-22 17:33:57;USR-1396;2006-01-08;M;Bootcamp;2;390;300;App;Valorant;;0
SESS-12586;2026-08-05 22:29:17;USR-1621;2011-12-21;M;VIP;5;200;1000;Cash;CS2;4.5;0
SESS-12638;2026-08-05 19:34:29;USR-1106;2008-02-13;M;Bootcamp;3;714;405;Card;Deadlock;4.0;1
SESS-10916;2026-08-12 11:43:52;USR-1094;1994-08-05;M;PS5;2;650;500;Card;Dota 2;;0
SESS-13556;2026-08-17 11:43:32;USR-1710;2008-05-15;M;VIP;1;0;200;;CS2;4.5;0
SESS-12967;2026-08-28 11:49:25;USR-1032;2007-01-28;M;Standard;3;0;300;Card;Valorant;;0
SESS-12033;2026-08-30 18:48:33;USR-1095;2010-06-09;M;Standard;2;224;180;App;CS2;;1
SESS-10294;2026-08-29 12:42:17;USR-1052;2007-09-02;M;Standard;12;2688;1080;App;CS2;5.0;1
SESS-14681;2026-08-06 15:15:26;USR-1276;2006-10-02;M;PS5;2;448;450;Card;PUBG;4.5;1
SESS-14612;2026-08-23 12:37:01;USR-1107;1996-01-10;F;Standard;2;360;200;Card;Deadlock;;0
SESS-13788;2026-08-14 19:34:15;USR-1312;2007-12-10;M;PS5;1;0;250;Cash;Deadlock;;0
SESS-13414;2026-08-19 14:08:02;USR-1547;2010-04-05;M;Standard;2;0;200;Card;Valorant;;0
SESS-12283;2026-08-05 20:31:14;USR-1039;2005-04-25;M;VIP;4;0;720;App;Cyberpunk 2077;;1
SESS-14637;2026-08-22 22:02:15;USR-1765;1998-09-01;M;Standard;3;0;300;Card;Browser/Work;2.0;0
SESS-11677;2026-08-10 15:43:37;USR-1069;2004-11-11;M;PS5;4;896;900;Card;CS2;;1
SESS-13226;2026-08-23 15:29:59;USR-1622;2007-09-09;F;VIP;8;1360;1600;App;Minecraft;2.0;0
SESS-12375;2026-08-30 14:31:22;USR-1366;2009-08-04;F;Standard;3;0;270;Card;Dota 2;4.0;1
SESS-12300;2026-08-08 10:32:07;USR-1142;2010-09-26;M;Bootcamp;1;0;150;Cash;CS2;;0
SESS-11699;2026-08-10 18:15:39;USR-1209;2011-08-10;F;Standard;2;120;200;App;CS2;4.5;0
SESS-11404;2026-08-02 17:58:13;USR-1313;1995-12-07;M;VIP;4;1218;720;Card;Cyberpunk 2077;;1
SESS-10530;2026-08-08 20:51:18;USR-1684;2009-08-27;M;Bootcamp;1;80;150;App;Dota 2;;0
SESS-10073;2026-08-14 20:54:28;USR-1124;2004-10-22;M;Bootcamp;2;0;300;Card;Apex Legends;;0
SESS-14263;2026-08-07 11:15:17;USR-1086;2004-06-19;M;PS5;5;840;1125;App;CS2;3.0;1
SESS-15375;2026-08-22 23:33:04;USR-1777;2006-06-14;M;VIP;12;1520;2400;App;CS2;4.5;0
SESS-12779;2026-08-30 13:20:09;USR-1484;2005-03-22;M;Standard;4;640;400;Card;CS2;;0
SESS-10841;2026-08-09 20:26:18;USR-1126;2010-02-08;M;Standard;2;0;200;App;Minecraft;;0
SESS-12759;2026-08-29 21:18:51;USR-1077;2003-08-14;M;VIP;1;240;200;Card;CS2;4.0;0
SESS-10934;2026-08-18 12:06:37;USR-1044;2006-08-14;F;VIP;1;200;200;Cash;Dota 2;5.0;0
SESS-13668;2026-08-14 19:46:11;USR-1085;2011-03-10;M;Bootcamp;3;240;450;App;CS2;4.5;0
SESS-11168;2026-08-13 18:13:53;USR-1777;2006-06-14;M;Standard;5;400;500;Card;Dota 2;4.0;0
SESS-10762;2026-08-25 15:45:11;USR-1067;2003-06-11;F;Standard;3;0;270;Card;CS2;;1
SESS-13343;2026-08-30 21:09:54;USR-1377;2012-01-12;F;VIP;3;0;540;Card;Dota 2;;1
SESS-11950;2026-08-27 21:30:34;USR-1793;1995-11-05;M;VIP;1;0;200;Card;GTA V;5.0;0
SESS-14766;2026-08-30 18:52:26;USR-1315;2008-08-08;M;Standard;2;0;200;App;Apex Legends;;0
SESS-14770;2026-08-09 11:58:17;USR-1157;2009-01-09;M;Standard;2;0;200;App;Dota 2;;0
SESS-10597;2026-08-14 15:56:28;USR-1588;2006-08-03;M;VIP;1;0;180;Card;GTA V;;1
SESS-11058;2026-08-08 00:02:11;USR-1443;2007-09-13;M;Standard;8;960;800;App;CS2;2.0;0
SESS-15584;2026-08-07 21:33:46;USR-1213;2008-08-22;M;PS5;1;80;250;Card;Dota 2;5.0;0
SESS-10644;2026-08-02 15:41:34;USR-1154;2007-03-12;M;VIP;2;470;400;Card;Dota 2;;0
SESS-11575;2026-08-20 08:52:53;USR-1089;2009-09-24;M;Standard;2;0;180;Cash;CS2;5.0;1
SESS-13388;2026-08-20 06:11:30;USR-1148;2008-04-10;F;Bootcamp;1;240;150;Card;CS2;;0
SESS-11123;2026-08-08 18:17:53;USR-1452;2007-02-14;M;Standard;3;0;300;Cash;CS2;;0
SESS-10828;2026-08-16 10:55:29;USR-1102;1998-08-23;M;Bootcamp;4;1610;540;Card;CS2;;1
SESS-14458;2026-08-14 18:21:56;USR-1625;2007-05-21;M;Bootcamp;4;1007;540;Card;Minecraft;;1
SESS-13126;2026-08-28 18:41:47;USR-1179;2008-06-01;M;Standard;1;0;100;Card;Dota 2;;0
SESS-15358;2026-08-17 13:05:34;USR-1055;2004-02-26;M;PS5;3;0;675;Card;CS2;4.5;1
SESS-10384;2026-08-12 20:15:04;USR-1086;2004-06-19;M;PS5;1;160;250;Card;Dota 2;;0
SESS-10295;2026-08-20 07:10:56;USR-1143;2009-12-19;M;Bootcamp;2;0;300;Card;Minecraft;;0
SESS-14901;2026-08-29 17:35:03;USR-1446;2005-02-16;M;Bootcamp;3;0;450;Card;Valorant;4.0;0
SESS-11162;2026-08-22 21:57:46;USR-1074;2005-02-02;M;Standard;2;0;200;Card;Valorant;4.5;0
SESS-13905;2026-08-15 17:14:40;USR-1166;2005-01-13;M;VIP;2;320;400;Card;Dota 2;5.0;0
SESS-10612;2026-08-10 17:36:47;USR-1415;2002-04-06;M;PS5;12;960;3000;App;Apex Legends;5.0;0
SESS-12228;2026-08-22 18:59:18;USR-1752;2005-09-10;M;VIP;1;0;200;Card;Apex Legends;;0
SESS-10635;2026-08-28 11:59:56;USR-1154;2007-03-12;M;Standard;2;0;200;Card;CS2;;0
SESS-15306;2026-08-08 15:06:29;USR-1074;2005-02-02;M;Bootcamp;2;320;300;Card;CS2;;0
SESS-12921;2026-08-27 16:02:27;USR-1432;1988-07-15;M;Standard;3;540;300;Card;PUBG;4.0;0
SESS-12038;2026-08-23 19:32:44;USR-1690;2008-02-17;M;Bootcamp;3;0;450;Card;CS2;4.5;0
SESS-15349;2026-08-27 16:55:23;USR-1694;2012-01-19;M;Standard;2;0;200;Cash;CS2;;0
SESS-15022;2026-08-27 20:42:31;USR-1656;2009-06-12;M;VIP;2;0;400;App;Deadlock;;0
SESS-15551;2026-08-11 11:49:24;USR-1229;2000-05-06;M;VIP;2;390;400;Card;Dota 2;;0
SESS-11253;2026-08-07 21:06:22;USR-1620;2012-12-05;M;Standard;2;224;180;Cash;Dota 2;;1
SESS-11691;2026-08-01 19:46:31;USR-1077;2003-08-14;M;PS5;3;503;675;App;CS2;4.5;1
SESS-12487;2026-08-19 22:01:45;USR-1485;2007-07-02;F;Bootcamp;8;1903;1080;Card;CS2;4.5;1
SESS-15215;2026-08-15 12:21:11;USR-1348;2003-03-16;M;VIP;5;880;1000;App;Deadlock;;0
SESS-14346;2026-08-07 16:04:15;USR-1314;1993-11-03;M;VIP;3;1470;540;Card;CS2;4.5;1
SESS-10905;2026-08-01 13:31:18;USR-1710;2008-05-15;M;VIP;2;400;400;Card;Dota 2;;0
SESS-10416;2026-08-09 20:10:30;USR-1207;2002-07-21;F;PS5;3;672;675;Card;CS2;4.0;1
SESS-14444;2026-08-08 14:43:59;USR-1294;1996-04-28;M;VIP;1;480;200;Card;Dota 2;;0
SESS-11573;2026-08-07 13:39:10;USR-1061;2005-08-26;F;Standard;3;0;300;Card;Dota 2;4.5;0
SESS-11246;2026-08-21 10:39:18;USR-1246;1996-02-20;M;Standard;5;0;450;Cash;Dota 2;4.5;1
SESS-10652;2026-08-01 21:23:55;USR-1116;2006-02-02;M;Standard;3;0;300;App;CS2;;0
SESS-12210;2026-08-29 23:14:12;USR-1399;2008-07-10;M;Standard;8;0;720;App;Dota 2;;1
SESS-10267;2026-08-15 16:19:21;USR-1048;2012-07-10;F;Bootcamp;1;0;150;App;Dota 2;;0
SESS-11020;2026-08-05 14:52:33;USR-1054;2010-09-08;M;Bootcamp;2;0;300;Cash;CS2;;0
SESS-13010;2026-08-28 17:19:37;USR-1064;2003-01-04;F;Standard;4;0;360;Card;Apex Legends;5.0;1
SESS-14296;2026-08-07 23:29:07;USR-1792;2006-11-15;M;VIP;8;790;1600;Cash;CS2;4.5;0
SESS-10024;2026-08-24 18:52:32;USR-1752;2005-09-10;M;Bootcamp;1;310;150;App;Deadlock;4.0;0
SESS-10134;2026-08-28 20:51:08;USR-1000;2006-02-16;M;VIP;2;0;360;Card;Apex Legends;3.0;1
SESS-15214;2026-08-28 20:46:52;USR-1159;2005-01-02;M;Standard;4;448;360;Cash;Dota 2;4.5;1
SESS-12096;2026-08-08 23:24:15;USR-1578;2011-02-07;M;Standard;8;640;800;Cash;Minecraft;4.5;0
SESS-15571;2026-08-08 13:50:33;USR-1019;1998-11-10;M;Bootcamp;4;870;600;Card;CS2;;0
SESS-10632;2026-08-01 00:00:06;USR-1311;2010-11-16;M;PS5;8;896;1800;App;CS2;;1
SESS-11241;2026-08-20 20:14:53;USR-1402;1986-06-13;M;VIP;2;510;400;Card;PUBG;;0
SESS-13365;2026-08-08 21:25:51;USR-1081;1997-07-08;M;PS5;2;390;500;Card;Cyberpunk 2077;5.0;0
SESS-14393;2026-08-26 22:26:47;USR-1545;2012-01-04;M;PS5;3;0;675;Cash;CS2;;1
SESS-12387;2026-08-03 19:48:59;USR-1149;1994-08-11;M;Standard;2;500;200;Card;Cyberpunk 2077;;0
SESS-11198;2026-08-17 17:02:50;USR-1705;2009-02-04;M;Bootcamp;2;0;270;App;CS2;4.0;1
SESS-12215;2026-08-08 18:08:10;USR-1050;2004-06-28;M;Bootcamp;3;714;405;Cash;CS2;;1
SESS-15180;2026-08-02 20:51:39;USR-1001;1992-12-07;M;VIP;2;0;400;Card;Browser/Work;;0
SESS-13286;2026-08-14 14:09:30;USR-1604;2007-01-04;M;Standard;2;160;200;Card;CS2;4.5;0
SESS-15277;2026-08-07 16:29:12;USR-1157;2009-01-09;M;VIP;2;80;400;App;Minecraft;2.0;0
SESS-10976;2026-08-08 16:33:33;USR-1078;1995-02-26;M;VIP;2;650;400;Card;Dota 2;;0
SESS-12772;2026-08-06 17:45:08;USR-1136;2010-11-02;M;Bootcamp;1;80;150;App;Dota 2;;0
SESS-11351;2026-08-12 22:04:32;USR-1355;2011-11-27;M;Standard;5;0;500;Cash;CS2;4.0;0
SESS-11331;2026-08-17 19:53:21;USR-1377;2012-01-12;F;Bootcamp;1;80;150;App;GTA V;;0
SESS-12438;2026-08-06 11:21:04;USR-1089;2009-09-24;M;Standard;4;0;400;App;CS2;;0
SESS-14205;2026-08-24 19:40:52;USR-1047;2008-03-26;M;Standard;2;0;200;App;Dota 2;;0
SESS-13630;2026-08-07 21:36:54;USR-1648;1995-07-04;M;VIP;3;1050;600;Card;Dota 2;4.5;0
SESS-14798;2026-08-16 17:03:26;USR-1125;2011-08-05;M;VIP;2;120;400;Card;Minecraft;;0
SESS-14203;2026-08-22 14:08:06;USR-1158;2006-01-06;M;Bootcamp;4;470;600;Card;Valorant;;0
SESS-11990;2026-08-26 23:02:00;USR-1362;1995-01-20;M;VIP;8;2226;1440;Card;Dota 2;4.5;1
SESS-12079;2026-08-15 09:25:43;USR-1589;2011-10-19;M;Standard;2;0;200;App;CS2;4.5;0
SESS-15557;2026-08-01 01:19:39;USR-1355;2011-11-27;M;Standard;8;0;720;App;Minecraft;;1
SESS-14643;2026-08-22 07:33:06;USR-1016;2002-04-03;M;Bootcamp;4;1007;540;App;CS2;4.0;1
SESS-10958;2026-08-08 23:39:34;USR-1584;2011-11-07;M;Standard;8;0;800;App;Dota 2;4.0;0
SESS-13713;2026-08-21 17:06:30;USR-1597;2010-02-20;M;Standard;4;320;400;App;Valorant;4.0;0
SESS-11946;2026-08-02 09:27:21;USR-1626;1991-12-25;F;VIP;1;588;180;Card;Dota 2;4.0;1
SESS-12433;2026-08-16 18:33:46;USR-1198;2011-08-10;F;Standard;3;0;300;App;Deadlock;5.0;0
SESS-10737;2026-08-20 14:40:26;USR-1354;2010-03-22;M;Standard;5;560;450;Card;CS2;4.5;1
SESS-15233;2026-08-15 10:22:55;USR-1018;2004-09-15;M;Standard;1;120;100;Card;Dota 2;1.0;0
SESS-12237;2026-08-14 18:57:26;USR-1039;2005-04-25;M;PS5;3;0;675;Card;Dota 2;5.0;1
SESS-13339;2026-08-17 13:09:02;USR-1085;2011-03-10;M;PS5;12;0;2700;App;Valorant;;1
SESS-14599;2026-08-16 18:52:02;USR-1580;2011-12-09;F;Standard;2;0;200;Card;CS2;;0
SESS-13454;2026-08-23 00:30:01;USR-1112;2010-12-09;M;Standard;12;480;1200;Cash;CS2;;0
SESS-12924;2026-08-12 20:14:15;USR-1762;2011-12-05;M;Standard;2;0;180;App;CS2;;1
SESS-10501;2026-08-04 08:10:11;USR-1514;1996-07-11;M;VIP;2;660;400;Card;CS2;5.0;0
SESS-11457;2026-08-15 15:45:09;USR-1525;2003-09-24;M;Bootcamp;2;390;300;App;CS2;4.5;0
SESS-12386;2026-08-02 14:27:57;USR-1027;2002-07-03;M;Bootcamp;3;0;450;App;CS2;;0
SESS-11702;2026-08-19 20:20:56;USR-1587;2005-03-27;M;Standard;3;336;270;Card;Dota 2;;1
SESS-11608;2026-08-28 16:18:25;USR-1565;2002-01-03;M;PS5;3;480;750;App;Dota 2;4.5;0
SESS-12423;2026-08-13 21:57:57;USR-1283;2011-12-15;M;Standard;3;168;270;App;Dota 2;5.0;1
SESS-13263;2026-08-01 13:32:12;USR-1099;2006-06-02;M;Bootcamp;1;230;150;App;Dota 2;;0
SESS-10005;2026-08-30 12:14:55;USR-1782;2010-10-05;M;Standard;8;0;720;Cash;CS2;;1
SESS-11169;2026-08-04 19:52:41;USR-1037;2008-10-15;M;Standard;2;320;200;App;Deadlock;5.0;0
SESS-11432;2026-08-18 21:05:31;USR-1560;2002-04-01;M;Bootcamp;4;720;600;Card;Valorant;;0
SESS-15207;2026-08-29 23:44:21;USR-1764;2000-04-05;M;VIP;8;2150;1600;Card;Browser/Work;5.0;0
SESS-12863;2026-08-08 19:58:04;USR-1119;2005-11-03;M;VIP;3;784;540;Card;CS2;4.5;1
SESS-11515;2026-08-29 17:08:53;USR-1043;2005-02-07;F;PS5;1;80;250;App;Minecraft;;0
SESS-10032;2026-08-29 10:21:33;USR-1779;2007-02-20;M;PS5;1;0;225;App;Valorant;;1
SESS-15403;2026-08-28 11:35:11;USR-1255;2003-02-16;M;Bootcamp;2;320;300;Card;Dota 2;4.0;0
SESS-15231;2026-08-29 23:46:22;USR-1183;2012-03-28;F;Standard;8;0;800;App;Valorant;;0
SESS-12281;2026-08-28 19:25:07;USR-1101;2006-02-04;F;VIP;2;320;400;Card;Dota 2;4.5;0
SESS-12305;2026-08-15 11:55:42;USR-1526;1990-05-25;F;Standard;2;0;200;Card;Cyberpunk 2077;;0
SESS-11220;2026-08-03 03:24:45;USR-1555;2006-04-11;M;VIP;2;310;400;Card;Dota 2;;0
SESS-14096;2026-08-27 18:09:08;USR-1006;2005-07-07;M;Standard;1;80;100;Card;Valorant;;0
SESS-14110;2026-08-23 14:56:18;USR-1075;2006-09-21;F;Bootcamp;2;400;300;Card;Deadlock;;0
SESS-14457;2026-08-19 23:48:17;USR-1698;2008-06-25;M;Bootcamp;8;1554;1080;Card;CS2;5.0;1
SESS-12295;2026-08-02 22:57:37;USR-1562;2004-03-28;M;VIP;5;672;900;Card;Valorant;4.5;1
SESS-10647;2026-08-06 12:10:18;USR-1079;2003-06-06;M;Bootcamp;2;390;300;Card;Apex Legends;;0
SESS-11786;2026-08-22 21:37:05;USR-1658;1995-01-11;M;Bootcamp;5;0;750;App;CS2;;0
SESS-10896;2026-08-27 07:40:25;USR-1002;2001-09-28;F;Standard;1;0;100;Card;CS2;;0
SESS-10720;2026-08-29 19:41:31;USR-1004;2010-05-15;F;VIP;5;0;1000;Card;CS2;4.5;0
SESS-11948;2026-08-11 18:21:27;USR-1027;2002-07-03;M;Standard;3;0;300;App;Valorant;;0
SESS-12776;2026-08-30 14:13:11;USR-1375;2005-02-25;M;Bootcamp;3;784;405;Card;CS2;4.5;1
SESS-10911;2026-08-05 17:23:17;USR-1333;2011-09-03;M;Standard;5;420;450;App;Minecraft;;1
SESS-10714;2026-08-30 23:56:17;USR-1444;2003-11-22;M;Standard;3;240;300;App;Dota 2;4.0;0
SESS-11620;2026-08-11 00:54:27;USR-1117;2012-06-18;F;Standard;8;0;720;Card;CS2;;1
SESS-15536;2026-08-02 17:19:07;USR-1480;2008-04-26;M;VIP;1;0;200;App;CS2;;0
SESS-10946;2026-08-28 23:56:05;USR-1585;2004-02-04;M;Standard;5;0;500;App;CS2;;0
SESS-12684;2026-08-10 21:22:34;USR-1106;2008-02-13;M;Bootcamp;2;390;300;Card;PUBG;;0
SESS-10584;2026-08-09 08:55:10;USR-1607;2011-12-28;M;Standard;3;180;300;Cash;Valorant;4.5;0
SESS-12462;2026-08-22 17:11:31;USR-1590;2004-02-12;M;Bootcamp;1;270;150;App;Dota 2;;0
SESS-13617;2026-08-27 17:37:22;USR-1208;1990-09-21;M;VIP;2;800;400;Card;Valorant;;0
SESS-10757;2026-08-11 13:55:24;USR-1576;2006-06-25;M;Standard;3;672;270;Card;Cyberpunk 2077;5.0;1
SESS-10805;2026-08-08 23:26:14;USR-1639;2008-06-02;M;Standard;12;1440;1200;Card;Dota 2;4.0;0
SESS-14232;2026-08-31 06:47:35;USR-1129;1997-03-27;M; Bootcamp ;1;270;200;Cash;Dota 2;;0
SESS-10601;2026-08-12 17:05:34;USR-1339;2006-10-23;M;PS5;2;0;500;App;Deadlock;;0
SESS-11230;2026-08-22 01:36:30;USR-1243;2006-04-18;F;VIP;3;0;600;Card;Valorant;;0
SESS-13486;2026-08-04 19:03:26;USR-1788;2007-05-14;M;VIP;8;1106;1440;;Dota 2;5.0;1
SESS-14404;2026-08-31 19:40:59;USR-1125;2011-08-05;M;Standard;3;180;300;Cash;GTA V;1.0;0
SESS-12883;2026-08-18 18:12:06;USR-1690;2008-02-17;M;VIP;2;240;400;App;Valorant;4.5;0
SESS-13915;2026-08-04 00:56:25;USR-1360;2011-04-03;M;Standard;12;480;1200;App;CS2;;0
SESS-10448;2026-08-07 17:09:40;USR-1632;2002-12-09;M;Standard;1;0;100;App;Valorant;4.5;0
SESS-10198;2026-08-12 15:35:17;USR-1535;2005-07-20;M;Standard;3;240;300;Card;CS2;4.0;0
SESS-13787;2026-08-15 15:46:07;USR-1486;1998-10-11;M;PS5;3;900;750;Card;CS2;;0
SESS-12878;2026-08-14 07:26:04;USR-1727;2006-02-01;M;Bootcamp;2;320;300;Card;Deadlock;;0
SESS-11705;2026-08-29 23:32:56;USR-1166;2005-01-13;M;VIP;5;0;1000;Card;Valorant;;0
SESS-12334;2026-08-21 10:01:52;USR-1150;2004-07-09;F;Bootcamp;1;310;150;App;Valorant;;0
SESS-12633;2026-08-11 13:15:33;USR-1116;2006-02-02;M;Standard;2;160;200;Card;PUBG;;0
SESS-12677;2026-08-09 19:17:51;USR-1517;2006-10-03;M;Bootcamp;2;240;300;Card;CS2;5.0;0
SESS-12242;2026-08-09 20:11:47;USR-1049;2008-01-16;F;Bootcamp;2;400;300;App;PUBG;;0
SESS-14814;2026-08-09 19:52:51;USR-1324;1992-09-26;F;PS5;1;0;250;Card;Cyberpunk 2077;;0
SESS-11334;2026-08-04 13:29:58;USR-1209;2011-08-10;F;VIP;2;0;400;App;Minecraft;;0
SESS-11179;2026-08-14 00:48:33;USR-1035;2005-10-21;M;Standard;8;640;800;Card;CS2;4.0;0
SESS-13440;2026-08-11 13:12:56;USR-1388;1988-09-23;M;Standard;3;503;270;App;GTA V;;1
SESS-13268;2026-08-12 17:53:35;USR-1140;2008-01-12;1;Standard;3;672;270;Card;PUBG;;1
SESS-11899;2026-08-14 18:44:35;USR-1459;2005-03-12;M;VIP;3;0;600;Card;Deadlock;;0
SESS-10342;2026-08-21 11:20:59;USR-1033;2003-12-13;M;Standard;3;360;300;Card;Valorant;4.0;0
SESS-10038;2026-08-12 14:05:52;USR-1369;2004-03-20;M;Standard;2;0;200;Card;Dota 2;;0
SESS-12054;2026-08-03 20:41:55;USR-1115;2011-04-23;M;Standard;1;0;100;App;GTA V;;0
SESS-13182;2026-08-19 19:58:13;USR-1682;2009-01-13;M;Standard;2;0;200;App;CS2;;0
SESS-10292;2026-08-09 18:48:07;USR-1518;2007-10-19;M;Bootcamp;12;0;1800;Card;Apex Legends;3.0;0
SESS-13084;2026-08-07 13:05:57;USR-1633;2003-05-05;M;Standard;2;240;200;Card;Minecraft;;0
SESS-13040;2026-08-10 22:12:51;USR-1186;2011-06-23;M;Bootcamp;8;0;1200;App;CS2;4.0;0
SESS-11254;2026-08-15 22:36:42;USR-1258;2012-12-16;M;Standard;8;0;800;Cash;Minecraft;;0
SESS-13948;2026-08-23 14:06:49;USR-1274;2006-03-28;F;Bootcamp;4;560;540;Card;Dota 2;;1
SESS-14025;2026-08-02 21:53:43;USR-1099;2006-06-02;M;Standard;2;0;200;Card;CS2;;0
SESS-10611;2026-08-19 19:52:33;USR-1448;2002-01-03;M;VIP;3;630;600;Card;Dota 2;;0
SESS-15561;2026-08-23 08:00:00;USR-1078;1995-02-26;M;PS5;5;0;1250;App;CS2;4.5;0
SESS-14708;2026-08-18 10:14:33;USR-1709;2008-03-27;M;Bootcamp;2;0;300;Card;Dota 2;4.0;0
SESS-14719;2026-08-07 06:21:46;USR-1054;2010-09-08;M;Standard;2;0;200;Card;Minecraft;;0
SESS-14241;2026-08-20 23:14:35;USR-1451;2009-08-25;M;Bootcamp;8;0;1080;App;Minecraft;4.5;1
SESS-13303;2026-08-17 23:39:27;USR-1465;2005-12-02;M;Bootcamp;12;1456;1620;Card;Deadlock;4.5;1
SESS-13243;2026-08-27 12:15:14;USR-1029;1994-12-27;1;Standard;1;120;100;Card;CS2;;0
SESS-10806;2026-08-22 17:46:12;USR-1799;2004-04-02;M;Bootcamp;3;440;450;Cash;CS2;4.5;0
SESS-11105;2026-08-04 14:31:47;USR-1323;2003-02-07;M;Bootcamp;2;470;300;Card;Apex Legends;4.5;0
SESS-13902;2026-08-21 17:36:11;USR-1147;2002-10-26;M;Standard;3;0;300;App;Dota 2;;0
SESS-10035;2026-08-20 08:48:01;USR-1647;2009-05-01;M;VIP;4;0;800;Cash;Minecraft;;0
SESS-14040;2026-08-06 19:29:27;USR-1203;2011-01-18;M;Bootcamp;2;0;300;Cash;Minecraft;;0
SESS-12533;2026-08-22 15:44:17;USR-1421;2011-06-05;M;VIP;2;160;400;Card;CS2;;0
SESS-14225;2026-08-08 15:12:43;USR-1185;2001-12-08;M;Bootcamp;2;400;300;Card;Dota 2;5.0;0
SESS-14045;2026-08-01 13:38:45;USR-1688;1994-08-10;M;Standard;1;0;100;Card;Dota 2;5.0;0
SESS-12774;2026-08-14 19:30:23;USR-1242;1999-09-23;M;Standard;2;240;200;Cash;Cyberpunk 2077;;0
SESS-14108;2026-08-19 14:43:48;USR-1020;2010-04-19;M;Standard;1;0;100;Cash;Valorant;;0
SESS-11792;2026-08-11 15:47:08;USR-1214;2010-04-09;M;Standard;2;0;200;Cash;Dota 2;;0
SESS-13053;2026-08-17 23:05:54;USR-1024;2006-10-08;M;PS5;2;160;500;Card;Minecraft;;0
SESS-10377;2026-08-30 17:59:59;USR-1067;2003-06-11;F;Standard;3;240;300;Card;Apex Legends;4.5;0
SESS-14113;2026-08-30 17:48:53;USR-1166;2005-01-13;M;Bootcamp;3;784;405;Card;Cyberpunk 2077;;1
SESS-11888;2026-08-29 23:59:07;USR-1678;2007-09-14;F;Bootcamp;3;546;405;Card;CS2;;1
SESS-11733;2026-08-01 21:14:06;USR-1208;1990-09-21;M;VIP;1;400;200;Card;GTA V;;0
SESS-11566;2026-08-08 01:09:25;USR-1362;1995-01-20;M;VIP;8;0;1600;Card;CS2;5.0;0
SESS-11260;2026-08-04 07:17:10;USR-1715;2011-04-25;M;Standard;4;0;360;App;Minecraft;;1
SESS-11975;2026-08-29 19:02:42;USR-1110;2004-06-14;M;Standard;2;240;200;Cash;Dota 2;;0
SESS-13444;2026-08-14 16:15:21;USR-1073;2001-05-02;M;PS5;1;0;250;Card;Valorant;;0
SESS-15448;2026-08-09 18:53:56;USR-1122;2009-02-15;M;PS5;12;672;2700;Cash;Valorant;;1
SESS-12278;2026-08-24 01:47:17;USR-1275;2008-09-04;M;Standard;5;0;500;Card;Dota 2;;0
SESS-12280;2026-08-15 20:36:41;USR-1057;2005-07-28;M;Bootcamp;3;440;450;App;Dota 2;;0
SESS-10952;2026-08-30 17:02:18;USR-1291;2011-06-22;M;Standard;3;0;300;Cash;Dota 2;4.0;0
SESS-13670;2026-08-13 17:27:32;USR-1021;2004-06-28;M;Standard;1;80;100;Card;Valorant;3.0;0
SESS-14984;2026-08-27 20:41:21;USR-1128;1997-08-27;M;PS5;2;800;500;App;Deadlock;2.0;0
SESS-11359;2026-08-09 15:44:36;USR-1730;2010-07-07;M;VIP;2;224;360;Cash;CS2;;1
SESS-12814;2026-08-14 12:28:45;USR-1519;2001-10-14;M;Standard;3;503;270;Card;CS2;;1
SESS-14733;2026-08-30 02:30:16;USR-1605;2005-11-02;M;VIP;3;0;600;Card;Apex Legends;4.5;0
SESS-10562;2026-08-04 17:08:17;USR-1052;2007-09-02;M;PS5;2;0;500;Card;GTA V;;0
SESS-11586;2026-08-14 19:25:45;USR-1117;2012-06-18;F;Standard;5;0;450;Cash;Dota 2;4.0;1
SESS-13676;2026-08-02 09:07:50;USR-1476;2007-08-10;M;Standard;2;0;200;Card;CS2;4.5;0
SESS-14713;2026-08-14 12:12:49;USR-1677;2008-10-19;F;Standard;1;0;100;Card;Deadlock;;0
SESS-14297;2026-08-17 06:38:32;USR-1699;1991-01-24;M;VIP;2;660;400;Card;CS2;;0
SESS-12569;2026-08-04 11:47:39;USR-1713;2004-05-14;M;VIP;5;950;1000;Card;CS2;5.0;0
SESS-15562;2026-08-18 10:49:26;USR-1056;2005-02-01;F;Bootcamp;2;0;270;Card;Dota 2;;1
SESS-15179;2026-08-01 12:04:13;USR-1572;2006-08-21;F;PS5;3;0;750;App;CS2;4.5;0
SESS-13467;2026-08-29 17:42:24;USR-1146;2006-03-03;M;Standard;2;224;180;App;CS2;4.0;1
SESS-12852;2026-08-02 11:32:51;USR-1733;2011-04-11;M;Standard;1;80;100;Card;CS2;;0
SESS-12564;2026-08-07 17:24:45;USR-1085;2011-03-10;M;Standard;1;80;100;App;CS2;4.5;0
SESS-12745;2026-08-03 12:48:05;USR-1631;1989-08-11;M;PS5;1;270;250;Card;Browser/Work;5.0;0
SESS-12104;2026-08-03 18:22:18;USR-1104;2004-02-10;F;VIP;1;0;200;Card;CS2;;0
SESS-10569;2026-08-19 12:56:22;USR-1152;1992-08-26;M;PS5;5;1050;1125;Card;CS2;4.5;1
SESS-13103;2026-08-01 16:29:06;USR-1034;2011-05-20;F;Standard;4;0;400;App;CS2;2.0;0
SESS-11731;2026-08-26 18:34:51;USR-1433;2005-05-11;M;Standard;2;0;200;App;Valorant;;0
SESS-14893;2026-08-08 03:44:25;USR-1064;2003-01-04;F;Standard;2;160;200;App;Dota 2;4.0;0
SESS-11618;2026-08-16 17:51:51;USR-1433;2005-05-11;M;Standard;1;120;100;App;Apex Legends;3.0;0
SESS-13138;2026-08-29 00:11:35;USR-1380;2011-07-07;M;Bootcamp;8;672;1080;App;Deadlock;4.5;1
SESS-13436;2026-08-24 16:09:07;USR-1125;2011-08-05;M;Standard;3;180;300;Cash;Dota 2;;0
SESS-11734;2026-08-24 14:07:44;USR-1249;2011-08-26;M;Standard;2;0;200;Cash;Minecraft;4.5;0
SESS-13531;2026-08-12 10:15:12;USR-1299;2008-08-22;M;Standard;1;120;100;Card;Dota 2;5.0;0
SESS-12710;2026-08-21 19:59:32;USR-1381;2001-10-08;F;Standard;3;0;300;Card;Dota 2;;0
SESS-14066;2026-08-15 15:16:27;USR-1468;2003-10-16;M;Bootcamp;5;0;750;Cash;CS2;;0
SESS-11538;2026-08-24 15:08:43;USR-1359;2004-01-27;M;VIP;2;434;360;Card;CS2;4.5;1
SESS-13946;2026-08-01 21:26:45;USR-1164;2005-02-22;M;Standard;2;320;200;Card;CS2;;0
SESS-14411;2026-08-16 17:41:51;USR-1634;2005-10-14;M;Standard;2;240;200;App;Dota 2;3.0;0
SESS-15407;2026-08-01 15:24:44;USR-1560;2002-04-01;M;VIP;4;784;720;Card;Dota 2;;1
SESS-10016;2026-08-31 11:18:16;USR-1010;2005-03-05;M;Bootcamp;4;630;600;Card;CS2;5.0;0
SESS-13667;2026-08-26 11:51:25;USR-1013;2004-01-28;M;Standard;3;360;300;Card;CS2;;0
SESS-11307;2026-08-04 18:43:30;USR-1169;2007-04-13;F;Standard;3;480;300;App;Deadlock;;0
SESS-11910;2026-08-11 00:20:44;USR-1645;2006-12-09;M;Bootcamp;8;1110;1200;Card;CS2;4.0;0
SESS-12670;2026-08-29 15:17:49;USR-1778;2005-12-18;M;Bootcamp;1;160;150;Card;CS2;;0
SESS-13236;2026-08-09 17:57:09;USR-1092;2011-05-01;M;Standard;2;0;200;Cash;Dota 2;;0
SESS-11900;2026-08-11 02:56:27;USR-1263;2010-11-13;M;Standard;2;160;200;Cash;Minecraft;;0
SESS-13857;2026-08-04 18:58:49;USR-1172;2008-07-13;M;VIP;4;560;800;App;CS2;5.0;0
SESS-12436;2026-08-08 19:58:22;USR-1581;2001-09-25;F;Standard;4;640;400;Card;Dota 2;;0
SESS-11563;2026-08-28 18:39:12;USR-1461;2010-10-19;M;Bootcamp;2;160;300;App;Minecraft;5.0;0
SESS-15413;2026-08-06 09:25:12;USR-1066;2005-04-09;M;Standard;2;240;200;Card;PUBG;;0
SESS-13842;2026-08-04 01:13:20;USR-1092;2011-05-01;M;Standard;5;400;500;App;CS2;5.0;0
SESS-14024;2026-08-25 19:20:31;USR-1122;2009-02-15;M;Standard;2;0;200;Card;CS2;;0
SESS-14771;2026-08-07 16:19:03;USR-1120;2010-01-22;F;Standard;4;336;360;App;Dota 2;;1
SESS-10607;2026-08-12 20:00:07;USR-1006;2005-07-07;M;Bootcamp;2;400;300;Card;GTA V;;0
SESS-14700;2026-08-05 17:36:27;USR-1155;2012-05-12;F;Bootcamp;4;224;540;App;CS2;4.0;1
SESS-10363;2026-08-05 15:33:48;USR-1088;2004-02-01;M;Standard;4;320;400;Card;Valorant;3.0;0
SESS-12164;2026-08-01 09:17:56;USR-1745;2001-05-01;M;Standard;2;0;200;App;Apex Legends;5.0;0
SESS-11393;2026-08-22 20:28:25;USR-1550;2012-07-25;M;Standard;1;0;100;Cash;Dota 2;;0
SESS-12449;2026-08-11 19:00:59;USR-1069;2004-11-11;M;Standard;3;0;300;Card;Dota 2;4.0;0
SESS-14130;2026-08-23 22:09:34;USR-1748;2011-10-27;F;Standard;8;0;800;Cash;CS2;4.5;0
SESS-15089;2026-08-18 23:03:30;USR-1760;2001-02-11;M;VIP;2;240;400;Card;Deadlock;;0
SESS-15460;2026-08-24 23:54:23;USR-1655;1992-07-02;M;VIP;8;1110;1600;App;CS2;5.0;0
SESS-10955;2026-08-15 13:46:43;USR-1784;1998-01-05;M;VIP;4;1428;720;App;CS2;4.0;1
SESS-10822;2026-08-21 12:51:05;USR-1114;2011-10-14;M;PS5;3;336;675;App;CS2;4.5;1
SESS-10756;2026-08-21 19:57:29;USR-1074;2005-02-02;M;VIP;1;0;200;Card;Dota 2;4.0;0
SESS-11328;2026-08-22 20:46:46;USR-1512;2002-05-14;F;PS5;2;0;500;App;Dota 2;;0
SESS-10222;2026-08-01 23:22:39;USR-1414;2004-08-12;M;PS5;8;1792;1800;Card;CS2;;1
SESS-13540;2026-08-23 21:41:50;USR-1090;2010-09-06;M;Bootcamp;4;0;600;App;Valorant;;0
SESS-13832;2026-08-12 22:02:34;USR-1787;1996-04-17;M;Standard;12;0;1200;Card;PUBG;3.0;0
SESS-10389;2026-08-22 12:16:49;USR-1618;2004-03-02;M;Bootcamp;2;0;300;Card;PUBG;;0
SESS-12358;2026-08-04 20:42:02;USR-1360;2011-04-03;M;Standard;2;120;200;App;Dota 2;4.0;0
SESS-15059;2026-08-11 11:44:23;USR-1746;2006-10-03;F;Standard;1;160;100;App;Valorant;;0
SESS-13496;2026-08-04 19:36:06;USR-1511;2008-10-14;M;Bootcamp;2;400;300;Card;Deadlock;;0
SESS-10029;2026-08-05 15:14:03;USR-1287;2005-03-11;M;Standard;1;0;100;App;CS2;;0
SESS-10329;2026-08-25 08:59:32;USR-1459;2005-03-12;M;Standard;8;960;800;App;GTA V;5.0;0
SESS-10164;2026-08-06 23:54:43;USR-1499;2007-10-04;M;Standard;3;360;300;Card;CS2;3.0;0
SESS-10827;2026-08-21 19:33:46;USR-1295;2001-06-22;M;Bootcamp;12;1456;1620;Card;CS2;4.0;1
SESS-12600;2026-08-07 17:53:47;USR-1126;2010-02-08;M;Standard;1;0;100;App;Valorant;5.0;0
SESS-11583;2026-08-09 17:36:44;USR-1775;1997-08-15;F;Bootcamp;1;420;150;App;Dota 2;;0
SESS-14439;2026-08-28 20:41:59;USR-1550;2012-07-25;M;Bootcamp;1;0;150;App;Minecraft;;0
SESS-11577;2026-08-23 17:28:16;USR-1153;2003-01-20;M;Standard;2;0;200;Card;Apex Legends;;0
SESS-12060;2026-08-30 23:24:52;USR-1129;1997-03-27;M;Standard;12;1440;1200;Cash;CS2;;0
SESS-13537;2026-08-01 14:20:24;USR-1024;2006-10-08;M;VIP;1;160;200;Card;Dota 2;;0
SESS-15198;2026-08-11 02:09:37;USR-1005;1998-09-23;M;PS5;1;270;250;Card;CS2;;0
SESS-15223;2026-08-01 21:27:37;USR-1328;1997-09-01;M;PS5;1;0;250;Card;PUBG;4.5;0
SESS-14273;2026-08-27 19:52:46;USR-1053;2003-11-22;M;Standard;1;0;100;App;CS2;;0
SESS-11769;2026-08-03 09:09:59;USR-1077;2003-08-14;M;Standard;1;0;90;App;CS2;;1
SESS-11143;2026-08-18 16:51:44;USR-1411;2006-02-22;M;Standard;1;120;100;Card;CS2;;0
SESS-10839;2026-08-23 15:02:39;USR-1111;2012-11-21;M;Bootcamp;4;0;600;Cash;CS2;1.0;0
SESS-13997;2026-08-22 16:15:32;USR-1086;2004-06-19;M;VIP;3;0;600;Card;Valorant;4.0;0
SESS-12425;2026-08-31 21:17:40;USR-1653;2004-09-04;M;Standard;4;0;400;Card;Valorant;5.0;0
SESS-12041;2026-08-08 01:45:44;USR-1005;1998-09-23;M;Standard;5;900;500;Card;Dota 2;4.0;0
SESS-11231;2026-08-09 18:58:34;USR-1395;2006-11-08;M;Bootcamp;4;1007;540;Card;CS2;;1
SESS-11045;2026-08-14 05:29:17;USR-1432;1988-07-15;M;VIP;4;882;720;App;GTA V;5.0;1
SESS-10045;2026-08-18 19:23:55;USR-1766;2012-11-23;M;Standard;8;0;720;App;Minecraft;4.0;1
SESS-11343;2026-08-04 23:09:42;USR-1468;2003-10-16;M;Standard;8;960;800;Card;Deadlock;4.0;0
SESS-13560;2026-08-17 15:27:54;USR-1026;2005-03-02;M;Standard;2;240;200;Card;Deadlock;;0
SESS-12746;2026-08-14 20:45:24;USR-1695;1999-11-07;M;PS5;2;540;500;Card;Dota 2;;0
SESS-14648;2026-08-12 22:06:32;USR-1287;2005-03-11;M;VIP;8;1007;1440;Card;CS2;;1
SESS-15416;2026-08-21 20:23:09;USR-1281;2011-08-18;M;Standard;1;0;100;App;CS2;1.0;0
SESS-14056;2026-08-27 18:34:02;USR-1697;2003-08-20;M;Bootcamp;2;390;300;Card;Deadlock;;0
SESS-10459;2026-08-16 14:57:42;USR-1682;2009-01-13;M;Bootcamp;2;0;300;App;Dota 2;4.5;0
SESS-11999;2026-08-25 11:48:35;USR-1084;2009-10-18;M;Standard;4;160;400;Cash;GTA V;;0
SESS-14996;2026-08-23 16:55:02;USR-1319;2012-08-24;M;Standard;3;0;300;Card;Dota 2;;0
SESS-14417;2026-08-23 16:58:37;USR-1007;2006-10-02;M;Standard;1;0;100;App;Valorant;4.5;0
SESS-14899;2026-08-22 20:21:09;USR-1097;2012-11-26;M;Standard;3;0;270;App;CS2;4.0;1
SESS-14828;2026-08-01 17:27:42;USR-1097;2012-11-26;M;Standard;3;0;300;Cash;CS2;;0
SESS-12142;2026-08-21 10:42:43;USR-1215;1990-02-04;M;Standard;2;0;200;Card;Cyberpunk 2077;4.0;0
SESS-11718;2026-08-20 15:09:11;USR-1355;2011-11-27;M;Standard;2;160;200;Cash;CS2;;0
SESS-11604;2026-08-07 15:50:06;USR-1544;2011-12-09;F;VIP;2;0;360;App;CS2;;1
SESS-11460;2026-08-19 20:25:17;USR-1132;2010-11-05;M;Standard;2;120;200;Card;Valorant;;0
SESS-14706;2026-08-05 18:12:23;USR-1011;2002-09-04;F;Standard;2;0;200;Card;CS2;;0
SESS-11340;2026-08-21 00:32:07;USR-1397;2009-07-03;M;Bootcamp;8;0;1200;Cash;Dota 2;;0
SESS-10195;2026-08-07 14:13:56;USR-1063;2005-12-17;F;Standard;2;0;200;App;Dota 2;;0
SESS-12716;2026-08-13 11:49:37;USR-1154;2007-03-12;M;Standard;1;0;100;Card;CS2;4.5;0
SESS-14468;2026-08-08 01:55:49;USR-1022;2010-12-12;M;Standard;8;0;800;Card;PUBG;4.0;0
SESS-13116;2026-08-08 17:25:25;USR-1016;2002-04-03;M;Standard;2;0;200;Card;CS2;;0
SESS-13480;2026-08-16 13:22:52;USR-1021;2004-06-28;M;PS5;1;120;250;App;CS2;;0
SESS-10980;2026-08-31 19:47:56;USR-1582;2002-04-03;F;Bootcamp;3;0;405;App;CS2;;1
SESS-10446;2026-08-13 13:07:32;USR-1537;2004-08-27;F;Standard;1;120;100;Card;Minecraft;;0
SESS-14493;2026-08-26 06:46:44;USR-1092;2011-05-01;M;Standard;1;0;100;Cash;PUBG;;0
SESS-11114;2026-08-23 10:32:57;USR-1662;1989-05-08;M;PS5;8;0;2000;Card;PUBG;;0
SESS-14823;2026-08-11 17:06:23;USR-1006;2005-07-07;M;Bootcamp;1;0;150;Card;Valorant;;0
SESS-10433;2026-08-01 23:44:38;USR-1672;2003-10-01;F;Standard;5;400;500;App;Dota 2;;0
SESS-13582;2026-08-30 01:41:20;USR-1098;2005-09-18;F;Standard;3;360;300;App;CS2;;0
SESS-14495;2026-08-28 06:48:40;USR-1529;2005-06-06;M;Bootcamp;1;160;150;Card;CS2;3.0;0
SESS-10511;2026-08-13 16:02:08;USR-1091;2006-06-21;M;Standard;2;0;200;Card;Valorant;5.0;0
SESS-11161;2026-08-28 04:10:10;USR-1257;2004-05-13;M;Standard;1;120;100;Card;CS2;;0
SESS-10278;2026-08-02 17:09:39;USR-1106;2008-02-13;M;Standard;4;0;400;App;CS2;;0
SESS-15191;2026-08-20 18:18:20;USR-1425;2006-09-02;M;VIP;2;320;400;Card;Apex Legends;;0
SESS-15525;2026-08-26 13:14:49;USR-1464;1993-12-18;M;VIP;2;390;400;Card;Cyberpunk 2077;3.0;0
SESS-11318;2026-08-28 19:27:32;USR-1559;2006-09-22;M;Standard;2;160;200;App;CS2;;0
SESS-10932;2026-08-06 19:40:30;USR-1049;2008-01-16;F;Standard;3;360;300;App;Valorant;;0
SESS-14401;2026-08-22 14:17:18;USR-1263;2010-11-13;M;Standard;3;180;300;Cash;Dota 2;;0
SESS-12718;2026-08-30 16:44:46;USR-1141;2012-07-05;M;Bootcamp;8;480;1200;Cash;Minecraft;;0
SESS-12831;2026-08-22 14:36:16;USR-1275;2008-09-04;M;Standard;1;120;100;Card;Dota 2;;0
SESS-13042;2026-08-20 21:18:32;USR-1708;2008-01-18;M;Bootcamp;4;470;600;Card;GTA V;;0
SESS-13013;2026-08-12 18:02:27;USR-1084;2009-10-18;M;Bootcamp;4;448;540;App;Apex Legends;5.0;1
SESS-14857;2026-08-03 20:52:42;USR-1096;2000-06-13;M;VIP;4;1020;800;Card;CS2;4.0;0
SESS-13994;2026-08-25 21:51:52;USR-1308;2010-03-03;M;PS5;3;336;675;Cash;Minecraft;;1
SESS-12787;2026-08-27 17:22:46;USR-1066;2005-04-09;M;Bootcamp;4;0;600;Card;CS2;;0
SESS-11342;2026-08-27 19:56:53;USR-1123;2012-08-03;F;Standard;4;448;360;Card;CS2;4.5;1
SESS-10606;2026-08-07 20:56:09;USR-1697;2003-08-20;M;Bootcamp;2;240;300;Card;CS2;5.0;0
SESS-12409;2026-08-01 17:08:49;USR-1111;2012-11-21;M;Standard;2;120;200;App;GTA V;2.0;0
SESS-10829;2026-08-09 16:02:45;USR-1110;2004-06-14;M;Standard;2;224;180;Card;Valorant;;1
SESS-14179;2026-08-14 18:49:35;USR-1641;2001-10-10;M;PS5;3;0;675;Card;Dota 2;3.0;1
SESS-11827;2026-08-29 15:24:09;USR-1050;2004-06-28;M;PS5;2;160;500;Cash;CS2;4.0;0
SESS-14860;2026-08-23 20:03:40;USR-1041;2008-02-09;M;PS5;4;640;1000;App;Valorant;4.0;0
SESS-14812;2026-08-10 12:15:24;USR-1140;2008-01-12;M;Bootcamp;4;560;540;Card;CS2;4.0;1
SESS-15329;2026-08-01 15:30:24;USR-1111;2012-11-21;M;Standard;5;0;450;Card;Minecraft;;1
SESS-12612;2026-08-25 10:20:47;USR-1393;1995-09-22;M;PS5;3;0;675;Card;Dota 2;;1
SESS-10930;2026-08-16 21:35:13;USR-1076;2006-09-12;M;VIP;2;0;400;Card;CS2;;0
SESS-14879;2026-08-14 18:16:18;USR-1797;2005-08-15;M;Standard;2;0;200;App;CS2;;0
SESS-12226;2026-08-01 15:35:31;USR-1651;2010-03-25;M;Standard;4;0;360;Card;Minecraft;;1
SESS-15084;2026-08-30 18:43:54;USR-1367;2011-05-14;M;Bootcamp;3;180;450;App;Minecraft;4.0;0
SESS-11476;2026-08-10 18:19:29;USR-1125;2011-08-05;M;Standard;2;120;200;App;Dota 2;;0
SESS-13867;2026-08-05 22:27:42;USR-1038;2003-03-11;M; Bootcamp ;8;896;720;Card;Deadlock;4.5;1
SESS-14592;2026-08-14 17:50:28;USR-1100;2006-07-26;F;Standard;2;240;200;Cash;Deadlock;4.5;0
SESS-13503;2026-08-11 16:14:09;USR-1625;2007-05-21;M;Standard;3;360;300;Card;Apex Legends;5.0;0
SESS-13783;2026-08-26 17:12:58;USR-1492;2011-04-20;M;VIP;5;200;1000;App;Valorant;;0
SESS-11146;2026-08-18 17:06:30;USR-1656;2009-06-12;M;Standard;5;0;450;Card;Valorant;4.0;1
SESS-13553;2026-08-06 19:55:23;USR-1304;2003-08-08;M;Standard;2;160;200;Card;Deadlock;1.0;0
SESS-11882;2026-08-15 15:13:23;USR-1497;2009-02-08;M;Standard;4;0;360;App;Dota 2;4.5;1
SESS-12032;2026-08-15 15:55:05;USR-1142;2010-09-26;M;Bootcamp;4;0;600;App;Minecraft;;0
SESS-11739;2026-08-27 13:41:35;USR-1785;2001-09-19;M;Standard;2;320;200;Card;Dota 2;4.0;0
SESS-11750;2026-08-22 00:53:35;USR-1274;2006-03-28;F;Bootcamp;12;1456;1620;Card;CS2;5.0;1
SESS-10637;2026-08-18 14:50:47;USR-1082;2002-08-01;M;VIP;2;0;400;Card;Dota 2;;0
SESS-14512;2026-08-22 18:21:36;USR-1132;2010-11-05;M;Standard;5;280;450;App;Minecraft;5.0;1
SESS-10668;2026-08-11 18:03:03;USR-1271;2003-09-16;M;Standard;3;0;300;App;CS2;;0
SESS-12450;2026-08-30 16:10:34;USR-1066;2005-04-09;M;Bootcamp;3;630;450;Card;Deadlock;;0
SESS-15466;2026-08-07 17:51:17;USR-1102;1998-08-23;M;Bootcamp;2;0;300;App;Dota 2;;0
SESS-11811;2026-08-10 14:13:30;USR-1153;2003-01-20;M;Standard;3;480;300;Card;Deadlock;5.0;0
SESS-11324;2026-08-10 18:59:26;USR-1080;2010-03-26;M;Standard;3;120;300;Cash;CS2;4.0;0
SESS-15019;2026-08-01 16:21:39;USR-1082;2002-08-01;M;Bootcamp;1;0;150;App;CS2;;0
SESS-12561;2026-08-29 19:59:45;USR-1132;2010-11-05;M;Standard;3;180;300;App;Valorant;4.0;0
SESS-12299;2026-08-12 14:29:53;USR-1121;2011-01-17;M;Bootcamp;2;112;270;Card;Minecraft;;1
SESS-10917;2026-08-27 18:41:18;USR-1435;1991-09-22;M;PS5;3;510;750;Card;Cyberpunk 2077;4.5;0
SESS-11824;2026-08-21 13:54:48;USR-1264;1992-11-21;M;PS5;2;0;500;Card;Dota 2;;0
SESS-10970;2026-08-30 14:50:31;USR-1000;2006-02-16;M;VIP;3;0;600;Card;CS2;4.0;0
SESS-14006;2026-08-05 11:50:35;USR-1250;2007-05-17;M;Bootcamp;2;0;300;App;CS2;4.5;0
SESS-14695;2026-08-19 11:28:43;USR-1083;2012-04-25;M;Standard;2;0;200;App;CS2;;0
SESS-15393;2026-08-11 00:50:29;USR-1715;2011-04-25;M;VIP;8;0;1600;App;Dota 2;;0
SESS-11423;2026-08-21 19:23:03;USR-1133;2010-07-11;M;Standard;2;80;200;App;Dota 2;4.5;0
SESS-12805;2026-08-02 19:46:53;USR-1091;2006-06-21;M;VIP;3;510;600;Card;CS2;3.0;0
SESS-12239;2026-08-02 18:45:09;USR-1156;2008-07-22;M;VIP;5;0;1000;App;CS2;4.0;0
SESS-10596;2026-08-28 19:10:43;USR-1389;2011-12-03;M;PS5;3;240;750;App;Valorant;4.0;0
SESS-14524;2026-08-10 05:01:25;USR-1069;2004-11-11;M;Bootcamp;3;882;405;Card;CS2;4.5;1
SESS-12284;2026-08-13 02:47:16;USR-1540;2010-06-16;M;Standard;2;0;200;Cash;Deadlock;;0
SESS-11131;2026-08-21 13:37:31;USR-1067;2003-06-11;F;Standard;2;160;200;Card;Dota 2;4.0;0
SESS-11086;2026-08-08 11:22:16;USR-1678;2007-09-14;F;Standard;8;0;800;Card;Dota 2;;0
SESS-13609;2026-08-23 10:19:14;USR-1519;2001-10-14;M;VIP;4;658;720;Card;CS2;4.0;1
SESS-10555;2026-08-17 17:03:49;USR-1340;2011-07-19;M;Standard;1;60;100;Card;CS2;;0
SESS-13899;2026-08-15 22:51:39;USR-1449;2011-12-11;M;Standard;2;0;200;Cash;GTA V;5.0;0
SESS-11040;2026-08-02 18:34:22;USR-1325;2010-11-01;M;VIP;8;896;1440;Card;Minecraft;;1
SESS-11299;2026-08-27 12:25:53;USR-1103;2010-04-23;M;Standard;4;160;400;Cash;CS2;4.5;0
SESS-10609;2026-08-25 22:55:50;USR-1061;2005-08-26;F;Bootcamp;8;1040;1200;Card;Dota 2;4.5;0
SESS-15227;2026-08-18 20:59:20;USR-1245;2006-12-12;M;Bootcamp;2;310;300;Card;Dota 2;;0
SESS-14666;2026-08-04 09:40:15;USR-1659;2005-02-17;M;Bootcamp;2;240;300;Card;Deadlock;;0
SESS-13782;2026-08-08 11:23:43;USR-1421;2011-06-05;M;Standard;2;0;200;Cash;Minecraft;4.0;0
SESS-11287;2026-08-21 14:52:02;USR-1499;2007-10-04;M;Standard;2;0;200;Card;Dota 2;;0
SESS-12451;2026-08-22 00:54:26;USR-1247;2007-11-19;F;Standard;8;0;800;Card;Deadlock;;0
SESS-15200;2026-08-25 14:46:29;USR-1358;2010-03-22;M;VIP;2;0;400;App;CS2;;0
SESS-11751;2026-08-25 17:41:55;USR-1546;1998-07-07;M;PS5;2;510;500;Cash;Browser/Work;;0
SESS-13383;2026-08-13 15:34:49;USR-1061;2005-08-26;F;Standard;3;0;270;Card;CS2;5.0;1
SESS-12913;2026-08-01 15:56:43;USR-1002;2001-09-28;F;Bootcamp;1;160;150;Card;CS2;;0
SESS-10396;2026-08-23 19:31:45;USR-1528;1999-03-12;M;Bootcamp;2;0;300;Card;GTA V;;0
SESS-14721;2026-08-31 13:20:57;USR-1699;1991-01-24;M;PS5;3;840;750;Card;Valorant;;0
SESS-12397;2026-08-15 13:18:15;USR-1083;2012-04-25;M;PS5;2;0;500;App;Minecraft;;0
SESS-13082;2026-08-23 23:32:45;USR-1672;2003-10-01;F;Standard;12;0;1080;Card;CS2;4.5;1
SESS-14726;2026-08-01 18:25:22;USR-1079;2003-06-06;M;VIP;3;448;540;App;Dota 2;4.0;1
SESS-13802;2026-08-08 08:28:01;USR-1118;2012-06-26;M;Standard;2;120;200;Card;Minecraft;5.0;0
SESS-12675;2026-08-10 20:07:51;USR-1163;2006-10-14;M;PS5;2;160;500;Card;CS2;;0
SESS-14516;2026-08-10 23:24:07;USR-1295;2001-06-22;M;VIP;8;0;1600;Card;Apex Legends;5.0;0
SESS-10053;2026-08-27 15:30:24;USR-1580;2011-12-09;F;VIP;1;60;200;App;CS2;;0
SESS-13328;2026-08-15 18:10:08;USR-1616;2005-03-01;M;Standard;2;0;200;App;CS2;;0
SESS-12986;2026-08-23 12:29:26;USR-1573;2002-05-24;M;VIP;4;0;800;Card;PUBG;;0
SESS-12216;2026-08-16 20:44:32;USR-1018;2004-09-15;M;PS5;1;80;250;Card;CS2;;0
SESS-12695;2026-08-30 14:59:48;USR-1089;2009-09-24;M;Standard;5;0;500;App;Minecraft;4.5;0
SESS-15321;2026-08-10 21:05:31;USR-1350;2010-08-25;M;Bootcamp;1;0;150;Cash;Valorant;4.0;0
SESS-11852;2026-08-26 19:59:50;USR-1528;1999-03-12;M;Standard;4;0;360;Card;Cyberpunk 2077;4.5;1
SESS-11878;2026-08-02 10:22:51;USR-1172;2008-07-13;M;Standard;2;160;200;App;Valorant;;0
SESS-10289;2026-08-22 01:17:48;USR-1498;1998-09-10;M;VIP;12;2436;2160;Card;CS2;5.0;1
SESS-14415;2026-08-24 22:40:01;USR-1005;1998-09-23;M;Standard;2;500;200;Card;GTA V;4.5;0
SESS-13729;2026-08-13 09:02:00;USR-1059;2003-11-06;F;VIP;4;0;720;Card;CS2;5.0;1
SESS-14358;2026-08-01 09:19:29;USR-1178;2008-07-23;M;Bootcamp;1;0;150;Card;PUBG;;0
SESS-10332;2026-08-28 11:40:52;USR-1229;2000-05-06;M;VIP;2;800;400;Card;Dota 2;4.5;0
SESS-10817;2026-08-09 19:44:22;USR-1708;2008-01-18;M;Standard;3;360;300;App;CS2;;0
SESS-11127;2026-08-22 16:23:05;USR-1617;2003-03-08;M;VIP;1;336;180;App;CS2;;1
SESS-10246;2026-08-19 16:44:13;USR-1525;2003-09-24;M;VIP;3;0;600;Card;CS2;2.0;0
SESS-12508;2026-08-12 11:38:50;USR-1108;1998-04-14;M;VIP;4;1092;720;Card;GTA V;4.5;1
SESS-13629;2026-08-08 17:21:15;USR-1031;2009-11-16;M;VIP;1;0;200;Card;Valorant;2.0;0
SESS-14580;2026-08-28 18:59:38;USR-1447;2006-10-19;M;VIP;2;0;400;;Dota 2;5.0;0
SESS-14809;2026-08-15 21:01:28;USR-1243;2006-04-18;F;Standard;1;160;100;App;CS2;4.5;0
SESS-12523;2026-08-28 22:49:29;USR-1460;2002-07-15;F;Bootcamp;5;480;750;Card;Deadlock;4.0;0
SESS-10997;2026-08-05 21:39:08;USR-1625;2007-05-21;M;PS5;3;240;750;Card;Dota 2;4.5;0
SESS-10724;2026-08-13 16:48:17;USR-1086;2004-06-19;M;PS5;3;336;675;Card;CS2;;1
SESS-10554;2026-08-07 15:53:15;USR-1013;2004-01-28;M;PS5;5;0;1250;Card;Valorant;;0
SESS-13064;2026-08-26 17:49:20;USR-1491;2007-06-07;M;PS5;3;480;750;Card;Dota 2;4.0;0
SESS-12029;2026-08-15 00:58:41;USR-1047;2008-03-26;M;VIP;12;1110;2400;Card;Deadlock;;0
SESS-15274;2026-08-08 22:46:59;USR-1086;2004-06-19;M;Standard;8;1344;720;Card;CS2;5.0;1
SESS-14165;2026-08-23 19:02:02;USR-1376;2007-08-26;M;Standard;2;0;200;App;Deadlock;;0
SESS-10281;2026-08-24 19:36:49;USR-1604;2007-01-04;M;Standard;2;320;200;Card;Dota 2;4.0;0
SESS-10689;2026-08-27 13:21:17;USR-1050;2004-06-28;M;Bootcamp;3;630;450;Card;Dota 2;4.0;0
SESS-10824;2026-08-25 16:24:27;USR-1080;2010-03-26;M;Standard;2;0;200;Card;Valorant;;0
SESS-11862;2026-08-27 15:46:53;USR-1350;2010-08-25;M;Bootcamp;3;0;405;Cash;CS2;4.5;1
SESS-13639;2026-08-21 17:01:25;USR-1036;2011-02-07;M;Bootcamp;3;120;450;Cash;CS2;4.5;0
SESS-14936;2026-08-24 16:13:49;USR-1372;2003-09-21;M;Standard;2;320;200;Card;Dota 2;;0
SESS-13688;2026-08-22 18:05:57;USR-1508;2006-04-01;F;Standard;3;0;300;Card;Valorant;;0
SESS-12044;2026-08-29 15:59:56;USR-1594;2008-11-01;M;Standard;4;448;360;Card;Valorant;3.0;1
SESS-15259;2026-08-27 10:41:59;USR-1288;2006-12-23;F;Standard;4;0;360;App;CS2;;1
SESS-15445;2026-08-11 09:07:45;USR-1132;2010-11-05;M;VIP;3;0;600;Card;Minecraft;5.0;0
SESS-11562;2026-08-12 23:51:42;USR-1013;2004-01-28;M;Standard;8;0;800;App;Deadlock;;0
SESS-12949;2026-08-12 18:15:12;USR-1511;2008-10-14;M;VIP;4;1007;720;Cash;PUBG;4.0;1
SESS-15090;2026-08-20 19:43:46;USR-1235;2007-09-22;M;Bootcamp;2;400;300;Card;Apex Legends;3.0;0
SESS-12682;2026-08-15 12:30:21;USR-1154;2007-03-12;M;VIP;2;470;400;Card;CS2;5.0;0
SESS-10314;2026-08-10 01:28:33;USR-1211;2010-02-27;M;Standard;5;0;500;App;Dota 2;3.0;0
SESS-15091;2026-08-16 20:01:21;USR-1068;2005-02-06;F;Standard;2;320;200;Cash;CS2;4.5;0
SESS-12658;2026-08-01 20:38:24;USR-1026;2005-03-02;M;Standard;2;0;200;App;Valorant;;0
SESS-11080;2026-08-24 01:49:54;USR-1061;2005-08-26;F;Standard;2;0;200;App;GTA V;;0
SESS-14678;2026-08-05 11:45:51;USR-1697;2003-08-20;M;Standard;4;640;400;App;Dota 2;;0
SESS-13494;2026-08-01 09:39:47;USR-1799;2004-04-02;M;Bootcamp;2;310;300;Card;Valorant;;0
SESS-10166;2026-08-07 15:10:57;USR-1274;2006-03-28;F;VIP;2;240;400;Card;Valorant;;0
SESS-13492;2026-08-10 02:10:26;USR-1072;2012-08-16;M;VIP;5;300;1000;Card;CS2;4.0;0
SESS-13960;2026-08-23 22:21:10;USR-1350;2010-08-25;M;Bootcamp;3;0;450;App;Minecraft;;0
SESS-11275;2026-08-26 00:08:11;USR-1616;2005-03-01;M;Standard;3;480;300;Card;Valorant;4.5;0
SESS-15246;2026-08-21 18:53:03;USR-1545;2012-01-04;M;Standard;3;0;300;App;Valorant;2.0;0
SESS-11502;2026-08-09 22:24:26;USR-1050;2004-06-28;M;Standard;5;0;500;Card;Valorant;5.0;0
SESS-12422;2026-08-26 17:13:30;USR-1248;2004-09-25;M;Standard;3;672;270;Card;CS2;4.5;1
SESS-13122;2026-08-29 20:02:07;USR-1765;1998-09-01;M;PS5;2;510;500;Card;CS2;;0
SESS-15051;2026-08-09 01:38:13;USR-1489;2005-07-19;M;Standard;12;2688;1080;App;Dota 2;5.0;1
SESS-13943;2026-08-14 19:18:31;USR-1083;2012-04-25;M;Standard;2;0;200;Card;CS2;;0
SESS-13312;2026-08-22 14:53:41;USR-1639;2008-06-02;M;Bootcamp;3;440;450;Cash;CS2;;0
SESS-10595;2026-08-22 18:36:06;USR-1088;2004-02-01;M;Standard;3;0;300;Card;CS2;3.0;0
SESS-13640;2026-08-13 18:36:53;USR-1080;2010-03-26;M;Standard;2;80;200;Cash;Dota 2;4.0;0
SESS-11770;2026-08-28 20:04:15;USR-1257;2004-05-13;M;Standard;2;336;180;App;Minecraft;;1
SESS-14398;2026-08-23 14:34:30;USR-1433;2005-05-11;M;PS5;2;0;500;App;Dota 2;;0
SESS-12916;2026-08-01 15:16:31;USR-1096;2000-06-13;M;Standard;1;0;100;Card;Valorant;;0
SESS-13584;2026-08-09 17:19:19;USR-1042;1992-11-01;M;Bootcamp;3;0;450;App;Cyberpunk 2077;5.0;0
SESS-12390;2026-08-03 19:47:39;USR-1316;2009-06-28;M;Standard;2;80;200;App;Minecraft;;0
SESS-13240;2026-08-20 14:27:45;USR-1062;2008-06-27;F;Standard;4;320;400;Card;Dota 2;;0
SESS-15513;2026-08-05 21:24:38;USR-1284;1993-11-23;F;Standard;4;1000;400;Card;Dota 2;;0
SESS-12350;2026-08-16 20:11:00;USR-1614;2009-02-25;M;Standard;1;0;100;App;Apex Legends;;0
SESS-10256;2026-08-06 13:03:18;USR-1454;2010-08-02;M;VIP;1;40;200;Card;Dota 2;4.5;0
SESS-12403;2026-08-16 19:00:25;USR-1703;2007-12-18;M;Bootcamp;3;630;450;App;Dota 2;;0
SESS-10065;2026-08-08 12:04:25;USR-1371;2004-04-08;M;Bootcamp;3;784;405;Card;CS2;5.0;1
SESS-13714;2026-08-21 12:36:18;USR-1144;2001-08-15;M;Standard;2;0;200;Card;Apex Legends;;0
SESS-10664;2026-08-02 21:33:56;USR-1517;2006-10-03;M;Standard;3;0;300;Card;CS2;;0
SESS-14054;2026-08-21 23:31:19;USR-1351;2007-08-23;M;VIP;3;510;600;App;CS2;;0
SESS-10334;2026-08-30 20:52:13;USR-1666;2009-08-16;M;Standard;2;0;200;App;Dota 2;;0
SESS-11858;2026-08-14 20:41:51;USR-1026;2005-03-02;M;Bootcamp;2;0;300;Card;CS2;;0
SESS-12083;2026-08-01 16:54:49;USR-1018;2004-09-15;M;Bootcamp;1;0;150;Card;Valorant;;0
SESS-10419;2026-08-01 01:14:28;USR-1267;2005-04-25;M;PS5;12;1440;3000;Card;Apex Legends;;0
SESS-10743;2026-08-10 00:44:42;USR-1245;2006-12-12;M;Bootcamp;8;0;1080;Cash;CS2;;1
SESS-13181;2026-08-08 12:39:04;USR-1098;2005-09-18;F;Bootcamp;3;320;450;Card;PUBG;;0
SESS-13172;2026-08-06 10:18:08;USR-1799;2004-04-02;M;PS5;3;240;750;App;Valorant;4.5;0
SESS-10279;2026-08-21 10:06:58;USR-1273;2009-02-12;M;Standard;2;0;180;Card;Dota 2;;1
SESS-11645;2026-08-10 10:14:56;USR-1251;2006-04-10;M;Standard;3;480;300;Card;CS2;4.5;0
SESS-14283;2026-08-21 14:08:24;USR-1614;2009-02-25;M;Standard;2;80;200;Cash;Minecraft;5.0;0
SESS-14029;2026-08-02 10:09:09;USR-1103;2010-04-23;M;Bootcamp;3;0;450;App;Minecraft;3.0;0
SESS-12057;2026-08-09 11:35:36;USR-1250;2007-05-17;M;PS5;2;160;500;Card;CS2;2.0;0
SESS-14659;2026-08-26 00:17:41;USR-1129;1997-03-27;M;VIP;8;1590;1600;Card;Dota 2;4.0;0
SESS-11238;2026-08-12 16:01:24;USR-1736;2007-02-18;M;Bootcamp;4;784;540;Card;Dota 2;;1
SESS-10675;2026-08-24 23:17:59;USR-1636;2009-02-18;M;Standard;5;0;500;App;Apex Legends;4.0;0
SESS-10797;2026-08-07 20:34:03;USR-1000;2006-02-16;M;VIP;12;1554;2160;App;CS2;4.0;1
SESS-11138;2026-08-15 08:51:16;USR-1154;2007-03-12;M;Bootcamp;12;2226;1620;App;Dota 2;;1
SESS-10427;2026-08-30 03:19:10;USR-1073;2001-05-02;M;Standard;3;360;300;Card;CS2;;0
SESS-14871;2026-08-03 17:21:09;USR-1134;2000-09-06;M;PS5;3;1470;675;App;GTA V;5.0;1
SESS-12804;2026-08-28 02:35:50;USR-1007;2006-10-02;M;Standard;1;160;100;App;Dota 2;3.0;0
SESS-13727;2026-08-17 20:16:09;USR-1137;2007-12-19;Мужской;Standard;4;480;400;App;Dota 2;5.0;0
SESS-15312;2026-08-23 15:21:04;USR-1025;1996-12-17;M;PS5;1;270;250;Card;GTA V;;0
SESS-10525;2026-08-14 20:14:23;USR-1352;1995-12-27;F;PS5;2;650;500;Card;PUBG;;0
SESS-14500;2026-08-14 19:17:36;USR-1088;2004-02-01;M;Standard;2;240;200;Card;CS2;;0
SESS-15266;2026-08-30 18:48:22;USR-1148;2008-04-10;F;PS5;2;0;500;Card;Dota 2;5.0;0
SESS-15187;2026-08-06 22:51:56;USR-1625;2007-05-21;M;VIP;3;510;600;Card;Deadlock;;0
SESS-12260;2026-08-29 16:07:42;USR-1098;2005-09-18;F;Standard;12;1920;1200;Card;CS2;4.0;0
SESS-10158;2026-08-16 19:38:17;USR-1678;2007-09-14;F;Standard;2;0;200;Cash;PUBG;;0
SESS-10257;2026-08-12 21:19:48;USR-1187;2003-11-01;M;Bootcamp;1;434;135;Card;Deadlock;;1
SESS-10021;2026-08-30 16:35:49;USR-1019;1998-11-10;M;Standard;3;0;300;App;Dota 2;5.0;0
SESS-12107;2026-08-10 20:32:30;USR-1423;2006-01-25;M;Standard;5;840;450;App;Dota 2;5.0;1
SESS-11133;2026-08-03 01:09:01;USR-1116;2006-02-02;M;Bootcamp;12;2070;1800;Card;GTA V;;0
SESS-11973;2026-08-04 19:56:02;USR-1087;2002-08-16;F;Bootcamp;2;390;300;App;CS2;;0
SESS-12383;2026-08-23 23:35:19;USR-1763;1992-02-26;F;Standard;3;750;300;App;Cyberpunk 2077;4.5;0
SESS-10247;2026-08-07 16:52:14;USR-1791;2006-01-19;F;VIP;1;310;200;App;CS2;;0
SESS-12207;2026-08-22 22:07:49;USR-1053;2003-11-22;M;Standard;8;640;800;Card;Valorant;;0
SESS-14920;2026-08-02 16:19:25;USR-1798;2003-03-07;M;VIP;2;390;400;Card;Dota 2;4.5;0
SESS-10211;2026-08-19 18:37:00;USR-1632;2002-12-09;M;VIP;1;0;200;Card;Dota 2;;0
SESS-11613;2026-08-14 20:26:52;USR-1425;2006-09-02;M;VIP;1;0;200;Card;Dota 2;5.0;0
SESS-13449;2026-08-10 15:53:09;USR-1095;2010-06-09;M;Standard;4;240;400;App;Minecraft;4.0;0
SESS-13655;2026-08-30 11:23:12;USR-1248;2004-09-25;M;Standard;1;160;100;Cash;CS2;;0
SESS-11281;2026-08-30 17:45:44;USR-1071;2007-09-18;F;Bootcamp;2;310;300;Card;CS2;;0
SESS-10620;2026-08-09 17:09:55;USR-1196;2012-04-26;M;Standard;3;0;300;Card;CS2;4.0;0
SESS-10415;2026-08-31 15:22:02;USR-1029;1994-12-27;M;Standard;4;1000;400;Card;CS2;4.5;0
SESS-13665;2026-08-23 17:17:20;USR-1348;2003-03-16;M;VIP;2;310;400;App;CS2;;0
SESS-13390;2026-08-21 18:27:40;USR-1059;2003-11-06;F;Standard;2;320;200;App;Deadlock;4.0;0
SESS-15360;2026-08-29 17:33:27;USR-1383;2009-05-24;M;Standard;2;160;200;Cash;Dota 2;;0
SESS-10725;2026-08-04 09:09:52;USR-1253;2006-04-28;M;VIP;1;0;200;Card;Valorant;;0
SESS-13319;2026-08-12 17:29:02;USR-1212;2010-08-25;F;Standard;1;0;100;App;Minecraft;;0
SESS-15510;2026-08-20 12:59:58;USR-1143;2009-12-19;M;Standard;3;0;270;App;CS2;5.0;1
SESS-15236;2026-08-07 11:31:02;USR-1183;2012-03-28;F;Standard;3;0;300;App;CS2;4.0;0
SESS-12063;2026-08-02 18:28:46;USR-1039;2005-04-25;M;Standard;2;0;200;Card;CS2;;0
SESS-14291;2026-08-11 20:05:52;USR-1140;2008-01-12;M;Standard;5;400;500;Card;CS2;;0
SESS-12471;2026-08-03 22:28:34;USR-1586;2009-05-19;M;Standard;5;0;500;Card;Minecraft;4.5;0
SESS-11805;2026-08-22 14:20:24;USR-1386;2007-12-17;M;Bootcamp;2;0;300;Card;CS2;4.0;0
SESS-13514;2026-08-29 15:20:12;USR-1118;2012-06-26;M;Standard;4;0;400;Card;Valorant;;0
SESS-11711;2026-08-08 16:43:36;USR-1418;2006-06-05;M;Bootcamp;4;0;600;App;Valorant;4.0;0
SESS-10771;2026-08-26 15:25:05;USR-1662;1989-05-08;M;Bootcamp;1;0;150;Card;PUBG;;0
SESS-13021;2026-08-15 13:32:19;USR-1107;1996-01-10;F;PS5;5;1470;1125;Card;Cyberpunk 2077;4.5;1
SESS-13127;2026-08-04 11:35:07;USR-1045;2006-03-28;M;Bootcamp;2;320;300;App;CS2;;0
SESS-13237;2026-08-01 17:48:53;USR-1432;1988-07-15;M;PS5;3;1470;675;Card;Valorant;;1
SESS-14530;2026-08-06 12:40:51;USR-1032;2007-01-28;M;PS5;2;240;500;App;Dota 2;;0
SESS-11264;2026-08-18 06:11:07;USR-1152;1992-08-26;M;VIP;5;1200;1000;App;CS2;4.0;0
SESS-13137;2026-08-30 12:26:11;USR-1043;2005-02-07;F;Standard;3;360;300;Card;Valorant;4.5;0
SESS-12095;2026-08-16 18:52:59;USR-1284;1993-11-23;F;VIP;1;0;200;Card;Cyberpunk 2077;;0
SESS-12537;2026-08-06 21:58:11;USR-1357;2004-06-18;M;VIP;2;400;400;Card;CS2;4.0;0
SESS-11266;2026-08-13 20:31:45;USR-1099;2006-06-02;M;Standard;5;840;450;App;Valorant;;1
SESS-14732;2026-08-16 12:22:22;USR-1093;2005-01-04;F;Standard;12;2015;1080;Card;CS2;4.0;1
SESS-12629;2026-08-14 03:27:31;USR-1313;1995-12-07;M;PS5;2;0;500;Card;GTA V;4.0;0
SESS-12476;2026-08-12 17:02:58;USR-1007;2006-10-02;M;Standard;3;672;270;Card;CS2;;1
SESS-14091;2026-08-05 22:14:15;USR-1790;2012-02-18;M;Standard;12;0;1200;App;Apex Legends;;0
SESS-15125;2026-08-19 18:59:47;USR-1617;2003-03-08;M;Standard;2;320;200;Card;CS2;4.0;0
SESS-12816;2026-08-20 19:17:34;USR-1128;1997-08-27;M;Standard;2;240;200;Card;GTA V;;0
SESS-12477;2026-08-18 05:45:06;USR-1239;2011-01-28;M;Bootcamp;2;0;300;App;Dota 2;;0
SESS-14654;2026-08-23 21:32:54;USR-1531;2004-12-26;M;Standard;8;960;800;Cash;Dota 2;;0
SESS-12943;2026-08-10 14:12:02;USR-1655;1992-07-02;M;PS5;3;1050;750;Card;Dota 2;5.0;0
SESS-10727;2026-08-19 19:35:10;USR-1007;2006-10-02;M;PS5;5;0;1125;App;Dota 2;5.0;1
SESS-11954;2026-08-21 18:57:34;USR-1379;2006-07-16;M;PS5;3;360;750;Card;Dota 2;5.0;0
SESS-10624;2026-08-09 19:30:50;USR-1382;2012-07-23;M;Standard;3;0;300;App;Minecraft;;0
SESS-15052;2026-08-22 16:58:34;USR-1092;2011-05-01;M;Bootcamp;3;0;450;Card;Valorant;5.0;0
SESS-11434;2026-08-07 19:24:00;USR-1156;2008-07-22;M;Standard;1;0;100;App;Deadlock;;0
SESS-13859;2026-08-26 19:51:09;USR-1059;2003-11-06;F;VIP;1;0;200;Card;CS2;;0
SESS-15473;2026-08-07 18:26:05;USR-1438;2010-05-10;M;Standard;8;0;800;Cash;Valorant;4.5;0
SESS-13515;2026-08-07 17:00:59;USR-1039;2005-04-25;M;Standard;1;120;100;Card;CS2;4.0;0
SESS-13983;2026-08-14 23:39:57;USR-1533;1993-12-28;M;Bootcamp;8;1554;1080;Card;Cyberpunk 2077;;1
SESS-10352;2026-08-22 18:37:23;USR-1475;2012-02-23;M;Standard;2;0;200;Cash;Minecraft;;0
SESS-15203;2026-08-15 17:35:47;USR-1769;2011-01-01;F;VIP;4;0;800;App;CS2;5.0;0
SESS-13722;2026-08-20 19:20:58;USR-1389;2011-12-03;M;VIP;2;224;360;Cash;Deadlock;5.0;1
SESS-14100;2026-08-12 15:58:41;USR-1662;1989-05-08;M;Standard;1;0;100;Card;Dota 2;;0
SESS-13161;2026-08-27 19:21:17;USR-1034;2011-05-20;F;Standard;3;0;300;Cash;GTA V;;0
SESS-14339;2026-08-26 17:11:35;USR-1586;2009-05-19;M;Bootcamp;4;0;600;Card;CS2;4.5;0
SESS-11813;2026-08-14 02:35:07;USR-1060;2011-01-07;M;Standard;3;0;300;App;Minecraft;4.5;0
SESS-11688;2026-08-09 20:11:56;USR-1795;1997-10-22;M;Standard;2;336;180;Card;Cyberpunk 2077;;1
SESS-14609;2026-08-24 13:55:50;USR-1083;2012-04-25;M;Standard;2;0;200;App;Minecraft;4.0;0
SESS-11269;2026-08-11 00:19:55;USR-1692;2008-03-01;M;Standard;5;0;500;Card;Valorant;;0
SESS-12679;2026-08-12 15:07:12;USR-1025;1996-12-17;M;VIP;3;1176;540;Card;Dota 2;2.0;1
SESS-13924;2026-08-08 13:29:41;USR-1008;2004-03-27;F;Standard;3;0;300;Card;Dota 2;4.5;0
SESS-10472;2026-08-01 22:41:38;USR-1150;2004-07-09;F;Standard;12;1440;1200;Card;Deadlock;2.0;0
SESS-10561;2026-08-18 16:25:18;USR-1116;2006-02-02;M;VIP;2;658;360;Card;CS2;;1
SESS-15083;2026-08-08 19:58:07;USR-1247;2007-11-19;F;Standard;4;0;360;Card;Valorant;;1
SESS-13276;2026-08-29 14:53:23;USR-1087;2002-08-16;F;VIP;2;0;400;Card;PUBG;;0
SESS-11949;2026-08-30 11:18:50;USR-1697;2003-08-20;M;VIP;3;714;540;App;Dota 2;;1
SESS-11611;2026-08-05 20:14:52;USR-1015;2006-01-06;M;VIP;1;200;200;App;Cyberpunk 2077;;0
SESS-12802;2026-08-24 18:38:13;USR-1071;2007-09-18;F;Bootcamp;4;784;540;Card;CS2;3.0;1
SESS-15211;2026-08-13 20:30:44;USR-1246;1996-02-20;M;VIP;3;0;600;Card;Deadlock;4.5;0
SESS-12002;2026-08-05 20:00:35;USR-1612;1999-07-17;M;Standard;1;0;100;Card;Cyberpunk 2077;;0
SESS-14581;2026-08-29 19:08:17;USR-1108;1998-04-14;M;Standard;12;0;1080;Card;PUBG;5.0;1
SESS-12314;2026-08-27 14:10:46;USR-1790;2012-02-18;M;Standard;4;0;400;Cash;Valorant;;0
SESS-10989;2026-08-12 13:02:53;USR-1221;2008-04-08;M;Standard;4;0;400;Card;Valorant;;0
SESS-10091;2026-08-23 19:32:01;USR-1456;2009-06-23;M;Standard;1;60;100;Cash;CS2;;0
SESS-11549;2026-08-12 17:27:07;USR-1046;2009-05-04;M;Standard;2;160;200;Card;Dota 2;;0
SESS-12785;2026-08-26 16:14:18;USR-1524;2005-07-06;M;Standard;4;640;400;Card;CS2;4.0;0
SESS-15337;2026-08-15 11:00:32;USR-1040;1991-09-28;M;PS5;2;909;450;Card;Dota 2;;1
SESS-15296;2026-08-27 10:20:59;USR-1677;2008-10-19;F;Bootcamp;2;320;300;Card;CS2;5.0;0
SESS-14321;2026-08-24 14:01:42;USR-1009;2001-06-04;M;Bootcamp;3;0;450;Card;Dota 2;4.5;0
SESS-12279;2026-08-21 19:01:59;USR-1158;2006-01-06;M;Standard;1;0;100;App;CS2;;0
SESS-14626;2026-08-22 15:09:10;USR-1360;2011-04-03;M;Standard;1;0;100;Card;Minecraft;;0
SESS-14995;2026-08-08 07:03:47;USR-1271;2003-09-16;M;Bootcamp;8;1554;1080;Card;Dota 2;5.0;1
SESS-10139;2026-08-15 12:07:11;USR-1127;2011-07-10;M;Bootcamp;2;0;300;App;Minecraft;;0
SESS-13577;2026-08-05 17:56:04;USR-1396;2006-01-08;M;Standard;1;0;100;;Deadlock;;0
SESS-11165;2026-08-28 12:35:12;USR-1568;2007-09-08;F;VIP;2;0;400;App;CS2;3.0;0
SESS-11654;2026-08-06 20:15:43;USR-1768;2006-04-17;F;Standard;5;560;450;Cash;CS2;;1
SESS-12355;2026-08-30 13:59:38;USR-1268;2006-06-13;M;VIP;12;2070;2400;Card;CS2;4.5;0
SESS-14779;2026-08-13 18:49:59;USR-1796;2006-08-10;M;PS5;2;0;500;Card;CS2;;0
SESS-15244;2026-08-22 16:02:28;USR-1054;2010-09-08;M;Bootcamp;2;0;300;App;CS2;;0
SESS-15459;2026-08-04 00:42:09;USR-1501;2005-05-15;M;Bootcamp;8;1110;1200;Card;Dota 2;;0
SESS-11904;2026-08-14 15:31:41;USR-1028;2002-05-19;M;Bootcamp;8;1106;1080;Card;Dota 2;4.0;1
SESS-12475;2026-08-22 19:03:22;USR-1457;2004-06-04;M;Standard;2;0;200;Card;CS2;;0
SESS-12625;2026-08-15 11:31:04;USR-1006;2005-07-07;M;Bootcamp;4;400;600;Card;GTA V;;0
SESS-12969;2026-08-09 20:31:15;USR-1293;2009-09-01;M;Standard;2;0;200;Card;CS2;;0
SESS-14558;2026-08-29 23:21:59;USR-1188;1999-01-08;F;VIP;8;1110;1600;Card;PUBG;;0
SESS-15100;2026-08-28 18:50:18;USR-1096;2000-06-13;M;VIP;2;390;400;Card;CS2;4.5;0
SESS-11475;2026-08-13 18:23:08;USR-1057;2005-07-28;M;Standard;2;0;200;Card;CS2;;0
SESS-13614;2026-08-16 13:55:31;USR-1649;2009-07-12;M;Standard;2;0;200;Cash;Deadlock;3.0;0
SESS-13672;2026-08-09 22:18:04;USR-1072;2012-08-16;M;Bootcamp;8;640;1200;Card;Minecraft;;0
SESS-13073;2026-08-14 13:08:40;USR-1242;1999-09-23;M;VIP;4;1300;800;Card;Cyberpunk 2077;;0
SESS-10833;2026-08-01 18:32:03;USR-1668;1994-04-21;F;Bootcamp;1;420;150;Card;CS2;;0
SESS-14541;2026-08-06 22:09:50;USR-1092;2011-05-01;M;Standard;3;0;300;Cash;Minecraft;4.5;0
SESS-14370;2026-08-19 19:08:42;USR-1751;2009-04-16;M;Standard;3;240;300;Card;CS2;;0
SESS-14223;2026-08-01 23:43:58;USR-1080;2010-03-26;M;VIP;3;240;600;App;Minecraft;;0
SESS-12934;2026-08-04 23:16:32;USR-1735;2012-06-01;M;Standard;12;0;1200;App;CS2;2.0;0
SESS-12296;2026-08-31 20:21:28;USR-1627;2007-03-09;M;Standard;3;360;300;Card;Dota 2;5.0;0
SESS-12174;2026-08-23 17:12:00;USR-1009;2001-06-04;M;Bootcamp;1;322;135;App;CS2;5.0;1
SESS-15401;2026-08-20 23:47:38;USR-1136;2010-11-02;M;VIP;8;0;1600;App;Dota 2;1.0;0
SESS-12699;2026-08-18 09:54:29;USR-1739;2011-09-09;M;Standard;2;160;200;Card;Minecraft;;0
SESS-11116;2026-08-22 14:14:08;USR-1150;2004-07-09;F;Bootcamp;5;1232;675;App;CS2;4.5;1
SESS-10873;2026-08-10 15:29:48;USR-1209;2011-08-10;F;Standard;2;120;200;Cash;Dota 2;;0
SESS-14840;2026-08-01 14:00:53;USR-1740;2011-12-02;M;PS5;3;336;675;Card;Minecraft;5.0;1
SESS-15516;2026-08-15 15:49:46;USR-1581;2001-09-25;F;VIP;4;560;720;Card;Dota 2;;1
SESS-14218;2026-08-19 10:31:34;USR-1143;2009-12-19;M;Standard;2;0;200;Cash;CS2;;0
SESS-11966;2026-08-30 17:20:39;USR-1002;2001-09-28;F;Standard;1;160;100;Card;CS2;5.0;0
SESS-11329;2026-08-23 21:29:48;USR-1296;2003-06-19;F;Bootcamp;4;0;540;App;Valorant;;1
SESS-13887;2026-08-14 23:51:53;USR-1772;2011-04-12;M;Standard;5;300;500;Card;CS2;4.0;0
SESS-11987;2026-08-27 13:36:40;USR-1681;2001-12-17;M;Standard;1;0;100;Card;Deadlock;;0
SESS-15242;2026-08-21 22:13:02;USR-1357;2004-06-18;M;Bootcamp;8;1360;1200;App;Dota 2;;0
SESS-11749;2026-08-17 15:59:56;USR-1034;2011-05-20;F;Bootcamp;1;0;150;Card;Minecraft;;0
SESS-10189;2026-08-16 21:35:56;USR-1291;2011-06-22;M;PS5;2;80;500;Card;Minecraft;5.0;0
SESS-14372;2026-08-03 21:20:00;USR-1159;2005-01-02;M;Standard;3;360;300;Card;CS2;;0
SESS-10300;2026-08-27 17:46:45;USR-1659;2005-02-17;M;Bootcamp;8;1007;1080;Card;CS2;;1
SESS-10901;2026-08-16 22:36:52;USR-1029;1994-12-27;M;PS5;3;0;750;Card;CS2;;0
SESS-13332;2026-08-10 15:54:30;USR-1418;2006-06-05;M;Standard;5;0;450;App;Dota 2;5.0;1
SESS-10809;2026-08-20 22:59:25;USR-1617;2003-03-08;M;Bootcamp;3;630;450;Card;Deadlock;;0
SESS-10388;2026-08-04 18:16:56;USR-1738;1999-03-01;M;Standard;2;0;200;Card;CS2;;0
SESS-15276;2026-08-07 10:46:54;USR-1425;2006-09-02;M;Standard;3;0;300;Card;Dota 2;;0
SESS-15368;2026-08-30 23:22:39;USR-1528;1999-03-12;M;Standard;5;0;500;Card;CS2;;0
SESS-14610;2026-08-10 18:31:14;USR-1544;2011-12-09;F;Standard;2;0;200;App;Valorant;;0
SESS-14071;2026-08-26 21:29:59;USR-1484;2005-03-22;M;PS5;3;0;750;Card;Deadlock;5.0;0
SESS-12443;2026-08-27 22:04:00;USR-1052;2007-09-02;M;Standard;12;1920;1200;Card;Apex Legends;;0
SESS-10508;2026-08-12 05:23:35;USR-1268;2006-06-13;M;VIP;3;0;540;Card;Dota 2;;1
SESS-11136;2026-08-10 23:53:00;USR-1751;2009-04-16;M;Standard;8;0;720;Cash;Valorant;;1
SESS-13513;2026-08-17 20:27:55;USR-1243;2006-04-18;F;Bootcamp;1;200;150;Card;CS2;4.5;0
SESS-10390;2026-08-20 13:35:05;USR-1109;2006-11-25;M;Standard;2;240;200;Card;Deadlock;;0
SESS-11001;2026-08-08 02:36:17;USR-1003;2004-05-26;M;Bootcamp;2;390;300;Card;CS2;;0
SESS-15050;2026-08-28 01:45:03;USR-1514;1996-07-11;M;Bootcamp;12;3300;1800;Card;Cyberpunk 2077;4.5;0
SESS-12454;2026-08-23 22:41:08;USR-1069;2004-11-11;M;Standard;12;0;1080;App;CS2;3.0;1
SESS-13549;2026-08-06 08:16:39;USR-1000;2006-02-16;M;PS5;3;240;750;App;CS2;4.5;0
SESS-15182;2026-08-18 01:58:55;USR-1192;2002-03-03;M;Bootcamp;2;470;300;Card;Valorant;4.5;0
SESS-14658;2026-08-02 10:23:00;USR-1326;1999-02-11;M;VIP;2;0;400;App;CS2;;0
SESS-11310;2026-08-30 18:14:07;USR-1743;2001-10-26;M;Bootcamp;3;390;450;Card;PUBG;5.0;0
SESS-13392;2026-08-07 03:25:16;USR-1059;2003-11-06;F;Standard;4;0;400;Card;Dota 2;;0
SESS-14827;2026-08-07 17:06:42;USR-1023;2005-11-18;F;VIP;1;230;200;Card;Deadlock;;0
SESS-10321;2026-08-15 22:31:32;USR-1254;2011-07-13;M;Standard;12;0;1080;App;Minecraft;4.5;1
SESS-10745;2026-08-05 17:09:57;USR-1092;2011-05-01;M;Standard;2;0;200;Cash;CS2;3.0;0
SESS-10215;2026-08-24 18:40:57;USR-1032;2007-01-28;M;Standard;1;0;100;Card;Dota 2;;0
SESS-13244;2026-08-30 14:25:53;USR-1260;2006-01-17;M;Bootcamp;2;400;300;Card;CS2;4.0;0
SESS-14073;2026-08-29 17:08:31;USR-1185;2001-12-08;M;Bootcamp;2;658;270;Card;CS2;;1
SESS-10375;2026-08-15 01:42:47;USR-1110;2004-06-14;M;Standard;5;0;500;App;CS2;5.0;0
SESS-11585;2026-08-09 16:03:52;USR-1086;2004-06-19;M;Standard;2;240;200;Card;Valorant;4.0;0
SESS-10974;2026-08-09 19:32:52;USR-1005;1998-09-23; M ;PS5;1;400;250;Card;Browser/Work;4.5;0
SESS-15056;2026-08-13 18:31:06;USR-1767;2006-02-17;M;PS5;3;240;750;Card;CS2;5.0;0
SESS-10850;2026-08-29 21:34:48;USR-1083;2012-04-25;M;Standard;1;0;100;Cash;Deadlock;5.0;0
SESS-10461;2026-08-21 09:58:52;USR-1572;2006-08-21;F;Standard;4;640;400;Card;Cyberpunk 2077;4.0;0
SESS-11615;2026-08-29 17:08:31;USR-1596;2006-06-04;M;VIP;2;400;400;Cash;CS2;4.0;0
SESS-11712;2026-08-08 01:07:25;USR-1084;2009-10-18;M;Standard;5;0;500;App;Minecraft;4.5;0
SESS-10898;2026-08-29 17:05:32;USR-1125;2011-08-05;M;Standard;3;0;270;Cash;CS2;;1
SESS-11407;2026-08-15 14:33:38;USR-1241;2001-02-07;M;Standard;2;224;180;Card;Valorant;4.0;1
SESS-13930;2026-08-10 17:13:16;USR-1494;2000-02-04;M;Bootcamp;2;650;300;App;CS2;4.5;0
SESS-10636;2026-08-22 20:08:41;USR-1341;2006-06-08;F;Standard;3;0;300;Card;Valorant;4.5;0
SESS-14078;2026-08-12 23:17:50;USR-1619;2005-02-21;M;Standard;12;2015;1080;Cash;Dota 2;;1
SESS-13453;2026-08-07 21:58:00;USR-1163;2006-10-14;M;Standard;3;503;270;Cash;Dota 2;;1
SESS-14188;2026-08-29 12:25:51;USR-1424;2003-09-25;M;Standard;4;0;400;App;CS2;3.0;0
SESS-12031;2026-08-31 16:52:35;USR-1474;2011-06-08;M;Standard;3;251;270;Card;CS2;;1
SESS-13717;2026-08-15 23:32:37;USR-1304;2003-08-08;M;Standard;5;840;450;Card;Valorant;3.0;1
SESS-15117;2026-08-17 22:20:08;USR-1543;2010-02-28;M;Standard;12;480;1200;Card;CS2;4.5;0
SESS-14316;2026-08-04 17:27:01;USR-1778;2005-12-18;M;Standard;3;672;270;App;Dota 2;;1
SESS-10464;2026-08-30 17:41:53;USR-1116;2006-02-02;м;Standard;2;0;200;Cash;CS2;4.0;0
