session_id;date;user_id;birth_date;gender;pc_zone;hours_played;extra_bar_spent;total_paid;payment_method;game_played;client_rating;discount_promo
SESS-13716;2026-08-08 19:26:58;USR-1796;1998-12-28;F;VIP;4;0;800;App;GTA V;;0
SESS-11078;2026-08-14 13:22:40;USR-1655;2007-10-26;M;Standard;3;240;300;App;CS2;4.5;0
SESS-11312;2026-08-07 18:09:16;USR-1058;2011-10-04;M;Standard;1;60;100;App;Valorant;4.5;0
SESS-10959;2026-08-01 15:51:39;USR-1429;2011-06-24;F;Standard;3;0;300;Cash;Dota 2;4.5;0
SESS-11477;2026-08-08 23:28:39;USR-1018;2008-06-09;M;Standard;8;1280;800;App;Apex Legends;;0
SESS-12987;2026-08-17 01:56:12;USR-1074;2005-10-07;M;VIP;5;1330;900;App;CS2;4.5;1
SESS-10752;2026-08-11 20:45:50;USR-1793;2006-09-24;M;PS5;2;240;500;Card;Valorant;4.0;0
SESS-10160;2026-08-13 22:43:36;USR-1052;2006-06-27;M;Standard;8;0;800;Cash;PUBG;4.5;0
SESS-14059;2026-08-19 19:18:11;USR-1295;2006-10-15;F;Standard;5;0;450;Cash;Dota 2;;1
SESS-14676;2026-08-04 16:39:22;USR-1066;2002-11-13;M;Standard;2;320;200;App;Dota 2;;0
SESS-13586;2026-08-31 12:51:58;USR-1153;2006-01-07;M;Bootcamp;2;240;300;Card;Deadlock;4.5;0
SESS-15107;2026-08-21 15:34:44;USR-1558;2005-02-23;M;Bootcamp;2;658;270;Card;Deadlock;;1
SESS-10491;2026-08-15 11:22:22;USR-1276;1994-09-21;M;Standard;3;360;300;Card;Cyberpunk 2077;5.0;0
SESS-14660;2026-08-11 12:32:11;USR-1236;2006-05-11;M;Standard;8;1344;720;Card;CS2;;1
SESS-14352;2026-08-05 18:59:39;USR-1730;2003-04-15;M;VIP;1;230;200;App;Valorant;;0
SESS-12186;2026-08-27 14:40:13;USR-1338;2004-01-16;M;Standard;4;320;400;Card;CS2;;0
SESS-13406;2026-08-05 14:17:08;USR-1183;2005-08-04;M;Standard;1;0;100;Card;Dota 2;;0
SESS-10001;2026-08-01 17:43:18;USR-1463;2007-09-18;M;Bootcamp;2;310;300;Card;Deadlock;;0
SESS-12672;2026-08-09 15:55:53;USR-1088;2007-06-21;F;Bootcamp;2;0;300;Card;CS2;;0
SESS-15093;2026-08-05 16:30:23;USR-1750;2008-06-22;M;Standard;3;360;300;Card;Deadlock;;0
SESS-12347;2026-08-16 13:32:12;USR-1001;2003-05-28;M;VIP;1;270;200;Card;Dota 2;;0
SESS-11141;2026-08-21 15:24:26;USR-1564;2003-03-04;M;PS5;2;160;500;Card;Dota 2;5.0;0
SESS-13941;2026-08-22 15:00:57;USR-1586;2007-04-21;M;Standard;2;240;200;Card;Dota 2;;0
SESS-13927;2026-08-04 18:18:32;USR-1505;2006-04-03;F;Bootcamp;1;0;150;App;Apex Legends;;0
SESS-12638;2026-08-01 16:37:42;USR-1218;2003-08-23;F;Bootcamp;1;0;150;App;Dota 2;;0
SESS-10561;2026-08-21 22:15:13;USR-1099;1996-05-13;M;VIP;8;1260;1600;App;CS2;;0
SESS-11542;2026-08-20 13:50:08;USR-1066;2002-11-13;M;Bootcamp;2;390;300;Card;PUBG;4.0;0
SESS-13399;2026-08-24 18:19:47;USR-1705;2002-06-18;M;PS5;2;240;500;App;Valorant;;0
SESS-13925;2026-08-04 08:02:03;USR-1449;1994-04-19;M;VIP;8;2300;1600;App;PUBG;4.0;0
SESS-10480;2026-08-21 20:40:21;USR-1474;2003-03-19;M;Bootcamp;2;470;300;App;CS2;;0
SESS-13543;2026-08-18 17:32:38;USR-1032;2007-09-19;M;VIP;1;0;200;Card;Dota 2;;0
SESS-12588;2026-08-04 17:22:31;USR-1512;1988-11-01;M;Standard;2;500;200;Card;Deadlock;;0
SESS-10516;2026-08-09 19:37:48;USR-1678;2008-08-01;M;VIP;8;1040;1600;Card;CS2;5.0;0
SESS-15100;2026-08-02 16:40:41;USR-1708;1999-08-24;M;Bootcamp;2;0;270;Card;CS2;4.0;1
SESS-14869;2026-08-26 01:56:19;USR-1714;2009-01-21;M; standard ;12;0;1200;Cash;Minecraft;2.0;0
SESS-10568;2026-08-15 15:26:48;USR-1701;2005-11-04;M;Standard;1;0;100;Card;Deadlock;4.5;0
SESS-10353;2026-08-17 07:12:14;USR-1023;2003-06-20;M;Standard;2;320;200;Card;Deadlock;4.0;0
SESS-12427;2026-08-07 19:29:01;USR-1222;2012-07-14;M;VIP;3;0;600;App;CS2;;0
SESS-10043;2026-08-03 15:30:08;USR-1507;2006-07-11;M;Standard;1;0;100;Cash;Deadlock;4.0;0
SESS-14108;2026-08-27 20:53:33;USR-1607;2001-01-01;M;Standard;4;0;400;Card;Deadlock;;0
SESS-13267;2026-08-13 01:24:05;USR-1012;2005-04-17;M;Standard;8;640;800;Card;Dota 2;4.0;0
SESS-11268;2026-08-27 15:18:34;USR-1100;2003-03-23;M;PS5;2;0;500;Card;Deadlock;;0
SESS-15007;2026-08-15 22:52:39;USR-1667;2006-08-08;F;Standard;5;0;500;Card;CS2;;0
SESS-12583;2026-08-16 20:45:19;USR-1248;2000-06-07;F;Standard;5;840;450;Card;Cyberpunk 2077;4.0;1
SESS-10391;2026-08-28 23:18:20;USR-1044;2010-12-22;F;Bootcamp;12;720;1800;Cash;Dota 2;2.0;0
SESS-11562;2026-08-01 23:25:05;USR-1419;2003-03-27;M;Bootcamp;8;790;1200;Card;CS2;4.0;0
SESS-13605;2026-08-18 19:10:58;USR-1616;2009-04-21;M;PS5;3;0;750;Card;Valorant;;0
SESS-11732;2026-08-27 20:38:01;USR-1752;2005-12-08;M;PS5;2;0;500;App;CS2;;0
SESS-13993;2026-08-31 22:59:13;USR-1149;1996-01-09;F;Standard;8;0;800;Card;Cyberpunk 2077;5.0;0
SESS-14147;2026-08-01 16:59:13;USR-1128;2010-09-14;M;Standard;2;0;200;Cash;CS2;;0
SESS-13935;2026-08-03 21:43:50;USR-1358;2010-04-10;M;Bootcamp;3;0;450;Cash;Dota 2;4.5;0
SESS-12590;2026-08-04 17:43:05;USR-1713;2012-07-20;M;Standard;3;0;300;Cash;Minecraft;4.0;0
SESS-10957;2026-08-15 19:19:50;USR-1376;2004-04-12;F;Standard;5;600;500;Cash;Valorant;4.5;0
SESS-11337;2026-08-02 20:38:12;USR-1011;2011-12-15;M;Standard;2;0;200;Cash;CS2;;0
SESS-10137;2026-08-12 16:26:18;USR-1235;2008-05-14;M;VIP;2;0;400;App;Cyberpunk 2077;;0
SESS-12992;2026-08-08 19:16:41;USR-1039;1994-11-20;M;Standard;2;240;200;Card;GTA V;;0
SESS-11468;2026-08-09 21:36:47;USR-1360;2007-07-13;M;Bootcamp;3;784;405;Card;Valorant;4.5;1
SESS-14545;2026-08-05 11:24:16;USR-1221;1996-07-08;M;VIP;4;0;720;Card;Dota 2;;1
SESS-15035;2026-08-21 11:00:32;USR-1063;2005-06-25;M;Standard;2;336;180;App;Dota 2;;1
SESS-11655;2026-08-17 23:03:30;USR-1059;2012-05-14;M;VIP;12;480;2400;Cash;Deadlock;5.0;0
SESS-13298;2026-08-06 17:30:47;USR-1504;2010-03-07;M;Bootcamp;1;0;150;App;Minecraft;4.0;0
SESS-12640;2026-08-25 10:01:22;USR-1143;2007-05-26;M;PS5;2;0;500;Cash;CS2;;0
SESS-13791;2026-08-04 05:56:32;USR-1355;2007-05-01;M;Bootcamp;3;390;450;App;CS2;;0
SESS-10877;2026-08-23 17:28:00;USR-1077;2006-09-21;M;VIP;2;0;400;Card;CS2;;0
SESS-13719;2026-08-05 13:07:28;USR-1144;2009-09-12;M;Standard;2;0;200;App;Deadlock;;0
SESS-13853;2026-08-28 17:49:16;USR-1079;2007-12-07;M;VIP;4;470;800;Card;Dota 2;4.0;0
SESS-10345;2026-08-24 15:25:37;USR-1142;2005-03-10;M;Standard;1;160;100;Card;CS2;5.0;0
SESS-10899;2026-08-09 17:59:31;USR-1323;2004-11-08;M;PS5;5;400;1250;Card;CS2;;0
SESS-13518;2026-08-19 12:15:56;USR-1763;2003-11-13;F;Bootcamp;2;560;270;Card;Valorant;;1
SESS-12707;2026-08-31 07:07:36;USR-1029;2011-12-05;M;Standard;3;0;300;Card;Valorant;;0
SESS-10920;2026-08-27 10:13:06;USR-1437;1992-02-27;F;VIP;1;420;200;Card;CS2;4.5;0
SESS-11737;2026-08-31 12:16:53;USR-1068;2004-06-11;M;Standard;4;0;400;Card;CS2;;0
SESS-13478;2026-08-28 15:15:19;USR-1685;2006-04-09;M;VIP;3;510;600;App;CS2;4.0;0
SESS-12778;2026-08-08 11:35:17;USR-1370;2008-05-25;M;Standard;3;0;300;Card;Dota 2;;0
SESS-12727;2026-08-02 16:50:20;USR-1033;2004-01-16;M;VIP;2;400;400;App;Deadlock;3.0;0
SESS-10102;2026-08-01 14:10:29;USR-1144;2009-09-12;M;Bootcamp;2;0;300;Card;Minecraft;;0
SESS-14478;2026-08-28 23:25:42;USR-1078;1987-05-15;M;Bootcamp;3;0;450;Card;Dota 2;;0
SESS-10213;2026-08-30 23:46:19;USR-1068;2004-06-11;M;Standard;8;0;800;Card;Deadlock;;0
SESS-14511;2026-08-19 19:39:24;USR-1091;2004-06-20;F;Standard;3;672;270;Card;Dota 2;;1
SESS-10709;2026-08-31 16:04:19;USR-1555;1993-01-26;M;Standard;4;720;400;Card;CS2;;0
SESS-12270;2026-08-16 19:42:19;USR-1614;2006-07-14;M;Standard;1;160;100;Card;Apex Legends;5.0;0
SESS-10400;2026-08-01 11:39:10;USR-1343;2011-05-08;F;VIP;3;0;600;App;Dota 2;5.0;0
SESS-12560;2026-08-27 23:22:27;USR-1029;2011-12-05;M;Standard;8;0;800;App;Valorant;4.0;0
SESS-12087;2026-08-09 17:05:05;USR-1047;2007-02-05;M;Standard;5;400;500;Card;Dota 2;;0
SESS-12459;2026-08-16 21:20:57;USR-1245;2004-04-17;M;Standard;1;80;100;App;Valorant;;0
SESS-13939;2026-08-23 21:35:15;USR-1105;1994-09-17;M;Standard;3;540;300;Card;Cyberpunk 2077;5.0;0
SESS-12359;2026-08-10 09:52:52;USR-1573;1995-03-18;M;VIP;3;510;600;Cash;Dota 2;4.5;0
SESS-10318;2026-08-27 18:07:43;USR-1166;1995-10-14;M;PS5;4;1819;900;Card;Dota 2;5.0;1
SESS-12210;2026-08-21 16:40:23;USR-1533;2004-07-09;M;VIP;3;714;540;Cash;Deadlock;;1
SESS-10470;2026-08-21 18:37:17;USR-1763;2003-11-13;F;Bootcamp;12;1040;1800;Card;Dota 2;;0
SESS-12440;2026-08-08 17:35:43;USR-1099;1996-05-13;M;Bootcamp;4;1020;600;Card;CS2;;0
SESS-12557;2026-08-08 22:54:05;USR-1557;2010-10-11;M;Standard;8;0;800;Cash;Apex Legends;;0
SESS-11910;2026-08-15 13:14:12;USR-1030;2011-08-15;M;Standard;3;0;270;App;Dota 2;;1
SESS-11273;2026-08-17 19:14:20;USR-1741;2004-07-22;M;Standard;3;672;270;Card;Valorant;4.0;1
SESS-12673;2026-08-28 01:18:54;USR-1344;2007-08-22;M;Standard;8;0;720;App;Valorant;5.0;1
SESS-13236;2026-08-26 10:53:12;USR-1256;2006-12-14;M;Standard;12;1920;1200;Card;CS2;;0
SESS-13094;2026-08-25 19:44:26;USR-1094;1996-06-19;M;VIP;3;840;600;Card;Browser/Work;5.0;0
SESS-14029;2026-08-12 19:47:20;USR-1566;2004-01-04;M;Bootcamp;1;310;150;Card;CS2;4.0;0
SESS-13357;2026-08-04 14:25:10;USR-1773;1996-01-05;F;PS5;2;0;500;Card;Dota 2;;0
SESS-10021;2026-08-15 12:46:17;USR-1107;2004-12-19;M;Standard;2;320;200;Cash;Dota 2;4.0;0
SESS-13310;2026-08-30 15:05:47;USR-1083;1998-11-16;M;VIP;5;0;1000;Card;Valorant;4.5;0
SESS-13492;2026-08-15 15:33:27;USR-1047;2007-02-05;M;PS5;3;672;675;Card;Apex Legends;;1
SESS-13116;2026-08-01 18:43:14;USR-1396;2011-05-07;M;Bootcamp;3;336;405;Card;Minecraft;4.5;1
SESS-12151;2026-08-22 14:33:59;USR-1073;2003-06-06;M;Standard;5;0;500;App;Cyberpunk 2077;5.0;0
SESS-12055;2026-08-02 16:25:55;USR-1216;2011-10-25;M;VIP;4;320;800;App;Dota 2;4.0;0
SESS-14054;2026-08-14 10:52:40;USR-1248;2000-06-07;F;Standard;2;240;200;Card;GTA V;4.5;0
SESS-10324;2026-08-03 21:44:34;USR-1055;2009-07-20;M;Bootcamp;3;168;405;App;CS2;;1
SESS-14920;2026-08-16 20:11:39;USR-1382;2007-03-24;M;VIP;2;336;360;App;CS2;;1
SESS-12798;2026-08-28 17:12:10;USR-1690;2012-07-12;M;Standard;2;0;200;App;CS2;;0
SESS-11399;2026-08-24 22:06:47;USR-1111;2000-02-14;M;PS5;5;1200;1250;Card;Dota 2;;0
SESS-13917;2026-08-08 17:42:06;USR-1038;2005-04-06;F;Bootcamp;2;0;270;App;CS2;4.5;1
SESS-11218;2026-08-19 09:44:41;USR-1002;2004-11-16;F;Standard;3;0;300;Card;Minecraft;4.0;0
SESS-14550;2026-08-06 22:31:26;USR-1111;2000-02-14;M;VIP;5;1470;900;Card;CS2;5.0;1
SESS-14580;2026-08-22 18:47:07;USR-1706;2006-03-20;M;Standard;1;0;100;Card;CS2;;0
SESS-14246;2026-08-27 11:14:27;USR-1213;1997-02-16;F;PS5;2;0;500;Cash;PUBG;4.0;0
SESS-10090;2026-08-16 18:44:36;USR-1005;1997-11-25;F;Standard;2;0;200;App;Valorant;;0
SESS-10815;2026-08-09 18:59:46;USR-1151;2004-10-09;M;VIP;5;680;1000;App;Deadlock;2.0;0
SESS-13279;2026-08-15 23:12:35;USR-1795;2006-06-12;F;VIP;8;0;1600;Cash;Dota 2;2.0;0
SESS-15063;2026-08-15 18:14:48;USR-1500;2006-05-26;M;Bootcamp;2;470;300;Card;Valorant;2.0;0
SESS-14111;2026-08-12 21:14:51;USR-1034;2006-01-02;M;Bootcamp;3;390;450;Card;Cyberpunk 2077;;0
SESS-13120;2026-08-07 19:34:42;USR-1059;2012-05-14;M;Standard;2;0;200;Cash;CS2;;0
SESS-11339;2026-08-20 15:58:08;USR-1129;2010-06-11;M;Standard;2;120;200;Card;CS2;4.5;0
SESS-12017;2026-08-04 12:22:49;USR-1029;2011-12-05;M;Standard;3;0;300;App;Valorant;3.0;0
SESS-11041;2026-08-16 19:48:55;USR-1096;2004-01-06;M;Standard;3;0;300;App;Dota 2;4.0;0
SESS-14834;2026-08-21 12:58:42;USR-1047;2007-02-05;M;Standard;3;0;300;Card;CS2;;0
SESS-14218;2026-08-29 14:28:27;USR-1121;2004-12-08;M;Standard;1;0;100;Card;Valorant;;0
SESS-14831;2026-08-02 15:22:53;USR-1477;2002-05-15;F;Standard;1;0;100;Card;CS2;;0
SESS-12779;2026-08-08 21:05:50;USR-1100;2003-03-23;M;VIP;5;0;1000;Card;Deadlock;;0
SESS-15148;2026-08-30 17:00:18;USR-1137;2005-12-19;M;PS5;1;160;250;Card;Cyberpunk 2077;5.0;0
SESS-14480;2026-08-29 20:29:07;USR-1473;2000-06-17;F;Standard;3;0;300;Card;Browser/Work;;0
SESS-11101;2026-08-25 18:38:17;USR-1480;1998-10-13;M;VIP;2;0;360;App;Dota 2;;1
SESS-14527;2026-08-11 16:05:47;USR-1348;2009-01-23;M;Standard;2;0;200;Cash;GTA V;4.0;0
SESS-11239;2026-08-22 01:57:26;USR-1037;2008-05-17;F;Standard;12;2688;1080;Card;CS2;;1
SESS-11016;2026-08-12 21:07:20;USR-1107;2004-12-19;M;Standard;3;336;270;Card;Dota 2;4.5;1
SESS-14337;2026-08-01 19:58:09;USR-1065;1997-11-13;M;VIP;1;0;200;Card;Browser/Work;4.0;0
SESS-14271;2026-08-12 21:42:11;USR-1152;2006-10-26;M;Standard;5;560;450;Card;Deadlock;5.0;1
SESS-14281;2026-08-10 18:51:40;USR-1653;2007-11-28;M;Standard;2;160;200;Card;Deadlock;;0
SESS-13370;2026-08-16 16:47:30;USR-1448;2008-04-04;M;PS5;1;0;250;App;Dota 2;;0
SESS-13542;2026-08-13 00:32:03;USR-1006;2008-10-28;M;VIP;5;750;1000;Card;CS2;5.0;0
SESS-11889;2026-08-30 15:47:56;USR-1046;2010-11-19;M;VIP;4;0;720;App;Minecraft;;1
SESS-11890;2026-08-30 19:46:28;USR-1067;2009-11-26;M;Standard;12;0;1080;Card;Minecraft;;1
SESS-14356;2026-08-20 13:20:02;USR-1081;2006-01-23;M;VIP;2;0;400;App;Valorant;4.0;0
SESS-12499;2026-08-28 18:32:32;USR-1111;2000-02-14;M;PS5;3;1176;675;Card;Dota 2;3.0;1
SESS-13888;2026-08-04 13:51:58;USR-1744;2004-08-18;M;Standard;2;0;200;Cash;CS2;;0
SESS-13970;2026-08-09 09:35:30;USR-1662;2003-11-18;M;VIP;1;434;180;Card;Cyberpunk 2077;3.0;1
SESS-10636;2026-08-04 00:25:05;USR-1783;2012-06-22;M;Standard;5;420;450;App;Minecraft;4.0;1
SESS-11963;2026-08-24 15:04:49;USR-1734;2009-03-12;M;Standard;2;0;180;App;Valorant;4.5;1
SESS-11063;2026-08-08 02:49:41;USR-1609;1994-08-09;M;Standard;1;120;100;App;Valorant;;0
SESS-10393;2026-08-29 14:05:30;USR-1293;2005-01-24;M;VIP;2;470;400;App;CS2;;0
SESS-11281;2026-08-15 06:58:28;USR-1772;2008-07-27;F;Standard;1;80;100;App;Dota 2;5.0;0
SESS-11747;2026-08-08 05:14:14;USR-1707;2006-04-14;M;PS5;3;0;750;Cash;CS2;4.5;0
SESS-11301;2026-08-12 19:35:48;USR-1088;2007-06-21;F;Bootcamp;1;0;150;App;Valorant;5.0;0
SESS-12097;2026-08-19 13:46:22;USR-1671;2002-10-12;M;Standard;1;120;100;Card;Valorant;;0
SESS-12402;2026-08-07 11:21:57;USR-1790;1995-08-18;M;VIP;2;0;400;Card;CS2;;0
SESS-13756;2026-08-01 21:15:31;USR-1708;1999-08-24;M;VIP;2;510;400;Card;Dota 2;4.5;0
SESS-15028;2026-08-17 20:38:37;USR-1668;2009-03-12;M;Standard;2;0;200;Cash;Valorant;;0
SESS-11462;2026-08-23 00:03:34;USR-1704;2004-02-28;F;VIP;2;400;400;;Valorant;5.0;0
SESS-10633;2026-08-26 16:20:54;USR-1044;2010-12-22;F;Bootcamp;2;120;300;App;Deadlock;;0
SESS-11875;2026-08-18 17:16:34;USR-1114;2010-02-05;M;Standard;4;160;400;App;Dota 2;;0
SESS-13011;2026-08-08 17:23:05;USR-1022;2004-01-17;M;Bootcamp;3;560;450;Card;CS2;4.0;0
SESS-14440;2026-08-30 13:12:16;USR-1030;2011-08-15;M;PS5;1;40;250;Cash;Minecraft;;0
SESS-12490;2026-08-14 12:19:24;USR-1270;2003-04-13;Мужской;Bootcamp;4;0;600;App;Minecraft;;0
SESS-10409;2026-08-12 12:27:05;USR-1721;2009-10-14;M;Standard;1;56;90;App;CS2;;1
SESS-13222;2026-08-08 11:15:44;USR-1470;2002-11-07;M;Standard;1;0;100;App;CS2;3.0;0
SESS-14181;2026-08-07 15:34:11;USR-1347;2000-07-01;M;Bootcamp;2;650;300;Card;CS2;;0
SESS-10374;2026-08-20 21:25:32;USR-1286;2001-02-12;M;Standard;5;840;450;Card;CS2;1.0;1
SESS-15029;2026-08-03 21:04:35;USR-1116;1993-09-19;M;Bootcamp;1;0;150;Card;Cyberpunk 2077;;0
SESS-11115;2026-08-20 15:46:52;USR-1145;2008-09-12;F;Standard;3;672;270;App;CS2;4.5;1
SESS-14762;2026-08-14 18:43:44;USR-1149;1996-01-09;F;VIP;3;840;600;Card;Dota 2;4.0;0
SESS-10819;2026-08-02 17:10:08;USR-1662;2003-11-18;M;Standard;1;80;100;App;Dota 2;4.5;0
SESS-13621;2026-08-10 14:35:22;USR-1054;2005-04-23;M;Standard;3;0;300;Card;CS2;;0
SESS-12219;2026-08-17 23:40:59;USR-1462;2001-05-13;F;VIP;8;0;1600;Card;Deadlock;5.0;0
SESS-13290;2026-08-23 18:09:40;USR-1449;1994-04-19;M;VIP;2;909;360;Card;CS2;1.0;1
SESS-10823;2026-08-28 18:58:00;USR-1384;2011-09-05;M;Standard;5;200;500;Cash;Dota 2;;0
SESS-13688;2026-08-02 07:57:40;USR-1134;2005-02-21;M;VIP;1;0;200;App;Dota 2;;0
SESS-13393;2026-08-29 00:31:44;USR-1602;2004-01-08;M;Bootcamp;5;0;750;Card;CS2;4.5;0
SESS-10202;2026-08-16 15:21:03;USR-1078;1987-05-15;M;Standard;1;0;100;App;Dota 2;;0
SESS-10656;2026-08-02 13:23:39;USR-1170;2005-04-22;M;VIP;2;470;400;App;Deadlock;4.0;0
SESS-12404;2026-08-30 01:19:07;USR-1231;2002-08-06;M;Standard;12;1440;1200;Card;CS2;;0
SESS-11009;2026-08-22 17:47:32;USR-1513;2008-05-21;M;Standard;3;336;270;Card;Valorant;;1
SESS-14451;2026-08-28 09:13:33;USR-1606;1993-05-15;M;PS5;4;882;900;App;CS2;4.0;1
SESS-12950;2026-08-16 20:33:31;USR-1088;2007-06-21;F;Standard;3;480;300;Card;Dota 2;4.0;0
SESS-11769;2026-08-05 12:52:30;USR-1007;2009-09-04;M;VIP;3;0;600;Card;Deadlock;4.5;0
SESS-14689;2026-08-31 19:26:17;USR-1520;2002-05-27;F;VIP;2;0;400;Card;CS2;5.0;0
SESS-11036;2026-08-24 16:45:42;USR-1416;2005-02-15;M;Standard;2;0;200;App;CS2;;0
SESS-13865;2026-08-25 01:06:31;USR-1098;2004-04-09;F;VIP;12;0;2400;Card;Valorant;5.0;0
SESS-11208;2026-08-07 09:57:19;USR-1000;2007-12-12;M;VIP;3;440;600;App;CS2;3.0;0
SESS-12355;2026-08-30 17:41:08;USR-1068;2004-06-11;M;Standard;2;320;200;Card;Dota 2;;0
SESS-12096;2026-08-01 09:40:34;USR-1093;2003-03-25;M;VIP;3;320;600;Card;CS2;4.0;0
SESS-13146;2026-08-27 10:23:41;USR-1515;1997-04-14;M;Standard;3;750;300;App;Cyberpunk 2077;;0
SESS-13806;2026-08-29 01:33:35;USR-1157;2009-12-23;M;VIP;8;480;1600;Cash;Minecraft;4.0;0
SESS-10857;2026-08-23 14:14:45;USR-1066;2002-11-13;M;VIP;1;270;200;Card;CS2;;0
SESS-12093;2026-08-21 12:35:42;USR-1153;2006-01-07;M;PS5;2;336;450;App;Valorant;;1
SESS-13811;2026-08-04 12:05:49;USR-1104;2009-06-16;M;Standard;1;0;100;App;Minecraft;4.0;0
SESS-11425;2026-08-25 16:50:24;USR-1507;2006-07-11;M;Standard;12;0;1200;;Dota 2;4.5;0
SESS-14513;2026-08-22 17:46:52;USR-1672;2006-01-03;M;PS5;3;0;675;Cash;Minecraft;;1
SESS-12114;2026-08-05 07:19:19;USR-1385;2004-11-12;M;Bootcamp;1;230;150;App;Dota 2;4.0;0
SESS-12815;2026-08-18 15:34:15;USR-1128;2010-09-14;M;Standard;3;120;300;Cash;Minecraft;;0
SESS-11839;2026-08-08 22:01:21;USR-1766;2009-08-10;M;Bootcamp;12;480;1800;Card;CS2;2.0;0
SESS-10851;2026-08-01 10:59:33;USR-1008;2007-05-01;M;Standard;2;0;200;Card;Dota 2;4.5;0
SESS-14704;2026-08-09 15:27:22;USR-1603;1992-03-04;M;VIP;3;714;540;Card;Dota 2;4.5;1
SESS-14723;2026-08-12 12:01:57;USR-1060;1996-01-13;F;Standard;4;0;400;App;Dota 2;;0
SESS-11316;2026-08-16 13:16:41;USR-1149;1996-01-09;F;PS5;4;1150;1000;App;Deadlock;;0
SESS-11815;2026-08-19 11:26:54;USR-1098;2004-04-09;F;Bootcamp;4;1007;540;Card;CS2;4.0;1
SESS-10006;2026-08-24 15:55:26;USR-1123;2005-11-01;M;VIP;1;0;200;App;CS2;4.5;0
SESS-13622;2026-08-14 12:44:59;USR-1289;2011-06-28;M;Standard;2;0;200;Cash;Dota 2;1.0;0
SESS-14806;2026-08-20 21:02:11;USR-1354;2006-10-15;M;Bootcamp;2;560;270;Card;CS2;4.5;1
SESS-13377;2026-08-22 16:25:45;USR-1153;2006-01-07;M;Bootcamp;4;0;600;App;Deadlock;4.0;0
SESS-11231;2026-08-23 12:34:56;USR-1727;2010-11-16;M;Standard;2;0;200;Cash;PUBG;;0
SESS-13021;2026-08-07 22:13:03;USR-1088;2007-06-21;F;Standard;5;0;500;App;CS2;;0
SESS-11146;2026-08-07 20:14:55;USR-1232;2002-11-16;M;Standard;8;960;800;Card;CS2;4.5;0
SESS-11597;2026-08-20 22:02:09;USR-1109;2003-06-27;M;Bootcamp;3;0;450;Card;Dota 2;3.0;0
SESS-14818;2026-08-30 13:00:41;USR-1040;1999-04-03;M;Standard;5;1750;450;Card;Cyberpunk 2077;;1
SESS-13463;2026-08-20 20:09:20;USR-1582;1998-10-12;M;VIP;2;660;400;App;GTA V;4.5;0
SESS-14043;2026-08-04 12:26:06;USR-1489;2004-05-06;M;Standard;2;240;200;Card;Dota 2;;0
SESS-10855;2026-08-09 20:26:50;USR-1182;2001-10-23;M;Standard;3;336;270;Card;CS2;5.0;1
SESS-11109;2026-08-11 11:06:50;USR-1129;2010-06-11;M;Bootcamp;2;0;300;App;Minecraft;4.0;0
SESS-12323;2026-08-18 20:41:12;USR-1051;2006-08-12;F;Standard;2;160;200;Card;CS2;;0
SESS-12314;2026-08-20 20:22:00;USR-1348;2009-01-23;M;Standard;4;0;360;Card;Valorant;;1
SESS-11389;2026-08-17 23:20:02;USR-1031;2008-04-25;M;Standard;12;1344;1080;App;Dota 2;5.0;1
SESS-14110;2026-08-13 19:33:54;USR-1067;2009-11-26;M;Standard;2;0;200;App;Minecraft;4.0;0
SESS-13800;2026-08-24 20:42:16;USR-1515;1997-04-14;M;VIP;4;1300;800;Card;Dota 2;;0
SESS-14324;2026-08-01 10:04:13;USR-1195;2007-04-06;M;Bootcamp;2;240;300;Card;GTA V;4.5;0
SESS-10536;2026-08-28 16:22:54;USR-1073;2003-06-06;M;Standard;1;0;100;Card;Valorant;;0
SESS-11202;2026-08-27 19:33:14;USR-1766;2009-08-10;M;Standard;8;0;800;Card;Valorant;;0
SESS-12934;2026-08-30 10:40:32;USR-1535;1994-02-15;M;Standard;3;756;270;Card;CS2;5.0;1
SESS-12610;2026-08-30 12:58:44;USR-1035;1993-09-24;M;VIP;1;560;180;Card;Valorant;4.5;1
SESS-12348;2026-08-01 22:00:05;USR-1071;2004-05-19;F;PS5;12;0;2700;App;CS2;4.0;1
SESS-14359;2026-08-31 17:14:20;USR-1120;1991-02-07;M;Standard;4;1000;400;Card;Dota 2;3.0;0
SESS-11534;2026-08-13 22:43:37;USR-1271;2002-12-03;M;Standard;8;640;800;App;Apex Legends;3.0;0
SESS-12888;2026-08-10 19:38:50;USR-1448;2008-04-04;M;Standard;1;160;100;Card;CS2;;0
SESS-11295;2026-08-11 15:17:19;USR-1261;2010-08-21;F;Standard;1;0;100;Card;Valorant;;0
SESS-13920;2026-08-04 21:43:57;USR-1149;1996-01-09;F;Bootcamp;2;0;300;Card;Cyberpunk 2077;4.5;0
SESS-14431;2026-08-29 21:32:26;USR-1131;2006-04-21;M;Standard;2;320;200;Cash;Dota 2;;0
SESS-10206;2026-08-30 12:44:37;USR-1542;1996-01-09;F;Bootcamp;1;270;150;Card;GTA V;;0
SESS-11451;2026-08-18 02:21:31;USR-1527;2003-03-24;M;Bootcamp;1;200;150;Card;CS2;;0
SESS-10368;2026-08-22 23:33:16;USR-1205;1990-02-10;F;VIP;12;3150;2400;Card;Dota 2;4.5;0
SESS-12028;2026-08-27 14:29:14;USR-1265;2006-06-18;F;Standard;1;0;100;App;CS2;;0
SESS-10364;2026-08-01 13:36:50;USR-1605;2004-10-02;M;VIP;2;400;400;Card;Valorant;;0
SESS-10687;2026-08-22 14:38:33;USR-1199;2007-10-14;M;PS5;4;896;900;Card;GTA V;4.0;1
SESS-10297;2026-08-21 15:16:02;USR-1638;2007-07-13;M;Standard;2;160;200;Card;Deadlock;;0
SESS-10970;2026-08-15 12:10:32;USR-1369;2002-03-14;F;Standard;2;0;200;Cash;CS2;;0
SESS-11993;2026-08-11 00:05:47;USR-1023;2003-06-20;M;VIP;12;0;2400;Card;Dota 2;5.0;0
SESS-13613;2026-08-19 18:54:17;USR-1372;2004-05-24;M;VIP;5;0;900;App;GTA V;;1
SESS-11095;2026-08-24 16:48:19;USR-1186;1987-02-16;M;VIP;1;672;180;App;Browser/Work;4.0;1
SESS-11305;2026-08-20 02:03:59;USR-1081;2006-01-23;M;PS5;1;120;250;Card;Cyberpunk 2077;;0
SESS-12495;2026-08-18 19:32:16;USR-1190;2009-09-19;M;Bootcamp;3;0;405;Cash;CS2;;1
SESS-12415;2026-08-11 22:17:52;USR-1252;1998-02-10;M;Standard;5;900;500;;Dota 2;;0
SESS-15101;2026-08-14 14:43:30;USR-1023;2003-06-20;M;Standard;1;0;100;;Minecraft;4.5;0
SESS-11607;2026-08-22 01:42:16;USR-1297;2011-12-19;M;Bootcamp;8;0;1200;Cash;Valorant;;0
SESS-14712;2026-08-08 14:51:13;USR-1627;2000-03-26;M;VIP;1;0;200;Card;GTA V;;0
SESS-12850;2026-08-09 09:02:28;USR-1092;1992-04-25;M;Standard;1;120;100;App;Cyberpunk 2077;1.0;0
SESS-10478;2026-08-06 20:38:39;USR-1425;2008-06-18;M;Bootcamp;2;240;300;Card;CS2;;0
SESS-12892;2026-08-29 11:02:32;USR-1769;1999-02-01;M;VIP;2;540;400;Card;Deadlock;;0
SESS-10587;2026-08-25 11:17:59;USR-1305;2010-08-22;M;Standard;3;0;300;Card;Minecraft;;0
SESS-13483;2026-08-27 12:14:00;USR-1292;2007-03-13;F;PS5;5;840;1125;;Dota 2;;1
SESS-10984;2026-08-25 14:08:22;USR-1192;2012-07-02;M;Standard;1;0;100;App;Dota 2;1.0;0
SESS-12308;2026-08-29 16:06:46;USR-1154;2008-09-01;M;Standard;2;160;200;Card;Dota 2;3.0;0
SESS-11154;2026-08-22 20:02:13;USR-1048;2012-12-04;M;Standard;3;0;300;Card;Valorant;;0
SESS-10894;2026-08-12 19:00:48;USR-1339;2003-03-05;M;Standard;5;0;500;App;Dota 2;;0
SESS-12146;2026-08-12 08:57:02;USR-1006;2008-10-28;M;PS5;3;0;750;App;GTA V;;0
SESS-11639;2026-08-23 16:10:58;USR-1583;2006-10-15;F;Bootcamp;1;0;150;Card;CS2;;0
SESS-14682;2026-08-08 15:51:58;USR-1082;2007-12-15;F;Bootcamp;4;658;540;App;CS2;4.0;1
SESS-12312;2026-08-21 17:52:22;USR-1098;2004-04-09;F;VIP;2;0;400;Card;PUBG;;0
SESS-13087;2026-08-09 16:14:54;USR-1212;2012-07-04;M;Standard;2;0;200;App;Valorant;3.0;0
SESS-14776;2026-08-07 11:24:23;USR-1084;1999-10-26;M;VIP;2;0;400;Card;Cyberpunk 2077;;0
SESS-13665;2026-08-01 01:54:58;USR-1725;2005-05-24;M;Standard;5;400;500;Card;Dota 2;4.5;0
SESS-10412;2026-08-09 09:07:49;USR-1091;2004-06-20;F;VIP;5;0;1000;App;Dota 2;;0
SESS-13575;2026-08-08 17:30:24;USR-1779;2004-11-03;M;Bootcamp;1;270;150;Card;Deadlock;;0
SESS-13703;2026-08-17 14:44:31;USR-1022;2004-01-17;M;Standard;5;560;450;Card;Dota 2;4.0;1
SESS-12126;2026-08-02 20:45:06;USR-1609;1994-08-09;M;VIP;1;400;200;App;Browser/Work;;0
SESS-13901;2026-08-31 19:39:54;USR-1057;2011-11-08;M;Standard;3;180;300;Cash;Dota 2;4.0;0
SESS-10003;2026-08-05 17:26:35;USR-1008;2007-05-01;M;Standard;4;896;360;Cash;CS2;5.0;1
SESS-11283;2026-08-18 19:53:04;USR-1277;2006-03-26;M;VIP;3;440;600;Card;CS2;4.5;0
SESS-15069;2026-08-17 19:50:12;USR-1432;2003-09-08;M;Bootcamp;8;1110;1200;Card;Dota 2;;0
SESS-11052;2026-08-10 18:18:36;USR-1143;2007-05-26;M;Bootcamp;4;784;540;Card;CS2;5.0;1
SESS-10309;2026-08-28 19:27:13;USR-1161;2004-11-12;M;Standard;3;360;300;Card;CS2;4.5;0
SESS-11877;2026-08-02 03:53:18;USR-1096;2004-01-06;M;Standard;2;0;200;Card;CS2;;0
SESS-11152;2026-08-17 19:56:28;USR-1098;2004-04-09;F;Standard;2;0;200;Cash;Deadlock;;0
SESS-10533;2026-08-30 00:20:51;USR-1130;2007-08-16;M;Standard;12;2015;1080;App;CS2;4.0;1
SESS-11220;2026-08-02 02:44:46;USR-1764;2000-10-09;M;VIP;3;1050;600;Card;PUBG;5.0;0
SESS-13460;2026-08-17 20:29:23;USR-1438;2003-07-01;M;Standard;1;0;100;Card;Dota 2;;0
SESS-13556;2026-08-17 19:55:47;USR-1183;2005-08-04;M;PS5;1;120;250;Card;CS2;5.0;0
SESS-12807;2026-08-29 20:02:27;USR-1052;2006-06-27;M;Bootcamp;5;672;675;App;CS2;5.0;1
SESS-11489;2026-08-10 19:47:53;USR-1162;2006-04-01;M;Bootcamp;2;0;300;Card;CS2;;0
SESS-11727;2026-08-26 19:30:20;USR-1591;2004-07-23;M;Bootcamp;1;0;150;Card;Minecraft;;0
SESS-10008;2026-08-14 21:20:27;USR-1586;2007-04-21;M;Standard;2;0;200;App;Valorant;;0
SESS-12001;2026-08-19 17:44:24;USR-1001;2003-05-28;M;Bootcamp;2;0;270;App;CS2;;1
SESS-10151;2026-08-27 11:21:46;USR-1465;1997-05-03;M;VIP;3;0;540;Card;Dota 2;5.0;1
SESS-10386;2026-08-07 01:08:03;USR-1574;2006-12-23;M;Standard;8;896;720;Card;Dota 2;;1
SESS-12494;2026-08-18 12:20:52;USR-1307;1992-06-08;M;Standard;1;250;100;Card;Dota 2;;0
SESS-12079;2026-08-30 16:22:11;USR-1665;1999-04-02;M;Bootcamp;2;510;300;Card;CS2;;0
SESS-14822;2026-08-30 15:38:25;USR-1285;2005-12-26;M;Standard;2;320;200;App;Dota 2;;0
SESS-11095;2026-08-24 16:48:19;USR-1186;1987-02-16;M;VIP;1;672;180;App;Browser/Work;4.0;1
SESS-15134;2026-08-02 23:35:49;USR-1362;2001-07-13;M;Bootcamp;5;0;750;Card;Dota 2;4.5;0
SESS-13685;2026-08-22 15:01:06;USR-1441;2011-10-17;M;Standard;2;160;200;Card;Valorant;4.5;0
SESS-14519;2026-08-08 00:14:54;USR-1100;2003-03-23;M;VIP;8;0;1600;App;Dota 2;5.0;0
SESS-10220;2026-08-16 13:03:38;USR-1409;2012-01-27;M;Standard;2;0;200;Card;CS2;;0
SESS-12479;2026-08-29 21:53:06;USR-1084;1999-10-26;M;PS5;2;923;450;Card;Cyberpunk 2077;;1
SESS-11327;2026-08-04 12:06:05;USR-1783;2012-06-22;M;VIP;2;0;360;Card;Dota 2;;1
SESS-12071;2026-08-02 18:41:26;USR-1745;2005-02-12;M;Bootcamp;2;0;300;Card;Dota 2;;0
SESS-13426;2026-08-12 15:30:19;USR-1052;2006-06-27;M;Standard;5;1120;450;Card;Dota 2;4.5;1
SESS-11782;2026-08-08 20:30:28;USR-1224;2010-05-27;M;Standard;3;0;300;Cash;Minecraft;;0
SESS-14792;2026-08-01 21:41:12;USR-1039;1994-11-20;M;PS5;2;650;500;Card;CS2;;0
SESS-11441;2026-08-17 14:02:55;USR-1564;2003-03-04;M;Bootcamp;5;0;750;Card;Deadlock;5.0;0
SESS-11361;2026-08-14 15:18:00;USR-1263;1996-06-11;F;Standard;2;240;200;Card;Cyberpunk 2077;;0
SESS-14028;2026-08-19 04:05:03;USR-1153;2006-01-07;M;Standard;3;360;300;Card;Deadlock;;0
SESS-13440;2026-08-16 15:03:01;USR-1764;2000-10-09;M;VIP;4;0;800;Card;CS2;4.5;0
SESS-14845;2026-08-13 11:20:42;USR-1137;2005-12-19;M;Standard;1;120;100;Card;Apex Legends;;0
SESS-14024;2026-08-14 17:06:33;USR-1780;2006-11-15;F;Bootcamp;3;0;405;Card;Dota 2;;1
SESS-14071;2026-08-21 18:54:29;USR-1363;2005-05-05;M;Standard;5;400;500;App;Minecraft;;0
SESS-13707;2026-08-29 22:54:44;USR-1478;1991-11-11;M;Standard;8;1344;720;Card;Cyberpunk 2077;5.0;1
SESS-10417;2026-08-12 17:05:28;USR-1362;2001-07-13;M;Standard;1;112;90;App;Apex Legends;5.0;1
SESS-14036;2026-08-06 16:05:03;USR-1705;2002-06-18;M;Bootcamp;4;720;600;Cash;Dota 2;;0
SESS-12285;2026-08-10 20:06:33;USR-1152;2006-10-26;M;Standard;2;0;200;Cash;CS2;;0
SESS-10852;2026-08-10 01:02:24;USR-1103;2003-03-02;M;VIP;8;0;1600;Card;CS2;;0
SESS-12366;2026-08-21 09:16:58;USR-1139;2012-01-04;M;Bootcamp;1;0;150;Cash;CS2;;0
SESS-13073;2026-08-21 16:36:53;USR-1301;2006-12-07;M;Bootcamp;1;0;150;Card;CS2;;0
SESS-13642;2026-08-13 19:14:23;USR-1424;2004-11-14;M;VIP;2;0;400;Card;Apex Legends;;0
SESS-13451;2026-08-27 01:31:05;USR-1073;2003-06-06;M;Standard;5;600;500;Card;Valorant;;0
SESS-13345;2026-08-26 13:03:21;USR-1054;2005-04-23;M;VIP;2;0;400;App;CS2;;0
SESS-14995;2026-08-03 22:19:27;USR-1306;2005-02-02;M;VIP;8;1040;1600;Card;Dota 2;;0
SESS-10872;2026-08-30 14:06:38;USR-1172;2006-09-13;M;VIP;3;560;600;App;Dota 2;;0
SESS-10091;2026-08-14 14:55:01;USR-1097;2007-12-12;M;Standard;2;160;200;Card;Dota 2;;0
SESS-13720;2026-08-09 18:45:21;USR-1153;2006-01-07;M;Standard;3;0;300;Card;Apex Legends;4.5;0
SESS-14561;2026-08-02 14:52:37;USR-1347;2000-07-01;M;PS5;1;420;250;Card;GTA V;;0
SESS-11233;2026-08-12 15:55:26;USR-1112;2007-11-17;M;Bootcamp;2;470;300;Card;CS2;3.0;0
SESS-14676;2026-08-04 16:39:22;USR-1066;2002-11-13;M;Standard;2;320;200;App;Dota 2;;0
SESS-13124;2026-08-09 12:41:53;USR-1794;2011-09-16;M;VIP;2;80;400;Card;CS2;2.0;0
SESS-12828;2026-08-26 00:20:55;USR-1159;2011-04-10;M;VIP;12;0;2160;App;Dota 2;4.5;1
SESS-12492;2026-08-11 17:44:28;USR-1169;2006-10-11;M;Standard;8;960;800;Card;Valorant;4.5;0
SESS-12158;2026-08-24 23:22:13;USR-1527;2003-03-24;M;Standard;5;800;500;App;Dota 2;4.0;0
SESS-10061;2026-08-30 19:48:14;USR-1082;2007-12-15;F;PS5;2;0;500;App;CS2;;0
SESS-11103;2026-08-10 16:02:08;USR-1038;2005-04-06;F;Standard;1;160;100;Card;Dota 2;3.0;0
SESS-10518;2026-08-15 10:40:35;USR-1103;2003-03-02;M;Standard;2;0;200;Card;CS2;;0
SESS-10828;2026-08-14 21:45:03;USR-1704;2004-02-28;F;Bootcamp;4;470;600;App;CS2;2.0;0
SESS-10748;2026-08-05 05:24:21;USR-1025;2005-11-06;M;Standard;2;320;200;Card;CS2;3.0;0
SESS-15125;2026-08-28 21:13:26;USR-1657;2006-10-12;M;PS5;2;240;500;Card;Dota 2;;0
SESS-12068;2026-08-21 10:27:53;USR-1280;2009-11-26;M;Standard;3;180;300;Card;Dota 2;4.0;0
SESS-11315;2026-08-02 00:29:36;USR-1314;2008-01-15;F;Bootcamp;5;1330;675;Card;Dota 2;5.0;1
SESS-11754;2026-08-24 15:01:29;USR-1137;2005-12-19;M;Standard;3;336;270;App;CS2;;1
SESS-12760;2026-08-14 19:27:41;USR-1778;2008-12-15;M;Standard;1;80;100;Cash;Apex Legends;;0
SESS-10904;2026-08-24 16:17:51;USR-1518;2001-04-01;M;Standard;1;120;100;Card;Valorant;;0
SESS-12168;2026-08-14 17:33:36;USR-1059;2012-05-14;M;Standard;2;160;200;App;Valorant;;0
SESS-14525;2026-08-17 23:38:21;USR-1001;2003-05-28;M;Standard;12;2688;1080;App;CS2;4.5;1
SESS-13590;2026-08-06 20:54:59;USR-1124;2008-09-24;M;PS5;3;0;675;Card;Apex Legends;4.5;1
SESS-14999;2026-08-23 19:05:04;USR-1421;2008-12-22;F;PS5;2;0;500;App;Valorant;3.0;0
SESS-10752;2026-08-11 20:45:50;USR-1793;2006-09-24;M;PS5;2;240;500;Card;Valorant;4.0;0
SESS-10074;2026-08-22 23:15:34;USR-1049;2004-10-01;M;Standard;2;160;200;Card;Cyberpunk 2077;5.0;0
SESS-13793;2026-08-13 00:16:54;USR-1458;2010-07-24;M;Standard;8;0;800;Cash;CS2;;0
SESS-10576;2026-08-19 22:59:54;USR-1716;2003-04-06;M;Bootcamp;3;390;450;Card;Valorant;4.5;0
SESS-14832;2026-08-28 19:30:35;USR-1275;1998-03-22;M;VIP;5;1959;900;Card;Dota 2;4.5;1
SESS-12265;2026-08-22 17:58:45;USR-1129;2010-06-11;M;Standard;3;180;300;App;Minecraft;;0
SESS-14233;2026-08-28 19:56:18;USR-1445;2006-10-04;M;Standard;3;480;300;Card;CS2;;0
SESS-10544;2026-08-09 23:32:55;USR-1588;2008-07-11;M;Standard;8;0;800;App;Apex Legends;4.5;0
SESS-13465;2026-08-19 16:08:46;USR-1704;2004-02-28;F;Standard;2;0;200;Card;CS2;;0
SESS-13843;2026-08-27 16:16:56;USR-1126;1998-09-28;M;PS5;2;650;500;Card;Dota 2;;0
SESS-10962;2026-08-23 18:13:31;USR-1513;2008-05-21;M;Standard;1;0;100;Card;Dota 2;;0
SESS-14426;2026-08-30 11:16:40;USR-1134;2005-02-21;M;Bootcamp;3;0;450;App;Valorant;;0
SESS-12351;2026-08-24 19:44:46;USR-1398;2006-09-06;M;VIP;3;0;600;Card;CS2;;0
SESS-10763;2026-08-21 17:00:05;USR-1506;2009-07-07;M;Standard;3;168;270;Card;CS2;;1
SESS-13487;2026-08-28 22:07:46;USR-1341;2005-02-06;M;VIP;8;720;1600;Card;CS2;5.0;0
SESS-14601;2026-08-15 12:02:47;USR-1056;1997-07-15;M;Bootcamp;3;0;450;App;PUBG;;0
SESS-14959;2026-08-17 08:59:05;USR-1707;2006-04-14;M;Bootcamp;2;0;300;Card;PUBG;;0
SESS-13627;2026-08-21 19:45:44;USR-1080;2004-02-20;M;Bootcamp;3;714;405;Card;CS2;4.5;1
SESS-12825;2026-08-14 04:12:24;USR-1252;1998-02-10;M;VIP;2;800;400;Card;GTA V;;0
SESS-14382;2026-08-30 20:22:52;USR-1054;2005-04-23;M;VIP;3;0;600;Card;Dota 2;;0
SESS-12007;2026-08-17 18:40:18;USR-1560;2011-05-15;M;Standard;5;280;450;Cash;CS2;4.5;1
SESS-13118;2026-08-11 18:18:34;USR-1054;2005-04-23;M;Standard;1;0;100;App;Dota 2;;0
SESS-13063;2026-08-28 14:19:45;USR-1061;2005-07-24;M;Standard;4;320;400;App;Valorant;;0
SESS-14355;2026-08-07 12:17:20;USR-1728;1993-08-27;M;PS5;2;660;500;Card;Valorant;;0
SESS-14303;2026-08-26 02:21:45;USR-1005;1997-11-25;F;Bootcamp;5;0;750;Card;Cyberpunk 2077;4.5;0
SESS-11659;2026-08-28 17:21:14;USR-1561;2002-04-19;M;VIP;4;400;800;Card;Deadlock;4.5;0
SESS-11127;2026-08-07 02:01:06;USR-1273;2007-03-21;M;Standard;3;0;300;;Valorant;4.0;0
SESS-12184;2026-08-04 21:00:07;USR-1579;2004-01-19;M;VIP;1;200;200;Cash;CS2;;0
SESS-12301;2026-08-19 13:23:29;USR-1182;2001-10-23;M;Bootcamp;4;882;540;Card;Dota 2;5.0;1
SESS-10184;2026-08-06 15:51:02;USR-1452;2011-12-14;M;Standard;2;0;200;Cash;Dota 2;;0
SESS-11725;2026-08-04 13:59:21;USR-1147;1991-11-27;M;Standard;3;360;300;Card;Dota 2;4.0;0
SESS-11710;2026-08-16 19:29:54;USR-1321;2012-12-17;M;Bootcamp;12;480;1800;Cash;Dota 2;5.0;0
SESS-14568;2026-08-28 19:06:11;USR-1022;2004-01-17;M;Standard;12;0;1200;App;CS2;;0
SESS-14553;2026-08-16 16:25:23;USR-1123;2005-11-01;M;Bootcamp;2;0;300;App;Valorant;;0
SESS-14187;2026-08-29 18:19:32;USR-1147;1991-11-27;M;Bootcamp;8;1740;1200;Card;CS2;4.0;0
SESS-13054;2026-08-26 10:26:32;USR-1392;1994-07-13;M;PS5;1;0;250;Card;GTA V;;0
SESS-13307;2026-08-22 19:46:02;USR-1051;2006-08-12;F;Standard;3;672;270;App;Valorant;2.0;1
SESS-13441;2026-08-15 01:07:45;USR-1725;2005-05-24;M;Standard;5;0;500;Card;CS2;;0
SESS-13508;2026-08-08 18:42:51;USR-1017;2011-10-14;M;Standard;2;80;200;App;Valorant;4.0;0
SESS-10000;2026-08-16 15:52:27;USR-1113;2011-11-07;M;PS5;2;0;500;Card;Valorant;3.0;0
SESS-15145;2026-08-16 20:06:46;USR-1417;1999-08-22;M;Standard;2;500;200;Card;CS2;;0
SESS-14896;2026-08-12 19:42:17;USR-1795;2006-06-12;F;Standard;12;1344;1080;Cash;Dota 2;4.0;1
SESS-12172;2026-08-05 17:39:06;USR-1134;2005-02-21;M;VIP;2;470;400;Card;Valorant;;0
SESS-13315;2026-08-05 22:47:03;USR-1529;2002-07-01;M;Standard;12;0;1200;Card;PUBG;3.0;0
SESS-14984;2026-08-12 14:38:50;USR-1506;2009-07-07;M;Bootcamp;5;0;750;App;CS2;;0
SESS-14068;2026-08-18 19:04:45;USR-1779;2004-11-03;M;VIP;2;0;400;Card;Valorant;;0
SESS-11807;2026-08-07 15:51:20;USR-1050;2002-06-22;M;VIP;3;784;540;Card;Deadlock;;1
SESS-13401;2026-08-01 14:03:10;USR-1771;2010-03-17;M;Standard;1;0;100;App;CS2;;0
SESS-11091;2026-08-12 07:05:22;USR-1249;1999-09-16;F;VIP;2;660;400;Card;Dota 2;;0
SESS-10026;2026-08-18 19:56:16;USR-1675;1992-11-08;M;Standard;2;500;200;Card;PUBG;3.0;0
SESS-10949;2026-08-21 15:08:16;USR-1474;2003-03-19;M;Standard;1;0;100;Card;Dota 2;;0
SESS-12416;2026-08-02 18:04:52;USR-1647;2005-11-07;M;Standard;4;0;400;Card;Deadlock;;0
SESS-11001;2026-08-30 00:44:28;USR-1042;2004-05-10;F;Standard;8;1280;800;Card;Dota 2;4.0;0
SESS-10557;2026-08-24 11:58:01;USR-1497;2006-07-10;F;Standard;4;640;400;Card;Dota 2;4.0;0
SESS-13292;2026-08-22 15:42:46;USR-1084;1999-10-26;M;Bootcamp;1;420;150;App;PUBG;4.0;0
SESS-14691;2026-08-19 11:45:56;USR-1499;2004-05-04;M;VIP;2;320;400;Card;Valorant;4.5;0
SESS-14237;2026-08-20 14:31:27;USR-1682;2010-02-07;M;Standard;2;120;200;App;CS2;4.0;0
SESS-13092;2026-08-27 13:06:23;USR-1458;2010-07-24;M;Standard;4;336;360;Card;CS2;;1
SESS-10156;2026-08-17 18:29:52;USR-1678;2008-08-01;M;Standard;3;336;270;App;CS2;5.0;1
SESS-14739;2026-08-26 17:31:46;USR-1076;2001-08-10;M;Standard;3;240;300;Cash;Dota 2;;0
SESS-13051;2026-08-04 13:47:33;USR-1018;2008-06-09;M;Standard;1;120;100;Card;Valorant;4.5;0
SESS-12251;2026-08-29 16:59:25;USR-1196;2003-02-27;F;VIP;4;784;720;Card;CS2;4.5;1
SESS-12752;2026-08-25 13:57:20;USR-1168;2005-07-16;F;Standard;2;240;200;Card;Dota 2;;0
SESS-11283;2026-08-18 19:53:04;USR-1277;2006-03-26;M;VIP;3;440;600;Card;CS2;4.5;0
SESS-13765;2026-08-28 17:25:21;USR-1048;2012-12-04;M;Standard;2;0;200;Cash;Minecraft;;0
SESS-12339;2026-08-14 17:03:31;USR-1493;2007-11-09;M;Standard;4;480;400;Card;CS2;;0
SESS-15112;2026-08-04 23:13:13;USR-1134;2005-02-21;M;Bootcamp;8;0;1200;Card;Deadlock;4.0;0
SESS-12876;2026-08-16 18:51:08;USR-1054;2005-04-23;M;VIP;5;672;900;Card;Dota 2;4.5;1
SESS-14021;2026-08-27 13:06:10;USR-1305;2010-08-22;M;Standard;2;160;200;App;Valorant;;0
SESS-15011;2026-08-24 07:56:29;USR-1233;2010-11-15;M;Bootcamp;2;0;300;App;Valorant;;0
SESS-11228;2026-08-10 20:14:24;USR-1598;1998-01-01;M;VIP;1;0;200;Card;Dota 2;;0
SESS-11971;2026-08-28 00:08:16;USR-1069;2004-02-20;M;Standard;8;640;800;Card;CS2;;0
SESS-11999;2026-08-30 22:39:15;USR-1141;1990-05-13;M;VIP;12;2310;2400;Cash;GTA V;4.0;0
SESS-13227;2026-08-07 23:34:31;USR-1518;2001-04-01;M;PS5;3;0;750;Card;CS2;;0
SESS-13250;2026-08-11 10:36:30;USR-1012;2005-04-17;M;Standard;1;0;100;Card;Valorant;;0
SESS-10960;2026-08-14 19:01:37;USR-1113;2011-11-07;M;Standard;3;0;300;App;GTA V;1.0;0
SESS-13257;2026-08-05 13:12:13;USR-1033;2004-01-16;M;Bootcamp;2;310;300;Card;CS2;;0
SESS-12972;2026-08-02 19:03:01;USR-1379;2003-06-06;M;Bootcamp;5;770;675;App;Minecraft;;1
SESS-10581;2026-08-28 14:32:05;USR-1367;1991-09-18;M;PS5;3;900;750;Card;Browser/Work;;0
SESS-10822;2026-08-31 23:52:59;USR-1638;2007-07-13;M;Standard;5;0;500;App;Dota 2;;0
SESS-15113;2026-08-18 10:26:17;USR-1135;2004-06-20;F;Standard;4;0;360;Card;Valorant;;1
SESS-13696;2026-08-22 00:50:45;USR-1000;2007-12-12;M;Standard;8;960;800;Card;CS2;;0
SESS-11551;2026-08-22 20:37:18;USR-1665;1999-04-02;M;Bootcamp;5;1260;675;App;Dota 2;;1
SESS-10293;2026-08-29 17:39:28;USR-1366;1999-07-24;M;Standard;3;756;270;Card;Valorant;4.0;1
SESS-11873;2026-08-09 16:28:16;USR-1457;2012-11-03;M;Standard;3;251;270;Cash;Valorant;;1
SESS-11376;2026-08-08 10:31:17;USR-1121;2004-12-08;M;Bootcamp;3;448;405;App;CS2;4.0;1
SESS-13903;2026-08-27 14:17:24;USR-1446;2010-01-19;F;VIP;2;0;400;App;CS2;;0
SESS-10660;2026-08-27 20:05:15;USR-1137;2005-12-19;M;Bootcamp;1;270;150;Card;Dota 2;;0
SESS-13126;2026-08-29 17:41:19;USR-1016;1989-08-17;F;PS5;2;540;500;Card;CS2;;0
SESS-13119;2026-08-29 16:39:50;USR-1572;2004-08-24;M;Bootcamp;2;0;300;App;GTA V;;0
SESS-14022;2026-08-29 23:11:59;USR-1121;2004-12-08;M;Bootcamp;8;0;1200;Card;PUBG;;0
SESS-13728;2026-08-09 09:11:32;USR-1014;2008-03-15;M;VIP;3;0;600;Card;Valorant;;0
SESS-11105;2026-08-19 19:53:29;USR-1406;2008-06-24;M;VIP;1;270;200;App;Dota 2;;0
SESS-12630;2026-08-15 15:22:35;USR-1380;2004-09-24;M;Bootcamp;3;510;450;Card;CS2;5.0;0
SESS-13896;2026-08-18 16:07:18;USR-1070;2008-12-23;F;Standard;2;0;200;Card;Dota 2;;0
SESS-14244;2026-08-26 12:37:20;USR-1679;2005-10-26;M;Standard;1;0;100;App;CS2;;0
SESS-10769;2026-08-12 17:55:30;USR-1542;1996-01-09;F;Bootcamp;2;0;300;Card;Cyberpunk 2077;;0
SESS-11742;2026-08-21 15:58:02;USR-1673;2005-08-07;M;VIP;3;0;600;App;CS2;5.0;0
SESS-12796;2026-08-27 13:00:41;USR-1411;2008-04-01;F;Bootcamp;1;0;150;App;Dota 2;;0
SESS-11721;2026-08-25 14:50:28;USR-1405;2009-11-19;M;Bootcamp;3;0;450;Cash;PUBG;4.5;0
SESS-10973;2026-08-01 17:08:32;USR-1358;2010-04-10;M;Standard;2;0;180;Card;CS2;5.0;1
SESS-14702;2026-08-01 14:20:43;USR-1453;2004-02-15;F;VIP;4;470;800;App;CS2;4.0;0
SESS-14534;2026-08-28 14:57:54;USR-1396;2011-05-07;M;Standard;3;0;300;App;CS2;;0
SESS-14952;2026-08-13 10:48:20;USR-1131;2006-04-21;M;VIP;1;0;200;Card;Valorant;;0
SESS-13249;2026-08-31 22:11:03;USR-1119;2012-02-02;M;VIP;12;0;2400;Cash;Minecraft;;0
SESS-13816;2026-08-14 03:37:18;USR-1471;2002-04-21;F;Standard;2;0;200;Card;CS2;;0
SESS-14616;2026-08-22 21:11:08;USR-1145;2008-09-12;F;Bootcamp;3;630;450;Card;Valorant;4.5;0
SESS-12746;2026-08-15 19:18:23;USR-1522;2010-04-16;M;Standard;3;336;270;Cash;Minecraft;4.5;1
SESS-13776;2026-08-04 10:35:57;USR-1694;2012-03-17;M;VIP;4;336;720;Cash;GTA V;;1
SESS-15020;2026-08-03 12:41:48;USR-1071;2004-05-19;F;Standard;2;320;200;Card;Dota 2;4.0;0
SESS-12477;2026-08-25 22:46:15;USR-1524;1996-07-27;м;VIP;12;2436;2160;Card;Browser/Work;4.5;1
SESS-14914;2026-08-29 01:29:56;USR-1532;2001-09-15;M;Standard;8;1280;800;App;CS2;;0
SESS-12938;2026-08-24 11:33:49;USR-1003;2004-08-17;M;Standard;2;0;200;Card;Apex Legends;;0
SESS-10695;2026-08-20 23:59:46;USR-1024;2008-05-04;M;Bootcamp;5;550;750;App;Deadlock;3.0;0
SESS-10699;2026-08-29 11:10:03;USR-1044;2010-12-22;F;PS5;3;0;750;Cash;Minecraft;4.5;0
SESS-13877;2026-08-31 22:10:55;USR-1677;2010-12-19;M;Standard;5;0;500;App;CS2;;0
SESS-12663;2026-08-14 20:27:08;USR-1097;2007-12-12;M;Standard;3;480;300;Card;Minecraft;4.0;0
SESS-10840;2026-08-17 15:33:14;USR-1439;2009-10-14;M;Standard;3;0;270;App;Minecraft;4.0;1
SESS-10506;2026-08-22 15:23:21;USR-1124;2008-09-24;M;PS5;5;560;1125;Card;Valorant;4.0;1
SESS-10131;2026-08-31 17:46:11;USR-1007;2009-09-04;M;Standard;3;0;300;App;CS2;;0
SESS-15123;2026-08-29 19:24:45;USR-1052;2006-06-27;M;VIP;3;0;600;Card;Valorant;;0
SESS-13084;2026-08-05 12:11:13;USR-1330;2003-11-27;M;PS5;1;0;250;App;Dota 2;;0
SESS-10801;2026-08-02 19:41:45;USR-1125;2012-03-20;M;Standard;4;0;360;App;CS2;;1
SESS-11740;2026-08-13 19:37:17;USR-1064;1999-11-15;M;Bootcamp;2;0;300;Card;Dota 2;;0
SESS-11991;2026-08-17 20:29:12;USR-1022;2004-01-17;M;Bootcamp;2;320;300;Card;Valorant;;0
SESS-11885;2026-08-26 13:17:47;USR-1301;2006-12-07;M;Standard;8;1344;720;App;Dota 2;4.0;1
SESS-15138;2026-08-24 01:06:11;USR-1225;2011-03-27;M;PS5;12;0;3000;App;Valorant;;0
SESS-12585;2026-08-02 17:13:41;USR-1283;2007-07-01;M;Bootcamp;3;560;450;Cash;CS2;4.5;0
SESS-13144;2026-08-01 18:53:48;USR-1259;2001-01-11;M;Standard;3;336;270;Card;Dota 2;;1
SESS-11722;2026-08-08 20:51:23;USR-1299;2008-07-22;M;Standard;4;896;360;Card;Dota 2;;1
SESS-14860;2026-08-29 10:51:06;USR-1119;2012-02-02;M;Standard;1;0;100;App;Valorant;;0
SESS-10071;2026-08-27 19:01:44;USR-1413;2004-02-24;M;Standard;2;320;200;Card;CS2;4.5;0
SESS-11806;2026-08-24 21:31:17;USR-1044;2010-12-22;F;Standard;2;0;200;App;Deadlock;;0
SESS-12169;2026-08-11 20:22:16;USR-1029;2011-12-05;M;Standard;12;1344;1080;App;Valorant;5.0;1
SESS-13934;2026-08-22 02:03:27;USR-1689;2003-05-24;M;Bootcamp;2;0;300;Card;Dota 2;;0
SESS-10682;2026-08-01 17:52:48;USR-1116;1993-09-19;M;Bootcamp;1;550;150;Card;CS2;;0
SESS-11431;2026-08-29 01:12:07;USR-1566;2004-01-04;M;Standard;3;0;270;Card;Apex Legends;;1
SESS-13972;2026-08-13 23:31:02;USR-1414;2004-12-19;F;VIP;5;0;1000;Card;CS2;4.5;0
SESS-14012;2026-08-31 14:09:50;USR-1025;2005-11-06;M;VIP;2;0;400;Card;CS2;;0
SESS-14212;2026-08-16 22:17:27;USR-1339;2003-03-05;M;Bootcamp;8;1040;1200;Card;PUBG;;0
SESS-10281;2026-08-07 19:37:56;USR-1623;1995-07-16;M;VIP;12;3444;2160;App;CS2;4.0;1
SESS-10468;2026-08-21 13:20:00;USR-1101;2002-07-27;F;Standard;1;120;100;Card;CS2;;0
SESS-11180;2026-08-02 14:31:49;USR-1220;2006-07-05;M;VIP;1;160;200;Card;Dota 2;;0
SESS-14934;2026-08-14 10:31:58;USR-1280;2009-11-26;M;Bootcamp;2;0;300;App;CS2;;0
SESS-10018;2026-08-09 17:01:28;USR-1157;2009-12-23;M;PS5;3;120;750;App;Dota 2;4.5;0
SESS-14870;2026-08-22 11:07:37;USR-1145;2008-09-12;F;VIP;3;0;600;Card;CS2;;0
SESS-13255;2026-08-17 23:22:21;USR-1183;2005-08-04;M;Standard;8;0;800;App;Valorant;5.0;0
SESS-11906;2026-08-01 16:25:41;USR-1792;2005-06-21;M;VIP;4;0;800;Card;CS2;;0
SESS-15001;2026-08-20 13:06:01;USR-1007;2009-09-04;M;Standard;4;0;360;App;Valorant;;1
SESS-12269;2026-08-09 11:11:20;USR-1739;2012-11-21;M;Standard;4;0;400;Cash;CS2;;0
SESS-10105;2026-08-21 03:03:07;USR-1022;2004-01-17;M;Standard;2;240;200;Card;Valorant;;0
SESS-13385;2026-08-08 17:05:38;USR-1543;2011-02-13;M;Standard;1;0;100;App;Dota 2;;0
SESS-10841;2026-08-08 00:19:55;USR-1059;2012-05-14;M;Standard;8;480;800;Card;Minecraft;2.0;0
SESS-14649;2026-08-07 00:04:15;USR-1764;2000-10-09;M;Standard;3;360;300;Card;CS2;;0
SESS-11704;2026-08-12 16:38:23;USR-1152;2006-10-26;M;VIP;3;0;600;Card;Dota 2;;0
SESS-13216;2026-08-07 17:45:29;USR-1111;2000-02-14;M;Bootcamp;1;330;150;Card;CS2;1.0;0
SESS-12842;2026-08-14 17:38:11;USR-1526;2006-08-16;F;Bootcamp;3;882;405;Card;Dota 2;2.0;1
SESS-10306;2026-08-13 01:31:11;USR-1662;2003-11-18;M;Standard;8;640;800;App;Dota 2;4.0;0
SESS-12907;2026-08-25 11:18:42;USR-1143;2007-05-26;M;Bootcamp;4;0;600;Card;Deadlock;4.5;0
SESS-15010;2026-08-08 19:39:26;USR-1142;2005-03-10;M;Bootcamp;3;0;450;Cash;Apex Legends;4.0;0
SESS-14367;2026-08-19 17:43:52;USR-1516;2006-08-02;M;Standard;2;160;200;Card;CS2;;0
SESS-13013;2026-08-21 18:55:52;USR-1097;2007-12-12;M;VIP;3;714;540;Card;Deadlock;;1
SESS-12574;2026-08-11 12:28:56;USR-1262;2007-08-06;M;Standard;4;640;400;Card;Dota 2;4.5;0
SESS-13624;2026-08-01 20:42:11;USR-1419;2003-03-27;M;Bootcamp;2;310;300;Card;CS2;;0
SESS-13513;2026-08-22 12:24:08;USR-1272;2003-06-28;M;Standard;1;80;100;Card;Dota 2;4.0;0
SESS-10903;2026-08-27 17:03:27;USR-1062;1990-06-18;F;VIP;3;510;600;Card;Browser/Work;;0
SESS-10453;2026-08-24 20:19:20;USR-1600;2006-02-21;M;Standard;8;896;720;Card;Dota 2;3.0;1
SESS-11429;2026-08-29 19:18:11;USR-1008;2007-05-01;M;Standard;1;0;100;App;CS2;5.0;0
SESS-10804;2026-08-13 13:03:36;USR-1450;2010-08-12;M;Bootcamp;3;0;405;Cash;Deadlock;;1
SESS-13985;2026-08-05 13:25:13;USR-1656;1993-08-12;M;VIP;1;480;200;App;Dota 2;;0
SESS-11374;2026-08-03 19:38:42;USR-1088;2007-06-21;F;Standard;1;120;100;Card;CS2;;0
SESS-12004;2026-08-07 16:55:01;USR-1224;2010-05-27;M;Standard;2;224;180;Card;Minecraft;3.0;1
SESS-11868;2026-08-13 16:16:36;USR-1095;1997-11-18;M;VIP;4;0;720;Card;CS2;4.5;1
SESS-12252;2026-08-28 17:14:26;USR-1535;1994-02-15;M;Standard;3;750;300;Card;Dota 2;;0
SESS-15076;2026-08-28 19:34:52;USR-1068;2004-06-11;M;Bootcamp;3;320;450;App;Apex Legends;4.0;0
SESS-13910;2026-08-04 19:20:41;USR-1099;1996-05-13;M;VIP;2;510;400;Card;CS2;5.0;0
SESS-14300;2026-08-04 22:48:53;USR-1082;2007-12-15;F;Standard;5;600;500;App;CS2;4.0;0
SESS-10528;2026-08-24 18:52:24;USR-1380;2004-09-24;M;Bootcamp;8;0;1080;Card;CS2;4.5;1
SESS-10378;2026-08-08 17:54:36;USR-1069;2004-02-20;M;VIP;3;784;540;App;Valorant;;1
SESS-15072;2026-08-19 15:46:46;USR-1792;2005-06-21;M;Standard;3;480;300;Card;Deadlock;;0
SESS-12879;2026-08-09 12:15:38;USR-1690;2012-07-12;M;Standard;12;1344;1080;App;GTA V;5.0;1
SESS-14326;2026-08-20 18:45:56;USR-1037;2008-05-17;F;Standard;2;160;200;Card;Valorant;;0
SESS-13244;2026-08-21 15:55:57;USR-1536;2005-02-23;F;Bootcamp;1;240;150;App;CS2;4.5;0
SESS-11510;2026-08-15 00:04:52;USR-1743;2009-09-28;M;Standard;8;0;800;App;CS2;4.5;0
SESS-13484;2026-08-13 18:21:30;USR-1088;2007-06-21;F;Standard;2;0;200;Card;CS2;;0
SESS-13083;2026-08-21 19:37:00;USR-1071;2004-05-19;F;ps5;2;160;500;Cash;Dota 2;;0
SESS-14395;2026-08-08 21:06:28;USR-1107;2004-12-19;M;VIP;2;0;400;Card;Dota 2;;0
SESS-13026;2026-08-30 15:49:21;USR-1639;2004-12-28;M;Standard;2;320;200;Card;PUBG;4.0;0
SESS-10861;2026-08-03 06:24:31;USR-1004;2011-09-09;M;Bootcamp;2;0;300;Cash;CS2;;0
SESS-10144;2026-08-28 14:09:55;USR-1083;1998-11-16;M;VIP;2;0;400;App;GTA V;;0
SESS-14679;2026-08-20 20:41:08;USR-1164;2008-06-14;M;PS5;2;320;500;Card;Dota 2;;0
SESS-10175;2026-08-08 18:25:43;USR-1534;2005-10-07;M;Standard;2;0;200;App;CS2;;0
SESS-13379;2026-08-21 19:46:12;USR-1145;2008-09-12;F;Standard;1;120;100;;Dota 2;;0
SESS-13452;2026-08-12 02:46:06;USR-1286;2001-02-12;M;Standard;4;320;400;App;Valorant;4.0;0
SESS-14895;2026-08-01 10:36:19;USR-1102;1997-01-21;M;Bootcamp;1;480;150;Cash;PUBG;4.0;0
SESS-11810;2026-08-14 20:32:16;USR-1449;1994-04-19;M;Bootcamp;4;630;600;App;CS2;5.0;0
SESS-10525;2026-08-27 17:44:56;USR-1226;2009-01-27;F;Standard;5;0;500;Card;CS2;;0
SESS-13388;2026-08-16 10:00:08;USR-1182;2001-10-23;M;Bootcamp;2;400;300;Card;CS2;;0
SESS-10356;2026-08-09 08:25:14;USR-1053;2010-07-19;M;Bootcamp;1;0;150;Cash;Dota 2;4.0;0
SESS-10054;2026-08-01 12:10:15;USR-1057;2011-11-08;M;Bootcamp;2;0;300;App;Minecraft;;0
SESS-13154;2026-08-12 10:16:53;USR-1355;2007-05-01;M;Bootcamp;5;0;750;Card;Deadlock;5.0;0
SESS-12705;2026-08-23 19:17:08;USR-1385;2004-11-12;M;Standard;4;0;400;Card;Dota 2;4.5;0
SESS-12573;2026-08-27 18:01:04;USR-1278;2005-02-12;M;Standard;3;0;270;Cash;CS2;;1
SESS-13467;2026-08-07 16:12:11;USR-1084;1999-10-26;M;VIP;2;650;400;Card;Cyberpunk 2077;;0
SESS-13682;2026-08-09 14:17:27;USR-1318;2011-06-11;M;Standard;1;0;100;App;Valorant;4.0;0
SESS-12555;2026-08-14 00:52:26;USR-1582;1998-10-12;M;VIP;3;900;600;Card;Dota 2;4.5;0
SESS-14501;2026-08-08 19:42:28;USR-1574;2006-12-23;M;Standard;8;1792;720;Card;Apex Legends;4.0;1
SESS-10747;2026-08-08 18:03:56;USR-1001;2003-05-28;M;Standard;1;160;100;Cash;Dota 2;;0
SESS-10914;2026-08-23 20:51:18;USR-1046;2010-11-19;M;Standard;2;160;200;Card;Minecraft;;0
SESS-12253;2026-08-15 13:54:11;USR-1125;2012-03-20;M;Standard;3;0;300;Cash;Dota 2;;0
SESS-10476;2026-08-21 15:19:54;USR-1123;2005-11-01;M;Standard;5;0;450;Card;Cyberpunk 2077;;1
SESS-13989;2026-08-16 11:34:39;USR-1641;2003-08-01;M;PS5;3;503;675;Card;CS2;4.0;1
SESS-11798;2026-08-23 21:05:36;USR-1418;2007-10-20;M; Bootcamp ;3;390;600;Card;Dota 2;;0
SESS-10898;2026-08-01 09:34:44;USR-1038;2005-04-06;F;Bootcamp;3;0;450;Card;Dota 2;;0
SESS-14276;2026-08-07 18:58:52;USR-1111;2000-02-14;M;VIP;5;1260;900;Card;Cyberpunk 2077;4.0;1
SESS-13035;2026-08-26 15:40:43;USR-1044;2010-12-22;F;PS5;2;80;500;App;Minecraft;;0
SESS-14562;2026-08-01 14:31:24;USR-1429;2011-06-24;F;Bootcamp;3;0;450;Card;Apex Legends;4.0;0
SESS-13342;2026-08-15 14:38:01;USR-1246;2011-02-13;M;Standard;1;0;100;Card;Dota 2;4.0;0
SESS-10635;2026-08-13 10:09:39;USR-1110;2012-12-13;F;Standard;4;160;400;App;Valorant;3.0;0
SESS-13468;2026-08-04 18:24:09;USR-1305;2010-08-22;M;Bootcamp;3;336;405;Cash;Dota 2;4.0;1
SESS-12438;2026-08-23 13:02:52;USR-1046;2010-11-19;M;Standard;1;84;90;App;Minecraft;;1
SESS-14397;2026-08-15 16:04:42;USR-1154;2008-09-01;M;Bootcamp;1;240;150;Card;CS2;3.0;0
SESS-13161;2026-08-29 14:09:41;USR-1047;2007-02-05;M;PS5;2;0;500;App;Valorant;;0
SESS-13085;2026-08-07 18:27:40;USR-1165;2010-05-26;M;Standard;3;0;300;App;CS2;;0
SESS-13420;2026-08-12 00:30:14;USR-1139;2012-01-04;M;VIP;5;0;1000;Cash;CS2;4.0;0
SESS-11939;2026-08-15 12:16:20;USR-1054;2005-04-23;M;Standard;1;0;100;Card;Dota 2;4.5;0
SESS-15047;2026-08-22 18:17:35;USR-1751;2009-12-06;M;Bootcamp;2;160;300;Cash;CS2;;0
SESS-11503;2026-08-07 15:10:35;USR-1183;2005-08-04;M;Bootcamp;3;560;450;Card;Dota 2;;0
SESS-13176;2026-08-16 15:43:49;USR-1582;1998-10-12;M;VIP;1;480;200;Card;Dota 2;;0
SESS-10441;2026-08-08 20:25:05;USR-1153;2006-01-07;M;Standard;4;640;400;Card;Dota 2;;0
SESS-10135;2026-08-25 17:13:14;USR-1121;2004-12-08;M;Standard;5;0;450;Card;CS2;;1
SESS-14200;2026-08-03 17:18:18;USR-1375;1991-08-04;M;Standard;1;250;100;Card;Dota 2;5.0;0
SESS-12623;2026-08-07 14:04:25;USR-1350;2002-02-24;M;Bootcamp;2;0;300;Card;Dota 2;;0
SESS-12803;2026-08-23 17:43:57;USR-1457;2012-11-03;M;Bootcamp;3;120;450;Cash;Minecraft;4.5;0
SESS-14400;2026-08-29 01:44:13;USR-1249;1999-09-16;F;VIP;5;900;1000;Card;Cyberpunk 2077;4.0;0
SESS-12471;2026-08-20 11:13:59;USR-1148;2002-11-01;M;Bootcamp;4;720;600;App;Dota 2;4.5;0
SESS-12399;2026-08-21 13:12:32;USR-1701;2005-11-04;M;Bootcamp;1;0;150;Card;Dota 2;;0
SESS-14089;2026-08-07 15:50:26;USR-1736;2009-01-03;M;Standard;2;0;200;App;Dota 2;;0
SESS-11061;2026-08-15 22:04:57;USR-1455;2006-02-02;M;Standard;12;0;1200;App;Valorant;;0
SESS-10358;2026-08-26 11:10:58;USR-1694;2012-03-17;M;Standard;3;0;300;Card;CS2;5.0;0
SESS-12394;2026-08-09 08:08:30;USR-1605;2004-10-02;M;VIP;1;0;200;App;Dota 2;5.0;0
SESS-12699;2026-08-20 21:41:29;USR-1378;2002-04-16;M;Standard;1;0;100;Card;Valorant;;0
SESS-13289;2026-08-22 16:03:34;USR-1014;2008-03-15;M;Standard;2;320;200;Cash;CS2;4.0;0
SESS-11695;2026-08-01 20:24:48;USR-1050;2002-06-22;M;Standard;1;160;100;App;PUBG;4.5;0
SESS-12176;2026-08-16 17:03:16;USR-1050;2002-06-22;M;Standard;2;0;200;App;CS2;5.0;0
SESS-11019;2026-08-06 23:09:55;USR-1314;2008-01-15;F;VIP;3;560;600;Card;Valorant;4.5;0
SESS-12095;2026-08-26 19:49:06;USR-1122;2010-04-17;M;Standard;1;60;100;App;Dota 2;1.0;0
SESS-14443;2026-08-07 23:26:43;USR-1310;2003-07-07;M;Standard;12;0;1200;Card;GTA V;;0
SESS-11365;2026-08-22 22:42:29;USR-1129;2010-06-11;M;Standard;8;0;800;Cash;CS2;1.0;0
SESS-14225;2026-08-09 03:29:21;USR-1137;2005-12-19;M;Bootcamp;1;0;150;Card;CS2;;0
SESS-14509;2026-08-11 10:07:17;USR-1778;2008-12-15;M;Bootcamp;3;0;450;Card;Valorant;5.0;0
SESS-10736;2026-08-15 14:48:24;USR-1795;2006-06-12;F;PS5;3;240;750;App;CS2;;0
SESS-14840;2026-08-07 05:19:24;USR-1573;1995-03-18;M;VIP;3;923;540;Card;CS2;4.5;1
SESS-10104;2026-08-27 08:07:10;USR-1794;2011-09-16;M;Standard;5;0;450;App;Minecraft;4.5;1
SESS-10075;2026-08-08 14:19:55;USR-1246;2011-02-13;M;PS5;2;0;500;App;Dota 2;4.5;0
SESS-14027;2026-08-09 15:04:04;USR-1054;2005-04-23;M;VIP;3;510;600;Card;Deadlock;4.0;0
SESS-11486;2026-08-31 10:13:41;USR-1376;2004-04-12;F;Standard;3;336;270;Cash;Valorant;4.5;1
SESS-13076;2026-08-17 21:03:04;USR-1416;2005-02-15;M;Standard;3;0;300;Card;Dota 2;;0
SESS-12980;2026-08-13 17:18:00;USR-1456;2012-06-11;M;Standard;2;0;200;App;Dota 2;4.0;0
SESS-12523;2026-08-30 02:58:46;USR-1731;1999-01-16;F;VIP;2;660;400;Card;GTA V;;0
SESS-11706;2026-08-13 09:37:12;USR-1645;1991-04-11;M;Standard;2;360;200;App;Cyberpunk 2077;4.0;0
SESS-11913;2026-08-10 07:46:07;USR-1238;2011-02-10;M;Standard;1;80;100;App;CS2;;0
SESS-11518;2026-08-29 20:16:59;USR-1735;2008-10-01;M;Bootcamp;8;1360;1200;Card;CS2;3.0;0
SESS-12840;2026-08-07 19:39:39;USR-1584;2006-10-04;M;Standard;2;240;200;App;Dota 2;;0
SESS-12406;2026-08-25 14:45:57;USR-1164;2008-06-14;M;Standard;1;0;100;Card;GTA V;;0
SESS-13220;2026-08-10 17:50:21;USR-1632;2004-01-17;F;VIP;1;240;200;Card;Valorant;;0
SESS-15102;2026-08-29 00:15:13;USR-1261;2010-08-21;F;Standard;5;300;500;App;CS2;3.0;0
SESS-14283;2026-08-29 18:13:30;USR-1760;2007-10-10;M;Bootcamp;1;434;135;Card;Valorant;1.0;1
SESS-11852;2026-08-07 18:32:27;USR-1111;2000-02-14;M;Bootcamp;1;550;150;Card;CS2;4.0;0
SESS-10229;2026-08-02 08:21:51;USR-1088;2007-06-21;F;Standard;3;0;300;Card;Valorant;;0
SESS-11216;2026-08-14 22:23:15;USR-1738;2008-02-04;M;PS5;8;0;2000;Card;CS2;5.0;0
SESS-14902;2026-08-21 18:46:09;USR-1122;2010-04-17;M;PS5;12;0;3000;App;Minecraft;4.0;0
SESS-12431;2026-08-25 20:39:03;USR-1117;2010-01-23;M;Standard;2;0;200;App;GTA V;;0
SESS-10214;2026-08-22 07:23:30;USR-1619;1989-11-18;F;Bootcamp;2;800;300;App;CS2;;0
SESS-10788;2026-08-02 10:37:44;USR-1423;2011-05-01;M;VIP;3;0;600;Cash;Valorant;4.5;0
SESS-13231;2026-08-29 17:57:57;USR-1118;2006-06-28;M;Standard;1;160;100;App;Deadlock;;0
SESS-13056;2026-08-15 17:42:53;USR-1098;2004-04-09;F;Standard;4;640;400;Card;Deadlock;;0
SESS-12577;2026-08-05 20:12:59;USR-1377;2006-10-05;M;Standard;4;320;400;Card;CS2;;0
SESS-11328;2026-08-31 17:37:07;USR-1092;1992-04-25;M;Standard;2;0;200;Card;Valorant;;0
SESS-13736;2026-08-22 18:15:17;USR-1211;2012-01-03;M;Standard;8;448;720;Cash;Valorant;5.0;1
SESS-14245;2026-08-23 01:07:16;USR-1108;1991-01-03;M;Standard;12;1440;1200;Card;GTA V;;0
SESS-10971;2026-08-30 06:42:59;USR-1149;1996-01-09;F;VIP;2;0;400;Card;Dota 2;;0
SESS-11072;2026-08-08 19:09:18;USR-1378;2002-04-16;M;Standard;3;336;270;Card;Apex Legends;4.5;1
SESS-10637;2026-08-09 22:25:19;USR-1030;2011-08-15;M;VIP;8;480;1600;;Valorant;4.5;0
SESS-13018;2026-08-19 17:25:37;USR-1070;2008-12-23;F;Bootcamp;2;0;300;App;Dota 2;;0
SESS-11234;2026-08-29 13:23:52;USR-1048;2012-12-04;M;VIP;3;0;600;App;Dota 2;4.5;0
SESS-11814;2026-08-15 17:15:33;USR-1751;2009-12-06;M;Bootcamp;2;0;300;Cash;CS2;;0
SESS-11340;2026-08-11 21:55:19;USR-1129;2010-06-11;M;Standard;4;448;360;Cash;Valorant;4.5;1
SESS-11921;2026-08-31 19:56:22;USR-1045;2007-06-12;M;Bootcamp;2;240;300;Card;CS2;;0
SESS-12745;2026-08-06 13:52:09;USR-1492;2003-02-26;M;PS5;4;448;900;Card;Dota 2;4.5;1
SESS-13340;2026-08-04 19:00:04;USR-1412;2002-08-03;F;Standard;1;0;100;Card;Dota 2;4.0;0
SESS-11189;2026-08-23 12:34:38;USR-1097;2007-12-12;M;Standard;2;0;200;App;Dota 2;;0
SESS-12405;2026-08-06 03:53:39;USR-1460;2004-12-14;M;VIP;2;0;400;App;CS2;;0
SESS-11238;2026-08-14 21:38:09;USR-1566;2004-01-04;M;Standard;8;0;720;App;CS2;;1
SESS-14765;2026-08-09 10:00:36;USR-1689;2003-05-24;M;Bootcamp;3;546;405;Cash;Dota 2;5.0;1
SESS-14105;2026-08-12 15:05:03;USR-1119;2012-02-02;M;Standard;3;0;300;App;Dota 2;5.0;0
SESS-10395;2026-08-29 01:11:21;USR-1000;2007-12-12;M;VIP;5;750;1000;Card;Cyberpunk 2077;4.5;0
SESS-12759;2026-08-15 00:21:10;USR-1262;2007-08-06;M;Standard;8;960;800;App;CS2;4.5;0
SESS-14560;2026-08-13 21:21:55;USR-1759;2006-08-24;M;VIP;1;0;200;Card;CS2;4.0;0
SESS-12281;2026-08-30 11:00:35;USR-1578;2005-10-26;M;Standard;1;120;100;Card;Valorant;;0
SESS-10740;2026-08-09 16:06:40;USR-1077;2006-09-21;M;VIP;4;0;800;Card;CS2;5.0;0
SESS-13601;2026-08-28 16:44:19;USR-1218;2003-08-23;F;Bootcamp;2;0;300;Card;Apex Legends;;0
SESS-14942;2026-08-28 15:38:30;USR-1146;2011-04-21;M;Standard;2;0;200;Cash;Dota 2;;0
SESS-14387;2026-08-08 03:05:39;USR-1745;2005-02-12;M;Bootcamp;3;440;450;Card;Valorant;;0
SESS-12189;2026-08-21 18:26:41;USR-1271;2002-12-03;M;Standard;1;80;100;Card;CS2;4.0;0
SESS-11858;2026-08-27 11:54:45;USR-1595;2006-09-26;F;VIP;1;0;200;Card;Cyberpunk 2077;;0
SESS-14398;2026-08-03 16:00:02;USR-1113;2011-11-07;M;PS5;2;0;500;Cash;Dota 2;;0
SESS-12456;2026-08-18 12:23:07;USR-1452;2011-12-14;M;Standard;5;280;450;Card;CS2;3.0;1
SESS-10402;2026-08-23 11:05:56;USR-1035;1993-09-24;M;VIP;1;400;200;Card;GTA V;;0
SESS-12898;2026-08-04 17:12:28;USR-1684;2004-10-02;F;Standard;3;0;300;Card;Deadlock;;0
SESS-10787;2026-08-06 18:28:18;USR-1605;2004-10-02;M;Standard;2;0;200;Card;CS2;4.0;0
SESS-10982;2026-08-28 15:00:49;USR-1650;2004-06-28;M;Standard;3;240;300;Cash;Minecraft;3.0;0
SESS-10517;2026-08-08 19:16:01;USR-1622;2004-05-27;F;Standard;3;0;300;Cash;CS2;;0
SESS-14418;2026-08-10 17:59:01;USR-1619;1989-11-18;F;VIP;1;0;200;Cash;GTA V;;0
SESS-12414;2026-08-02 18:00:21;USR-1140;2005-12-21;M;Bootcamp;1;0;150;Card;Valorant;;0
SESS-10243;2026-08-16 10:11:58;USR-1390;2007-02-15;M;Standard;3;240;300;App;Dota 2;;0
SESS-11707;2026-08-10 00:28:17;USR-1145;2008-09-12;F;Standard;3;0;300;App;CS2;;0
SESS-12073;2026-08-14 02:52:50;USR-1351;2004-09-23;M;VIP;1;0;200;Card;Dota 2;;0
SESS-12106;2026-08-31 12:25:29;USR-1122;2010-04-17;M;Standard;1;60;100;Cash;CS2;;0
SESS-13329;2026-08-14 11:43:37;USR-1496;2011-02-24;M;VIP;3;120;600;Cash;Minecraft;5.0;0
SESS-13201;2026-08-01 17:11:20;USR-1484;2001-01-15;M;Standard;4;0;360;Card;CS2;4.5;1
SESS-10531;2026-08-19 00:06:11;USR-1104;2009-06-16;M;Standard;8;0;800;App;CS2;;0
SESS-12247;2026-08-04 12:18:30;USR-1086;1997-03-17;F;VIP;3;510;600;Card;PUBG;;0
SESS-11297;2026-08-17 11:03:55;USR-1048;2012-12-04;M;Standard;2;0;200;Card;CS2;;0
SESS-10942;2026-08-23 15:15:33;USR-1490;2001-10-01;M;VIP;4;400;800;Card;CS2;4.5;0
SESS-10179;2026-08-10 18:26:09;USR-1541;2005-11-07;M;Standard;1;0;100;App;Dota 2;;0
SESS-10456;2026-08-08 11:56:34;USR-1686;2009-08-20;M;Standard;1;0;100;App;Minecraft;;0
SESS-12789;2026-08-15 20:29:01;USR-1506;2009-07-07;M;Standard;5;560;450;Cash;CS2;2.0;1
SESS-11311;2026-08-16 17:49:55;USR-1566;2004-01-04;M;Bootcamp;2;0;300;App;Valorant;4.5;0
SESS-11561;2026-08-12 19:51:28;USR-1102;1997-01-21;M;Standard;1;120;100;Card;Dota 2;;0
SESS-11036;2026-08-24 16:45:42;USR-1416;2005-02-15;M;Standard;2;0;200;App;CS2;;0
SESS-10315;2026-08-18 01:52:26;USR-1141;1990-05-13;M;PS5;8;2226;1800;Card;Deadlock;;1
SESS-14363;2026-08-21 08:26:36;USR-1616;2009-04-21;M;Bootcamp;3;168;405;Cash;Valorant;;1
SESS-14976;2026-08-13 21:36:15;USR-1019;2004-08-06;M;Standard;8;0;800;Card;Deadlock;5.0;0
SESS-13403;2026-08-06 21:15:25;USR-1626;2005-12-06;M;Standard;3;240;300;Card;Dota 2;4.5;0
SESS-11844;2026-08-15 11:40:03;USR-1073;2003-06-06;M; Bootcamp ;1;0;100;App;CS2;;0
SESS-13841;2026-08-17 23:50:46;USR-1548;1991-05-06;F;PS5;8;3010;1800;Card;CS2;4.5;1
SESS-11140;2026-08-02 20:00:15;USR-1099;1996-05-13;M;PS5;3;900;750;Card;PUBG;5.0;0
SESS-11718;2026-08-03 12:19:34;USR-1343;2011-05-08;F;Bootcamp;4;224;540;Cash;CS2;;1
SESS-11427;2026-08-17 19:32:05;USR-1668;2009-03-12;M;PS5;2;80;500;App;Valorant;4.0;0
SESS-14341;2026-08-17 11:46:09;USR-1027;2010-09-10;M;Bootcamp;4;448;540;Cash;Minecraft;;1
SESS-13117;2026-08-01 20:18:50;USR-1726;1997-07-05;M;PS5;3;510;750;Card;CS2;4.5;0
SESS-12946;2026-08-29 14:55:57;USR-1410;2009-08-25;M;Standard;5;420;450;Cash;CS2;4.5;1
SESS-14974;2026-08-23 11:56:11;USR-1670;2000-10-25;M;Bootcamp;5;1260;675;Card;Browser/Work;4.5;1
SESS-10760;2026-08-14 15:42:21;USR-1113;2011-11-07;M;Standard;3;0;300;Card;CS2;;0
SESS-10029;2026-08-20 10:49:43;USR-1429;2011-06-24;F;Standard;4;320;400;Cash;CS2;4.0;0
SESS-12538;2026-08-21 21:23:26;USR-1125;2012-03-20;M;Standard;3;0;270;Card;CS2;5.0;1
SESS-10820;2026-08-28 22:28:46;USR-1741;2004-07-22;M;Bootcamp;12;1040;1800;Card;Dota 2;;0
SESS-10078;2026-08-08 22:26:57;USR-1174;2011-10-12;M;Standard;2;0;200;Card;Minecraft;;0
SESS-12905;2026-08-30 16:00:27;USR-1069;2004-02-20;M;Bootcamp;2;0;300;Card;Deadlock;;0
SESS-10005;2026-08-20 08:24:47;USR-1186;1987-02-16;M;VIP;5;0;1000;Card;Cyberpunk 2077;5.0;0
SESS-13695;2026-08-29 14:40:27;USR-1320;2009-04-26;M;Standard;2;80;200;Cash;Minecraft;;0
SESS-12056;2026-08-07 17:54:40;USR-1555;1993-01-26;M;PS5;3;510;750;Card;Browser/Work;;0
SESS-11344;2026-08-09 23:34:44;USR-1186;1987-02-16;M;PS5;8;0;2000;Card;Cyberpunk 2077;5.0;0
SESS-10070;2026-08-29 00:20:55;USR-1138;2005-08-06;M;Standard;3;672;270;App;Valorant;5.0;1
SESS-13046;2026-08-06 09:20:10;USR-1032;2007-09-19;M;VIP;3;882;540;Card;Dota 2;;1
SESS-12786;2026-08-30 13:28:18;USR-1541;2005-11-07;M;Standard;3;240;300;App;Apex Legends;;0
SESS-14701;2026-08-04 19:01:49;USR-1053;2010-07-19;M;Standard;4;0;400;Cash;Minecraft;;0
SESS-13052;2026-08-05 07:01:16;USR-1105;1994-09-17;M;VIP;12;2226;2160;Card;CS2;4.5;1
SESS-12729;2026-08-23 10:52:31;USR-1159;2011-04-10;M;Standard;4;0;400;App;Valorant;;0
SESS-14226;2026-08-17 17:27:55;USR-1228;2012-07-05;M;Standard;3;240;300;App;Minecraft;;0
SESS-14469;2026-08-21 23:03:34;USR-1132;2001-03-23;M;VIP;8;0;1600;App;Apex Legends;;0
SESS-13334;2026-08-22 19:34:15;USR-1482;2012-12-10;M;Bootcamp;1;80;150;Cash;Minecraft;;0
SESS-11479;2026-08-16 01:20:42;USR-1224;2010-05-27;M;Standard;5;0;500;Cash;CS2;;0
SESS-13323;2026-08-23 19:01:10;USR-1195;2007-04-06;M;VIP;2;390;400;Card;Apex Legends;;0
SESS-11614;2026-08-19 14:04:56;USR-1005;1997-11-25;F;Standard;5;1750;450;Card;Valorant;4.5;1
SESS-14040;2026-08-05 19:02:07;USR-1525;2012-06-25;M;Bootcamp;2;0;300;App;Dota 2;;0
SESS-14915;2026-08-21 19:30:58;USR-1676;2004-08-01;M;Standard;3;0;300;Card;Dota 2;;0
SESS-14928;2026-08-22 16:53:00;USR-1117;2010-01-23;M;Standard;2;0;200;Cash;CS2;;0
SESS-13771;2026-08-31 21:25:29;USR-1498;2012-10-27;M;VIP;1;0;200;App;Dota 2;;0
SESS-12383;2026-08-07 20:40:02;USR-1108;1991-01-03;M;Standard;3;756;270;App;Dota 2;4.0;1
SESS-13780;2026-08-15 11:37:06;USR-1043;2005-09-15;M;Standard;3;480;300;Card;Dota 2;;0
SESS-10431;2026-08-21 20:27:18;USR-1099;1996-05-13;M;Standard;8;960;800;Card;PUBG;;0
SESS-14752;2026-08-22 12:26:36;USR-1558;2005-02-23;M;VIP;1;0;200;Card;CS2;4.5;0
SESS-11649;2026-08-31 14:33:24;USR-1085;2004-10-02;M;Standard;5;0;450;Card;Dota 2;;1
SESS-11538;2026-08-09 20:29:46;USR-1166;1995-10-14;M;Bootcamp;3;1176;405;App;PUBG;4.0;1
SESS-13130;2026-08-17 13:08:52;USR-1210;1990-05-20;M;Bootcamp;2;800;300;Card;CS2;4.0;0
SESS-11954;2026-08-17 23:49:05;USR-1665;1999-04-02;M;PS5;3;0;750;Card;CS2;5.0;0
SESS-13741;2026-08-15 13:32:44;USR-1250;2012-09-25;M;Standard;2;0;180;App;Valorant;4.0;1
SESS-14861;2026-08-01 14:23:35;USR-1302;2005-05-02;F;Standard;8;896;720;Cash;Deadlock;4.0;1
SESS-13421;2026-08-26 23:06:44;USR-1679;2005-10-26;M;Standard;3;336;270;Card;CS2;4.5;1
SESS-13687;2026-08-14 20:16:51;USR-1108;1991-01-03;M;VIP;2;390;400;App;GTA V;4.0;0
SESS-12218;2026-08-07 12:08:48;USR-1209;2011-09-28;M;Bootcamp;2;0;300;Cash;Minecraft;5.0;0
SESS-14475;2026-08-26 11:47:33;USR-1030;2011-08-15;M;Standard;3;180;300;App;CS2;;0
SESS-13835;2026-08-11 05:42:05;USR-1037;2008-05-17;F;VIP;4;784;720;Card;Valorant;3.0;1
SESS-10430;2026-08-16 15:55:45;USR-1152;2006-10-26;M;Standard;2;0;200;Card;Valorant;2.0;0
SESS-13785;2026-08-11 13:57:10;USR-1559;2003-03-16;M;VIP;3;448;540;App;Dota 2;4.5;1
SESS-14058;2026-08-12 00:46:01;USR-1159;2011-04-10;M;PS5;8;896;1800;App;Valorant;;1
SESS-14001;2026-08-29 21:27:45;USR-1584;2006-10-04;M;VIP;5;1330;900;Card;GTA V;5.0;1
SESS-11613;2026-08-16 12:31:12;USR-1244;2011-12-05;M;VIP;1;60;200;Cash;Dota 2;3.0;0
SESS-10832;2026-08-19 14:18:11;USR-1064;1999-11-15;M;VIP;8;1110;1600;Card;GTA V;4.0;0
SESS-10638;2026-08-16 23:42:10;USR-1426;2012-03-19;M;Standard;12;0;1200;Cash;Dota 2;4.5;0
SESS-12412;2026-08-15 14:09:18;USR-1117;2010-01-23;M;VIP;2;0;400;Cash;Dota 2;;0
SESS-15088;2026-08-02 13:31:07;USR-1464;2009-10-17;M;Standard;2;0;200;App;CS2;;0
SESS-11181;2026-08-15 15:12:14;USR-1421;2008-12-22;F;PS5;2;0;500;Card;Deadlock;4.0;0
SESS-10676;2026-08-30 04:05:49;USR-1316;2005-09-07;M;PS5;2;0;500;Card;Dota 2;;0
SESS-13497;2026-08-08 15:33:45;USR-1648;2006-03-05;F;Standard;2;160;200;Card;Valorant;;0
SESS-13522;2026-08-21 14:49:44;USR-1047;2007-02-05;м;Standard;1;80;100;Card;Apex Legends;;0
SESS-13713;2026-08-29 15:56:19;USR-1446;2010-01-19;F;VIP;3;0;540;App;Minecraft;;1
SESS-10830;2026-08-22 11:18:21;USR-1125;2012-03-20;M;Bootcamp;2;0;300;Cash;Deadlock;4.5;0
SESS-14114;2026-08-31 14:09:43;USR-1379;2003-06-06;M;Standard;1;120;100;Card;Dota 2;4.0;0
SESS-13103;2026-08-08 16:33:23;USR-1371;1999-05-12;M;Standard;8;2800;720;App;CS2;5.0;1
SESS-14775;2026-08-21 18:36:12;USR-1077;2006-09-21;M;Standard;4;480;400;Card;CS2;3.0;0
SESS-15091;2026-08-04 10:13:23;USR-1097;2007-12-12;M;Standard;3;480;300;App;CS2;;0
SESS-13962;2026-08-15 23:34:17;USR-1081;2006-01-23;M;Bootcamp;5;680;750;Card;CS2;2.0;0
SESS-14318;2026-08-27 16:45:58;USR-1080;2004-02-20;M;Standard;1;0;100;App;Dota 2;;0
SESS-14642;2026-08-11 11:17:41;USR-1105;1994-09-17;M;Standard;3;360;300;Card;Browser/Work;4.5;0
SESS-11763;2026-08-26 17:10:40;USR-1032;2007-09-19;M;Standard;2;0;200;Card;Apex Legends;;0
SESS-12361;2026-08-19 19:15:02;USR-1456;2012-06-11;M;Standard;4;320;400;App;CS2;;0
SESS-10323;2026-08-18 16:03:40;USR-1544;1993-05-10;M;Standard;1;180;100;Card;Cyberpunk 2077;;0
SESS-12352;2026-08-13 21:24:23;USR-1048;2012-12-04;M;Standard;3;0;300;App;CS2;;0
SESS-11743;2026-08-17 17:11:01;USR-1198;2011-06-15;M;Standard;2;160;200;App;Dota 2;;0
SESS-10918;2026-08-07 22:21:32;USR-1713;2012-07-20;M;Standard;12;0;1080;Cash;Valorant;;1
SESS-15049;2026-08-11 20:08:18;USR-1003;2004-08-17;M;VIP;2;0;400;Card;Dota 2;;0
SESS-10084;2026-08-13 11:00:54;USR-1034;2006-01-02;M;VIP;1;224;180;Cash;CS2;;1
SESS-11433;2026-08-29 23:57:26;USR-1183;2005-08-04;M;VIP;5;680;1000;Card;CS2;5.0;0
SESS-11491;2026-08-28 14:40:00;USR-1018;2008-06-09;M;Standard;2;224;180;App;CS2;;1
SESS-13042;2026-08-17 15:42:30;USR-1316;2005-09-07;M;Standard;3;480;300;Card;Dota 2;4.0;0
SESS-13996;2026-08-26 21:05:25;USR-1050;2002-06-22;M;Standard;3;0;300;App;CS2;5.0;0
SESS-14130;2026-08-23 20:55:40;USR-1289;2011-06-28;M;Bootcamp;2;120;300;App;Valorant;;0
SESS-11250;2026-08-14 02:27:07;USR-1736;2009-01-03;M;Standard;2;80;200;Cash;Dota 2;2.0;0
SESS-13010;2026-08-07 19:57:18;USR-1504;2010-03-07;M;Standard;1;0;100;App;CS2;;0
SESS-14508;2026-08-27 15:55:19;USR-1558;2005-02-23;M;VIP;2;390;400;Card;GTA V;4.0;0
SESS-10932;2026-08-18 13:04:53;USR-1702;2008-11-05;M;Bootcamp;3;546;405;Card;Dota 2;;1
SESS-14148;2026-08-01 19:05:33;USR-1499;2004-05-04;M;Standard;1;120;100;App;Valorant;;0
SESS-14769;2026-08-24 13:26:00;USR-1793;2006-09-24;M;Standard;4;672;360;Card;Dota 2;5.0;1
SESS-10603;2026-08-07 10:43:48;USR-1226;2009-01-27;F;Standard;2;168;180;App;CS2;4.0;1
SESS-11791;2026-08-16 19:01:52;USR-1082;2007-12-15;F;Standard;2;240;200;App;CS2;2.0;0
SESS-10658;2026-08-07 14:05:50;USR-1420;2001-03-02;M;Bootcamp;2;0;300;Card;CS2;;0
SESS-11153;2026-08-11 20:25:08;USR-1071;2004-05-19;F;Standard;3;503;270;App;Dota 2;5.0;1
SESS-10639;2026-08-10 22:27:53;USR-1098;2004-04-09;F;Bootcamp;3;0;450;Card;Dota 2;;0
SESS-11495;2026-08-14 23:54:33;USR-1386;2009-03-10;M;Standard;5;0;500;Cash;Valorant;4.0;0
SESS-10915;2026-08-05 13:56:19;USR-1411;2008-04-01;F;Bootcamp;5;1330;675;App;Dota 2;4.5;1
SESS-10096;2026-08-24 20:50:22;USR-1091;2004-06-20;F;Standard;2;240;200;Card;CS2;;0
SESS-14104;2026-08-24 21:53:07;USR-1766;2009-08-10;M;Standard;2;0;200;App;Valorant;4.0;0
SESS-14800;2026-08-24 22:42:42;USR-1074;2005-10-07;M;VIP;8;1106;1440;Card;Deadlock;5.0;1
SESS-13453;2026-08-03 20:47:15;USR-1023;2003-06-20;M;Bootcamp;2;0;270;App;Dota 2;4.5;1
SESS-12234;2026-08-30 21:37:27;USR-1099;1996-05-13;M;VIP;2;800;400;App;GTA V;;0
SESS-12319;2026-08-25 14:58:09;USR-1457;2012-11-03;M;Standard;1;0;100;Card;Minecraft;;0
SESS-13770;2026-08-04 09:54:36;USR-1086;1997-03-17;F;Standard;2;240;200;Cash;GTA V;3.0;0
SESS-12933;2026-08-22 20:12:36;USR-1039;1994-11-20;M;PS5;12;2226;2700;Card;Dota 2;5.0;1
SESS-10520;2026-08-13 18:45:04;USR-1144;2009-09-12;M;VIP;4;0;800;Card;Minecraft;4.0;0
SESS-12860;2026-08-13 00:28:41;USR-1731;1999-01-16;F;VIP;8;2436;1440;Card;Cyberpunk 2077;;1
SESS-14756;2026-08-29 18:54:31;USR-1101;2002-07-27;F;Standard;2;0;200;Card;CS2;;0
SESS-10745;2026-08-29 17:19:08;USR-1244;2011-12-05;M;Standard;5;200;500;App;CS2;;0
SESS-14185;2026-08-04 12:34:34;USR-1087;2005-04-04;M;Standard;3;480;300;Card;Dota 2;4.0;0
SESS-11679;2026-08-21 14:08:38;USR-1067;2009-11-26;M;VIP;2;160;400;App;CS2;4.0;0
SESS-14413;2026-08-17 20:32:47;USR-1155;2007-01-07;M;VIP;3;0;600;Card;Dota 2;5.0;0
SESS-15094;2026-08-24 17:04:00;USR-1107;2004-12-19;M;Bootcamp;1;310;150;Card;Dota 2;;0
SESS-12486;2026-08-07 21:35:58;USR-1406;2008-06-24;M;Bootcamp;2;390;300;Card;PUBG;;0
SESS-12864;2026-08-16 17:09:17;USR-1001;2003-05-28;M;PS5;3;480;750;Cash;CS2;4.0;0
SESS-11681;2026-08-12 11:34:12;USR-1547;2007-01-14;M;Bootcamp;1;240;150;Card;Cyberpunk 2077;;0
SESS-12765;2026-08-22 19:24:15;USR-1201;2003-08-06;M;Bootcamp;3;0;450;App;Dota 2;4.5;0
SESS-13849;2026-08-22 12:30:46;USR-1422;2008-08-20;M;Standard;2;160;200;App;CS2;4.5;0
SESS-14502;2026-08-30 14:21:15;USR-1273;2007-03-21;M;Bootcamp;4;560;540;Cash;Valorant;5.0;1
SESS-13432;2026-08-19 03:07:23;USR-1572;2004-08-24;M;VIP;1;230;200;Card;CS2;4.5;0
SESS-10614;2026-08-27 14:29:46;USR-1602;2004-01-08;M;PS5;2;160;500;App;CS2;;0
SESS-14199;2026-08-29 09:53:15;USR-1035;1993-09-24;M;PS5;2;0;500;Card;Browser/Work;4.5;0
SESS-10581;2026-08-28 14:32:05;USR-1367;1991-09-18;M;PS5;3;900;750;Card;Browser/Work;;0
SESS-12455;2026-08-29 19:45:23;USR-1228;2012-07-05;M;PS5;4;0;1000;App;CS2;4.5;0
SESS-12615;2026-08-08 16:55:31;USR-1502;2006-08-14;M;Standard;1;160;100;Card;Deadlock;;0
SESS-11499;2026-08-17 19:28:52;USR-1633;1983-10-22;F;VIP;2;800;400;Card;Cyberpunk 2077;3.0;0
SESS-11501;2026-08-09 19:00:54;USR-1037;2008-05-17;F;VIP;12;0;2160;Cash;Valorant;4.5;1
SESS-14837;2026-08-27 19:14:59;USR-1205;1990-02-10;F;VIP;4;0;800;App;PUBG;2.0;0
SESS-12053;2026-08-05 08:56:15;USR-1092;1992-04-25;M;Bootcamp;1;420;150;Card;CS2;;0
SESS-14314;2026-08-18 12:13:19;USR-1271;2002-12-03;M;Standard;2;160;200;Card;Valorant;;0
SESS-13317;2026-08-21 23:40:23;USR-1237;2010-07-25;F;Standard;12;1344;1080;App;Dota 2;4.5;1
SESS-11552;2026-08-10 20:53:25;USR-1120;1991-02-07;M;VIP;4;1610;720;Card;Browser/Work;4.0;1
SESS-11904;2026-08-24 11:00:05;USR-1334;2010-11-15;M;Standard;1;0;100;Cash;CS2;;0
SESS-15124;2026-08-31 06:45:17;USR-1611;2008-05-26;F;Standard;3;480;300;Card;Dota 2;;0
SESS-11079;2026-08-24 19:26:46;USR-1106;2007-05-17;F;Bootcamp;4;0;600;Card;Deadlock;;0
SESS-11008;2026-08-01 10:23:46;USR-1604;2006-02-07;F;Bootcamp;2;400;300;Card;Apex Legends;4.0;0
SESS-10294;2026-08-21 01:27:51;USR-1132;2001-03-23;M;Standard;5;0;450;Cash;GTA V;5.0;1
SESS-11901;2026-08-01 16:22:38;USR-1637;2006-04-06;F;Standard;4;640;400;Cash;CS2;5.0;0
SESS-12364;2026-08-09 00:37:52;USR-1249;1999-09-16;F;VIP;12;0;2160;Card;GTA V;;1
SESS-12485;2026-08-07 18:30:31;USR-1047;2007-02-05;M;Standard;2;240;200;App;Dota 2;;0
SESS-14260;2026-08-08 16:09:31;USR-1046;2010-11-19;M;Standard;3;0;300;Card;Dota 2;;0
SESS-12553;2026-08-02 14:25:55;USR-1250;2012-09-25;M;Bootcamp;3;0;405;Cash;Minecraft;;1
SESS-14057;2026-08-02 16:17:08;USR-1095;1997-11-18;M;PS5;3;690;750;Card;Cyberpunk 2077;4.5;0
SESS-10944;2026-08-09 12:03:16;USR-1417;1999-08-22;M;PS5;4;1428;900;Card;GTA V;4.0;1
SESS-13423;2026-08-19 12:20:58;USR-1116;1993-09-19;M;Bootcamp;5;0;750;Card;Deadlock;;0
SESS-10980;2026-08-07 00:30:19;USR-1134;2005-02-21;M;VIP;3;510;600;App;Cyberpunk 2077;;0
SESS-10811;2026-08-30 15:07:49;USR-1313;2005-07-12;M;Bootcamp;1;0;150;App;CS2;4.5;0
SESS-10955;2026-08-31 21:52:37;USR-1629;2005-03-27;F;VIP;4;0;720;Card;Dota 2;;1
SESS-14177;2026-08-25 19:14:10;USR-1468;2012-10-26;M;Standard;1;0;100;Cash;Dota 2;;0
SESS-12762;2026-08-16 11:38:59;USR-1034;2006-01-02;M;PS5;2;160;500;Card;Valorant;4.0;0
SESS-12732;2026-08-05 10:08:01;USR-1582;1998-10-12;M;PS5;4;1218;900;Card;Cyberpunk 2077;;1
SESS-14353;2026-08-04 02:28:22;USR-1431;2011-08-02;M;Standard;1;0;100;App;CS2;;0
SESS-11656;2026-08-20 16:31:01;USR-1655;2007-10-26;M;Standard;3;672;270;Card;Dota 2;4.5;1
SESS-12035;2026-08-22 14:03:03;USR-1700;2006-11-16;F;Standard;1;0;100;Card;CS2;;0
SESS-12526;2026-08-02 17:47:43;USR-1069;2004-02-20;M;Standard;2;240;200;Card;CS2;;0
SESS-12185;2026-08-26 16:06:24;USR-1087;2005-04-04;M;Standard;2;320;200;Card;Valorant;;0
SESS-14032;2026-08-23 22:17:33;USR-1616;2009-04-21;M;Standard;8;0;800;App;CS2;4.0;0
SESS-14986;2026-08-25 13:02:24;USR-1625;2009-02-28;F;PS5;1;84;225;App;Minecraft;4.5;1
SESS-13855;2026-08-26 19:53:16;USR-1106;2007-05-17;F;Bootcamp;2;240;300;App;CS2;;0
SESS-10541;2026-08-03 19:15:16;USR-1142;2005-03-10;M;Standard;2;0;200;Card;Apex Legends;;0
SESS-13082;2026-08-01 19:31:45;USR-1057;2011-11-08;M;Standard;5;200;500;App;Valorant;;0
SESS-14201;2026-08-02 08:54:45;USR-1063;2005-06-25;M;Standard;2;0;200;Cash;Deadlock;4.5;0
SESS-10502;2026-08-16 19:37:34;USR-1124;2008-09-24;M;Standard;2;0;180;Card;CS2;;1
SESS-11065;2026-08-15 15:50:05;USR-1772;2008-07-27;F;Standard;2;0;200;Card;Dota 2;;0
SESS-10121;2026-08-28 12:35:54;USR-1102;1997-01-21;M;PS5;3;840;750;Card;PUBG;4.5;0
SESS-13171;2026-08-15 13:40:15;USR-1066;2002-11-13;M;PS5;5;0;1250;Card;Apex Legends;;0
SESS-12092;2026-08-21 12:09:35;USR-1695;2006-04-26;M;Bootcamp;2;434;270;Card;CS2;;1
SESS-13913;2026-08-21 03:14:49;USR-1184;2005-03-22;M;Bootcamp;3;0;450;Card;Dota 2;;0
SESS-12513;2026-08-13 01:38:11;USR-1022;2004-01-17;M;Standard;12;2688;1080;Card;CS2;5.0;1
SESS-13680;2026-08-12 18:12:36;USR-1118;2006-06-28;M;Bootcamp;1;310;150;Card;Valorant;;0
SESS-15131;2026-08-11 10:57:15;USR-1150;2012-10-22;F;Bootcamp;8;0;1200;Cash;Dota 2;5.0;0
SESS-13858;2026-08-27 08:33:18;USR-1514;2009-08-08;M;VIP;1;0;200;Cash;Valorant;5.0;0
SESS-12223;2026-08-06 23:41:01;USR-1002;2004-11-16;F;VIP;5;550;1000;Card;Deadlock;5.0;0
SESS-14139;2026-08-20 18:36:37;USR-1068;2004-06-11;M;VIP;5;0;900;App;Valorant;5.0;1
SESS-10385;2026-08-07 11:15:52;USR-1570;2007-04-04;M;Standard;1;80;100;Card;Valorant;;0
SESS-12754;2026-08-31 23:25:35;USR-1344;2007-08-22;M;Standard;8;0;800;Card;Valorant;;0
SESS-14962;2026-08-11 16:55:32;USR-1061;2005-07-24;M;Standard;2;160;200;Card;CS2;;0
SESS-11378;2026-08-12 00:25:01;USR-1578;2005-10-26;M;VIP;5;0;900;App;Dota 2;4.5;1
SESS-12982;2026-08-22 16:49:55;USR-1167;2006-11-10; M ;Standard;2;0;200;App;CS2;3.0;0
SESS-14487;2026-08-27 11:14:28;USR-1152;2006-10-26;M;VIP;2;470;400;Card;CS2;;0
SESS-10164;2026-08-29 17:07:38;USR-1290;1994-11-20;M;VIP;2;510;400;Card;CS2;;0
SESS-10679;2026-08-07 17:44:12;USR-1297;2011-12-19;M;Standard;2;80;200;Card;Minecraft;;0
SESS-14473;2026-08-25 18:29:55;USR-1383;2008-04-01;M;Bootcamp;4;790;600;App;CS2;;0
SESS-12532;2026-08-05 14:44:47;USR-1791;2010-05-13;F;Standard;2;120;200;App;CS2;;0
SESS-12241;2026-08-04 21:06:46;USR-1140;2005-12-21;M;Bootcamp;2;390;300;Card;Dota 2;;0
SESS-12417;2026-08-17 17:38:27;USR-1136;2005-05-16;M;Standard;2;320;200;App;Apex Legends;4.5;0
SESS-13766;2026-08-27 01:41:42;USR-1031;2008-04-25;M;VIP;3;0;600;Card;Dota 2;4.5;0
SESS-10746;2026-08-29 20:53:49;USR-1112;2007-11-17;M;Standard;2;320;200;Card;CS2;;0
SESS-14408;2026-08-02 22:35:19;USR-1259;2001-01-11;M;VIP;12;2070;2400;Card;Dota 2;4.0;0
SESS-13986;2026-08-01 11:38:53;USR-1350;2002-02-24;M;Bootcamp;2;240;300;Card;Dota 2;;0
SESS-11978;2026-08-21 17:57:34;USR-1014;2008-03-15;M;Bootcamp;3;630;450;App;CS2;1.0;0
SESS-10886;2026-08-14 07:32:50;USR-1387;1995-10-18;M;VIP;1;480;200;Card;PUBG;4.0;0
SESS-14446;2026-08-14 19:17:30;USR-1054;2005-04-23;M;Standard;1;120;100;Card;GTA V;4.5;0
SESS-13991;2026-08-03 20:40:29;USR-1077;2006-09-21;M;Bootcamp;2;400;300;Card;Dota 2;;0
SESS-11235;2026-08-28 16:18:27;USR-1219;2011-05-09;M;Standard;5;400;500;App;CS2;;0
SESS-12737;2026-08-31 19:52:10;USR-1389;2007-02-07;M;Standard;2;0;200;Cash;CS2;;0
SESS-10261;2026-08-06 20:59:17;USR-1232;2002-11-16;M;Bootcamp;8;1007;1080;Card;GTA V;4.5;1
SESS-12514;2026-08-25 11:21:33;USR-1486;2009-11-06;M;VIP;2;0;400;Cash;Minecraft;5.0;0
SESS-14000;2026-08-09 16:19:10;USR-1462;2001-05-13;F;VIP;2;0;400;Card;Deadlock;4.0;0
SESS-10450;2026-08-15 18:42:37;USR-1383;2008-04-01;M;Standard;2;0;200;Card;CS2;5.0;0
SESS-11302;2026-08-26 13:41:56;USR-1398;2006-09-06;M;Bootcamp;4;0;600;Card;Dota 2;;0
SESS-14681;2026-08-21 23:55:46;USR-1154;2008-09-01;M;Bootcamp;8;0;1200;Card;Dota 2;4.5;0
SESS-13097;2026-08-15 17:25:27;USR-1155;2007-01-07;M;PS5;5;1120;1125;Card;Dota 2;3.0;1
SESS-15114;2026-08-22 18:56:30;USR-1137;2005-12-19;M;PS5;3;503;675;Card;Valorant;3.0;1
SESS-10792;2026-08-25 17:41:25;USR-1104;2009-06-16;M;Standard;4;224;360;App;Minecraft;5.0;1
SESS-14274;2026-08-03 20:38:49;USR-1664;2007-09-01;F;Standard;5;400;500;Card;CS2;4.0;0
SESS-14482;2026-08-02 14:56:09;USR-1397;2004-08-16;M;Standard;3;336;270;App;Valorant;5.0;1
SESS-14770;2026-08-22 21:59:15;USR-1483;2004-09-14;F;VIP;5;1050;900;Card;Valorant;3.0;1
SESS-10276;2026-08-31 10:36:50;USR-1287;1998-01-26;M;VIP;2;546;360;Card;GTA V;;1
SESS-11984;2026-08-28 19:02:59;USR-1114;2010-02-05;M;Standard;1;0;100;Cash;CS2;;0
SESS-10772;2026-08-23 13:39:58;USR-1074;2005-10-07;M;Standard;1;120;100;Card;Dota 2;;0
SESS-14910;2026-08-13 10:37:31;USR-1788;2006-11-06;M;Bootcamp;2;0;300;App;Dota 2;4.5;0
SESS-13145;2026-08-09 18:34:55;USR-1050;2002-06-22;M;Standard;2;0;200;Card;CS2;;0
SESS-14878;2026-08-02 18:19:25;USR-1250;2012-09-25;M;Standard;3;0;270;App;CS2;;1
SESS-12871;2026-08-01 20:45:05;USR-1039;1994-11-20;M;Bootcamp;1;0;150;App;Cyberpunk 2077;;0
SESS-11657;2026-08-08 19:20:02;USR-1036;2007-07-18;M;Standard;4;320;400;Card;Dota 2;2.0;0
SESS-13471;2026-08-18 22:01:41;USR-1615;2003-11-12;M;Bootcamp;5;750;750;App;Dota 2;4.5;0
SESS-11801;2026-08-24 17:45:05;USR-1258;1998-08-15;M;PS5;1;550;250;;Dota 2;4.5;0
SESS-13958;2026-08-28 12:43:36;USR-1111;2000-02-14;M;PS5;3;510;750;Card;Browser/Work;4.5;0
SESS-11123;2026-08-27 22:27:03;USR-1573;1995-03-18;M;Standard;8;960;800;Card;Browser/Work;;0
SESS-13462;2026-08-19 12:09:42;USR-1077;2006-09-21;M;VIP;3;0;600;Cash;Dota 2;3.0;0
SESS-12052;2026-08-28 21:56:50;USR-1015;2009-09-15;M;PS5;3;168;675;Cash;CS2;;1
SESS-13091;2026-08-15 19:18:16;USR-1205;1990-02-10;F;Standard;8;1440;800;Card;Dota 2;2.0;0
SESS-11559;2026-08-22 21:33:54;USR-1021;2008-06-07;M;Standard;5;1120;450;App;CS2;4.0;1
SESS-10842;2026-08-09 17:47:29;USR-1264;2007-02-06;M;Bootcamp;1;0;150;Card;Dota 2;;0
SESS-14887;2026-08-01 16:57:00;USR-1085;2004-10-02;M;Standard;2;224;180;Card;Dota 2;;1
SESS-11366;2026-08-08 16:41:11;USR-1155;2007-01-07;M;Standard;1;0;100;Card;CS2;;0
SESS-10631;2026-08-19 18:29:53;USR-1214;1997-09-04;M;VIP;3;510;600;Card;GTA V;4.5;0
SESS-11642;2026-08-28 17:31:00;USR-1072;2007-05-10;M;VIP;2;400;400;App;CS2;4.5;0
SESS-13837;2026-08-18 17:24:27;USR-1745;2005-02-12;M;Standard;3;0;270;App;CS2;4.5;1
SESS-10532;2026-08-23 15:46:40;USR-1136;2005-05-16;M;Bootcamp;2;448;270;;Valorant;4.5;1
SESS-14203;2026-08-28 14:49:33;USR-1006;2008-10-28;M;Bootcamp;3;630;450;Card;Deadlock;;0
SESS-13774;2026-08-01 22:33:07;USR-1370;2008-05-25;M;Bootcamp;5;0;750;App;CS2;4.5;0
SESS-12936;2026-08-02 14:13:57;USR-1312;1998-07-18;M;Standard;8;0;800;Card;Dota 2;1.0;0
SESS-11929;2026-08-24 13:26:07;USR-1011;2011-12-15;M;Standard;2;0;200;App;Dota 2;4.5;0
SESS-14249;2026-08-03 18:29:05;USR-1080;2004-02-20;M;Standard;5;1120;450;Card;Dota 2;4.5;1
SESS-14823;2026-08-28 17:17:25;USR-1592;2000-11-26;M;Standard;12;4200;1080;App;Dota 2;4.0;1
SESS-12686;2026-08-07 10:09:15;USR-1157;2009-12-23;M;Standard;2;224;180;App;CS2;4.5;1
SESS-12325;2026-08-13 16:57:16;USR-1322;2002-10-04;F;Bootcamp;2;240;300;Card;Deadlock;5.0;0
SESS-11405;2026-08-10 17:11:14;USR-1748;2011-10-15;M;VIP;1;60;200;Cash;Minecraft;5.0;0
SESS-11825;2026-08-08 07:43:22;USR-1319;2011-01-21;M;Standard;1;40;100;Cash;CS2;;0
SESS-12691;2026-08-30 17:58:00;USR-1109;2003-06-27;M;Standard;2;240;200;Card;Dota 2;;0
SESS-12198;2026-08-12 18:14:37;USR-1513;2008-05-21;M;VIP;2;320;400;Card;Dota 2;;0
SESS-10455;2026-08-22 17:55:58;USR-1387;1995-10-18;M;VIP;1;400;200;Card;GTA V;;0
SESS-14963;2026-08-31 07:23:04;USR-1749;2012-05-08;M;Standard;2;0;200;Cash;CS2;;0
SESS-11738;2026-08-08 11:57:42;USR-1248;2000-06-07;F;VIP;3;0;600;Card;GTA V;;0
SESS-11688;2026-08-22 20:26:53;USR-1505;2006-04-03;F;Standard;2;160;200;Card;CS2;;0
SESS-13871;2026-08-09 14:31:10;USR-1666;1996-10-13;F;Standard;2;0;200;Card;Dota 2;;0
SESS-15141;2026-08-22 22:09:25;USR-1523;2009-04-04;M;Standard;8;0;800;Cash;Deadlock;;0
SESS-10641;2026-08-13 18:00:40;USR-1120;1991-02-07;M;Bootcamp;1;0;150;Card;CS2;;0
SESS-11980;2026-08-20 22:44:15;USR-1095;1997-11-18;M;PS5;12;0;2700;Card;Dota 2;5.0;1
SESS-14754;2026-08-30 21:21:00;USR-1112;2007-11-17;M;Standard;5;0;500;Card;Dota 2;4.5;0
SESS-12957;2026-08-03 13:44:50;USR-1381;2006-04-27;F;Standard;3;0;300;Card;CS2;;0
SESS-14757;2026-08-25 12:03:09;USR-1478;1991-11-11;M;Bootcamp;5;1680;675;Card;CS2;4.0;1
SESS-11051;2026-08-16 13:30:24;USR-1706;2006-03-20;M;Standard;4;672;360;Card;CS2;;1
SESS-13336;2026-08-26 14:53:57;USR-1791;2010-05-13;F;Standard;3;0;300;Cash;Minecraft;4.0;0
SESS-14625;2026-08-19 17:48:06;USR-1023;2003-06-20;M;Standard;2;0;200;App;Valorant;;0
SESS-12978;2026-08-22 20:24:17;USR-1552;2009-01-06;M;VIP;1;0;200;App;CS2;;0
SESS-11730;2026-08-01 20:05:24;USR-1351;2004-09-23;M;Standard;1;160;100;Card;Apex Legends;;0
SESS-14515;2026-08-25 13:51:28;USR-1649;2001-07-08;M;Standard;5;600;500;Card;Valorant;3.0;0
SESS-13061;2026-08-08 21:54:47;USR-1413;2004-02-24;M;VIP;2;390;400;App;Valorant;;0
SESS-13690;2026-08-06 23:53:06;USR-1493;2007-11-09;M;Standard;8;1344;720;App;Dota 2;;1
SESS-14415;2026-08-20 08:42:52;USR-1709;2001-08-27;F;Bootcamp;2;0;300;Card;Valorant;;0
SESS-10566;2026-08-27 15:28:40;USR-1053;2010-07-19;M;Bootcamp;3;0;450;Card;Valorant;;0
SESS-10858;2026-08-29 11:58:12;USR-1656;1993-08-12;M;Standard;1;120;100;Card;CS2;;0
SESS-11335;2026-08-09 17:51:26;USR-1256;2006-12-14;M;PS5;2;240;500;App;Dota 2;;0
SESS-14929;2026-08-07 13:52:56;USR-1617;2005-08-01;M;Standard;3;672;270;Cash;Dota 2;;1
SESS-14371;2026-08-02 17:18:08;USR-1473;2000-06-17;F;VIP;2;540;400;Card;Cyberpunk 2077;;0
SESS-14305;2026-08-27 12:59:42;USR-1091;2004-06-20;F;Bootcamp;1;230;150;App;CS2;;0
SESS-12284;2026-08-08 15:32:58;USR-1039;1994-11-20;M;Bootcamp;4;1092;540;Card;Dota 2;;1
SESS-12006;2026-08-17 23:00:14;USR-1613;2010-02-26;M;Standard;5;0;500;App;CS2;;0
SESS-11604;2026-08-08 15:45:58;USR-1000;2007-12-12;M;Standard;2;240;200;Card;CS2;4.0;0
SESS-10314;2026-08-25 22:06:41;USR-1733;2010-04-18;M;Standard;3;0;300;Card;CS2;;0
SESS-12387;2026-08-01 13:37:42;USR-1185;2004-04-07;M;Bootcamp;5;1330;675;Card;Apex Legends;;1
SESS-10509;2026-08-28 14:24:16;USR-1371;1999-05-12;M;PS5;1;400;250;Card;PUBG;;0
SESS-14031;2026-08-01 10:15:51;USR-1213;1997-02-16;F;Standard;4;1400;360;Card;Dota 2;4.0;1
SESS-12460;2026-08-25 10:48:35;USR-1112;2007-11-17;M;VIP;3;0;600;Card;CS2;;0
SESS-11953;2026-08-27 17:28:36;USR-1156;2010-02-04;M;Standard;4;320;400;App;Minecraft;;0
SESS-13499;2026-08-10 01:45:02;USR-1697;2011-05-07;M;VIP;12;0;2160;Cash;Minecraft;4.0;1
SESS-13418;2026-08-21 20:08:52;USR-1159;2011-04-10;M;Standard;1;0;90;App;Valorant;;1
SESS-13591;2026-08-15 18:25:38;USR-1162;2006-04-01;M;Standard;3;0;270;App;CS2;5.0;1
SESS-10718;2026-08-10 18:10:30;USR-1064;1999-11-15;M;Standard;2;240;200;Card;Dota 2;;0
SESS-13445;2026-08-06 11:46:34;USR-1120;1991-02-07;M;PS5;2;540;500;Card;CS2;;0
SESS-14034;2026-08-14 22:44:53;USR-1650;2004-06-28;M;VIP;12;0;2160;App;Dota 2;4.5;1
SESS-13138;2026-08-29 16:41:31;USR-1513;2008-05-21;M;Standard;2;240;200;Card;Cyberpunk 2077;;0
SESS-12134;2026-08-15 23:57:44;USR-1146;2011-04-21;M;Bootcamp;5;0;750;Cash;Minecraft;;0
SESS-10262;2026-08-19 05:17:05;USR-1366;1999-07-24;M;PS5;2;800;500;Card;Deadlock;;0
SESS-13286;2026-08-05 12:09:21;USR-1463;2007-09-18;M;Bootcamp;5;0;675;Cash;CS2;5.0;1
SESS-13384;2026-08-05 20:20:15;USR-1221;1996-07-08;M;PS5;1;0;250;Card;Dota 2;;0
SESS-11985;2026-08-22 18:54:16;USR-1264;2007-02-06;M;Standard;1;0;100;Cash;Deadlock;;0
SESS-13539;2026-08-21 08:31:26;USR-1096;2004-01-06;M;VIP;2;0;400;App;CS2;;0
SESS-10993;2026-08-09 19:28:24;USR-1075;2004-09-10;M;Standard;8;0;800;App;Valorant;;0
SESS-10925;2026-08-10 21:52:41;USR-1022;2004-01-17;M;Standard;1;0;100;Card;Dota 2;;0
SESS-14767;2026-08-10 11:16:45;USR-1730;2003-04-15;M;PS5;5;1120;1125;Card;Valorant;5.0;1
SESS-12462;2026-08-26 09:33:31;USR-1578;2005-10-26;M;Standard;2;0;180;Cash;Dota 2;4.5;1
SESS-10347;2026-08-02 11:59:30;USR-1087;2005-04-04;M;Standard;2;0;200;App;Deadlock;;0
SESS-13790;2026-08-27 12:11:19;USR-1191;2010-09-25;M;VIP;2;0;360;App;Minecraft;3.0;1
SESS-11827;2026-08-29 19:35:41;USR-1449;1994-04-19;M;Standard;2;240;200;App;Browser/Work;;0
SESS-14255;2026-08-29 17:31:32;USR-1201;2003-08-06;M;Standard;2;160;200;App;CS2;;0
SESS-11046;2026-08-22 15:27:02;USR-1473;2000-06-17;F;Standard;2;240;200;App;PUBG;;0
SESS-13305;2026-08-23 15:16:27;USR-1130;2007-08-16;M;Standard;3;240;300;Card;Valorant;;0
SESS-14944;2026-08-09 12:05:27;USR-1471;2002-04-21;F;Standard;3;0;300;App;CS2;;0
SESS-12001;2026-08-19 17:44:24;USR-1001;2003-05-28;M;Bootcamp;2;0;270;App;CS2;;1
SESS-14189;2026-08-01 00:04:53;USR-1099;1996-05-13;M;Bootcamp;8;2226;1080;Card;Dota 2;;1
SESS-13809;2026-08-11 22:28:58;USR-1459;2005-07-10;M;Standard;5;0;500;App;CS2;4.5;0
SESS-14449;2026-08-02 11:57:59;USR-1522;2010-04-16;M; Bootcamp ;2;112;180;Card;CS2;4.0;1
SESS-10917;2026-08-13 17:14:07;USR-1209;2011-09-28;M;Bootcamp;3;0;450;App;Valorant;;0
SESS-14722;2026-08-25 12:44:33;USR-1050;2002-06-22;M;Bootcamp;2;0;270;Cash;Dota 2;;1
SESS-11408;2026-08-30 17:02:09;USR-1316;2005-09-07;M;VIP;2;0;360;App;Dota 2;;1
SESS-11577;2026-08-14 19:01:50;USR-1790;1995-08-18;M;VIP;3;1050;600;Card;CS2;4.0;0
SESS-11505;2026-08-08 20:05:39;USR-1130;2007-08-16;M;Bootcamp;4;1007;540;Card;Deadlock;;1
SESS-10130;2026-08-26 16:18:53;USR-1057;2011-11-08;M;PS5;1;0;250;App;Minecraft;;0
SESS-12391;2026-08-28 17:22:17;USR-1065;1997-11-13;M;Standard;4;672;360;Card;GTA V;;1
SESS-10514;2026-08-01 18:54:43;USR-1420;2001-03-02;M;Standard;2;240;200;Card;Deadlock;;0
SESS-12563;2026-08-02 19:45:50;USR-1434;2005-08-03;M;Standard;4;640;400;Card;Dota 2;4.0;0
SESS-11772;2026-08-29 14:18:31;USR-1050;2002-06-22;M;Standard;1;0;100;App;Dota 2;5.0;0
SESS-10062;2026-08-18 20:57:23;USR-1061;2005-07-24;M;Bootcamp;1;0;150;Card;Valorant;;0
SESS-10500;2026-08-22 11:58:16;USR-1580;2008-07-14;M;VIP;3;0;540;Card;Dota 2;3.0;1
SESS-13743;2026-08-07 15:18:04;USR-1040;1999-04-03;M;VIP;2;390;400;Card;Browser/Work;;0
SESS-10499;2026-08-30 17:23:54;USR-1518;2001-04-01;M;VIP;3;560;600;Card;Dota 2;;0
SESS-13229;2026-08-06 19:56:20;USR-1014;2008-03-15;M;VIP;2;0;400;Cash;Dota 2;;0
SESS-10623;2026-08-10 15:05:21;USR-1242;1994-11-23;M;Standard;2;360;200;Card;CS2;;0
SESS-13248;2026-08-04 18:05:16;USR-1411;2008-04-01;F;Standard;2;0;180;App;Dota 2;;1
SESS-14975;2026-08-28 18:37:21;USR-1101;2002-07-27;F;VIP;3;0;600;Card;Valorant;;0
SESS-11528;2026-08-18 22:55:00;USR-1048;2012-12-04;M;Standard;3;180;300;Card;CS2;;0
SESS-12617;2026-08-12 11:29:07;USR-1674;2010-07-02;M;Standard;1;0;90;Card;Valorant;;1
SESS-11039;2026-08-08 17:15:24;USR-1231;2002-08-06;M;VIP;3;616;540;App;CS2;;1
SESS-12930;2026-08-08 18:43:38;USR-1640;1989-07-05;M;PS5;2;800;500;Card;Dota 2;;0
SESS-15078;2026-08-26 21:26:42;USR-1353;2009-11-28;M;Standard;2;80;200;App;CS2;5.0;0
SESS-10723;2026-08-25 01:11:16;USR-1348;2009-01-23;M;Standard;5;0;500;App;Minecraft;;0
SESS-13788;2026-08-20 17:09:46;USR-1575;2010-03-05;M;VIP;1;0;200;Cash;Minecraft;;0
SESS-10064;2026-08-10 17:20:23;USR-1228;2012-07-05;M;PS5;1;40;250;Cash;CS2;4.5;0
SESS-14396;2026-08-07 09:21:26;USR-1733;2010-04-18;M;Standard;3;0;300;Card;CS2;;0
SESS-13867;2026-08-01 21:54:39;USR-1250;2012-09-25;M;Standard;1;60;100;Card;Dota 2;5.0;0
SESS-10981;2026-08-03 10:46:28;USR-1007;2009-09-04;M;Standard;3;120;300;Cash;Dota 2;4.0;0
SESS-13425;2026-08-31 15:32:49;USR-1327;2009-09-08;M;Bootcamp;3;0;450;Cash;Dota 2;3.0;0
SESS-11728;2026-08-06 21:30:55;USR-1003;2004-08-17;M;Standard;5;0;500;Card;Apex Legends;;0
SESS-12668;2026-08-06 19:13:35;USR-1042;2004-05-10;F;PS5;1;120;250;App;Valorant;;0
SESS-12562;2026-08-26 13:13:11;USR-1153;2006-01-07;M;Bootcamp;3;0;405;Card;Apex Legends;;1
SESS-14079;2026-08-22 10:07:06;USR-1783;2012-06-22;M;Standard;2;0;200;App;Valorant;;0
SESS-14375;2026-08-29 16:30:52;USR-1067;2009-11-26;M;Standard;3;0;300;App;Deadlock;5.0;0
SESS-14599;2026-08-28 17:04:50;USR-1232;2002-11-16;M;Standard;4;0;360;Card;CS2;;1
SESS-15027;2026-08-19 20:39:01;USR-1046;2010-11-19;M;ps5;8;0;800;Cash;Deadlock;5.0;0
SESS-12062;2026-08-22 19:53:55;USR-1403;2000-01-27;M;Bootcamp;3;1050;450;Card;Cyberpunk 2077;;0
SESS-10162;2026-08-08 08:38:21;USR-1579;2004-01-19;M;Standard;1;0;100;App;CS2;4.0;0
SESS-10252;2026-08-17 10:19:42;USR-1373;2012-10-08;F;Standard;3;0;270;Cash;Minecraft;;1
SESS-11834;2026-08-06 21:40:36;USR-1799;2006-01-09;M;Bootcamp;3;882;405;Card;Dota 2;4.5;1
SESS-13583;2026-08-04 20:27:13;USR-1059;2012-05-14;M;Standard;1;0;90;App;CS2;;1
SESS-14254;2026-08-07 12:35:07;USR-1072;2007-05-10;M;VIP;2;0;400;Card;CS2;;0
SESS-14045;2026-08-18 13:19:38;USR-1399;1996-09-24;M;VIP;12;2436;2160;Card;CS2;5.0;1
SESS-13419;2026-08-31 11:20:56;USR-1066;2002-11-13;M;Bootcamp;2;470;300;App;CS2;;0
SESS-10780;2026-08-08 10:04:57;USR-1063;2005-06-25;M;Standard;2;0;200;Card;CS2;;0
SESS-11419;2026-08-08 18:58:57;USR-1754;2010-04-04;M;Standard;3;0;270;App;Valorant;;1
SESS-10926;2026-08-08 18:05:17;USR-1076;2001-08-10;M;VIP;2;310;400;Card;GTA V;;0
SESS-12917;2026-08-07 15:56:25;USR-1196;2003-02-27;F;VIP;2;240;400;Card;Dota 2;3.0;0
SESS-10977;2026-08-11 19:11:10;USR-1055;2009-07-20;M;Standard;2;168;180;App;CS2;;1
SESS-14573;2026-08-28 20:05:41;USR-1073;2003-06-06;M;VIP;3;0;600;Card;CS2;;0
SESS-14723;2026-08-12 12:01:57;USR-1060;1996-01-13;F;Standard;4;0;400;App;Dota 2;;0
SESS-11527;2026-08-20 17:10:27;USR-1751;2009-12-06;M;Bootcamp;1;0;135;App;Dota 2;;1
SESS-11961;2026-08-30 13:25:21;USR-1138;2005-08-06;M;VIP;3;0;600;Card;CS2;4.5;0
SESS-13106;2026-08-16 17:44:06;USR-1062;1990-06-18;F;ps5;3;756;270;Card;CS2;;1
SESS-10148;2026-08-09 20:22:39;USR-1011;2011-12-15;M;Standard;3;168;270;Card;Minecraft;4.5;1
SESS-14779;2026-08-18 10:20:51;USR-1611;2008-05-26;F;VIP;3;0;600;Card;CS2;4.0;0
SESS-14266;2026-08-09 23:21:54;USR-1349;1996-01-10;M;PS5;5;1550;1250;Card;PUBG;4.0;0
SESS-11596;2026-08-22 16:11:25;USR-1036;2007-07-18;M;Bootcamp;3;448;405;Card;Valorant;;1
SESS-10715;2026-08-13 10:37:41;USR-1357;2009-05-07;M;Bootcamp;2;120;300;Card;Deadlock;5.0;0
SESS-11108;2026-08-18 15:06:10;USR-1274;2005-06-19;M;Standard;3;672;270;Card;CS2;4.5;1
SESS-13355;2026-08-26 22:27:50;USR-1769;1999-02-01;M;Bootcamp;12;0;1620;Card;Dota 2;;1
SESS-10146;2026-08-28 23:19:41;USR-1425;2008-06-18;M;Standard;3;0;300;App;Dota 2;5.0;0
SESS-13552;2026-08-23 21:33:37;USR-1077;2006-09-21;M;Bootcamp;2;0;300;Card;CS2;;0
SESS-14183;2026-08-24 09:41:30;USR-1286;2001-02-12;M;Standard;3;0;300;Card;Valorant;;0
SESS-12599;2026-08-31 15:25:01;USR-1208;2010-07-15;M;VIP;2;0;400;Cash;CS2;;0
SESS-10396;2026-08-29 14:36:42;USR-1146;2011-04-21;M;VIP;2;160;400;Card;Dota 2;4.5;0
SESS-14315;2026-08-19 19:23:42;USR-1303;2005-10-13;M;PS5;4;0;1000;App;CS2;;0
SESS-10447;2026-08-11 19:55:14;USR-1082;2007-12-15;F;Standard;5;840;450;Cash;Dota 2;;1
SESS-11734;2026-08-09 16:57:07;USR-1636;2005-12-16;M;Bootcamp;3;448;405;Card;Dota 2;;1
SESS-12358;2026-08-05 17:47:17;USR-1210;1990-05-20;M;PS5;4;630;1000;Card;Dota 2;4.5;0
SESS-10717;2026-08-16 21:56:26;USR-1648;2006-03-05;F;Bootcamp;2;310;300;Card;PUBG;;0
SESS-10320;2026-08-26 18:48:20;USR-1034;2006-01-02;M;VIP;5;0;1000;Card;Valorant;;0
SESS-13264;2026-08-21 15:14:09;USR-1082;2007-12-15;F;Standard;2;0;200;App;Valorant;;0
SESS-10870;2026-08-09 20:32:31;USR-1529;2002-07-01;M;Standard;3;480;300;App;CS2;;0
SESS-10108;2026-08-08 17:15:26;USR-1044;2010-12-22;F;Bootcamp;1;0;150;Cash;Minecraft;4.0;0
SESS-11373;2026-08-23 07:35:38;USR-1104;2009-06-16;M;Standard;4;336;360;Cash;Dota 2;;1
SESS-12147;2026-08-24 21:27:39;USR-1073;2003-06-06;M;Standard;4;0;400;Card;Dota 2;;0
SESS-13157;2026-08-19 17:26:18;USR-1730;2003-04-15;M;Standard;4;672;360;Card;Valorant;;1
SESS-13225;2026-08-20 11:33:50;USR-1523;2009-04-04;M;Standard;12;0;1200;App;Dota 2;;0
SESS-11903;2026-08-20 19:46:35;USR-1687;2010-04-09;M;VIP;5;560;900;Cash;Deadlock;4.0;1
SESS-11665;2026-08-04 17:23:33;USR-1056;1997-07-15;M;PS5;12;0;3000;Card;GTA V;4.0;0
SESS-14176;2026-08-21 17:06:00;USR-1339;2003-03-05;M;Bootcamp;2;320;300;Card;Dota 2;;0
SESS-10248;2026-08-06 15:50:57;USR-1046;2010-11-19;M;Bootcamp;1;40;150;Cash;Minecraft;;0
SESS-12408;2026-08-17 15:39:26;USR-1541;2005-11-07;M;Bootcamp;3;0;450;Card;Dota 2;;0
SESS-11386;2026-08-26 15:31:38;USR-1134;2005-02-21;M;Standard;5;400;500;Card;Deadlock;;0
SESS-13875;2026-08-12 00:50:43;USR-1242;1994-11-23;M;VIP;8;2150;1600;Cash;CS2;4.5;0
SESS-11583;2026-08-15 19:25:33;USR-1624;2009-06-09;M;Standard;2;0;200;App;CS2;;0
SESS-10333;2026-08-27 15:32:24;USR-1197;2004-03-03;M;VIP;3;630;600;App;CS2;;0
SESS-12561;2026-08-19 00:43:03;USR-1691;2003-02-07;M;Standard;5;600;500;Card;Deadlock;4.0;0
SESS-14612;2026-08-23 17:01:40;USR-1281;1992-09-11;M;PS5;3;900;750;Card;Dota 2;;0
SESS-13529;2026-08-08 19:49:54;USR-1021;2008-06-07;M;Standard;1;160;100;Card;Valorant;;0
SESS-12188;2026-08-29 19:39:54;USR-1308;2009-07-06;M;Standard;1;80;100;App;CS2;;0
SESS-10553;2026-08-11 15:57:53;USR-1428;2005-10-11;F;Standard;3;0;300;App;Deadlock;;0
SESS-10938;2026-08-03 18:38:11;USR-1103;2003-03-02;M;Bootcamp;2;320;300;Card;CS2;;0
SESS-12575;2026-08-20 22:27:46;USR-1703;2010-09-27;M;Standard;8;0;800;;Minecraft;5.0;0
SESS-13470;2026-08-27 22:53:04;USR-1233;2010-11-15;M;Standard;8;320;800;Card;Dota 2;4.5;0
SESS-11724;2026-08-03 00:25:47;USR-1070;2008-12-23;F;Bootcamp;3;448;405;Card;Deadlock;;1
SESS-13761;2026-08-17 23:44:51;USR-1439;2009-10-14;M;Bootcamp;8;0;1200;App;CS2;4.0;0
SESS-12661;2026-08-25 18:01:24;USR-1263;1996-06-11;F;Standard;2;336;180;App;CS2;;1
SESS-10194;2026-08-24 14:40:47;USR-1547;2007-01-14;M;Bootcamp;2;0;300;Card;Valorant;;0
SESS-12382;2026-08-07 19:04:53;USR-1014;2008-03-15;M;Standard;5;0;500;Card;Dota 2;;0
SESS-11318;2026-08-20 22:30:35;USR-1095;1997-11-18;M;VIP;8;0;1600;Card;GTA V;;0
SESS-13020;2026-08-23 20:18:38;USR-1584;2006-10-04;M;VIP;12;1520;2400;App;Deadlock;;0
SESS-13665;2026-08-01 01:54:58;USR-1725;2005-05-24;M;Standard;5;400;500;Card;Dota 2;4.5;0
SESS-11006;2026-08-08 07:16:26;USR-1747;2007-06-10;M;Standard;2;0;200;Card;Valorant;;0
SESS-14080;2026-08-30 08:59:37;USR-1605;2004-10-02;M;Standard;2;240;200;App;CS2;;0
SESS-10626;2026-08-13 22:30:33;USR-1444;2003-05-12;M;Standard;5;0;500;Card;Deadlock;2.0;0
SESS-13710;2026-08-15 17:17:43;USR-1054;2005-04-23;M;Bootcamp;2;0;300;Card;Deadlock;;0
SESS-15142;2026-08-19 20:51:28;USR-1121;2004-12-08;M;PS5;2;320;500;App;Dota 2;;0
SESS-15059;2026-08-08 12:00:51;USR-1274;2005-06-19;M;Bootcamp;1;0;150;Card;CS2;;0
SESS-10666;2026-08-10 17:31:31;USR-1376;2004-04-12;F;Bootcamp;5;480;750;Cash;Dota 2;4.0;0
SESS-10458;2026-08-25 14:10:05;USR-1148;2002-11-01;M;Bootcamp;2;310;300;Card;CS2;;0
SESS-13214;2026-08-21 19:16:42;USR-1169;2006-10-11;M;Standard;1;0;100;Card;Deadlock;;0
SESS-11608;2026-08-13 08:56:56;USR-1316;2005-09-07;M;Standard;2;0;200;Card;CS2;;0
SESS-11460;2026-08-08 20:52:46;USR-1265;2006-06-18;F;Standard;2;0;200;App;Apex Legends;4.5;0
SESS-10655;2026-08-21 19:25:18;USR-1002;2004-11-16;F;Standard;2;160;200;Card;Valorant;3.0;0
SESS-12961;2026-08-22 18:50:23;USR-1062;1990-06-18;F;PS5;2;650;500;App;Browser/Work;4.0;0
SESS-11876;2026-08-24 12:01:21;USR-1304;2003-01-18;M;Standard;3;480;300;App;CS2;4.0;0
SESS-11602;2026-08-18 20:33:34;USR-1124;2008-09-24;M;PS5;1;0;250;Card;CS2;;0
SESS-14661;2026-08-05 15:04:42;USR-1038;2005-04-06;F;Standard;2;0;200;Card;Valorant;;0
SESS-11047;2026-08-19 23:05:10;USR-1627;2000-03-26;M;PS5;8;3010;1800;Card;Cyberpunk 2077;5.0;1
SESS-14633;2026-08-05 16:24:33;USR-1078;1987-05-15;M;VIP;4;1150;800;Cash;GTA V;4.5;0
SESS-13852;2026-08-25 20:01:02;USR-1068;2004-06-11;M;Bootcamp;5;680;750;Card;Dota 2;;0
SESS-10246;2026-08-05 02:24:49;USR-1650;2004-06-28;M;VIP;2;0;400;Card;Valorant;;0
SESS-14477;2026-08-17 21:18:14;USR-1408;2010-04-23;M;Standard;2;168;180;;Minecraft;;1
SESS-14142;2026-08-12 10:04:39;USR-1593;2011-08-08;F;Bootcamp;1;0;150;Cash;Minecraft;;0
SESS-12541;2026-08-27 18:55:51;USR-1111;2000-02-14;M;PS5;2;800;500;Card;PUBG;;0
SESS-11284;2026-08-11 14:36:04;USR-1397;2004-08-16;M;Bootcamp;2;0;270;Card;Valorant;;1
SESS-14257;2026-08-03 08:53:01;USR-1780;2006-11-15;F;Standard;5;600;500;App;Dota 2;4.0;0
SESS-12279;2026-08-11 09:56:19;USR-1494;2009-02-08;M;VIP;1;0;200;App;PUBG;;0
SESS-10044;2026-08-31 01:05:34;USR-1365;2005-04-09;M;Standard;12;960;1200;App;CS2;4.0;0
SESS-11745;2026-08-09 14:06:36;USR-1152;2006-10-26;M;Bootcamp;5;0;750;Card;Dota 2;4.0;0
SESS-14535;2026-08-24 12:11:22;USR-1030;2011-08-15;M;VIP;4;0;800;Cash;Minecraft;;0
SESS-12060;2026-08-26 17:06:37;USR-1229;2009-06-12;M;Standard;2;0;200;Cash;CS2;;0
SESS-13833;2026-08-27 20:11:33;USR-1683;2008-11-04;M;Standard;3;480;300;App;Deadlock;3.0;0
SESS-13982;2026-08-19 20:35:08;USR-1785;2001-01-02;M;Bootcamp;4;658;540;Card;Apex Legends;4.5;1
SESS-10221;2026-08-05 16:22:46;USR-1651;2011-12-18;M;Standard;4;224;360;App;CS2;;1
SESS-10929;2026-08-01 13:55:42;USR-1278;2005-02-12;M;Bootcamp;1;270;150;Card;CS2;;0
SESS-12419;2026-08-09 01:41:04;USR-1367;1991-09-18;M;PS5;8;1740;2000;Card;CS2;;0
SESS-11841;2026-08-25 22:58:49;USR-1009;2008-11-23;M;Standard;3;0;300;Card;Dota 2;;0
SESS-10849;2026-08-06 11:37:49;USR-1542;1996-01-09;F;Bootcamp;3;0;405;Card;Cyberpunk 2077;4.5;1
SESS-12433;2026-08-20 22:10:50;USR-1257;2011-07-27;M;Standard;8;640;800;App;Dota 2;;0
SESS-10372;2026-08-02 12:21:32;USR-1044;2010-12-22;F;Bootcamp;4;0;600;Cash;CS2;3.0;0
SESS-13762;2026-08-18 20:52:24;USR-1163;2009-02-20;M;Standard;2;0;200;App;Minecraft;;0
SESS-13356;2026-08-29 14:04:55;USR-1333;2010-05-03;M;Bootcamp;4;0;600;App;Deadlock;4.5;0
SESS-11997;2026-08-12 19:56:21;USR-1130;2007-08-16;M;PS5;2;0;500;Card;Dota 2;;0
SESS-15009;2026-08-26 20:17:18;USR-1155;2007-01-07;M;Standard;2;0;200;Card;Deadlock;;0
SESS-13153;2026-08-25 20:33:44;USR-1688;1985-09-25;F;PS5;5;1050;1125;Card;GTA V;;1
SESS-11263;2026-08-07 19:25:17;USR-1232;2002-11-16;M;Standard;2;0;200;Cash;CS2;;0
SESS-10283;2026-08-06 17:00:28;USR-1082;2007-12-15;F;Standard;2;0;200;Card;Dota 2;;0
SESS-12702;2026-08-30 01:42:41;USR-1399;1996-09-24;M;VIP;8;1590;1600;Card;CS2;5.0;0
SESS-12441;2026-08-19 13:50:48;USR-1142;2005-03-10;M;Standard;2;0;200;App;Deadlock;;0
SESS-12368;2026-08-15 02:45:15;USR-1373;2012-10-08;F;Bootcamp;2;120;300;Cash;Minecraft;;0
SESS-12649;2026-08-25 11:59:15;USR-1374;2008-05-12;M;Standard;1;80;100;Card;Valorant;;0
SESS-11448;2026-08-03 00:17:51;USR-1007;2009-09-04;M;Standard;5;0;450;Card;Minecraft;4.5;1
SESS-12874;2026-08-14 19:14:51;USR-1020;2006-04-26;M;Bootcamp;4;0;600;App;CS2;4.0;0
SESS-15135;2026-08-06 14:12:29;USR-1164;2008-06-14;M;PS5;2;0;500;Card;GTA V;4.0;0
SESS-12386;2026-08-25 21:57:43;USR-1515;1997-04-14;M;PS5;3;714;675;Card;Valorant;5.0;1
SESS-13050;2026-08-20 10:18:52;USR-1070;2008-12-23;F;VIP;2;310;400;Card;CS2;4.5;0
SESS-14912;2026-08-07 14:57:47;USR-1103;2003-03-02;M;PS5;2;0;450;App;Dota 2;5.0;1
SESS-13387;2026-08-02 15:03:38;USR-1040;1999-04-03;M;VIP;2;0;400;App;PUBG;;0
SESS-13546;2026-08-23 03:41:14;USR-1477;2002-05-15;F;Standard;1;0;100;Cash;Dota 2;;0
SESS-10498;2026-08-09 13:36:10;USR-1725;2005-05-24;M;VIP;4;560;720;Cash;Valorant;;1
SESS-12326;2026-08-24 15:34:50;USR-1458;2010-07-24;M;Bootcamp;1;0;150;Cash;Apex Legends;;0
SESS-11424;2026-08-04 13:41:17;USR-1126;1998-09-28;м;PS5;1;0;250;Card;CS2;;0
SESS-13431;2026-08-28 19:49:32;USR-1575;2010-03-05;M;Bootcamp;3;336;405;Cash;Dota 2;;1
SESS-13086;2026-08-30 14:48:03;USR-1536;2005-02-23;F;Standard;3;672;270;Card;CS2;4.0;1
SESS-14463;2026-08-26 15:25:02;USR-1573;1995-03-18;M;Standard;3;756;270;Card;Cyberpunk 2077;;1
SESS-11325;2026-08-30 09:42:05;USR-1562;2010-05-05;M;Standard;2;80;200;Cash;Minecraft;4.5;0
SESS-15092;2026-08-19 20:31:26;USR-1119;2012-02-02;M;Standard;2;80;200;Cash;Valorant;;0
SESS-14726;2026-08-09 13:52:15;USR-1193;1995-06-05;M;Bootcamp;2;0;270;Card;CS2;3.0;1
SESS-12341;2026-08-04 20:09:23;USR-1591;2004-07-23;M;Standard;4;480;400;App;Dota 2;;0
SESS-12554;2026-08-03 14:26:43;USR-1007;2009-09-04;M;Bootcamp;2;80;300;App;CS2;4.0;0
SESS-11219;2026-08-15 20:31:03;USR-1445;2006-10-04;M;Bootcamp;3;448;405;Card;Dota 2;;1
SESS-14134;2026-08-02 16:47:14;USR-1087;2005-04-04;M;Standard;3;360;300;Card;Dota 2;1.0;0
SESS-12546;2026-08-12 17:37:30;USR-1742;2009-03-02;M;Standard;1;0;100;App;Valorant;;0
SESS-13737;2026-08-22 18:38:09;USR-1042;2004-05-10;F;Standard;1;80;100;Card;Dota 2;;0
SESS-14957;2026-08-28 13:17:14;USR-1047;2007-02-05;M; Bootcamp ;1;0;250;App;CS2;;0
SESS-13247;2026-08-21 01:55:15;USR-1796;1998-12-28;F;PS5;8;2150;2000;Card;Cyberpunk 2077;;0
SESS-12624;2026-08-17 19:29:17;USR-1394;2007-06-09;F;Standard;2;0;200;Card;CS2;5.0;0
SESS-10440;2026-08-04 17:04:41;USR-1412;2002-08-03;F;Standard;2;0;200;Card;Valorant;;0
SESS-12964;2026-08-14 21:19:52;USR-1328;2008-05-28;M;Standard;2;0;200;Card;Valorant;;0
SESS-12424;2026-08-24 13:55:41;USR-1045;2007-06-12;M;PS5;1;0;250;Card;Valorant;3.0;0
SESS-14568;2026-08-28 19:06:11;USR-1022;2004-01-17;M;Standard;12;0;1200;App;CS2;;0
SESS-12718;2026-08-02 19:47:30;USR-1717;2004-11-07;F;Standard;2;240;200;App;CS2;;0
SESS-11520;2026-08-06 18:44:40;USR-1093;2003-03-25;M;Standard;1;0;100;Card;CS2;2.0;0
SESS-12711;2026-08-21 00:28:16;USR-1120;1991-02-07;M;PS5;5;1260;1125;Card;PUBG;4.0;1
SESS-14366;2026-08-17 06:35:14;USR-1095;1997-11-18;M;Standard;3;756;270;App;Dota 2;4.5;1
SESS-10599;2026-08-18 13:47:38;USR-1144;2009-09-12;M;Standard;3;0;300;Cash;Valorant;;0
SESS-14322;2026-08-09 22:19:14;USR-1480;1998-10-13;M;VIP;5;1400;1000;App;Browser/Work;5.0;0
SESS-11750;2026-08-28 19:20:20;USR-1098;2004-04-09;F;Bootcamp;4;1007;540;App;CS2;4.5;1
SESS-14078;2026-08-15 08:34:26;USR-1199;2007-10-14;M;VIP;1;0;200;Card;CS2;4.0;0
SESS-11010;2026-08-06 20:56:57;USR-1287;1998-01-26;M;Bootcamp;1;0;150;Card;PUBG;4.5;0
SESS-11476;2026-08-13 09:15:10;USR-1751;2009-12-06;M;Standard;2;0;200;App;CS2;4.0;0
SESS-14805;2026-08-22 18:28:14;USR-1392;1994-07-13;M;VIP;1;0;200;Card;Dota 2;;0
SESS-10434;2026-08-15 13:27:46;USR-1529;2002-07-01;M;Standard;4;672;360;Card;Deadlock;4.5;1
SESS-12637;2026-08-03 17:42:20;USR-1268;2008-03-05;M;Bootcamp;2;310;300;Card;CS2;;0
SESS-14308;2026-08-16 13:55:23;USR-1018;2008-06-09;M;Bootcamp;12;0;1800;Card;Valorant;4.0;0
SESS-13909;2026-08-15 17:51:06;USR-1093;2003-03-25;M;Standard;3;0;300;Card;CS2;;0
SESS-10359;2026-08-27 12:50:04;USR-1161;2004-11-12;M;Bootcamp;2;0;300;Card;CS2;;0
SESS-14788;2026-08-19 15:42:01;USR-1170;2005-04-22;M;Bootcamp;4;784;540;Card;Dota 2;5.0;1
SESS-12496;2026-08-21 16:58:26;USR-1155;2007-01-07;M;Bootcamp;1;200;150;App;Deadlock;;0
SESS-10591;2026-08-10 12:06:05;USR-1597;2006-03-09;M;PS5;5;0;1250;App;CS2;4.5;0
SESS-11391;2026-08-01 12:59:18;USR-1666;1996-10-13;F;Bootcamp;2;800;300;App;Dota 2;;0
SESS-11770;2026-08-28 14:20:35;USR-1019;2004-08-06;M;Standard;2;320;200;Card;Dota 2;;0
SESS-12199;2026-08-18 18:56:17;USR-1075;2004-09-10;M;VIP;1;310;200;Card;CS2;;0
SESS-10496;2026-08-14 23:46:53;USR-1219;2011-05-09;M;VIP;8;0;1600;Card;CS2;;0
SESS-13098;2026-08-15 18:18:38;USR-1149;1996-01-09;F;VIP;3;1260;540;Card;Dota 2;5.0;1
SESS-14288;2026-08-30 00:48:51;USR-1151;2004-10-09;M;Standard;8;0;720;App;Valorant;;1
SESS-11334;2026-08-06 23:34:56;USR-1016;1989-08-17;F;PS5;3;900;750;Card;Dota 2;4.5;0
SESS-14360;2026-08-23 20:28:09;USR-1524;1996-07-27;M;Standard;1;0;100;Card;CS2;;0
SESS-13571;2026-08-25 18:50:48;USR-1114;2010-02-05;M;VIP;2;120;400;App;Valorant;;0
SESS-14498;2026-08-23 12:54:55;USR-1796;1998-12-28;F;PS5;3;965;675;Card;PUBG;5.0;1
SESS-14409;2026-08-05 17:28:08;USR-1090;1989-07-13;F;PS5;5;0;1250;Card;GTA V;4.5;0
SESS-10928;2026-08-16 13:29:05;USR-1710;2006-10-16;M;Bootcamp;2;0;270;Card;CS2;;1
SESS-14617;2026-08-10 17:08:14;USR-1157;2009-12-23;M;PS5;2;160;500;Cash;Minecraft;3.0;0
SESS-11662;2026-08-23 22:17:00;USR-1235;2008-05-14;M; standard ;12;1920;3000;Card;Minecraft;4.5;0
SESS-10210;2026-08-22 16:55:53;USR-1166;1995-10-14;M;Standard;2;240;200;Card;PUBG;;0
SESS-10674;2026-08-23 19:00:31;USR-1021;2008-06-07;M;PS5;5;560;1125;Cash;Valorant;4.5;1
SESS-10706;2026-08-08 17:36:12;USR-1241;2010-03-04;F;VIP ;5;0;450;App;CS2;4.0;1
SESS-12886;2026-08-22 19:25:56;USR-1330;2003-11-27;M;Standard;3;672;270;App;Dota 2;;1
SESS-14537;2026-08-01 02:58:47;USR-1628;2010-12-24;M;Standard;4;0;360;App;Valorant;;1
SESS-10401;2026-08-29 22:55:35;USR-1424;2004-11-14;M;Standard;5;840;450;Card;Valorant;4.5;1
SESS-13987;2026-08-28 16:21:49;USR-1634;2009-08-24;F;Standard;1;0;100;Cash;Valorant;;0
SESS-10303;2026-08-03 14:11:32;USR-1092;1992-04-25;M;Standard;2;500;200;App;CS2;4.0;0
SESS-10629;2026-08-08 12:35:35;USR-1104;2009-06-16;M;PS5;8;320;2000;App;Valorant;;0
SESS-13060;2026-08-15 21:12:05;USR-1072;2007-05-10;M;Standard;1;0;100;Card;Dota 2;5.0;0
SESS-12298;2026-08-22 22:37:01;USR-1606;1993-05-15;M;VIP;3;510;600;Card;CS2;;0
SESS-10734;2026-08-01 19:48:09;USR-1057;2011-11-08;M;VIP;4;240;800;Cash;GTA V;4.0;0
SESS-11173;2026-08-02 17:09:58;USR-1021;2008-06-07;M;Bootcamp;5;1330;675;Card;CS2;;1
SESS-10420;2026-08-31 15:25:16;USR-1085;2004-10-02;M;PS5;2;240;500;Card;Dota 2;;0
SESS-10609;2026-08-02 11:17:24;USR-1037;2008-05-17;F;PS5;2;320;500;App;Dota 2;;0
SESS-10584;2026-08-09 14:38:30;USR-1019;2004-08-06;M;Bootcamp;2;0;300;Card;CS2;5.0;0
SESS-11408;2026-08-30 17:02:09;USR-1316;2005-09-07;M;VIP;2;0;360;App;Dota 2;;1
SESS-12109;2026-08-28 14:46:10;USR-1315;1997-06-09;M;PS5;2;0;500;Card;GTA V;5.0;0
SESS-13330;2026-08-21 18:04:57;USR-1089;2003-05-03;M;Standard;2;0;200;Card;Dota 2;;0
SESS-13974;2026-08-28 15:00:01;USR-1123;2005-11-01;M;Bootcamp;2;0;300;;Minecraft;;0
SESS-12058;2026-08-07 00:20:53;USR-1712;2005-03-09;M;PS5;8;0;1800;Card;Dota 2;4.0;1
SESS-11955;2026-08-08 09:21:40;USR-1206;2007-10-15;M;VIP ;2;560;270;Cash;CS2;4.5;1
SESS-12139;2026-08-21 19:46:03;USR-1699;2004-04-01;M;Standard;2;0;200;Card;Deadlock;;0
SESS-12411;2026-08-17 19:41:45;USR-1761;2009-12-20;M;Bootcamp;3;168;405;App;Apex Legends;4.5;1
SESS-12160;2026-08-29 18:47:34;USR-1091;2004-06-20;F;Standard;5;1120;450;App;CS2;;1
SESS-13672;2026-08-28 11:21:27;USR-1089;2003-05-03;M;Standard;4;448;360;Cash;Valorant;;1
SESS-12083;2026-08-22 18:51:00;USR-1053;2010-07-19;M;VIP;2;0;400;Card;Dota 2;;0
SESS-12401;2026-08-05 00:39:03;USR-1492;2003-02-26;M;VIP;12;0;2400;Card;CS2;4.5;0
SESS-13523;2026-08-04 16:30:26;USR-1093;2003-03-25;M;Standard;2;0;200;Card;Deadlock;;0
SESS-14626;2026-08-17 18:46:12;USR-1754;2010-04-04;M;Bootcamp;1;0;150;App;Minecraft;;0
SESS-10030;2026-08-15 22:45:36;USR-1489;2004-05-06;M;Standard;2;320;200;Card;Dota 2;4.5;0
SESS-11959;2026-08-08 07:04:12;USR-1516;2006-08-02;M;Bootcamp;1;0;150;Card;CS2;4.0;0
SESS-10286;2026-08-01 22:31:39;USR-1115;2007-01-24;M;Standard;12;960;1200;Card;Apex Legends;4.5;0
SESS-13528;2026-08-16 07:18:31;USR-1425;2008-06-18;M;Standard;5;0;500;App;Dota 2;4.5;0
SESS-13482;2026-08-19 17:13:41;USR-1772;2008-07-27;F;Standard;3;360;300;App;Valorant;;0
SESS-12753;2026-08-15 13:31:11;USR-1110;2012-12-13;F;Standard;2;0;200;Cash;CS2;;0
SESS-13792;2026-08-22 19:08:49;USR-1431;2011-08-02;M;Bootcamp;2;0;300;App;Dota 2;1.0;0
SESS-12207;2026-08-27 11:34:27;USR-1785;2001-01-02;M;Bootcamp;3;0;450;App;Valorant;;0
SESS-13210;2026-08-07 12:04:43;USR-1261;2010-08-21;F;Standard;4;0;400;App;Valorant;4.5;0
SESS-12653;2026-08-10 20:45:13;USR-1292;2007-03-13;F;VIP;1;160;200;Card;CS2;;0
SESS-13312;2026-08-02 00:22:08;USR-1757;2003-06-24;M;Bootcamp;8;0;1080;App;CS2;;1
SESS-11265;2026-08-21 21:40:32;USR-1056;1997-07-15;M;Standard;1;120;100;Card;Cyberpunk 2077;;0
SESS-13510;2026-08-01 22:00:28;USR-1388;1988-03-10;M;Standard;12;1440;1200;Card;CS2;4.0;0
SESS-10442;2026-08-07 23:31:46;USR-1153;2006-01-07;M;PS5;5;0;1250;App;Apex Legends;;0
SESS-14386;2026-08-27 20:17:02;USR-1121;2004-12-08;M;Bootcamp;2;0;300;Cash;Valorant;5.0;0
SESS-14025;2026-08-14 21:04:33;USR-1404;1997-03-09;M;PS5;3;690;750;Card;GTA V;;0
SESS-11575;2026-08-22 19:27:33;USR-1050;2002-06-22;M;Standard;1;0;100;Card;CS2;2.0;0
SESS-11229;2026-08-23 10:16:23;USR-1281;1992-09-11;M;Bootcamp;2;0;300;Card;Dota 2;4.0;0
SESS-12335;2026-08-21 23:38:19;USR-1696;2006-01-19;M;Bootcamp;2;0;300;Card;CS2;;0
SESS-14497;2026-08-28 21:24:02;USR-1519;2001-01-22;M;VIP;1;0;200;App;Dota 2;;0
SESS-12952;2026-08-05 22:48:07;USR-1018;2008-06-09;M;Bootcamp;5;0;750;Card;Dota 2;2.0;0
SESS-10802;2026-08-02 12:44:06;USR-1209;2011-09-28;M;PS5;3;0;750;App;CS2;4.5;0
SESS-14812;2026-08-14 11:43:56;USR-1413;2004-02-24;M;VIP;2;336;360;App;CS2;;1
SESS-14751;2026-08-29 16:32:32;USR-1756;2006-11-04;M;Standard;1;80;100;Card;CS2;;0
SESS-14196;2026-08-30 19:39:52;USR-1115;2007-01-24;M;Standard;4;640;400;Card;Deadlock;4.0;0
SESS-13213;2026-08-30 21:25:03;USR-1066;2002-11-13;M;Standard;4;896;360;Cash;Dota 2;;1
SESS-11671;2026-08-29 11:35:33;USR-1233;2010-11-15;M;Standard;1;56;90;App;Valorant;;1
SESS-10331;2026-08-12 00:36:52;USR-1310;2003-07-07;M;Standard;8;896;720;App;CS2;;1
SESS-11276;2026-08-19 22:56:50;USR-1628;2010-12-24;M;Standard;3;0;300;Card;Dota 2;4.0;0
SESS-12872;2026-08-13 20:11:12;USR-1155;2007-01-07;M;Standard;3;503;270;App;Valorant;4.5;1
SESS-12370;2026-08-03 20:42:25;USR-1131;2006-04-21;M;Standard;3;0;300;Card;Dota 2;;0
SESS-12229;2026-08-22 12:16:49;USR-1400;1996-03-14;M;Standard;2;360;200;Card;PUBG;4.0;0
SESS-12645;2026-08-27 16:33:01;USR-1373;2012-10-08;F;Standard;2;0;200;Cash;Valorant;;0
SESS-10167;2026-08-30 19:56:02;USR-1012;2005-04-17;M;Bootcamp;1;200;150;Card;Dota 2;;0
SESS-12913;2026-08-12 20:09:24;USR-1120;1991-02-07;M;PS5;4;1428;900;Card;Cyberpunk 2077;5.0;1
SESS-12893;2026-08-01 15:07:20;USR-1132;2001-03-23;M;Standard;3;480;300;App;CS2;5.0;0
SESS-11292;2026-08-07 18:45:06;USR-1395;2006-01-23;M;Standard;4;0;400;App;Dota 2;;0
SESS-10077;2026-08-20 18:29:39;USR-1086;1997-03-17;F;VIP;4;1218;720;App;Dota 2;4.0;1
SESS-11670;2026-08-15 00:08:55;USR-1353;2009-11-28;M;Standard;5;200;500;App;Valorant;4.5;0
SESS-13275;2026-08-02 22:18:40;USR-1205;1990-02-10;F;VIP;8;1260;1600;Card;Cyberpunk 2077;4.5;0
SESS-14862;2026-08-01 22:11:12;USR-1523;2009-04-04;M;Bootcamp;8;480;1200;App;CS2;;0
SESS-14280;2026-08-19 22:57:19;USR-1680;2007-09-20;M;PS5;8;0;2000;;Apex Legends;;0
SESS-11805;2026-08-28 01:26:24;USR-1121;2004-12-08;M;Bootcamp;8;1360;1200;Card;CS2;;0
SESS-12863;2026-08-03 12:28:36;USR-1117;2010-01-23;M;Standard;2;0;200;Cash;CS2;;0
SESS-14253;2026-08-14 01:13:52;USR-1719;1988-04-04;M;PS5;12;2460;3000;Card;Dota 2;4.0;0
SESS-13133;2026-08-13 17:09:50;USR-1190;2009-09-19;M;VIP;3;0;600;Cash;Minecraft;;0
SESS-12070;2026-08-21 14:44:05;USR-1393;2012-12-28;M;Standard;3;0;300;Cash;Dota 2;;0
SESS-15012;2026-08-10 19:39:57;USR-1355;2007-05-01;M;Standard;2;0;200;Card;PUBG;;0
SESS-11395;2026-08-20 18:01:40;USR-1000;2007-12-12;M;Standard;4;896;360;Cash;Dota 2;2.0;1
SESS-10880;2026-08-07 16:12:43;USR-1264;2007-02-06;M;Standard;1;120;100;Card;CS2;4.0;0
SESS-14222;2026-08-25 14:13:06;USR-1138;2005-08-06;M;VIP;3;510;600;Cash;CS2;4.5;0
SESS-10009;2026-08-30 19:45:56;USR-1142;2005-03-10;M;VIP;2;390;400;App;CS2;5.0;0
SESS-10126;2026-08-05 12:21:31;USR-1015;2009-09-15;M;Bootcamp;2;0;270;App;Dota 2;;1
SESS-10376;2026-08-21 16:47:01;USR-1334;2010-11-15;M;Standard;2;112;180;Cash;Dota 2;;1
SESS-11069;2026-08-13 16:16:42;USR-1051;2006-08-12;F;Bootcamp;3;390;450;Card;Cyberpunk 2077;;0
SESS-13966;2026-08-23 09:43:11;USR-1208;2010-07-15;M;Standard;12;1007;1080;App;Deadlock;;1
SESS-14099;2026-08-22 16:55:30;USR-1287;1998-01-26;M;Standard;1;250;100;Card;Cyberpunk 2077;;0
SESS-13302;2026-08-01 16:00:24;USR-1084;1999-10-26;M;Standard;3;540;300;App;Cyberpunk 2077;;0
SESS-10082;2026-08-16 16:27:53;USR-1097;2007-12-12;M;Standard;3;0;300;Card;Dota 2;;0
SESS-11658;2026-08-13 12:27:20;USR-1184;2005-03-22;M;VIP;4;560;800;App;Dota 2;4.5;0
SESS-13536;2026-08-15 13:07:13;USR-1073;2003-06-06;M;Standard;1;120;100;Card;Dota 2;;0
SESS-10127;2026-08-14 17:04:18;USR-1023;2003-06-20;M;PS5;3;0;750;Card;GTA V;;0
SESS-13818;2026-08-24 21:35:03;USR-1707;2006-04-14;M;Bootcamp;2;390;300;App;Valorant;;0
SESS-14613;2026-08-27 18:22:39;USR-1119;2012-02-02;M;PS5;3;0;750;Card;Dota 2;4.5;0
SESS-14688;2026-08-23 20:51:22;USR-1212;2012-07-04;M;Standard;5;280;450;Cash;Apex Legends;4.5;1
SESS-12102;2026-08-19 15:13:55;USR-1797;2007-03-19;M;Standard;2;240;200;App;Dota 2;4.5;0
SESS-10761;2026-08-21 23:45:06;USR-1118;2006-06-28;M;VIP;8;0;1600;Cash;Apex Legends;2.0;0
SESS-13763;2026-08-25 01:55:04;USR-1430;2011-04-04;M;Bootcamp;3;0;450;App;Minecraft;;0
SESS-10149;2026-08-08 19:23:57;USR-1552;2009-01-06;M;Standard;3;0;300;App;CS2;;0
SESS-10422;2026-08-24 09:35:18;USR-1072;2007-05-10;M;Standard;4;896;360;Card;CS2;5.0;1
SESS-11600;2026-08-16 16:23:46;USR-1147;1991-11-27;M;VIP;3;510;600;App;GTA V;4.5;0
SESS-12991;2026-08-17 13:21:02;USR-1412;2002-08-03;F;PS5;1;120;250;Cash;Dota 2;4.5;0
SESS-14310;2026-08-22 08:19:03;USR-1130;2007-08-16;M;Bootcamp;4;630;600;Cash;Valorant;;0
SESS-11037;2026-08-09 20:14:52;USR-1794;2011-09-16;M;Bootcamp;2;0;300;App;Valorant;4.0;0
SESS-10192;2026-08-18 20:11:37;USR-1257;2011-07-27;M;Standard;2;160;200;App;CS2;;0
SESS-11920;2026-08-29 01:57:16;USR-1061;2005-07-24;M;Bootcamp;8;790;1200;App;CS2;4.0;0
SESS-10764;2026-08-05 17:03:33;USR-1001;2003-05-28;M;VIP;3;616;540;Cash;CS2;5.0;1
SESS-10342;2026-08-01 17:11:33;USR-1076;2001-08-10;M;Standard;2;240;200;App;CS2;5.0;0
SESS-10649;2026-08-07 12:44:41;USR-1107;2004-12-19;M;PS5;4;0;1000;Cash;Dota 2;;0
SESS-12179;2026-08-03 18:21:48;USR-1613;2010-02-26;M;Standard;2;80;200;Cash;Valorant;;0
SESS-12915;2026-08-06 17:23:13;USR-1595;2006-09-26;F;Bootcamp;2;400;300;App;Deadlock;4.0;0
SESS-11912;2026-08-29 12:13:59;USR-1084;1999-10-26;M;Bootcamp;3;1176;405;Card;CS2;;1
SESS-14864;2026-08-08 00:20:53;USR-1193;1995-06-05;M;VIP;12;1590;2400;Card;CS2;;0
SESS-12720;2026-08-26 12:22:00;USR-1073;2003-06-06;M;PS5;2;160;500;Card;Deadlock;4.5;0
SESS-10650;2026-08-08 02:36:41;USR-1107;2004-12-19;M;VIP;3;630;600;Card;CS2;;0
SESS-10284;2026-08-10 15:26:44;USR-1461;2006-04-14;M;PS5;1;0;250;Card;CS2;;0
SESS-13053;2026-08-04 21:13:17;USR-1461;2006-04-14;M;Bootcamp;5;1050;675;App;Dota 2;4.5;1
SESS-10782;2026-08-21 19:31:24;USR-1562;2010-05-05;M;Standard;2;0;200;Cash;Valorant;4.5;0
SESS-11536;2026-08-10 14:10:17;USR-1005;1997-11-25;F;PS5;2;650;500;Card;Dota 2;;0
SESS-11326;2026-08-02 07:14:52;USR-1215;2005-02-03;M;Standard;1;0;100;Card;CS2;;0
SESS-11836;2026-08-05 12:50:50;USR-1154;2008-09-01;M;Bootcamp;12;1456;1620;Card;Dota 2;4.5;1
SESS-10115;2026-08-23 20:15:24;USR-1775;2005-09-02;F;VIP;2;400;400;Cash;Dota 2;5.0;0
SESS-13331;2026-08-22 17:46:20;USR-1315;1997-06-09;M;VIP;5;900;1000;Card;PUBG;4.5;0
SESS-11702;2026-08-16 23:33:10;USR-1698;2007-07-07;M;VIP;8;720;1600;Card;CS2;;0
SESS-12880;2026-08-10 03:32:33;USR-1095;1997-11-18;M;Bootcamp;2;510;300;Card;Dota 2;;0
SESS-13577;2026-08-19 18:59:28;USR-1111;2000-02-14;M;Bootcamp;1;550;150;App;PUBG;4.0;0
SESS-11241;2026-08-16 08:02:04;USR-1731;1999-01-16;F;Standard;2;0;200;Card;Dota 2;;0
SESS-11531;2026-08-28 19:10:52;USR-1668;2009-03-12;M;Bootcamp;1;0;150;App;Valorant;4.0;0
SESS-14923;2026-08-29 13:18:26;USR-1155;2007-01-07;M;Bootcamp;3;0;450;Card;CS2;4.5;0
SESS-11452;2026-08-01 18:07:29;USR-1152;2006-10-26;M;Standard;1;80;100;Card;CS2;;0
SESS-11157;2026-08-31 18:16:51;USR-1068;2004-06-11;M;PS5;1;80;250;Card;Apex Legends;5.0;0
SESS-10620;2026-08-03 19:54:09;USR-1587;2007-10-16;M;Bootcamp;4;784;540;App;Dota 2;4.5;1
SESS-10852;2026-08-10 01:02:24;USR-1103;2003-03-02;M;VIP;8;0;1600;Card;CS2;;0
SESS-13969;2026-08-15 13:10:46;USR-1074;2005-10-07;M;Standard;2;240;200;Cash;CS2;4.0;0
SESS-14916;2026-08-26 13:02:09;USR-1318;2011-06-11;M;PS5;2;0;500;Card;CS2;;0
SESS-12138;2026-08-04 19:49:03;USR-1021;2008-06-07;M;Standard;5;600;500;App;CS2;5.0;0
SESS-14495;2026-08-04 00:52:12;USR-1251;2005-03-05;M;Standard;8;960;800;Card;Apex Legends;4.0;0
SESS-13604;2026-08-05 15:38:50;USR-1762;1990-07-13;M;VIP;3;0;600;Card;CS2;;0
SESS-10879;2026-08-14 19:54:32;USR-1583;2006-10-15;F;Standard;4;0;400;Card;Deadlock;;0
SESS-12463;2026-08-26 12:26:00;USR-1145;2008-09-12;F;Standard;3;336;270;Card;Valorant;;1
SESS-14490;2026-08-06 22:34:16;USR-1108;1991-01-03;M;PS5;2;390;500;Card;Browser/Work;;0
SESS-14786;2026-08-29 11:51:27;USR-1053;2010-07-19;M;Standard;2;80;200;Card;Minecraft;;0
SESS-11881;2026-08-12 17:01:14;USR-1478;1991-11-11;M;PS5;1;420;250;Card;CS2;;0
SESS-14178;2026-08-19 16:21:45;USR-1659;2002-10-23;F;Bootcamp;3;390;450;Card;Dota 2;3.0;0
SESS-12340;2026-08-27 17:20:34;USR-1056;1997-07-15;M;VIP;5;1400;1000;Card;CS2;;0
SESS-10659;2026-08-22 11:58:58;USR-1098;2004-04-09;F; Bootcamp ;3;510;450;App;Deadlock;;0
SESS-11165;2026-08-04 15:46:06;USR-1018;2008-06-09;M;Standard;3;336;270;Card;Valorant;5.0;1
SESS-10757;2026-08-09 23:14:26;USR-1057;2011-11-08;M;Standard;3;0;300;Cash;Dota 2;5.0;0
SESS-11352;2026-08-19 17:38:14;USR-1078;1987-05-15;M;Bootcamp;2;540;300;Card;PUBG;;0
SESS-13400;2026-08-14 17:23:17;USR-1321;2012-12-17;M;Standard;1;0;100;App;CS2;;0
SESS-10366;2026-08-27 00:52:14;USR-1724;2006-08-04;M;Standard;5;600;500;Card;Deadlock;3.0;0
SESS-15095;2026-08-06 17:53:54;USR-1077;2006-09-21;M;Bootcamp;2;0;300;App;Dota 2;;0
SESS-10862;2026-08-25 19:13:37;USR-1240;2011-08-28;F;Bootcamp;2;0;300;Cash;Minecraft;;0
SESS-14641;2026-08-07 00:53:26;USR-1135;2004-06-20;F;Bootcamp;8;0;1200;Card;CS2;5.0;0
SESS-11886;2026-08-28 13:07:49;USR-1383;2008-04-01;M;Bootcamp;2;320;300;Card;Deadlock;;0
SESS-13196;2026-08-15 20:25:31;USR-1771;2010-03-17;M;Standard;1;0;100;App;Minecraft;;0
SESS-10370;2026-08-17 10:58:04;USR-1138;2005-08-06;M;Standard;2;0;200;App;CS2;;0
SESS-12400;2026-08-14 16:26:32;USR-1139;2012-01-04;m;Bootcamp;2;0;300;Cash;Valorant;;0
SESS-11512;2026-08-25 23:48:21;USR-1158;2010-11-08;Мужской;Bootcamp;5;0;750;Card;Minecraft;4.0;0
SESS-10860;2026-08-23 22:14:45;USR-1112;2007-11-17;M;Bootcamp;8;1360;1200;Card;Deadlock;;0
SESS-11407;2026-08-08 23:27:20;USR-1000;2007-12-12;M;VIP;8;0;1600;Card;Deadlock;4.0;0
SESS-11711;2026-08-13 19:32:01;USR-1404;1997-03-09;M;VIP;5;1200;1000;App;Cyberpunk 2077;4.5;0
SESS-10023;2026-08-14 18:14:01;USR-1115;2007-01-24;M;Standard;2;0;200;Card;CS2;;0
SESS-13662;2026-08-25 18:41:40;USR-1020;2006-04-26;M;Standard;1;80;100;Card;Dota 2;;0
SESS-10387;2026-08-03 23:01:28;USR-1063;2005-06-25;M;Standard;5;800;500;Card;CS2;4.5;0
SESS-10014;2026-08-15 19:07:53;USR-1052;2006-06-27;M;Standard;3;0;300;App;Dota 2;;0
SESS-10504;2026-08-08 02:42:58;USR-1119;2012-02-02;M;Standard;2;80;200;Cash;CS2;4.5;0
SESS-11636;2026-08-28 23:14:12;USR-1684;2004-10-02;F;Standard;12;0;1200;App;Valorant;5.0;0
SESS-10429;2026-08-09 19:32:31;USR-1099;1996-05-13;M;Standard;2;500;200;App;Dota 2;;0
SESS-10845;2026-08-09 15:22:54;USR-1086;1997-03-17;F;VIP;5;1470;900;Card;Browser/Work;4.5;1
SESS-10974;2026-08-23 18:58:17;USR-1436;2008-05-26;M;PS5;3;0;750;Card;CS2;5.0;0
SESS-12949;2026-08-20 10:40:24;USR-1006;2008-10-28;M;Bootcamp;1;0;150;Card;CS2;;0
SESS-11119;2026-08-13 11:32:35;USR-1313;2005-07-12;M;VIP;4;0;800;Card;CS2;;0
SESS-11027;2026-08-28 21:22:20;USR-1250;2012-09-25;M;Bootcamp;1;80;150;App;Valorant;;0
SESS-13434;2026-08-07 02:39:37;USR-1159;2011-04-10;M;Standard;2;0;200;App;Minecraft;;0
SESS-14930;2026-08-02 12:53:14;USR-1081;2006-01-23;M;Bootcamp;3;448;405;App;CS2;4.5;1
SESS-15144;2026-08-30 20:57:13;USR-1283;2007-07-01;M;Standard;4;0;400;App;Valorant;;0
SESS-10081;2026-08-28 02:27:52;USR-1572;2004-08-24;M;PS5;2;320;500;Card;Valorant;;0
SESS-11363;2026-08-10 17:33:58;USR-1011;2011-12-15;M;Standard;1;80;100;Cash;Dota 2;;0
SESS-11102;2026-08-05 11:45:54;USR-1007;2009-09-04;M;VIP;1;40;200;Cash;CS2;;0
SESS-11713;2026-08-06 21:20:57;USR-1297;2011-12-19;M;Standard;2;80;200;App;Minecraft;;0
SESS-14529;2026-08-20 11:11:22;USR-1155;2007-01-07;M;PS5;3;240;750;Card;Valorant;4.5;0
SESS-13433;2026-08-27 12:10:08;USR-1081;2006-01-23;M;Bootcamp;3;0;450;Card;CS2;;0
SESS-10319;2026-08-30 23:35:35;USR-1086;1997-03-17;F;PS5;8;2300;2000;Card;Valorant;;0
SESS-12099;2026-08-19 17:45:51;USR-1125;2012-03-20;M;Standard;3;120;300;Cash;Minecraft;;0
SESS-14297;2026-08-12 12:21:47;USR-1716;2003-04-06;M;Standard;2;240;200;App;Dota 2;;0
SESS-12258;2026-08-11 23:08:24;USR-1178;2006-09-19;M;Standard;5;0;500;Card;Dota 2;5.0;0
SESS-11068;2026-08-08 16:51:20;USR-1718;2005-08-19;F;Standard;4;672;360;Card;Dota 2;;1
SESS-10735;2026-08-05 00:05:05;USR-1540;2006-02-11;M;VIP;5;680;1000;Card;CS2;5.0;0
SESS-11787;2026-08-30 16:13:57;USR-1047;2007-02-05;M;Standard;4;672;360;Card;PUBG;4.5;1
SESS-12329;2026-08-14 21:06:25;USR-1125;2012-03-20;M;Bootcamp;2;120;300;App;Minecraft;;0
SESS-10282;2026-08-17 17:56:36;USR-1098;2004-04-09;F;Standard;12;0;1080;Card;GTA V;;1
SESS-10996;2026-08-22 19:42:39;USR-1064;1999-11-15;M;Standard;2;0;180;Card;CS2;4.5;1
SESS-13951;2026-08-23 10:50:39;USR-1312;1998-07-18;M;VIP;1;420;200;Card;Cyberpunk 2077;;0
SESS-15083;2026-08-29 09:10:56;USR-1129;2010-06-11;M;Bootcamp;4;0;600;App;Valorant;;0
SESS-13948;2026-08-16 18:04:41;USR-1507;2006-07-11;M;Standard;3;480;300;Card;Valorant;;0
SESS-12240;2026-08-19 19:04:40;USR-1409;2012-01-27;M;Standard;1;0;100;Card;Deadlock;;0
SESS-10415;2026-08-15 11:43:22;USR-1139;2012-01-04;M;Standard;3;0;300;App;Minecraft;;0
SESS-13701;2026-08-01 17:39:41;USR-1079;2007-12-07;M;Standard;2;0;200;Card;Dota 2;;0
SESS-13474;2026-08-21 20:22:18;USR-1776;1988-09-16;F;VIP;4;1092;720;App;PUBG;4.0;1
SESS-10226;2026-08-27 14:00:09;USR-1642;2012-07-17;M;Standard;3;240;300;App;CS2;5.0;0
SESS-11746;2026-08-15 17:32:52;USR-1680;2007-09-20;M;Standard;4;448;360;App;Apex Legends;4.5;1
SESS-13173;2026-08-20 18:47:21;USR-1050;2002-06-22;M;Bootcamp;4;658;540;App;Valorant;4.0;1
SESS-12667;2026-08-06 09:00:15;USR-1473;2000-06-17;F;VIP;2;390;400;Card;Cyberpunk 2077;;0
SESS-12320;2026-08-02 09:37:04;USR-1012;2005-04-17;M;VIP;2;0;360;App;Deadlock;4.5;1
SESS-13584;2026-08-29 21:10:54;USR-1727;2010-11-16;M;Standard;2;120;200;App;CS2;;0
SESS-13878;2026-08-15 00:45:13;USR-1320;2009-04-26;M;Bootcamp;5;0;675;Cash;Dota 2;;1
SESS-10209;2026-08-08 23:29:53;USR-1602;2004-01-08;M;PS5;8;1344;1800;App;Dota 2;5.0;1
SESS-10950;2026-08-14 15:02:17;USR-1300;1992-04-22;M;VIP;3;0;600;Card;GTA V;4.5;0
SESS-13602;2026-08-29 04:34:30;USR-1139;2012-01-04;M;Standard;3;0;300;App;CS2;5.0;0
SESS-11833;2026-08-12 14:17:45;USR-1036;2007-07-18;M;Standard;2;0;200;Card;Dota 2;;0
SESS-10080;2026-08-26 16:05:58;USR-1781;2001-02-18;M;Standard;2;160;200;App;Valorant;;0
SESS-11786;2026-08-06 11:44:39;USR-1091;2004-06-20;F;VIP;2;320;400;Card;Dota 2;;0
SESS-15036;2026-08-21 20:49:09;USR-1073;2003-06-06;M;Standard;2;320;200;Card;Dota 2;;0
SESS-10257;2026-08-15 16:09:18;USR-1112;2007-11-17;M;VIP;2;336;360;Card;CS2;3.0;1
SESS-13358;2026-08-17 12:35:11;USR-1038;2005-04-06;F;VIP;4;1007;720;App;Dota 2;2.0;1
SESS-10884;2026-08-22 19:27:30;USR-1034;2006-01-02;M;Standard;3;672;270;Card;Apex Legends;;1
SESS-15077;2026-08-15 21:02:05;USR-1009;2008-11-23;M;VIP;3;616;540;Card;CS2;;1
SESS-13704;2026-08-27 13:02:13;USR-1027;2010-09-10;M;Standard;3;0;270;App;Minecraft;2.0;1
SESS-10722;2026-08-16 17:51:23;USR-1071;2004-05-19;F;VIP;5;550;1000;Card;Deadlock;3.0;0
SESS-13493;2026-08-16 08:17:43;USR-1358;2010-04-10;M;Standard;1;60;100;Card;Valorant;4.5;0
SESS-11940;2026-08-15 20:38:40;USR-1110;2012-12-13;F;Standard;1;60;100;Cash;Valorant;;0
SESS-10864;2026-08-07 22:18:23;USR-1216;2011-10-25;M;Bootcamp;5;200;750;Cash;Dota 2;4.0;0
SESS-11857;2026-08-16 12:39:03;USR-1059;2012-05-14;M;Standard;1;60;100;App;CS2;;0
SESS-12537;2026-08-23 21:50:00;USR-1580;2008-07-14;M;Standard;2;320;200;App;Dota 2;;0
SESS-10109;2026-08-14 16:19:15;USR-1441;2011-10-17;M;Bootcamp;4;0;540;App;GTA V;;1
SESS-14419;2026-08-22 14:17:25;USR-1083;1998-11-16;M;Standard;2;0;200;Card;Dota 2;;0
SESS-12374;2026-08-15 12:58:04;USR-1095;1997-11-18;M;VIP;3;510;600;Card;GTA V;5.0;0
SESS-13040;2026-08-03 16:18:42;USR-1267;1998-09-06;F;Standard;4;0;360;Card;Cyberpunk 2077;4.0;1
SESS-11898;2026-08-22 12:22:49;USR-1211;2012-01-03;M;Standard;12;0;1080;Cash;CS2;;1
SESS-12976;2026-08-22 15:58:13;USR-1061;2005-07-24;M;Standard;1;0;100;App;Dota 2;;0
SESS-14871;2026-08-23 12:30:10;USR-1155;2007-01-07;M;Standard;2;320;200;Cash;CS2;4.5;0
SESS-14052;2026-08-22 22:27:59;USR-1097;2007-12-12;M;Standard;8;640;800;Card;Valorant;4.5;0
SESS-12142;2026-08-04 18:16:55;USR-1389;2007-02-07;M;Standard;4;480;400;Card;Valorant;;0
SESS-14361;2026-08-03 19:51:22;USR-1085;2004-10-02;M;Standard;1;0;100;Card;Dota 2;;0
SESS-14311;2026-08-30 10:53:59;USR-1053;2010-07-19;M;Standard;2;120;200;Card;Dota 2;;0
SESS-14721;2026-08-17 21:13:16;USR-1627;2000-03-26;M;PS5;2;510;500;Card;Dota 2;4.0;0
SESS-15139;2026-08-23 01:55:43;USR-1264;2007-02-06;M;Standard;3;0;300;App;CS2;;0
SESS-11698;2026-08-28 10:36:41;USR-1002;2004-11-16;F;PS5;3;0;750;Card;CS2;;0
SESS-14167;2026-08-08 14:04:06;USR-1153;2006-01-07;M;Bootcamp;8;0;1200;App;Apex Legends;4.5;0
SESS-13612;2026-08-24 13:38:25;USR-1053;2010-07-19;M;Standard;3;0;300;Cash;Minecraft;5.0;0
SESS-11946;2026-08-22 15:15:24;USR-1136;2005-05-16;M;Standard;4;672;360;App;Dota 2;;1
SESS-14096;2026-08-17 20:26:51;USR-1134;2005-02-21;M;VIP;2;0;400;Card;GTA V;;0
SESS-11693;2026-08-01 13:18:55;USR-1719;1988-04-04;M;Standard;3;360;300;Card;CS2;;0
SESS-11618;2026-08-12 19:34:08;USR-1123;2005-11-01;M;VIP;12;1520;2400;App;Valorant;4.0;0
SESS-12559;2026-08-21 17:25:19;USR-1119;2012-02-02;M;Standard;3;180;300;App;Dota 2;4.5;0
SESS-12790;2026-08-19 23:00:43;USR-1665;1999-04-02;M;Bootcamp;8;1260;1200;App;CS2;5.0;0
SESS-13657;2026-08-14 11:28:40;USR-1638;2007-07-13;M;Bootcamp;4;0;540;Card;Valorant;;1
SESS-13703;2026-08-17 14:44:31;USR-1022;2004-01-17;M;Standard;5;560;450;Card;Dota 2;4.0;1
SESS-14289;2026-08-28 09:00:40;USR-1017;2011-10-14;M;PS5;1;80;250;Cash;CS2;5.0;0
SESS-14287;2026-08-13 20:16:22;USR-1432;2003-09-08;M;VIP;1;160;200;Card;Dota 2;;0
SESS-14960;2026-08-17 11:01:19;USR-1337;2009-02-20;F;VIP;3;0;600;Cash;Minecraft;;0
SESS-14893;2026-08-01 02:02:16;USR-1150;2012-10-22;F;Bootcamp;2;0;300;Cash;Valorant;;0
SESS-10729;2026-08-15 22:01:27;USR-1441;2011-10-17;M;Standard;12;672;1080;App;Minecraft;;1
SESS-14467;2026-08-09 16:03:14;USR-1053;2010-07-19;M;Standard;3;168;270;App;CS2;;1
SESS-13070;2026-08-16 11:10:03;USR-1462;2001-05-13;F;Standard;4;672;360;Card;CS2;4.5;1
SESS-14710;2026-08-10 16:06:16;USR-1429;2011-06-24;F;Standard;2;80;200;App;Valorant;;0
SESS-11537;2026-08-02 15:46:28;USR-1736;2009-01-03;M;PS5;4;0;1000;App;Valorant;;0
SESS-12059;2026-08-05 18:55:20;USR-1019;2004-08-06;M;Standard;4;320;400;App;Dota 2;4.0;0
SESS-13362;2026-08-21 17:48:31;USR-1621;1996-05-04;M;Standard;1;0;100;Card;Dota 2;4.5;0
SESS-12256;2026-08-24 16:13:02;USR-1022;2004-01-17;M;Bootcamp;2;400;300;Cash;Dota 2;;0
SESS-13071;2026-08-16 20:48:59;USR-1249;1999-09-16;F;Standard;1;120;100;Card;Dota 2;;0
SESS-10426;2026-08-21 23:00:14;USR-1140;2005-12-21;M;Standard;8;0;800;App;Dota 2;;0
SESS-14876;2026-08-16 16:25:10;USR-1051;2006-08-12;F;Standard;4;0;400;App;Deadlock;;0
SESS-13413;2026-08-21 20:39:27;USR-1145;2008-09-12;F;Bootcamp;4;0;600;Cash;Dota 2;3.0;0
SESS-14294;2026-08-06 20:39:55;USR-1562;2010-05-05;M;PS5;1;0;250;Cash;Deadlock;4.0;0
SESS-14448;2026-08-26 19:36:15;USR-1784;2007-03-26;M;Standard;1;0;100;Card;Valorant;;0
SESS-12717;2026-08-29 20:48:31;USR-1291;2011-05-27;M;Standard;1;0;100;App;Valorant;4.0;0
SESS-10363;2026-08-28 17:32:16;USR-1192;2012-07-02;M;Standard;2;0;200;App;Dota 2;;0
SESS-10367;2026-08-01 17:04:45;USR-1314;2008-01-15;F;Standard;4;0;400;Card;Dota 2;;0
SESS-12937;2026-08-29 23:13:06;USR-1267;1998-09-06;F;VIP;5;750;1000;App;PUBG;4.5;0
SESS-14124;2026-08-28 13:58:04;USR-1592;2000-11-26;M;PS5;2;0;500;Card;CS2;;0
SESS-15116;2026-08-07 03:11:48;USR-1448;2008-04-04;M;Bootcamp;2;400;300;Card;Dota 2;4.0;0
SESS-12360;2026-08-08 15:40:58;USR-1168;2005-07-16;F;PS5;2;240;500;Card;Valorant;;0
SESS-12896;2026-08-09 17:40:35;USR-1109;2003-06-27;M;VIP;2;400;400;App;Valorant;4.0;0
SESS-11300;2026-08-02 16:36:05;USR-1037;2008-05-17;F;Standard;2;0;200;Card;CS2;;0
SESS-12884;2026-08-15 23:10:57;USR-1144;2009-09-12;M;Bootcamp;3;0;450;Cash;Minecraft;;0
SESS-11932;2026-08-04 15:20:00;USR-1156;2010-02-04;M;Standard;2;0;200;Card;GTA V;;0
SESS-12376;2026-08-08 16:42:33;USR-1118;2006-06-28;M;Standard;2;0;200;Card;GTA V;1.0;0
SESS-11663;2026-08-08 15:01:42;USR-1518;2001-04-01;M;Standard;2;0;200;Card;CS2;;0
SESS-14551;2026-08-08 15:33:20;USR-1251;2005-03-05;M;VIP;5;0;1000;App;CS2;;0
SESS-12206;2026-08-20 19:29:56;USR-1649;2001-07-08;M;Standard;2;160;200;Cash;CS2;5.0;0
SESS-11998;2026-08-27 14:14:10;USR-1111;2000-02-14;M;VIP;3;0;600;Card;Valorant;;0
SESS-11751;2026-08-21 17:10:11;USR-1380;2004-09-24;M;PS5;3;672;675;Card;CS2;5.0;1
SESS-14583;2026-08-16 15:41:02;USR-1704;2004-02-28;F;Bootcamp;2;0;300;App;CS2;;0
SESS-13593;2026-08-29 06:01:50;USR-1533;2004-07-09;M;Bootcamp;2;0;300;App;Dota 2;3.0;0
SESS-11270;2026-08-13 20:48:45;USR-1161;2004-11-12;M;VIP;1;230;200;Card;CS2;;0
SESS-12013;2026-08-01 08:11:21;USR-1497;2006-07-10;F;Standard;4;640;400;Card;Dota 2;5.0;0
SESS-12739;2026-08-03 21:16:21;USR-1076;2001-08-10;M;VIP;2;400;400;Card;Apex Legends;5.0;0
SESS-14838;2026-08-04 14:17:22;USR-1138;2005-08-06;M;PS5;2;160;500;App;Minecraft;;0
SESS-13775;2026-08-27 23:51:30;USR-1424;2004-11-14;M;VIP;8;1007;1440;Card;Valorant;4.0;1
SESS-10869;2026-08-26 16:02:30;USR-1038;2005-04-06;F;Bootcamp;1;0;150;Card;CS2;5.0;0
SESS-14685;2026-08-14 13:25:46;USR-1278;2005-02-12;M;Bootcamp;2;470;300;Card;Deadlock;;0
SESS-10854;2026-08-16 14:47:25;USR-1320;2009-04-26;M;VIP;3;0;600;Cash;CS2;;0
SESS-13170;2026-08-21 10:08:09;USR-1097;2007-12-12;M;PS5;2;0;500;Card;Dota 2;;0
SESS-12446;2026-08-16 14:36:20;USR-1124;2008-09-24;M;Standard;1;160;100;Card;Dota 2;;0
SESS-12504;2026-08-20 15:29:14;USR-1702;2008-11-05;M;VIP;1;310;200;Cash;CS2;;0
SESS-15042;2026-08-05 15:00:42;USR-1058;2011-10-04;M;VIP;3;0;600;Cash;Dota 2;;0
SESS-14372;2026-08-13 22:10:49;USR-1015;2009-09-15;M;Standard;2;0;200;Cash;PUBG;4.0;0
SESS-11623;2026-08-27 20:43:28;USR-1061;2005-07-24;M;Standard;1;0;100;Card;PUBG;;0
SESS-13262;2026-08-12 21:06:57;USR-1604;2006-02-07;F;Bootcamp;2;390;300;Card;CS2;;0
SESS-14900;2026-08-19 14:37:14;USR-1195;2007-04-06;M;PS5;1;160;250;App;CS2;;0
SESS-11287;2026-08-16 21:10:03;USR-1342;2012-05-19;M;Standard;2;0;200;;CS2;5.0;0
SESS-14312;2026-08-08 20:13:48;USR-1460;2004-12-14;M;VIP;1;160;200;Cash;Valorant;;0
SESS-13574;2026-08-10 09:27:44;USR-1031;2008-04-25;M;Standard;2;0;200;Card;CS2;5.0;0
SESS-11186;2026-08-23 19:52:37;USR-1094;1996-06-19;M;Bootcamp;3;1176;405;App;GTA V;5.0;1
SESS-10068;2026-08-16 00:24:10;USR-1186;1987-02-16;M;VIP;12;1740;2400;Card;Valorant;4.0;0
SESS-11969;2026-08-11 11:14:52;USR-1014;2008-03-15;M;VIP;2;470;400;App;Apex Legends;5.0;0
SESS-10207;2026-08-07 11:39:21;USR-1280;2009-11-26;M;Standard;3;168;270;Card;CS2;;1
SESS-10997;2026-08-15 09:33:51;USR-1690;2012-07-12;M;Bootcamp;3;120;450;App;Dota 2;;0
SESS-10882;2026-08-02 11:24:57;USR-1091;2004-06-20;F;Standard;1;160;100;Card;Dota 2;;0
SESS-12660;2026-08-04 20:35:07;USR-1137;2005-12-19;M;Standard;3;0;300;Card;Apex Legends;;0
SESS-10202;2026-08-16 15:21:03;USR-1078;1987-05-15;M;Standard;1;0;100;App;Dota 2;;0
SESS-12977;2026-08-10 13:14:03;USR-1514;2009-08-08;M;Bootcamp;4;0;600;Card;Dota 2;;0
SESS-13435;2026-08-17 20:23:34;USR-1065;1997-11-13;M;VIP;1;0;200;Card;PUBG;;0
SESS-13616;2026-08-24 18:07:49;USR-1107;2004-12-19;M;Standard;3;0;300;Card;Valorant;;0
SESS-11771;2026-08-23 17:59:58;USR-1472;2004-10-08;M;Bootcamp;2;240;300;Card;Dota 2;;0
SESS-11308;2026-08-28 08:24:26;USR-1041;2010-09-17;M;PS5;3;0;750;App;Dota 2;5.0;0
SESS-12771;2026-08-15 13:54:33;USR-1087;2005-04-04;M;Standard;2;240;200;Card;CS2;;0
SESS-10410;2026-08-12 00:09:59;USR-1508;2005-09-26;F;Bootcamp;8;0;1200;Card;Valorant;;0
SESS-11201;2026-08-01 17:22:35;USR-1616;2009-04-21;M;Standard;3;0;300;App;Dota 2;;0
SESS-14945;2026-08-15 19:16:08;USR-1333;2010-05-03;M;Bootcamp;3;168;405;App;CS2;5.0;1
SESS-13629;2026-08-19 20:49:11;USR-1240;2011-08-28;F;Standard;1;0;100;App;Minecraft;4.5;0
SESS-14787;2026-08-29 03:23:03;USR-1004;2011-09-09;M;Standard;1;0;100;App;CS2;2.0;0
SESS-11620;2026-08-18 19:06:22;USR-1140;2005-12-21;M;VIP;2;0;400;Card;Dota 2;;0
SESS-13110;2026-08-16 16:18:10;USR-1610;2010-02-21;M;Standard;3;120;300;App;Valorant;4.0;0
SESS-11610;2026-08-29 17:02:04;USR-1016;1989-08-17;F;Bootcamp;3;0;450;Card;Dota 2;4.5;0
SESS-12089;2026-08-15 15:32:49;USR-1693;2000-02-10;M;PS5;2;0;500;Card;PUBG;5.0;0
SESS-15106;2026-08-09 19:16:36;USR-1195;2007-04-06;M;Standard;3;503;270;;Dota 2;4.5;1
SESS-12902;2026-08-13 17:46:35;USR-1184;2005-03-22;M;Standard;4;0;400;App;CS2;;0
SESS-13186;2026-08-29 11:08:25;USR-1184;2005-03-22;M;Bootcamp;5;951;675;Card;CS2;5.0;1
SESS-11582;2026-08-08 01:01:04;USR-1063;2005-06-25;M;Bootcamp;8;1430;1200;Card;Dota 2;2.0;0
SESS-11677;2026-08-22 12:13:04;USR-1690;2012-07-12;M;Standard;1;0;100;App;Minecraft;3.0;0
SESS-11622;2026-08-22 01:24:06;USR-1007;2009-09-04;M;Standard;8;0;720;Card;Valorant;;1
SESS-14313;2026-08-21 18:53:49;USR-1442;2006-07-09;M;VIP;3;0;600;App;Dota 2;4.5;0
SESS-14596;2026-08-25 11:26:12;USR-1117;2010-01-23;M;Bootcamp;2;0;300;Cash;Valorant;;0
SESS-10299;2026-08-21 16:28:24;USR-1129;2010-06-11;M;Standard;2;160;200;Cash;Minecraft;;0
SESS-10572;2026-08-06 13:27:08;USR-1510;2004-10-04;M;Bootcamp;3;510;450;Card;CS2;2.0;0
SESS-11110;2026-08-19 15:23:01;USR-1581;2004-05-05;M;Standard;3;0;300;Card;CS2;;0
SESS-11418;2026-08-20 17:48:02;USR-1402;2012-05-22;F;VIP;4;160;800;App;CS2;;0
SESS-13651;2026-08-21 22:37:02;USR-1051;2006-08-12;F;Standard;12;0;1200;Card;Valorant;3.0;0
SESS-11331;2026-08-31 15:15:00;USR-1018;2008-06-09;M;Bootcamp;2;320;300;Card;Valorant;2.0;0
SESS-13647;2026-08-05 17:38:46;USR-1064;1999-11-15;M;Standard;3;1050;270;Card;PUBG;;1
SESS-11540;2026-08-25 16:34:25;USR-1158;2010-11-08;M;VIP;4;0;800;App;Valorant;;0
SESS-14172;2026-08-30 16:22:44;USR-1519;2001-01-22;M;VIP;1;270;200;Card;Deadlock;;0
SESS-12511;2026-08-16 17:57:29;USR-1272;2003-06-28;M;Standard;8;0;800;App;CS2;4.0;0
SESS-11054;2026-08-23 17:25:05;USR-1092;1992-04-25;M;PS5;3;1176;675;Cash;PUBG;;1
SESS-10160;2026-08-13 22:43:36;USR-1052;2006-06-27;M;Standard;8;0;800;Cash;PUBG;4.5;0
SESS-10597;2026-08-01 16:26:09;USR-1029;2011-12-05;M;Bootcamp;5;420;675;Card;Dota 2;4.5;1
SESS-11243;2026-08-30 14:14:59;USR-1155;2007-01-07;M;PS5;3;360;750;App;CS2;;0
SESS-14811;2026-08-15 15:49:08;USR-1355;2007-05-01;M;PS5;1;224;225;App;CS2;4.5;1
SESS-10846;2026-08-28 07:28:51;USR-1663;2001-03-14;M;VIP;1;200;200;Card;Valorant;;0
SESS-10232;2026-08-29 20:43:26;USR-1457;2012-11-03;M;Standard;1;0;100;Cash;CS2;4.5;0
SESS-11135;2026-08-12 13:01:44;USR-1492;2003-02-26;M;Standard;2;160;200;Card;CS2;;0
SESS-14239;2026-08-09 15:39:35;USR-1117;2010-01-23;M;Standard;4;0;360;Cash;Minecraft;;1
SESS-13239;2026-08-29 23:51:59;USR-1229;2009-06-12;M;Standard;8;320;800;Cash;CS2;4.0;0
SESS-11335;2026-08-09 17:51:26;USR-1256;2006-12-14;M;PS5;2;240;500;App;Dota 2;;0
SESS-11585;2026-08-31 00:19:36;USR-1229;2009-06-12;M;Standard;8;0;800;Card;CS2;3.0;0
SESS-11203;2026-08-28 22:37:57;USR-1618;2005-10-03;M;Bootcamp;3;440;450;App;CS2;;0
SESS-11590;2026-08-29 17:27:58;USR-1025;2005-11-06;M;Standard;2;0;200;Card;Dota 2;3.0;0
SESS-13057;2026-08-02 16:19:45;USR-1401;2008-06-20;M;VIP;2;0;400;App;CS2;;0
SESS-14644;2026-08-08 23:31:42;USR-1772;2008-07-27;F;Bootcamp;12;1040;1800;Card;CS2;;0
SESS-10403;2026-08-23 19:39:27;USR-1432;2003-09-08; M ;VIP;3;0;600;App;CS2;;0
SESS-10037;2026-08-04 15:31:48;USR-1722;2005-06-04;M;Standard;3;480;300;Card;Valorant;3.0;0
SESS-11155;2026-08-27 21:38:43;USR-1217;2008-11-10;M;PS5;3;360;750;Card;Valorant;;0
SESS-10031;2026-08-01 12:30:56;USR-1120;1991-02-07;M;PS5;2;390;500;App;GTA V;4.5;0
SESS-10446;2026-08-10 20:18:45;USR-1078;1987-05-15;M;VIP;5;900;1000;Card;Dota 2;4.5;0
SESS-12033;2026-08-09 09:56:25;USR-1077;2006-09-21;M;Standard;4;480;400;Card;GTA V;;0
SESS-13363;2026-08-26 17:54:07;USR-1114;2010-02-05;M;Standard;2;0;200;Cash;Dota 2;;0
SESS-12296;2026-08-12 18:13:29;USR-1066;2002-11-13;M;Standard;2;320;200;Cash;Deadlock;5.0;0
SESS-13726;2026-08-28 15:26:57;USR-1243;2005-12-12;M;Bootcamp;3;0;450;Card;Dota 2;;0
SESS-12960;2026-08-19 15:28:49;USR-1447;2005-05-28;M;Bootcamp;2;320;300;App;CS2;4.5;0
SESS-13041;2026-08-23 17:14:26;USR-1619;1989-11-18;F;VIP;3;1050;600;Card;Dota 2;4.0;0
SESS-14741;2026-08-14 20:24:54;USR-1291;2011-05-27;M;Standard;3;0;300;App;CS2;4.5;0
SESS-11303;2026-08-16 22:16:42;USR-1015;2009-09-15;M;Standard;3;0;300;Cash;CS2;;0
SESS-12306;2026-08-26 17:18:58;USR-1742;2009-03-02;M;Standard;3;0;300;Card;CS2;;0
SESS-13803;2026-08-08 13:30:36;USR-1052;2006-06-27;M;Standard;1;0;100;Card;CS2;;0
SESS-10154;2026-08-28 14:27:54;USR-1383;2008-04-01;M;Bootcamp;5;0;750;Card;Dota 2;;0
SESS-13576;2026-08-08 11:36:37;USR-1561;2002-04-19;M;Standard;2;240;200;Card;Valorant;;0
SESS-12047;2026-08-13 00:05:36;USR-1130;2007-08-16;M;Bootcamp;12;0;1800;Card;Dota 2;4.0;0
SESS-11187;2026-08-10 11:22:01;USR-1062;1990-06-18;F;PS5;4;0;900;Card;Deadlock;;1
SESS-11251;2026-08-09 15:44:04;USR-1461;2006-04-14;M;Bootcamp;2;400;300;Card;PUBG;;0
SESS-13296;2026-08-28 01:35:04;USR-1117;2010-01-23;M;Bootcamp;2;0;300;Cash;Apex Legends;;0
SESS-13233;2026-08-28 07:14:51;USR-1297;2011-12-19;M;Standard;12;0;1200;App;Minecraft;;0
SESS-13773;2026-08-12 14:09:18;USR-1580;2008-07-14;M;Standard;5;0;500;Card;CS2;;0
SESS-11882;2026-08-15 15:22:10;USR-1474;2003-03-19;M;Standard;2;0;200;Card;Dota 2;;0
SESS-13122;2026-08-15 19:29:42;USR-1063;2005-06-25;M;Standard;1;0;100;App;CS2;;0
SESS-11996;2026-08-10 19:44:11;USR-1159;2011-04-10;M;Standard;2;120;200;Cash;Minecraft;;0
SESS-10460;2026-08-08 11:39:29;USR-1623;1995-07-16;M;Standard;1;168;90;Card;CS2;4.5;1
SESS-11593;2026-08-19 15:03:00;USR-1096;2004-01-06;M;Bootcamp;4;784;540;App;Dota 2;;1
SESS-14123;2026-08-09 16:48:30;USR-1019;2004-08-06;M;VIP;3;510;600;App;CS2;;0
SESS-12973;2026-08-06 16:20:23;USR-1094;1996-06-19;M;Standard;3;0;300;Card;CS2;4.0;0
SESS-10176;2026-08-29 17:35:12;USR-1254;2008-06-05;F;VIP;2;0;400;Card;CS2;5.0;0
SESS-12242;2026-08-05 18:56:29;USR-1518;2001-04-01;M;Bootcamp;1;0;150;App;Valorant;;0
SESS-13929;2026-08-29 11:26:16;USR-1018;2008-06-09;M;Standard;5;1120;450;Card;CS2;;1
SESS-13160;2026-08-30 20:44:43;USR-1343;2011-05-08;F;PS5;2;160;500;App;Valorant;;0
SESS-14909;2026-08-25 12:41:12;USR-1167;2006-11-10;M;Standard;4;640;400;App;Deadlock;4.5;0
SESS-11560;2026-08-08 12:16:12;USR-1500;2006-05-26;M;Standard;4;448;360;Card;CS2;;1
SESS-11851;2026-08-13 18:51:40;USR-1784;2007-03-26;M;Standard;2;0;200;Card;Valorant;4.0;0
SESS-13950;2026-08-01 12:54:53;USR-1306;2005-02-02;M;Bootcamp;2;0;300;App;CS2;5.0;0
SESS-13230;2026-08-10 00:39:35;USR-1197;2004-03-03;M;Standard;5;800;500;App;Dota 2;4.5;0
SESS-12885;2026-08-19 11:37:17;USR-1007;2009-09-04;M;Standard;1;0;100;App;Valorant;4.0;0
SESS-12174;2026-08-05 15:01:09;USR-1563;1994-08-05;M;VIP;2;0;400;Card;Browser/Work;;0
SESS-11902;2026-08-01 15:31:05;USR-1515;1997-04-14;M;Bootcamp;2;510;300;Card;Dota 2;;0
SESS-12330;2026-08-30 09:30:01;USR-1067;2009-11-26;M;Standard;2;0;200;App;Valorant;;0
SESS-12226;2026-08-06 02:29:05;USR-1658;2007-07-08;M;Standard;8;1280;800;Card;Dota 2;4.5;0
SESS-10058;2026-08-09 19:14:55;USR-1177;2005-09-12;M;Bootcamp;3;390;450;App;CS2;;0
SESS-13810;2026-08-22 19:33:09;USR-1094;1996-06-19;M;Standard;1;120;100;Card;Browser/Work;;0
SESS-11254;2026-08-27 15:44:31;USR-1001;2003-05-28;M;Standard;4;0;400;App;Deadlock;4.0;0
SESS-14383;2026-08-15 20:34:36;USR-1740;1996-01-25;M;Standard;2;240;200;Card;CS2;;0
SESS-13352;2026-08-31 22:42:03;USR-1609;1994-08-09;M;VIP;8;1110;1600;Card;Dota 2;4.0;0
SESS-11005;2026-08-21 18:29:51;USR-1031;2008-04-25;M;Standard;1;120;100;Card;CS2;4.0;0
SESS-12534;2026-08-28 15:41:58;USR-1037;2008-05-17;F;Standard;4;0;400;App;Dota 2;2.0;0
SESS-14017;2026-08-23 18:03:59;USR-1082;2007-12-15;F;VIP;1;270;200;Card;Dota 2;;0
SESS-10020;2026-08-16 17:53:58;USR-1717;2004-11-07;F;PS5;1;160;250;App;CS2;;0
SESS-11986;2026-08-21 10:28:47;USR-1116;1993-09-19;M;Bootcamp;3;0;450;App;Dota 2;;0
SESS-10133;2026-08-26 18:12:40;USR-1010;2009-04-04;F;Standard;1;40;100;Card;CS2;;0
SESS-11637;2026-08-10 17:20:04;USR-1113;2011-11-07;M;Bootcamp;2;0;300;Card;CS2;;0
SESS-10865;2026-08-10 20:55:43;USR-1351;2004-09-23;M;Standard;3;503;270;Card;Valorant;;1
SESS-10630;2026-08-07 07:04:14;USR-1148;2002-11-01;M;VIP;1;0;200;Card;Dota 2;;0
SESS-13907;2026-08-31 09:49:23;USR-1136;2005-05-16;M;VIP;8;1903;1440;App;CS2;2.0;1
SESS-13630;2026-08-03 13:19:54;USR-1024;2008-05-04;M;Standard;1;80;100;Card;PUBG;;0
SESS-11687;2026-08-15 22:07:07;USR-1521;2010-06-14;F;Standard;5;400;500;App;Deadlock;;0
SESS-13189;2026-08-01 21:24:23;USR-1231;2002-08-06;M;Standard;5;0;500;Card;CS2;;0
SESS-12305;2026-08-19 16:25:37;USR-1416;2005-02-15;M;Bootcamp;5;950;750;Card;Deadlock;;0
SESS-13815;2026-08-06 22:55:39;USR-1434;2005-08-03;M;Standard;5;0;500;App;Dota 2;4.0;0
SESS-13375;2026-08-23 20:59:28;USR-1228;2012-07-05;M;Standard;2;0;200;App;CS2;4.0;0
SESS-11549;2026-08-02 18:43:28;USR-1210;1990-05-20;M;PS5;1;0;250;Card;Dota 2;;0
SESS-10250;2026-08-17 18:13:22;USR-1148;2002-11-01;M;Bootcamp;2;310;300;Card;CS2;;0
SESS-12115;2026-08-04 13:23:27;USR-1153;2006-01-07;M;Bootcamp;1;310;150;App;Valorant;;0
SESS-11351;2026-08-14 16:16:19;USR-1729;2010-06-23;M;PS5;1;60;250;App;Valorant;;0
SESS-12855;2026-08-07 19:49:30;USR-1140;2005-12-21;M;Standard;3;0;300;Card;CS2;2.0;0
SESS-14423;2026-08-15 11:53:26;USR-1335;2006-08-15;F;Standard;4;448;360;Card;Dota 2;;1
SESS-11214;2026-08-07 22:49:33;USR-1182;2001-10-23;M;VIP;5;0;1000;Card;CS2;;0
SESS-13212;2026-08-28 18:09:34;USR-1538;2001-06-06;F;PS5;3;503;675;Card;Dota 2;4.0;1
SESS-13079;2026-08-19 20:20:13;USR-1470;2002-11-07;M;Standard;2;0;200;Card;Deadlock;;0
SESS-14874;2026-08-02 17:04:42;USR-1570;2007-04-04;M;Standard;1;0;100;Cash;Apex Legends;;0
SESS-12756;2026-08-27 00:40:56;USR-1152;2006-10-26;M;VIP;5;1330;900;Card;Deadlock;4.0;1
SESS-12531;2026-08-20 23:51:25;USR-1408;2010-04-23;M;Standard;12;0;1200;Cash;Apex Legends;3.0;0
SESS-14821;2026-08-11 15:43:59;USR-1064;1999-11-15;M;PS5;3;1050;750;Card;PUBG;4.0;0
SESS-11660;2026-08-15 10:23:01;USR-1070;2008-12-23;F;Standard;1;0;100;App;Dota 2;;0
SESS-14798;2026-08-27 20:03:59;USR-1051;2006-08-12;F;Standard;2;0;200;Card;Deadlock;;0
SESS-12843;2026-08-31 17:31:23;USR-1322;2002-10-04;F;Standard;1;160;100;Card;CS2;;0
SESS-15087;2026-08-19 19:35:55;USR-1152;2006-10-26;M;Bootcamp;3;0;450;Card;CS2;;0
SESS-10405;2026-08-10 21:51:21;USR-1453;2004-02-15;F;Bootcamp;1;200;150;Card;Minecraft;;0
SESS-13851;2026-08-08 18:45:59;USR-1280;2009-11-26;M;Standard;1;0;100;App;CS2;;0
SESS-10887;2026-08-30 20:16:29;USR-1057;2011-11-08;M;Standard;3;251;270;Cash;Minecraft;;1
SESS-14231;2026-08-14 17:34:41;USR-1716;2003-04-06;M;Standard;2;320;200;Card;Dota 2;;0
SESS-10095;2026-08-23 02:25:10;USR-1161;2004-11-12;M;Bootcamp;5;0;750;Cash;Minecraft;;0
SESS-14569;2026-08-20 16:57:48;USR-1288;1994-02-07;F;VIP;2;0;400;Card;Dota 2;;0
SESS-13689;2026-08-16 15:55:04;USR-1111;2000-02-14;M;PS5;3;0;750;Card;Dota 2;5.0;0
SESS-14164;2026-08-19 11:09:01;USR-1567;2010-03-13;M;Standard;2;0;200;Card;Minecraft;;0
SESS-13444;2026-08-22 19:57:59;USR-1287;1998-01-26;M;Bootcamp;2;800;300;Cash;Dota 2;;0
SESS-15104;2026-08-15 23:11:40;USR-1470;2002-11-07;M;VIP;5;0;1000;Card;Valorant;;0
SESS-12518;2026-08-18 16:17:34;USR-1134;2005-02-21;M;PS5;2;320;500;Card;CS2;4.5;0
SESS-11708;2026-08-29 20:24:29;USR-1188;2011-11-24;M;Standard;2;0;200;Cash;CS2;;0
SESS-12629;2026-08-08 16:51:26;USR-1636;2005-12-16;M;VIP;3;0;540;Card;Deadlock;4.0;1
SESS-11106;2026-08-17 17:24:05;USR-1012;2005-04-17;M;Standard;2;224;180;Card;Dota 2;;1
SESS-14645;2026-08-11 15:19:58;USR-1391;2012-11-11;F;Standard;3;180;300;App;Minecraft;;0
SESS-12344;2026-08-18 21:46:38;USR-1559;2003-03-16;M;Standard;5;0;500;App;Valorant;4.5;0
SESS-13700;2026-08-08 15:46:58;USR-1216;2011-10-25;M;Standard;8;0;720;Cash;CS2;;1
SESS-10373;2026-08-10 07:09:04;USR-1519;2001-01-22;M;Bootcamp;1;240;150;Card;Dota 2;;0
SESS-11871;2026-08-25 15:48:24;USR-1272;2003-06-28;M;VIP;1;0;200;Card;Valorant;;0
SESS-15073;2026-08-13 21:50:59;USR-1068;2004-06-11;M;Bootcamp;4;0;600;App;Dota 2;4.5;0
SESS-10012;2026-08-23 16:24:14;USR-1084;1999-10-26;M;PS5;2;923;450;Card;Deadlock;;1
SESS-14731;2026-08-15 09:38:24;USR-1220;2006-07-05;M;Standard;3;480;300;Card;Dota 2;;0
SESS-10011;2026-08-07 10:51:46;USR-1569;2004-12-13;M;VIP;2;400;400;Cash;Dota 2;;0
SESS-12369;2026-08-17 16:01:32;USR-1551;2004-12-14;F;VIP;1;0;200;App;CS2;;0
SESS-10332;2026-08-28 14:48:21;USR-1784;2007-03-26;M;Standard;1;80;100;App;Deadlock;;0
SESS-11967;2026-08-01 16:20:14;USR-1134;2005-02-21;M;Standard;4;896;360;Card;Deadlock;4.0;1
SESS-10831;2026-08-20 02:05:38;USR-1153;2006-01-07;M;Standard;2;160;200;Cash;Deadlock;5.0;0
SESS-14810;2026-08-10 16:03:24;USR-1279;2009-04-12;M;VIP;1;0;200;App;Valorant;;0
SESS-11780;2026-08-21 09:51:53;USR-1726;1997-07-05;M;PS5;3;510;750;Card;CS2;;0
SESS-10806;2026-08-14 20:55:57;USR-1415;2003-04-02;M;Standard;3;360;300;App;Dota 2;5.0;0
SESS-10272;2026-08-30 14:07:17;USR-1213;1997-02-16;F;PS5;1;550;250;Card;Deadlock;;0
SESS-14639;2026-08-24 12:00:17;USR-1617;2005-08-01;M;Standard;2;224;180;Cash;CS2;5.0;1
SESS-13874;2026-08-14 15:59:23;USR-1541;2005-11-07;M;VIP;3;0;540;Card;Deadlock;4.5;1
SESS-11573;2026-08-15 21:29:07;USR-1212;2012-07-04;M;Standard;4;0;400;App;GTA V;;0
SESS-10408;2026-08-15 20:15:36;USR-1080;2004-02-20;M;VIP;4;0;720;App;Dota 2;4.0;1
SESS-11086;2026-08-11 16:17:40;USR-1051;2006-08-12;F;Standard;1;0;100;App;Dota 2;;0
SESS-13476;2026-08-30 15:48:50;USR-1061;2005-07-24;M;Standard;2;320;200;Card;Dota 2;;0
SESS-14698;2026-08-06 18:07:03;USR-1154;2008-09-01;M;Standard;3;240;300;Card;CS2;4.0;0
SESS-14544;2026-08-11 19:33:47;USR-1658;2007-07-08;M;VIP;4;0;800;Card;Valorant;5.0;0
SESS-10731;2026-08-30 16:16:37;USR-1567;2010-03-13;M;Standard;1;40;100;Card;GTA V;;0
SESS-11666;2026-08-31 02:42:15;USR-1114;2010-02-05;M;Bootcamp;2;0;300;Cash;Dota 2;;0
SESS-14093;2026-08-10 13:00:31;USR-1084;1999-10-26;M;VIP;2;540;400;Card;Cyberpunk 2077;;0
SESS-10615;2026-08-02 17:21:46;USR-1119;2012-02-02;M;VIP;12;672;2160;Cash;GTA V;;1
SESS-10951;2026-08-21 09:56:06;USR-1501;1995-06-28;F;PS5;3;510;750;Card;CS2;;0
SESS-11802;2026-08-09 20:26:46;USR-1122;2010-04-17;M;Standard;2;120;200;App;Dota 2;5.0;0
SESS-13860;2026-08-27 15:01:39;USR-1795;2006-06-12;F;VIP;3;0;600;Card;CS2;4.5;0
SESS-13395;2026-08-18 18:25:55;USR-1505;2006-04-03;F;Standard;5;1120;450;Card;Apex Legends;4.5;1
SESS-14238;2026-08-25 13:02:45;USR-1494;2009-02-08;M;Standard;1;0;100;Card;Minecraft;;0
SESS-12670;2026-08-03 17:05:36;USR-1572;2004-08-24;M;Bootcamp;2;240;300;Card;Valorant;4.0;0
SESS-10100;2026-08-24 20:26:13;USR-1743;2009-09-28;M;Standard;8;320;800;App;Dota 2;;0
SESS-14267;2026-08-13 22:51:23;USR-1107;2004-12-19;M;VIP;2;320;400;App;Dota 2;;0
SESS-13697;2026-08-19 14:49:23;USR-1278;2005-02-12;M;Standard;2;240;200;Card;Dota 2;4.0;0
SESS-11796;2026-08-25 12:49:51;USR-1603;1992-03-04;M;VIP;8;0;1600;Card;Dota 2;5.0;0
SESS-12480;2026-08-04 15:19:16;USR-1081;2006-01-23;M;Standard;1;0;100;Card;CS2;3.0;0
SESS-13615;2026-08-17 00:43:10;USR-1324;2006-06-22;M;Bootcamp;3;440;450;Card;CS2;4.0;0
SESS-11161;2026-08-05 13:17:48;USR-1471;2002-04-21;F;VIP;3;784;540;Card;CS2;5.0;1
SESS-11774;2026-08-19 21:45:11;USR-1041;2010-09-17;M;Standard;5;560;450;Cash;GTA V;4.0;1
SESS-12131;2026-08-27 19:24:58;USR-1042;2004-05-10;F;Bootcamp;3;630;450;Card;CS2;4.0;0
SESS-11828;2026-08-12 10:10:11;USR-1452;2011-12-14;M;Standard;3;0;300;App;CS2;;0
SESS-13360;2026-08-14 15:17:57;USR-1524;1996-07-27;M;PS5;2;650;500;Card;Cyberpunk 2077;;0
SESS-15039;2026-08-05 19:20:32;USR-1130;2007-08-16;M;Standard;8;960;800;Card;Valorant;4.5;0
SESS-12813;2026-08-12 14:54:35;USR-1149;1996-01-09;F;Bootcamp;2;510;300;Card;GTA V;;0
SESS-10657;2026-08-13 14:45:41;USR-1118;2006-06-28;M;PS5;5;840;1125;Card;CS2;4.0;1
SESS-12287;2026-08-30 13:42:27;USR-1281;1992-09-11;M;PS5;3;1050;750;App;CS2;4.0;0
SESS-11142;2026-08-25 14:11:06;USR-1158;2010-11-08;M;VIP;2;120;400;Card;CS2;;0
SESS-15058;2026-08-09 13:18:45;USR-1749;2012-05-08;M;Bootcamp;1;0;150;App;Minecraft;;0
SESS-12257;2026-08-05 22:43:43;USR-1551;2004-12-14;F;VIP;8;0;1440;App;Deadlock;5.0;1
SESS-10888;2026-08-29 23:10:55;USR-1689;2003-05-24;M;Bootcamp;5;480;750;Card;Dota 2;4.0;0
SESS-14586;2026-08-30 14:50:36;USR-1056;1997-07-15;M;VIP;2;800;400;App;Dota 2;;0
SESS-12091;2026-08-31 18:12:25;USR-1514;2009-08-08;M;Standard;3;0;270;App;Minecraft;5.0;1
SESS-11133;2026-08-04 21:29:45;USR-1588;2008-07-11;M;Standard;2;0;200;Card;Dota 2;;0
SESS-13779;2026-08-02 15:23:22;USR-1005;1997-11-25;F;VIP;5;2170;900;Card;PUBG;4.5;1
SESS-13594;2026-08-07 20:09:25;USR-1076;2001-08-10;M;PS5;2;0;500;Card;CS2;4.0;0
SESS-13065;2026-08-15 15:24:40;USR-1244;2011-12-05;M;Bootcamp;3;251;405;App;Dota 2;;1
SESS-12777;2026-08-08 19:33:45;USR-1040;1999-04-03;M;Standard;3;540;300;Card;Deadlock;;0
SESS-10843;2026-08-21 02:11:28;USR-1059;2012-05-14;M;Standard;2;0;200;Cash;Valorant;4.5;0
SESS-15003;2026-08-16 15:45:15;USR-1310;2003-07-07;M;Bootcamp;8;0;1200;Card;Dota 2;;0
SESS-13096;2026-08-31 23:19:50;USR-1437;1992-02-27;F;Bootcamp;8;0;1200;Card;Browser/Work;;0
SESS-11224;2026-08-07 18:31:58;USR-1011;2011-12-15;M;Bootcamp;4;240;600;Cash;Minecraft;;0
SESS-13623;2026-08-21 17:59:17;USR-1732;2008-10-16;M;PS5;2;224;450;Cash;CS2;5.0;1
SESS-12261;2026-08-22 17:23:07;USR-1020;2006-04-26;M;VIP;2;310;400;Card;Valorant;5.0;0
SESS-12545;2026-08-22 17:10:39;USR-1026;2006-05-04;M;Bootcamp;1;0;150;Card;Deadlock;;0
SESS-11964;2026-08-22 14:15:57;USR-1662;2003-11-18;M;VIP;1;0;200;Card;PUBG;;0
SESS-14251;2026-08-02 16:28:01;USR-1480;1998-10-13;M;PS5;2;510;500;Card;Cyberpunk 2077;;0
SESS-10956;2026-08-24 21:05:27;USR-1158;2010-11-08;M;Standard;1;0;100;App;GTA V;4.0;0
SESS-15056;2026-08-22 20:35:04;USR-1480;1998-10-13;M;VIP;2;660;400;Card;Browser/Work;5.0;0
SESS-12669;2026-08-16 13:51:13;USR-1125;2012-03-20;M;Standard;4;160;400;Card;Dota 2;;0
SESS-13113;2026-08-14 17:12:33;USR-1115;2007-01-24;M;Standard;2;0;200;Card;CS2;;0
SESS-12501;2026-08-23 00:18:11;USR-1078;1987-05-15;M;PS5;12;2460;3000;Card;Cyberpunk 2077;4.5;0
SESS-10439;2026-08-13 16:38:16;USR-1729;2010-06-23;M;Standard;3;0;300;Card;Valorant;4.0;0
SESS-14827;2026-08-28 17:46:42;USR-1516;2006-08-02;M;Standard;3;672;270;Card;GTA V;4.0;1
SESS-11627;2026-08-16 18:42:22;USR-1453;2004-02-15;F;Standard;3;0;300;Card;Dota 2;;0
SESS-10302;2026-08-02 12:00:56;USR-1289;2011-06-28;M;Standard;3;336;270;Cash;CS2;;1
SESS-13477;2026-08-24 20:10:53;USR-1184;2005-03-22;M;Bootcamp;3;560;450;Card;Valorant;;0
SESS-13863;2026-08-20 10:27:20;USR-1303;2005-10-13;M;Standard;2;224;180;Card;Dota 2;4.5;1
SESS-10519;2026-08-08 19:30:28;USR-1026;2006-05-04;M;VIP;8;790;1600;Card;Dota 2;5.0;0
SESS-11073;2026-08-18 14:00:53;USR-1637;2006-04-06;F;PS5;4;480;1000;Card;CS2;;0
SESS-13127;2026-08-10 19:46:12;USR-1289;2011-06-28;M;Standard;1;0;100;App;Valorant;;0
SESS-12313;2026-08-28 12:23:40;USR-1575;2010-03-05;M;Standard;5;420;450;App;CS2;;1
SESS-10555;2026-08-09 22:52:43;USR-1552;2009-01-06;M;Standard;8;0;720;Cash;Minecraft;3.0;1
SESS-11748;2026-08-02 09:22:14;USR-1562;2010-05-05;M;Standard;8;0;800;Cash;Dota 2;;0
SESS-13174;2026-08-20 20:11:40;USR-1306;2005-02-02;M;VIP;3;0;600;Card;GTA V;5.0;0
SESS-13550;2026-08-09 17:18:36;USR-1102;1997-01-21;M;VIP;8;3010;1440;App;Dota 2;4.0;1
SESS-13678;2026-08-10 19:53:14;USR-1344;2007-08-22;M;PS5;1;0;250;App;CS2;;0
SESS-12125;2026-08-28 14:03:36;USR-1074;2005-10-07;M;Bootcamp;2;0;300;Cash;Deadlock;;0
SESS-10181;2026-08-16 21:13:56;USR-1025;2005-11-06;M;Standard;3;0;300;App;CS2;;0
SESS-10881;2026-08-29 13:22:38;USR-1677;2010-12-19;M;VIP;1;0;200;App;CS2;;0
SESS-14950;2026-08-18 17:20:22;USR-1313;2005-07-12;M;Bootcamp;1;230;150;Card;Apex Legends;;0
SESS-14556;2026-08-29 15:28:37;USR-1544;1993-05-10;M;VIP;3;0;600;Cash;CS2;;0
SESS-13137;2026-08-21 17:35:20;USR-1601;2009-07-18;F;Standard;1;0;100;App;CS2;4.5;0
SESS-11768;2026-08-30 21:31:37;USR-1255;2005-11-25;M;Standard;3;480;300;App;Valorant;;0
SESS-10235;2026-08-27 12:25:04;USR-1040;1999-04-03;M;Bootcamp;5;0;750;Card;GTA V;;0
SESS-10016;2026-08-26 17:26:59;USR-1651;2011-12-18;M;Standard;3;0;270;App;Minecraft;4.0;1
SESS-15117;2026-08-07 18:00:08;USR-1777;2005-09-08;M;Standard;1;80;100;App;CS2;2.0;0
SESS-11927;2026-08-29 20:09:40;USR-1100;2003-03-23;M;Bootcamp;4;0;540;Cash;Deadlock;;1
SESS-11150;2026-08-30 10:21:05;USR-1006;2008-10-28;M;Bootcamp;2;400;300;Card;CS2;;0
SESS-13714;2026-08-29 14:45:54;USR-1126;1998-09-28;M;Standard;2;360;200;Card;Cyberpunk 2077;4.0;0
SESS-11690;2026-08-16 22:55:44;USR-1041;2010-09-17;M;VIP;5;200;1000;Card;Dota 2;5.0;0
SESS-12249;2026-08-28 20:42:46;USR-1031;2008-04-25;M;Bootcamp;1;0;150;Card;Dota 2;;0
SESS-14296;2026-08-21 13:31:30;USR-1092;1992-04-25;M;PS5;4;0;900;Card;CS2;;1
SESS-10895;2026-08-16 15:22:27;USR-1068;2004-06-11;M;PS5;3;0;750;Card;CS2;;0
SESS-10269;2026-08-26 00:37:48;USR-1077;2006-09-21;M;Standard;12;2015;1080;Card;CS2;;1
SESS-12385;2026-08-05 03:28:18;USR-1145;2008-09-12;F;Standard;3;0;300;Card;Cyberpunk 2077;;0
SESS-13066;2026-08-03 11:59:13;USR-1043;2005-09-15;M;Standard;4;672;360;Card;Dota 2;5.0;1
SESS-10590;2026-08-05 16:01:49;USR-1040;1999-04-03;M;Bootcamp;2;0;300;App;Browser/Work;;0
SESS-10859;2026-08-15 23:37:42;USR-1557;2010-10-11;M;Bootcamp;8;0;1200;App;Minecraft;1.0;0
SESS-10897;2026-08-26 15:44:23;USR-1141;1990-05-13;M;PS5;2;0;500;Card;Dota 2;;0
SESS-11158;2026-08-17 17:12:49;USR-1568;2010-02-02;M;Standard;1;0;100;Cash;Minecraft;4.0;0
SESS-13984;2026-08-01 17:52:38;USR-1365;2005-04-09;M;Bootcamp;1;200;150;Card;Valorant;4.0;0
SESS-14439;2026-08-31 14:53:30;USR-1677;2010-12-19;M;Standard;5;0;500;Cash;Dota 2;5.0;0
SESS-12203;2026-08-15 19:24:57;USR-1064;1999-11-15;M;PS5;5;0;1250;Card;Dota 2;4.0;0
SESS-12928;2026-08-02 19:35:47;USR-1020;2006-04-26;M;Bootcamp;3;320;450;Card;Dota 2;;0
SESS-10554;2026-08-26 20:26:23;USR-1526;2006-08-16;F;PS5;2;0;500;Card;CS2;;0
SESS-11892;2026-08-22 20:55:45;USR-1671;2002-10-12;M;Standard;2;240;200;Card;Valorant;;0
SESS-13598;2026-08-05 02:48:31;USR-1354;2006-10-15;M;Standard;4;640;400;Card;Valorant;5.0;0
SESS-11709;2026-08-17 19:45:53;USR-1481;2006-12-21;M;VIP;3;440;600;Cash;Deadlock;4.5;0
SESS-12436;2026-08-05 13:24:47;USR-1107;2004-12-19;M;VIP;3;630;600;Card;CS2;;0
SESS-11958;2026-08-07 22:22:40;USR-1240;2011-08-28;F;Standard;5;0;500;App;Apex Legends;;0
SESS-12328;2026-08-11 22:11:50;USR-1057;2011-11-08;M;Standard;8;0;800;App;Valorant;;0
SESS-14814;2026-08-14 13:02:43;USR-1084;1999-10-26;M;VIP;2;0;400;App;PUBG;4.5;0
SESS-14447;2026-08-18 00:59:24;USR-1359;2002-01-27;M;Standard;12;2015;1080;App;Dota 2;;1
SESS-12528;2026-08-30 22:42:22;USR-1087;2005-04-04;M;Standard;8;896;720;App;Valorant;;1
SESS-12275;2026-08-30 11:30:44;USR-1289;2011-06-28;M;Standard;2;0;200;App;Deadlock;4.5;0
SESS-13611;2026-08-26 09:03:57;USR-1715;2007-11-09;M;Standard;2;0;200;Cash;Dota 2;;0
SESS-14133;2026-08-26 14:40:33;USR-1004;2011-09-09;M;Standard;4;0;400;App;Minecraft;;0
SESS-10253;2026-08-22 09:37:00;USR-1161;2004-11-12;M;Bootcamp;2;240;300;Card;Minecraft;4.5;0
SESS-11530;2026-08-12 19:49:58;USR-1147;1991-11-27;M;PS5;2;660;500;App;Dota 2;;0
SESS-13955;2026-08-11 14:02:05;USR-1758;2006-01-14;F;Bootcamp;1;270;150;Card;Valorant;5.0;0
SESS-10094;2026-08-13 01:14:19;USR-1537;2009-08-18;F;Standard;2;0;200;Card;Minecraft;;0
SESS-14120;2026-08-21 18:09:47;USR-1012;2005-04-17;M;Standard;8;0;720;Card;CS2;;1
SESS-11800;2026-08-14 14:02:28;USR-1634;2009-08-24;2;Standard;8;896;720;App;Dota 2;5.0;1
SESS-13669;2026-08-27 17:25:53;USR-1269;2012-02-11;M;VIP;3;0;600;App;CS2;;0
SESS-14658;2026-08-14 18:29:18;USR-1056;1997-07-15;M;Bootcamp;3;1176;405;Card;Cyberpunk 2077;;1
SESS-13676;2026-08-04 21:06:39;USR-1492;2003-02-26;M;Standard;2;0;200;App;Valorant;;0
SESS-12248;2026-08-05 18:30:58;USR-1539;2012-07-24;M;Standard;1;80;100;App;CS2;4.5;0
SESS-11196;2026-08-27 19:34:50;USR-1548;1991-05-06;F;Bootcamp;1;270;150;Card;Dota 2;4.5;0
SESS-11222;2026-08-01 18:00:08;USR-1138;2005-08-06;M;VIP;3;0;600;Card;Dota 2;;0
SESS-10795;2026-08-28 20:27:38;USR-1108;1991-01-03;M;Standard;1;0;100;Card;CS2;;0
SESS-13817;2026-08-04 18:33:26;USR-1015;2009-09-15;M;Bootcamp;2;160;300;Cash;CS2;4.5;0
SESS-12377;2026-08-12 16:06:14;USR-1031;2008-04-25;M;Bootcamp;1;0;150;Card;Dota 2;5.0;0
SESS-13512;2026-08-01 20:49:55;USR-1336;2004-08-28;F;Standard;1;120;100;Card;CS2;;0
SESS-14705;2026-08-03 01:52:13;USR-1115;2007-01-24;M;PS5;12;0;3000;Cash;CS2;;0
SESS-12277;2026-08-14 19:25:00;USR-1548;1991-05-06;F;PS5;3;0;750;Card;Cyberpunk 2077;4.0;0
SESS-11764;2026-08-22 22:57:07;USR-1238;2011-02-10;M;Standard;8;0;800;Cash;Deadlock;;0
SESS-15015;2026-08-10 17:47:35;USR-1074;2005-10-07;M;Standard;2;160;200;Card;Dota 2;4.0;0
SESS-14215;2026-08-03 14:04:25;USR-1376;2004-04-12;F;Standard;2;240;200;Cash;Valorant;;0
SESS-11289;2026-08-16 18:53:48;USR-1283;2007-07-01;M;Bootcamp;2;0;300;App;PUBG;5.0;0
SESS-12715;2026-08-06 08:37:01;USR-1413;2004-02-24;M;Standard;3;360;300;Card;PUBG;2.0;0
SESS-12881;2026-08-25 17:36:43;USR-1613;2010-02-26;M;Standard;2;0;200;Cash;Valorant;;0
SESS-10129;2026-08-10 21:51:34;USR-1055;2009-07-20;M;Bootcamp;2;80;300;Cash;CS2;;0
SESS-12808;2026-08-01 07:02:49;USR-1597;2006-03-09;M;Standard;8;640;800;Card;CS2;;0
SESS-11031;2026-08-01 17:36:29;USR-1763;2003-11-13;F;PS5;2;224;450;Cash;Dota 2;1.0;1
SESS-12770;2026-08-05 10:35:32;USR-1051;2006-08-12;F;Bootcamp;1;310;150;Card;Valorant;;0
SESS-13718;2026-08-30 08:50:13;USR-1263;1996-06-11;F;PS5;2;0;500;Card;Deadlock;4.5;0
SESS-10874;2026-08-06 21:43:17;USR-1066;2002-11-13;M;VIP;3;616;540;App;Apex Legends;4.0;1
SESS-12910;2026-08-27 01:20:28;USR-1214;1997-09-04;M;PS5;12;0;3000;Card;CS2;4.0;0
SESS-14858;2026-08-22 11:02:12;USR-1015;2009-09-15;M;Standard;5;0;500;App;Valorant;;0
SESS-12140;2026-08-06 14:18:48;USR-1461;2006-04-14;M;Standard;2;320;200;Cash;Dota 2;4.5;0
SESS-12628;2026-08-22 01:17:16;USR-1003;2004-08-17;M;PS5;8;960;2000;Cash;Deadlock;4.5;0
SESS-10582;2026-08-26 17:46:45;USR-1712;2005-03-09;M;Bootcamp;2;336;270;Card;GTA V;;1
SESS-11327;2026-08-04 12:06:05;USR-1783;2012-06-22;M;VIP;2;0;360;Card;Dota 2;;1
SESS-13738;2026-08-09 11:17:05;USR-1329;1992-12-25;M;VIP;2;0;400;Card;Dota 2;5.0;0
SESS-13202;2026-08-15 21:06:24;USR-1010;2009-04-04;F;Bootcamp;2;0;300;Cash;Minecraft;;0
SESS-11550;2026-08-28 19:29:03;USR-1096;2004-01-06;M;Bootcamp;2;0;300;App;GTA V;5.0;0
SESS-13232;2026-08-19 08:18:06;USR-1042;2004-05-10;F;Standard;2;0;200;Card;Dota 2;;0
SESS-11198;2026-08-14 21:54:33;USR-1076;2001-08-10;M;Standard;2;0;200;Card;GTA V;;0
SESS-12858;2026-08-02 17:45:36;USR-1033;2004-01-16;M;Bootcamp;2;400;300;Cash;CS2;;0
SESS-13606;2026-08-16 17:51:17;USR-1151;2004-10-09;M;PS5;2;320;500;Card;CS2;;0
SESS-10669;2026-08-31 13:33:08;USR-1030;2011-08-15;M;Standard;2;80;200;App;Dota 2;;0
SESS-10122;2026-08-28 18:24:53;USR-1112;2007-11-17;M;Bootcamp;2;0;300;App;CS2;;0
SESS-11248;2026-08-31 10:23:16;USR-1782;2005-11-16;F;Bootcamp;1;0;150;App;Valorant;;0
SESS-12827;2026-08-16 00:16:02;USR-1013;2006-02-09;M;Standard;8;0;800;Card;Dota 2;;0
SESS-11184;2026-08-28 12:05:42;USR-1676;2004-08-01;M;Standard;4;640;400;App;Valorant;;0
SESS-10725;2026-08-14 20:23:57;USR-1681;1996-11-21;F;PS5;2;0;500;Card;Dota 2;;0
SESS-13912;2026-08-27 18:36:34;USR-1062;1990-06-18;F;PS5;1;270;250;Card;CS2;4.5;0
SESS-12603;2026-08-16 18:30:59;USR-1042;2004-05-10;F;VIP;2;240;400;Card;Valorant;;0
SESS-12535;2026-08-29 19:22:52;USR-1486;2009-11-06;M;Standard;1;60;100;App;Dota 2;;0
SESS-10628;2026-08-30 02:09:27;USR-1336;2004-08-28;F;Standard;3;336;270;App;Valorant;;1
SESS-12837;2026-08-20 14:27:57;USR-1145;2008-09-12;F;Standard;3;0;300;Card;Dota 2;;0
SESS-11394;2026-08-09 17:28:49;USR-1126;1998-09-28;M;PS5;1;0;225;App;CS2;;1
SESS-14729;2026-08-29 12:16:35;USR-1257;2011-07-27;M;Standard;2;0;200;Cash;CS2;;0
SESS-10711;2026-08-19 12:12:51;USR-1438;2003-07-01;M;Standard;5;400;500;App;CS2;5.0;0
SESS-12510;2026-08-23 15:47:29;USR-1731;1999-01-16;F;VIP;4;630;800;Card;Dota 2;4.5;0
SESS-10388;2026-08-02 13:46:14;USR-1033;2004-01-16;M;Bootcamp;1;270;150;Cash;CS2;1.0;0
SESS-12963;2026-08-19 13:53:58;USR-1307;1992-06-08;M;Standard;2;0;200;Card;Dota 2;;0
SESS-12962;2026-08-16 17:07:43;USR-1560;2011-05-15;M;Standard;2;0;200;App;Minecraft;;0
SESS-12634;2026-08-29 19:01:49;USR-1336;2004-08-28; F ;VIP;3;0;600;Card;Deadlock;;0
SESS-12664;2026-08-08 03:20:07;USR-1310;2003-07-07;M;VIP;2;320;400;Card;CS2;2.0;0
SESS-13198;2026-08-12 20:40:23;USR-1209;2011-09-28;M;Standard;3;0;270;Cash;Minecraft;;1
SESS-10907;2026-08-10 23:34:36;USR-1665;1999-04-02;M;Standard;8;1440;800;Card;CS2;3.0;0
SESS-14607;2026-08-06 20:31:06;USR-1121;2004-12-08;M;VIP;2;0;400;Card;CS2;;0
SESS-10889;2026-08-04 22:58:43;USR-1587;2007-10-16;M;VIP;5;1232;900;App;Dota 2;4.0;1
SESS-12508;2026-08-01 00:15:25;USR-1133;2004-12-12;M;VIP;8;0;1600;Cash;Valorant;;0
SESS-10839;2026-08-14 19:09:18;USR-1318;2011-06-11;M;Standard;3;251;270;App;CS2;4.0;1
SESS-11384;2026-08-04 18:20:01;USR-1041;2010-09-17;M;Standard;1;80;100;App;Minecraft;;0
SESS-11056;2026-08-21 16:14:44;USR-1117;2010-01-23;M;Standard;5;0;500;Cash;CS2;4.0;0
SESS-10969;2026-08-19 13:30:25;USR-1025;2005-11-06;M;Standard;2;240;200;Cash;Minecraft;;0
SESS-10200;2026-08-22 17:30:50;USR-1110;2012-12-13;F;Standard;5;280;450;App;Dota 2;4.5;1
SESS-13500;2026-08-22 19:44:28;USR-1329;1992-12-25;M;Bootcamp;2;800;300;Card;GTA V;;0
SESS-14611;2026-08-28 15:42:40;USR-1181;2000-03-04;M;Standard;2;500;200;App;CS2;;0
SESS-10988;2026-08-10 20:29:11;USR-1143;2007-05-26;M;PS5;2;0;500;Card;Dota 2;;0
SESS-11586;2026-08-18 18:57:12;USR-1552;2009-01-06;M;Standard;2;0;200;Card;CS2;;0
SESS-11183;2026-08-22 00:40:44;USR-1583;2006-10-15;F;VIP;8;1110;1600;Card;CS2;4.0;0
SESS-10742;2026-08-17 20:53:21;USR-1105;1994-09-17;M;VIP;2;0;400;Card;CS2;;0
SESS-12650;2026-08-25 16:09:51;USR-1070;2008-12-23;F;PS5;8;1344;1800;Card;Dota 2;;1
SESS-11380;2026-08-02 00:24:30;USR-1461;2006-04-14;M;Standard;12;0;1200;App;CS2;3.0;0
SESS-13058;2026-08-22 18:49:44;USR-1656;1993-08-12;M;VIP;2;660;400;Card;Dota 2;4.0;0
SESS-12372;2026-08-04 01:37:30;USR-1687;2010-04-09;M;Standard;5;420;450;Cash;CS2;5.0;1
SESS-14065;2026-08-31 23:00:08;USR-1487;2005-08-12;M;VIP;8;1040;1600;App;Valorant;4.5;0
SESS-10019;2026-08-22 14:36:33;USR-1649;2001-07-08;M;Standard;4;480;400;App;CS2;;0
SESS-10716;2026-08-01 23:46:42;USR-1738;2008-02-04;M;PS5;5;400;1250;App;Dota 2;4.0;0
SESS-13868;2026-08-27 14:58:45;USR-1733;2010-04-18;M;Standard;2;160;200;Cash;Dota 2;;0
SESS-10829;2026-08-26 14:58:52;USR-1255;2005-11-25;M;VIP;3;0;540;Card;Apex Legends;4.5;1
SESS-11804;2026-08-05 19:49:24;USR-1253;2006-12-09;M;Bootcamp;1;160;150;Card;Dota 2;5.0;0
SESS-10384;2026-08-14 23:57:13;USR-1741;2004-07-22;M;Standard;3;0;300;Card;CS2;;0
SESS-14335;2026-08-14 17:26:44;USR-1663;2001-03-14;M;Standard;3;240;300;Cash;Dota 2;;0
SESS-14761;2026-08-21 18:59:54;USR-1627;2000-03-26;M;Standard;2;240;200;Card;Deadlock;4.0;0
SESS-12491;2026-08-24 13:41:37;USR-1508;2005-09-26;F;Standard;5;400;500;Card;CS2;4.5;0
SESS-10437;2026-08-21 21:02:34;USR-1404;1997-03-09;M;VIP;3;660;600;App;Cyberpunk 2077;;0
SESS-13221;2026-08-15 15:16:02;USR-1298;2006-03-25;M;Standard;1;120;100;Card;Dota 2;;0
SESS-10423;2026-08-01 22:12:32;USR-1593;2011-08-08;F;Standard;3;0;270;App;Dota 2;;1
SESS-14782;2026-08-27 20:26:09;USR-1151;2004-10-09;M;Bootcamp;4;0;540;App;CS2;;1
SESS-10916;2026-08-19 10:01:23;USR-1584;2006-10-04;M;VIP;1;200;200;Card;Valorant;;0
SESS-12122;2026-08-01 15:55:56;USR-1112;2007-11-17;M;VIP;4;0;800;Card;Valorant;;0
SESS-10223;2026-08-22 12:25:04;USR-1134;2005-02-21;M;Standard;3;0;300;Card;Dota 2;;0
SESS-10198;2026-08-05 16:14:57;USR-1558;2005-02-23;M; Bootcamp ;2;160;200;Card;Deadlock;4.5;0
SESS-12438;2026-08-23 13:02:52;USR-1046;2010-11-19;M;Standard;1;84;90;App;Minecraft;;1
SESS-14500;2026-08-19 23:36:57;USR-1041;2010-09-17;M;VIP;8;896;1440;App;CS2;;1
SESS-14402;2026-08-21 17:45:15;USR-1592;2000-11-26;M;PS5;3;840;750;Card;PUBG;;0
SESS-14695;2026-08-03 19:36:03;USR-1155;2007-01-07;M;PS5;12;1920;3000;App;CS2;;0
SESS-11777;2026-08-24 16:24:23;USR-1731;1999-01-16;F;Bootcamp;1;330;150;App;Dota 2;;0
SESS-13293;2026-08-21 14:05:01;USR-1616;2009-04-21;M;Standard;8;0;720;App;Minecraft;3.0;1
SESS-10237;2026-08-18 14:59:01;USR-1002;2004-11-16;F;VIP;3;510;600;Cash;GTA V;;0
SESS-13587;2026-08-01 20:23:21;USR-1087;2005-04-04;M;Standard;4;320;400;Cash;CS2;;0
SESS-11371;2026-08-01 23:34:31;USR-1084;1999-10-26;M;VIP;12;0;2400;Card;CS2;2.0;0
SESS-15081;2026-08-30 16:26:12;USR-1247;2006-11-15;F;Standard;1;120;100;Card;Valorant;;0
SESS-14066;2026-08-14 17:03:56;USR-1375;1991-08-04;M;VIP;1;330;200;Card;Deadlock;;0
SESS-13475;2026-08-06 15:11:15;USR-1151;2004-10-09;M;PS5;3;0;750;Card;CS2;4.0;0
SESS-14428;2026-08-18 20:25:50;USR-1092;1992-04-25;M;VIP;4;1150;800;Card;GTA V;;0
SESS-12183;2026-08-17 05:40:45;USR-1062;1990-06-18;F;Bootcamp;3;923;405;Card;PUBG;5.0;1
SESS-14624;2026-08-28 15:42:08;USR-1179;2006-03-19;M;Bootcamp;2;0;300;Cash;CS2;;0
SESS-11607;2026-08-22 01:42:16;USR-1297;2011-12-19;M;Bootcamp;8;0;1200;Cash;Valorant;;0
SESS-12931;2026-08-22 16:28:44;USR-1318;2011-06-11;M;Standard;2;0;200;Cash;Minecraft;4.5;0
SESS-11481;2026-08-18 18:57:30;USR-1449;1994-04-19;M;Standard;3;360;300;Card;CS2;;0
SESS-12643;2026-08-17 19:48:03;USR-1055;2009-07-20;M;Standard;2;0;200;App;Valorant;;0
SESS-12846;2026-08-02 16:12:44;USR-1468;2012-10-26;M;Standard;3;336;270;App;CS2;;1
SESS-10196;2026-08-29 12:27:01;USR-1135;2004-06-20;F;Standard;2;320;200;Card;Valorant;2.0;0
SESS-10341;2026-08-03 14:00:25;USR-1051;2006-08-12;F;Standard;4;480;400;Card;CS2;4.5;0
SESS-13742;2026-08-26 13:06:58;USR-1272;2003-06-28;M;VIP;3;510;600;Card;Valorant;;0
SESS-10505;2026-08-02 13:14:50;USR-1517;2008-08-25;M;Standard;1;0;100;Card;CS2;;0
SESS-11093;2026-08-03 18:05:36;USR-1027;2010-09-10;M;VIP;3;0;600;App;Valorant;;0
SESS-11357;2026-08-17 15:17:53;USR-1684;2004-10-02;F;Standard;2;240;200;;Valorant;4.5;0
SESS-13537;2026-08-04 21:49:02;USR-1471;2002-04-21;F;Bootcamp;1;434;135;Card;Dota 2;;1
SESS-12941;2026-08-06 20:21:27;USR-1001;2003-05-28;M;Standard;2;0;200;App;Valorant;4.5;0
SESS-10485;2026-08-08 01:47:20;USR-1004;2011-09-09;M;Bootcamp;8;0;1200;App;CS2;;0
SESS-14725;2026-08-03 21:32:18;USR-1069;2004-02-20;M;Bootcamp;3;882;405;Card;Valorant;;1
SESS-10891;2026-08-22 18:02:29;USR-1362;2001-07-13;M;Standard;2;240;200;Card;CS2;;0
SESS-14740;2026-08-21 23:26:06;USR-1095;1997-11-18;M;Standard;8;2000;800;Card;Dota 2;4.0;0
SESS-13348;2026-08-17 17:13:46;USR-1027;2010-09-10;M;VIP;3;0;600;Card;Minecraft;;0
SESS-12722;2026-08-06 13:45:20;USR-1341;2005-02-06;M;Standard;3;240;300;Card;Deadlock;2.0;0
SESS-10743;2026-08-28 13:49:13;USR-1393;2012-12-28;M;Bootcamp;8;320;1200;App;Deadlock;4.0;0
SESS-14150;2026-08-07 21:47:10;USR-1548;1991-05-06;F;Standard;1;180;100;Card;CS2;4.0;0
SESS-11138;2026-08-15 14:43:22;USR-1083;1998-11-16;M;Bootcamp;2;714;270;Card;PUBG;4.0;1
SESS-12626;2026-08-05 16:49:54;USR-1778;2008-12-15;M;Standard;1;80;100;Card;CS2;5.0;0
SESS-15136;2026-08-23 23:13:10;USR-1665;1999-04-02;M;Standard;5;0;500;Card;Cyberpunk 2077;;0
SESS-12979;2026-08-28 19:34:01;USR-1459;2005-07-10;M;Bootcamp;2;0;300;App;CS2;;0
SESS-13646;2026-08-07 21:26:51;USR-1449;1994-04-19;M;PS5;3;510;750;Card;Dota 2;;0
SESS-14719;2026-08-24 21:51:25;USR-1157;2009-12-23;M;Standard;2;0;200;App;Valorant;;0
SESS-11511;2026-08-16 18:45:44;USR-1038;2005-04-06;F;Standard;2;240;200;Card;GTA V;;0
SESS-11683;2026-08-29 16:38:18;USR-1669;1994-10-18;M;PS5;3;690;750;Card;CS2;;0
SESS-11013;2026-08-07 11:43:17;USR-1604;2006-02-07;F;Standard;3;0;270;Card;CS2;4.5;1
SESS-11130;2026-08-07 15:39:29;USR-1122;2010-04-17;M;Bootcamp;2;80;300;App;CS2;4.0;0
SESS-14354;2026-08-26 19:47:20;USR-1118;2006-06-28;M;PS5;3;480;750;Cash;Valorant;4.5;0
SESS-12321;2026-08-23 18:52:02;USR-1054;2005-04-23;M;Standard;3;0;300;App;CS2;;0
SESS-12429;2026-08-15 00:49:27;USR-1393;2012-12-28;M;Bootcamp;5;300;750;App;Dota 2;4.5;0
SESS-13228;2026-08-27 17:59:01;USR-1115;2007-01-24;M;Standard;5;400;500;Cash;CS2;4.0;0
SESS-13505;2026-08-18 12:14:04;USR-1436;2008-05-26;M;Standard;5;0;500;Card;Valorant;2.0;0
SESS-13326;2026-08-10 17:14:08;USR-1307;1992-06-08;M;Standard;1;0;100;Card;GTA V;5.0;0
SESS-11358;2026-08-29 22:35:49;USR-1347;2000-07-01;M;Standard;3;750;300;Card;CS2;4.0;0
SESS-11591;2026-08-09 18:29:32;USR-1030;2011-08-15;M;Standard;4;0;360;Card;Apex Legends;5.0;1
SESS-11899;2026-08-26 21:15:29;USR-1378;2002-04-16;M;VIP;8;0;1440;Card;CS2;5.0;1
SESS-13088;2026-08-12 13:58:42;USR-1157;2009-12-23;M;Standard;2;0;200;Card;Valorant;;0
SESS-14522;2026-08-04 20:20:36;USR-1664;2007-09-01;F;Bootcamp;2;336;270;Card;CS2;5.0;1
SESS-13778;2026-08-10 19:40:44;USR-1272;2003-06-28;M;Bootcamp;8;720;1200;App;Dota 2;4.0;0
SESS-14662;2026-08-22 22:30:51;USR-1301;2006-12-07;M;Bootcamp;8;790;1200;App;Valorant;4.0;0
SESS-11175;2026-08-06 19:00:06;USR-1369;2002-03-14;F;Standard;3;503;270;Card;Deadlock;4.5;1
SESS-14892;2026-08-30 18:30:38;USR-1067;2009-11-26;M;Standard;5;0;500;Card;Minecraft;;0
SESS-13683;2026-08-09 16:09:01;USR-1061;2005-07-24;M;Standard;5;840;450;;PUBG;5.0;1
SESS-11813;2026-08-30 17:49:16;USR-1391;2012-11-11;F;Standard;2;80;200;Card;Minecraft;;0
SESS-10098;2026-08-24 14:40:52;USR-1116;1993-09-19;M;VIP;3;510;600;Card;CS2;4.5;0
SESS-14609;2026-08-15 20:39:49;USR-1141;1990-05-13;M;VIP;2;923;360;Card;Cyberpunk 2077;5.0;1
SESS-13975;2026-08-07 18:07:01;USR-1129;2010-06-11;M;Bootcamp;3;0;450;App;Minecraft;;0
SESS-13303;2026-08-04 21:59:13;USR-1499;2004-05-04;M;Bootcamp;2;0;300;Card;CS2;4.5;0
SESS-12959;2026-08-22 23:11:35;USR-1200;2005-09-08;M;Standard;8;0;800;Card;CS2;4.0;0
SESS-14883;2026-08-17 14:54:18;USR-1088;2007-06-21;F;Standard;3;240;300;Card;Valorant;;0
SESS-13404;2026-08-05 21:25:40;USR-1306;2005-02-02;M;PS5;2;320;500;Card;Dota 2;5.0;0
SESS-13491;2026-08-18 20:15:27;USR-1230;2003-12-01;F;VIP;1;0;200;App;CS2;;0
SESS-14559;2026-08-08 21:53:42;USR-1325;2001-07-02;F;VIP;3;440;600;Card;CS2;;0
SESS-12878;2026-08-07 19:53:36;USR-1642;2012-07-17;M;Bootcamp;2;0;300;App;Deadlock;5.0;0
SESS-14825;2026-08-29 15:54:26;USR-1138;2005-08-06;M;Standard;3;0;300;Card;CS2;4.0;0
SESS-10705;2026-08-01 16:07:22;USR-1525;2012-06-25;M;Standard;1;80;100;Cash;Dota 2;;0
SESS-10399;2026-08-14 12:46:49;USR-1478;1991-11-11;M;PS5;1;0;250;Card;Dota 2;4.0;0
SESS-12075;2026-08-30 13:39:51;USR-1268;2008-03-05;M;Bootcamp;3;510;450;Cash;CS2;;0
SESS-14209;2026-08-02 04:08:17;USR-1725;2005-05-24;M;Standard;3;480;300;Card;Dota 2;;0
SESS-10681;2026-08-25 10:13:10;USR-1129;2010-06-11;M;Bootcamp;5;420;675;App;Valorant;;1
SESS-10065;2026-08-27 21:13:29;USR-1481;2006-12-21;M;VIP;4;630;800;Card;Deadlock;5.0;0
SESS-12443;2026-08-23 02:20:39;USR-1112;2007-11-17;M;Bootcamp;1;0;150;Card;CS2;;0
SESS-14005;2026-08-09 15:37:33;USR-1427;2004-03-20;M;VIP;1;200;200;Card;Valorant;;0
SESS-11443;2026-08-01 18:15:49;USR-1054;2005-04-23;M;Standard;5;800;500;Card;Minecraft;3.0;0
SESS-10946;2026-08-31 12:07:32;USR-1238;2011-02-10;M;Standard;1;0;100;Cash;Deadlock;;0
SESS-13656;2026-08-07 19:07:03;USR-1379;2003-06-06;M;Standard;4;320;400;App;Deadlock;;0
SESS-13479;2026-08-15 11:46:11;USR-1005;1997-11-25;F;VIP;5;1050;1000;Card;Dota 2;4.5;0
SESS-10204;2026-08-15 16:27:51;USR-1173;2007-03-18;M;Standard;2;160;200;Card;CS2;;0
SESS-12882;2026-08-16 01:16:37;USR-1686;2009-08-20;M;VIP;8;0;1600;App;CS2;4.5;0
SESS-11129;2026-08-15 18:15:22;USR-1044;2010-12-22;F;VIP;1;84;180;App;Minecraft;5.0;1
SESS-12909;2026-08-30 14:05:40;USR-1100;2003-03-23;1;Bootcamp;1;0;150;Card;CS2;5.0;0
SESS-12362;2026-08-22 11:55:38;USR-1546;2003-06-23;M;Standard;4;480;400;Card;Deadlock;5.0;0
SESS-10604;2026-08-22 12:04:57;USR-1022;2004-01-17;M;Standard;2;0;200;Card;Dota 2;4.0;0
SESS-12517;2026-08-01 20:08:46;USR-1799;2006-01-09;M;Standard;2;0;200;Card;Dota 2;;0
SESS-11205;2026-08-20 16:13:11;USR-1606;1993-05-15;M;VIP;1;400;200;App;Cyberpunk 2077;4.5;0
SESS-13206;2026-08-27 14:20:31;USR-1128;2010-09-14;M;Standard;2;80;200;Cash;CS2;;0
SESS-14536;2026-08-01 14:54:02;USR-1053;2010-07-19;M;Standard;1;0;100;Cash;Minecraft;;0
SESS-13515;2026-08-29 19:02:12;USR-1117;2010-01-23;M;Standard;2;0;200;Cash;Valorant;;0
SESS-14304;2026-08-13 15:02:55;USR-1565;1998-07-08;F;Standard;2;500;200;Card;PUBG;;0
SESS-14972;2026-08-15 15:45:02;USR-1131;2006-04-21;M;Standard;3;0;300;Card;Valorant;4.0;0
SESS-11500;2026-08-20 11:53:58;USR-1763;2003-11-13;F;VIP;4;720;800;Cash;GTA V;;0
SESS-13219;2026-08-22 16:06:42;USR-1462;2001-05-13;F;Bootcamp;5;750;750;Card;Valorant;4.5;0
SESS-14637;2026-08-22 21:33:37;USR-1149;1996-01-09;F;PS5;2;390;500;Card;PUBG;;0
SESS-14819;2026-08-21 18:59:25;USR-1428;2005-10-11;F;VIP;2;310;400;App;PUBG;5.0;0
SESS-14505;2026-08-22 19:18:59;USR-1042;2004-05-10;F;Bootcamp;5;1050;675;Card;CS2;4.5;1
SESS-11789;2026-08-09 20:35:58;USR-1558;2005-02-23;M;Standard;12;0;1200;Card;Valorant;4.0;0
SESS-10565;2026-08-18 19:31:30;USR-1143;2007-05-26;M;PS5;1;0;250;Card;CS2;;0
SESS-12693;2026-08-22 14:21:56;USR-1123;2005-11-01;M;VIP;3;0;600;App;CS2;;0
SESS-10205;2026-08-09 20:32:55;USR-1029;2011-12-05;M;VIP;3;336;540;Cash;GTA V;4.5;1
SESS-12022;2026-08-22 20:09:20;USR-1077;2006-09-21;M;Standard;1;0;100;Card;CS2;;0
SESS-11753;2026-08-14 00:03:48;USR-1501;1995-06-28;Женский;VIP;8;1110;1600;Card;Browser/Work;5.0;0
SESS-11257;2026-08-14 12:25:48;USR-1145;2008-09-12;F;Standard;1;120;100;Cash;CS2;4.0;0
SESS-10188;2026-08-01 17:59:00;USR-1125;2012-03-20;M;Standard;2;120;200;Card;CS2;;0
SESS-13005;2026-08-15 22:50:00;USR-1019;2004-08-06;M;Bootcamp;8;1110;1200;App;CS2;5.0;0
SESS-10848;2026-08-02 21:24:13;USR-1093;2003-03-25;M;Standard;2;0;200;Card;CS2;;0
SESS-11569;2026-08-18 17:01:33;USR-1477;2002-05-15;F;VIP;8;1430;1600;App;Dota 2;5.0;0
SESS-11062;2026-08-21 19:57:39;USR-1489;2004-05-06;M;Bootcamp;3;0;450;Card;Dota 2;4.5;0
SESS-13284;2026-08-07 16:50:25;USR-1275;1998-03-22;M;Bootcamp;1;420;150;App;Deadlock;4.0;0
SESS-12250;2026-08-10 15:53:14;USR-1692;2000-01-27;M;VIP;2;660;400;Card;CS2;;0
SESS-13750;2026-08-30 16:18:00;USR-1053;2010-07-19;M;Standard;2;0;200;App;Valorant;;0
SESS-14077;2026-08-10 18:51:40;USR-1050;2002-06-22;M;Bootcamp;2;470;300;Card;Dota 2;4.5;0
SESS-11979;2026-08-23 19:35:22;USR-1084;1999-10-26;M;VIP;12;2310;2400;Card;GTA V;4.5;0
SESS-10033;2026-08-07 19:33:28;USR-1514;2009-08-08;M;Bootcamp;2;0;300;App;Valorant;4.0;0
SESS-11035;2026-08-29 09:05:22;USR-1119;2012-02-02;M;Bootcamp;2;80;300;App;Dota 2;;0
SESS-13162;2026-08-20 15:51:44;USR-1049;2004-10-01;M;Standard;2;240;200;Card;Minecraft;4.5;0
SESS-14926;2026-08-06 22:05:16;USR-1158;2010-11-08;M;VIP;5;200;1000;App;CS2;5.0;0
SESS-13558;2026-08-22 20:36:09;USR-1450;2010-08-12;M;Bootcamp;1;0;150;Cash;Minecraft;;0
SESS-11275;2026-08-30 18:57:50;USR-1016;1989-08-17;F;VIP;1;0;200;Card;Cyberpunk 2077;;0
SESS-12235;2026-08-07 16:12:32;USR-1034;2006-01-02;M;Standard;2;0;200;Card;Dota 2;;0
SESS-13825;2026-08-13 12:03:04;USR-1044;2010-12-22;F;Bootcamp;3;0;450;App;Minecraft;5.0;0
SESS-12831;2026-08-23 20:16:42;USR-1590;2009-06-11;M;Bootcamp;2;0;270;Cash;CS2;;1
SESS-11731;2026-08-07 23:08:41;USR-1572;2004-08-24;M;VIP;5;770;900;Card;Valorant;5.0;1
SESS-14921;2026-08-24 22:28:03;USR-1053;2010-07-19;M;Standard;8;0;720;Cash;Dota 2;;1
SESS-13372;2026-08-23 13:54:48;USR-1010;2009-04-04;F;Bootcamp;4;0;600;App;CS2;;0
SESS-12975;2026-08-22 21:45:35;USR-1521;2010-06-14;F;Bootcamp;2;0;300;App;Minecraft;5.0;0
SESS-10383;2026-08-11 11:46:27;USR-1420;2001-03-02;M;VIP;2;470;400;App;CS2;4.5;0
SESS-12822;2026-08-12 00:27:19;USR-1291;2011-05-27;M;Standard;5;0;500;Cash;Valorant;;0
SESS-13165;2026-08-29 14:54:30;USR-1105;1994-09-17;M;PS5;8;1110;2000;Card;CS2;5.0;0
SESS-10912;2026-08-11 07:43:27;USR-1063;2005-06-25;M;VIP;3;0;600;Card;CS2;5.0;0
SESS-11509;2026-08-08 18:00:34;USR-1020;2006-04-26;M;Bootcamp;2;310;300;Card;CS2;;0
SESS-12076;2026-08-23 16:24:58;USR-1142;2005-03-10;M;Standard;1;120;100;App;Dota 2;;0
SESS-14997;2026-08-18 11:03:48;USR-1052;2006-06-27;M;Standard;3;480;300;App;CS2;4.5;0
SESS-11829;2026-08-04 14:46:53;USR-1012;2005-04-17;M;Bootcamp;1;0;150;Card;Dota 2;;0
SESS-12123;2026-08-25 22:30:06;USR-1132;2001-03-23;M;Standard;8;640;800;Cash;CS2;;0
SESS-10279;2026-08-23 18:42:14;USR-1131;2006-04-21;M;Standard;2;0;200;Card;CS2;3.0;0
SESS-12709;2026-08-07 09:16:36;USR-1089;2003-05-03;M;Standard;2;0;200;App;Minecraft;;0
SESS-14224;2026-08-21 11:19:00;USR-1230;2003-12-01;F;Standard;3;0;300;Card;GTA V;4.5;0
SESS-13030;2026-08-18 22:43:54;USR-1139;2012-01-04;M;Standard;8;0;800;Cash;CS2;;0
SESS-12086;2026-08-22 21:14:44;USR-1470;2002-11-07;M;Bootcamp;4;0;600;Card;Apex Legends;4.0;0
SESS-14648;2026-08-02 13:25:38;USR-1667;2006-08-08;F;VIP;1;160;200;Card;CS2;;0
SESS-12853;2026-08-18 15:58:32;USR-1394;2007-06-09;F;Standard;2;240;200;Card;Dota 2;;0
SESS-14759;2026-08-19 09:59:32;USR-1619;1989-11-18;F;VIP;3;900;600;Cash;GTA V;;0
SESS-14809;2026-08-15 19:08:37;USR-1655;2007-10-26;M;Bootcamp;1;0;150;Card;CS2;;0
SESS-12290;2026-08-19 16:59:29;USR-1048;2012-12-04;M;Standard;2;80;200;App;CS2;3.0;0
SESS-12050;2026-08-02 16:29:22;USR-1157;2009-12-23;M;Standard;3;120;300;Card;Minecraft;;0
SESS-10025;2026-08-11 19:35:15;USR-1656;1993-08-12;M;Standard;4;0;400;Card;CS2;;0
SESS-12801;2026-08-04 18:53:23;USR-1039;1994-11-20;M;Standard;2;240;200;Card;Dota 2;;0
SESS-10034;2026-08-20 21:32:54;USR-1706;2006-03-20;M;VIP;2;0;400;App;CS2;;0
SESS-10343;2026-08-16 09:21:46;USR-1543;2011-02-13;M;Standard;8;640;800;App;Dota 2;4.0;0
SESS-10472;2026-08-26 19:16:25;USR-1263;1996-06-11;F;Bootcamp;3;900;450;Card;PUBG;;0
SESS-10511;2026-08-18 22:25:18;USR-1077;2006-09-21;M;VIP;12;2070;2400;Card;Dota 2;4.0;0
SESS-13251;2026-08-22 22:23:31;USR-1289;2011-06-28;M;PS5;8;0;1800;Card;CS2;;1
SESS-11128;2026-08-26 13:21:01;USR-1073;2003-06-06;M;Bootcamp;3;630;450;Card;CS2;;0
SESS-12677;2026-08-09 15:54:37;USR-1042;2004-05-10;F;Bootcamp;2;0;300;Card;CS2;;0
SESS-13847;2026-08-05 13:36:06;USR-1139;2012-01-04;M;VIP;8;448;1440;Card;Apex Legends;4.5;1
SESS-11028;2026-08-29 00:53:35;USR-1260;1991-05-12;F;ps5;8;2300;1200;Card;Cyberpunk 2077;4.0;0
SESS-12037;2026-08-28 17:57:34;USR-1021;2008-06-07;M;Bootcamp;2;240;300;Card;Dota 2;5.0;0
SESS-14503;2026-08-06 23:06:20;USR-1050;2002-06-22;M;Bootcamp;8;0;1200;Card;CS2;;0
SESS-11661;2026-08-02 19:17:30;USR-1056;1997-07-15;M;PS5;2;510;500;Card;GTA V;3.0;0
SESS-14866;2026-08-10 22:05:22;USR-1072;2007-05-10;M;Bootcamp;5;0;750;Card;CS2;4.0;0
SESS-12232;2026-08-05 17:18:05;USR-1087;2005-04-04;M;Standard;2;160;200;Card;CS2;;0
SESS-11385;2026-08-01 18:55:33;USR-1296;2003-05-03;M;Bootcamp;4;784;540;Card;CS2;2.0;1
SESS-14919;2026-08-23 14:34:34;USR-1616;2009-04-21;M;Bootcamp;4;448;540;App;Dota 2;4.0;1
SESS-13876;2026-08-26 09:35:34;USR-1001;2003-05-28;M;Standard;1;160;100;App;CS2;;0
SESS-11478;2026-08-26 10:25:23;USR-1621;1996-05-04;M;Standard;1;180;100;Card;Dota 2;;0
SESS-11643;2026-08-08 01:39:11;USR-1333;2010-05-03;M;Standard;3;0;300;Cash;Minecraft;4.0;0
SESS-14985;2026-08-07 12:36:20;USR-1247;2006-11-15;F;Standard;2;0;200;Card;Deadlock;;0
SESS-12421;2026-08-25 17:44:57;USR-1686;2009-08-20;M;Bootcamp;1;0;150;App;Minecraft;;0
SESS-11981;2026-08-20 17:04:15;USR-1070;2008-12-23;F;Standard;3;0;300;Card;Valorant;4.5;0
SESS-11018;2026-08-18 15:10:39;USR-1281;1992-09-11;M;VIP;8;1260;1600;App;Cyberpunk 2077;5.0;0
SESS-11755;2026-08-30 09:39:42;USR-1338;2004-01-16;M;Bootcamp;3;0;450;Card;Cyberpunk 2077;;0
SESS-13447;2026-08-30 17:34:27;USR-1746;2007-07-05;M;Bootcamp;4;0;600;Card;CS2;4.5;0
SESS-12799;2026-08-29 18:56:22;USR-1120;1991-02-07;M;PS5;4;1150;1000;Card;GTA V;4.0;0
SESS-12398;2026-08-03 18:24:09;USR-1197;2004-03-03;M;Bootcamp;2;0;300;Card;CS2;;0
SESS-13270;2026-08-19 18:33:54;USR-1050;2002-06-22;M;VIP;3;0;600;App;CS2;4.0;0
SESS-10552;2026-08-04 02:06:15;USR-1003;2004-08-17;M;Standard;4;0;360;Card;Valorant;;1
SESS-13007;2026-08-28 23:57:27;USR-1006;2008-10-28;M;Bootcamp;8;0;1200;Card;CS2;4.0;0
SESS-12593;2026-08-02 19:19:22;USR-1276;1994-09-21;M;PS5;3;1050;750;App;Deadlock;;0
SESS-13850;2026-08-12 13:54:36;USR-1110;2012-12-13;F;Bootcamp;2;0;300;App;Minecraft;;0
SESS-14454;2026-08-06 13:31:54;USR-1641;2003-08-01;M;Standard;4;480;400;Card;CS2;5.0;0
SESS-12606;2026-08-07 11:52:35;USR-1219;2011-05-09;M;Standard;2;0;200;App;Minecraft;;0
SESS-11543;2026-08-18 19:46:33;USR-1666;1996-10-13;F;Bootcamp;4;0;600;Cash;Cyberpunk 2077;5.0;0
SESS-11854;2026-08-21 17:11:16;USR-1108;1991-01-03;M;VIP;2;660;400;Card;Browser/Work;4.5;0
SESS-13506;2026-08-18 15:47:20;USR-1002;2004-11-16;F;Bootcamp;2;320;300;Card;Dota 2;;0
SESS-11471;2026-08-06 03:12:46;USR-1001;2003-05-28;M;Standard;4;672;360;App;Valorant;;1
SESS-13374;2026-08-21 16:01:07;USR-1187;2012-08-18;M;Standard;1;0;100;Cash;Minecraft;;0
SESS-11497;2026-08-30 06:44:04;USR-1227;2006-05-06;M;VIP;1;0;200;Card;Deadlock;;0
SESS-13658;2026-08-02 22:35:19;USR-1764;2000-10-09;M;VIP;3;0;600;Card;GTA V;;0
SESS-12072;2026-08-09 14:54:28;USR-1096;2004-01-06;M;Standard;2;240;200;App;Dota 2;;0
SESS-10856;2026-08-21 22:10:58;USR-1170;2005-04-22;M;Standard;8;0;720;Card;PUBG;4.0;1
SESS-12841;2026-08-15 14:01:36;USR-1102;1997-01-21;M;Standard;2;500;200;App;Cyberpunk 2077;;0
SESS-13799;2026-08-07 21:13:17;USR-1664;2007-09-01;F;VIP;2;434;360;App;CS2;5.0;1
SESS-13299;2026-08-08 15:01:21;USR-1603;1992-03-04;M;Standard;2;0;200;Card;GTA V;;0
SESS-12926;2026-08-24 15:48:07;USR-1301;2006-12-07;M;VIP;2;310;400;App;GTA V;;0
SESS-14894;2026-08-16 08:10:55;USR-1088;2007-06-21;F;Bootcamp;1;0;150;Card;Apex Legends;;0
SESS-11757;2026-08-23 16:33:53;USR-1187;2012-08-18;M;Standard;3;0;270;App;CS2;;1
SESS-10607;2026-08-07 13:01:07;USR-1083;1998-11-16;M;PS5;3;923;675;Card;PUBG;;1
SESS-12923;2026-08-21 11:49:24;USR-1728;1993-08-27;M;VIP;2;510;400;Card;CS2;;0
SESS-15032;2026-08-11 12:58:33;USR-1617;2005-08-01;M;VIP;2;470;400;Card;CS2;5.0;0
SESS-11397;2026-08-15 01:24:27;USR-1136;2005-05-16;M;PS5;5;600;1250;Card;CS2;4.5;0
SESS-13101;2026-08-26 17:59:02;USR-1155;2007-01-07;m;Standard;4;0;400;Card;PUBG;;0
SESS-14098;2026-08-12 16:10:38;USR-1004;2011-09-09;M;PS5;2;0;500;Card;Deadlock;;0
SESS-10483;2026-08-24 23:56:47;USR-1023;2003-06-20;M;VIP;8;0;1600;App;CS2;4.0;0
SESS-10930;2026-08-15 18:16:15;USR-1121;2004-12-08;M;Bootcamp;2;0;270;App;CS2;;1
SESS-14138;2026-08-10 08:31:13;USR-1172;2006-09-13;M;PS5;2;240;500;Cash;Deadlock;4.0;0
SESS-14145;2026-08-09 12:02:02;USR-1521;2010-06-14;F;VIP;5;280;900;App;Deadlock;4.5;1
SESS-13269;2026-08-01 15:06:57;USR-1194;2005-12-26;M;VIP;3;784;540;Card;Valorant;;1
SESS-12222;2026-08-31 20:34:28;USR-1560;2011-05-15;M;Standard;3;180;300;App;Dota 2;4.0;0
SESS-10577;2026-08-31 15:30:14;USR-1298;2006-03-25;M;Standard;1;0;100;Card;Valorant;;0
SESS-11269;2026-08-27 16:54:55;USR-1152;2006-10-26;M;Standard;1;0;100;Card;Dota 2;3.0;0
SESS-14799;2026-08-21 12:17:23;USR-1155;2007-01-07;M;Bootcamp;1;160;150;Card;Dota 2;4.0;0
SESS-13754;2026-08-21 13:16:30;USR-1541;2005-11-07;M;VIP;2;390;400;App;Valorant;4.0;0
SESS-13814;2026-08-17 16:06:07;USR-1716;2003-04-06;M;Standard;2;0;200;Cash;Dota 2;;0
SESS-13049;2026-08-23 17:56:40;USR-1155;2007-01-07;M;Standard;3;240;300;Card;Dota 2;3.0;0
SESS-10492;2026-08-07 18:54:38;USR-1651;2011-12-18;M;Standard;1;0;100;Cash;Dota 2;;0
SESS-14720;2026-08-22 17:25:10;USR-1095;1997-11-18;M;VIP;3;660;600;Card;CS2;4.5;0
SESS-10530;2026-08-26 17:41:24;USR-1534;2005-10-07;M;Bootcamp;2;0;300;App;Dota 2;;0
SESS-13628;2026-08-01 10:54:41;USR-1022;2004-01-17;M;Bootcamp;2;320;300;Card;CS2;;0
SESS-14471;2026-08-10 12:44:10;USR-1170;2005-04-22;M;Standard;2;0;200;Card;CS2;;0
SESS-11652;2026-08-25 14:26:05;USR-1165;2010-05-26;M;Bootcamp;2;0;300;Cash;CS2;4.0;0
SESS-13422;2026-08-16 18:09:57;USR-1211;2012-01-03;M;Standard;2;0;200;App;Deadlock;;0
SESS-10540;2026-08-26 18:18:12;USR-1023;2003-06-20;M;Standard;3;480;300;Card;CS2;;0
SESS-13854;2026-08-14 19:41:37;USR-1100;2003-03-23;M;Bootcamp;12;1110;1800;Card;Dota 2;5.0;0
SESS-14259;2026-08-05 03:47:51;USR-1608;2012-09-08;M;Bootcamp;2;0;300;Cash;CS2;4.5;0
SESS-14301;2026-08-04 20:00:58;USR-1152;2006-10-26;M;Standard;3;503;270;Card;Valorant;4.5;1
SESS-13628;2026-08-01 10:54:41;USR-1022;2004-01-17;M;Bootcamp;2;320;300;Card;CS2;;0
SESS-11911;2026-08-22 11:49:45;USR-1207;2007-02-06;F;PS5;3;503;675;App;CS2;4.5;1
SESS-13258;2026-08-24 18:03:39;USR-1173;2007-03-18;M;PS5;3;240;750;App;Minecraft;4.0;0
SESS-11572;2026-08-28 16:09:27;USR-1356;2012-03-10;M;Standard;3;120;300;App;Dota 2;;0
SESS-10808;2026-08-21 16:34:50;USR-1123;2005-11-01;M;VIP;1;0;200;App;PUBG;5.0;0
SESS-14628;2026-08-29 11:01:04;USR-1389;2007-02-07;M;VIP;5;0;1000;Cash;Deadlock;;0
SESS-12929;2026-08-14 12:31:06;USR-1023;2003-06-20;M;VIP;2;320;400;Card;Dota 2;;0
SESS-14132;2026-08-25 18:08:32;USR-1592;2000-11-26;M;VIP;1;270;200;Card;Browser/Work;4.0;0
SESS-13667;2026-08-15 18:57:18;USR-1221;1996-07-08;M;Standard;3;0;300;Card;CS2;;0
SESS-12395;2026-08-15 20:10:36;USR-1289;2011-06-28;M;PS5;1;80;250;Card;Minecraft;;0
SESS-13459;2026-08-29 08:54:34;USR-1471;2002-04-21;F;Bootcamp;2;390;300;Card;CS2;1.0;0
SESS-13288;2026-08-08 19:50:47;USR-1083;1998-11-16;M;PS5;4;0;1000;Card;CS2;;0
SESS-10608;2026-08-27 00:29:14;USR-1111;2000-02-14;M;Standard;12;0;1200;App;Cyberpunk 2077;4.5;0
SESS-10326;2026-08-10 12:40:50;USR-1368;2012-02-13;M;VIP;2;120;400;App;CS2;;0
SESS-10265;2026-08-27 21:07:36;USR-1094;1996-06-19;M;Bootcamp;2;0;300;Card;Dota 2;;0
SESS-12143;2026-08-31 17:54:10;USR-1498;2012-10-27;M;Standard;2;0;200;Card;Minecraft;;0
SESS-10007;2026-08-30 08:28:29;USR-1728;1993-08-27;M;Bootcamp;3;690;450;Card;CS2;2.0;0
SESS-10382;2026-08-07 15:51:06;USR-1136;2005-05-16;M;Standard;8;960;800;App;CS2;4.5;0
SESS-14107;2026-08-05 10:05:05;USR-1258;1998-08-15;M;VIP;2;390;400;Card;CS2;4.0;0
SESS-14949;2026-08-29 16:41:44;USR-1530;2006-04-19;M;Standard;4;640;400;Card;Valorant;;0
SESS-10562;2026-08-23 02:06:16;USR-1597;2006-03-09;M;PS5;3;360;750;Card;Valorant;;0
SESS-10724;2026-08-28 00:03:25;USR-1190;2009-09-19;M;Standard;5;0;500;App;CS2;;0
SESS-11434;2026-08-01 09:10:47;USR-1337;2009-02-20;F;Standard;2;0;200;Card;CS2;;0
SESS-12866;2026-08-22 20:26:49;USR-1624;2009-06-09;M;PS5;2;0;500;Card;Dota 2;4.0;0
SESS-12384;2026-08-12 22:55:46;USR-1686;2009-08-20;M;Bootcamp;12;1007;1620;App;Dota 2;;1
SESS-13224;2026-08-12 17:30:03;USR-1533;2004-07-09;M;Standard;2;0;200;Card;CS2;;0
SESS-12069;2026-08-21 17:40:43;USR-1382;2007-03-24;M;Standard;2;0;180;App;Valorant;;1
SESS-11132;2026-08-11 01:10:49;USR-1169;2006-10-11;M;PS5;8;896;1800;Card;CS2;;1
SESS-10783;2026-08-08 20:55:12;USR-1079;2007-12-07;M;Standard;2;320;200;Card;Dota 2;;0
SESS-12458;2026-08-01 13:53:14;USR-1761;2009-12-20;M;Standard;1;40;100;Card;CS2;5.0;0
SESS-12487;2026-08-24 23:32:30;USR-1406;2008-06-24;M;Bootcamp;3;448;405;App;CS2;;1
SESS-10123;2026-08-14 18:38:14;USR-1393;2012-12-28;M;VIP;3;0;540;App;Minecraft;;1
SESS-14933;2026-08-05 15:27:09;USR-1075;2004-09-10;M;Standard;2;320;200;Card;CS2;4.0;0
SESS-10972;2026-08-07 01:44:02;USR-1323;2004-11-08;M;VIP;8;1106;1440;Card;PUBG;4.0;1
SESS-12940;2026-08-13 02:23:55;USR-1054;2005-04-23;M;Standard;1;120;100;App;CS2;4.0;0
SESS-13158;2026-08-07 22:10:22;USR-1055;2009-07-20;M;Standard;8;0;800;Cash;Deadlock;4.5;0
SESS-14758;2026-08-09 11:11:26;USR-1138;2005-08-06;M;Standard;5;0;450;App;Deadlock;5.0;1
SESS-13164;2026-08-29 19:33:10;USR-1420;2001-03-02;M;Standard;1;0;100;Card;CS2;;0
SESS-10150;2026-08-07 14:34:34;USR-1544;1993-05-10;M;PS5;3;0;750;Card;GTA V;4.0;0
SESS-14708;2026-08-02 08:42:20;USR-1143;2007-05-26;M;PS5;2;0;500;Card;CS2;;0
SESS-12045;2026-08-30 13:51:54;USR-1651;2011-12-18;M;Standard;3;0;300;App;Dota 2;;0
SESS-10216;2026-08-04 18:10:37;USR-1069;2004-02-20;M;Bootcamp;2;240;300;App;CS2;4.0;0
SESS-11114;2026-08-05 17:47:39;USR-1334;2010-11-15;M;Standard;2;0;200;App;Dota 2;;0
SESS-10457;2026-08-30 17:17:45;USR-1650;2004-06-28;M;Bootcamp;2;320;300;App;PUBG;5.0;0
SESS-10203;2026-08-06 12:30:55;USR-1123;2005-11-01;M;Bootcamp;3;616;405;Cash;CS2;5.0;1
SESS-13172;2026-08-10 22:06:26;USR-1527;2003-03-24;M;Bootcamp;5;0;750;App;Dota 2;;0
SESS-13089;2026-08-26 22:59:53;USR-1735;2008-10-01;M;VIP;8;790;1600;Card;CS2;;0
SESS-11171;2026-08-02 10:57:11;USR-1153;2006-01-07;M;Standard;4;640;400;Cash;CS2;3.0;0
SESS-13842;2026-08-28 19:03:15;USR-1058;2011-10-04;M;Standard;2;120;200;App;Deadlock;;0
SESS-15084;2026-08-10 16:23:13;USR-1171;2009-02-26;M;Standard;3;336;270;Card;Valorant;;1
SESS-14699;2026-08-19 20:35:48;USR-1439;2009-10-14;M;Bootcamp;1;0;135;Card;CS2;;1
SESS-11040;2026-08-22 20:00:02;USR-1483;2004-09-14;F;Standard;2;0;200;App;Valorant;;0
SESS-13195;2026-08-20 20:48:11;USR-1370;2008-05-25;M;VIP;4;630;800;Card;CS2;;0
SESS-14026;2026-08-05 12:58:06;USR-1362;2001-07-13;M;Bootcamp;1;280;135;Card;Dota 2;;1
SESS-11949;2026-08-02 19:54:18;USR-1152;2006-10-26;M;Standard;3;336;270;App;Dota 2;4.5;1
SESS-14109;2026-08-03 22:59:18;USR-1744;2004-08-18;M;Standard;8;1792;720;Card;Valorant;4.0;1
SESS-10454;2026-08-18 22:52:24;USR-1507;2006-07-11;M;Bootcamp;8;0;1080;Card;CS2;5.0;1
SESS-10537;2026-08-04 14:25:29;USR-1072;2007-05-10;M;Standard;3;336;270;Card;CS2;;1
SESS-13976;2026-08-25 23:33:59;USR-1071;2004-05-19;F;Standard;8;0;720;Card;CS2;4.0;1
SESS-12835;2026-08-17 19:31:52;USR-1118;2006-06-28;M;Standard;1;160;100;Card;CS2;;0
SESS-14242;2026-08-26 02:18:52;USR-1137;2005-12-19;M;PS5;3;0;750;Card;CS2;;0
SESS-14742;2026-08-09 14:09:19;USR-1617;2005-08-01;M;VIP;2;336;360;Card;Dota 2;5.0;1
SESS-14179;2026-08-26 19:15:45;USR-1788;2006-11-06;M;VIP;5;0;900;Card;Dota 2;5.0;1
SESS-10965;2026-08-06 18:58:10;USR-1548;1991-05-06;F;VIP;4;0;800;Card;Cyberpunk 2077;;0
SESS-12294;2026-08-30 07:22:37;USR-1058;2011-10-04;M;Bootcamp;4;0;600;Card;Valorant;5.0;0
SESS-13123;2026-08-31 23:59:26;USR-1357;2009-05-07;M;PS5;12;0;3000;Cash;GTA V;;0
SESS-11087;2026-08-08 23:59:04;USR-1796;1998-12-28;F;Standard;3;750;300;Card;Cyberpunk 2077;4.0;0
SESS-11811;2026-08-30 15:55:12;USR-1724;2006-08-04;M;Standard;4;0;400;App;Valorant;;0
SESS-14555;2026-08-23 19:32:22;USR-1093;2003-03-25;M;Bootcamp;5;1050;675;Card;CS2;;1
SESS-11306;2026-08-04 16:07:29;USR-1457;2012-11-03;M;VIP;4;0;720;Cash;Minecraft;;1
SESS-10161;2026-08-05 16:43:02;USR-1152;2006-10-26;M;VIP;3;0;600;Cash;Dota 2;;0
SESS-11931;2026-08-07 13:38:04;USR-1039;1994-11-20;M;PS5;4;1819;900;App;Cyberpunk 2077;4.5;1
SESS-13412;2026-08-30 21:56:14;USR-1454;2010-09-24;M;Standard;4;0;400;Card;Valorant;3.0;0
SESS-14197;2026-08-16 15:46:04;USR-1727;2010-11-16;M;Standard;3;0;270;Card;Minecraft;;1
SESS-12956;2026-08-31 13:45:18;USR-1573;1995-03-18;M;VIP;3;714;540;Card;CS2;4.0;1
SESS-11299;2026-08-09 18:06:54;USR-1047;2007-02-05;M;Standard;1;0;100;Card;CS2;;0
SESS-15110;2026-08-29 13:03:26;USR-1033;2004-01-16;M;Bootcamp;4;720;600;Card;CS2;4.5;0
SESS-12697;2026-08-14 12:04:30;USR-1796;1998-12-28;F;VIP;5;1550;1000;Cash;PUBG;;0
SESS-12333;2026-08-01 13:37:16;USR-1096;2004-01-06;M;Standard;3;360;300;App;Dota 2;;0
SESS-10271;2026-08-22 17:46:39;USR-1156;2010-02-04;M;Bootcamp;8;0;1200;App;Dota 2;4.0;0
SESS-15023;2026-08-24 02:53:40;USR-1027;2010-09-10;M;Standard;4;0;400;Card;CS2;;0
SESS-14326;2026-08-20 18:45:56;USR-1037;2008-05-17;F;Standard;2;160;200;Card;Valorant;;0
SESS-13397;2026-08-22 18:39:03;USR-1190;2009-09-19;M;Standard;2;160;200;Cash;CS2;3.0;0
SESS-10791;2026-08-30 02:49:29;USR-1463;2007-09-18;M;VIP;4;0;800;Card;CS2;5.0;0
SESS-13486;2026-08-27 07:27:57;USR-1519;2001-01-22;M;Standard;3;0;300;App;CS2;;0
SESS-14872;2026-08-01 02:40:17;USR-1029;2011-12-05;M;Standard;1;0;100;App;CS2;;0
SESS-11884;2026-08-05 19:00:38;USR-1233;2010-11-15;M;Bootcamp;1;0;150;App;Deadlock;;0
SESS-13093;2026-08-29 13:37:03;USR-1015;2009-09-15;M;Standard;4;0;360;App;Minecraft;;1
SESS-12489;2026-08-25 17:30:32;USR-1437;1992-02-27;F;PS5;1;400;250;Card;GTA V;5.0;0
SESS-11848;2026-08-07 10:19:57;USR-1200;2005-09-08;M;Bootcamp;2;0;300;Card;Apex Legends;;0
SESS-11084;2026-08-12 10:03:35;USR-1476;2007-12-13;M;Standard;3;0;300;Card;Valorant;;0
SESS-11987;2026-08-21 17:51:51;USR-1629;2005-03-27;F;Standard;2;320;200;Card;CS2;;0
SESS-11400;2026-08-28 09:10:45;USR-1257;2011-07-27;M;Standard;2;168;180;App;CS2;;1
SESS-12177;2026-08-27 17:29:58;USR-1101;2002-07-27;F;Standard;2;0;180;Card;CS2;;1
SESS-13580;2026-08-10 15:34:37;USR-1358;2010-04-10;M;Standard;3;0;270;App;Minecraft;;1
SESS-10024;2026-08-14 17:41:20;USR-1121;2004-12-08;M;Standard;2;0;200;App;Dota 2;;0
SESS-14484;2026-08-29 11:30:41;USR-1632;2004-01-17;F;VIP;2;400;400;Cash;Apex Legends;4.5;0
SESS-11059;2026-08-08 23:00:58;USR-1106;2007-05-17;F;Standard;3;240;300;Card;PUBG;;0
SESS-14541;2026-08-10 16:49:18;USR-1025;2005-11-06;M;VIP;3;714;540;App;PUBG;;1
SESS-14061;2026-08-13 16:49:45;USR-1625;2009-02-28;F;Bootcamp;2;120;300;App;CS2;5.0;0
SESS-14905;2026-08-15 17:44:46;USR-1678;2008-08-01;M;VIP;5;1232;900;Card;CS2;5.0;1
SESS-11271;2026-08-29 16:28:46;USR-1046;2010-11-19;M;Bootcamp;1;0;150;App;CS2;;0
SESS-13887;2026-08-09 16:29:27;USR-1053;2010-07-19;M;Standard;5;400;500;Cash;Dota 2;4.5;0
SESS-15000;2026-08-15 12:38:51;USR-1666;1996-10-13;F;PS5;4;1428;900;Card;CS2;4.5;1
SESS-14434;2026-08-02 19:06:51;USR-1778;2008-12-15;M;Standard;1;80;100;App;CS2;;0
SESS-12506;2026-08-11 16:49:55;USR-1045;2007-06-12;M;Bootcamp;3;616;405;Card;CS2;;1
SESS-11611;2026-08-16 17:41:29;USR-1469;2009-03-24;F;Standard;2;120;200;App;Dota 2;;0
SESS-11788;2026-08-18 17:12:34;USR-1553;1985-07-17;F;VIP;3;1260;540;Card;Browser/Work;4.0;1
SESS-11773;2026-08-29 11:23:38;USR-1129;2010-06-11;M;Standard;2;0;200;App;CS2;;0
SESS-11554;2026-08-09 07:26:18;USR-1064;1999-11-15;M;PS5;2;510;500;Cash;Cyberpunk 2077;5.0;0
SESS-10583;2026-08-22 08:38:28;USR-1759;2006-08-24;M;VIP;3;784;540;Card;CS2;4.0;1
SESS-10057;2026-08-02 14:41:54;USR-1309;2010-07-25;M;Standard;4;160;400;App;Minecraft;4.0;0
SESS-10002;2026-08-17 20:12:46;USR-1725;2005-05-24;M;Standard;4;448;360;Card;CS2;;1
SESS-11145;2026-08-25 15:52:21;USR-1396;2011-05-07;M;Bootcamp;2;0;300;App;CS2;;0
SESS-14219;2026-08-30 15:44:57;USR-1469;2009-03-24; F ;Standard;1;80;100;Cash;Apex Legends;5.0;0
SESS-15018;2026-08-29 10:49:52;USR-1160;2011-08-09;M;Standard;2;0;200;App;Dota 2;4.0;0
SESS-12474;2026-08-14 14:38:23;USR-1430;2011-04-04;M;Standard;2;168;180;Cash;CS2;;1
SESS-12512;2026-08-09 00:52:40;USR-1281;1992-09-11;M;PS5;3;690;750;Card;Dota 2;;0
SESS-11272;2026-08-01 20:16:07;USR-1112;2007-11-17;M;PS5;1;112;225;App;CS2;;1
SESS-11634;2026-08-15 14:08:34;USR-1207;2007-02-06;F;Standard;2;0;200;Card;Valorant;;0
SESS-14558;2026-08-31 18:57:04;USR-1117;2010-01-23;M;Standard;1;0;90;Cash;CS2;;1
SESS-14709;2026-08-07 16:14:36;USR-1069;2004-02-20;M;Standard;1;0;100;Card;CS2;;0
SESS-12215;2026-08-22 10:47:42;USR-1329;1992-12-25;M;VIP;2;0;360;App;Cyberpunk 2077;;1
SESS-11442;2026-08-21 20:40:40;USR-1133;2004-12-12;M;PS5;1;0;250;Card;CS2;4.0;0
SESS-11023;2026-08-10 21:50:12;USR-1209;2011-09-28;M;Bootcamp;5;280;675;Cash;CS2;5.0;1
SESS-11482;2026-08-19 15:00:11;USR-1266;2012-03-18;M;Bootcamp;1;60;150;App;CS2;;0
SESS-14015;2026-08-06 13:08:19;USR-1279;2009-04-12;M;Standard;1;60;100;Card;Dota 2;4.5;0
SESS-12775;2026-08-01 14:02:31;USR-1078;1987-05-15;M;PS5;2;390;500;Card;GTA V;5.0;0
SESS-14298;2026-08-05 00:17:11;USR-1215;2005-02-03;M;Standard;12;1440;1200;App;CS2;4.5;0
SESS-10939;2026-08-06 20:48:09;USR-1454;2010-09-24;M;Standard;2;160;200;Cash;CS2;;0
SESS-12743;2026-08-02 20:46:34;USR-1309;2010-07-25;M;Standard;3;0;270;;Minecraft;;1
SESS-13365;2026-08-15 00:06:50;USR-1074;2005-10-07;M;Bootcamp;3;440;450;App;Dota 2;5.0;0
SESS-14598;2026-08-12 22:23:24;USR-1450;2010-08-12;M;Bootcamp;8;320;1200;App;Minecraft;4.5;0
SESS-13424;2026-08-02 19:33:36;USR-1669;1994-10-18;M;Standard;2;240;200;Card;CS2;;0
SESS-10092;2026-08-22 17:10:46;USR-1791;2010-05-13;F;Standard;3;0;300;App;Minecraft;;0
SESS-10954;2026-08-20 20:19:23;USR-1149;1996-01-09;F;VIP;2;0;400;Card;Dota 2;;0
SESS-10360;2026-08-29 21:36:54;USR-1543;2011-02-13;M;Standard;1;40;100;App;GTA V;;0
SESS-12644;2026-08-18 19:40:31;USR-1744;2004-08-18;M;PS5;3;0;750;Cash;CS2;4.0;0
SESS-11487;2026-08-15 21:17:51;USR-1319;2011-01-21;M;Standard;4;0;360;Card;Dota 2;;1
SESS-14653;2026-08-21 01:48:35;USR-1096;2004-01-06;M;Standard;8;1344;720;Card;Minecraft;4.5;1
SESS-13884;2026-08-20 17:54:06;USR-1012;2005-04-17;M;Standard;4;0;400;App;CS2;;0
SESS-14711;2026-08-02 13:31:24;USR-1243;2005-12-12;M;Standard;1;0;100;App;GTA V;;0
SESS-11934;2026-08-09 11:22:18;USR-1078;1987-05-15;M;PS5;2;510;500;Card;Dota 2;;0
SESS-14843;2026-08-29 18:40:04;USR-1072;2007-05-10;M;VIP;4;0;800;Card;CS2;4.0;0
SESS-11136;2026-08-15 15:40:26;USR-1310;2003-07-07;M;Bootcamp;3;546;405;Card;Valorant;4.5;1
SESS-12461;2026-08-02 13:13:45;USR-1109;2003-06-27;M;VIP;1;0;200;Card;CS2;;0
SESS-14604;2026-08-25 22:00:06;USR-1110;2012-12-13;F;Standard;2;80;200;Cash;GTA V;4.5;0
SESS-11463;2026-08-31 17:04:10;USR-1374;2008-05-12;M;VIP;2;0;400;App;Dota 2;;0
SESS-12865;2026-08-06 18:09:40;USR-1494;2009-02-08;M;Standard;2;0;180;Cash;Valorant;5.0;1
SESS-11458;2026-08-07 16:03:13;USR-1669;1994-10-18;M;Standard;3;360;300;Card;Dota 2;;0
SESS-14425;2026-08-24 00:52:52;USR-1620;2009-02-13;M;VIP;5;0;1000;Cash;Dota 2;4.5;0
SESS-11030;2026-08-16 15:38:54;USR-1263;1996-06-11;F;PS5;2;390;500;App;Dota 2;;0
SESS-11853;2026-08-28 12:28:23;USR-1003;2004-08-17;M;VIP;1;0;180;Card;GTA V;;1
SESS-11515;2026-08-14 16:45:16;USR-1001;2003-05-28;M;Bootcamp;4;560;540;Card;CS2;4.0;1
SESS-12595;2026-08-25 20:21:19;USR-1484;2001-01-15;M;PS5;3;0;750;App;Apex Legends;;0
SESS-14796;2026-08-22 22:09:32;USR-1050;2002-06-22;M;Standard;3;480;300;Card;Valorant;5.0;0
SESS-11816;2026-08-08 19:11:01;USR-1472;2004-10-08;M;Bootcamp;3;546;405;App;CS2;4.0;1
SESS-11584;2026-08-09 17:23:16;USR-1341;2005-02-06;M;VIP;1;200;200;App;Dota 2;5.0;0
SESS-11369;2026-08-12 11:32:10;USR-1039;1994-11-20;M;PS5;3;0;750;Card;Dota 2;;0
SESS-12811;2026-08-22 17:14:53;USR-1097;2007-12-12;M;Standard;1;80;100;Cash;CS2;;0
SESS-11942;2026-08-01 19:13:47;USR-1014;2008-03-15;M;Bootcamp;1;270;150;Card;Apex Legends;1.0;0
SESS-12409;2026-08-10 15:29:23;USR-1308;2009-07-06;M;Bootcamp;2;0;300;App;CS2;;0
SESS-12764;2026-08-29 14:37:36;USR-1385;2004-11-12;M;VIP;1;434;180;Card;Dota 2;4.5;1
SESS-10814;2026-08-06 19:53:09;USR-1337;2009-02-20;F;Bootcamp;1;80;150;Card;Dota 2;;0
SESS-13824;2026-08-16 11:42:06;USR-1703;2010-09-27;M;Standard;2;0;200;Cash;CS2;4.0;0
SESS-11167;2026-08-01 19:50:54;USR-1348;2009-01-23;M;Standard;2;120;200;Cash;Dota 2;4.5;0
SESS-11416;2026-08-30 14:04:03;USR-1260;1991-05-12;F;Bootcamp;2;1120;270;App;Dota 2;;1
SESS-10767;2026-08-11 06:35:51;USR-1565;1998-07-08;F;VIP;2;0;400;Card;GTA V;5.0;0
SESS-14727;2026-08-07 12:45:58;USR-1047;2007-02-05;M;Standard;2;0;200;Card;Dota 2;;0
SESS-14476;2026-08-15 12:30:48;USR-1108;1991-01-03;M;Standard;1;180;100;Card;Cyberpunk 2077;4.0;0
SESS-12119;2026-08-17 14:58:22;USR-1109;2003-06-27;M;Bootcamp;8;0;1200;Card;CS2;;0
SESS-14277;2026-08-29 08:13:14;USR-1669;1994-10-18;M;Standard;2;360;200;Card;Cyberpunk 2077;4.0;0
SESS-12150;2026-08-07 12:46:49;USR-1549;2004-06-06;M;Bootcamp;1;230;150;App;Deadlock;4.0;0
SESS-10288;2026-08-07 19:06:07;USR-1232;2002-11-16;M;Standard;2;224;180;App;Valorant;;1
SESS-14152;2026-08-03 14:24:54;USR-1081;2006-01-23;M;Standard;2;0;200;App;CS2;;0
SESS-13485;2026-08-29 16:18:06;USR-1076;2001-08-10;M;Bootcamp;3;448;405;App;Valorant;;1
SESS-13777;2026-08-09 10:18:28;USR-1293;2005-01-24;M;Bootcamp;3;0;450;Card;CS2;;0
SESS-14623;2026-08-20 08:09:24;USR-1003;2004-08-17;M;Standard;1;112;90;Card;Apex Legends;4.5;1
SESS-10771;2026-08-03 10:00:33;USR-1374;2008-05-12;M;VIP;3;630;600;Card;Dota 2;4.0;0
SESS-14374;2026-08-15 16:25:31;USR-1373;2012-10-08;F;Standard;4;0;360;App;Minecraft;;1
SESS-14938;2026-08-13 21:48:53;USR-1134;2005-02-21;M;Standard;2;160;200;Card;Deadlock;;0
SESS-13169;2026-08-22 16:25:19;USR-1107;2004-12-19;M;Bootcamp;3;882;405;Card;CS2;4.5;1
SESS-10867;2026-08-06 21:21:30;USR-1526;2006-08-16;F;Standard;3;0;300;App;Dota 2;;0
SESS-13620;2026-08-18 18:18:56;USR-1347;2000-07-01;M;PS5;5;750;1250;Card;Dota 2;;0
SESS-14194;2026-08-26 15:38:43;USR-1132;2001-03-23;M;Bootcamp;1;0;150;Card;GTA V;;0
SESS-14803;2026-08-07 22:50:32;USR-1692;2000-01-27;M;Standard;8;2000;800;Card;CS2;4.5;0
SESS-14385;2026-08-08 14:02:37;USR-1542;1996-01-09;F;VIP;5;1050;900;Card;Cyberpunk 2077;4.0;1
SESS-10818;2026-08-15 15:01:01;USR-1266;2012-03-18;M;Standard;5;0;450;Cash;CS2;4.5;1
SESS-14403;2026-08-08 19:29:54;USR-1026;2006-05-04;M;Standard;4;0;360;Card;CS2;;1
SESS-14046;2026-08-13 18:00:41;USR-1203;1999-03-15;M;Standard;1;250;100;Card;Cyberpunk 2077;4.5;0
SESS-10379;2026-08-07 20:44:26;USR-1304;2003-01-18;M;Standard;1;120;100;App;CS2;;0
SESS-12521;2026-08-17 15:48:35;USR-1042;2004-05-10;F;Standard;2;240;200;Card;Apex Legends;3.0;0
SESS-15089;2026-08-20 21:06:32;USR-1153;2006-01-07;M;Standard;4;320;400;App;CS2;4.0;0
SESS-12683;2026-08-14 18:18:51;USR-1003;2004-08-17;M;Bootcamp;1;310;150;Card;CS2;2.0;0
SESS-12390;2026-08-06 23:44:09;USR-1037;2008-05-17;F;Bootcamp;8;1106;1080;Card;CS2;5.0;1
SESS-14213;2026-08-30 21:40:17;USR-1625;2009-02-28;F;Standard;12;1344;1080;App;Deadlock;;1
SESS-13686;2026-08-22 20:57:07;USR-1155;2007-01-07;M;VIP;1;0;200;Card;Valorant;;0
SESS-13581;2026-08-21 18:24:18;USR-1069;2004-02-20;M;Standard;3;503;270;App;Valorant;5.0;1
SESS-12036;2026-08-28 12:06:31;USR-1411;2008-04-01;F;Bootcamp;2;400;300;Card;CS2;;0
SESS-14082;2026-08-13 23:12:30;USR-1180;2011-11-28;M;Standard;8;640;800;Card;Deadlock;5.0;0
SESS-10937;2026-08-24 17:07:49;USR-1070;2008-12-23;F;Standard;3;672;270;App;CS2;4.0;1
SESS-11605;2026-08-25 14:21:07;USR-1693;2000-02-10;M;PS5;3;1050;750;Card;PUBG;;0
SESS-11972;2026-08-30 22:46:04;USR-1334;2010-11-15;M;Standard;8;448;720;Card;Dota 2;4.5;1
SESS-14247;2026-08-14 17:12:58;USR-1781;2001-02-18;M;Standard;2;224;180;App;CS2;;1
SESS-10392;2026-08-06 13:54:56;USR-1126;1998-09-28;M;Bootcamp;2;540;300;Card;CS2;4.0;0
SESS-10994;2026-08-16 19:03:36;USR-1116;1993-09-19;M;Standard;2;360;200;App;CS2;;0
SESS-11937;2026-08-26 17:10:47;USR-1105;1994-09-17;M;VIP;2;0;400;Card;Cyberpunk 2077;;0
SESS-13300;2026-08-28 18:01:24;USR-1314;2008-01-15;F;PS5;1;0;250;App;CS2;;0
SESS-13301;2026-08-09 21:38:30;USR-1441;2011-10-17;M;Standard;2;0;200;Cash;CS2;;0
SESS-10709;2026-08-31 16:04:19;USR-1555;1993-01-26;M;Standard;4;720;400;Card;CS2;;0
SESS-10132;2026-08-25 15:44:59;USR-1133;2004-12-12;M;Standard;1;80;100;Cash;CS2;4.0;0
SESS-10089;2026-08-29 17:31:02;USR-1190;2009-09-19;M;Standard;3;336;270;Card;Minecraft;;1
SESS-15150;2026-08-28 09:40:59;USR-1072;2007-05-10;M;Standard;3;0;270;Cash;CS2;;1
SESS-13930;2026-08-13 22:55:49;USR-1084;1999-10-26;M;Standard;12;0;1080;Card;Browser/Work;;1
SESS-11625;2026-08-08 15:02:05;USR-1071;2004-05-19;F;PS5;5;800;1250;Card;CS2;;0
SESS-10163;2026-08-07 02:16:12;USR-1138;2005-08-06;M;VIP;5;0;1000;Cash;Valorant;5.0;0
SESS-10307;2026-08-22 16:51:44;USR-1106;2007-05-17;F;PS5;4;0;1000;Card;Valorant;;0
SESS-10677;2026-08-06 22:36:02;USR-1535;1994-02-15;M;Standard;8;0;800;App;PUBG;3.0;0
SESS-11364;2026-08-06 15:44:09;USR-1113;2011-11-07;M;Bootcamp;1;0;150;App;CS2;;0
SESS-14133;2026-08-26 14:40:33;USR-1004;2011-09-09;M;Standard;4;0;400;App;Minecraft;;0
SESS-10739;2026-08-31 14:34:08;USR-1500;2006-05-26;M;Bootcamp;4;0;600;Card;Deadlock;;0
SESS-14193;2026-08-24 13:50:18;USR-1429;2011-06-24;F;Standard;3;0;300;Cash;CS2;;0
SESS-13570;2026-08-28 13:02:31;USR-1127;1997-11-22;M;PS5;1;330;250;Card;CS2;;0
SESS-11599;2026-08-29 18:25:49;USR-1022;2004-01-17;M;VIP;2;320;400;Card;CS2;4.0;0
SESS-12551;2026-08-24 18:54:20;USR-1037;2008-05-17;F;Standard;2;160;200;App;CS2;;0
SESS-10567;2026-08-01 18:31:30;USR-1640;1989-07-05;M;VIP;4;882;720;Card;Cyberpunk 2077;4.0;1
SESS-11170;2026-08-19 20:13:32;USR-1200;2005-09-08;M;Standard;1;120;100;Card;Deadlock;4.0;0
SESS-13218;2026-08-21 16:43:24;USR-1068;2004-06-11;M;VIP;2;320;400;Card;Dota 2;;0
SESS-14319;2026-08-28 07:18:32;USR-1049;2004-10-01;M;VIP ;2;240;200;Card;CS2;;0
SESS-14468;2026-08-22 10:21:52;USR-1331;2005-03-22;F;Bootcamp;2;0;300;Card;CS2;;0
SESS-12839;2026-08-01 21:24:20;USR-1333;2010-05-03;M;Standard;2;160;200;Card;CS2;3.0;0
SESS-11928;2026-08-16 12:18:03;USR-1040;1999-04-03;M;PS5;3;840;750;Card;CS2;;0
SESS-14087;2026-08-16 19:58:40;USR-1290;1994-11-20;M;Bootcamp;3;510;450;Card;GTA V;1.0;0
SESS-12921;2026-08-20 09:14:29;USR-1759;2006-08-24;M;Bootcamp;5;480;750;Card;CS2;;0
SESS-10871;2026-08-12 13:27:52;USR-1279;2009-04-12;M;Standard;1;0;100;Cash;CS2;;0
SESS-13466;2026-08-04 02:54:54;USR-1014;2008-03-15;M;Bootcamp;2;240;300;App;Dota 2;;0
SESS-14651;2026-08-09 16:26:29;USR-1130;2007-08-16;M;Bootcamp;1;160;150;Card;Dota 2;;0
SESS-14747;2026-08-13 22:25:50;USR-1470;2002-11-07;M;Standard;5;600;500;Cash;CS2;4.0;0
SESS-11151;2026-08-13 20:21:31;USR-1376;2004-04-12;F;Bootcamp;2;0;300;Card;Valorant;;0
SESS-13015;2026-08-02 17:19:25;USR-1381;2006-04-27;F;Standard;1;0;100;App;Valorant;;0
SESS-11258;2026-08-18 17:01:55;USR-1363;2005-05-05;M;VIP;2;310;400;App;Dota 2;3.0;0
SESS-14882;2026-08-09 22:10:49;USR-1010;2009-04-04;F;Bootcamp;8;0;1200;Cash;Minecraft;4.5;0
SESS-15038;2026-08-29 09:27:44;USR-1295;2006-10-15;F;Standard;1;0;100;Card;Dota 2;5.0;0
SESS-11159;2026-08-30 15:45:18;USR-1073;2003-06-06;M;Standard;3;0;300;Card;Valorant;4.5;0
SESS-13805;2026-08-31 16:46:36;USR-1087;2005-04-04;M;VIP;2;470;400;Card;Apex Legends;3.0;0
SESS-10688;2026-08-16 10:49:07;USR-1025;2005-11-06;M;Bootcamp;1;0;150;Card;CS2;;0
SESS-14802;2026-08-03 18:03:34;USR-1073;2003-06-06;M;Standard;2;320;200;App;CS2;;0
SESS-13036;2026-08-24 20:46:40;USR-1400;1996-03-14;M;VIP;3;510;600;Card;Cyberpunk 2077;5.0;0
SESS-13932;2026-08-15 11:58:42;USR-1158;2010-11-08;M;Bootcamp;3;0;405;Cash;Dota 2;;1
SESS-13405;2026-08-22 06:54:01;USR-1734;2009-03-12;M;Bootcamp;3;251;405;App;Minecraft;5.0;1
SESS-14744;2026-08-28 18:02:45;USR-1124;2008-09-24;M;VIP;1;280;180;Card;CS2;5.0;1
SESS-11563;2026-08-18 11:14:58;USR-1641;2003-08-01;M;VIP;5;1330;900;Card;Dota 2;;1
SESS-13503;2026-08-14 14:52:29;USR-1309;2010-07-25;M;Standard;2;120;200;Card;CS2;;0
SESS-10573;2026-08-21 17:17:45;USR-1091;2004-06-20;F;Bootcamp;3;0;450;App;PUBG;2.0;0
SESS-14671;2026-08-04 15:32:48;USR-1105;1994-09-17;M;VIP;2;0;400;App;Cyberpunk 2077;;0
SESS-15060;2026-08-22 14:57:27;USR-1104;2009-06-16;M;Bootcamp;2;160;300;Card;Valorant;5.0;0
SESS-15050;2026-08-29 22:59:25;USR-1022;2004-01-17;M;Bootcamp;3;510;450;Card;Valorant;2.0;0
SESS-13725;2026-08-02 11:07:21;USR-1171;2009-02-26;M;Bootcamp;4;448;540;Cash;CS2;4.0;1
SESS-13283;2026-08-10 15:21:12;USR-1138;2005-08-06;M;Bootcamp;2;0;300;Card;Deadlock;;0
SESS-14422;2026-08-22 17:29:31;USR-1134;2005-02-21;M;Standard;2;160;200;Card;CS2;;0
SESS-10546;2026-08-24 13:31:51;USR-1090;1989-07-13;F;Bootcamp;2;650;300;Card;Browser/Work;4.5;0
SESS-11521;2026-08-02 19:50:23;USR-1788;2006-11-06;M;Standard;1;0;100;Card;CS2;;0
SESS-14745;2026-08-28 14:15:37;USR-1074;2005-10-07;1;Standard;5;840;450;Card;CS2;;1
SESS-11379;2026-08-04 15:28:49;USR-1108;1991-01-03;M;VIP;2;800;400;Card;GTA V;;0
SESS-15075;2026-08-01 23:09:17;USR-1036;2007-07-18;M;Standard;8;1280;800;Card;Valorant;3.0;0
SESS-10398;2026-08-18 13:02:39;USR-1623;1995-07-16;M;PS5;4;1218;900;Card;Dota 2;5.0;1
SESS-10484;2026-08-22 15:00:03;USR-1680;2007-09-20;M;Standard;1;80;100;Card;Dota 2;;0
SESS-11256;2026-08-28 16:03:23;USR-1523;2009-04-04;M;PS5;1;0;250;App;PUBG;5.0;0
SESS-10805;2026-08-16 19:19:53;USR-1128;2010-09-14;M;VIP;2;0;400;Cash;Minecraft;;0
SESS-13525;2026-08-24 21:58:41;USR-1553;1985-07-17;F;VIP;4;882;720;;Cyberpunk 2077;;1
SESS-12781;2026-08-21 14:32:13;USR-1396;2011-05-07;M;Bootcamp;1;0;150;Cash;Dota 2;;0
SESS-12329;2026-08-14 21:06:25;USR-1125;2012-03-20;M;Bootcamp;2;120;300;App;Minecraft;;0
SESS-13448;2026-08-13 15:16:43;USR-1641;2003-08-01;M;PS5;3;672;675;Card;CS2;4.0;1
SESS-12466;2026-08-14 12:56:49;USR-1056;1997-07-15;M;VIP;2;510;400;Cash;CS2;5.0;0
SESS-14808;2026-08-30 20:28:59;USR-1702;2008-11-05;M;Standard;4;0;360;App;CS2;;1
SESS-11615;2026-08-09 11:53:41;USR-1200;2005-09-08;M;VIP;1;0;200;Card;CS2;;0
SESS-13472;2026-08-31 13:27:10;USR-1117;2010-01-23;M;Standard;5;0;450;App;Minecraft;4.0;1
SESS-10653;2026-08-25 14:04:45;USR-1341;2005-02-06;M;Standard;1;0;100;Card;Dota 2;;0
SESS-11410;2026-08-08 20:56:43;USR-1796;1998-12-28;F;VIP;4;0;720;Card;Cyberpunk 2077;5.0;1
SESS-12116;2026-08-30 17:43:35;USR-1071;2004-05-19;F;Standard;4;896;360;App;Dota 2;;1
SESS-13381;2026-08-08 19:21:04;USR-1364;2002-09-03;M;PS5;3;0;750;Card;Dota 2;;0
SESS-11360;2026-08-30 20:21:20;USR-1007;2009-09-04;M;Standard;1;40;100;App;Minecraft;;0
SESS-13297;2026-08-22 17:42:00;USR-1122;2010-04-17;M;Bootcamp;4;160;600;Cash;Minecraft;2.0;0
SESS-12666;2026-08-25 22:03:59;USR-1016;1989-08-17;F;VIP;8;2300;1600;Card;Dota 2;;0
SESS-14732;2026-08-02 18:35:09;USR-1153;2006-01-07;M;Standard;8;1792;720;Card;Dota 2;;1
SESS-13205;2026-08-30 15:14:36;USR-1768;2005-03-02;M;Standard;2;160;200;Card;CS2;;0
SESS-11849;2026-08-27 13:45:18;USR-1598;1998-01-01;M;VIP;3;900;600;Card;CS2;5.0;0
SESS-10425;2026-08-01 20:52:36;USR-1231;2002-08-06;M;Bootcamp;2;0;300;Card;CS2;;0
SESS-13055;2026-08-04 16:52:35;USR-1105;1994-09-17;M;PS5;2;1120;450;App;PUBG;;1
SESS-14936;2026-08-19 19:23:37;USR-1066;2002-11-13;M;Standard;3;0;300;Card;Dota 2;;0
SESS-13223;2026-08-08 17:13:32;USR-1716;2003-04-06;M;Standard;2;0;200;App;Minecraft;;0
SESS-10765;2026-08-22 18:38:03;USR-1560;2011-05-15;M;Standard;1;0;100;Cash;Dota 2;;0
SESS-11033;2026-08-09 21:20:44;USR-1334;2010-11-15;M;Bootcamp;4;448;540;Cash;CS2;5.0;1
SESS-14128;2026-08-24 19:55:57;USR-1082;2007-12-15;F;PS5;4;672;900;App;Dota 2;4.0;1
SESS-12246;2026-08-23 17:23:14;USR-1140;2005-12-21;M;Standard;4;640;400;App;CS2;;0
SESS-14755;2026-08-13 20:33:48;USR-1207;2007-02-06;F;Bootcamp;3;0;450;App;Dota 2;;0
SESS-11905;2026-08-16 00:49:54;USR-1720;2002-10-10;M;Bootcamp;8;1007;1080;Card;CS2;5.0;1
SESS-11968;2026-08-31 18:14:33;USR-1692;2000-01-27;M;Standard;1;250;100;Card;CS2;;0
SESS-10268;2026-08-24 15:04:38;USR-1471;2002-04-21;F;Standard;2;0;180;Card;CS2;;1
SESS-10487;2026-08-24 10:12:16;USR-1111;2000-02-14;M;PS5;2;660;500;Card;Cyberpunk 2077;;0
SESS-10292;2026-08-29 20:44:15;USR-1670;2000-10-25;M;Standard;1;180;100;Card;Cyberpunk 2077;;0
SESS-14690;2026-08-18 10:42:09;USR-1039;1994-11-20;M;PS5;3;660;750;Card;Deadlock;4.0;0
SESS-10703;2026-08-29 17:28:41;USR-1145;2008-09-12;F;Standard;3;0;300;Card;Dota 2;;0
SESS-14585;2026-08-14 20:48:11;USR-1317;2009-06-17;F;Standard;1;0;100;Card;GTA V;;0
SESS-12503;2026-08-25 18:09:02;USR-1211;2012-01-03;M;Standard;2;0;180;Cash;Minecraft;;1
SESS-12343;2026-08-28 22:26:29;USR-1127;1997-11-22;M;PS5;12;3444;2700;App;CS2;;1
SESS-14410;2026-08-05 16:26:16;USR-1063;2005-06-25;M;Standard;2;320;200;Card;CS2;;0
SESS-14365;2026-08-11 15:42:44;USR-1233;2010-11-15;M;Standard;1;0;100;Cash;Deadlock;;0
SESS-10486;2026-08-06 21:37:36;USR-1290;1994-11-20;M;Standard;4;0;400;Card;CS2;;0
SESS-13971;2026-08-29 15:58:27;USR-1143;2007-05-26;M;Bootcamp;3;390;450;Card;Dota 2;;0
SESS-13677;2026-08-22 12:43:00;USR-1419;2003-03-27;M;Standard;3;672;270;App;Dota 2;5.0;1
SESS-14441;2026-08-08 16:24:17;USR-1116;1993-09-19;M;PS5;4;630;1000;App;CS2;;0
SESS-13554;2026-08-31 20:17:43;USR-1268;2008-03-05;M;Bootcamp;2;658;270;Card;CS2;;1
SESS-11230;2026-08-28 21:21:09;USR-1626;2005-12-06;M;Standard;2;0;200;App;CS2;;0
SESS-10790;2026-08-29 08:41:20;USR-1392;1994-07-13;M;VIP;2;650;400;Card;Deadlock;4.0;0
SESS-10768;2026-08-14 22:08:58;USR-1159;2011-04-10;M;Standard;5;0;500;App;Valorant;;0
SESS-10606;2026-08-14 01:28:02;USR-1061;2005-07-24;M;Bootcamp;8;790;1200;Card;CS2;3.0;0
SESS-12751;2026-08-13 15:27:19;USR-1386;2009-03-10;M;PS5;1;40;250;Cash;CS2;;0
SESS-11043;2026-08-21 17:27:18;USR-1300;1992-04-22;M;VIP;2;660;400;Card;Dota 2;4.5;0
SESS-11895;2026-08-08 13:03:19;USR-1680;2007-09-20;M;VIP;1;0;200;App;CS2;;0
SESS-12680;2026-08-01 20:33:35;USR-1091;2004-06-20;F;Bootcamp;1;0;150;App;PUBG;;0
SESS-13322;2026-08-22 19:11:52;USR-1393;2012-12-28;M;Standard;4;0;400;App;CS2;;0
SESS-13603;2026-08-28 15:28:13;USR-1071;2004-05-19;F;VIP;2;0;360;Cash;Dota 2;;1
SESS-13862;2026-08-16 13:43:09;USR-1447;2005-05-28;M;Bootcamp;3;0;450;Card;CS2;5.0;0
SESS-14144;2026-08-09 15:59:46;USR-1579;2004-01-19;M;Standard;2;240;200;Card;CS2;4.5;0
SESS-11842;2026-08-02 16:23:06;USR-1683;2008-11-04;M;Standard;5;0;500;Card;CS2;5.0;0
SESS-13538;2026-08-13 14:36:38;USR-1797;2007-03-19;M;Standard;4;672;360;Card;Deadlock;;1
SESS-14275;2026-08-27 11:49:17;USR-1148;2002-11-01;M;Standard;1;120;100;Cash;Dota 2;;0
SESS-14552;2026-08-17 11:34:33;USR-1785;2001-01-02;M;VIP;1;0;200;App;Deadlock;;0
SESS-13473;2026-08-22 16:02:25;USR-1552;2009-01-06;M;Bootcamp;1;0;150;App;Minecraft;;0
SESS-10952;2026-08-01 19:23:04;USR-1670;2000-10-25;M;VIP;2;0;400;App;CS2;;0
SESS-14160;2026-08-01 13:52:40;USR-1790;1995-08-18;M;VIP;4;1610;720;Card;Valorant;4.0;1
SESS-13031;2026-08-08 21:28:13;USR-1672;2006-01-03;M;Standard;1;120;100;Card;CS2;4.5;0
SESS-14348;2026-08-19 17:30:49;USR-1739;2012-11-21;M;Standard;2;80;200;App;Deadlock;;0
SESS-13351;2026-08-19 17:34:08;USR-1151;2004-10-09;M;Standard;2;240;200;App;Deadlock;4.5;0
SESS-12425;2026-08-26 14:10:56;USR-1116;1993-09-19;M;VIP;12;0;2160;Card;CS2;;1
SESS-14143;2026-08-07 20:32:48;USR-1788;2006-11-06;M;VIP;3;546;540;Card;CS2;;1
SESS-14048;2026-08-12 18:57:24;USR-1255;2005-11-25;M;Standard;1;80;100;Card;Apex Legends;;0
SESS-13923;2026-08-23 18:34:45;USR-1060;1996-01-13;F;PS5;2;510;500;App;GTA V;4.5;0
SESS-13764;2026-08-14 16:51:34;USR-1014;2008-03-15;M;Standard;3;360;300;App;Minecraft;;0
SESS-14965;2026-08-29 17:04:49;USR-1656;1993-08-12;M;Standard;3;540;300;Card;GTA V;5.0;0
SESS-13392;2026-08-09 14:49:37;USR-1228;2012-07-05;M;Standard;2;160;200;App;Minecraft;;0
SESS-10086;2026-08-02 19:20:58;USR-1482;2012-12-10;M;Standard;1;80;100;App;Minecraft;;0
SESS-13238;2026-08-30 20:11:26;USR-1048;2012-12-04;M;Standard;3;251;270;Cash;CS2;4.5;1
SESS-13729;2026-08-29 17:43:46;USR-1081;2006-01-23;M;Standard;2;0;200;Card;Valorant;;0
SESS-14549;2026-08-08 20:08:39;USR-1201;2003-08-06;M;Bootcamp;2;470;300;App;Deadlock;;0
SESS-12654;2026-08-29 16:30:24;USR-1624;2009-06-09;M;Bootcamp;2;120;300;App;CS2;4.5;0
SESS-12598;2026-08-05 07:51:38;USR-1798;2004-10-18;F;Standard;3;0;300;Card;Deadlock;;0
SESS-11793;2026-08-15 08:27:36;USR-1389;2007-02-07;M;VIP;2;0;400;Card;CS2;;0
SESS-12155;2026-08-16 15:55:40;USR-1376;2004-04-12;F;Standard;5;840;450;Card;Dota 2;5.0;1
SESS-14462;2026-08-16 17:08:45;USR-1024;2008-05-04;M;PS5;2;160;500;Card;CS2;;0
SESS-13274;2026-08-16 11:37:13;USR-1021;2008-06-07;M;Bootcamp;3;0;450;Card;Apex Legends;;0
SESS-11692;2026-08-12 22:26:45;USR-1177;2005-09-12;M;Bootcamp;5;750;750;Card;Dota 2;4.5;0
SESS-11581;2026-08-16 21:54:28;USR-1055;2009-07-20;M;Bootcamp;2;0;300;Card;Minecraft;;0
SESS-14278;2026-08-29 11:15:06;USR-1530;2006-04-19;M;Bootcamp;2;0;300;App;CS2;;0
SESS-10355;2026-08-19 19:45:03;USR-1088;2007-06-21;F;Standard;1;120;100;Card;CS2;4.5;0
SESS-13285;2026-08-08 19:58:24;USR-1485;2004-04-22;M;Bootcamp;3;0;450;Card;CS2;4.0;0
SESS-11057;2026-08-19 22:11:45;USR-1537;2009-08-18;F;VIP;5;0;1000;App;Minecraft;5.0;0
SESS-10180;2026-08-09 15:22:53;USR-1770;2010-09-26;M;Standard;3;0;270;App;CS2;;1
SESS-13163;2026-08-04 00:42:53;USR-1001;2003-05-28;M;Bootcamp;5;680;750;App;Dota 2;3.0;0
SESS-13900;2026-08-11 18:35:27;USR-1048;2012-12-04;M;Standard;4;0;360;Cash;Minecraft;4.0;1
SESS-10700;2026-08-06 23:29:30;USR-1570;2007-04-04;M;Bootcamp;8;1040;1200;App;GTA V;4.0;0
SESS-12897;2026-08-27 22:33:20;USR-1113;2011-11-07;M;Bootcamp;8;0;1200;Card;CS2;;0
SESS-10539;2026-08-14 17:20:15;USR-1128;2010-09-14;M;Standard;2;0;200;Card;Valorant;5.0;0
SESS-12021;2026-08-23 20:16:33;USR-1739;2012-11-21;M;Standard;4;160;400;App;Apex Legends;;0
SESS-10414;2026-08-24 12:03:14;USR-1061;2005-07-24;M;VIP;2;0;400;Card;CS2;4.0;0
SESS-14465;2026-08-23 20:31:55;USR-1218;2003-08-23;F;Standard;1;0;100;Card;Deadlock;;0
SESS-11493;2026-08-20 18:27:00;USR-1738;2008-02-04;M;Standard;3;0;300;Card;Deadlock;;0
SESS-10809;2026-08-21 18:09:17;USR-1093;2003-03-25;M;Standard;2;0;200;App;Dota 2;;0
SESS-12900;2026-08-16 16:24:33;USR-1464;2009-10-17;M;Standard;4;160;400;Cash;Dota 2;2.0;0
SESS-11134;2026-08-07 00:42:47;USR-1075;2004-09-10;M;VIP;5;0;1000;Card;CS2;;0
SESS-14992;2026-08-23 20:47:53;USR-1664;2007-09-01;F;Bootcamp;4;0;600;Card;CS2;4.0;0
SESS-14492;2026-08-06 17:52:15;USR-1164;2008-06-14;M;VIP;3;510;600;Card;Dota 2;4.5;0
SESS-12042;2026-08-06 16:26:42;USR-1152;2006-10-26;M;VIP;3;0;600;Card;Valorant;4.0;0
SESS-12315;2026-08-08 20:25:05;USR-1103;2003-03-02;M;Bootcamp;3;0;450;Card;PUBG;;0
SESS-10810;2026-08-25 02:35:26;USR-1004;2011-09-09;M;Standard;3;0;270;Card;Valorant;;1
SESS-11803;2026-08-29 16:51:14;USR-1757;2003-06-24;M;Standard;8;0;800;App;Dota 2;;0
SESS-10683;2026-08-28 18:28:08;USR-1152;2006-10-26;M;VIP;3;0;600;Card;CS2;4.0;0
SESS-14381;2026-08-17 15:48:24;USR-1674;2010-07-02;M;Standard;3;0;270;App;Minecraft;5.0;1
SESS-14424;2026-08-19 13:28:24;USR-1333;2010-05-03;M;Standard;2;0;200;App;CS2;4.5;0
SESS-14388;2026-08-29 23:24:58;USR-1397;2004-08-16;M;Standard;8;0;800;Cash;CS2;4.0;0
SESS-12145;2026-08-29 05:14:03;USR-1748;2011-10-15;M;Bootcamp;2;0;270;App;Dota 2;5.0;1
SESS-13455;2026-08-25 09:50:31;USR-1778;2008-12-15;M;Standard;1;0;100;App;Valorant;;0
SESS-10816;2026-08-09 12:37:35;USR-1664;2007-09-01;F;Bootcamp;3;630;450;Cash;CS2;;0
SESS-13028;2026-08-28 21:57:30;USR-1143;2007-05-26;M;PS5;3;0;675;Card;Dota 2;;1
SESS-11525;2026-08-13 19:55:19;USR-1048;2012-12-04;M;Bootcamp;3;0;450;Card;Dota 2;;0
SESS-13557;2026-08-16 09:04:09;USR-1118;2006-06-28;M;VIP;1;200;200;Card;CS2;;0
SESS-14149;2026-08-23 10:41:35;USR-1100;2003-03-23;M;Standard;8;1280;800;App;Valorant;5.0;0
SESS-11466;2026-08-20 13:37:22;USR-1786;2005-06-28;M;Bootcamp;8;2001;1080;App;Deadlock;4.0;1
SESS-14889;2026-08-08 20:43:13;USR-1082;2007-12-15;F;Standard;3;360;300;App;Apex Legends;5.0;0
SESS-14405;2026-08-28 21:24:32;USR-1741;2004-07-22;M;Bootcamp;2;0;300;App;CS2;;0
SESS-12785;2026-08-23 20:11:28;USR-1140;2005-12-21;M;Bootcamp;1;0;150;App;CS2;3.0;0
SESS-12196;2026-08-18 19:16:18;USR-1749;2012-05-08;M;Standard;12;0;1200;Card;Valorant;4.0;0
SESS-12726;2026-08-18 14:20:01;USR-1543;2011-02-13;M;PS5;3;240;750;Card;Dota 2;;0
SESS-14548;2026-08-06 23:43:11;USR-1566;2004-01-04;M;Standard;5;600;500;Card;Dota 2;4.0;0
SESS-14051;2026-08-15 23:55:27;USR-1661;1999-06-25;M;VIP;8;1764;1440;Card;Dota 2;4.5;1
SESS-14768;2026-08-27 08:21:34;USR-1025;2005-11-06;M;VIP;1;0;200;Card;Valorant;;0
SESS-13437;2026-08-30 18:06:25;USR-1199;2007-10-14;M;Standard;4;448;360;Card;Dota 2;4.5;1
SESS-12267;2026-08-01 11:47:29;USR-1113;2011-11-07;M;Standard;3;240;300;App;Minecraft;;0
SESS-12632;2026-08-24 11:44:41;USR-1632;2004-01-17;F;Standard;4;448;360;Cash;CS2;4.5;1
SESS-10295;2026-08-19 16:09:23;USR-1042;2004-05-10;F;Bootcamp;3;630;450;Card;CS2;4.0;0
SESS-10244;2026-08-15 14:28:40;USR-1146;2011-04-21;M;VIP;2;80;400;Card;CS2;5.0;0
SESS-10652;2026-08-16 09:04:32;USR-1345;2008-11-14;M;PS5;1;0;250;Card;CS2;;0
SESS-12558;2026-08-10 22:47:40;USR-1498;2012-10-27;M;Standard;12;0;1200;Cash;Minecraft;4.5;0
SESS-10049;2026-08-22 00:21:06;USR-1029;2011-12-05;M;Standard;8;448;720;Card;Minecraft;5.0;1
SESS-12310;2026-08-12 21:18:02;USR-1115;2007-01-24;M;PS5;5;1120;1125;Card;Deadlock;;1
SESS-12193;2026-08-15 10:17:05;USR-1724;2006-08-04;M;Standard;2;320;200;App;Dota 2;;0
SESS-14733;2026-08-08 15:38:20;USR-1114;2010-02-05;M;Standard;1;80;100;App;GTA V;;0
SESS-11356;2026-08-22 14:02:16;USR-1116;1993-09-19;M;Standard;1;0;100;App;CS2;4.0;0
SESS-11420;2026-08-09 20:05:46;USR-1526;2006-08-16;F;Standard;2;320;200;Card;CS2;;0
SESS-11156;2026-08-06 17:38:57;USR-1499;2004-05-04;M;Standard;4;0;400;Card;CS2;;0
SESS-11396;2026-08-25 14:11:26;USR-1673;2005-08-07;M;VIP;1;270;200;App;CS2;4.5;0
SESS-14056;2026-08-11 15:45:22;USR-1157;2009-12-23;M;Standard;3;0;300;App;Minecraft;;0
SESS-11919;2026-08-24 16:27:05;USR-1698;2007-07-07;M;Bootcamp;2;0;300;Card;CS2;5.0;0
SESS-12894;2026-08-02 14:07:45;USR-1672;2006-01-03;M;Standard;2;0;200;App;Dota 2;;0
SESS-10249;2026-08-15 13:36:48;USR-1034;2006-01-02;M;Standard;2;336;180;Card;CS2;4.5;1
SESS-12981;2026-08-29 22:35:26;USR-1247;2006-11-15;F;Standard;5;800;500;Card;Dota 2;5.0;0
SESS-13142;2026-08-16 16:07:20;USR-1131;2006-04-21;M;Standard;2;0;200;Card;Dota 2;;0
SESS-13241;2026-08-02 00:25:45;USR-1147;1991-11-27;M;PS5;8;0;2000;Card;PUBG;;0
SESS-14370;2026-08-23 21:41:31;USR-1077;2006-09-21;M;Standard;2;0;200;Cash;Dota 2;;0
SESS-12029;2026-08-03 14:26:00;USR-1133;2004-12-12;M;VIP;3;714;540;Card;Valorant;;1
SESS-10770;2026-08-11 17:38:26;USR-1002;2004-11-16;F;Bootcamp;1;200;150;Card;Dota 2;5.0;0
SESS-11865;2026-08-07 19:06:20;USR-1604;2006-02-07;F;Bootcamp;2;0;300;Card;CS2;3.0;0
SESS-11483;2026-08-05 15:21:24;USR-1217;2008-11-10;M;PS5;2;0;500;App;CS2;;0
SESS-14493;2026-08-08 17:29:29;USR-1087;2005-04-04;M;Bootcamp;3;616;405;Card;Dota 2;;1
SESS-10668;2026-08-06 09:46:18;USR-1378;2002-04-16;M;VIP;1;240;200;App;Dota 2;;0
SESS-11762;2026-08-30 20:24:35;USR-1043;2005-09-15;M;Bootcamp;3;0;450;Card;CS2;;0
SESS-13191;2026-08-26 19:50:41;USR-1497;2006-07-10;F;VIP;2;310;400;Cash;Dota 2;4.0;0
SESS-14357;2026-08-20 21:27:19;USR-1045;2007-06-12;M;VIP;4;784;720;Card;CS2;5.0;1
SESS-12613;2026-08-16 18:22:16;USR-1700;2006-11-16;F;Bootcamp;5;672;675;App;Apex Legends;4.0;1
SESS-14258;2026-08-10 16:18:15;USR-1378;2002-04-16;M;Standard;1;160;100;Card;CS2;;0
SESS-15130;2026-08-19 20:47:10;USR-1049;2004-10-01;M;Standard;4;448;360;Card;Dota 2;;1
SESS-10654;2026-08-06 07:59:53;USR-1531;2002-12-04;M;Standard;2;0;200;App;Deadlock;;0
SESS-10513;2026-08-14 09:21:23;USR-1062;1990-06-18;F;VIP;2;650;400;Card;GTA V;;0
SESS-13636;2026-08-07 22:54:41;USR-1564;2003-03-04;M;PS5;5;800;1250;Card;Valorant;5.0;0
SESS-12704;2026-08-01 00:40:06;USR-1580;2008-07-14;M;Bootcamp;5;880;750;Card;CS2;;0
SESS-11624;2026-08-25 15:05:41;USR-1635;2006-11-16;F;Standard;4;672;360;Card;CS2;;1
SESS-12110;2026-08-31 16:09:44;USR-1669;1994-10-18;M;Bootcamp;2;0;300;Card;Cyberpunk 2077;;0
SESS-13108;2026-08-17 20:47:13;USR-1082;2007-12-15;F;Standard;2;448;180;Card;CS2;4.5;1
SESS-12144;2026-08-01 01:18:47;USR-1327;2009-09-08;M;Standard;8;480;800;Card;Minecraft;;0
SESS-11454;2026-08-16 07:54:13;USR-1164;2008-06-14;M;Standard;3;0;300;Card;Valorant;4.0;0
SESS-11188;2026-08-09 17:39:35;USR-1099;1996-05-13;M;Standard;3;1050;270;Card;Browser/Work;4.0;1
SESS-13135;2026-08-09 18:32:56;USR-1119;2012-02-02;M;Standard;2;0;200;App;Valorant;;0
SESS-12288;2026-08-29 13:39:46;USR-1145;2008-09-12;F;VIP;2;310;400;Card;Dota 2;;0
SESS-13946;2026-08-23 11:46:05;USR-1230;2003-12-01;F;Bootcamp;2;470;300;Card;Deadlock;;0
SESS-13808;2026-08-14 15:10:24;USR-1753;2004-11-22;M;Standard;3;480;300;Card;Dota 2;4.0;0
SESS-14458;2026-08-15 00:09:28;USR-1518;2001-04-01;M;Bootcamp;8;1007;1080;Card;Valorant;5.0;1
SESS-11131;2026-08-21 19:22:53;USR-1237;2010-07-25;F;Standard;2;0;200;Card;CS2;;0
SESS-14737;2026-08-19 23:14:44;USR-1220;2006-07-05;M;Bootcamp;8;1110;1200;Card;CS2;5.0;0
SESS-14347;2026-08-23 22:21:32;USR-1128;2010-09-14;M;PS5;3;180;750;Cash;Valorant;4.0;0
SESS-13295;2026-08-02 16:52:54;USR-1131;2006-04-21;M;Bootcamp;1;310;150;App;Deadlock;;0
SESS-14813;2026-08-30 17:41:13;USR-1119;2012-02-02;M;Standard;1;56;90;Cash;Dota 2;4.5;1
SESS-11470;2026-08-23 02:22:23;USR-1007;2009-09-04;M;Standard;1;0;100;App;CS2;;0
SESS-15048;2026-08-10 20:56:46;USR-1026;2006-05-04;M;Standard;2;0;200;Card;CS2;5.0;0
SESS-10063;2026-08-29 15:09:18;USR-1150;2012-10-22;F;VIP;2;120;400;Card;CS2;;0
SESS-11714;2026-08-04 22:04:39;USR-1045;2007-06-12;M;Standard;12;1344;1080;App;Valorant;5.0;1
SESS-13368;2026-08-15 21:12:10;USR-1031;2008-04-25;M;Bootcamp;3;320;450;Card;CS2;;0
SESS-11383;2026-08-25 10:20:39;USR-1135;2004-06-20;F;Standard;3;240;300;App;Dota 2;;0
SESS-14693;2026-08-02 16:18:32;USR-1139;2012-01-04;M;Standard;1;40;100;App;CS2;3.0;0
SESS-12861;2026-08-21 09:57:42;USR-1744;2004-08-18;M;Standard;1;160;100;Card;CS2;4.5;0
SESS-11294;2026-08-27 01:48:06;USR-1004;2011-09-09;M;VIP;12;720;2400;Card;CS2;;0
SESS-11149;2026-08-29 18:40:17;USR-1104;2009-06-16;M;Bootcamp;5;0;750;Cash;CS2;4.5;0
SESS-13109;2026-08-14 16:46:16;USR-1711;1989-04-23;M;Standard;2;0;200;Card;Cyberpunk 2077;;0
SESS-11354;2026-08-25 15:03:03;USR-1169;2006-10-11;M;VIP;1;160;200;Card;Deadlock;5.0;0
SESS-11935;2026-08-15 21:46:48;USR-1140;2005-12-21;M;Standard;3;0;270;Card;Cyberpunk 2077;;1
SESS-10834;2026-08-14 18:39:28;USR-1246;2011-02-13;M;Standard;2;0;200;Card;CS2;;0
SESS-13732;2026-08-21 20:59:36;USR-1021;2008-06-07;M;VIP;3;630;600;App;Valorant;3.0;0
SESS-10240;2026-08-28 18:48:09;USR-1516;2006-08-02;M;VIP;2;400;400;Card;CS2;5.0;0
SESS-11539;2026-08-13 22:09:40;USR-1147;1991-11-27;M;PS5;8;0;2000;Card;CS2;4.5;0
SESS-10045;2026-08-10 21:19:28;USR-1265;2006-06-18;F;Bootcamp;2;0;300;App;GTA V;;0
SESS-10901;2026-08-15 02:40:20;USR-1362;2001-07-13;M;Standard;4;320;400;Cash;Dota 2;;0
SESS-13691;2026-08-18 23:47:32;USR-1630;2004-10-24;F;Standard;8;1280;800;Card;Valorant;;0
SESS-10983;2026-08-15 18:45:16;USR-1210;1990-05-20;M;PS5;2;660;500;Card;Dota 2;5.0;0
SESS-12998;2026-08-26 20:08:01;USR-1642;2012-07-17;M;Standard;2;0;200;Card;Valorant;;0
SESS-11837;2026-08-28 12:06:50;USR-1747;2007-06-10;M;VIP;2;310;400;Card;Dota 2;;0
SESS-11826;2026-08-17 19:09:23;USR-1042;2004-05-10;F;Bootcamp;5;0;675;Card;Dota 2;4.0;1
SESS-10125;2026-08-22 19:11:20;USR-1732;2008-10-16;M;Standard;2;0;200;Card;CS2;;0
SESS-10173;2026-08-01 13:00:22;USR-1692;2000-01-27;M;Standard;1;0;100;Card;GTA V;;0
SESS-14851;2026-08-24 16:34:38;USR-1090;1989-07-13;F;VIP;1;420;200;Card;GTA V;5.0;0
SESS-13498;2026-08-18 16:42:20;USR-1512;1988-11-01;M;VIP;4;1020;800;Card;GTA V;;0
SESS-12061;2026-08-16 01:08:55;USR-1399;1996-09-24;M;VIP;8;0;1600;Card;Cyberpunk 2077;;0
SESS-13652;2026-08-12 15:40:54;USR-1292;2007-03-13;F;Standard;1;0;100;Card;Apex Legends;;0
SESS-12365;2026-08-14 18:49:55;USR-1113;2011-11-07;M;Standard;4;0;360;Cash;Dota 2;;1
SESS-12988;2026-08-05 18:25:32;USR-1319;2011-01-21;M;PS5;5;560;1125;Cash;Minecraft;4.5;1
SESS-13034;2026-08-13 18:52:23;USR-1683;2008-11-04;M;Standard;2;0;200;Card;CS2;4.0;0
SESS-10145;2026-08-02 12:26:53;USR-1087;2005-04-04;M;Standard;2;160;200;Card;Deadlock;;0
SESS-10580;2026-08-28 04:49:47;USR-1070;2008-12-23;F;PS5;8;1280;2000;Card;Dota 2;5.0;0
SESS-12454;2026-08-27 13:14:04;USR-1584;2006-10-04;M;Bootcamp;1;240;150;App;GTA V;;0
SESS-11609;2026-08-15 10:13:04;USR-1717;2004-11-07;F;PS5;4;896;900;Card;CS2;;1
SESS-13541;2026-08-19 12:34:22;USR-1157;2009-12-23;M;Standard;1;60;100;Card;Apex Legends;;0
SESS-13953;2026-08-25 09:37:52;USR-1220;2006-07-05;M;Standard;2;0;200;Card;CS2;5.0;0
SESS-13193;2026-08-01 02:45:26;USR-1478;1991-11-11;M;Bootcamp;2;540;300;Card;PUBG;;0
SESS-11926;2026-08-21 15:52:38;USR-1731;1999-01-16;F;VIP;2;0;400;Card;Dota 2;5.0;0
SESS-12792;2026-08-29 21:42:28;USR-1004;2011-09-09;M;Standard;2;120;200;App;CS2;;0
SESS-10322;2026-08-16 21:13:34;USR-1536;2005-02-23;F;Bootcamp;3;0;450;Cash;Deadlock;;0
SESS-10968;2026-08-21 01:01:46;USR-1404;1997-03-09;M;PS5;8;1740;2000;App;Dota 2;4.5;0
SESS-10995;2026-08-27 15:04:34;USR-1036;2007-07-18;M;Standard;2;0;200;Card;CS2;;0
SESS-11444;2026-08-17 09:46:04;USR-1049;2004-10-01;M;Bootcamp;3;560;450;Card;Dota 2;5.0;0
SESS-12002;2026-08-14 21:30:36;USR-1030;2011-08-15;M;Standard;2;0;200;Cash;Valorant;;0
SESS-13369;2026-08-16 01:24:32;USR-1125;2012-03-20;M;Standard;8;0;800;Card;Minecraft;;0
SESS-14571;2026-08-20 08:47:28;USR-1146;2011-04-21;M;VIP;2;0;400;App;Deadlock;4.5;0
SESS-13720;2026-08-09 18:45:21;USR-1153;2006-01-07;M;Standard;3;0;300;Card;Apex Legends;4.5;0
SESS-11083;2026-08-28 16:55:49;USR-1648;2006-03-05;F;Standard;3;0;300;App;Dota 2;5.0;0
SESS-14122;2026-08-05 12:08:22;USR-1454;2010-09-24;M;Standard;3;0;300;App;Dota 2;4.5;0
SESS-11417;2026-08-23 10:28:37;USR-1272;2003-06-28;M;Bootcamp;2;0;300;Card;Apex Legends;;0
SESS-12175;2026-08-30 22:58:29;USR-1199;2007-10-14;M;Standard;3;672;270;Cash;Dota 2;;1
SESS-11626;2026-08-19 17:43:11;USR-1147;1991-11-27;M;PS5;2;650;500;Card;CS2;;0
SESS-10646;2026-08-08 13:17:43;USR-1094;1996-06-19;M;Bootcamp;4;1092;540;Card;CS2;4.5;1
SESS-11090;2026-08-13 19:54:02;USR-1238;2011-02-10;M;Standard;2;80;200;App;Valorant;;0
SESS-14777;2026-08-16 15:22:44;USR-1039;1994-11-20;M;Standard;2;240;200;Card;Dota 2;;0
SESS-14668;2026-08-23 21:54:32;USR-1517;2008-08-25;M;PS5;1;80;250;Card;Dota 2;;0
SESS-15066;2026-08-10 00:28:05;USR-1030;2011-08-15;M;Standard;8;0;800;Cash;CS2;;0
SESS-10254;2026-08-13 13:27:32;USR-1580;2008-07-14;M;PS5;1;80;250;Card;Dota 2;;0
SESS-11307;2026-08-17 11:04:07;USR-1461;2006-04-14;M;Standard;4;0;400;Cash;Deadlock;4.5;0
SESS-12723;2026-08-11 21:13:29;USR-1366;1999-07-24;M;Bootcamp;1;330;150;App;Deadlock;;0
SESS-12912;2026-08-28 19:13:00;USR-1124;2008-09-24;M;Standard;1;0;100;Card;CS2;;0
SESS-12530;2026-08-22 20:29:29;USR-1634;2009-08-24;F;Bootcamp;4;240;600;Card;CS2;;0
SESS-10103;2026-08-27 17:23:55;USR-1141;1990-05-13;M;Bootcamp;1;0;150;Card;CS2;;0
SESS-11822;2026-08-15 10:28:13;USR-1273;2007-03-21;M;Standard;2;0;200;Card;CS2;;0
SESS-11689;2026-08-25 12:21:29;USR-1714;2009-01-21;M;VIP;2;224;360;App;Valorant;;1
SESS-10171;2026-08-01 16:38:56;USR-1094;1996-06-19;M;Standard;2;0;200;App;CS2;4.0;0
SESS-14547;2026-08-23 21:28:14;USR-1206;2007-10-15;M;Standard;3;240;300;Card;CS2;5.0;0
SESS-14442;2026-08-13 10:28:46;USR-1051;2006-08-12;F;VIP;1;200;200;Card;Dota 2;5.0;0
SESS-11516;2026-08-25 12:14:03;USR-1639;2004-12-28;M;Bootcamp;12;0;1800;Card;Minecraft;2.0;0
SESS-12204;2026-08-15 18:16:49;USR-1185;2004-04-07;M;PS5;8;0;2000;Card;CS2;4.5;0
SESS-13038;2026-08-08 15:23:54;USR-1046;2010-11-19;M;PS5;4;224;900;App;CS2;;1
SESS-11381;2026-08-20 16:09:26;USR-1021;2008-06-07;M;Standard;2;160;200;Cash;CS2;;0
SESS-14488;2026-08-07 15:06:39;USR-1109;2003-06-27;M;PS5;2;240;500;Card;Apex Legends;;0
SESS-10140;2026-08-24 00:33:05;USR-1017;2011-10-14;M;Standard;3;0;300;Cash;CS2;;0
SESS-12607;2026-08-18 18:39:36;USR-1559;2003-03-16;M;Standard;3;0;300;Card;Dota 2;5.0;0
SESS-13240;2026-08-09 01:28:00;USR-1253;2006-12-09;M;PS5;8;960;2000;Card;Dota 2;4.0;0
SESS-12350;2026-08-23 15:17:31;USR-1402;2012-05-22;F;Bootcamp;3;0;450;Card;Dota 2;;0
SESS-13786;2026-08-17 20:48:47;USR-1107;2004-12-19;M;Bootcamp;3;0;450;App;CS2;;0
SESS-12589;2026-08-22 19:04:51;USR-1063;2005-06-25;M;VIP;5;1050;900;Card;CS2;3.0;1
SESS-15137;2026-08-19 20:00:52;USR-1489;2004-05-06;M;Bootcamp;5;0;675;Card;Valorant;3.0;1
SESS-10165;2026-08-30 16:38:00;USR-1087;2005-04-04;M;Standard;5;840;450;Card;Valorant;5.0;1
SESS-12659;2026-08-01 00:51:58;USR-1407;2005-01-18;M;Bootcamp;5;680;750;Card;Valorant;1.0;0
SESS-10101;2026-08-01 08:22:13;USR-1492;2003-02-26;M;Standard;1;0;100;Card;CS2;;0
SESS-12098;2026-08-21 17:55:15;USR-1003;2004-08-17;M;Standard;1;80;100;Card;Dota 2;4.0;0
SESS-12647;2026-08-30 18:50:38;USR-1499;2004-05-04;M;Standard;1;0;100;Card;CS2;5.0;0
SESS-10230;2026-08-22 21:12:35;USR-1104;2009-06-16;M;Standard;1;0;100;App;Minecraft;;0
SESS-12019;2026-08-07 20:09:03;USR-1123;2005-11-01;M;Standard;1;80;100;Card;Deadlock;;0
SESS-11428;2026-08-31 17:04:27;USR-1385;2004-11-12;M;Standard;3;0;300;Card;CS2;2.0;0
SESS-13382;2026-08-18 19:49:26;USR-1601;2009-07-18;F;VIP;2;168;360;Card;CS2;;1
SESS-13839;2026-08-24 04:30:28;USR-1072;2007-05-10;M;Standard;4;320;400;App;Dota 2;4.5;0
SESS-13618;2026-08-28 20:47:31;USR-1662;2003-11-18;M;Standard;1;80;100;Card;Valorant;;0
SESS-12636;2026-08-22 02:51:33;USR-1453;2004-02-15;F;VIP;3;448;540;Card;Deadlock;4.5;1
SESS-14394;2026-08-06 20:58:52;USR-1384;2011-09-05;M;Bootcamp;2;80;300;Card;Minecraft;;0
SESS-12814;2026-08-13 18:32:08;USR-1182;2001-10-23;Мужской;PS5;2;240;500;Card;Dota 2;;0
SESS-13648;2026-08-12 20:30:51;USR-1614;2006-07-14;M;Bootcamp;1;230;150;App;CS2;5.0;0
SESS-10714;2026-08-17 17:18:42;USR-1389;2007-02-07;M;Standard;1;0;90;Card;Deadlock;;1
SESS-10390;2026-08-06 12:40:17;USR-1256;2006-12-14;M;Bootcamp;4;400;600;Cash;CS2;5.0;0
SESS-11453;2026-08-03 19:44:44;USR-1754;2010-04-04;M;Standard;1;0;90;App;Valorant;;1
SESS-12635;2026-08-15 15:23:37;USR-1460;2004-12-14;M;Bootcamp;1;0;150;Card;CS2;4.5;0
SESS-13597;2026-08-22 14:58:48;USR-1509;2007-03-11;F;PS5;1;160;250;Card;Apex Legends;4.5;0
SESS-13782;2026-08-06 23:38:47;USR-1668;2009-03-12;M;Standard;8;0;800;Cash;CS2;;0
SESS-12273;2026-08-09 20:27:44;USR-1583;2006-10-15;F;PS5;2;0;500;Card;Dota 2;;0
SESS-12774;2026-08-14 19:13:08;USR-1073;2003-06-06;M;Bootcamp;4;1106;540;Card;CS2;3.0;1
SESS-15053;2026-08-23 10:24:00;USR-1018;2008-06-09;M;Standard;2;0;200;Card;CS2;5.0;0
SESS-12867;2026-08-18 14:37:53;USR-1266;2012-03-18;M;Standard;1;0;100;App;Minecraft;;0
SESS-14700;2026-08-29 16:34:37;USR-1589;2012-03-28;F;Standard;2;160;200;App;Dota 2;;0
SESS-14977;2026-08-16 09:18:27;USR-1474;2003-03-19;M;Bootcamp;5;0;675;Card;Deadlock;5.0;1
SESS-12082;2026-08-30 13:09:48;USR-1200;2005-09-08;M;Standard;3;480;300;App;CS2;5.0;0
SESS-11982;2026-08-01 09:38:32;USR-1513;2008-05-21;M;Standard;3;503;270;App;CS2;;1
SESS-13520;2026-08-27 19:33:51;USR-1226;2009-01-27;F;Standard;3;0;300;Card;CS2;;0
SESS-12202;2026-08-22 16:24:51;USR-1644;2012-02-04;M;Standard;5;200;500;App;CS2;4.0;0
SESS-11601;2026-08-18 04:48:55;USR-1149;1996-01-09;F;PS5;3;510;750;Card;Deadlock;;0
SESS-10348;2026-08-28 22:21:32;USR-1485;2004-04-22;M;Standard;5;800;500;Cash;Dota 2;;0
SESS-12136;2026-08-02 15:10:09;USR-1720;2002-10-10;M;Bootcamp;2;0;300;App;Minecraft;5.0;0
SESS-10241;2026-08-09 12:55:31;USR-1578;2005-10-26;M;Bootcamp;2;240;300;Card;Valorant;;0
SESS-14753;2026-08-21 12:51:37;USR-1091;2004-06-20;F;Standard;3;240;300;App;CS2;4.5;0
SESS-10837;2026-08-18 20:52:35;USR-1382;2007-03-24;M;Standard;2;336;180;Card;CS2;;1
SESS-10613;2026-08-15 18:10:42;USR-1192;2012-07-02;M;Standard;1;80;100;App;Minecraft;;0
SESS-10066;2026-08-26 13:47:08;USR-1132;2001-03-23;M;Bootcamp;2;390;300;Card;Valorant;;0
SESS-13600;2026-08-20 19:03:52;USR-1077;2006-09-21;M;VIP;1;434;180;App;Deadlock;5.0;1
SESS-15019;2026-08-15 10:39:24;USR-1078;1987-05-15;M;PS5;4;1150;1000;Card;Cyberpunk 2077;;0
SESS-13024;2026-08-15 20:04:38;USR-1763;2003-11-13;F;Standard;4;0;400;Cash;CS2;;0
SESS-11204;2026-08-19 07:50:21;USR-1029;2011-12-05;M;Standard;2;160;200;Cash;CS2;;0
SESS-12040;2026-08-28 17:18:29;USR-1111;2000-02-14;M;PS5;2;800;500;App;Dota 2;5.0;0
SESS-13596;2026-08-25 02:30:03;USR-1247;2006-11-15;F;Standard;2;0;200;Card;Dota 2;4.0;0
SESS-11983;2026-08-04 13:20:45;USR-1252;1998-02-10;M;PS5;2;0;500;Card;CS2;;0
SESS-14953;2026-08-15 19:16:11;USR-1663;2001-03-14;M;VIP;3;0;600;Cash;Dota 2;;0
SESS-15126;2026-08-09 01:45:59;USR-1469;2009-03-24;F;Standard;12;0;1200;Cash;CS2;;0
SESS-13273;2026-08-30 22:08:55;USR-1005;1997-11-25;F;Standard;12;1440;1200;Card;Dota 2;;0
SESS-12108;2026-08-06 16:04:11;USR-1785;2001-01-02;M;VIP;1;310;200;Cash;Deadlock;;0
SESS-12805;2026-08-05 21:55:46;USR-1134;2005-02-21;M;VIP;1;270;200;App;CS2;;0
SESS-12396;2026-08-28 00:06:05;USR-1615;2003-11-12;M;Bootcamp;3;560;450;App;CS2;5.0;0
SESS-13734;2026-08-21 18:08:07;USR-1626;2005-12-06;M;Bootcamp;1;0;150;Card;Dota 2;;0
SESS-10678;2026-08-23 17:51:54;USR-1352;2011-10-27;M;PS5;5;0;1250;App;CS2;;0
SESS-14362;2026-08-29 09:19:40;USR-1426;2012-03-19;M;Standard;2;0;200;Cash;Valorant;;0
SESS-12332;2026-08-22 14:46:40;USR-1118;2006-06-28;M;Standard;4;320;400;Card;CS2;4.5;0
SESS-10428;2026-08-31 17:03:19;USR-1799;2006-01-09;M;Standard;4;896;360;App;CS2;4.5;1
SESS-14824;2026-08-16 17:36:39;USR-1657;2006-10-12;M;Standard;1;120;100;Card;CS2;;0
SESS-10817;2026-08-24 19:08:59;USR-1093;2003-03-25;M;Standard;4;672;360;Card;Dota 2;;1
SESS-13749;2026-08-25 16:16:16;USR-1272;2003-06-28;M;Standard;2;0;200;Cash;CS2;;0
SESS-13789;2026-08-30 21:13:42;USR-1440;2010-12-15;M;VIP;2;0;400;Cash;Dota 2;;0
SESS-14346;2026-08-21 19:22:56;USR-1159;2011-04-10;M; standard ;1;80;150;App;Valorant;;0
SESS-13489;2026-08-20 22:03:48;USR-1039;1994-11-20;M;PS5;5;0;1250;Card;Dota 2;4.5;0
SESS-10958;2026-08-18 17:02:31;USR-1481;2006-12-21;M;Bootcamp;3;0;405;App;Apex Legends;;1
SESS-10490;2026-08-05 12:20:22;USR-1686;2009-08-20;M;Standard;3;0;270;Cash;GTA V;;1
SESS-12539;2026-08-08 12:46:11;USR-1334;2010-11-15;m;Standard;2;0;200;Cash;CS2;;0
SESS-12706;2026-08-09 22:33:53;USR-1207;2007-02-06;F;Bootcamp;5;880;750;App;Valorant;4.0;0
SESS-14718;2026-08-21 17:55:57;USR-1412;2002-08-03;F;Standard;2;240;200;Card;CS2;;0
SESS-14450;2026-08-16 08:40:06;USR-1051;2006-08-12;F;Standard;8;1280;800;App;Dota 2;;0
SESS-11411;2026-08-19 17:38:55;USR-1055;2009-07-20;M;Standard;4;0;400;App;Dota 2;;0
SESS-10927;2026-08-17 21:32:26;USR-1625;2009-02-28;F;Standard;1;0;100;App;GTA V;;0
SESS-14542;2026-08-15 20:59:33;USR-1273;2007-03-21;M;Standard;4;320;400;Card;Dota 2;5.0;0
SESS-13641;2026-08-27 22:39:20;USR-1102;1997-01-21;M;Bootcamp;12;3234;1620;App;Dota 2;5.0;1
SESS-12942;2026-08-30 20:09:09;USR-1315;1997-06-09;M;PS5;3;0;750;Card;PUBG;;0
SESS-12802;2026-08-29 15:32:12;USR-1108;1991-01-03;M;VIP;12;0;2160;Card;Deadlock;;1
SESS-11474;2026-08-04 17:13:12;USR-1114;2010-02-05;M;Bootcamp;2;160;300;Cash;PUBG;4.0;0
SESS-11160;2026-08-26 18:27:19;USR-1098;2004-04-09;F;VIP;3;510;600;Card;CS2;;0
SESS-10147;2026-08-11 22:15:41;USR-1708;1999-08-24;M;Standard;8;1440;800;App;Dota 2;;0
SESS-13768;2026-08-12 19:31:34;USR-1367;1991-09-18;M;PS5;2;0;500;Card;GTA V;;0
SESS-14083;2026-08-22 10:29:44;USR-1137;2005-12-19;M;Standard;3;0;270;Card;Dota 2;;1
SESS-14790;2026-08-17 17:22:07;USR-1234;2004-03-20;M;Standard;3;0;270;Card;Dota 2;5.0;1
SESS-14102;2026-08-22 20:48:04;USR-1213;1997-02-16;F;VIP;4;1428;720;Card;Dota 2;4.5;1
SESS-14703;2026-08-30 00:45:19;USR-1362;2001-07-13;M;Bootcamp;3;714;405;App;Valorant;5.0;1
SESS-10778;2026-08-30 18:50:16;USR-1783;2012-06-22;M;Standard;4;0;400;App;CS2;4.5;0
SESS-13836;2026-08-24 15:37:58;USR-1125;2012-03-20;M;Standard;2;160;200;Card;Minecraft;4.0;0
SESS-10665;2026-08-24 23:45:27;USR-1367;1991-09-18;M;Standard;8;1344;720;Card;Dota 2;2.0;1
SESS-11075;2026-08-20 01:47:15;USR-1290;1994-11-20;M;Bootcamp;12;2460;1800;Card;Cyberpunk 2077;;0
SESS-14100;2026-08-12 12:45:48;USR-1112;2007-11-17;M;Standard;2;0;200;Cash;CS2;;0
SESS-11956;2026-08-30 22:05:58;USR-1065;1997-11-13;M;PS5;5;900;1250;Card;CS2;4.5;0
SESS-10750;2026-08-29 20:10:10;USR-1552;2009-01-06;M;Standard;2;160;200;App;CS2;;0
SESS-12744;2026-08-26 14:34:58;USR-1424;2004-11-14;M;Standard;1;160;100;Card;Deadlock;4.0;0
SESS-10508;2026-08-16 18:48:23;USR-1006;2008-10-28;M;Standard;4;672;360;App;Dota 2;4.5;1
SESS-13527;2026-08-15 01:18:38;USR-1358;2010-04-10;M;Standard;3;251;270;Card;Deadlock;4.5;1
SESS-12968;2026-08-30 15:08:02;USR-1051;2006-08-12;F;Bootcamp;1;160;150;Card;Valorant;4.0;0
SESS-14234;2026-08-20 08:54:12;USR-1227;2006-05-06;M;Standard;1;80;100;Card;Valorant;4.0;0
SESS-13926;2026-08-12 15:55:35;USR-1013;2006-02-09;M;VIP;3;616;540;Card;Valorant;5.0;1
SESS-12834;2026-08-30 22:00:21;USR-1522;2010-04-16;M;Standard;12;0;1200;Cash;Valorant;;0
SESS-13409;2026-08-05 15:50:45;USR-1198;2011-06-15;M;PS5;2;120;500;Cash;CS2;;0
SESS-10693;2026-08-23 00:17:00;USR-1365;2005-04-09;M;VIP;12;0;2400;App;CS2;;0
SESS-11382;2026-08-14 00:46:00;USR-1354;2006-10-15;M;Bootcamp;8;1456;1080;App;Minecraft;4.5;1
SESS-12891;2026-08-15 22:57:13;USR-1111;2000-02-14;M;PS5;8;0;2000;Card;Cyberpunk 2077;;0
SESS-11264;2026-08-07 17:26:46;USR-1400;1996-03-14;M;PS5;2;800;500;App;CS2;;0
SESS-10692;2026-08-09 11:17:50;USR-1017;2011-10-14;M;Standard;3;0;300;App;CS2;;0
SESS-11579;2026-08-29 17:26:18;USR-1566;2004-01-04;M;Standard;4;480;400;Cash;Minecraft;4.0;0
SESS-10727;2026-08-31 14:24:30;USR-1138;2005-08-06;M;Bootcamp;3;390;450;App;PUBG;3.0;0
SESS-13977;2026-08-22 16:16:32;USR-1751;2009-12-06;M;PS5;4;0;900;Cash;Dota 2;4.5;1
SESS-14506;2026-08-01 09:57:18;USR-1055;2009-07-20;M;Bootcamp;4;320;600;App;Dota 2;3.0;0
SESS-11952;2026-08-13 15:21:22;USR-1585;1998-04-16;M;Standard;2;0;200;Card;Valorant;;0
SESS-12533;2026-08-09 12:26:36;USR-1009;2008-11-23;M;PS5;2;320;500;Card;Dota 2;5.0;0
SESS-11719;2026-08-06 11:15:44;USR-1391;2012-11-11;F;Standard;5;280;450;Card;Minecraft;;1
SESS-15097;2026-08-02 01:32:42;USR-1013;2006-02-09;M;Standard;8;1344;720;Card;PUBG;5.0;1
SESS-10935;2026-08-10 21:20:13;USR-1509;2007-03-11;F;Standard;5;0;450;App;Valorant;;1
SESS-10212;2026-08-23 16:03:59;USR-1543;2011-02-13;M;Bootcamp;1;60;150;Cash;CS2;;0
SESS-13963;2026-08-21 20:58:10;USR-1434;2005-08-03;M;VIP;3;440;600;Card;CS2;5.0;0
SESS-14479;2026-08-28 13:07:03;USR-1106;2007-05-17;F;Standard;5;800;500;Card;Dota 2;3.0;0
SESS-12118;2026-08-19 23:34:32;USR-1501;1995-06-28;F;Standard;5;840;450;Card;Valorant;;1
SESS-11126;2026-08-19 19:16:33;USR-1057;2011-11-08;M;PS5;2;0;500;App;CS2;5.0;0
SESS-12579;2026-08-24 16:51:35;USR-1626;2005-12-06;M;Standard;1;80;100;Card;CS2;;0
SESS-11648;2026-08-15 01:23:49;USR-1298;2006-03-25;M;VIP;8;0;1600;Card;CS2;;0
SESS-11781;2026-08-30 10:26:21;USR-1350;2002-02-24;M;Bootcamp;4;1106;540;Card;Dota 2;4.0;1
SESS-12262;2026-08-24 17:16:46;USR-1058;2011-10-04;M;Bootcamp;2;224;270;App;CS2;;1
SESS-14924;2026-08-11 20:12:20;USR-1075;2004-09-10;M;Bootcamp;1;0;150;Cash;CS2;;0
SESS-14306;2026-08-25 16:41:56;USR-1695;2006-04-26;M;Bootcamp;2;0;300;App;Deadlock;5.0;0
SESS-14339;2026-08-31 18:59:05;USR-1097;2007-12-12;M;PS5;1;80;250;Card;Deadlock;;0
SESS-11465;2026-08-28 21:27:04;USR-1004;2011-09-09;M;Standard;1;0;100;App;Apex Legends;;0
SESS-14261;2026-08-11 19:46:37;USR-1396;2011-05-07;M;Standard;2;80;200;App;Minecraft;4.0;0
SESS-12873;2026-08-16 06:26:44;USR-1737;2002-09-03;M;Standard;2;160;200;App;CS2;;0
SESS-10041;2026-08-08 12:31:16;USR-1730;2003-04-15;M;Bootcamp;1;270;150;Card;Valorant;;0
SESS-11808;2026-08-31 20:52:38;USR-1060;1996-01-13;F;Bootcamp;4;0;540;Card;Dota 2;;1
SESS-13751;2026-08-08 14:20:52;USR-1592;2000-11-26;M;VIP;2;510;400;Card;CS2;;0
SESS-12584;2026-08-28 20:55:13;USR-1546;2003-06-23;M;VIP;2;0;400;Card;CS2;5.0;0
SESS-13914;2026-08-01 15:57:54;USR-1423;2011-05-01;M;Standard;2;0;200;Cash;GTA V;4.5;0
SESS-11517;2026-08-15 22:38:21;USR-1097;2007-12-12;M;VIP;12;2000;2400;Card;Dota 2;;0
SESS-12041;2026-08-02 13:07:49;USR-1170;2005-04-22;M;VIP;3;0;540;Card;GTA V;4.5;1
SESS-11496;2026-08-15 12:01:44;USR-1724;2006-08-04;M;Bootcamp;2;320;300;App;CS2;4.0;0
SESS-13898;2026-08-15 15:37:54;USR-1042;2004-05-10;F;PS5;1;0;250;App;Dota 2;5.0;0
SESS-12403;2026-08-15 15:49:58;USR-1156;2010-02-04;M;Standard;3;0;300;Card;Dota 2;4.0;0
SESS-13402;2026-08-04 15:09:51;USR-1155;2007-01-07;M;PS5;2;0;500;Card;Dota 2;4.0;0
SESS-15109;2026-08-17 18:45:11;USR-1145;2008-09-12;F;VIP;2;0;400;Card;CS2;;0
SESS-10270;2026-08-20 18:39:24;USR-1028;2005-10-03;M;Standard;1;120;100;Cash;CS2;;0
SESS-13626;2026-08-10 22:02:35;USR-1076;2001-08-10;M;Standard;8;0;800;Card;CS2;4.0;0
SESS-13102;2026-08-01 19:38:33;USR-1188;2011-11-24;M;Bootcamp;1;0;150;App;Dota 2;;0
SESS-12133;2026-08-15 23:21:02;USR-1681;1996-11-21;F;Bootcamp;12;1590;1800;App;Dota 2;3.0;0
SESS-14557;2026-08-08 19:25:36;USR-1413;2004-02-24;M;Standard;2;240;200;Card;CS2;;0
SESS-13260;2026-08-29 21:08:46;USR-1360;2007-07-13;M;Standard;2;240;200;Card;CS2;;0
SESS-14453;2026-08-14 02:10:57;USR-1061;2005-07-24;M;VIP;5;0;900;Card;Deadlock;4.5;1
SESS-13045;2026-08-18 12:41:44;USR-1045;2007-06-12;M;VIP;2;320;400;Cash;Dota 2;;0
SESS-13190;2026-08-21 12:07:51;USR-1007;2009-09-04;M;Standard;3;120;300;Cash;CS2;;0
SESS-11896;2026-08-25 07:48:22;USR-1132;2001-03-23;M;Bootcamp;12;1590;1800;Card;Deadlock;5.0;0
SESS-11845;2026-08-03 20:05:43;USR-1696;2006-01-19;M;Standard;4;0;400;Card;Dota 2;4.5;0
SESS-11415;2026-08-11 15:29:25;USR-1106;2007-05-17;F;Bootcamp;3;546;405;Cash;CS2;;1
SESS-12000;2026-08-01 11:30:25;USR-1362;2001-07-13;M;Bootcamp;3;784;405;Card;PUBG;;1
SESS-10357;2026-08-27 12:23:45;USR-1341;2005-02-06;M;Standard;2;240;200;Card;Deadlock;4.0;0
SESS-10978;2026-08-21 21:36:28;USR-1635;2006-11-16;F;PS5;3;0;750;Card;CS2;;0
SESS-10199;2026-08-06 12:34:29;USR-1023;2003-06-20;M;Bootcamp;2;434;270;Card;CS2;;1
SESS-12014;2026-08-07 15:17:02;USR-1474;2003-03-19;M;Standard;2;240;200;Card;Apex Legends;4.0;0
SESS-13025;2026-08-02 17:20:51;USR-1279;2009-04-12;M;Bootcamp;3;0;405;Card;Minecraft;;1
SESS-11990;2026-08-04 12:58:55;USR-1087;2005-04-04;M;Standard;2;0;200;Card;CS2;2.0;0
SESS-12023;2026-08-14 01:11:32;USR-1065;1997-11-13;M;VIP;5;900;1000;Card;Dota 2;4.5;0
SESS-14073;2026-08-28 23:22:55;USR-1013;2006-02-09;M;Standard;12;2015;1080;Card;CS2;;1
SESS-10807;2026-08-17 21:36:13;USR-1562;2010-05-05;M;PS5;2;0;500;App;Minecraft;;0
SESS-11048;2026-08-12 23:21:23;USR-1650;2004-06-28;M;PS5;12;2015;2700;App;Valorant;4.5;1
SESS-11388;2026-08-03 19:18:11;USR-1799;2006-01-09;M;VIP;3;0;600;Card;PUBG;4.0;0
SESS-14221;2026-08-26 19:00:22;USR-1237;2010-07-25;F;VIP;3;180;600;Cash;Minecraft;;0
SESS-12903;2026-08-17 00:26:03;USR-1530;2006-04-19;M;Standard;8;0;720;Card;CS2;3.0;1
SESS-13834;2026-08-29 10:57:13;USR-1061;2005-07-24;M;Standard;1;80;100;Card;CS2;;0
SESS-10424;2026-08-28 12:05:16;USR-1337;2009-02-20;F;Standard;2;0;200;App;Valorant;;0
SESS-10751;2026-08-08 02:33:04;USR-1159;2011-04-10;M;Standard;2;0;200;App;Minecraft;;0
SESS-11166;2026-08-22 02:07:07;USR-1202;2007-03-03;M;Bootcamp;3;630;450;Card;Valorant;2.0;0
SESS-11445;2026-08-12 20:10:26;USR-1258;1998-08-15;M;VIP;1;0;200;Card;GTA V;;0
SESS-13417;2026-08-07 19:18:09;USR-1193;1995-06-05;M;PS5;2;510;500;Card;PUBG;;0
SESS-11012;2026-08-29 11:55:07;USR-1682;2010-02-07;M;Standard;1;0;100;App;Dota 2;;0
SESS-10445;2026-08-08 19:21:59;USR-1129;2010-06-11;M;Standard;3;0;270;Card;Deadlock;;1
SESS-11566;2026-08-26 17:22:28;USR-1435;1997-08-09;M;VIP;1;0;200;Card;CS2;;0
SESS-14656;2026-08-25 16:19:23;USR-1306;2005-02-02;M;Bootcamp;2;240;300;App;Valorant;;0
SESS-11286;2026-08-18 18:55:30;USR-1442;2006-07-09;M;Standard;2;0;200;Card;CS2;3.0;0
SESS-12274;2026-08-08 19:46:03;USR-1773;1996-01-05;F;VIP;1;0;200;App;CS2;;0
SESS-14156;2026-08-09 08:38:22;USR-1540;2006-02-11;M;VIP;3;0;600;Card;Dota 2;4.0;0
SESS-12379;2026-08-08 17:28:37;USR-1055;2009-07-20;M;Standard;2;0;200;Cash;Minecraft;;0
SESS-14606;2026-08-02 22:47:24;USR-1455;2006-02-02;м;VIP;8;0;1600;Card;Dota 2;;0
SESS-14378;2026-08-18 13:11:40;USR-1194;2005-12-26;M;PS5;1;0;250;Card;Dota 2;;0
SESS-14518;2026-08-13 13:58:25;USR-1422;2008-08-20;M;VIP;4;720;800;App;Dota 2;3.0;0
SESS-10892;2026-08-07 21:31:23;USR-1617;2005-08-01;M;Standard;3;0;300;Card;Dota 2;;0
SESS-12166;2026-08-29 13:59:43;USR-1127;1997-11-22;M;VIP;3;660;600;Card;CS2;4.5;0
SESS-10466;2026-08-22 03:17:38;USR-1781;2001-02-18;M;Standard;1;160;100;Card;Dota 2;;0
SESS-12191;2026-08-01 02:55:21;USR-1440;2010-12-15;M;Standard;3;251;270;App;PUBG;;1
SESS-14376;2026-08-02 19:15:43;USR-1129;2010-06-11;M;Standard;3;120;300;Cash;Minecraft;;0
SESS-13378;2026-08-21 10:46:15;USR-1277;2006-03-26;M;Standard;3;0;300;Card;CS2;;0
SESS-12152;2026-08-27 20:01:14;USR-1046;2010-11-19;M;Bootcamp;1;80;150;App;Dota 2;;0
SESS-12243;2026-08-01 12:37:51;USR-1711;1989-04-23;M;PS5;3;1470;675;Card;CS2;1.0;1
SESS-12769;2026-08-07 22:14:09;USR-1017;2011-10-14;M;Standard;12;1344;1080;Card;Minecraft;4.0;1
SESS-11344;2026-08-09 23:34:44;USR-1186;1987-02-16;M;PS5;8;0;2000;Card;Cyberpunk 2077;5.0;0
SESS-14452;2026-08-12 23:30:53;USR-1572;2004-08-24;M;VIP;8;0;1600;Card;Dota 2;5.0;0
SESS-12453;2026-08-13 20:31:32;USR-1076;2001-08-10;M;Standard;1;0;90;Card;CS2;;1
SESS-12201;2026-08-29 19:16:32;USR-1661;1999-06-25;M;PS5;1;550;250;Card;PUBG;;0
SESS-13014;2026-08-03 04:43:35;USR-1773;1996-01-05;F;Standard;2;503;180;Card;Cyberpunk 2077;3.0;1
SESS-14342;2026-08-29 09:29:36;USR-1235;2008-05-14;M;PS5;3;0;750;Cash;CS2;;0
SESS-12434;2026-08-16 22:49:37;USR-1602;2004-01-08;M;VIP;8;1360;1600;;Valorant;;0
SESS-12748;2026-08-02 08:18:00;USR-1270;2003-04-13;M;VIP;2;0;400;Card;Deadlock;5.0;0
SESS-12363;2026-08-22 20:48:55;USR-1046;2010-11-19;M;Bootcamp;1;0;150;Cash;CS2;;0
SESS-13090;2026-08-03 10:23:21;USR-1002;2004-11-16;F;VIP;2;390;400;App;CS2;;0
SESS-15071;2026-08-12 16:09:32;USR-1111;2000-02-14;M;Standard;2;360;200;Card;Dota 2;;0
SESS-11729;2026-08-21 19:29:20;USR-1091;2004-06-20;F;PS5;5;840;1125;Card;Dota 2;;1
SESS-13139;2026-08-01 19:18:36;USR-1080;2004-02-20;M;Standard;1;80;100;App;CS2;4.5;0
SESS-10139;2026-08-16 20:17:12;USR-1063;2005-06-25;M;Standard;2;0;200;Card;Dota 2;2.0;0
SESS-14095;2026-08-14 20:46:17;USR-1159;2011-04-10;M;Bootcamp;1;40;150;App;CS2;4.0;0
SESS-14652;2026-08-10 14:09:57;USR-1180;2011-11-28;M;Standard;2;0;200;App;Valorant;;0
SESS-12951;2026-08-14 16:11:10;USR-1691;2003-02-07;M;Standard;2;448;180;App;Valorant;4.5;1
SESS-12648;2026-08-10 22:01:19;USR-1097;2007-12-12;M;Standard;5;400;500;Card;CS2;;0
SESS-10868;2026-08-21 18:16:34;USR-1525;2012-06-25;M;Standard;3;0;300;App;CS2;;0
SESS-14715;2026-08-30 21:42:47;USR-1431;2011-08-02;M;Standard;8;0;800;App;Minecraft;;0
SESS-12149;2026-08-03 19:00:10;USR-1095;1997-11-18;M;VIP;2;650;400;Card;PUBG;;0
SESS-11261;2026-08-21 10:36:22;USR-1008;2007-05-01;M;Standard;2;224;180;App;Valorant;;1
SESS-11226;2026-08-19 17:34:27;USR-1008;2007-05-01;M;Standard;1;80;100;Card;GTA V;;0
SESS-14879;2026-08-11 14:14:35;USR-1359;2002-01-27;M;Standard;2;448;180;Card;CS2;;1
SESS-13215;2026-08-30 09:51:12;USR-1488;2010-03-27;M;Bootcamp;3;0;405;App;Minecraft;;1
SESS-13332;2026-08-28 17:06:10;USR-1465;1997-05-03;M;Standard;3;540;300;Card;CS2;4.5;0
SESS-12605;2026-08-09 21:52:13;USR-1456;2012-06-11;M;Standard;12;0;1080;Cash;CS2;4.0;1
SESS-12318;2026-08-11 23:53:12;USR-1698;2007-07-07;M;Bootcamp;8;1360;1200;Cash;Dota 2;5.0;0
SESS-11974;2026-08-08 11:40:03;USR-1080;2004-02-20;M;Bootcamp;3;546;405;Card;Apex Legends;4.0;1
SESS-11574;2026-08-02 19:28:25;USR-1077;2006-09-21;M;Standard;3;480;300;App;CS2;4.5;0
SESS-14392;2026-08-22 18:43:56;USR-1088;2007-06-21;F;Bootcamp;1;0;150;App;Dota 2;;0
SESS-12367;2026-08-27 21:33:29;USR-1090;1989-07-13;F;VIP;4;1218;720;Card;CS2;;1
SESS-15034;2026-08-18 00:33:03;USR-1256;2006-12-14;M;Standard;8;960;800;Card;Deadlock;3.0;0
SESS-12357;2026-08-19 19:29:41;USR-1092;1992-04-25;M;Bootcamp;4;1428;540;Card;Browser/Work;;1
SESS-13320;2026-08-18 15:59:09;USR-1572;2004-08-24;M;VIP;1;160;200;App;Valorant;5.0;0
SESS-13246;2026-08-23 07:58:31;USR-1113;2011-11-07;M;Standard;2;0;200;Cash;Dota 2;4.0;0
SESS-14333;2026-08-21 10:05:30;USR-1037;2008-05-17;F;PS5;1;0;250;Card;Dota 2;;0
SESS-15074;2026-08-10 16:02:52;USR-1711;1989-04-23;M;PS5;5;750;1250;Card;PUBG;5.0;0
SESS-11653;2026-08-19 17:11:05;USR-1442;2006-07-09;M;Standard;5;0;500;Cash;PUBG;;0
SESS-11125;2026-08-19 05:22:58;USR-1079;2007-12-07;M;Bootcamp;1;280;135;Card;Deadlock;5.0;1
SESS-14165;2026-08-30 15:29:44;USR-1109;2003-06-27;M;Standard;3;0;300;Card;Deadlock;4.0;0
SESS-12107;2026-08-22 19:48:21;USR-1603;1992-03-04;M;Standard;5;840;450;Card;Browser/Work;;1
SESS-10260;2026-08-11 20:28:26;USR-1005;1997-11-25;F;PS5;3;840;750;Card;PUBG;4.0;0
SESS-10900;2026-08-05 23:19:56;USR-1704;2004-02-28;F;VIP;8;0;1600;Card;CS2;;0
SESS-12657;2026-08-05 22:26:13;USR-1526;2006-08-16;F;Standard;8;640;800;App;Dota 2;;0
SESS-11191;2026-08-20 23:23:12;USR-1096;2004-01-06;M;VIP;8;0;1600;Card;CS2;4.5;0
SESS-14646;2026-08-24 16:47:38;USR-1727;2010-11-16;M;Standard;2;160;200;App;Valorant;4.5;0
SESS-13812;2026-08-16 19:30:35;USR-1647;2005-11-07;M;VIP;2;0;400;Card;CS2;;0
SESS-15043;2026-08-21 17:19:02;USR-1131;2006-04-21;M;Bootcamp;4;0;600;Card;Dota 2;4.0;0
SESS-14173;2026-08-04 17:24:50;USR-1119;2012-02-02;M;Standard;1;0;100;Cash;CS2;;0
SESS-11011;2026-08-19 15:35:13;USR-1136;2005-05-16;M;VIP;3;560;600;App;Valorant;4.0;0
SESS-14062;2026-08-22 21:56:01;USR-1488;2010-03-27;M;Standard;2;0;200;App;Minecraft;4.0;0
SESS-14998;2026-08-10 13:17:16;USR-1084;1999-10-26;M;PS5;2;0;500;Card;GTA V;4.0;0
SESS-11874;2026-08-19 19:34:33;USR-1612;2002-03-01;M;Bootcamp;2;0;300;App;CS2;4.5;0
SESS-14793;2026-08-08 21:27:21;USR-1113;2011-11-07;M;Standard;2;0;200;Cash;Valorant;;0
SESS-14265;2026-08-07 16:39:03;USR-1371;1999-05-12;M;VIP;1;480;200;Card;PUBG;;0
SESS-14686;2026-08-23 15:01:17;USR-1128;2010-09-14;M;Bootcamp;2;120;300;Cash;Deadlock;;0
SESS-10238;2026-08-04 09:46:01;USR-1108;1991-01-03;M;PS5;4;1610;900;App;Dota 2;;1
SESS-14898;2026-08-11 02:27:02;USR-1184;2005-03-22;M;Standard;2;240;200;Card;Valorant;;0
SESS-10612;2026-08-07 22:12:30;USR-1619;1989-11-18;F;Bootcamp;5;750;750;App;Dota 2;4.0;0
SESS-11712;2026-08-16 22:05:46;USR-1459;2005-07-10;M;PS5;8;1280;2000;Card;Dota 2;;0
SESS-14512;2026-08-01 15:31:16;USR-1741;2004-07-22;M;Bootcamp;3;0;450;Cash;CS2;4.5;0
SESS-13740;2026-08-15 16:20:23;USR-1772;2008-07-27;F;VIP;2;390;400;Card;Dota 2;;0
SESS-11260;2026-08-13 19:15:22;USR-1157;2009-12-23;M;Standard;3;336;270;App;Minecraft;;1
SESS-14728;2026-08-10 15:41:11;USR-1243;2005-12-12;M;Bootcamp;4;0;600;Card;Deadlock;;0
SESS-14004;2026-08-16 13:09:00;USR-1507;2006-07-11;M;Bootcamp;4;470;600;App;CS2;;0
SESS-10059;2026-08-16 09:40:23;USR-1605;2004-10-02;M;PS5;2;240;500;Card;CS2;;0
SESS-15051;2026-08-16 20:46:41;USR-1020;2006-04-26;M;VIP;3;0;540;Card;GTA V;5.0;1
SESS-13458;2026-08-14 14:34:33;USR-1713;2012-07-20;M;Standard;4;0;360;App;CS2;4.0;1
SESS-14622;2026-08-15 01:38:34;USR-1794;2011-09-16;M;PS5;12;480;3000;App;CS2;4.5;0
SESS-10375;2026-08-25 16:43:29;USR-1727;2010-11-16;M;Standard;4;448;360;App;Valorant;4.0;1
SESS-14166;2026-08-13 22:55:12;USR-1468;2012-10-26;M;Standard;8;0;800;App;GTA V;;0
SESS-14014;2026-08-25 09:32:09;USR-1152;2006-10-26;M;VIP;2;0;400;Card;Dota 2;;0
SESS-12844;2026-08-13 16:18:38;USR-1092;1992-04-25;M;VIP;5;0;1000;Card;PUBG;4.5;0
SESS-11139;2026-08-05 17:44:37;USR-1722;2005-06-04;M;VIP;2;0;400;Card;CS2;;0
SESS-10325;2026-08-01 13:29:20;USR-1479;1995-10-20;M;Bootcamp;2;650;300;Card;GTA V;;0
SESS-14038;2026-08-15 21:03:34;USR-1377;2006-10-05;M;Bootcamp;5;951;675;Card;CS2;;1
SESS-10427;2026-08-01 10:29:17;USR-1060;1996-01-13;F;VIP;2;510;400;Card;GTA V;;0
SESS-11100;2026-08-17 17:16:57;USR-1197;2004-03-03;M;Standard;2;160;200;App;CS2;;0
SESS-11866;2026-08-23 10:18:12;USR-1010;2009-04-04;F;Bootcamp;1;0;150;Cash;Dota 2;;0
SESS-15044;2026-08-19 00:29:10;USR-1236;2006-05-11;M;Standard;3;0;300;App;CS2;4.0;0
SESS-11594;2026-08-10 20:42:00;USR-1478;1991-11-11;M;Bootcamp;3;1050;450;Card;Dota 2;1.0;0
SESS-11050;2026-08-13 20:03:25;USR-1003;2004-08-17;M;VIP;2;434;360;Card;Valorant;4.5;1
SESS-10781;2026-08-01 11:47:29;USR-1299;2008-07-22;M;PS5;2;160;500;Card;Valorant;;0
SESS-10471;2026-08-25 00:39:31;USR-1100;2003-03-23;M;Standard;3;360;300;Card;CS2;;0
SESS-10908;2026-08-29 15:53:06;USR-1044;2010-12-22;F;Bootcamp;3;240;450;App;CS2;4.0;0
SESS-13632;2026-08-16 14:28:52;USR-1537;2009-08-18;F;Standard;1;80;100;Cash;Minecraft;;0
SESS-11603;2026-08-30 22:47:45;USR-1454;2010-09-24;M;Bootcamp;8;0;1200;Card;Dota 2;4.0;0
SESS-12692;2026-08-05 15:02:31;USR-1129;2010-06-11;M;Bootcamp;3;0;450;Cash;CS2;5.0;0
SESS-11945;2026-08-09 17:16:01;USR-1623;1995-07-16;M;Standard;1;180;100;Card;CS2;;0
SESS-13844;2026-08-25 18:10:31;USR-1025;2005-11-06;M;Standard;4;672;360;App;Dota 2;;1
SESS-11922;2026-08-10 08:24:09;USR-1074;2005-10-07;M;Standard;3;0;300;Card;Deadlock;;0
SESS-14279;2026-08-30 19:42:47;USR-1026;2006-05-04;M;VIP;1;0;200;Card;Dota 2;;0
SESS-13802;2026-08-12 13:26:32;USR-1032;2007-09-19;M;Standard;2;320;200;Card;Minecraft;5.0;0
SESS-12665;2026-08-14 17:31:00;USR-1112;2007-11-17;M;PS5;4;0;1000;Card;CS2;4.0;0
SESS-12594;2026-08-01 21:24:03;USR-1180;2011-11-28;M;Standard;2;0;200;App;Dota 2;;0
SESS-14007;2026-08-15 19:58:00;USR-1223;2006-09-11;M;PS5;2;0;500;App;Dota 2;;0
SESS-10713;2026-08-16 09:15:28;USR-1436;2008-05-26;M;Bootcamp;1;200;150;Card;Deadlock;;0
SESS-14227;2026-08-01 11:10:23;USR-1520;2002-05-27;F;PS5;3;0;750;Card;Deadlock;;0
SESS-13607;2026-08-14 18:39:54;USR-1176;2003-11-16;F;Standard;3;480;300;App;Dota 2;4.5;0
SESS-12182;2026-08-25 18:16:37;USR-1489;2004-05-06;M;PS5;4;0;900;Card;CS2;4.5;1
SESS-13376;2026-08-15 16:37:31;USR-1770;2010-09-26;M;Standard;4;0;360;Cash;Valorant;2.0;1
SESS-15065;2026-08-02 20:19:41;USR-1540;2006-02-11;M;Standard;3;503;270;Cash;Apex Legends;;1
SESS-14285;2026-08-15 22:36:46;USR-1589;2012-03-28;2;Bootcamp;8;0;1200;App;CS2;4.5;0
SESS-15096;2026-08-08 19:07:09;USR-1354;2006-10-15;M;Standard;1;0;100;Card;Valorant;;0
SESS-11526;2026-08-17 12:49:08;USR-1439;2009-10-14;M;PS5;3;336;675;Cash;CS2;4.5;1
SESS-14436;2026-08-22 14:00:22;USR-1769;1999-02-01;M;Bootcamp;3;660;450;App;GTA V;4.5;0
SESS-11855;2026-08-22 12:37:33;USR-1041;2010-09-17;M;Standard;3;0;270;Card;CS2;;1
SESS-12684;2026-08-01 10:33:09;USR-1277;2006-03-26;M;Standard;1;160;100;App;Dota 2;3.0;0
SESS-15111;2026-08-26 17:50:02;USR-1081;2006-01-23;M;PS5;2;0;500;Card;Dota 2;;0
SESS-13655;2026-08-30 16:18:51;USR-1261;2010-08-21;F;Bootcamp;4;0;600;Cash;Valorant;4.5;0
SESS-11003;2026-08-06 13:49:36;USR-1696;2006-01-19;M;VIP;3;714;540;Card;CS2;;1
SESS-12278;2026-08-23 02:14:57;USR-1320;2009-04-26;M;Standard;3;240;300;Cash;CS2;3.0;0
SESS-11227;2026-08-21 20:35:01;USR-1134;2005-02-21;M;VIP;1;322;180;App;Deadlock;;1
SESS-13578;2026-08-23 20:58:31;USR-1002;2004-11-16;F;Standard;1;0;100;App;CS2;;0
SESS-14636;2026-08-13 19:08:24;USR-1262;2007-08-06;M;Standard;2;0;200;Card;CS2;;0
SESS-10944;2026-08-09 12:03:16;USR-1417;1999-08-22;M;PS5;4;1428;900;Card;GTA V;4.0;1
SESS-13899;2026-08-21 22:20:40;USR-1243;2005-12-12;M;Standard;12;960;1200;Card;Valorant;;0
SESS-14407;2026-08-14 21:45:28;USR-1007;2009-09-04;M;Standard;2;80;200;App;Valorant;4.0;0
SESS-10050;2026-08-27 15:06:45;USR-1181;2000-03-04;M;Bootcamp;8;2226;1080;Card;Valorant;4.0;1
SESS-11217;2026-08-21 22:01:32;USR-1110;2012-12-13;2;Standard;8;0;800;Cash;Dota 2;;0
SESS-11846;2026-08-08 16:46:13;USR-1751;2009-12-06;M;Bootcamp;2;0;300;App;Deadlock;4.0;0
SESS-14404;2026-08-01 13:32:10;USR-1721;2009-10-14;M;Standard;2;0;200;Cash;Valorant;;0
SESS-13681;2026-08-05 08:47:40;USR-1281;1992-09-11;M;Bootcamp;1;480;150;Card;CS2;;0
SESS-10369;2026-08-05 19:31:11;USR-1062;1990-06-18;F;Standard;1;180;100;Card;Cyberpunk 2077;;0
SESS-10258;2026-08-01 19:44:36;USR-1616;2009-04-21;M;Standard;2;0;200;App;Apex Legends;;0
SESS-12373;2026-08-14 14:03:35;USR-1115;2007-01-24;M;VIP;2;310;400;App;Apex Legends;;0
SESS-14990;2026-08-07 02:12:39;USR-1067;2009-11-26;M;VIP;5;420;900;App;Apex Legends;4.0;1
SESS-13197;2026-08-06 09:33:41;USR-1103;2003-03-02;M;Bootcamp;1;0;150;App;Dota 2;;0
SESS-14141;2026-08-08 22:54:06;USR-1066;2002-11-13;M;Standard;8;640;800;Card;Dota 2;;0
SESS-10690;2026-08-13 20:24:43;USR-1239;2005-02-17;M;Standard;2;160;200;Card;Deadlock;;0
SESS-14991;2026-08-10 16:18:11;USR-1059;2012-05-14;M;Standard;2;120;200;App;Minecraft;5.0;0
SESS-12141;2026-08-11 18:22:55;USR-1073;2003-06-06;м;PS5;2;0;450;App;CS2;;1
SESS-11190;2026-08-09 20:33:05;USR-1029;2011-12-05;M;Standard;2;0;200;Card;Minecraft;;0
SESS-10438;2026-08-15 22:53:53;USR-1002;2004-11-16;F;Standard;5;800;500;Card;Dota 2;;0
SESS-10300;2026-08-27 19:05:57;USR-1540;2006-02-11;M;PS5;1;0;225;Card;Dota 2;;1
SESS-11213;2026-08-22 14:57:54;USR-1224;2010-05-27;M;Standard;4;224;360;Card;Minecraft;;1
SESS-10335;2026-08-28 17:14:12;USR-1400;1996-03-14;M;PS5;4;0;1000;App;CS2;;0
SESS-12945;2026-08-02 09:17:28;USR-1114;2010-02-05;M;PS5;1;80;250;Cash;Minecraft;4.5;0
SESS-10833;2026-08-23 19:50:00;USR-1047;2007-02-05;M;PS5;2;0;500;App;Dota 2;;0
SESS-13408;2026-08-01 13:49:24;USR-1185;2004-04-07;M;Bootcamp;4;0;600;Card;CS2;;0
SESS-13335;2026-08-02 14:26:19;USR-1685;2006-04-09;M;PS5;1;0;250;Card;Dota 2;;0
SESS-12464;2026-08-22 19:10:15;USR-1342;2012-05-19;M;Standard;1;0;100;App;Minecraft;;0
SESS-10758;2026-08-22 16:05:53;USR-1655;2007-10-26;M;Standard;2;240;200;Cash;Minecraft;;0
SESS-12420;2026-08-14 23:33:29;USR-1151;2004-10-09;M;Standard;5;800;500;Card;CS2;4.5;0
SESS-11701;2026-08-30 11:24:36;USR-1279;2009-04-12;M;Standard;4;0;400;App;PUBG;4.0;0
SESS-10036;2026-08-29 21:45:38;USR-1035;1993-09-24;M;PS5;4;630;1000;Card;CS2;;0
SESS-11947;2026-08-21 07:24:14;USR-1313;2005-07-12;M;Standard;2;240;200;App;CS2;;0
SESS-11856;2026-08-24 15:38:33;USR-1418;2007-10-20;M;Standard;2;240;200;Cash;CS2;;0
SESS-12738;2026-08-22 11:34:18;USR-1115;2007-01-24;M;VIP;2;0;400;Card;Dota 2;;0
SESS-10551;2026-08-08 22:51:30;USR-1077;2006-09-21;M;PS5;8;640;2000;Card;Dota 2;;0
SESS-11282;2026-08-21 11:18:12;USR-1637;2006-04-06;F;Standard;4;0;400;App;Dota 2;;0
SESS-10598;2026-08-09 09:52:58;USR-1083;1998-11-16;M;Bootcamp;3;840;450;Card;PUBG;;0
SESS-10945;2026-08-09 08:29:38;USR-1175;2008-04-24;M;VIP;1;230;200;Card;CS2;;0
SESS-11529;2026-08-09 19:29:32;USR-1560;2011-05-15;M;Standard;4;448;360;Cash;CS2;4.0;1
SESS-14948;2026-08-25 21:22:30;USR-1092;1992-04-25;M;Standard;4;672;360;Card;CS2;;1
SESS-13389;2026-08-06 19:57:49;USR-1336;2004-08-28;F;Bootcamp;8;1903;1080;App;Dota 2;;1
SESS-13000;2026-08-20 08:09:42;USR-1160;2011-08-09;M;Bootcamp;2;0;300;App;Dota 2;4.0;0
SESS-12918;2026-08-19 20:51:39;USR-1234;2004-03-20;M;Standard;1;160;100;Card;Apex Legends;;0
SESS-10989;2026-08-31 15:52:36;USR-1051;2006-08-12;F;VIP;2;470;400;Card;CS2;;0
SESS-11668;2026-08-30 00:26:04;USR-1148;2002-11-01;M;Bootcamp;8;0;1200;Card;CS2;4.0;0
SESS-12451;2026-08-11 20:46:51;USR-1015;2009-09-15;M;Standard;3;0;270;Card;CS2;3.0;1
SESS-12065;2026-08-20 16:33:30;USR-1762;1990-07-13;M;VIP;1;480;200;Card;GTA V;;0
SESS-12077;2026-08-02 17:13:13;USR-1361;1988-10-01;M;Standard;3;0;300;Card;CS2;;0
SESS-13831;2026-08-24 12:41:44;USR-1554;2006-09-13;F;VIP;2;0;400;Card;GTA V;;0
SESS-12800;2026-08-21 15:58:48;USR-1761;2009-12-20;M;Bootcamp;1;0;135;Cash;Deadlock;4.0;1
SESS-14749;2026-08-29 15:23:10;USR-1048;2012-12-04;M;Standard;1;80;100;App;Valorant;4.5;0
SESS-11320;2026-08-01 18:45:33;USR-1050;2002-06-22;M;Bootcamp;4;0;540;Card;Dota 2;;1
SESS-14158;2026-08-08 21:22:33;USR-1432;2003-09-08;M;Standard;2;320;200;Card;Dota 2;4.5;0
SESS-14241;2026-08-20 10:22:49;USR-1677;2010-12-19;M;Standard;2;0;200;App;Valorant;;0
SESS-10304;2026-08-29 10:18:28;USR-1200;2005-09-08;M;Standard;4;896;360;Card;CS2;;1
SESS-13410;2026-08-23 23:27:53;USR-1792;2005-06-21;M;Standard;5;0;500;Cash;GTA V;4.5;0
SESS-12682;2026-08-05 22:04:22;USR-1128;2010-09-14;M;Standard;5;0;500;Cash;CS2;;0
SESS-15085;2026-08-11 09:11:28;USR-1789;2010-09-05;M;Standard;1;0;100;App;CS2;4.5;0
SESS-10885;2026-08-18 17:46:24;USR-1510;2004-10-04;M;VIP;3;882;540;Cash;Valorant;4.5;1
SESS-14069;2026-08-13 17:52:29;USR-1411;2008-04-01;F;Standard;1;160;100;App;Deadlock;4.5;0
SESS-11210;2026-08-30 20:41:07;USR-1314;2008-01-15;F;Bootcamp;1;160;150;Card;GTA V;4.0;0
SESS-10280;2026-08-01 14:52:41;USR-1008;2007-05-01;M;VIP;4;0;800;Card;Dota 2;4.5;0
SESS-11309;2026-08-31 19:24:03;USR-1559;2003-03-16;M;VIP;2;390;400;Card;Valorant;;0
SESS-13429;2026-08-04 16:36:28;USR-1388;1988-03-10;M;PS5;2;650;500;Card;Dota 2;;0
SESS-15067;2026-08-30 22:40:15;USR-1194;2005-12-26;M;VIP;3;0;600;Card;Deadlock;;0
SESS-13112;2026-08-21 23:43:08;USR-1002;2004-11-16;F;VIP;5;480;1000;Card;Deadlock;;0
SESS-13964;2026-08-23 23:08:57;USR-1090;1989-07-13;F;PS5;5;0;1125;Card;Dota 2;;1
SESS-13140;2026-08-08 20:13:15;USR-1670;2000-10-25;M;Standard;2;500;200;Card;Dota 2;;0
SESS-14344;2026-08-21 00:24:12;USR-1399;1996-09-24;M;PS5;2;0;500;Card;Cyberpunk 2077;4.0;0
SESS-12008;2026-08-17 13:27:13;USR-1135;2004-06-20;F;VIP;3;320;600;Card;Minecraft;;0
SESS-11002;2026-08-03 15:39:40;USR-1583;2006-10-15;F;VIP;2;0;400;Card;Deadlock;;0
SESS-13350;2026-08-21 19:51:56;USR-1104;2009-06-16;M;Bootcamp;1;0;150;Cash;Minecraft;;0
SESS-11752;2026-08-09 18:31:36;USR-1743;2009-09-28;M;Standard;1;0;100;App;CS2;;0
SESS-13614;2026-08-05 22:18:14;USR-1707;2006-04-14;M;Bootcamp;3;0;405;Card;Dota 2;4.5;1
SESS-12869;2026-08-21 17:00:32;USR-1391;2012-11-11;F;Standard;2;0;200;App;CS2;;0
SESS-13436;2026-08-19 22:59:21;USR-1171;2009-02-26;M;Bootcamp;8;0;1080;Cash;Apex Legends;4.5;1
SESS-11333;2026-08-24 23:32:39;USR-1102;1997-01-21;M;Standard;8;0;800;Card;Cyberpunk 2077;3.0;0
SESS-10060;2026-08-21 16:23:14;USR-1012;2005-04-17;M;Standard;2;0;200;Card;CS2;;0
SESS-13456;2026-08-17 18:03:19;USR-1528;1993-03-20;F;VIP;2;650;400;Card;PUBG;5.0;0
SESS-12161;2026-08-23 01:48:27;USR-1046;2010-11-19;M;Bootcamp;12;0;1800;Cash;Deadlock;;0
SESS-13827;2026-08-18 23:41:42;USR-1139;2012-01-04;M;Standard;12;0;1200;App;Valorant;;0
SESS-14389;2026-08-22 16:08:23;USR-1673;2005-08-07;M;Standard;4;480;400;App;Dota 2;;0
SESS-12280;2026-08-11 16:10:52;USR-1075;2004-09-10;M;VIP;2;658;360;Card;Valorant;;1
SESS-12194;2026-08-15 17:09:39;USR-1083;1998-11-16;M;VIP;5;1470;900;Card;GTA V;;1
SESS-14162;2026-08-30 20:48:10;USR-1063;2005-06-25;M;VIP;2;0;400;Card;Dota 2;;0
SESS-14774;2026-08-28 23:01:13;USR-1127;1997-11-22;M;Standard;12;1440;1200;Card;Dota 2;4.5;0
SESS-14232;2026-08-07 19:50:41;USR-1156;2010-02-04;M;Standard;2;0;180;Cash;Valorant;;1
SESS-12121;2026-08-08 12:07:30;USR-1278;2005-02-12;M;Standard;1;0;100;Card;Dota 2;;0
SESS-13150;2026-08-17 17:39:24;USR-1142;2005-03-10;M;Standard;5;0;500;Card;CS2;;0
SESS-12418;2026-08-13 13:13:53;USR-1785;2001-01-02;M;Bootcamp;2;0;300;Cash;Dota 2;;0
SESS-13367;2026-08-16 20:01:15;USR-1017;2011-10-14;M;Bootcamp;3;168;405;App;Valorant;5.0;1
SESS-12620;2026-08-01 17:57:08;USR-1376;2004-04-12;F;Standard;4;640;400;Card;Valorant;;0
SESS-11245;2026-08-29 12:29:35;USR-1287;1998-01-26;M;VIP;2;650;400;App;PUBG;;0
SESS-11498;2026-08-29 15:28:02;USR-1128;2010-09-14;M;Standard;2;0;200;App;Deadlock;;0
SESS-14600;2026-08-18 16:37:43;USR-1785;2001-01-02;M;Bootcamp;2;0;300;Card;CS2;;0
SESS-12171;2026-08-01 17:05:44;USR-1014;2008-03-15;M;PS5;2;240;500;Card;Dota 2;3.0;0
SESS-12353;2026-08-02 21:32:01;USR-1311;2006-03-14;M;Standard;3;0;300;Card;Apex Legends;;0
SESS-12066;2026-08-12 23:39:25;USR-1456;2012-06-11;M;VIP;3;120;600;Cash;CS2;5.0;0
SESS-14734;2026-08-20 14:39:14;USR-1667;2006-08-08;F;VIP;2;0;400;Card;Dota 2;;0
SESS-11778;2026-08-14 11:05:18;USR-1599;2001-04-08;M;Bootcamp;2;320;300;Card;Dota 2;4.0;0
SESS-12094;2026-08-15 15:34:34;USR-1581;2004-05-05;M;Standard;1;0;100;Cash;Dota 2;;0
SESS-12038;2026-08-27 08:29:26;USR-1754;2010-04-04;M;Standard;2;0;200;App;GTA V;;0
SESS-10217;2026-08-20 00:03:23;USR-1691;2003-02-07;M;Bootcamp;5;950;750;Cash;Valorant;4.5;0
SESS-13916;2026-08-30 07:36:18;USR-1249;1999-09-16;F;VIP;2;650;400;Cash;Dota 2;;0
SESS-11118;2026-08-21 11:01:47;USR-1097;2007-12-12;M;Bootcamp;4;400;600;Card;Valorant;5.0;0
SESS-15120;2026-08-26 17:31:12;USR-1720;2002-10-10;M;VIP;2;0;400;Card;Dota 2;;0
SESS-12611;2026-08-01 01:46:07;USR-1089;2003-05-03;M;Standard;12;0;1200;Card;CS2;;0
SESS-14925;2026-08-12 18:55:49;USR-1273;2007-03-21;M;Bootcamp;4;400;600;Card;Valorant;5.0;0
SESS-11564;2026-08-13 01:09:32;USR-1649;2001-07-08;M;Bootcamp;12;1554;1620;App;CS2;5.0;1
SESS-12158;2026-08-24 23:22:13;USR-1527;2003-03-24;M;Standard;5;800;500;App;Dota 2;4.0;0
SESS-15127;2026-08-13 22:46:35;USR-1055;2009-07-20;M;Bootcamp;5;0;750;App;Minecraft;;0
SESS-13514;2026-08-11 21:10:59;USR-1425;2008-06-18;M;Bootcamp;3;448;405;Card;Apex Legends;4.5;1
SESS-11000;2026-08-02 01:33:01;USR-1573;1995-03-18;M;VIP;8;2300;1600;Card;Dota 2;;0
SESS-14030;2026-08-03 19:39:13;USR-1198;2011-06-15;M;Standard;3;0;270;App;Dota 2;;1
SESS-10040;2026-08-28 00:42:34;USR-1094;1996-06-19;M;Standard;5;1260;450;Card;Dota 2;;1
SESS-12010;2026-08-18 15:04:35;USR-1770;2010-09-26;M;Standard;1;0;100;App;CS2;;0
SESS-10349;2026-08-08 19:20:22;USR-1126;1998-09-28;M;Bootcamp;4;1300;600;Card;Valorant;;0
SESS-10863;2026-08-23 18:39:04;USR-1022;2004-01-17;M;Bootcamp;3;0;450;Card;CS2;;0
SESS-13675;2026-08-20 12:15:54;USR-1062;1990-06-18;F;PS5;1;0;250;Card;Cyberpunk 2077;;0
SESS-12791;2026-08-15 16:12:48;USR-1093;2003-03-25;M;Standard;1;80;100;Card;Dota 2;;0
SESS-10793;2026-08-15 02:14:54;USR-1049;2004-10-01;M;Bootcamp;2;0;300;Card;Deadlock;5.0;0
SESS-12283;2026-08-27 21:36:07;USR-1171;2009-02-26;M;Bootcamp;2;0;300;Cash;CS2;;0
SESS-14088;2026-08-29 16:57:44;USR-1773;1996-01-05;F;PS5;1;480;250;Card;Dota 2;5.0;0
SESS-12616;2026-08-17 17:03:19;USR-1702;2008-11-05;M;Standard;2;160;200;Card;CS2;;0
SESS-14539;2026-08-14 20:49:55;USR-1106;2007-05-17;F;Bootcamp;4;0;540;Card;Deadlock;4.5;1
SESS-13281;2026-08-15 13:25:35;USR-1140;2005-12-21;M;Bootcamp;2;0;300;App;Minecraft;;0
SESS-11897;2026-08-10 10:22:55;USR-1482;2012-12-10;M;Bootcamp;5;420;675;Card;Valorant;4.5;1
SESS-11645;2026-08-28 01:35:13;USR-1010;2009-04-04;F;Standard;8;0;800;Card;GTA V;4.5;0
SESS-10067;2026-08-08 18:52:26;USR-1093;2003-03-25;M;VIP;2;320;400;Card;CS2;;0
SESS-11092;2026-08-09 17:39:47;USR-1046;2010-11-19;M;Standard;2;224;180;App;PUBG;4.5;1
SESS-10365;2026-08-18 20:07:40;USR-1586;2007-04-21;M;PS5;5;560;1125;Card;Valorant;4.0;1
SESS-13631;2026-08-20 11:42:23;USR-1193;1995-06-05;M;Standard;1;180;100;Card;Dota 2;;0
SESS-14202;2026-08-11 20:07:32;USR-1017;2011-10-14;M;Standard;3;120;300;App;CS2;;0
SESS-14855;2026-08-25 20:37:18;USR-1127;1997-11-22;M;PS5;4;1819;900;Card;Cyberpunk 2077;5.0;1
SESS-13694;2026-08-19 16:29:09;USR-1782;2005-11-16;F;Standard;3;0;270;Card;Dota 2;5.0;1
SESS-14256;2026-08-31 14:22:49;USR-1647;2005-11-07;M;VIP;3;882;540;Card;CS2;4.5;1
SESS-11989;2026-08-23 14:10:43;USR-1071;2004-05-19;F;Standard;2;0;200;Card;CS2;4.0;0
SESS-13457;2026-08-23 15:44:30;USR-1472;2004-10-08;M;Standard;1;160;100;Cash;CS2;;0
SESS-12735;2026-08-12 13:03:07;USR-1047;2007-02-05;M;VIP;3;560;600;Card;Dota 2;;0
SESS-14567;2026-08-30 13:46:38;USR-1027;2010-09-10;M;VIP;2;160;400;App;Dota 2;5.0;0
SESS-10919;2026-08-21 14:15:23;USR-1154;2008-09-01;M;Bootcamp;2;658;270;Card;Dota 2;5.0;1
SESS-13636;2026-08-07 22:54:41;USR-1564;2003-03-04;M;PS5;5;800;1250;Card;Valorant;5.0;0
SESS-10157;2026-08-10 08:29:28;USR-1387;1995-10-18;M;PS5;2;540;500;Card;Dota 2;;0
SESS-13521;2026-08-24 06:38:29;USR-1036;2007-07-18;M;Standard;2;0;200;App;Deadlock;;0
SESS-14913;2026-08-03 11:55:55;USR-1753;2004-11-22;M;VIP;3;882;540;Card;CS2;;1
SESS-10671;2026-08-29 17:08:03;USR-1150;2012-10-22;F;VIP;3;180;600;App;Dota 2;;0
SESS-12619;2026-08-15 14:34:08;USR-1013;2006-02-09;M;Bootcamp;3;882;405;Card;GTA V;4.5;1
SESS-11917;2026-08-09 14:27:24;USR-1300;1992-04-22;M;VIP;3;0;600;Card;Deadlock;1.0;0
SESS-14435;2026-08-17 14:57:15;USR-1781;2001-02-18;M;Standard;3;480;300;Card;Deadlock;;0
SESS-11197;2026-08-05 10:23:31;USR-1779;2004-11-03;M;Standard;4;320;400;Card;Dota 2;2.0;0
SESS-10185;2026-08-30 00:06:16;USR-1643;1998-10-25;M;VIP;8;2436;1440;Card;Dota 2;1.0;1
SESS-10463;2026-08-17 17:40:23;USR-1572;2004-08-24;M;VIP;1;0;200;Card;Dota 2;;0
SESS-13488;2026-08-06 20:26:00;USR-1023;2003-06-20;M;VIP;2;400;400;Card;Minecraft;4.5;0
SESS-10110;2026-08-01 18:01:09;USR-1516;2006-08-02;M;VIP;2;0;400;Card;CS2;;0
SESS-11795;2026-08-22 21:45:21;USR-1156;2010-02-04;M;Standard;2;160;200;App;CS2;;0
SESS-12259;2026-08-25 10:30:09;USR-1299;2008-07-22;M;Standard;1;0;100;Card;Deadlock;;0
SESS-13957;2026-08-30 12:51:36;USR-1171;2009-02-26;M;Standard;2;0;200;Cash;Minecraft;4.0;0
SESS-11705;2026-08-03 12:45:38;USR-1548;1991-05-06;F;PS5;1;0;250;Card;Dota 2;;0
SESS-14186;2026-08-28 07:48:14;USR-1471;2002-04-21;F;Standard;12;2015;1080;Card;CS2;3.0;1
SESS-11943;2026-08-08 18:43:03;USR-1456;2012-06-11;M;ps5;8;0;800;App;Dota 2;4.0;0
SESS-11761;2026-08-02 17:55:19;USR-1356;2012-03-10;M;PS5;3;0;750;App;CS2;5.0;0
SESS-14091;2026-08-29 13:05:36;USR-1641;2003-08-01;M;Bootcamp;2;0;300;App;Apex Legends;;0
SESS-13582;2026-08-16 00:18:41;USR-1789;2010-09-05;M;Standard;12;672;1080;App;Dota 2;;1
SESS-12031;2026-08-26 13:11:20;USR-1552;2009-01-06;M;Bootcamp;3;0;450;App;Dota 2;5.0;0
SESS-14820;2026-08-28 18:01:56;USR-1580;2008-07-14;M;Bootcamp;2;0;300;App;Dota 2;4.5;0
SESS-10048;2026-08-19 12:19:17;USR-1064;1999-11-15;M;PS5;3;510;750;Card;CS2;;0
SESS-13178;2026-08-04 13:17:03;USR-1570;2007-04-04;M;Bootcamp;2;0;300;Card;Valorant;;0
SESS-12829;2026-08-26 19:20:53;USR-1091;2004-06-20;F;Bootcamp;4;630;600;Card;PUBG;;0
SESS-11169;2026-08-07 15:45:47;USR-1480;1998-10-13;M;Bootcamp;3;923;405;App;PUBG;;1
SESS-13608;2026-08-27 22:49:40;USR-1478;1991-11-11;M;Bootcamp;8;0;1200;Cash;Dota 2;5.0;0
SESS-14118;2026-08-22 09:26:51;USR-1308;2009-07-06;M;Standard;2;0;200;Cash;Dota 2;;0
SESS-11696;2026-08-21 16:19:43;USR-1274;2005-06-19;M;Bootcamp;2;0;300;Card;CS2;;0
SESS-12995;2026-08-17 20:48:32;USR-1369;2002-03-14;F;Bootcamp;1;0;150;App;CS2;;0
SESS-11820;2026-08-16 19:31:09;USR-1664;2007-09-01;F;Standard;2;0;200;Card;Dota 2;;0
SESS-14717;2026-08-10 11:58:32;USR-1613;2010-02-26;M;Standard;5;560;450;App;Valorant;5.0;1
SESS-10218;2026-08-02 23:31:48;USR-1032;2007-09-19;M;Standard;8;1280;800;Card;CS2;4.0;0
SESS-14602;2026-08-02 21:01:40;USR-1021;2008-06-07;M;Standard;1;0;100;App;CS2;2.0;0
SESS-10645;2026-08-29 18:34:56;USR-1280;2009-11-26;M;Standard;3;0;300;App;Deadlock;3.0;0
SESS-11494;2026-08-03 11:56:53;USR-1501;1995-06-28;F;Standard;5;1250;500;Card;GTA V;;0
SESS-12601;2026-08-09 13:10:58;USR-1428;2005-10-11;F;VIP;12;1590;2400;App;Valorant;5.0;0
SESS-13280;2026-08-27 18:02:01;USR-1523;2009-04-04;M;Bootcamp;3;0;450;Cash;Valorant;4.5;0
SESS-10827;2026-08-21 09:43:02;USR-1642;2012-07-17;M;Standard;1;60;100;App;GTA V;;0
SESS-10120;2026-08-24 10:50:27;USR-1097;2007-12-12;M;VIP;1;0;200;Card;Valorant;3.0;0
SESS-11461;2026-08-22 19:12:01;USR-1393;2012-12-28;M;Standard;3;0;300;Cash;Apex Legends;5.0;0
SESS-14272;2026-08-24 19:34:55;USR-1002;2004-11-16;F;Standard;3;0;300;Card;CS2;;0
SESS-11472;2026-08-01 14:27:00;USR-1568;2010-02-02;M;Bootcamp;4;240;600;Card;Minecraft;3.0;0
SESS-11938;2026-08-05 21:48:26;USR-1045;2007-06-12;M;Standard;4;672;360;Card;CS2;;1
SESS-14940;2026-08-22 15:08:45;USR-1391;2012-11-11;F;Bootcamp;3;0;450;App;CS2;;0
SESS-10305;2026-08-18 06:04:26;USR-1022;2004-01-17;M;Bootcamp;2;390;300;Card;CS2;;0
SESS-11699;2026-08-13 10:06:46;USR-1207;2007-02-06;F;VIP;2;0;400;Card;CS2;5.0;0
SESS-13807;2026-08-13 23:19:41;USR-1256;2006-12-14;M;Standard;12;2015;1080;Cash;Dota 2;3.0;1
SESS-13276;2026-08-10 17:27:47;USR-1737;2002-09-03;M;Standard;2;0;200;Card;Deadlock;;0
SESS-12081;2026-08-14 21:01:52;USR-1602;2004-01-08;M;PS5;3;672;675;Card;Dota 2;5.0;1
SESS-13494;2026-08-09 23:34:43;USR-1382;2007-03-24;M;Bootcamp;12;0;1800;Card;Dota 2;5.0;0
SESS-14526;2026-08-26 21:40:18;USR-1058;2011-10-04;M;Standard;1;0;100;App;Valorant;;0
SESS-14907;2026-08-01 21:52:35;USR-1714;2009-01-21;M;Standard;2;120;200;App;Minecraft;;0
SESS-13502;2026-08-07 14:13:44;USR-1316;2005-09-07;M;Bootcamp;1;0;150;Card;CS2;;0
SESS-12371;2026-08-19 15:09:46;USR-1187;2012-08-18;M;Standard;4;0;400;App;CS2;;0
SESS-12389;2026-08-01 12:22:00;USR-1374;2008-05-12;M;Standard;5;0;500;Card;CS2;;0
SESS-12410;2026-08-07 10:48:32;USR-1048;2012-12-04;M;Standard;3;120;300;Cash;Dota 2;5.0;0
SESS-10755;2026-08-30 20:41:36;USR-1043;2005-09-15;M;VIP;2;310;400;Card;PUBG;;0
SESS-14570;2026-08-07 12:55:48;USR-1040;1999-04-03;M;VIP;1;400;200;Card;Browser/Work;;0
SESS-10406;2026-08-11 18:56:33;USR-1251;2005-03-05;M;PS5;2;0;500;App;Deadlock;4.5;0
SESS-13530;2026-08-15 08:44:56;USR-1728;1993-08-27;M;Standard;4;1007;360;Card;Cyberpunk 2077;;1
SESS-11143;2026-08-23 18:41:52;USR-1457;2012-11-03;M;Standard;5;0;500;App;Valorant;;0
SESS-14706;2026-08-23 02:08:48;USR-1080;2004-02-20;M;Bootcamp;2;658;270;Card;Valorant;4.5;1
SESS-10448;2026-08-08 15:28:54;USR-1689;2003-05-24;M;Standard;8;1344;720;;Valorant;4.5;1
SESS-14461;2026-08-08 08:11:46;USR-1019;2004-08-06;M;PS5;1;160;250;Card;CS2;;0
SESS-11635;2026-08-12 20:22:12;USR-1387;1995-10-18;M;Standard;5;1750;450;Card;Valorant;4.5;1
SESS-10503;2026-08-02 11:17:04;USR-1077;2006-09-21;M;VIP;5;0;1000;Card;Dota 2;;0
SESS-10206;2026-08-30 12:44:37;USR-1542;1996-01-09;F;Bootcamp;1;270;150;Card;GTA V;;0
SESS-13008;2026-08-14 15:32:38;USR-1520;2002-05-27;F;VIP;3;0;600;Card;CS2;5.0;0
SESS-14457;2026-08-21 19:17:09;USR-1077;2006-09-21;M;Bootcamp;1;434;135;Card;Dota 2;;1
SESS-13760;2026-08-13 10:49:25;USR-1073;2003-06-06;M;VIP;4;0;800;Card;Dota 2;;0
SESS-13885;2026-08-29 15:40:39;USR-1671;2002-10-12;M;Bootcamp;3;560;450;Card;CS2;3.0;0
SESS-10459;2026-08-21 18:30:14;USR-1682;2010-02-07;M;Standard;2;0;200;App;Dota 2;;0
SESS-13490;2026-08-21 19:37:50;USR-1317;2009-06-17;F;Standard;3;251;270;Card;Dota 2;4.0;1
SESS-13639;2026-08-28 20:19:05;USR-1094;1996-06-19;M;Standard;3;503;270;Card;Dota 2;4.5;1
SESS-14873;2026-08-02 15:38:56;USR-1309;2010-07-25;M;Standard;2;0;200;App;Dota 2;5.0;0
SESS-14836;2026-08-31 18:14:20;USR-1117;2010-01-23;M;Standard;1;0;100;Cash;Valorant;;0
SESS-12857;2026-08-26 20:59:05;USR-1155;2007-01-07;M;Bootcamp;2;0;300;Card;Deadlock;;0
SESS-10786;2026-08-16 16:49:36;USR-1061;2005-07-24;M;Standard;12;960;1200;App;Dota 2;4.0;0
SESS-10247;2026-08-06 00:48:25;USR-1055;2009-07-20;M;Standard;2;0;200;App;Dota 2;;0
SESS-14016;2026-08-29 19:18:19;USR-1041;2010-09-17;M;Standard;8;0;800;App;CS2;4.5;0
SESS-10290;2026-08-21 03:07:54;USR-1315;1997-06-09;M;VIP;8;1590;1600;App;GTA V;4.5;0
SESS-10933;2026-08-28 17:54:58;USR-1658;2007-07-08;M;Standard;3;360;300;Card;Dota 2;4.0;0
SESS-14672;2026-08-07 21:51:48;USR-1119;2012-02-02;M;Standard;2;80;200;Cash;CS2;5.0;0
SESS-12652;2026-08-29 10:45:48;USR-1065;1997-11-13;M;PS5;2;0;500;Card;Dota 2;4.5;0
SESS-10529;2026-08-08 23:01:55;USR-1155;2007-01-07;M;PS5;5;0;1250;Cash;Dota 2;4.5;0
SESS-11104;2026-08-26 17:13:50;USR-1298;2006-03-25;M;Bootcamp;3;0;405;App;Dota 2;4.5;1
SESS-14268;2026-08-21 18:49:51;USR-1320;2009-04-26;M;Standard;2;0;200;Card;CS2;4.5;0
SESS-12481;2026-08-29 15:04:31;USR-1144;2009-09-12;M;Standard;1;0;100;Card;CS2;5.0;0
SESS-12505;2026-08-17 17:48:12;USR-1773;1996-01-05;F;PS5;1;400;250;Card;Cyberpunk 2077;;0
SESS-13278;2026-08-01 19:42:43;USR-1082;2007-12-15;F;Standard;1;160;100;Card;Valorant;1.0;0
SESS-14217;2026-08-18 00:26:01;USR-1068;2004-06-11;M;Standard;12;2688;1080;Card;CS2;4.0;1
SESS-13813;2026-08-01 18:54:10;USR-1032;2007-09-19;M;Standard;4;672;360;App;CS2;;1
SESS-14659;2026-08-16 17:29:08;USR-1358;2010-04-10;M;Bootcamp;3;0;450;Cash;Minecraft;2.0;0
SESS-11870;2026-08-25 15:24:00;USR-1044;2010-12-22;F;VIP;1;40;200;App;Deadlock;4.0;0
SESS-11606;2026-08-20 17:13:06;USR-1118;2006-06-28;M;VIP;3;0;600;Card;CS2;;0
SESS-14018;2026-08-13 16:39:17;USR-1499;2004-05-04;M;PS5;2;0;500;Card;PUBG;;0
SESS-12080;2026-08-29 00:16:17;USR-1360;2007-07-13;M;Bootcamp;12;1040;1800;Card;CS2;;0
SESS-14191;2026-08-02 11:08:22;USR-1052;2006-06-27;M;Standard;1;160;100;App;Dota 2;;0
SESS-13391;2026-08-11 00:19:56;USR-1039;1994-11-20;M;VIP;8;1110;1600;Card;CS2;5.0;0
SESS-12322;2026-08-22 17:16:49;USR-1105;1994-09-17;M;VIP;1;270;200;Card;Dota 2;;0
SESS-10093;2026-08-26 22:23:55;USR-1497;2006-07-10;F;PS5;8;0;1800;App;Deadlock;;1
SESS-10275;2026-08-30 19:41:07;USR-1689;2003-05-24;M;Standard;1;0;100;App;CS2;4.5;0
SESS-12522;2026-08-08 12:24:36;USR-1019;2004-08-06;M;PS5;2;240;500;Card;CS2;;0
SESS-11628;2026-08-23 13:46:25;USR-1074;2005-10-07;M;VIP;2;0;400;Card;Dota 2;;0
SESS-14517;2026-08-26 18:34:32;USR-1079;2007-12-07;M;Standard;1;0;100;Card;CS2;;0
SESS-12969;2026-08-15 23:23:11;USR-1310;2003-07-07;M;Standard;8;1792;720;Card;Dota 2;5.0;1
SESS-12817;2026-08-18 10:17:19;USR-1766;2009-08-10;M;Bootcamp;4;0;600;Card;CS2;;0
SESS-12536;2026-08-27 20:55:28;USR-1410;2009-08-25;M;Standard;4;0;360;App;Minecraft;;1
SESS-14903;2026-08-28 02:50:24;USR-1031;2008-04-25;M;Standard;2;240;200;App;CS2;5.0;0
SESS-12854;2026-08-06 19:15:42;USR-1580;2008-07-14;M;Standard;2;240;200;Card;Dota 2;4.5;0
SESS-12255;2026-08-29 01:20:59;USR-1019;2004-08-06;M;PS5;8;0;2000;Card;Dota 2;;0
SESS-14941;2026-08-26 22:46:16;USR-1222;2012-07-14;M;PS5;8;320;2000;Card;Minecraft;4.5;0
SESS-13674;2026-08-14 16:08:16;USR-1703;2010-09-27;M;Standard;3;336;270;Cash;Minecraft;4.0;1
SESS-10010;2026-08-15 00:36:11;USR-1221;1996-07-08;M;VIP;12;3150;2400;Card;CS2;;0
SESS-12719;2026-08-15 15:51:35;USR-1190;2009-09-19;M;Standard;1;40;100;App;CS2;;0
SESS-12730;2026-08-14 00:50:48;USR-1080;2004-02-20;M;Standard;8;0;800;Card;CS2;4.0;0
SESS-12293;2026-08-21 19:21:54;USR-1066;2002-11-13;M;Bootcamp;3;0;450;Card;Dota 2;5.0;0
SESS-11426;2026-08-02 22:04:22;USR-1018;2008-06-09;M;VIP;8;1106;1440;Card;Dota 2;;1
SESS-13797;2026-08-23 20:04:53;USR-1114;2010-02-05;M;PS5;5;0;1125;App;Minecraft;;1
SESS-11446;2026-08-25 19:53:22;USR-1718;2005-08-19;F;Standard;2;240;200;App;Dota 2;4.0;0
SESS-12757;2026-08-03 10:49:51;USR-1106;2007-05-17;F;PS5;1;168;225;App;CS2;;1
SESS-14373;2026-08-08 16:05:52;USR-1671;2002-10-12;M;Bootcamp;1;270;150;Card;Dota 2;;0
SESS-12027;2026-08-27 08:20:55;USR-1772;2008-07-27;F;VIP;3;0;600;App;Dota 2;;0
SESS-13644;2026-08-02 13:40:56;USR-1094;1996-06-19;M;PS5;1;330;250;Card;Dota 2;3.0;0
SESS-11794;2026-08-07 16:45:25;USR-1073;2003-06-06;M;Standard;12;1344;1080;Card;CS2;;1
SESS-10475;2026-08-28 20:30:39;USR-1491;2011-05-27;M;Standard;1;0;100;App;Minecraft;4.0;0
SESS-14417;2026-08-16 14:58:37;USR-1534;2005-10-07;M;PS5;2;160;500;App;CS2;5.0;0
SESS-15025;2026-08-20 12:02:24;USR-1696;2006-01-19;M;VIP;2;310;400;Card;CS2;;0
SESS-10266;2026-08-29 17:29:16;USR-1054;2005-04-23;M;Standard;1;0;100;App;GTA V;1.0;0
SESS-14961;2026-08-26 19:30:01;USR-1672;2006-01-03;M;PS5;3;0;750;App;CS2;4.5;0
SESS-13866;2026-08-20 21:38:03;USR-1376;2004-04-12;F;Standard;2;336;180;Card;Dota 2;4.5;1
SESS-12509;2026-08-30 16:13:57;USR-1583;2006-10-15;F;Bootcamp;2;0;300;App;Valorant;4.0;0
SESS-11824;2026-08-09 19:48:00;USR-1022;2004-01-17;M;Bootcamp;3;0;450;App;Valorant;;0
SESS-13981;2026-08-15 15:57:13;USR-1023;2003-06-20;M;Bootcamp;3;0;450;Card;Dota 2;;0
SESS-14595;2026-08-06 19:51:38;USR-1318;2011-06-11;M;Standard;1;80;100;Cash;Minecraft;4.0;0
SESS-14897;2026-08-29 21:14:32;USR-1230;2003-12-01;F;Standard;4;320;400;Card;Dota 2;;0
SESS-11735;2026-08-13 23:57:14;USR-1371;1999-05-12;M;Standard;8;2800;720;Card;Dota 2;4.0;1
SESS-10418;2026-08-19 15:41:46;USR-1756;2006-11-04;M;Standard;1;224;90;Card;CS2;2.0;1
SESS-12847;2026-08-19 14:37:59;USR-1129;2010-06-11;M;Standard;8;0;720;App;Valorant;;1
SESS-11633;2026-08-01 20:28:59;USR-1653;2007-11-28;M;Standard;4;640;400;Card;Valorant;3.0;0
SESS-10172;2026-08-23 20:20:18;USR-1563;1994-08-05;M;VIP;3;1050;600;Card;CS2;4.0;0
SESS-11888;2026-08-23 14:45:51;USR-1154;2008-09-01;M;Standard;1;0;100;Card;CS2;;0
SESS-12187;2026-08-20 09:18:51;USR-1106;2007-05-17;F;Standard;1;0;100;Cash;CS2;1.0;0
SESS-11094;2026-08-16 20:26:06;USR-1163;2009-02-20;M;Standard;2;0;200;App;Valorant;;0
SESS-13080;2026-08-26 01:16:01;USR-1293;2005-01-24;M;Standard;12;0;1200;Card;Valorant;3.0;0
SESS-11864;2026-08-15 21:09:32;USR-1324;2006-06-22;M;Standard;1;160;100;Card;Apex Legends;;0
SESS-10497;2026-08-22 19:19:50;USR-1508;2005-09-26;F;Standard;1;0;100;Card;Valorant;;0
SESS-10704;2026-08-23 21:22:54;USR-1519;2001-01-22;M;Standard;1;160;100;Card;Dota 2;;0
SESS-15070;2026-08-01 19:14:26;USR-1357;2009-05-07;M;VIP;1;0;200;Cash;Valorant;5.0;0
SESS-14877;2026-08-01 23:46:49;USR-1015;2009-09-15;M;Bootcamp;12;0;1800;Card;Deadlock;;0
SESS-12153;2026-08-05 08:46:32;USR-1666;1996-10-13;F;Standard;2;240;200;Cash;GTA V;;0
SESS-12622;2026-08-30 14:49:24;USR-1796;1998-12-28;F;Standard;2;240;200;Card;Dota 2;;0
SESS-11524;2026-08-24 23:06:48;USR-1337;2009-02-20;F;Standard;5;0;500;App;Deadlock;;0
SESS-13407;2026-08-30 19:24:29;USR-1423;2011-05-01;M;Bootcamp;2;160;300;Cash;Dota 2;;0
SESS-10166;2026-08-04 12:05:12;USR-1010;2009-04-04;F;Standard;1;0;100;Cash;GTA V;;0
SESS-10461;2026-08-15 18:44:48;USR-1439;2009-10-14;M;Standard;2;0;200;App;Minecraft;;0
SESS-13784;2026-08-16 16:33:12;USR-1326;2012-01-05;M;Standard;2;0;200;App;CS2;;0
SESS-13019;2026-08-19 00:21:17;USR-1503;2011-02-08;M;Standard;5;0;500;Card;Valorant;4.0;0
SESS-14064;2026-08-24 18:39:59;USR-1686;2009-08-20;M;Standard;2;0;200;Card;Valorant;;0
SESS-11259;2026-08-07 02:54:33;USR-1470;2002-11-07;M;Standard;2;0;200;App;CS2;2.0;0
SESS-12890;2026-08-15 14:36:04;USR-1346;2007-06-19;M;Standard;1;0;100;App;Apex Legends;;0
SESS-14286;2026-08-11 23:44:17;USR-1734;2009-03-12;M;Standard;8;0;800;App;Valorant;5.0;0
SESS-15147;2026-08-24 09:13:02;USR-1047;2007-02-05;M;VIP;2;0;400;Card;Dota 2;;0
SESS-12237;2026-08-31 14:39:19;USR-1566;2004-01-04;M;Standard;2;320;200;Cash;Dota 2;;0
SESS-12597;2026-08-09 16:18:33;USR-1043;2005-09-15;M;Standard;12;2015;1080;Card;Deadlock;;1
SESS-10664;2026-08-21 15:29:00;USR-1057;2011-11-08;M;Standard;4;0;400;App;CS2;4.5;0
SESS-14899;2026-08-17 17:28:58;USR-1031;2008-04-25;M;Standard;1;120;100;Card;CS2;4.5;0
SESS-13995;2026-08-10 18:48:00;USR-1251;2005-03-05;M;Standard;1;0;100;Card;CS2;;0
SESS-13167;2026-08-06 10:52:57;USR-1059;2012-05-14;M;Standard;4;0;360;App;Valorant;4.5;1
SESS-14614;2026-08-23 21:28:32;USR-1744;2004-08-18;M;Standard;2;0;200;Card;Valorant;;0
SESS-13668;2026-08-02 18:15:22;USR-1086;1997-03-17;F;VIP;2;540;400;Card;GTA V;;0
SESS-10112;2026-08-02 10:01:01;USR-1197;2004-03-03;M;Standard;2;224;180;App;Dota 2;4.5;1
SESS-11832;2026-08-22 23:26:31;USR-1176;2003-11-16;F;Standard;8;640;800;Card;PUBG;4.5;0
SESS-10174;2026-08-28 11:01:19;USR-1256;2006-12-14;M;Bootcamp;3;0;450;Card;Deadlock;;0
SESS-14590;2026-08-02 13:12:17;USR-1015;2009-09-15;M;Bootcamp;2;0;300;Cash;GTA V;;0
SESS-13209;2026-08-30 11:40:01;USR-1147;1991-11-27;M;PS5;2;0;500;App;Cyberpunk 2077;3.0;0
SESS-12935;2026-08-25 12:03:43;USR-1192;2012-07-02;M;PS5;2;160;500;Cash;Valorant;4.5;0
SESS-14847;2026-08-17 15:53:51;USR-1033;2004-01-16;M;Bootcamp;3;448;405;Card;Valorant;3.0;1
SESS-14334;2026-08-06 18:19:43;USR-1603;1992-03-04;M;VIP;2;0;400;Card;PUBG;4.0;0
SESS-13880;2026-08-21 08:56:47;USR-1022;2004-01-17;M;Bootcamp;1;0;150;Card;Valorant;;0
SESS-11237;2026-08-06 14:11:38;USR-1034;2006-01-02;M;Standard;4;0;400;Card;CS2;4.0;0
SESS-12621;2026-08-30 17:15:56;USR-1753;2004-11-22;M;Standard;2;240;200;App;Dota 2;;0
SESS-12231;2026-08-24 17:46:40;USR-1055;2009-07-20;M;Standard;2;0;200;App;CS2;;0
SESS-12679;2026-08-07 12:57:22;USR-1089;2003-05-03;M;Bootcamp;5;0;675;Card;Dota 2;;1
SESS-15026;2026-08-01 12:11:43;USR-1033;2004-01-16;M;Bootcamp;5;0;675;Card;CS2;5.0;1
SESS-12688;2026-08-12 20:23:23;USR-1752;2005-12-08;M;Standard;2;0;200;Card;CS2;;0
SESS-12741;2026-08-16 21:06:12;USR-1676;2004-08-01;M;VIP;1;224;180;Card;Valorant;;1
SESS-12556;2026-08-03 14:06:39;USR-1651;2011-12-18;M;Standard;1;40;100;Card;Minecraft;;0
SESS-13937;2026-08-15 13:29:16;USR-1778;2008-12-15;M;Standard;3;0;300;App;Dota 2;3.0;0
SESS-10312;2026-08-25 15:14:31;USR-1530;2006-04-19;M;PS5;3;503;675;Card;CS2;;1
SESS-12525;2026-08-14 20:56:32;USR-1765;1992-03-21;M;VIP;3;0;600;Card;CS2;;0
SESS-15045;2026-08-16 21:29:07;USR-1063;2005-06-25;M;VIP;2;310;400;Card;PUBG;4.5;0
SESS-13609;2026-08-13 21:19:58;USR-1390;2007-02-15;M;Bootcamp;3;0;450;App;Dota 2;;0
SESS-11619;2026-08-29 18:40:31;USR-1041;2010-09-17;M;Standard;2;0;200;Card;Valorant;;0
SESS-11741;2026-08-07 09:40:23;USR-1250;2012-09-25;M;Standard;1;80;100;Card;CS2;;0
SESS-10361;2026-08-18 18:01:20;USR-1015;2009-09-15;M;Standard;2;0;200;App;CS2;;0
SESS-10313;2026-08-17 14:41:59;USR-1135;2004-06-20;F;VIP;2;320;400;Card;Valorant;3.0;0
SESS-11192;2026-08-02 19:25:32;USR-1339;2003-03-05;M;Standard;1;0;100;App;Dota 2;4.0;0
SESS-11797;2026-08-24 14:18:10;USR-1422;2008-08-20;M;Bootcamp;1;0;150;Card;Valorant;4.0;0
SESS-13801;2026-08-12 16:45:18;USR-1080;2004-02-20;M;Standard;3;0;300;Card;Apex Legends;;0
SESS-10948;2026-08-08 16:51:56;USR-1187;2012-08-18;M;Standard;4;0;400;Cash;Dota 2;3.0;0
SESS-14670;2026-08-15 16:49:08;USR-1036;2007-07-18;M;Standard;2;160;200;Card;Deadlock;4.0;0
SESS-12048;2026-08-22 15:31:43;USR-1020;2006-04-26;M;Bootcamp;1;200;150;App;CS2;5.0;0
SESS-12497;2026-08-26 19:07:13;USR-1676;2004-08-01;M;Standard;1;0;100;Cash;Valorant;;0
SESS-13589;2026-08-20 15:48:01;USR-1493;2007-11-09;M;PS5;2;0;500;Card;Valorant;5.0;0
SESS-13757;2026-08-12 15:24:51;USR-1066;2002-11-13;M;Bootcamp;4;0;600;Card;CS2;4.5;0
SESS-13316;2026-08-29 21:58:05;USR-1075;2004-09-10;M;Standard;3;240;300;App;CS2;;0
SESS-12787;2026-08-24 20:54:55;USR-1103;2003-03-02;M;Bootcamp;3;784;405;App;Dota 2;;1
SESS-10032;2026-08-26 20:39:12;USR-1090;1989-07-13;F;Standard;1;0;100;Card;CS2;;0
SESS-13908;2026-08-27 17:39:49;USR-1099;1996-05-13;M;VIP;3;900;600;Card;Cyberpunk 2077;4.0;0
SESS-14188;2026-08-27 23:44:24;USR-1168;2005-07-16;F;Standard;12;0;1200;App;PUBG;4.0;0
SESS-13633;2026-08-06 19:56:47;USR-1112;2007-11-17;M;Bootcamp;3;440;450;Cash;Deadlock;;0
SESS-14848;2026-08-30 12:00:19;USR-1157;2009-12-23;M;Standard;5;560;450;App;CS2;;1
SESS-10726;2026-08-21 14:43:04;USR-1271;2002-12-03;M;PS5;2;0;500;Card;Apex Legends;;0
SESS-10277;2026-08-05 19:46:20;USR-1088;2007-06-21;F;Bootcamp;2;0;300;App;Dota 2;4.0;0
SESS-10394;2026-08-29 18:49:32;USR-1354;2006-10-15;M;Standard;3;0;300;Cash;Deadlock;4.5;0
SESS-11427;2026-08-17 19:32:05;USR-1668;2009-03-12;M;PS5;2;80;500;App;Valorant;4.0;0
SESS-12734;2026-08-16 13:23:49;USR-1704;2004-02-28;F;VIP;1;310;200;App;Apex Legends;4.0;0
SESS-13294;2026-08-27 20:48:28;USR-1406;2008-06-24;M;Standard;2;0;200;Card;Dota 2;;0
SESS-15037;2026-08-01 11:16:30;USR-1599;2001-04-08;M;Standard;2;320;200;Card;CS2;3.0;0
SESS-14445;2026-08-03 17:18:41;USR-1131;2006-04-21;M;PS5;3;0;750;App;Deadlock;;0
SESS-13263;2026-08-15 19:37:42;USR-1563;1994-08-05;M;Bootcamp;4;1020;600;App;GTA V;;0
SESS-11343;2026-08-01 12:20:23;USR-1022;2004-01-17;M;PS5;1;120;250;App;Dota 2;;0
SESS-11630;2026-08-28 15:20:02;USR-1001;2003-05-28;M;Standard;3;480;300;Card;CS2;;0
SESS-14647;2026-08-18 23:20:28;USR-1120;1991-02-07;M;PS5;5;0;1250;Card;Browser/Work;;0
SESS-10189;2026-08-22 23:51:38;USR-1581;2004-05-05;M;Bootcamp;12;1456;1620;Card;PUBG;5.0;1
SESS-10550;2026-08-08 00:01:11;USR-1029;2011-12-05;M;Standard;8;640;800;App;Minecraft;4.0;0
SESS-12989;2026-08-17 12:32:57;USR-1094;1996-06-19;M;Standard;4;1000;400;Card;Cyberpunk 2077;4.0;0
SESS-13253;2026-08-19 20:56:06;USR-1007;2009-09-04;M;Standard;4;336;360;Card;Dota 2;4.5;1
SESS-14323;2026-08-02 21:40:52;USR-1065;1997-11-13;M;Standard;3;360;300;Card;Cyberpunk 2077;4.5;0
SESS-10921;2026-08-15 14:57:37;USR-1157;2009-12-23;M;Standard;2;0;180;App;Minecraft;;1
SESS-10298;2026-08-22 11:28:10;USR-1435;1997-08-09;M;VIP;5;2170;900;App;CS2;4.0;1
SESS-11799;2026-08-02 16:46:57;USR-1111;2000-02-14;M;VIP;1;0;200;Card;PUBG;;0
SESS-11176;2026-08-29 08:35:44;USR-1507;2006-07-11;M;PS5;3;240;750;Card;Dota 2;4.5;0
SESS-10052;2026-08-15 19:46:24;USR-1107;2004-12-19;M;Bootcamp;4;0;600;App;Dota 2;4.5;0
SESS-11457;2026-08-22 11:19:21;USR-1488;2010-03-27;M;Standard;3;240;300;Card;Minecraft;4.5;0
SESS-14911;2026-08-01 10:26:39;USR-1191;2010-09-25;M;Standard;2;0;180;Card;CS2;;1
SESS-11522;2026-08-14 15:51:51;USR-1334;2010-11-15;M;Standard;3;168;270;App;Dota 2;4.5;1
SESS-14956;2026-08-02 15:27:28;USR-1288;1994-02-07;F;VIP;2;800;400;Card;PUBG;;0
SESS-12742;2026-08-28 12:11:38;USR-1487;2005-08-12;M;Standard;2;240;200;App;CS2;;0
SESS-14635;2026-08-31 15:20:52;USR-1196;2003-02-27;F;PS5;8;896;1800;Card;Apex Legends;;1
SESS-12887;2026-08-15 22:11:58;USR-1073;2003-06-06;M;Standard;8;640;800;Card;Dota 2;4.5;0
SESS-14154;2026-08-13 17:44:58;USR-1439;2009-10-14;M;PS5;5;0;1125;App;Valorant;3.0;1
SESS-15080;2026-08-18 17:57:53;USR-1142;2005-03-10;M;Standard;2;160;200;Card;CS2;;0
SESS-12192;2026-08-27 15:09:03;USR-1147;1991-11-27;M;PS5;1;330;250;Cash;Dota 2;;0
SESS-14966;2026-08-12 17:00:38;USR-1667;2006-08-08;F;Standard;5;400;500;App;Deadlock;3.0;0
SESS-10073;2026-08-19 14:22:38;USR-1705;2002-06-18;M;Bootcamp;2;0;300;Card;Dota 2;;0
SESS-10844;2026-08-02 21:52:44;USR-1168;2005-07-16;F;Bootcamp;2;400;300;App;PUBG;;0
SESS-11792;2026-08-27 19:36:03;USR-1617;2005-08-01;M;Bootcamp;2;0;300;Card;Valorant;;0
SESS-12476;2026-08-08 21:38:53;USR-1201;2003-08-06;M;PS5;2;448;450;Card;Valorant;;1
SESS-14010;2026-08-29 17:23:40;USR-1185;2004-04-07;M;Standard;2;0;200;Cash;CS2;4.0;0
SESS-13804;2026-08-27 15:06:29;USR-1034;2006-01-02;M;Standard;4;448;360;Card;CS2;4.5;1
SESS-14844;2026-08-26 17:44:48;USR-1758;2006-01-14;F;ps5;2;658;270;Card;CS2;4.0;1
SESS-13217;2026-08-01 20:46:32;USR-1251;2005-03-05;M;Standard;1;120;100;Card;Dota 2;;0
SESS-11438;2026-08-06 20:07:13;USR-1779;2004-11-03;M; Bootcamp ;1;160;250;Cash;Minecraft;;0
SESS-11402;2026-08-07 01:43:43;USR-1099;1996-05-13;M;VIP;12;2310;2400;App;CS2;2.0;0
SESS-12768;2026-08-01 14:38:06;USR-1513;2008-05-21;M;Bootcamp;5;951;675;Cash;CS2;2.0;1
SESS-13095;2026-08-31 13:02:30;USR-1080;2004-02-20;M;PS5;3;0;750;Card;GTA V;;0
SESS-14575;2026-08-28 11:50:14;USR-1604;2006-02-07;F;Bootcamp;1;230;150;App;Dota 2;5.0;0
SESS-10233;2026-08-18 22:21:56;USR-1626;2005-12-06;M;Standard;8;896;720;App;CS2;4.5;1
SESS-11717;2026-08-09 20:19:21;USR-1126;1998-09-28;M;Standard;2;0;200;Card;Dota 2;5.0;0
SESS-13567;2026-08-18 18:18:36;USR-1786;2005-06-28;M;Standard;3;480;300;Card;Dota 2;;0
SESS-13551;2026-08-29 16:17:58;USR-1150;2012-10-22;F;Standard;8;0;720;Cash;CS2;;1
SESS-10182;2026-08-08 01:25:29;USR-1123;2005-11-01;M;Standard;12;1920;1200;Card;Dota 2;;0
SESS-12548;2026-08-15 15:20:11;USR-1085;2004-10-02;M;VIP;2;310;400;App;CS2;4.0;0
SESS-12488;2026-08-27 18:42:43;USR-1115;2007-01-24;M;Standard;1;120;100;Card;Apex Legends;;0
SESS-12609;2026-08-20 22:16:07;USR-1726;1997-07-05;M;PS5;8;2150;2000;Card;PUBG;5.0;0
SESS-12580;2026-08-04 21:02:29;USR-1495;2008-05-21;F;Standard;4;320;400;Card;Deadlock;5.0;0
SESS-11759;2026-08-15 18:11:04;USR-1752;2005-12-08;M;Standard;3;240;300;Card;CS2;4.5;0
SESS-10465;2026-08-09 20:44:43;USR-1527;2003-03-24;M;Standard;2;320;200;Card;CS2;5.0;0
SESS-12346;2026-08-07 20:54:48;USR-1352;2011-10-27;M;Standard;4;0;400;App;Dota 2;;0
SESS-14153;2026-08-28 20:21:05;USR-1062;1990-06-18;F;Standard;1;0;100;Card;Cyberpunk 2077;;0
SESS-11022;2026-08-15 12:16:50;USR-1495;2008-05-21;F;VIP;3;882;540;Card;Valorant;5.0;1
SESS-11893;2026-08-19 01:00:36;USR-1056;1997-07-15;M;VIP;12;2226;2160;App;Dota 2;4.5;1
SESS-13894;2026-08-23 11:21:26;USR-1123;2005-11-01;M;VIP;2;0;400;App;CS2;;0
SESS-14163;2026-08-01 18:47:46;USR-1293;2005-01-24;M;Bootcamp;2;658;270;Card;CS2;;1
SESS-12148;2026-08-22 18:49:39;USR-1549;2004-06-06;M;Standard;3;672;270;Card;Dota 2;;1
SESS-15118;2026-08-27 08:17:14;USR-1518;2001-04-01;M;Standard;3;672;270;Card;CS2;4.5;1
SESS-11085;2026-08-14 23:55:14;USR-1741;2004-07-22;M;Standard;8;0;800;Card;CS2;4.5;0
SESS-11032;2026-08-05 18:25:26;USR-1577;2005-06-24;M;Standard;2;320;200;Card;Apex Legends;;0
SESS-11700;2026-08-07 23:20:06;USR-1214;1997-09-04;M;VIP;5;1400;1000;Card;Dota 2;;0
SESS-11467;2026-08-22 18:22:56;USR-1266;2012-03-18;M;Standard;4;0;400;App;Apex Legends;4.5;0
SESS-12034;2026-08-29 20:58:08;USR-1226;2009-01-27;F;Standard;3;0;300;App;Dota 2;;0
SESS-12816;2026-08-17 01:26:22;USR-1755;2010-03-19;M;Standard;8;0;800;Card;CS2;4.5;0
SESS-12870;2026-08-19 22:53:58;USR-1595;2006-09-26;F;Standard;12;1440;1200;Card;CS2;;0
SESS-12239;2026-08-28 21:49:38;USR-1073;2003-06-06;M;Standard;2;240;200;App;Valorant;;0
SESS-10910;2026-08-20 09:57:22;USR-1372;2004-05-24;M;VIP;4;470;800;Card;CS2;;0
SESS-14329;2026-08-22 11:50:47;USR-1004;2011-09-09;M;Standard;2;80;200;Cash;CS2;;0
SESS-10515;2026-08-08 16:45:13;USR-1107;2004-12-19;M;Bootcamp;2;0;300;Card;CS2;;0
SESS-12633;2026-08-20 17:10:27;USR-1002;2004-11-16;F;Bootcamp;2;0;300;App;Dota 2;4.5;0
SESS-14608;2026-08-30 06:17:58;USR-1126;1998-09-28;M;Standard;1;168;90;Card;Deadlock;;1
SESS-12317;2026-08-02 01:27:58;USR-1173;2007-03-18;M;Bootcamp;8;0;1200;Card;CS2;4.0;0
SESS-11970;2026-08-27 01:04:38;USR-1068;2004-06-11;M;PS5;12;960;3000;Card;CS2;;0
SESS-14035;2026-08-02 09:06:32;USR-1107;2004-12-19;M;Standard;12;2015;1080;App;Dota 2;;1
SESS-11262;2026-08-05 21:05:34;USR-1414;2004-12-19;F;PS5;2;448;450;Card;Valorant;;1
SESS-11944;2026-08-18 05:01:23;USR-1484;2001-01-15;M;Bootcamp;1;0;150;Card;Deadlock;;0
SESS-10255;2026-08-04 20:49:35;USR-1665;1999-04-02;M;Bootcamp;1;0;150;Card;PUBG;;0
SESS-13383;2026-08-14 08:37:34;USR-1013;2006-02-09;M;Standard;2;240;200;Card;Deadlock;;0
SESS-14582;2026-08-02 13:55:52;USR-1076;2001-08-10;M;VIP;3;0;540;App;CS2;4.5;1
SESS-10605;2026-08-16 08:09:41;USR-1490;2001-10-01;M;VIP;3;616;540;Card;CS2;5.0;1
SESS-12750;2026-08-02 20:39:11;USR-1057;2011-11-08;M;Bootcamp;3;120;450;App;Dota 2;;0
SESS-12057;2026-08-29 13:54:34;USR-1080;2004-02-20;M;Bootcamp;2;390;300;Card;CS2;;0
SESS-11588;2026-08-01 16:54:18;USR-1732;2008-10-16;M;Bootcamp;4;0;600;App;CS2;4.0;0
SESS-14830;2026-08-23 22:57:26;USR-1305;2010-08-22;M;Standard;8;0;800;App;Valorant;;0
SESS-12212;2026-08-29 16:07:32;USR-1423;2011-05-01;M;VIP;2;0;400;App;Valorant;3.0;0
SESS-11570;2026-08-15 13:49:04;USR-1503;2011-02-08;M;Standard;1;0;100;Cash;Minecraft;;0
SESS-10273;2026-08-23 16:51:59;USR-1081;2006-01-23;M;Bootcamp;2;310;300;Card;CS2;;0
SESS-11830;2026-08-05 20:44:08;USR-1018;2008-06-09;M;Bootcamp;2;0;300;App;Dota 2;;0
SESS-13999;2026-08-30 01:38:11;USR-1109;2003-06-27;M;Bootcamp;5;680;750;App;CS2;1.0;0
SESS-15002;2026-08-19 17:43:25;USR-1342;2012-05-19;M;Bootcamp;1;40;150;App;Minecraft;;0
SESS-14815;2026-08-11 07:31:13;USR-1696;2006-01-19;M;Standard;3;360;300;App;PUBG;;0
SESS-10600;2026-08-29 22:42:06;USR-1341;2005-02-06;M;Bootcamp;5;680;750;Cash;Valorant;;0
SESS-11194;2026-08-10 19:08:07;USR-1271;2002-12-03;M;Standard;3;240;300;Card;Dota 2;;0
SESS-14994;2026-08-27 13:04:13;USR-1751;2009-12-06;M;Standard;3;0;300;App;GTA V;;0
SESS-12295;2026-08-23 20:51:26;USR-1559;2003-03-16;M;VIP;2;0;400;Card;CS2;;0
SESS-13203;2026-08-28 14:21:21;USR-1341;2005-02-06;M;Bootcamp;2;0;300;App;CS2;;0
SESS-11664;2026-08-26 13:14:45;USR-1086;1997-03-17;F;Bootcamp;3;0;450;App;Dota 2;;0
SESS-10469;2026-08-06 19:05:14;USR-1099;1996-05-13;M;PS5;4;0;1000;Card;CS2;;0
SESS-11221;2026-08-25 08:15:36;USR-1094;1996-06-19;M;PS5;2;756;450;Card;Cyberpunk 2077;;1
SESS-11667;2026-08-01 01:37:14;USR-1180;2011-11-28;M;Standard;8;672;720;Cash;Minecraft;4.5;1
SESS-14204;2026-08-10 14:05:21;USR-1679;2005-10-26;M;Standard;1;0;100;Card;Dota 2;;0
SESS-10697;2026-08-20 01:38:41;USR-1046;2010-11-19;M;Standard;12;0;1080;App;Minecraft;5.0;1
SESS-10178;2026-08-23 00:52:45;USR-1058;2011-10-04;M;Standard;8;0;800;App;Minecraft;;0
SESS-11632;2026-08-07 18:39:10;USR-1052;2006-06-27;M;Standard;2;0;180;Cash;Deadlock;;1
SESS-11809;2026-08-10 17:06:26;USR-1642;2012-07-17;M;PS5;1;40;250;Card;Dota 2;;0
SESS-11089;2026-08-13 11:14:44;USR-1216;2011-10-25;M;Bootcamp;2;168;270;Cash;CS2;4.0;1
SESS-14320;2026-08-28 10:37:41;USR-1127;1997-11-22;M;Standard;2;336;180;Cash;Dota 2;4.5;1
SESS-14369;2026-08-02 13:41:26;USR-1441;2011-10-17;M;Bootcamp;3;0;450;App;Dota 2;;0
SESS-13256;2026-08-31 16:08:05;USR-1091;2004-06-20;F;VIP;3;882;540;Cash;Deadlock;;1
SESS-13337;2026-08-08 16:49:29;USR-1025;2005-11-06;M;Standard;3;240;300;App;Dota 2;5.0;0
SESS-11274;2026-08-11 13:17:20;USR-1426;2012-03-19;M;Standard;3;168;270;Cash;CS2;;1
SESS-10644;2026-08-02 20:06:12;USR-1130;2007-08-16;M;Standard;1;80;100;Card;Valorant;4.0;0
SESS-13059;2026-08-10 08:14:59;USR-1091;2004-06-20;F;Standard;1;224;90;Card;PUBG;;1
SESS-12596;2026-08-08 05:28:28;USR-1077;2006-09-21;M;Standard;2;160;200;App;Dota 2;;0
SESS-11819;2026-08-18 13:58:47;USR-1671;2002-10-12;M;Standard;4;0;360;Card;CS2;5.0;1
SESS-12449;2026-08-02 19:39:47;USR-1102;1997-01-21;M;PS5;1;0;250;Card;Dota 2;4.0;0
SESS-12543;2026-08-25 11:52:12;USR-1142;2005-03-10;M;Standard;1;0;100;Cash;Dota 2;;0
SESS-14206;2026-08-26 12:31:22;USR-1518;2001-04-01;M;Standard;3;360;300;App;CS2;4.0;0
SESS-12292;2026-08-03 22:19:11;USR-1595;2006-09-26;F;Standard;3;0;300;Card;Valorant;;0
SESS-10219;2026-08-17 06:39:23;USR-1095;1997-11-18;M;VIP;2;660;400;Card;CS2;3.0;0
SESS-10013;2026-08-08 18:33:56;USR-1527;2003-03-24;M;Bootcamp;1;322;135;Card;CS2;;1
SESS-13519;2026-08-15 16:37:16;USR-1669;1994-10-18;M;VIP;2;390;400;Card;Dota 2;;0
SESS-14540;2026-08-29 19:12:10;USR-1765;1992-03-21;M;VIP;4;0;800;Card;Dota 2;;0
SESS-10451;2026-08-11 18:16:55;USR-1650;2004-06-28;M;Bootcamp;3;0;450;Card;Dota 2;1.0;0
SESS-13595;2026-08-26 08:38:34;USR-1154;2008-09-01;M;Standard;3;480;300;Card;CS2;;0
SESS-13226;2026-08-21 13:11:59;USR-1782;2005-11-16;F;Bootcamp;3;546;405;Cash;CS2;4.0;1
SESS-11097;2026-08-29 14:30:09;USR-1089;2003-05-03;M;Bootcamp;2;0;300;Card;Cyberpunk 2077;3.0;0
SESS-10589;2026-08-02 03:25:36;USR-1021;2008-06-07;M;VIP;2;0;400;Card;CS2;;0
SESS-11556;2026-08-08 15:58:34;USR-1129;2010-06-11;M;Bootcamp;2;0;300;;Minecraft;;0
SESS-14696;2026-08-09 14:06:09;USR-1090;1989-07-13;F;Standard;4;672;360;Card;GTA V;4.5;1
SESS-14983;2026-08-22 14:36:58;USR-1121;2004-12-08;M;VIP;5;680;1000;Card;Dota 2;5.0;0
SESS-10876;2026-08-23 15:20:42;USR-1657;2006-10-12;M;Bootcamp;3;616;405;Card;Dota 2;4.0;1
SESS-10633;2026-08-26 16:20:54;USR-1044;2010-12-22;F;Bootcamp;2;120;300;App;Deadlock;;0
SESS-10038;2026-08-29 15:15:16;USR-1640;1989-07-05;M;PS5;5;1959;1125;Card;CS2;2.0;1
SESS-10853;2026-08-11 21:17:00;USR-1084;1999-10-26;M;PS5;1;400;250;Card;Valorant;;0
SESS-14904;2026-08-15 18:10:51;USR-1073;2003-06-06;M;Standard;1;120;100;Card;Dota 2;;0
SESS-12428;2026-08-27 19:29:35;USR-1040;1999-04-03;M;Bootcamp;5;0;675;App;Dota 2;5.0;1
SESS-14228;2026-08-01 12:16:13;USR-1042;2004-05-10;F;VIP;1;200;200;Card;Deadlock;4.5;0
SESS-12342;2026-08-08 21:00:02;USR-1033;2004-01-16;M;Standard;4;0;400;App;Minecraft;;0
SESS-11255;2026-08-03 14:27:55;USR-1062;1990-06-18;F;VIP;3;840;600;App;CS2;2.0;0
SESS-13271;2026-08-25 17:34:24;USR-1155;2007-01-07;M;Standard;5;1120;450;Card;GTA V;;1
SESS-14013;2026-08-18 17:18:36;USR-1680;2007-09-20;M;Bootcamp;1;0;150;Card;CS2;;0
SESS-13327;2026-08-06 18:16:18;USR-1101;2002-07-27;F;VIP;2;0;400;App;Deadlock;;0
SESS-10744;2026-08-22 19:23:13;USR-1735;2008-10-01;M;Standard;2;320;200;Card;CS2;;0
SESS-14455;2026-08-23 17:16:03;USR-1574;2006-12-23;M;Standard;3;336;270;App;Valorant;5.0;1
SESS-14524;2026-08-02 23:50:04;USR-1140;2005-12-21;M;PS5;2;320;500;Cash;Valorant;5.0;0
SESS-12190;2026-08-09 22:31:45;USR-1068;2004-06-11;M;VIP;8;1040;1600;Card;CS2;5.0;0
SESS-12627;2026-08-26 14:36:46;USR-1028;2005-10-03;M;Standard;8;0;720;Card;GTA V;4.0;1
SESS-10766;2026-08-08 00:56:58;USR-1152;2006-10-26;M;Standard;8;0;800;Card;CS2;;0
SESS-10338;2026-08-14 15:15:13;USR-1255;2005-11-25;M;VIP;5;672;900;Card;CS2;5.0;1
SESS-10799;2026-08-29 14:43:28;USR-1061;2005-07-24;M;PS5;2;0;500;App;GTA V;;0
SESS-13545;2026-08-31 16:54:06;USR-1051;2006-08-12;F;Bootcamp;1;0;150;Card;Deadlock;5.0;0
SESS-12731;2026-08-01 14:55:47;USR-1117;2010-01-23;M;Standard;2;0;200;Cash;CS2;;0
SESS-13009;2026-08-04 18:39:32;USR-1782;2005-11-16;2;Standard;1;80;100;Card;Dota 2;;0
SESS-13081;2026-08-26 15:38:29;USR-1774;2010-06-19;M;Standard;5;0;500;Card;Valorant;4.0;0
SESS-11685;2026-08-01 12:44:21;USR-1071;2004-05-19;F;Standard;3;0;300;Card;Cyberpunk 2077;4.0;0
SESS-13461;2026-08-30 10:33:52;USR-1645;1991-04-11;M;PS5;2;800;500;Card;Deadlock;;0
SESS-11558;2026-08-20 02:06:02;USR-1086;1997-03-17;F;PS5;8;1764;1800;Card;Browser/Work;4.0;1
SESS-12954;2026-08-30 12:38:40;USR-1747;2007-06-10;M;Standard;8;640;800;App;Deadlock;4.0;0
SESS-14572;2026-08-14 08:43:16;USR-1499;2004-05-04;M;Bootcamp;3;0;450;Card;PUBG;;0
SESS-11278;2026-08-19 17:46:41;USR-1232;2002-11-16;M;Standard;8;1344;720;App;CS2;4.5;1
SESS-12524;2026-08-04 00:01:37;USR-1200;2005-09-08;M;VIP;8;0;1440;App;Apex Legends;;1
SESS-14927;2026-08-11 16:19:40;USR-1740;1996-01-25;M;VIP;2;0;400;App;CS2;5.0;0
SESS-10035;2026-08-23 15:58:40;USR-1403;2000-01-27;M;VIP;2;0;400;Card;Cyberpunk 2077;;0
SESS-12437;2026-08-23 21:42:34;USR-1201;2003-08-06;1;Bootcamp;3;390;450;App;Valorant;;0
SESS-13194;2026-08-15 15:27:57;USR-1706;2006-03-20;M;VIP;2;336;360;Card;Deadlock;5.0;1
SESS-10191;2026-08-08 12:06:00;USR-1795;2006-06-12;F;Standard;5;0;500;Cash;CS2;4.5;0
SESS-14317;2026-08-23 17:31:00;USR-1612;2002-03-01;M;Bootcamp;3;448;405;Card;CS2;4.0;1
SESS-13027;2026-08-05 10:40:26;USR-1067;2009-11-26;M;Bootcamp;2;120;300;Cash;Valorant;;0
SESS-14784;2026-08-19 18:13:30;USR-1398;2006-09-06;M;VIP;1;230;200;App;Valorant;;0
SESS-13237;2026-08-15 00:49:04;USR-1294;2011-04-24;M;Standard;5;300;500;App;CS2;;0
SESS-10042;2026-08-02 22:29:57;USR-1214;1997-09-04;M;Standard;12;3000;1200;App;CS2;3.0;0
SESS-11697;2026-08-17 20:35:26;USR-1496;2011-02-24;M;VIP;2;0;400;App;Minecraft;4.5;0
SESS-12651;2026-08-15 02:55:14;USR-1078;1987-05-15;M;Bootcamp;2;0;300;Card;Dota 2;4.0;0
SESS-13022;2026-08-30 01:09:31;USR-1142;2005-03-10;M;VIP;8;1040;1600;Card;Dota 2;1.0;0
SESS-13002;2026-08-17 14:55:15;USR-1637;2006-04-06;F;Standard;2;160;200;App;Valorant;;0
SESS-14006;2026-08-28 15:23:55;USR-1167;2006-11-10;M;Standard;3;360;300;Card;Dota 2;3.0;0
SESS-11253;2026-08-27 16:55:23;USR-1006;2008-10-28;M;Bootcamp;2;320;300;Cash;CS2;;0
SESS-12336;2026-08-03 21:17:58;USR-1053;2010-07-19;M;Bootcamp;2;0;300;App;Minecraft;4.0;0
SESS-10433;2026-08-07 17:11:43;USR-1163;2009-02-20;M;Standard;3;120;300;App;Valorant;2.0;0
SESS-12159;2026-08-22 19:34:44;USR-1110;2012-12-13;F;Standard;3;180;300;App;Valorant;;0
SESS-13547;2026-08-28 13:26:43;USR-1058;2011-10-04;M;Bootcamp;3;240;450;Card;CS2;5.0;0
SESS-10588;2026-08-08 20:34:38;USR-1004;2011-09-09;M;Bootcamp;12;672;1620;App;Valorant;5.0;1
SESS-13390;2026-08-14 15:35:52;USR-1010;2009-04-04;F;VIP;1;0;200;App;Minecraft;;0
SESS-14092;2026-08-28 01:04:04;USR-1099;1996-05-13;M;VIP;3;510;600;Card;Deadlock;;0
SESS-10741;2026-08-07 19:52:31;USR-1008;2007-05-01;M;Bootcamp;1;200;150;App;CS2;4.0;0
SESS-13526;2026-08-06 15:36:18;USR-1132;2001-03-23;M;PS5;1;160;250;App;CS2;;0
SESS-10579;2026-08-11 09:56:05;USR-1204;2006-09-20;M;VIP;4;400;800;App;Deadlock;;0
SESS-12100;2026-08-19 16:26:51;USR-1627;2000-03-26;M;PS5;3;0;750;Card;Dota 2;;0
SESS-10922;2026-08-21 20:04:36;USR-1068;2004-06-11;M;VIP;1;240;200;App;CS2;;0
SESS-11267;2026-08-31 18:40:03;USR-1627;2000-03-26;M;VIP;4;882;720;Card;Cyberpunk 2077;;1
SESS-14332;2026-08-10 11:15:23;USR-1139;2012-01-04;M;VIP;2;0;400;App;Dota 2;;0
SESS-14743;2026-08-04 19:19:03;USR-1346;2007-06-19;M;Standard;3;240;300;App;Valorant;;0
SESS-10477;2026-08-06 17:52:26;USR-1780;2006-11-15;F;Standard;1;0;100;App;Dota 2;4.0;0
SESS-12016;2026-08-22 16:01:03;USR-1487;2005-08-12;M;Bootcamp;3;630;450;App;Deadlock;4.0;0
SESS-10169;2026-08-15 15:33:53;USR-1232;2002-11-16;m;Standard;1;80;100;Card;Deadlock;;0
SESS-13838;2026-08-03 16:18:46;USR-1507;2006-07-11;M;Standard;2;0;200;App;Valorant;;0
SESS-13033;2026-08-22 17:18:11;USR-1026;2006-05-04;M;Standard;4;0;360;Card;Dota 2;5.0;1
SESS-10143;2026-08-10 08:40:27;USR-1468;2012-10-26;M;Standard;5;0;500;App;GTA V;;0
SESS-12472;2026-08-07 21:24:00;USR-1618;2005-10-03;M;VIP;3;448;540;Card;Deadlock;;1
SESS-10155;2026-08-08 23:04:27;USR-1590;2009-06-11;M;Standard;5;0;500;Cash;Dota 2;;0
SESS-10560;2026-08-07 13:45:10;USR-1241;2010-03-04;F;Standard;2;0;180;App;Dota 2;;1
SESS-14414;2026-08-10 21:11:44;USR-1053;2010-07-19;M;Bootcamp;3;251;405;Cash;Valorant;4.0;1
SESS-14411;2026-08-15 13:30:56;USR-1018;2008-06-09;M;Standard;3;503;270;Cash;Dota 2;;1
SESS-12859;2026-08-15 10:56:25;USR-1076;2001-08-10;M;VIP;2;0;400;Card;Deadlock;;0
SESS-12906;2026-08-12 22:06:15;USR-1345;2008-11-14;M;PS5;8;0;1800;Card;Valorant;;1
SESS-11571;2026-08-30 22:14:50;USR-1635;2006-11-16;F;VIP;8;1360;1600;Card;Valorant;4.0;0
SESS-14655;2026-08-15 07:25:50;USR-1402;2012-05-22;F;PS5;4;0;1000;Card;Minecraft;;0
SESS-11236;2026-08-15 17:59:57;USR-1096;2004-01-06;M;Bootcamp;2;310;300;Card;CS2;;0
SESS-12263;2026-08-22 19:45:26;USR-1256;2006-12-14;M;Standard;1;120;100;Cash;CS2;;0
SESS-13243;2026-08-16 16:03:52;USR-1137;2005-12-19;M;Bootcamp;4;560;540;Card;CS2;;1
SESS-15022;2026-08-07 09:40:45;USR-1326;2012-01-05;M;Standard;1;60;100;App;Dota 2;;0
SESS-13181;2026-08-27 16:37:01;USR-1406;2008-06-24;M;Standard;1;120;100;Card;CS2;5.0;0
SESS-12316;2026-08-28 07:03:25;USR-1432;2003-09-08;M;PS5;5;800;1250;Card;Dota 2;4.5;0
SESS-14358;2026-08-04 20:19:09;USR-1712;2005-03-09;M;Bootcamp;1;0;150;Card;Dota 2;;0
SESS-14430;2026-08-15 00:17:51;USR-1113;2011-11-07;M;PS5;8;640;2000;Cash;Minecraft;4.0;0
SESS-12128;2026-08-13 07:48:46;USR-1360;2007-07-13;M;PS5;2;320;500;Card;Cyberpunk 2077;5.0;0
SESS-14252;2026-08-16 13:01:05;USR-1532;2001-09-15;M;Standard;3;360;300;App;Dota 2;4.0;0
SESS-15041;2026-08-25 14:29:04;USR-1197;2004-03-03;M;Standard;3;336;270;Card;CS2;;1
SESS-10028;2026-08-08 14:24:58;USR-1064;1999-11-15;M;VIP;4;0;720;Card;Browser/Work;5.0;1
SESS-14684;2026-08-27 16:52:46;USR-1002;2004-11-16;F;Standard;1;120;100;App;Dota 2;3.0;0
SESS-13047;2026-08-28 15:07:23;USR-1539;2012-07-24;M;Standard;3;0;300;Card;Valorant;;0
SESS-13645;2026-08-20 13:55:25;USR-1128;2010-09-14;M;VIP;5;400;1000;Cash;Valorant;;0
SESS-13798;2026-08-31 21:13:01;USR-1719;1988-04-04;M;Standard;4;1007;360;Card;CS2;3.0;1
SESS-10190;2026-08-23 20:32:27;USR-1617;2005-08-01;M;Bootcamp;2;0;270;Card;Valorant;;1
SESS-11319;2026-08-12 14:35:20;USR-1227;2006-05-06;M;Standard;2;0;180;Card;Dota 2;;1
SESS-12423;2026-08-18 09:08:19;USR-1189;2011-09-26;M;Standard;2;0;200;Cash;CS2;;0
SESS-13480;2026-08-09 06:23:32;USR-1474;2003-03-19;M;PS5;1;0;250;App;Deadlock;4.5;0
SESS-14634;2026-08-13 17:11:39;USR-1135;2004-06-20;F;Standard;4;0;400;Card;Valorant;;0
SESS-10643;2026-08-15 15:45:44;USR-1437;1992-02-27;F;Bootcamp;3;690;450;Card;CS2;4.5;0
SESS-14946;2026-08-23 21:26:00;USR-1609;1994-08-09;M;Standard;1;250;100;Cash;CS2;;0
SESS-11212;2026-08-30 12:22:18;USR-1116;1993-09-19;M;VIP;4;1428;720;App;Dota 2;;1
SESS-10467;2026-08-07 20:19:57;USR-1134;2005-02-21;M;VIP;2;0;400;App;CS2;;0
SESS-13067;2026-08-30 19:43:32;USR-1790;1995-08-18;M;PS5;4;1218;900;Card;Dota 2;;1
SESS-12990;2026-08-15 18:33:05;USR-1524;1996-07-27;M;PS5;4;1092;900;App;CS2;;1
SESS-14236;2026-08-03 16:42:22;USR-1061;2005-07-24;M;VIP;8;0;1600;Card;Dota 2;4.0;0
SESS-11436;2026-08-16 19:18:13;USR-1028;2005-10-03;M;Bootcamp;2;320;300;Card;Valorant;;0
SESS-10992;2026-08-21 17:15:29;USR-1644;2012-02-04;M;Bootcamp;2;80;300;App;CS2;3.0;0
SESS-13940;2026-08-23 17:25:21;USR-1169;2006-10-11;M;Standard;2;0;200;Card;Dota 2;4.5;0
SESS-13569;2026-08-24 20:23:13;USR-1108;1991-01-03;M;VIP;3;0;600;Card;Valorant;4.5;0
SESS-11617;2026-08-29 20:34:34;USR-1071;2004-05-19;F;Standard;2;160;200;Card;Apex Legends;5.0;0
SESS-10647;2026-08-27 11:41:50;USR-1134;2005-02-21;M;PS5;3;0;750;Card;Apex Legends;5.0;0
SESS-12549;2026-08-28 20:07:37;USR-1204;2006-09-20;M;PS5;3;0;675;Card;Dota 2;;1
SESS-10624;2026-08-07 21:19:20;USR-1029;2011-12-05;M;Standard;4;0;360;App;Apex Legends;;1
SESS-11349;2026-08-16 06:50:19;USR-1629;2005-03-27;F;VIP;3;0;540;Cash;Apex Legends;;1
SESS-10321;2026-08-03 21:25:58;USR-1125;2012-03-20;M;VIP;3;240;600;Card;Minecraft;;0
SESS-14853;2026-08-21 18:37:17;USR-1035;1993-09-24;M;PS5;1;420;250;;GTA V;4.0;0
SESS-12920;2026-08-22 00:30:59;USR-1399;1996-09-24;M;Standard;8;1440;800;Cash;CS2;4.5;0
SESS-10421;2026-08-17 18:21:16;USR-1016;1989-08-17;F;Standard;4;720;400;App;CS2;4.0;0
SESS-13783;2026-08-15 19:40:16;USR-1709;2001-08-27;F;PS5;2;320;500;Card;CS2;5.0;0
SESS-10329;2026-08-29 18:20:23;USR-1745;2005-02-12;M;Standard;2;0;200;Card;Valorant;;0
SESS-10493;2026-08-24 01:00:42;USR-1696;2006-01-19;M;Standard;8;0;800;App;Valorant;;0
SESS-13859;2026-08-11 21:43:07;USR-1054;2005-04-23;M;Standard;2;320;200;App;Dota 2;4.0;0
SESS-13129;2026-08-16 18:35:34;USR-1392;1994-07-13;M;VIP;5;1050;1000;Card;Cyberpunk 2077;3.0;0
SESS-12195;2026-08-09 15:25:29;USR-1261;2010-08-21;F;Bootcamp;1;0;150;Card;Deadlock;;0
SESS-13380;2026-08-01 18:48:58;USR-1718;2005-08-19;f;Standard;2;0;200;Card;Valorant;4.5;0
SESS-14746;2026-08-22 15:42:42;USR-1568;2010-02-02;M;Standard;3;0;300;Cash;Dota 2;2.0;0
SESS-10542;2026-08-13 17:15:57;USR-1425;2008-06-18;M;VIP;3;0;540;App;CS2;4.0;1
SESS-11519;2026-08-19 18:23:49;USR-1122;2010-04-17;M;Standard;3;0;300;Cash;CS2;;0
SESS-12157;2026-08-30 20:21:57;USR-1145;2008-09-12;F;Standard;4;0;360;Card;Valorant;;1
SESS-11053;2026-08-25 06:59:20;USR-1727;2010-11-16;M;Standard;2;120;200;App;CS2;2.0;0
SESS-10702;2026-08-22 15:21:40;USR-1140;2005-12-21;M;Bootcamp;2;320;300;App;Valorant;4.0;0
SESS-13037;2026-08-23 21:09:03;USR-1276;1994-09-21;M;VIP;1;480;200;Card;PUBG;;0
SESS-12527;2026-08-01 15:32:30;USR-1021;2008-06-07;M;Standard;12;1344;1080;Cash;CS2;;1
SESS-10004;2026-08-06 21:07:50;USR-1063;2005-06-25;M;Bootcamp;2;470;300;App;Dota 2;;0
SESS-11629;2026-08-30 23:28:40;USR-1139;2012-01-04;M;Standard;5;0;500;Card;CS2;;0
SESS-10749;2026-08-23 14:14:30;USR-1241;2010-03-04;F;Standard;1;60;100;Cash;Minecraft;4.5;0
SESS-14839;2026-08-06 11:10:24;USR-1102;1997-01-21;M;PS5;2;660;500;App;CS2;;0
SESS-11756;2026-08-21 11:24:20;USR-1265;2006-06-18;F;Standard;2;0;200;Card;CS2;;0
SESS-13670;2026-08-21 16:57:43;USR-1172;2006-09-13;M;Bootcamp;5;550;750;Card;Dota 2;4.5;0
SESS-11587;2026-08-02 18:41:40;USR-1310;2003-07-07;M;VIP;1;230;200;Card;Valorant;4.0;0
SESS-11147;2026-08-27 15:43:06;USR-1042;2004-05-10;F;Standard;2;0;200;Card;Valorant;;0
SESS-12656;2026-08-04 16:51:35;USR-1007;2009-09-04;M;Standard;1;60;100;App;Minecraft;4.0;0
SESS-10672;2026-08-01 20:14:43;USR-1181;2000-03-04;M;Standard;3;503;270;Card;Cyberpunk 2077;;1
SESS-11918;2026-08-09 18:09:57;USR-1714;2009-01-21;M;VIP;4;0;800;Card;GTA V;4.5;0
SESS-11680;2026-08-20 16:05:25;USR-1733;2010-04-18;M;Standard;3;0;300;App;CS2;;0
SESS-11049;2026-08-16 06:44:23;USR-1429;2011-06-24;F;Standard;2;0;200;App;Dota 2;;0
SESS-13454;2026-08-07 18:43:45;USR-1529;2002-07-01;M; standard ;2;470;400;Card;CS2;;0
SESS-11744;2026-08-15 15:02:14;USR-1048;2012-12-04;M;Standard;1;0;100;App;Minecraft;;0
SESS-10407;2026-08-30 08:54:14;USR-1437;1992-02-27;F;PS5;12;3444;2700;;PUBG;5.0;1
SESS-12618;2026-08-28 08:28:18;USR-1033;2004-01-16;M;Bootcamp;5;0;675;Card;Apex Legends;5.0;1
SESS-10521;2026-08-27 16:09:18;USR-1234;2004-03-20;M;Bootcamp;3;0;450;Card;Apex Legends;4.5;0
SESS-14047;2026-08-30 14:41:33;USR-1043;2005-09-15;M;VIP;3;320;600;App;Dota 2;;0
SESS-11113;2026-08-23 12:59:45;USR-1779;2004-11-03;M;VIP;4;0;800;Card;Dota 2;;0
SESS-13532;2026-08-22 21:29:46;USR-1636;2005-12-16;M;VIP;2;0;400;Card;CS2;4.0;0
SESS-11435;2026-08-18 02:07:52;USR-1530;2006-04-19;M;PS5;4;448;900;App;Dota 2;4.5;1
SESS-11485;2026-08-22 11:42:26;USR-1005;1997-11-25;F;PS5;4;1300;1000;App;Dota 2;;0
SESS-11342;2026-08-17 15:11:22;USR-1628;2010-12-24;M;Standard;4;0;400;Card;Minecraft;;0
SESS-10985;2026-08-02 20:16:23;USR-1128;2010-09-14;M;Bootcamp;2;0;300;Cash;Minecraft;4.0;0
SESS-14918;2026-08-18 08:47:29;USR-1386;2009-03-10;M;Standard;12;0;1200;Cash;Minecraft;1.0;0
SESS-10397;2026-08-30 18:23:42;USR-1046;2010-11-19;M;Standard;2;0;180;Card;Valorant;4.5;1
SESS-12413;2026-08-29 14:33:11;USR-1089;2003-05-03;M;Standard;8;0;800;Card;Deadlock;;0
SESS-11533;2026-08-01 18:34:42;USR-1039;1994-11-20;M;Bootcamp;2;0;300;Cash;Cyberpunk 2077;4.0;0
SESS-10905;2026-08-30 17:18:39;USR-1062;1990-06-18;F;Standard;2;0;200;Card;CS2;;0
SESS-14207;2026-08-02 21:14:33;USR-1147;1991-11-27;M;VIP;4;882;720;Card;GTA V;;1
SESS-11817;2026-08-10 12:25:45;USR-1753;2004-11-22;M;Standard;3;336;270;App;Minecraft;;1
SESS-12721;2026-08-12 14:48:05;USR-1341;2005-02-06;M;Standard;3;0;300;Card;PUBG;4.5;0
SESS-12101;2026-08-01 20:13:58;USR-1118;2006-06-28;M;Standard;3;480;300;App;Dota 2;4.5;0
SESS-13304;2026-08-13 17:37:21;USR-1177;2005-09-12;M;Bootcamp;2;0;300;Card;CS2;;0
SESS-12725;2026-08-30 11:49:43;USR-1711;1989-04-23;M;VIP;2;660;400;Card;Dota 2;;0
SESS-13730;2026-08-16 16:02:17;USR-1043;2005-09-15;M;Bootcamp;5;1050;675;Card;Dota 2;4.0;1
SESS-10263;2026-08-02 23:52:11;USR-1120;1991-02-07;M;Bootcamp;3;840;450;App;CS2;;0
SESS-12581;2026-08-07 05:33:42;USR-1073;2003-06-06;M;Standard;2;320;200;App;CS2;;0
SESS-14284;2026-08-22 16:00:39;USR-1125;2012-03-20;M;Bootcamp;2;0;300;Cash;Valorant;;0
SESS-14011;2026-08-01 19:48:30;USR-1628;2010-12-24;M;VIP ;4;224;360;Card;Minecraft;5.0;1
SESS-10053;2026-08-06 01:36:05;USR-1124;2008-09-24;M;Bootcamp;12;0;1800;Card;PUBG;;0
SESS-14778;2026-08-01 09:16:53;USR-1146;2011-04-21;M;Standard;1;0;100;Card;Apex Legends;;0
SESS-10287;2026-08-09 19:58:47;USR-1134;2005-02-21;M;Standard;2;320;200;App;Valorant;;0
SESS-12043;2026-08-03 16:34:29;USR-1536;2005-02-23;F;Standard;4;896;360;Card;Deadlock;;1
SESS-11207;2026-08-15 07:23:28;USR-1129;2010-06-11;M;Standard;5;300;500;Cash;Valorant;4.0;0
SESS-11162;2026-08-16 22:44:15;USR-1207;2007-02-06;F;Bootcamp;12;0;1620;Cash;CS2;5.0;1
SESS-13889;2026-08-13 20:37:55;USR-1199;2007-10-14;M;VIP;5;0;900;Cash;CS2;4.5;1
SESS-14184;2026-08-17 23:50:41;USR-1053;2010-07-19;M;Standard;3;0;300;App;Valorant;2.0;0
SESS-10316;2026-08-03 16:38:43;USR-1005;1997-11-25;F;PS5;1;420;250;Card;CS2;;0
SESS-14169;2026-08-08 11:44:20;USR-1244;2011-12-05;M;Standard;2;0;200;App;CS2;;0
SESS-12997;2026-08-24 13:26:47;USR-1022;2004-01-17;M;Standard;4;672;360;;PUBG;4.5;1
SESS-10380;2026-08-20 10:34:06;USR-1039;1994-11-20;M;VIP;2;1120;360;Card;Dota 2;;1
SESS-13200;2026-08-24 07:01:13;USR-1089;2003-05-03;M;Standard;3;0;270;App;Dota 2;4.5;1
SESS-12830;2026-08-19 20:12:25;USR-1107;2004-12-19;M;Bootcamp;3;320;450;Cash;Deadlock;4.0;0
SESS-14384;2026-08-08 18:48:41;USR-1035;1993-09-24;M;Bootcamp;4;0;600;Card;Deadlock;;0
SESS-11310;2026-08-26 13:46:09;USR-1056;1997-07-15;M;PS5;2;510;500;App;CS2;4.5;0
SESS-13828;2026-08-08 16:11:38;USR-1322;2002-10-04;F;Standard;1;0;100;;PUBG;4.0;0
SESS-12113;2026-08-15 16:38:33;USR-1053;2010-07-19;M;Standard;3;0;300;App;Dota 2;;0
SESS-13507;2026-08-28 18:02:33;USR-1088;2007-06-21;F;Standard;1;0;100;App;CS2;;0
SESS-12064;2026-08-12 05:22:07;USR-1334;2010-11-15;M;Standard;3;336;270;Cash;Minecraft;5.0;1
SESS-14597;2026-08-02 17:11:26;USR-1312;1998-07-18;M;VIP;5;1050;1000;App;Cyberpunk 2077;;0
SESS-13698;2026-08-02 00:25:46;USR-1127;1997-11-22;M;PS5;8;1740;2000;Card;Dota 2;;0
SESS-10610;2026-08-13 01:58:49;USR-1187;2012-08-18;M;Standard;5;0;500;App;Apex Legends;;0
SESS-10291;2026-08-21 13:06:43;USR-1006;2008-10-28;M;Standard;3;0;300;App;CS2;4.0;0
SESS-14763;2026-08-26 21:20:24;USR-1651;2011-12-18;M;Bootcamp;5;0;750;App;GTA V;5.0;0
SESS-13192;2026-08-19 21:26:36;USR-1010;2009-04-04;F;Standard;4;0;400;Card;CS2;;0
SESS-13343;2026-08-28 20:26:52;USR-1010;2009-04-04;F;VIP;3;168;540;Cash;Minecraft;4.5;1
SESS-12924;2026-08-06 14:57:45;USR-1784;2007-03-26;M;PS5;3;503;675;Card;Dota 2;4.5;1
SESS-12576;2026-08-28 10:13:44;USR-1759;2006-08-24;M;Standard;3;0;270;Card;Valorant;;1
SESS-11015;2026-08-28 19:02:02;USR-1073;2003-06-06;M;PS5;2;320;500;App;Dota 2;;0
SESS-14868;2026-08-30 19:52:58;USR-1077;2006-09-21;M;Bootcamp;3;0;450;Card;Dota 2;;0
SESS-11547;2026-08-12 01:13:30;USR-1390;2007-02-15;M;Bootcamp;8;720;1200;Card;CS2;4.0;0
SESS-11459;2026-08-13 10:56:33;USR-1663;2001-03-14;M;VIP;2;400;400;Cash;CS2;;0
SESS-14205;2026-08-27 20:10:02;USR-1587;2007-10-16;M;VIP;4;0;800;App;Dota 2;;0
SESS-10222;2026-08-07 22:50:56;USR-1050;2002-06-22;M;Bootcamp;8;790;1200;Card;CS2;;0
SESS-14943;2026-08-15 11:07:55;USR-1148;2002-11-01;M;Standard;1;0;100;Card;Dota 2;;0
SESS-11338;2026-08-15 22:29:57;USR-1769;1999-02-01;M;Bootcamp;2;510;300;Card;Valorant;;0
SESS-11336;2026-08-15 08:47:15;USR-1120;1991-02-07;M;PS5;5;1680;1125;Card;Cyberpunk 2077;5.0;1
SESS-12614;2026-08-14 09:07:38;USR-1309;2010-07-25;M;Standard;4;320;400;Cash;Dota 2;4.0;0
SESS-14922;2026-08-29 17:50:18;USR-1597;2006-03-09;M;Standard;2;0;200;Card;CS2;;0
SESS-14979;2026-08-21 17:10:33;USR-1474;2003-03-19;M;Standard;4;480;400;Card;Valorant;;0
SESS-11398;2026-08-14 20:40:03;USR-1669;1994-10-18;M;Standard;2;500;200;Card;Dota 2;;0
SESS-11779;2026-08-03 16:57:34;USR-1217;2008-11-10;M;Standard;3;0;300;Card;Valorant;;0
SESS-11164;2026-08-21 17:29:44;USR-1427;2004-03-20;M;Bootcamp;3;784;405;Cash;CS2;4.5;1
SESS-11288;2026-08-28 17:32:59;USR-1627;2000-03-26;M;Standard;2;360;200;Card;CS2;4.0;0
SESS-13905;2026-08-08 21:17:01;USR-1357;2009-05-07;M;Standard;2;224;180;Cash;Minecraft;4.0;1
SESS-12772;2026-08-29 00:35:39;USR-1366;1999-07-24;M;Standard;12;3024;1080;Card;GTA V;5.0;1
SESS-10798;2026-08-20 20:45:19;USR-1616;2009-04-21;M;Standard;2;0;200;Cash;Apex Legends;;0
SESS-13319;2026-08-15 05:27:01;USR-1458;2010-07-24;M;VIP;12;720;2400;Cash;Minecraft;4.0;0
SESS-10774;2026-08-17 19:11:41;USR-1108;1991-01-03;M;VIP;3;510;600;Card;CS2;4.0;0
SESS-12602;2026-08-08 23:18:18;USR-1664;2007-09-01;F;Standard;5;600;500;Card;Apex Legends;4.0;0
SESS-10712;2026-08-12 11:19:59;USR-1608;2012-09-08;M;Standard;4;224;360;App;CS2;5.0;1
SESS-11392;2026-08-11 11:08:52;USR-1121;2004-12-08;M;VIP;3;0;600;Card;Apex Legends;;0
SESS-12687;2026-08-12 02:25:14;USR-1073;2003-06-06;M; Bootcamp ;1;120;250;Card;CS2;5.0;0
SESS-11347;2026-08-25 17:27:38;USR-1016;1989-08-17;F;Standard;2;0;200;App;PUBG;4.0;0
SESS-13359;2026-08-13 17:57:40;USR-1101;2002-07-27;F;Bootcamp;2;310;300;Card;CS2;5.0;0
SESS-10875;2026-08-30 17:43:54;USR-1172;2006-09-13;M;PS5;3;0;675;Card;Valorant;4.0;1
SESS-12849;2026-08-20 15:10:26;USR-1478;1991-11-11;M;Bootcamp;2;0;300;Card;Browser/Work;;0
SESS-14171;2026-08-04 21:26:24;USR-1324;2006-06-22;M;Bootcamp;3;0;450;App;CS2;;0
SESS-10569;2026-08-09 10:07:48;USR-1120;1991-02-07;M;PS5;2;0;500;Card;Browser/Work;;0
SESS-10593;2026-08-09 01:54:36;USR-1024;2008-05-04;M;VIP;8;0;1600;Card;CS2;4.5;0
SESS-14235;2026-08-02 20:41:32;USR-1129;2010-06-11;M;Bootcamp;2;0;300;App;Apex Legends;4.5;0
SESS-13311;2026-08-06 13:58:34;USR-1360;2007-07-13;M;Bootcamp;3;320;450;App;CS2;;0
SESS-14053;2026-08-15 14:33:45;USR-1743;2009-09-28;M;Bootcamp;1;112;135;Cash;Dota 2;;1
SESS-11790;2026-08-14 17:22:42;USR-1575;2010-03-05;M;PS5;2;0;500;App;Dota 2;;0
SESS-15103;2026-08-27 16:52:32;USR-1167;2006-11-10;m;VIP;2;470;400;App;Deadlock;;0
SESS-14420;2026-08-11 12:40:17;USR-1535;1994-02-15;M;VIP;1;550;200;Card;GTA V;5.0;0
SESS-14483;2026-08-17 12:58:20;USR-1523;2009-04-04;M;Standard;1;40;100;App;Minecraft;;0
SESS-13906;2026-08-22 12:20:16;USR-1383;2008-04-01;M;Standard;3;503;270;App;Dota 2;4.5;1
SESS-13481;2026-08-23 14:36:51;USR-1484;2001-01-15;M;Standard;1;80;100;App;PUBG;4.0;0
SESS-13111;2026-08-01 21:49:55;USR-1442;2006-07-09;M;Standard;1;120;100;App;Dota 2;;0
SESS-11766;2026-08-27 09:24:14;USR-1698;2007-07-07;M;Bootcamp;3;616;405;Card;Dota 2;5.0;1
SESS-10964;2026-08-19 03:48:07;USR-1022;2004-01-17;M;VIP;2;0;400;Card;CS2;5.0;0
SESS-12163;2026-08-01 22:55:42;USR-1317;2009-06-17;F;Standard;5;400;500;App;CS2;;0
SESS-12104;2026-08-02 01:53:17;USR-1339;2003-03-05;M;Standard;8;1280;800;Card;Valorant;;0
SESS-11067;2026-08-22 20:29:21;USR-1063;2005-06-25;M;Standard;3;0;300;Card;CS2;5.0;0
SESS-12674;2026-08-11 16:46:18;USR-1092;1992-04-25;M;PS5;12;0;3000;Card;GTA V;;0
SESS-14856;2026-08-31 12:01:21;USR-1369;2002-03-14;F; standard ;2;0;200;Cash;PUBG;;0
SESS-13856;2026-08-06 19:08:39;USR-1065;1997-11-13;M;PS5;3;1470;675;Card;GTA V;4.5;1
SESS-12999;2026-08-07 16:09:48;USR-1532;2001-09-15;M;Standard;1;0;100;Card;Apex Legends;3.0;0
SESS-14273;2026-08-29 14:09:42;USR-1280;2009-11-26;M;Standard;3;0;270;Card;Dota 2;;1
SESS-13531;2026-08-10 03:09:29;USR-1096;2004-01-06;M;VIP;2;658;360;App;Dota 2;4.5;1
SESS-13822;2026-08-04 11:34:09;USR-1155;2007-01-07;M;Bootcamp;8;1106;1080;App;CS2;3.0;1
SESS-11242;2026-08-04 15:23:04;USR-1067;2009-11-26;M;Standard;2;0;200;App;Minecraft;;0
SESS-10027;2026-08-05 11:59:15;USR-1064;1999-11-15;M;PS5;2;800;500;Card;Dota 2;4.5;0
SESS-14766;2026-08-15 06:11:24;USR-1458;2010-07-24;M;Bootcamp;8;640;1200;Card;Dota 2;;0
SESS-10411;2026-08-18 00:32:06;USR-1533;2004-07-09;M;Standard;5;0;500;Card;CS2;4.0;0
SESS-12983;2026-08-10 22:50:50;USR-1166;1995-10-14;M;VIP;5;1550;1000;Card;PUBG;;0
SESS-11760;2026-08-23 17:24:34;USR-1547;2007-01-14;M;VIP;2;0;400;Cash;Dota 2;4.5;0
SESS-11883;2026-08-27 11:53:22;USR-1391;2012-11-11;F;PS5;2;120;500;App;Valorant;;0
SESS-11682;2026-08-22 15:48:23;USR-1220;2006-07-05;M;Standard;1;0;100;Cash;CS2;4.0;0
SESS-13353;2026-08-24 17:49:46;USR-1092;1992-04-25;M;VIP;1;400;200;Card;CS2;;0
SESS-12993;2026-08-12 16:00:28;USR-1204;2006-09-20;M;Bootcamp;1;240;150;Cash;CS2;;0
SESS-14299;2026-08-31 08:52:46;USR-1379;2003-06-06;M;PS5;2;0;500;App;Dota 2;;0
SESS-12272;2026-08-05 12:48:32;USR-1432;2003-09-08;M;Bootcamp;3;0;450;App;CS2;;0
SESS-14103;2026-08-23 19:49:09;USR-1052;2006-06-27;M;Bootcamp;1;0;150;App;Deadlock;4.5;0
SESS-12238;2026-08-20 17:31:47;USR-1482;2012-12-10;M;Standard;2;0;200;Card;Valorant;;0
SESS-10047;2026-08-07 18:54:52;USR-1011;2011-12-15;M;Bootcamp;4;0;540;Cash;CS2;4.0;1
SESS-11045;2026-08-18 17:37:29;USR-1036;2007-07-18;M;Standard;3;240;300;Card;Valorant;4.0;0
SESS-14380;2026-08-15 12:03:35;USR-1420;2001-03-02;M;Standard;2;0;200;Cash;Deadlock;;0
SESS-14210;2026-08-22 17:09:01;USR-1413;2004-02-24;M;VIP;1;0;200;Card;Dota 2;4.5;0
SESS-13938;2026-08-20 19:32:30;USR-1026;2006-05-04;M;PS5;2;0;500;App;Dota 2;;0
SESS-10462;2026-08-13 23:56:32;USR-1294;2011-04-24;M;Standard;8;0;800;Card;CS2;4.5;0
SESS-12473;2026-08-07 19:54:18;USR-1404;1997-03-09;M;PS5;12;3234;2700;App;Browser/Work;4.0;1
SESS-11148;2026-08-17 18:08:10;USR-1037;2008-05-17;F;Standard;2;0;200;Card;Dota 2;4.5;0
SESS-13692;2026-08-19 19:32:23;USR-1733;2010-04-18;M;Standard;2;0;200;Card;Apex Legends;;0
SESS-13739;2026-08-26 17:03:09;USR-1152;2006-10-26;M;VIP;2;0;400;App;Dota 2;;0
SESS-11060;2026-08-30 16:09:40;USR-1508;2005-09-26;F;VIP;3;0;600;Card;Dota 2;4.0;0
SESS-14491;2026-08-06 19:10:00;USR-1157;2009-12-23;M;Standard;2;0;200;Card;Dota 2;;0
SESS-11430;2026-08-30 17:10:37;USR-1794;2011-09-16;M;Standard;2;80;200;Cash;Minecraft;;0
SESS-14528;2026-08-24 21:36:15;USR-1034;2006-01-02;M;Bootcamp;2;0;300;Card;Dota 2;;0
SESS-14955;2026-08-12 16:03:40;USR-1620;2009-02-13;M;Standard;2;120;200;Cash;CS2;5.0;0
SESS-14343;2026-08-23 17:25:40;USR-1037;2008-05-17;F;Bootcamp;1;0;150;App;CS2;4.5;0
SESS-14884;2026-08-21 13:29:42;USR-1436;2008-05-26;M;Bootcamp;3;390;450;Card;Dota 2;4.5;0
SESS-10495;2026-08-25 14:10:26;USR-1438;2003-07-01;M;PS5;3;480;750;Card;Deadlock;;0
SESS-14216;2026-08-15 22:40:43;USR-1725;2005-05-24;M;Standard;8;0;800;App;Dota 2;3.0;0
SESS-13643;2026-08-04 11:39:07;USR-1141;1990-05-13;M;Bootcamp;2;800;300;Card;Dota 2;4.5;0
SESS-11736;2026-08-14 10:57:10;USR-1000;2007-12-12;M;VIP;3;0;600;Card;CS2;;0
SESS-13872;2026-08-01 12:31:20;USR-1404;1997-03-09;M;VIP;2;660;400;Cash;Dota 2;;0
SESS-14981;2026-08-23 17:21:47;USR-1127;1997-11-22;M;PS5;3;0;750;Cash;Cyberpunk 2077;;0
SESS-11330;2026-08-21 07:40:23;USR-1794;2011-09-16;M;Bootcamp;4;0;540;Cash;Minecraft;;1
SESS-13659;2026-08-21 00:22:03;USR-1100;2003-03-23;M;Bootcamp;8;1360;1200;App;CS2;4.5;0
SESS-11076;2026-08-20 16:37:31;USR-1003;2004-08-17;M;Bootcamp;2;0;300;Card;Valorant;;0
SESS-11869;2026-08-19 01:33:01;USR-1195;2007-04-06;M;Standard;3;240;300;App;CS2;4.5;0
SESS-10015;2026-08-29 12:46:39;USR-1468;2012-10-26;M;VIP;3;240;600;App;Deadlock;5.0;0
SESS-11925;2026-08-09 13:27:49;USR-1761;2009-12-20;M;Bootcamp;4;160;600;Card;Valorant;;0
SESS-11976;2026-08-22 15:11:00;USR-1385;2004-11-12;M;Bootcamp;2;390;300;Card;Dota 2;;0
SESS-11412;2026-08-16 20:56:01;USR-1749;2012-05-08;M;Bootcamp;4;0;600;App;Valorant;;0
SESS-10966;2026-08-12 08:20:03;USR-1341;2005-02-06;M;Bootcamp;1;160;150;App;CS2;;0
SESS-13099;2026-08-29 15:29:09;USR-1677;2010-12-19;M;VIP;3;251;540;Card;CS2;4.0;1
SESS-14605;2026-08-24 16:47:52;USR-1752;2005-12-08;M;Standard;2;160;200;App;Dota 2;;0
SESS-13341;2026-08-27 10:31:47;USR-1586;2007-04-21;M;Bootcamp;1;270;150;Card;CS2;4.0;0
SESS-14785;2026-08-09 10:40:39;USR-1479;1995-10-20;M;VIP;1;420;200;Card;CS2;;0
SESS-13931;2026-08-31 02:52:40;USR-1743;2009-09-28;M;Standard;3;0;300;App;Valorant;5.0;0
SESS-12111;2026-08-21 19:26:12;USR-1050;2002-06-22;M;Standard;1;160;100;Card;CS2;;0
SESS-13854;2026-08-14 19:41:37;USR-1100;2003-03-23;M;Bootcamp;12;1110;1800;Card;Dota 2;5.0;0
SESS-10873;2026-08-05 17:53:29;USR-1539;2012-07-24;M;Standard;3;0;270;App;Dota 2;3.0;1
SESS-14295;2026-08-23 20:57:00;USR-1448;2008-04-04;M;Standard;2;160;200;App;Valorant;;0
SESS-11578;2026-08-27 11:49:26;USR-1155;2007-01-07;M;Standard;2;240;200;Card;PUBG;;0
SESS-12520;2026-08-31 18:15:39;USR-1099;1996-05-13;M;Bootcamp;3;660;450;Card;Cyberpunk 2077;4.0;0
SESS-13023;2026-08-22 21:31:40;USR-1122;2010-04-17;M;Standard;3;0;300;Cash;Minecraft;;0
SESS-13325;2026-08-29 12:34:43;USR-1119;2012-02-02;M;VIP;4;336;720;Cash;GTA V;;1
SESS-12678;2026-08-29 18:00:11;USR-1258;1998-08-15;M;VIP;1;0;200;Card;CS2;;0
SESS-14813;2026-08-30 17:41:13;USR-1119;2012-02-02;M;Standard;1;56;90;Cash;Dota 2;4.5;1
SESS-11823;2026-08-09 13:06:36;USR-1144;2009-09-12;M;Standard;2;0;200;Cash;Minecraft;;0
SESS-10187;2026-08-15 10:54:24;USR-1089;2003-05-03;M;Standard;2;0;200;Card;Deadlock;;0
SESS-12502;2026-08-08 10:28:51;USR-1330;2003-11-27;M;VIP;4;0;800;App;Valorant;4.5;0
SESS-10826;2026-08-16 07:07:58;USR-1429;2011-06-24;F;Standard;3;251;270;Cash;Minecraft;;1
SESS-14195;2026-08-21 22:35:01;USR-1046;2010-11-19;M;Standard;5;0;500;App;Deadlock;5.0;0
SESS-11532;2026-08-23 20:01:55;USR-1038;2005-04-06;F;Standard;1;0;100;App;Apex Legends;;0
SESS-12200;2026-08-23 16:21:24;USR-1783;2012-06-22;M;Standard;2;160;200;Card;Valorant;4.0;0
SESS-13881;2026-08-03 14:24:06;USR-1115;2007-01-24;M;Bootcamp;3;440;450;Card;Valorant;4.0;0
SESS-11117;2026-08-09 11:19:36;USR-1136;2005-05-16;M;VIP;2;0;400;Card;Valorant;;0
SESS-10923;2026-08-29 10:47:36;USR-1266;2012-03-18;M;Standard;3;0;300;Cash;Minecraft;4.0;0
SESS-12591;2026-08-10 12:06:03;USR-1388;1988-03-10;M;VIP;1;550;200;App;Dota 2;4.0;0
SESS-10479;2026-08-06 16:11:34;USR-1145;2008-09-12;F;VIP;2;470;400;Card;CS2;5.0;0
SESS-15005;2026-08-14 07:05:23;USR-1673;2005-08-07;M;Standard;3;240;300;App;Minecraft;4.0;0
SESS-13048;2026-08-30 09:19:59;USR-1074;2005-10-07;M;Standard;3;240;300;Card;Deadlock;;0
SESS-12380;2026-08-22 15:15:59;USR-1018;2008-06-09;M;PS5;3;0;675;App;CS2;4.5;1
SESS-10267;2026-08-11 20:13:46;USR-1484;2001-01-15;M;VIP;1;0;200;Card;Deadlock;;0
SESS-13705;2026-08-01 01:10:50;USR-1006;2008-10-28;M;Standard;5;600;500;Card;Minecraft;4.0;0
SESS-10328;2026-08-08 20:19:10;USR-1054;2005-04-23;M;Bootcamp;12;1520;1800;App;Dota 2;3.0;0
SESS-14532;2026-08-24 16:38:34;USR-1719;1988-04-04;M;Standard;3;0;300;App;Valorant;5.0;0
SESS-15149;2026-08-26 13:01:04;USR-1445;2006-10-04;M;Standard;3;240;300;App;CS2;1.0;0
SESS-13346;2026-08-06 19:50:45;USR-1108;1991-01-03;M;VIP;2;650;400;Card;Browser/Work;4.5;0
SESS-14615;2026-08-17 12:27:26;USR-1733;2010-04-18;M;Standard;4;0;400;App;CS2;;0
SESS-12020;2026-08-06 14:32:29;USR-1721;2009-10-14;M;Standard;4;224;360;App;Apex Legends;4.0;1
SESS-14797;2026-08-28 20:47:50;USR-1021;2008-06-07;M;Standard;1;160;100;Card;Dota 2;;0
SESS-12788;2026-08-09 11:50:12;USR-1141;1990-05-13;M;VIP;4;1300;800;Card;CS2;;0
SESS-11007;2026-08-09 14:01:45;USR-1057;2011-11-08;M;Standard;2;0;200;Card;Minecraft;;0
SESS-11716;2026-08-07 15:25:20;USR-1136;2005-05-16;M;Bootcamp;2;0;300;App;Dota 2;;0
SESS-12932;2026-08-05 10:21:45;USR-1598;1998-01-01;M;VIP;1;0;200;Card;Dota 2;;0
SESS-10404;2026-08-10 21:59:00;USR-1769;1999-02-01;M;Standard;2;0;200;App;GTA V;;0
SESS-11421;2026-08-14 02:15:45;USR-1717;2004-11-07;F;Standard;3;240;300;App;CS2;5.0;0
SESS-10732;2026-08-02 21:32:06;USR-1094;1996-06-19;M;VIP;4;1819;720;App;CS2;;1
SESS-12965;2026-08-29 20:04:51;USR-1079;2007-12-07;M;Bootcamp;5;0;675;App;CS2;;1
SESS-13199;2026-08-07 16:07:25;USR-1787;2002-11-22;M;Standard;4;672;360;Card;Apex Legends;5.0;1
SESS-13919;2026-08-02 10:45:39;USR-1155;2007-01-07;M;Standard;1;0;100;Card;Dota 2;;0
SESS-13869;2026-08-09 19:04:19;USR-1666;1996-10-13;F;VIP;2;540;400;Card;Dota 2;4.5;0
SESS-10278;2026-08-17 09:14:02;USR-1074;2005-10-07;M;VIP;3;390;600;Card;Dota 2;4.5;0
SESS-14220;2026-08-01 14:12:00;USR-1532;2001-09-15;M;Standard;2;336;180;Card;Valorant;4.0;1
SESS-11423;2026-08-30 18:31:51;USR-1146;2011-04-21;M;Standard;8;448;720;Cash;Valorant;;1
SESS-13074;2026-08-22 16:45:14;USR-1477;2002-05-15;F;Standard;2;0;200;Card;CS2;;0
SESS-10549;2026-08-08 17:18:02;USR-1030;2011-08-15;M;Bootcamp;3;0;450;App;Apex Legends;4.0;0
SESS-10651;2026-08-07 20:48:11;USR-1349;1996-01-10;M;VIP;3;1050;600;Card;Dota 2;;0
SESS-15132;2026-08-11 14:36:09;USR-1012;2005-04-17;M;PS5;3;240;750;App;Valorant;;0
SESS-11812;2026-08-22 10:46:45;USR-1308;2009-07-06;M;Standard;8;0;800;Cash;Minecraft;;0
SESS-14074;2026-08-28 20:01:11;USR-1653;2007-11-28;M;Standard;2;0;200;Card;Deadlock;4.0;0
SESS-11948;2026-08-13 23:23:04;USR-1131;2006-04-21;M;VIP;8;0;1600;App;Deadlock;4.0;0
SESS-13156;2026-08-31 14:44:02;USR-1024;2008-05-04;M;Bootcamp;2;310;300;Card;Valorant;4.0;0
SESS-11514;2026-08-22 17:10:02;USR-1195;2007-04-06;M;Bootcamp;1;0;150;Card;Valorant;3.0;0
SESS-14182;2026-08-29 20:03:20;USR-1751;2009-12-06;M;Standard;1;0;100;App;Dota 2;;0
SESS-13068;2026-08-03 19:43:33;USR-1583;2006-10-15;F;PS5;2;240;500;App;Deadlock;;0
SESS-14060;2026-08-21 20:05:54;USR-1486;2009-11-06;M;Standard;5;0;450;Card;GTA V;4.5;1
SESS-13443;2026-08-09 16:36:48;USR-1325;2001-07-02;F;Bootcamp;3;0;450;Cash;Dota 2;5.0;0
SESS-13673;2026-08-14 17:38:05;USR-1050;2002-06-22;M;Standard;1;0;100;App;Dota 2;;0
SESS-11042;2026-08-10 12:14:07;USR-1028;2005-10-03;M;VIP;4;630;800;App;Dota 2;;0
SESS-11513;2026-08-22 20:39:14;USR-1571;2007-11-26;M;Bootcamp;3;0;450;App;Deadlock;;0
SESS-10575;2026-08-18 14:12:05;USR-1612;2002-03-01;M;Bootcamp;2;320;300;Card;Dota 2;;0
SESS-13398;2026-08-05 17:23:17;USR-1279;2009-04-12;M;VIP;2;0;400;App;Minecraft;;0
SESS-12452;2026-08-01 14:06:12;USR-1326;2012-01-05;M;Standard;3;0;270;Card;CS2;;1
SESS-13175;2026-08-01 11:10:01;USR-1196;2003-02-27;F;VIP;5;672;900;Card;Valorant;4.5;1
SESS-14121;2026-08-05 17:34:48;USR-1520;2002-05-27;F;Bootcamp;2;560;270;Card;Valorant;;1
SESS-13396;2026-08-15 00:05:52;USR-1344;2007-08-22;M;Standard;8;640;800;Card;Dota 2;;0
SESS-11074;2026-08-22 14:03:48;USR-1048;2012-12-04;M;Standard;2;0;200;App;CS2;;0
SESS-12763;2026-08-18 19:37:38;USR-1207;2007-02-06;F;VIP;1;0;200;Card;Deadlock;;0
SESS-12468;2026-08-27 22:15:42;USR-1110;2012-12-13;F;VIP;8;0;1440;Cash;CS2;4.5;1
SESS-12862;2026-08-30 17:11:54;USR-1234;2004-03-20;M;Standard;2;0;200;App;Valorant;;0
SESS-13747;2026-08-05 19:12:54;USR-1248;2000-06-07;F;VIP;12;2436;2160;Card;CS2;5.0;1
SESS-13235;2026-08-20 15:23:44;USR-1517;2008-08-25;M;VIP;5;1330;900;Card;GTA V;4.5;1
SESS-13062;2026-08-02 16:00:54;USR-1389;2007-02-07;M;Standard;2;240;200;Card;Deadlock;4.0;0
SESS-12944;2026-08-24 06:27:19;USR-1547;2007-01-14;M;VIP;3;630;600;Card;CS2;;0
SESS-14485;2026-08-21 16:32:04;USR-1157;2009-12-23;M;Standard;2;0;200;Cash;Dota 2;;0
SESS-11567;2026-08-09 14:34:10;USR-1499;2004-05-04;M;Standard;4;672;360;Card;Minecraft;3.0;1
SESS-14514;2026-08-08 23:54:04;USR-1798;2004-10-18;F;Standard;8;1344;720;Card;CS2;;1
SESS-11004;2026-08-08 15:54:25;USR-1637;2006-04-06;F;Standard;1;80;100;Card;CS2;;0
SESS-10473;2026-08-23 18:13:04;USR-1097;2007-12-12;M;Standard;3;240;300;Cash;CS2;;0
SESS-11783;2026-08-21 18:31:52;USR-1163;2009-02-20;M;PS5;4;224;900;Card;Deadlock;5.0;1
SESS-12507;2026-08-14 19:16:19;USR-1093;2003-03-25;M;Standard;2;240;200;Card;CS2;4.0;0
SESS-12286;2026-08-25 12:45:35;USR-1079;2007-12-07;M;Bootcamp;2;0;300;Card;Dota 2;5.0;0
SESS-11377;2026-08-30 22:12:41;USR-1512;1988-11-01;M;Standard;8;2000;800;Card;GTA V;5.0;0
SESS-10800;2026-08-19 00:44:34;USR-1165;2010-05-26;M;Standard;5;300;500;App;Minecraft;;0
SESS-10803;2026-08-03 20:04:49;USR-1361;1988-10-01;M;Bootcamp;3;510;450;Card;CS2;4.5;0
SESS-12586;2026-08-25 21:32:05;USR-1273;2007-03-21;M;Standard;3;240;300;Cash;Dota 2;4.0;0
SESS-14826;2026-08-28 10:41:57;USR-1007;2009-09-04;M;Bootcamp;3;168;405;Cash;Minecraft;4.5;1
SESS-11638;2026-08-13 17:47:23;USR-1618;2005-10-03;M;VIP;2;240;400;Card;Dota 2;4.0;0
SESS-12810;2026-08-04 16:29:52;USR-1448;2008-04-04;M;PS5;1;160;250;Card;CS2;;0
SESS-10224;2026-08-01 18:12:56;USR-1462;2001-05-13;F;Bootcamp;2;0;300;Card;Dota 2;;0
SESS-12927;2026-08-17 23:57:59;USR-1107;2004-12-19;M;Standard;8;640;800;Card;Cyberpunk 2077;;0
SESS-13252;2026-08-01 21:03:08;USR-1043;2005-09-15;M;Bootcamp;1;160;150;Cash;Deadlock;;0
SESS-14127;2026-08-14 16:22:42;USR-1162;2006-04-01;M;Standard;2;336;180;Card;Deadlock;5.0;1
SESS-12120;2026-08-08 23:08:16;USR-1751;2009-12-06;M;VIP;8;0;1600;Card;Dota 2;5.0;0
SESS-12947;2026-08-07 16:56:25;USR-1147;1991-11-27;M;Standard;3;1050;270;Card;CS2;;1
SESS-13796;2026-08-07 17:02:33;USR-1101;2002-07-27;F;VIP;8;1106;1440;Card;Apex Legends;;1
SESS-12540;2026-08-20 19:20:17;USR-1252;1998-02-10;M;VIP;2;756;360;Card;CS2;;1
SESS-13702;2026-08-28 18:13:33;USR-1536;2005-02-23;F;VIP;3;0;600;Card;Valorant;5.0;0
SESS-13115;2026-08-01 10:09:16;USR-1223;2006-09-11;M;Standard;2;0;200;Cash;Dota 2;5.0;0
SESS-12482;2026-08-28 12:07:22;USR-1437;1992-02-27;F;PS5;2;546;450;Card;PUBG;;1
SESS-11962;2026-08-08 00:45:04;USR-1243;2005-12-12;M;Bootcamp;8;1040;1200;App;Valorant;;0
SESS-10556;2026-08-28 20:10:17;USR-1161;2004-11-12;M; standard ;4;0;400;App;Valorant;4.0;0
SESS-14470;2026-08-15 19:02:06;USR-1069;2004-02-20;M;Standard;1;80;100;Card;Deadlock;;0
SESS-12493;2026-08-08 19:55:03;USR-1072;2007-05-10;M;Standard;1;0;100;Card;CS2;;0
SESS-14292;2026-08-23 10:47:20;USR-1029;2011-12-05;M;VIP;5;560;900;Cash;Minecraft;;1
SESS-15105;2026-08-01 18:42:13;USR-1087;2005-04-04;M;Bootcamp;3;560;450;Card;CS2;;0
SESS-14791;2026-08-25 18:01:56;USR-1054;2005-04-23;M;Standard;2;0;200;App;CS2;;0
SESS-12608;2026-08-07 19:08:11;USR-1598;1998-01-01;M;Standard;2;0;200;Card;Dota 2;;0
SESS-13185;2026-08-16 20:03:17;USR-1257;2011-07-27;M;PS5;2;0;500;Cash;Minecraft;5.0;0
SESS-15052;2026-08-23 15:04:21;USR-1157;2009-12-23;M;Standard;2;168;180;Cash;Minecraft;;1
SESS-13416;2026-08-27 21:55:14;USR-1512;1988-11-01;M;PS5;2;390;500;;Dota 2;;0
SESS-14760;2026-08-04 17:51:43;USR-1015;2009-09-15;M;Standard;2;0;200;Card;CS2;;0
SESS-10389;2026-08-29 19:04:15;USR-1063;2005-06-25;M;Standard;1;0;100;Cash;CS2;;0
SESS-10381;2026-08-11 23:53:17;USR-1082;2007-12-15;F;Bootcamp;3;630;450;Cash;Dota 2;;0
SESS-10708;2026-08-21 18:54:56;USR-1628;2010-12-24;M;Standard;4;160;400;Cash;Minecraft;;0
SESS-11557;2026-08-30 17:23:38;USR-1685;2006-04-09;M;Standard;2;240;200;App;Apex Legends;;0
SESS-14964;2026-08-14 14:40:04;USR-1057;2011-11-08;M;Standard;4;0;400;Cash;CS2;4.0;0
SESS-12804;2026-08-18 14:43:26;USR-1142;2005-03-10;M;Standard;4;448;360;Card;Dota 2;5.0;1
SESS-11080;2026-08-22 19:55:33;USR-1079;2007-12-07;M;VIP;8;1106;1440;Card;CS2;5.0;1
SESS-14857;2026-08-01 19:40:33;USR-1704;2004-02-28;F;Bootcamp;2;0;300;Card;Dota 2;;0
SESS-13712;2026-08-10 18:10:10;USR-1428;2005-10-11;F;VIP;2;0;400;Card;Deadlock;;0
SESS-14406;2026-08-01 21:54:10;USR-1226;2009-01-27;F;Standard;3;0;300;Cash;Dota 2;4.5;0
SESS-12217;2026-08-26 22:14:32;USR-1150;2012-10-22;F;Standard;5;0;500;Cash;Dota 2;4.5;0
SESS-10535;2026-08-28 18:21:36;USR-1364;2002-09-03;M;VIP;2;400;400;App;Dota 2;;0
SESS-12749;2026-08-13 17:28:59;USR-1027;2010-09-10;M;Standard;2;160;200;App;CS2;;0
SESS-11791;2026-08-16 19:01:52;USR-1082;2007-12-15;F;Standard;2;240;200;App;CS2;2.0;0
SESS-14849;2026-08-25 11:15:27;USR-1129;2010-06-11;M;Standard;2;160;200;App;CS2;4.0;0
SESS-13125;2026-08-31 11:48:28;USR-1324;2006-06-22;M;Standard;2;0;200;App;Valorant;;0
SESS-10138;2026-08-07 08:03:14;USR-1227;2006-05-06;M;Standard;2;240;200;Cash;Valorant;4.0;0
SESS-13660;2026-08-31 19:13:47;USR-1724;2006-08-04;M;PS5;2;320;500;Card;Deadlock;;0
SESS-10195;2026-08-14 14:00:10;USR-1113;2011-11-07;M;Standard;2;0;200;App;CS2;;0
SESS-12984;2026-08-13 18:47:09;USR-1154;2008-09-01;M;VIP;2;0;400;App;CS2;;0
SESS-11506;2026-08-01 22:34:04;USR-1653;2007-11-28;M;VIP;8;1040;1600;App;Dota 2;3.0;0
SESS-14174;2026-08-01 21:08:57;USR-1374;2008-05-12;M;Standard;1;0;100;Card;CS2;;0
SESS-13579;2026-08-20 20:06:08;USR-1652;2006-05-12;M;Bootcamp;2;0;300;Card;Dota 2;;0
SESS-12658;2026-08-08 18:29:34;USR-1101;2002-07-27;F;Standard;12;2688;1080;App;Dota 2;4.0;1
SESS-14229;2026-08-08 15:15:36;USR-1092;1992-04-25;M;Standard;1;120;100;Card;PUBG;4.5;0
SESS-12732;2026-08-05 10:08:01;USR-1582;1998-10-12;M;PS5;4;1218;900;Card;Cyberpunk 2077;;1
SESS-12005;2026-08-06 09:40:01;USR-1515;1997-04-14;M;Standard;2;360;200;Card;GTA V;5.0;0
SESS-10776;2026-08-04 19:47:55;USR-1109;2003-06-27;M;Standard;1;160;100;App;Dota 2;4.0;0
SESS-13663;2026-08-20 15:42:31;USR-1029;2011-12-05;M;Standard;3;120;300;App;CS2;;0
SESS-10601;2026-08-15 23:45:34;USR-1114;2010-02-05;M;Bootcamp;12;0;1800;App;CS2;4.0;0
SESS-13361;2026-08-07 22:18:34;USR-1100;2003-03-23;M;Standard;3;0;300;Card;Dota 2;4.5;0
SESS-12465;2026-08-30 14:36:41;USR-1397;2004-08-16;M;Bootcamp;5;1232;675;Card;Apex Legends;4.5;1
SESS-14968;2026-08-14 13:37:18;USR-1579;2004-01-19;M;Bootcamp;2;560;270;Card;Dota 2;;1
SESS-12156;2026-08-05 23:04:08;USR-1273;2007-03-21;M;VIP;12;0;2400;Card;Deadlock;;0
SESS-14229;2026-08-08 15:15:36;USR-1092;1992-04-25;M;Standard;1;120;100;Card;PUBG;4.5;0
SESS-14859;2026-08-25 16:55:20;USR-1533;2004-07-09;M;Standard;5;1120;450;Card;GTA V;;1
SESS-12205;2026-08-08 15:44:07;USR-1017;2011-10-14;M;Standard;2;0;200;Cash;Minecraft;;0
SESS-10967;2026-08-28 21:15:04;USR-1117;2010-01-23;M;Bootcamp;2;0;300;App;Valorant;;0
SESS-15064;2026-08-06 10:31:17;USR-1588;2008-07-11;M;VIP;3;546;540;Card;Dota 2;;1
SESS-13078;2026-08-08 10:56:24;USR-1416;2005-02-15;M;PS5;2;224;450;App;CS2;;1
SESS-13559;2026-08-25 14:45:00;USR-1011;2011-12-15;M;PS5;2;0;500;Cash;Valorant;4.5;0
SESS-14119;2026-08-24 18:08:44;USR-1694;2012-03-17;M;Bootcamp;1;0;150;Cash;CS2;4.0;0
SESS-10738;2026-08-29 08:24:18;USR-1726;1997-07-05;M;PS5;2;540;500;Card;Dota 2;5.0;0
SESS-10543;2026-08-31 20:42:19;USR-1015;2009-09-15;M;Bootcamp;1;0;150;Cash;Dota 2;;0
SESS-14416;2026-08-14 01:37:40;USR-1095;1997-11-18;M;PS5;12;0;3000;Card;Cyberpunk 2077;3.0;0
SESS-10909;2026-08-24 17:46:43;USR-1002;2004-11-16;F; standard ;2;0;200;Card;Valorant;;0
SESS-13961;2026-08-23 18:12:47;USR-1113;2011-11-07;M;Standard;3;0;270;App;Valorant;;1
SESS-10883;2026-08-08 17:02:41;USR-1366;1999-07-24;M;Standard;4;1400;360;Card;CS2;;1
SESS-11612;2026-08-08 09:20:23;USR-1023;2003-06-20;M;Bootcamp;2;0;300;Card;Valorant;4.5;0
SESS-12407;2026-08-14 17:11:00;USR-1528;1993-03-20;F;VIP;3;923;540;Card;CS2;4.5;1
SESS-13534;2026-08-18 21:36:23;USR-1058;2011-10-04;M;Bootcamp;2;0;300;App;CS2;;0
SESS-11650;2026-08-28 16:16:17;USR-1373;2012-10-08;F;Standard;8;896;720;App;CS2;1.0;1
SESS-12230;2026-08-29 16:46:13;USR-1442;2006-07-09;M;Standard;3;336;270;Card;Valorant;4.5;1
SESS-11179;2026-08-21 16:10:06;USR-1159;2011-04-10;M;Standard;1;0;100;App;GTA V;;0
SESS-14833;2026-08-05 17:00:15;USR-1599;2001-04-08;M;Standard;2;240;200;Card;CS2;5.0;0
SESS-11767;2026-08-15 17:44:55;USR-1309;2010-07-25;M;PS5;3;240;750;App;Minecraft;;0
SESS-10924;2026-08-29 17:09:06;USR-1424;2004-11-14;M;Standard;2;160;200;App;CS2;;0
SESS-13745;2026-08-21 14:03:33;USR-1493;2007-11-09;M;Standard;3;672;270;App;Apex Legends;4.0;1
SESS-10344;2026-08-25 17:16:15;USR-1637;2006-04-06;F;Standard;2;0;200;App;CS2;3.0;0
SESS-10940;2026-08-01 20:36:52;USR-1454;2010-09-24;M;PS5;4;224;900;App;Valorant;;1
SESS-11490;2026-08-29 17:01:30;USR-1539;2012-07-24;M;Bootcamp;1;0;150;Cash;PUBG;4.0;0
SESS-14764;2026-08-09 13:00:24;USR-1475;2009-02-19;M;ps5;2;0;300;Cash;Minecraft;;0
SESS-10680;2026-08-29 02:27:37;USR-1013;2006-02-09;M;Standard;5;0;450;App;CS2;;1
SESS-11878;2026-08-24 11:33:55;USR-1051;2006-08-12;F;Bootcamp;2;0;300;Card;CS2;;0
SESS-14094;2026-08-12 22:15:15;USR-1095;1997-11-18;M;Standard;8;0;800;Card;Dota 2;4.0;0
SESS-11456;2026-08-07 15:13:13;USR-1113;2011-11-07;M;Standard;2;160;200;App;Minecraft;4.5;0
SESS-13890;2026-08-08 13:07:55;USR-1777;2005-09-08;M;VIP;1;310;200;Card;Deadlock;5.0;0
SESS-12026;2026-08-27 23:51:48;USR-1099;1996-05-13;M;Bootcamp;2;390;300;App;Cyberpunk 2077;;0
SESS-14667;2026-08-29 20:27:06;USR-1059;2012-05-14;M;Standard;1;0;100;App;Dota 2;;0
SESS-12714;2026-08-29 15:51:17;USR-1007;2009-09-04;M;VIP;4;336;720;App;CS2;;1
SESS-14841;2026-08-09 21:54:44;USR-1141;1990-05-13;M;PS5;12;4410;2700;Card;GTA V;4.5;1
SESS-13446;2026-08-17 01:16:28;USR-1680;2007-09-20;M;Standard;5;600;500;Card;CS2;;0
SESS-13755;2026-08-26 14:16:22;USR-1010;2009-04-04;F;Standard;1;0;100;App;CS2;;0
SESS-10571;2026-08-02 19:21:47;USR-1698;2007-07-07;M;Bootcamp;1;0;150;App;Valorant;;0
SESS-12794;2026-08-21 20:15:56;USR-1094;1996-06-19;M;Standard;2;360;200;Card;Cyberpunk 2077;;0
SESS-11195;2026-08-06 22:53:02;USR-1587;2007-10-16;M;Standard;5;1120;450;Card;CS2;4.0;1
SESS-15129;2026-08-15 17:48:59;USR-1131;2006-04-21;M;Bootcamp;1;0;150;App;CS2;;0
SESS-11341;2026-08-19 19:07:50;USR-1539;2012-07-24;M;Standard;3;336;270;App;Dota 2;5.0;1
SESS-13666;2026-08-23 00:05:36;USR-1240;2011-08-28;F;Standard;12;0;1080;Cash;Minecraft;4.5;1
SESS-11480;2026-08-15 19:49:59;USR-1156;2010-02-04;M;Bootcamp;1;0;150;Cash;Deadlock;;0
SESS-10088;2026-08-03 15:32:44;USR-1360;2007-07-13;M;VIP;3;0;600;Card;Apex Legends;;0
SESS-12378;2026-08-08 22:43:35;USR-1014;2008-03-15;M;Standard;8;0;800;Card;Dota 2;;0
SESS-11240;2026-08-09 19:08:32;USR-1139;2012-01-04;M;Standard;4;224;360;Cash;Minecraft;;1
SESS-11595;2026-08-14 15:07:05;USR-1366;1999-07-24;M;VIP;2;0;400;Card;Browser/Work;;0
SESS-13998;2026-08-22 14:35:21;USR-1117;2010-01-23;M;Standard;2;0;200;Cash;Valorant;;0
SESS-10522;2026-08-27 16:00:09;USR-1143;2007-05-26;M;PS5;2;448;450;App;CS2;5.0;1
SESS-13693;2026-08-05 02:35:29;USR-1266;2012-03-18;M;Standard;1;0;100;Cash;Dota 2;;0
SESS-14126;2026-08-24 19:28:05;USR-1115;2007-01-24;M;Standard;1;80;100;Card;Dota 2;;0
SESS-11322;2026-08-22 11:10:57;USR-1192;2012-07-02;M;Bootcamp;4;0;540;Cash;CS2;4.0;1
SESS-11359;2026-08-14 15:06:28;USR-1577;2005-06-24;M;Bootcamp;1;0;150;Card;CS2;;0
SESS-14564;2026-08-08 20:58:05;USR-1240;2011-08-28;F;Standard;2;0;200;App;Minecraft;;0
SESS-14988;2026-08-29 08:33:58;USR-1053;2010-07-19;M;VIP;2;0;400;Cash;Deadlock;;0
SESS-11026;2026-08-30 14:21:27;USR-1045;2007-06-12;M;VIP;3;630;600;App;Apex Legends;;0
SESS-11860;2026-08-29 17:14:52;USR-1488;2010-03-27;M;Bootcamp;2;0;300;Cash;CS2;;0
SESS-10354;2026-08-15 12:04:59;USR-1164;2008-06-14;M;Standard;1;120;100;Card;Valorant;4.0;0
SESS-14619;2026-08-09 00:09:41;USR-1220;2006-07-05;M;Standard;8;640;800;App;CS2;4.5;0
SESS-12427;2026-08-07 19:29:01;USR-1222;2012-07-14;M;VIP;3;0;600;App;CS2;;0
SESS-12044;2026-08-01 19:48:37;USR-1143;2007-05-26;M;Bootcamp;5;1232;675;Card;PUBG;4.5;1
SESS-12826;2026-08-01 15:06:41;USR-1262;2007-08-06;M;Standard;3;480;300;Card;Valorant;5.0;0
SESS-13287;2026-08-22 11:13:36;USR-1127;1997-11-22;M;VIP;3;510;600;Cash;Dota 2;;0
SESS-10721;2026-08-20 13:20:31;USR-1482;2012-12-10;M;Bootcamp;3;120;450;App;Minecraft;4.5;0
SESS-14716;2026-08-24 20:20:34;USR-1479;1995-10-20;M;Bootcamp;2;540;300;Card;CS2;;0
SESS-12729;2026-08-23 10:52:31;USR-1159;2011-04-10;M;Standard;4;0;400;App;Valorant;;0
SESS-13566;2026-08-13 17:01:24;USR-1066;2002-11-13;M;PS5;2;320;500;Card;Dota 2;4.0;0
SESS-13394;2026-08-09 17:10:51;USR-1140;2005-12-21;M;PS5;2;240;500;Card;Minecraft;4.5;0
SESS-14020;2026-08-16 19:04:09;USR-1477;2002-05-15;F;VIP;2;470;400;Card;CS2;;0
SESS-13148;2026-08-19 23:25:40;USR-1241;2010-03-04;F;Bootcamp;12;0;1620;App;Minecraft;3.0;1
SESS-14460;2026-08-18 17:24:06;USR-1628;2010-12-24;M;Standard;2;0;200;Card;Valorant;;0
SESS-10673;2026-08-18 16:09:49;USR-1114;2010-02-05;M;Standard;2;0;200;App;Dota 2;;0
SESS-10733;2026-08-16 12:41:18;USR-1017;2011-10-14;M;Standard;2;0;200;Cash;Dota 2;;0
SESS-15140;2026-08-30 14:05:13;USR-1146;2011-04-21;M;Bootcamp;2;0;300;App;GTA V;;0
SESS-12701;2026-08-02 17:42:01;USR-1555;1993-01-26;M;Standard;4;480;400;Card;GTA V;;0
SESS-10602;2026-08-13 19:54:49;USR-1148;2002-11-01;M;PS5;2;0;500;App;Dota 2;4.0;0
SESS-10245;2026-08-31 15:06:14;USR-1615;2003-11-12;M;Standard;1;0;100;App;PUBG;;0
SESS-14338;2026-08-18 18:07:17;USR-1447;2005-05-28;M;Standard;1;80;100;App;CS2;2.0;0
SESS-14657;2026-08-22 16:02:44;USR-1023;2003-06-20;M;Bootcamp;2;390;300;Card;CS2;;0
SESS-14002;2026-08-01 19:46:27;USR-1691;2003-02-07;M;VIP;3;882;540;Card;Valorant;;1
SESS-11296;2026-08-22 20:02:41;USR-1498;2012-10-27;M;Standard;2;160;200;Cash;GTA V;4.5;0
SESS-11941;2026-08-14 11:54:00;USR-1203;1999-03-15;M;VIP;1;400;200;App;Dota 2;3.0;0
SESS-14664;2026-08-31 00:33:04;USR-1277;2006-03-26;M;Bootcamp;5;550;750;Card;Dota 2;4.5;0
SESS-12818;2026-08-07 08:40:52;USR-1627;2000-03-26;M;PS5;1;480;250;Cash;CS2;;0
SESS-14906;2026-08-18 13:38:36;USR-1108;1991-01-03;M;VIP;4;882;720;Card;Dota 2;4.5;1
SESS-11598;2026-08-01 00:07:24;USR-1164;2008-06-14;M;VIP;5;880;1000;Card;Dota 2;4.5;0
SESS-15046;2026-08-04 17:05:23;USR-1676;2004-08-01;M;Standard;2;0;200;Card;CS2;;0
SESS-13826;2026-08-04 20:43:27;USR-1396;2011-05-07;M;Standard;3;180;300;App;Minecraft;3.0;0
SESS-13469;2026-08-22 20:40:44;USR-1549;2004-06-06;M;Bootcamp;3;616;405;Card;PUBG;;1
SESS-12154;2026-08-19 18:07:53;USR-1089;2003-05-03;M;Standard;5;560;450;Card;CS2;5.0;1
SESS-10351;2026-08-17 13:23:15;USR-1026;2006-05-04;M;Standard;2;0;200;Card;PUBG;;0
SESS-13573;2026-08-26 20:55:22;USR-1219;2011-05-09;M;Standard;3;120;300;Card;Valorant;;0
SESS-10694;2026-08-05 14:20:15;USR-1058;2011-10-04;M;Standard;4;0;360;App;Dota 2;;1
SESS-14773;2026-08-03 15:50:43;USR-1676;2004-08-01;M;Bootcamp;2;0;300;Card;Dota 2;;0
SESS-12568;2026-08-16 13:38:54;USR-1127;1997-11-22;M;VIP;5;1260;900;Card;Cyberpunk 2077;;1
SESS-13895;2026-08-04 15:55:34;USR-1425;2008-06-18;M;Bootcamp;2;0;300;App;Dota 2;4.0;0
SESS-13179;2026-08-17 22:29:01;USR-1063;2005-06-25;M;Standard;12;1344;1080;Card;CS2;;1
SESS-11951;2026-08-08 21:46:18;USR-1296;2003-05-03;M;Bootcamp;2;0;270;App;CS2;4.5;1
SESS-10432;2026-08-30 13:50:31;USR-1470;2002-11-07;M;VIP;2;560;360;Card;Dota 2;;1
SESS-10236;2026-08-03 18:43:34;USR-1476;2007-12-13;M;VIP;8;1903;1440;App;CS2;;1
SESS-12063;2026-08-15 21:58:04;USR-1697;2011-05-07;M;Standard;2;0;200;Card;Dota 2;;0
SESS-13077;2026-08-08 10:02:43;USR-1299;2008-07-22;M;Standard;2;0;200;App;Dota 2;;0
SESS-13619;2026-08-21 15:53:07;USR-1065;1997-11-13;M;PS5;5;1200;1250;Card;CS2;3.0;0
SESS-12783;2026-08-10 10:51:19;USR-1660;2008-08-15;M;Standard;2;160;200;Card;PUBG;;0
SESS-11726;2026-08-12 19:17:28;USR-1001;2003-05-28;M;Standard;2;240;200;Card;Valorant;;0
SESS-12297;2026-08-30 08:18:34;USR-1357;2009-05-07;M;Standard;4;224;360;App;Deadlock;4.5;1
SESS-13886;2026-08-27 20:34:12;USR-1130;2007-08-16;M;Standard;1;80;100;App;Dota 2;;0
SESS-12582;2026-08-26 14:49:51;USR-1015;2009-09-15;M;Bootcamp;3;0;450;Card;CS2;;0
SESS-11177;2026-08-22 13:57:04;USR-1548;1991-05-06;F;PS5;4;1428;900;Card;GTA V;4.5;1
SESS-13496;2026-08-03 01:44:43;USR-1759;2006-08-24;M;Bootcamp;3;440;450;Card;Apex Legends;;0
SESS-10815;2026-08-09 18:59:46;USR-1151;2004-10-09;M;VIP;5;680;1000;App;Deadlock;2.0;0
SESS-10083;2026-08-19 11:28:14;USR-1643;1998-10-25;M;PS5;2;0;500;Card;GTA V;;0
SESS-11370;2026-08-02 13:27:42;USR-1658;2007-07-08;M;PS5;1;0;250;App;Apex Legends;;0
SESS-13722;2026-08-07 17:36:21;USR-1211;2012-01-03;M;Standard;3;0;300;App;Dota 2;;0
SESS-11555;2026-08-08 19:48:31;USR-1000;2007-12-12;1;Bootcamp;1;160;150;Card;CS2;5.0;0
SESS-13653;2026-08-12 19:39:58;USR-1068;2004-06-11;M;Standard;2;160;200;Cash;Deadlock;;0
SESS-12889;2026-08-05 16:41:23;USR-1754;2010-04-04;M;PS5;3;0;675;Cash;CS2;5.0;1
SESS-10961;2026-08-22 16:04:55;USR-1148;2002-11-01;M;Standard;2;240;200;App;CS2;4.0;0
SESS-12227;2026-08-15 02:23:18;USR-1066;2002-11-13;M;Bootcamp;3;0;450;App;Valorant;5.0;0
SESS-12571;2026-08-19 10:59:40;USR-1157;2009-12-23;M;Standard;3;168;270;App;Dota 2;4.5;1
SESS-14033;2026-08-08 21:52:25;USR-1621;1996-05-04;M;Standard;2;360;200;App;CS2;;0
SESS-12812;2026-08-21 08:16:48;USR-1109;2003-06-27;M;PS5;1;0;250;Card;Dota 2;;0
SESS-13965;2026-08-26 16:06:12;USR-1236;2006-05-11;M;Standard;1;0;100;App;Dota 2;;0
SESS-14521;2026-08-23 19:38:01;USR-1015;2009-09-15;M;VIP;2;160;400;Cash;Deadlock;3.0;0
SESS-12209;2026-08-01 09:14:31;USR-1237;2010-07-25;F;Standard;2;112;180;App;GTA V;;1
SESS-10547;2026-08-30 13:46:54;USR-1353;2009-11-28;M;Standard;3;180;300;Cash;Minecraft;4.0;0
SESS-13039;2026-08-29 17:18:35;USR-1542;1996-01-09;F;Bootcamp;3;1470;405;Card;Dota 2;;1
SESS-14801;2026-08-30 16:29:35;USR-1157;2009-12-23;M;Bootcamp;3;120;450;Cash;Valorant;4.5;0
SESS-12260;2026-08-15 19:16:32;USR-1339;2003-03-05;M;PS5;2;160;500;Card;CS2;;0
SESS-10436;2026-08-09 22:04:09;USR-1726;1997-07-05;M;Standard;3;0;300;Card;Dota 2;;0
SESS-14270;2026-08-15 09:36:39;USR-1017;2011-10-14;M;Standard;3;0;300;App;Minecraft;;0
SESS-11403;2026-08-02 13:11:39;USR-1137;2005-12-19;M;PS5;2;160;500;Cash;Valorant;;0
SESS-12271;2026-08-16 18:53:06;USR-1073;2003-06-06;M;Standard;2;320;200;Card;Dota 2;4.5;0
SESS-12220;2026-08-08 19:10:59;USR-1027;2010-09-10;M;Standard;1;60;100;Card;Valorant;;0
SESS-14794;2026-08-05 16:57:45;USR-1311;2006-03-14;M;Bootcamp;1;230;150;Card;Valorant;;0
SESS-12085;2026-08-02 23:17:25;USR-1321;2012-12-17;M;Standard;12;0;1080;Card;Valorant;;1
SESS-12132;2026-08-11 14:47:09;USR-1076;2001-08-10;M;Standard;4;448;360;Card;Dota 2;;1
SESS-12985;2026-08-22 19:49:38;USR-1011;2011-12-15;M;Standard;2;0;200;App;Dota 2;;0
SESS-12716;2026-08-21 20:21:15;USR-1425;2008-06-18;M;VIP;1;0;200;Card;Valorant;;0
SESS-13617;2026-08-10 09:42:57;USR-1272;2003-06-28;M;PS5;3;0;750;App;Dota 2;4.5;0
SESS-14250;2026-08-16 09:52:57;USR-1553;1985-07-17;F;Standard;2;500;200;Cash;PUBG;5.0;0
SESS-10911;2026-08-29 16:47:08;USR-1196;2003-02-27;F;Bootcamp;3;784;405;Card;CS2;;1
SESS-12848;2026-08-22 16:53:37;USR-1740;1996-01-25;M;Bootcamp;2;0;300;Card;CS2;;0
SESS-12135;2026-08-25 21:28:49;USR-1144;2009-09-12;M;Bootcamp;2;0;300;App;CS2;4.0;0
SESS-11631;2026-08-20 16:26:18;USR-1459;2005-07-10;M;VIP;2;310;400;Card;Dota 2;;0
SESS-11775;2026-08-08 18:52:55;USR-1448;2008-04-04;M;Standard;3;480;300;Cash;Dota 2;2.0;0
SESS-14146;2026-08-31 17:17:43;USR-1578;2005-10-26;M;Bootcamp;8;1360;1200;Cash;PUBG;4.0;0
SESS-13114;2026-08-05 10:27:27;USR-1341;2005-02-06;M;VIP;2;320;400;Card;Cyberpunk 2077;5.0;0
SESS-13029;2026-08-29 16:33:53;USR-1070;2008-12-23;F; Bootcamp ;4;0;600;Cash;CS2;4.0;0
SESS-12213;2026-08-20 16:49:44;USR-1003;2004-08-17;M;Standard;3;0;300;Card;Deadlock;;0
SESS-12529;2026-08-27 14:03:16;USR-1241;2010-03-04;F;Standard;4;448;360;App;Minecraft;;1
SESS-10773;2026-08-01 22:51:01;USR-1090;1989-07-13;F;Standard;8;2000;800;Card;CS2;;0
SESS-14489;2026-08-14 20:28:53;USR-1384;2011-09-05;M;Standard;2;80;200;Cash;Minecraft;;0
SESS-14771;2026-08-24 15:59:58;USR-1062;1990-06-18;F;VIP;2;660;400;App;PUBG;4.0;0
SESS-11088;2026-08-25 09:39:36;USR-1261;2010-08-21;F;PS5;4;336;900;App;Dota 2;3.0;1
SESS-12381;2026-08-16 08:54:13;USR-1306;2005-02-02;M;VIP;1;0;200;Card;Deadlock;4.0;0
SESS-15006;2026-08-25 17:50:37;USR-1391;2012-11-11;F; standard ;2;120;200;App;Minecraft;;0
SESS-12422;2026-08-24 14:52:40;USR-1287;1998-01-26;M;VIP;8;1260;1600;Card;GTA V;;0
SESS-11223;2026-08-15 14:01:14;USR-1344;2007-08-22;M;VIP;3;448;540;Card;Dota 2;;1
SESS-11112;2026-08-24 10:04:04;USR-1072;2007-05-10;M;Bootcamp;2;0;300;Card;GTA V;;0
SESS-14566;2026-08-05 20:11:01;USR-1094;1996-06-19;M;Bootcamp;4;0;540;Card;Cyberpunk 2077;;1
SESS-13892;2026-08-29 20:16:30;USR-1007;2009-09-04;M;Bootcamp;2;0;300;Cash;Dota 2;;0
SESS-12519;2026-08-12 14:33:26;USR-1135;2004-06-20;F;Standard;1;0;100;App;CS2;4.0;0
SESS-15008;2026-08-02 18:17:06;USR-1520;2002-05-27;F;Standard;2;0;200;Cash;Dota 2;;0
SESS-14678;2026-08-22 17:10:29;USR-1001;2003-05-28;M;Bootcamp;4;0;600;Card;GTA V;;0
SESS-11818;2026-08-06 23:58:19;USR-1725;2005-05-24;M;Standard;8;0;800;Card;Deadlock;;0
SESS-13973;2026-08-20 11:37:32;USR-1237;2010-07-25;F;Standard;2;120;200;App;Dota 2;;0
SESS-11966;2026-08-02 21:02:47;USR-1385;2004-11-12;M;Bootcamp;2;400;300;App;CS2;;0
SESS-13625;2026-08-23 16:24:35;USR-1192;2012-07-02;M;Standard;2;0;200;Cash;Minecraft;;0
SESS-15040;2026-08-09 19:58:29;USR-1145;2008-09-12;F;Bootcamp;1;230;150;App;Dota 2;4.5;0
SESS-10039;2026-08-23 19:18:42;USR-1539;2012-07-24;M;Standard;3;0;300;Cash;Dota 2;;0
SESS-11924;2026-08-22 19:15:00;USR-1135;2004-06-20;F;PS5;3;503;675;Card;Apex Legends;4.5;1
SESS-11673;2026-08-31 14:35:58;USR-1444;2003-05-12;M;PS5;2;160;500;Card;Deadlock;;0
SESS-10825;2026-08-22 16:52:56;USR-1588;2008-07-11;M;Bootcamp;2;390;300;App;Valorant;;0
SESS-11404;2026-08-08 13:13:39;USR-1268;2008-03-05;M;Bootcamp;2;400;300;Card;CS2;4.0;0
SESS-15128;2026-08-17 14:36:32;USR-1161;2004-11-12;M;Standard;3;0;300;App;CS2;;0
SESS-10117;2026-08-16 17:02:19;USR-1553;1985-07-17;F;Standard;3;750;300;App;GTA V;;0
SESS-10796;2026-08-08 15:27:15;USR-1006;2008-10-28;M;VIP;1;230;200;Card;Dota 2;4.0;0
SESS-11447;2026-08-06 09:05:36;USR-1106;2007-05-17;F;Bootcamp;4;0;540;App;Dota 2;5.0;1
SESS-13268;2026-08-02 14:26:01;USR-1097;2007-12-12;M;Bootcamp;2;470;300;Card;CS2;;0
SESS-14683;2026-08-23 21:46:42;USR-1026;2006-05-04;M;Standard;2;320;200;Card;GTA V;1.0;0
SESS-10595;2026-08-08 23:29:30;USR-1204;2006-09-20;M;VIP;8;0;1600;Card;CS2;;0
SESS-13864;2026-08-11 18:44:10;USR-1121;2004-12-08;M;PS5;4;320;1000;Card;Dota 2;;0
SESS-12550;2026-08-30 18:46:58;USR-1797;2007-03-19;M;Standard;3;503;270;App;CS2;;1
SESS-11038;2026-08-06 16:37:49;USR-1057;2011-11-08;M;Bootcamp;2;0;300;Cash;Minecraft;;0
SESS-11592;2026-08-05 15:35:12;USR-1744;2004-08-18;M;VIP;3;0;600;App;CS2;;0
SESS-12784;2026-08-17 15:43:50;USR-1228;2012-07-05;M;Standard;2;0;200;Cash;Valorant;3.0;0
SESS-14618;2026-08-23 19:49:19;USR-1020;2006-04-26;M;VIP;12;1520;2400;Cash;CS2;4.5;0
SESS-11121;2026-08-21 13:05:50;USR-1096;2004-01-06;M;Standard;4;896;360;App;Dota 2;;1
SESS-14291;2026-08-24 19:23:36;USR-1010;2009-04-04;F;Bootcamp;2;80;300;Cash;Dota 2;5.0;0
SESS-10113;2026-08-29 09:07:47;USR-1188;2011-11-24;M;Standard;2;80;200;Cash;Dota 2;;0
SESS-12966;2026-08-20 12:14:20;USR-1019;2004-08-06;M;Standard;5;1120;450;App;CS2;4.5;1
SESS-10274;2026-08-02 15:16:57;USR-1461;2006-04-14;M;Standard;2;0;200;Card;CS2;4.0;0
SESS-13823;2026-08-15 17:43:03;USR-1590;2009-06-11;M;Standard;4;0;400;App;Minecraft;3.0;0
SESS-11784;2026-08-05 14:37:53;USR-1395;2006-01-23;M;Standard;1;120;100;Cash;Dota 2;4.0;0
SESS-11209;2026-08-09 11:44:33;USR-1143;2007-05-26;M;VIP;5;0;900;App;Deadlock;4.0;1
SESS-14563;2026-08-19 12:18:11;USR-1509;2007-03-11;F;Standard;1;0;100;Card;CS2;4.0;0
SESS-13166;2026-08-02 17:26:33;USR-1125;2012-03-20;M;Bootcamp;2;0;300;Cash;CS2;;0
SESS-15017;2026-08-02 11:03:43;USR-1502;2006-08-14;M;Bootcamp;2;310;300;App;Dota 2;4.5;0
SESS-11367;2026-08-01 15:31:15;USR-1214;1997-09-04;M;VIP;2;0;400;Card;GTA V;5.0;0
SESS-12986;2026-08-31 23:41:49;USR-1014;2008-03-15;M;Bootcamp;12;1040;1800;Card;CS2;4.0;0
SESS-12478;2026-08-21 12:16:11;USR-1325;2001-07-02;F;VIP;8;0;1440;App;CS2;4.5;1
SESS-12567;2026-08-01 18:14:00;USR-1006;2008-10-28;M;Standard;5;840;450;Card;Valorant;;1
SESS-10416;2026-08-06 06:34:29;USR-1460;2004-12-14;M;VIP;5;1330;900;Card;CS2;5.0;1
SESS-14939;2026-08-01 22:53:36;USR-1108;1991-01-03;M;Bootcamp;5;1550;750;Card;CS2;4.5;0
SESS-12442;2026-08-28 00:54:23;USR-1557;2010-10-11;M;Standard;8;640;800;Cash;Dota 2;4.0;0
SESS-10340;2026-08-29 11:51:34;USR-1039;1994-11-20;M;VIP;3;510;600;Card;Cyberpunk 2077;4.0;0
SESS-11965;2026-08-17 01:31:35;USR-1152;2006-10-26;M;VIP;12;1040;2400;Card;CS2;4.5;0
SESS-13516;2026-08-13 14:42:43;USR-1090;1989-07-13;F;VIP;1;0;200;Card;CS2;;0
SESS-10663;2026-08-08 11:28:12;USR-1591;2004-07-23;M;VIP;3;0;600;App;Valorant;;0
SESS-10794;2026-08-06 14:10:07;USR-1101;2002-07-27;F;Standard;3;360;300;Card;Dota 2;1.0;0
SESS-14302;2026-08-15 15:14:02;USR-1750;2008-06-22;M;Standard;5;840;450;App;Apex Legends;;1
SESS-12919;2026-08-07 15:59:33;USR-1167;2006-11-10;M;Bootcamp;3;0;450;App;Apex Legends;;0
SESS-12311;2026-08-20 17:59:38;USR-1217;2008-11-10;M;Bootcamp;4;784;540;Card;Dota 2;4.0;1
SESS-11111;2026-08-08 08:49:00;USR-1717;2004-11-07;F;VIP;8;0;1600;App;CS2;5.0;0
SESS-10941;2026-08-23 14:23:05;USR-1176;2003-11-16;F;Bootcamp;4;630;600;App;CS2;;0
SESS-14230;2026-08-29 20:15:09;USR-1111;2000-02-14;M;Standard;1;120;100;Card;Cyberpunk 2077;;0
SESS-14993;2026-08-01 18:45:16;USR-1211;2012-01-03;M;Standard;2;120;200;Cash;GTA V;;0
SESS-14935;2026-08-28 12:30:03;USR-1051;2006-08-12;F;Standard;8;0;800;Card;Dota 2;;0
SESS-10990;2026-08-07 16:02:59;USR-1045;2007-06-12;M;Standard;4;0;400;Card;Valorant;;0
SESS-14735;2026-08-15 16:22:08;USR-1242;1994-11-23;M;VIP;2;800;400;App;GTA V;5.0;0
SESS-10762;2026-08-30 18:15:12;USR-1011;2011-12-15;M;Standard;4;0;400;App;CS2;3.0;0
SESS-13128;2026-08-29 17:47:14;USR-1349;1996-01-10;M;Bootcamp;2;660;300;Card;Cyberpunk 2077;1.0;0
SESS-13321;2026-08-28 19:32:01;USR-1366;1999-07-24;M;Standard;3;750;300;Card;Dota 2;4.0;0
SESS-12671;2026-08-14 09:04:53;USR-1347;2000-07-01;M;PS5;2;0;500;Card;Cyberpunk 2077;;0
SESS-14085;2026-08-20 20:55:06;USR-1148;2002-11-01;M;Standard;2;0;200;Card;CS2;;0
SESS-13848;2026-08-10 17:50:33;USR-1463;2007-09-18;M;PS5;2;160;500;App;Dota 2;5.0;0
SESS-13572;2026-08-24 14:00:58;USR-1523;2009-04-04;M;Standard;1;0;100;Card;Minecraft;5.0;0
SESS-14885;2026-08-31 11:45:33;USR-1600;2006-02-21;M;PS5;3;0;750;App;CS2;4.5;0
SESS-11107;2026-08-04 08:24:26;USR-1205;1990-02-10;F;VIP;1;420;200;Card;Dota 2;;0
SESS-12049;2026-08-09 07:18:12;USR-1015;2009-09-15;M;PS5;2;120;500;Card;CS2;2.0;0
SESS-10228;2026-08-14 18:31:44;USR-1052;2006-06-27;M;VIP;2;310;400;Cash;CS2;4.5;0
SESS-10301;2026-08-29 18:10:51;USR-1314;2008-01-15;F;Standard;3;336;270;Cash;Dota 2;;1
SESS-13366;2026-08-24 17:02:56;USR-1037;2008-05-17;F;Bootcamp;1;270;150;Card;Valorant;4.5;0
SESS-10327;2026-08-23 10:03:09;USR-1666;1996-10-13;F;PS5;1;400;250;Card;CS2;3.0;0
SESS-10193;2026-08-08 18:27:15;USR-1182;2001-10-23;M;Standard;3;480;300;Card;Dota 2;5.0;0
SESS-15119;2026-08-27 15:37:50;USR-1163;2009-02-20;M;Standard;2;112;180;Cash;Dota 2;4.0;1
SESS-12018;2026-08-20 00:19:08;USR-1085;2004-10-02;M;Standard;3;0;300;Card;Dota 2;;0
SESS-13637;2026-08-07 22:42:14;USR-1088;2007-06-21;F;Standard;5;0;500;Card;Dota 2;4.0;0
SESS-11137;2026-08-09 21:57:58;USR-1309;2010-07-25;M;Standard;2;0;200;App;Minecraft;;0
SESS-13151;2026-08-02 10:24:57;USR-1106;2007-05-17;F;Standard;3;0;300;App;Deadlock;3.0;0
SESS-11646;2026-08-30 17:20:16;USR-1045;2007-06-12;M;Bootcamp;1;200;150;Card;Valorant;;0
SESS-14577;2026-08-03 19:36:01;USR-1576;2006-11-16;M;Bootcamp;3;714;405;App;CS2;4.5;1
SESS-11120;2026-08-05 03:25:09;USR-1141;1990-05-13;M;Standard;1;120;100;App;Dota 2;3.0;0
SESS-10963;2026-08-01 22:09:56;USR-1106;2007-05-17;F;Standard;8;1344;720;Card;Dota 2;4.5;1
SESS-12782;2026-08-11 19:38:28;USR-1093;2003-03-25;M;Standard;1;80;100;Card;CS2;;0
SESS-10055;2026-08-22 19:36:21;USR-1426;2012-03-19;M;Standard;2;160;200;App;CS2;;0
SESS-12780;2026-08-03 09:59:26;USR-1467;2004-10-06;M;Standard;1;80;100;Card;Valorant;;0
SESS-14665;2026-08-17 13:34:41;USR-1378;2002-04-16;M;Standard;2;320;200;Card;Dota 2;5.0;0
SESS-10085;2026-08-01 19:02:35;USR-1124;2008-09-24;M;VIP;1;0;200;App;Valorant;;0
SESS-12612;2026-08-12 17:56:32;USR-1135;2004-06-20;F;Standard;2;0;180;Card;Dota 2;;1
SESS-14789;2026-08-10 16:59:09;USR-1121;2004-12-08;M;VIP;4;784;720;App;Dota 2;;1
SESS-10435;2026-08-08 16:05:10;USR-1141;1990-05-13;M;VIP;3;510;600;Card;Dota 2;4.0;0
SESS-10362;2026-08-28 14:35:30;USR-1069;2004-02-20;M;Standard;3;336;270;Card;Valorant;;1
SESS-14881;2026-08-28 02:32:17;USR-1661;1999-06-25;M;Bootcamp;1;550;150;App;Cyberpunk 2077;3.0;0
SESS-12970;2026-08-28 14:30:31;USR-1044;2010-12-22;F;Standard;2;0;200;Card;CS2;;0
SESS-10443;2026-08-17 16:48:37;USR-1388;1988-03-10;M;VIP;5;1260;900;App;CS2;;1
SESS-14677;2026-08-20 14:30:18;USR-1773;1996-01-05;F;Standard;1;250;100;Card;PUBG;;0
SESS-13344;2026-08-21 23:50:32;USR-1283;2007-07-01;M;PS5;5;600;1250;Card;Apex Legends;;0
SESS-14565;2026-08-10 21:57:47;USR-1626;2005-12-06;M;VIP;4;1007;720;Card;CS2;4.0;1
SESS-13821;2026-08-22 18:03:45;USR-1551;2004-12-14;F;VIP;2;0;400;Card;Dota 2;;0
SESS-10667;2026-08-08 23:49:02;USR-1671;2002-10-12;M;Bootcamp;5;0;750;Card;CS2;2.0;0
SESS-14086;2026-08-20 18:11:51;USR-1439;2009-10-14;M;Standard;2;0;200;Cash;Dota 2;;0
SESS-14680;2026-08-06 15:39:30;USR-1562;2010-05-05;M;Standard;2;0;180;Card;Minecraft;;1
SESS-14846;2026-08-09 15:50:54;USR-1046;2010-11-19;M;Standard;2;80;200;Cash;CS2;4.0;0
SESS-12300;2026-08-25 17:18:24;USR-1617;2005-08-01;M;Standard;2;160;200;Card;Dota 2;;0
SESS-11651;2026-08-10 19:52:28;USR-1576;2006-11-16;M;Standard;2;240;200;App;Dota 2;;0
SESS-11066;2026-08-31 15:32:50;USR-1338;2004-01-16;M;Standard;2;0;200;Card;Valorant;4.0;0
SESS-11348;2026-08-29 20:50:09;USR-1724;2006-08-04;M;VIP;1;0;200;Card;Deadlock;;0
SESS-10812;2026-08-01 16:21:13;USR-1371;1999-05-12;M;Standard;3;750;300;Card;CS2;;0
SESS-14967;2026-08-05 07:31:07;USR-1763;2003-11-13;F;VIP;2;470;400;App;Apex Legends;4.5;0
SESS-13952;2026-08-08 19:48:32;USR-1192;2012-07-02;M;PS5;1;0;250;App;CS2;;0
SESS-11933;2026-08-21 21:43:06;USR-1036;2007-07-18;M;Standard;2;160;200;Card;Deadlock;;0
SESS-11545;2026-08-18 15:24:20;USR-1590;2009-06-11;M;Standard;3;0;300;App;Dota 2;;0
SESS-11280;2026-08-31 22:48:35;USR-1441;2011-10-17;M;Standard;8;0;720;Cash;Valorant;;1
SESS-11507;2026-08-13 21:31:15;USR-1365;2005-04-09;M;Bootcamp;3;0;450;Card;CS2;;0
SESS-11313;2026-08-18 17:12:40;USR-1652;2006-05-12;M;VIP;2;400;400;App;Dota 2;5.0;0
SESS-14772;2026-08-14 21:53:26;USR-1153;2006-01-07;M;Standard;3;240;300;Card;Dota 2;;0
SESS-10153;2026-08-23 21:43:35;USR-1040;1999-04-03;M;PS5;1;270;250;Card;PUBG;;0
SESS-12032;2026-08-05 08:14:49;USR-1109;2003-06-27;M;Bootcamp;3;440;450;App;GTA V;2.0;0
SESS-14631;2026-08-23 03:58:21;USR-1158;2010-11-08;M;VIP;3;251;540;App;Minecraft;;1
SESS-12570;2026-08-28 14:27:07;USR-1049;2004-10-01;M;VIP;2;320;400;Card;Valorant;4.5;0
SESS-10670;2026-08-09 10:52:51;USR-1064;1999-11-15;M;VIP;2;390;400;Card;Deadlock;3.0;0
SESS-11691;2026-08-17 14:57:37;USR-1052;2006-06-27;M;Standard;2;0;200;App;GTA V;;0
SESS-14316;2026-08-07 13:18:20;USR-1686;2009-08-20;M;Standard;3;240;300;Card;Valorant;5.0;0
SESS-11314;2026-08-02 19:08:01;USR-1253;2006-12-09;M;VIP;3;0;600;Card;CS2;4.0;0
SESS-10296;2026-08-24 16:55:31;USR-1077;2006-09-21;M;VIP;3;0;600;Card;CS2;4.5;0
SESS-10170;2026-08-29 14:57:43;USR-1623;1995-07-16;M;Bootcamp;3;714;405;Card;CS2;5.0;1
SESS-14223;2026-08-19 16:46:47;USR-1674;2010-07-02;M;Bootcamp;1;60;150;Cash;Minecraft;;0
SESS-10142;2026-08-08 21:21:16;USR-1213;1997-02-16;F;VIP;2;660;400;Card;CS2;;0
SESS-14666;2026-08-02 23:34:03;USR-1772;2008-07-27;F;Standard;3;0;300;Card;Dota 2;2.0;0
SESS-14481;2026-08-20 23:04:55;USR-1064;1999-11-15;M;VIP;12;2436;2160;Card;CS2;4.5;1
SESS-15030;2026-08-23 19:11:48;USR-1746;2007-07-05;M;VIP;2;0;400;Card;Dota 2;;0
SESS-10707;2026-08-06 22:14:46;USR-1644;2012-02-04;M;Standard;8;640;800;Cash;Dota 2;;0
SESS-10594;2026-08-16 21:44:21;USR-1195;2007-04-06;M;Standard;3;240;300;App;Valorant;;0
SESS-13430;2026-08-27 18:31:08;USR-1144;2009-09-12;M;Standard;1;0;100;Card;Minecraft;4.5;0
SESS-10114;2026-08-15 18:20:44;USR-1515;1997-04-14;M;VIP;2;0;400;Card;Cyberpunk 2077;;0
SESS-12500;2026-08-28 23:30:52;USR-1048;2012-12-04;M;Standard;8;0;720;Cash;Minecraft;4.0;1
SESS-13328;2026-08-29 17:04:07;USR-1270;2003-04-13;M;Bootcamp;3;0;405;App;CS2;5.0;1
SESS-12642;2026-08-14 18:26:18;USR-1307;1992-06-08;M;PS5;3;510;750;Card;Cyberpunk 2077;;0
SESS-13535;2026-08-16 19:11:26;USR-1080;2004-02-20;M;Bootcamp;2;0;300;App;Dota 2;4.0;0
SESS-11163;2026-08-28 14:36:00;USR-1659;2002-10-23;F;PS5;5;0;1250;Cash;CS2;5.0;0
SESS-13944;2026-08-27 13:18:22;USR-1296;2003-05-03;M;Standard;2;0;200;Card;Valorant;2.0;0
SESS-10234;2026-08-27 13:04:52;USR-1120;1991-02-07;M;Standard;3;540;300;App;Cyberpunk 2077;2.0;0
SESS-13442;2026-08-30 20:27:35;USR-1568;2010-02-02;M;VIP;1;0;200;Cash;Minecraft;4.5;0
SESS-14401;2026-08-16 12:42:55;USR-1723;2003-04-17;M;Standard;4;672;360;Card;Dota 2;5.0;1
SESS-14406;2026-08-01 21:54:10;USR-1226;2009-01-27;F;Standard;3;0;300;Cash;Dota 2;4.5;0
SESS-13177;2026-08-16 22:13:21;USR-1718;2005-08-19;F;PS5;3;360;750;App;Minecraft;4.5;0
SESS-11616;2026-08-16 15:18:55;USR-1382;2007-03-24;M;Standard;3;503;270;Card;CS2;4.0;1
SESS-13650;2026-08-10 08:25:43;USR-1014;2008-03-15;M;Bootcamp;1;0;150;App;Dota 2;4.5;0
SESS-13501;2026-08-21 06:29:07;USR-1092;1992-04-25;M;Bootcamp;4;1428;540;Card;PUBG;;1
SESS-11484;2026-08-25 16:51:40;USR-1551;2004-12-14;F;Bootcamp;5;750;750;Card;CS2;4.0;0
SESS-11215;2026-08-13 16:07:21;USR-1568;2010-02-02;M;Standard;1;80;100;Cash;Dota 2;;0
SESS-10931;2026-08-01 15:06:25;USR-1554;2006-09-13;F;VIP;3;0;600;Card;Cyberpunk 2077;4.5;0
SESS-11621;2026-08-02 17:32:15;USR-1001;2003-05-28;M;PS5;3;480;750;Card;Valorant;4.0;0
SESS-13563;2026-08-31 21:06:35;USR-1261;2010-08-21;F;Standard;1;0;100;Cash;Deadlock;;0
SESS-14970;2026-08-31 22:22:15;USR-1068;2004-06-11;M;VIP;8;1110;1600;Card;Valorant;5.0;0
SESS-10158;2026-08-18 21:52:37;USR-1360;2007-07-13;M;Standard;4;0;400;Card;Dota 2;2.0;0
SESS-10838;2026-08-25 05:38:14;USR-1371;1999-05-12;M;PS5;1;270;250;Card;CS2;4.0;0
SESS-14070;2026-08-15 14:49:02;USR-1130;2007-08-16;M;Standard;1;112;90;App;Dota 2;;1
SESS-11975;2026-08-03 18:39:57;USR-1608;2012-09-08;M;Standard;3;0;300;Cash;Minecraft;4.5;0
SESS-12689;2026-08-19 06:07:36;USR-1668;2009-03-12;M;Bootcamp;3;120;450;App;Minecraft;;0
SESS-12690;2026-08-30 12:05:18;USR-1068;2004-06-11;M;Bootcamp;3;560;450;Cash;Dota 2;5.0;0
SESS-13829;2026-08-12 16:59:01;USR-1102;1997-01-21;M;Bootcamp;2;0;300;App;PUBG;4.0;0
SESS-12224;2026-08-28 17:00:07;USR-1660;2008-08-15;M;Bootcamp;2;0;300;Card;Deadlock;;0
SESS-13904;2026-08-02 22:49:28;USR-1753;2004-11-22;M;PS5;2;0;500;Card;Dota 2;;0
SESS-10494;2026-08-01 00:22:29;USR-1039;1994-11-20;M;Standard;8;1440;800;Card;Dota 2;4.5;0
SESS-10835;2026-08-04 19:30:26;USR-1648;2006-03-05;F;VIP;3;320;600;App;PUBG;4.5;0
SESS-12916;2026-08-07 08:03:58;USR-1346;2007-06-19;M;VIP;2;310;400;Card;CS2;4.0;0
SESS-14214;2026-08-03 00:51:04;USR-1085;2004-10-02;M;Standard;8;1280;800;Card;Dota 2;4.0;0
SESS-14707;2026-08-11 14:09:45;USR-1082;2007-12-15;F;PS5;3;240;750;Card;GTA V;4.0;0
SESS-14781;2026-08-16 01:58:19;USR-1215;2005-02-03;M;Standard;8;1280;800;App;CS2;;0
SESS-14433;2026-08-14 15:13:44;USR-1431;2011-08-02;M;Bootcamp;2;80;300;Cash;Dota 2;5.0;0
SESS-11654;2026-08-07 10:54:13;USR-1003;2004-08-17;M;Bootcamp;4;560;540;App;Dota 2;4.5;1
SESS-13759;2026-08-02 18:27:13;USR-1454;2010-09-24;M;Standard;3;0;270;Card;Minecraft;4.5;1
SESS-12639;2026-08-11 14:33:12;USR-1408;2010-04-23;M;Bootcamp;3;168;405;;CS2;4.5;1
SESS-14192;2026-08-01 06:42:37;USR-1512;1988-11-01;M;Standard;1;0;100;Card;PUBG;;0
SESS-14890;2026-08-19 21:44:20;USR-1122;2010-04-17;M;Standard;2;0;200;Card;Apex Legends;;0
SESS-13107;2026-08-22 18:56:49;USR-1052;2006-06-27;M;Standard;2;0;200;Card;Valorant;;0
SESS-10215;2026-08-02 10:52:49;USR-1703;2010-09-27;M;Standard;2;160;200;App;CS2;4.0;0
SESS-12030;2026-08-31 14:16:16;USR-1241;2010-03-04;F;Standard;4;224;360;App;Minecraft;4.0;1
SESS-14687;2026-08-20 21:11:23;USR-1458;2010-07-24;M;VIP;2;160;400;App;Valorant;4.0;0
SESS-10686;2026-08-28 17:01:35;USR-1159;2011-04-10;M;Standard;3;0;270;App;CS2;;1
SESS-11387;2026-08-22 18:11:45;USR-1022;2004-01-17;M;Standard;4;320;400;Card;Valorant;4.0;0
SESS-13069;2026-08-09 14:30:08;USR-1033;2004-01-16;M;PS5;12;0;3000;Card;Dota 2;4.0;0
SESS-14067;2026-08-03 00:06:40;USR-1331;2005-03-22;F;Standard;2;320;200;Cash;Deadlock;5.0;0
SESS-13272;2026-08-01 15:07:49;USR-1114;2010-02-05;M;Bootcamp;5;0;675;Cash;Minecraft;;1
SESS-11081;2026-08-07 13:04:43;USR-1106;2007-05-17;F;Standard;1;120;100;Cash;Apex Legends;;0
SESS-12911;2026-08-15 02:10:04;USR-1582;1998-10-12;M;PS5;2;800;500;Card;Deadlock;5.0;0
SESS-10616;2026-08-26 19:57:57;USR-1608;2012-09-08;M;Standard;3;0;300;;Minecraft;;0
SESS-12181;2026-08-10 08:36:25;USR-1090;1989-07-13;F;Bootcamp;1;420;150;Cash;Cyberpunk 2077;;0
SESS-10890;2026-08-15 22:17:30;USR-1713;2012-07-20;M;Standard;8;480;800;Cash;Deadlock;;0
SESS-11422;2026-08-14 16:24:37;USR-1087;2005-04-04;M;VIP;2;0;400;Cash;CS2;;0
SESS-14738;2026-08-14 15:55:20;USR-1536;2005-02-23;F;Bootcamp;4;658;540;Card;CS2;4.0;1
SESS-14399;2026-08-25 14:03:31;USR-1088;2007-06-21;F;Standard;12;2688;1080;Cash;GTA V;;1
SESS-11252;2026-08-13 14:42:30;USR-1389;2007-02-07;M;VIP;4;720;800;App;Dota 2;;0
SESS-14157;2026-08-31 21:04:28;USR-1002;2004-11-16;F;Standard;2;240;200;Card;Deadlock;2.0;0
SESS-13560;2026-08-28 19:14:33;USR-1425;2008-06-18;M;VIP;2;0;400;App;PUBG;;0
SESS-13706;2026-08-01 14:52:06;USR-1148;2002-11-01;M;VIP;2;320;400;Card;Dota 2;;0
SESS-11317;2026-08-19 02:02:03;USR-1100;2003-03-23;M;VIP;4;1106;720;Card;Valorant;4.5;1
SESS-10691;2026-08-26 12:34:11;USR-1083;1998-11-16;M;PS5;1;480;250;App;Browser/Work;;0
SESS-14412;2026-08-19 16:08:47;USR-1530;2006-04-19;M;Bootcamp;5;480;750;App;Dota 2;4.5;0
SESS-10056;2026-08-03 11:17:54;USR-1091;2004-06-20;F;Standard;3;240;300;App;Dota 2;;0
SESS-10797;2026-08-27 18:50:09;USR-1272;2003-06-28;M;PS5;3;0;750;Card;CS2;;0
SESS-13879;2026-08-04 21:18:53;USR-1546;2003-06-23;M;Standard;2;0;200;App;Deadlock;;0
SESS-12180;2026-08-09 14:20:04;USR-1056;1997-07-15;M;VIP;1;420;200;Card;GTA V;;0
SESS-10079;2026-08-28 15:08:40;USR-1066;2002-11-13;M;Bootcamp;2;470;300;Cash;Dota 2;4.0;0
SESS-10934;2026-08-01 18:04:00;USR-1178;2006-09-19;M;Standard;3;240;300;App;Dota 2;;0
SESS-11390;2026-08-31 11:43:22;USR-1123;2005-11-01;M;Bootcamp;2;240;300;Card;PUBG;4.0;0
SESS-15055;2026-08-08 18:15:19;USR-1383;2008-04-01;M;VIP;4;0;800;Cash;Valorant;;0
SESS-11193;2026-08-03 21:17:29;USR-1510;2004-10-04;M;Standard;2;0;200;Cash;Valorant;;0
SESS-14736;2026-08-14 18:19:32;USR-1145;2008-09-12;F;VIP;5;1232;900;Card;Cyberpunk 2077;5.0;1
SESS-12925;2026-08-11 23:38:57;USR-1119;2012-02-02;M;Bootcamp;8;896;1080;App;Dota 2;;1
SESS-13599;2026-08-08 11:09:07;USR-1101;2002-07-27;F;Standard;3;672;270;Card;Deadlock;4.0;1
SESS-12078;2026-08-12 14:17:57;USR-1605;2004-10-02;M;PS5;2;320;500;Cash;CS2;3.0;0
SESS-14816;2026-08-31 14:22:12;USR-1437;1992-02-27;F;Standard;3;540;300;Card;GTA V;;0
SESS-14937;2026-08-16 14:38:30;USR-1149;1996-01-09;F;Standard;4;0;400;App;GTA V;4.5;0
SESS-12112;2026-08-04 17:13:19;USR-1233;2010-11-15;M;Standard;3;0;300;App;Minecraft;;0
SESS-14041;2026-08-23 21:34:29;USR-1338;2004-01-16;M;Standard;2;0;200;Card;Dota 2;;0
SESS-12958;2026-08-26 11:10:33;USR-1167;2006-11-10;M;Bootcamp;2;470;300;Cash;Apex Legends;;0
SESS-10211;2026-08-08 16:49:57;USR-1147;1991-11-27;M;Standard;2;240;200;Card;Cyberpunk 2077;;0
SESS-15014;2026-08-19 18:17:30;USR-1029;2011-12-05;M;Standard;2;0;200;Cash;CS2;;0
SESS-13752;2026-08-31 20:06:56;USR-1322;2002-10-04;F;VIP;2;390;400;Card;CS2;;0
SESS-11988;2026-08-02 18:28:16;USR-1635;2006-11-16;F;Standard;5;0;450;Card;CS2;4.5;1
SESS-10611;2026-08-08 15:58:40;USR-1058;2011-10-04;M;PS5;3;240;750;Card;Deadlock;;0
SESS-13846;2026-08-09 17:40:12;USR-1515;1997-04-14;M;Bootcamp;4;630;600;Card;Cyberpunk 2077;4.5;0
SESS-14140;2026-08-04 00:33:50;USR-1089;2003-05-03;M;Standard;8;0;800;Card;CS2;5.0;0
SESS-13654;2026-08-23 15:36:44;USR-1031;2008-04-25;M;Standard;2;160;200;App;GTA V;;0
SESS-13664;2026-08-30 16:36:53;USR-1623;1995-07-16;M;VIP;3;0;600;Card;Cyberpunk 2077;;0
SESS-14610;2026-08-13 21:47:23;USR-1791;2010-05-13;F;Standard;3;0;270;Cash;CS2;4.5;1
SESS-11640;2026-08-07 09:59:35;USR-1026;2006-05-04;M;Standard;3;336;270;Card;Dota 2;;1
SESS-13585;2026-08-22 15:54:53;USR-1540;2006-02-11;M;Bootcamp;3;630;450;App;Dota 2;;0
SESS-13338;2026-08-23 00:36:00;USR-1702;2008-11-05;M;VIP;8;1106;1440;Card;CS2;;1
SESS-12544;2026-08-20 21:57:19;USR-1784;2007-03-26;M;Bootcamp;3;616;405;Card;Valorant;;1
SESS-13415;2026-08-27 23:47:38;USR-1440;2010-12-15;M;Bootcamp;8;0;1200;App;Dota 2;5.0;0
SESS-12943;2026-08-14 13:26:11;USR-1584;2006-10-04;M;VIP;3;630;600;Card;CS2;;0
SESS-14076;2026-08-15 18:01:46;USR-1728;1993-08-27;M;Standard;1;120;100;Card;Valorant;2.0;0
SESS-10527;2026-08-13 13:15:14;USR-1053;2010-07-19;M;PS5;2;160;500;Card;Valorant;;0
SESS-11739;2026-08-24 16:19:45;USR-1147;1991-11-27;M;VIP;4;1150;800;Card;CS2;5.0;0
SESS-11996;2026-08-10 19:44:11;USR-1159;2011-04-10;M;Standard;2;120;200;Cash;Minecraft;;0
SESS-12971;2026-08-31 00:59:37;USR-1541;2005-11-07;M;Standard;5;600;500;Card;Dota 2;3.0;0
SESS-13684;2026-08-24 17:39:46;USR-1640;1989-07-05;M;VIP;1;480;200;Card;Dota 2;4.5;0
SESS-14504;2026-08-09 16:23:32;USR-1069;2004-02-20;M;Bootcamp;2;0;300;Card;Valorant;;0
SESS-12162;2026-08-20 04:20:33;USR-1067;2009-11-26;M;Bootcamp;3;180;450;App;Dota 2;4.0;0
SESS-11099;2026-08-03 18:02:08;USR-1143;2007-05-26;M;Standard;4;0;400;Card;Dota 2;;0
SESS-10309;2026-08-28 19:27:13;USR-1161;2004-11-12;M;Standard;3;360;300;Card;CS2;4.5;0
SESS-12755;2026-08-05 09:16:24;USR-1042;2004-05-10; F ;Standard;2;0;200;Card;Deadlock;;0
SESS-11501;2026-08-09 19:00:54;USR-1037;2008-05-17;F;VIP;12;0;2160;Cash;Valorant;4.5;1
SESS-15022;2026-08-07 09:40:45;USR-1326;2012-01-05;M;Standard;1;60;100;App;Dota 2;;0
SESS-14908;2026-08-23 18:15:47;USR-1095;1997-11-18;M;Standard;2;0;200;Card;CS2;;0
SESS-11277;2026-08-02 12:25:03;USR-1082;2007-12-15;F;VIP;2;0;400;Card;Dota 2;;0
SESS-14131;2026-08-21 15:23:24;USR-1007;2009-09-04;M;Standard;2;0;200;App;CS2;4.5;0
SESS-12117;2026-08-30 15:35:57;USR-1619;1989-11-18;F;VIP;2;650;400;Card;Cyberpunk 2077;;0
SESS-13282;2026-08-22 11:44:17;USR-1741;2004-07-22;M;PS5;1;0;250;Card;CS2;5.0;0
SESS-14675;2026-08-31 10:25:06;USR-1302;2005-05-02;F;Bootcamp;1;0;150;Card;Deadlock;;0
SESS-14989;2026-08-19 17:21:18;USR-1144;2009-09-12;M; standard ;8;0;800;Cash;Dota 2;4.0;0
SESS-14211;2026-08-25 11:06:13;USR-1414;2004-12-19;F;Standard;3;0;300;App;Dota 2;4.0;0
SESS-14982;2026-08-15 16:24:05;USR-1213;1997-02-16;F;PS5;2;0;500;Card;CS2;;0
SESS-12655;2026-08-07 16:04:19;USR-1084;1999-10-26;M;Standard;1;120;100;Card;PUBG;4.5;0
SESS-15033;2026-08-15 12:55:07;USR-1105;1994-09-17;M;Bootcamp;2;650;300;Card;CS2;;0
SESS-11044;2026-08-09 15:31:00;USR-1702;2008-11-05;M;Standard;2;0;200;Card;Valorant;4.5;0
SESS-10719;2026-08-30 18:48:15;USR-1065;1997-11-13;M;Bootcamp;3;0;405;Card;Cyberpunk 2077;4.5;1
SESS-11589;2026-08-22 05:46:05;USR-1579;2004-01-19;M;Bootcamp;1;240;150;App;Dota 2;;0
SESS-12955;2026-08-27 14:39:49;USR-1028;2005-10-03;M;Standard;3;0;300;Card;Deadlock;;0
SESS-12895;2026-08-29 00:06:42;USR-1019;2004-08-06;M;Bootcamp;8;2001;1080;Card;Apex Legends;4.5;1
SESS-12090;2026-08-16 00:56:45;USR-1660;2008-08-15;M;Standard;8;0;720;Card;Dota 2;5.0;1
SESS-13354;2026-08-27 23:44:35;USR-1004;2011-09-09;M;Standard;8;0;800;Cash;Dota 2;2.0;0
SESS-14456;2026-08-14 20:17:44;USR-1641;2003-08-01;M;VIP;2;0;400;Card;CS2;;0
SESS-10111;2026-08-23 12:50:14;USR-1503;2011-02-08;M;Standard;8;0;720;Card;CS2;;1
SESS-12430;2026-08-08 21:53:58;USR-1376;2004-04-12;F;Bootcamp;1;240;150;Card;CS2;;0
SESS-13155;2026-08-08 14:31:01;USR-1000;2007-12-12;M;Standard;2;240;200;Card;CS2;4.0;0
SESS-11246;2026-08-30 15:45:58;USR-1475;2009-02-19;M;Standard;5;280;450;Cash;Deadlock;4.5;1
SESS-13882;2026-08-29 20:45:04;USR-1743;2009-09-28;M;Bootcamp;3;120;450;App;CS2;5.0;0
SESS-14987;2026-08-25 23:32:14;USR-1770;2010-09-26;M;Standard;8;640;800;Cash;CS2;4.5;0
SESS-10728;2026-08-14 20:17:52;USR-1191;2010-09-25;M;Standard;3;120;300;App;CS2;4.0;0
SESS-12130;2026-08-02 13:41:44;USR-1482;2012-12-10;M;Standard;3;240;300;App;CS2;;0
SESS-14008;2026-08-09 21:41:27;USR-1151;2004-10-09;M;Standard;3;360;300;Cash;Dota 2;4.0;0
SESS-10152;2026-08-07 13:31:07;USR-1079;2007-12-07;M;Standard;3;480;300;Card;CS2;3.0;0
SESS-14090;2026-08-31 02:18:31;USR-1575;2010-03-05;M;Bootcamp;2;0;300;Cash;Minecraft;;0
SESS-14464;2026-08-17 22:26:02;USR-1204;2006-09-20;M;Standard;3;480;300;App;Deadlock;4.5;0
SESS-12708;2026-08-13 11:15:20;USR-1127;1997-11-22;M;VIP;1;0;200;Card;PUBG;;0
SESS-10168;2026-08-07 20:28:00;USR-1440;2010-12-15;M;Bootcamp;4;0;600;App;Dota 2;;0
SESS-14588;2026-08-23 20:21:10;USR-1145;2008-09-12;F;Bootcamp;2;470;300;Card;Dota 2;;0
SESS-14208;2026-08-22 11:04:19;USR-1462;2001-05-13;F;PS5;1;120;250;Card;CS2;2.0;0
SESS-11821;2026-08-02 20:07:02;USR-1259;2001-01-11;M;VIP;4;882;720;Card;Dota 2;4.0;1
SESS-10775;2026-08-05 14:55:31;USR-1429;2011-06-24;F;Standard;3;251;270;App;CS2;5.0;1
SESS-13978;2026-08-06 18:30:10;USR-1330;2003-11-27;M;Bootcamp;3;0;450;App;Dota 2;;0
SESS-10574;2026-08-23 16:12:50;USR-1424;2004-11-14;M;Standard;4;896;360;Card;CS2;4.5;1
SESS-10339;2026-08-21 21:50:59;USR-1100;2003-03-23;M;Bootcamp;3;448;405;App;CS2;;1
SESS-10634;2026-08-23 18:11:52;USR-1105;1994-09-17;M;Standard;3;360;300;Card;Dota 2;3.0;0
SESS-14290;2026-08-09 12:11:33;USR-1138;2005-08-06;M;PS5;2;0;500;Cash;CS2;;0
SESS-14852;2026-08-01 10:30:41;USR-1159;2011-04-10;M;Standard;1;0;100;Cash;CS2;2.0;0
SESS-14325;2026-08-07 21:51:28;USR-1084;1999-10-26;M;Bootcamp;2;390;300;Card;GTA V;;0
SESS-12700;2026-08-15 11:09:42;USR-1659;2002-10-23;F;Standard;2;160;200;Card;CS2;;0
SESS-10756;2026-08-22 15:03:27;USR-1062;1990-06-18;F;Standard;2;700;180;Card;PUBG;;1
SESS-12552;2026-08-25 18:29:21;USR-1442;2006-07-09;M;VIP;2;390;400;Card;Dota 2;;0
SESS-10099;2026-08-23 07:23:12;USR-1406;2008-06-24;M;VIP;2;546;360;Card;Dota 2;;1
SESS-12211;2026-08-02 19:27:56;USR-1201;2003-08-06;M;Standard;4;672;360;Card;Dota 2;4.5;1
SESS-12324;2026-08-15 09:34:49;USR-1108;1991-01-03;M;Bootcamp;1;270;150;Card;Dota 2;;0
SESS-11437;2026-08-23 00:46:15;USR-1500;2006-05-26;M;Standard;5;0;500;Card;CS2;4.5;0
SESS-10310;2026-08-18 20:19:40;USR-1024;2008-05-04;M;Standard;4;0;360;Card;Valorant;;1
SESS-12572;2026-08-19 16:47:55;USR-1144;2009-09-12;M;Bootcamp;1;60;150;Cash;Minecraft;;0
SESS-11647;2026-08-10 16:25:19;USR-1506;2009-07-07;M;Standard;1;40;100;App;Dota 2;5.0;0
SESS-14050;2026-08-13 19:57:34;USR-1066;2002-11-13;M;Bootcamp;2;470;300;Card;Dota 2;;0
SESS-11232;2026-08-30 14:40:23;USR-1575;2010-03-05;M;VIP;4;0;720;App;Valorant;3.0;1
SESS-10850;2026-08-09 12:49:03;USR-1123;2005-11-01;M;Bootcamp;2;336;270;Card;Apex Legends;4.5;1
SESS-10777;2026-08-02 13:48:43;USR-1346;2007-06-19;M;Standard;12;0;1080;Card;Dota 2;4.5;1
SESS-13781;2026-08-23 02:48:20;USR-1513;2008-05-21;M;Standard;4;448;360;App;Dota 2;;1
SESS-14951;2026-08-21 12:54:07;USR-1526;2006-08-16;F;Bootcamp;3;0;450;Card;CS2;;0
SESS-12856;2026-08-11 17:55:36;USR-1726;1997-07-05;M;Standard;3;750;300;Cash;PUBG;;0
SESS-13883;2026-08-19 20:34:44;USR-1107;2004-12-19;M;Standard;4;0;400;Card;Dota 2;;0
SESS-12852;2026-08-24 22:59:41;USR-1742;2009-03-02;M;Standard;8;0;800;Card;Valorant;1.0;0
SESS-12445;2026-08-21 15:30:21;USR-1193;1995-06-05;M;VIP;1;270;200;App;Cyberpunk 2077;3.0;0
SESS-10592;2026-08-06 17:35:33;USR-1651;2011-12-18;M;Standard;2;80;200;Cash;Dota 2;4.0;0
SESS-12105;2026-08-24 12:50:09;USR-1102;1997-01-21;M;VIP;2;800;400;Cash;Dota 2;;0
SESS-14135;2026-08-21 03:24:38;USR-1400;1996-03-14;M;PS5;2;0;500;Card;Cyberpunk 2077;;0
SESS-13044;2026-08-08 14:43:07;USR-1214;1997-09-04;M;Bootcamp;2;0;300;App;Cyberpunk 2077;4.0;0
SESS-11082;2026-08-08 16:42:14;USR-1087;2005-04-04;M;Standard;1;0;100;App;Deadlock;;0
SESS-12254;2026-08-28 20:13:37;USR-1321;2012-12-17;M;PS5;3;0;750;Cash;Minecraft;;0
SESS-15122;2026-08-01 22:29:47;USR-1729;2010-06-23;M;Standard;8;672;720;App;Minecraft;;1
SESS-12994;2026-08-22 10:47:33;USR-1249;1999-09-16;F;Standard;5;1260;450;Card;CS2;4.0;1
SESS-11279;2026-08-07 15:00:10;USR-1128;2010-09-14;M;Bootcamp;2;160;300;App;Minecraft;4.5;0
SESS-11439;2026-08-21 10:46:53;USR-1005;1997-11-25;F;PS5;5;2170;1125;Card;CS2;5.0;1
SESS-10896;2026-08-14 19:54:48;USR-1262;2007-08-06;M;Bootcamp;2;0;270;Card;Deadlock;;1
SESS-14117;2026-08-24 18:30:20;USR-1367;1991-09-18;M;Standard;4;0;400;Card;Cyberpunk 2077;;0
SESS-11907;2026-08-02 17:56:22;USR-1063;2005-06-25;M;PS5;5;800;1250;App;Apex Legends;;0
SESS-10824;2026-08-31 11:20:59;USR-1073;2003-06-06;M;PS5;4;0;1000;App;CS2;;0
SESS-10696;2026-08-06 20:51:56;USR-1012;2005-04-17;M;VIP;3;0;600;Cash;Dota 2;;0
SESS-12498;2026-08-19 16:40:21;USR-1710;2006-10-16;M;Bootcamp;2;400;300;Card;Dota 2;;0
SESS-15079;2026-08-29 19:24:16;USR-1133;2004-12-12;M;Standard;2;160;200;Card;CS2;4.0;0
SESS-13438;2026-08-09 16:07:50;USR-1091;2004-06-20;F;Standard;12;1440;1200;Cash;Deadlock;3.0;0
SESS-13820;2026-08-30 13:16:58;USR-1152;2006-10-26;M;Standard;1;80;100;Card;Valorant;;0
SESS-11847;2026-08-19 10:35:54;USR-1349;1996-01-10;M;PS5;3;900;750;Card;Dota 2;;0
SESS-13840;2026-08-14 13:07:17;USR-1153;2006-01-07;M;Standard;2;0;200;App;Dota 2;;0
SESS-12015;2026-08-12 22:34:57;USR-1252;1998-02-10;M;Bootcamp;5;0;750;Card;Cyberpunk 2077;3.0;0
SESS-12173;2026-08-30 12:58:55;USR-1154;2008-09-01;M;Standard;2;160;200;Card;CS2;4.0;0
SESS-12832;2026-08-14 23:45:22;USR-1434;2005-08-03;M;Bootcamp;8;0;1200;Card;CS2;4.0;0
SESS-11909;2026-08-29 20:14:56;USR-1474;2003-03-19;M;Standard;5;0;500;App;CS2;;0
SESS-14543;2026-08-05 16:41:19;USR-1348;2009-01-23;M;Standard;4;0;400;Cash;Deadlock;4.0;0
SESS-14345;2026-08-04 22:06:51;USR-1650;2004-06-28;M;PS5;8;0;2000;App;Apex Legends;;0
SESS-14044;2026-08-23 17:45:27;USR-1470;2002-11-07;M;Standard;1;80;100;App;CS2;;0
SESS-12953;2026-08-14 22:02:05;USR-1355;2007-05-01;M;Standard;8;0;800;Card;Dota 2;;0
SESS-14592;2026-08-07 15:04:22;USR-1770;2010-09-26;M;Standard;1;0;100;App;Valorant;4.5;0
SESS-11838;2026-08-18 13:34:42;USR-1038;2005-04-06;F;Standard;4;0;360;App;Dota 2;;1
SESS-11029;2026-08-01 16:08:15;USR-1410;2009-08-25;M;Standard;1;0;100;App;Dota 2;;0
SESS-10350;2026-08-21 19:23:33;USR-1146;2011-04-21;M;Standard;3;0;270;App;Minecraft;;1
SESS-14730;2026-08-18 11:46:18;USR-1463;2007-09-18;M;Standard;3;480;300;App;CS2;;0
SESS-11409;2026-08-21 15:21:07;USR-1438;2003-07-01;M;VIP;3;0;540;Card;CS2;;1
SESS-12289;2026-08-06 18:30:22;USR-1107;2004-12-19;M;Bootcamp;2;240;300;Card;CS2;;0
SESS-12084;2026-08-28 17:23:05;USR-1147;1991-11-27;M;Standard;3;750;300;Card;Dota 2;;0
SESS-13373;2026-08-15 18:30:30;USR-1104;2009-06-16;M;Standard;5;0;500;App;CS2;4.0;0
SESS-14587;2026-08-15 11:10:30;USR-1067;2009-11-26;M;PS5;2;0;500;Cash;CS2;4.5;0
SESS-12819;2026-08-15 20:35:16;USR-1207;2007-02-06;F;Standard;3;360;300;Card;Dota 2;4.0;0
SESS-12797;2026-08-01 20:22:24;USR-1320;2009-04-26;M;Standard;2;0;200;App;Dota 2;;0
SESS-12566;2026-08-05 10:00:39;USR-1062;1990-06-18;F;PS5;1;330;250;Card;CS2;5.0;0
SESS-13371;2026-08-07 21:31:55;USR-1514;2009-08-08;M;PS5;1;0;250;App;CS2;;0
SESS-12334;2026-08-13 15:43:31;USR-1205;1990-02-10;F;PS5;3;965;675;Card;PUBG;4.0;1
SESS-11174;2026-08-16 16:45:29;USR-1621;1996-05-04;M;Standard;4;1000;400;Card;CS2;2.0;0
SESS-11831;2026-08-19 14:47:10;USR-1147;1991-11-27;M;Standard;1;0;100;Card;PUBG;;0
SESS-12948;2026-08-04 13:44:30;USR-1624;2009-06-09;M;Standard;12;0;1200;App;Deadlock;;0
SESS-13075;2026-08-07 17:46:06;USR-1508;2005-09-26;F;VIP;4;1007;720;Card;Dota 2;4.0;1
SESS-11014;2026-08-04 00:14:48;USR-1461;2006-04-14;M;Standard;5;0;500;App;Apex Legends;;0
SESS-10336;2026-08-16 07:09:07;USR-1121;2004-12-08;M;Standard;2;0;200;App;Valorant;;0
SESS-12167;2026-08-14 01:31:01;USR-1666;1996-10-13;F;PS5;8;1554;1800;App;GTA V;3.0;1
SESS-10558;2026-08-02 00:44:32;USR-1408;2010-04-23;M;Standard;8;672;720;App;Minecraft;;1
SESS-10906;2026-08-01 15:41:54;USR-1096;2004-01-06;M;VIP;8;2001;1440;Card;PUBG;4.0;1
SESS-10201;2026-08-09 07:46:29;USR-1708;1999-08-24;M;Standard;3;540;300;Card;PUBG;4.0;0
SESS-10737;2026-08-16 21:15:50;USR-1421;2008-12-22;F;PS5;1;80;250;Card;Valorant;;0
SESS-12127;2026-08-23 14:04:43;USR-1119;2012-02-02;M;Standard;2;0;200;Cash;Dota 2;5.0;0
SESS-11473;2026-08-25 14:15:33;USR-1125;2012-03-20;M;Standard;3;0;300;Card;CS2;;0
SESS-12447;2026-08-13 15:18:53;USR-1152;2006-10-26;M;Standard;4;0;400;Card;CS2;;0
SESS-12470;2026-08-02 18:39:44;USR-1005;1997-11-25;F;Standard;5;0;500;Card;CS2;;0
SESS-12244;2026-08-15 00:56:45;USR-1118;2006-06-28;M;VIP;8;1903;1440;Card;Valorant;4.5;1
SESS-14692;2026-08-28 17:11:28;USR-1152;2006-10-26;M;VIP;3;560;600;Card;Apex Legends;;0
SESS-11502;2026-08-09 13:41:42;USR-1080;2004-02-20;M;VIP;5;1330;900;Cash;CS2;1.0;1
SESS-12974;2026-08-28 13:56:38;USR-1501;1995-06-28;F;VIP;1;0;200;Card;GTA V;4.5;0
SESS-14129;2026-08-18 01:24:27;USR-1754;2010-04-04;M;Standard;5;0;500;App;Minecraft;4.0;0
SESS-10548;2026-08-27 18:12:38;USR-1278;2005-02-12;M;Standard;2;320;200;Card;CS2;4.0;0
SESS-15133;2026-08-24 15:53:00;USR-1630;2004-10-24;F;Bootcamp;2;240;300;Card;Valorant;4.5;0
SESS-12515;2026-08-21 16:20:29;USR-1795;2006-06-12;F;VIP;3;630;600;;Dota 2;;0
SESS-11350;2026-08-26 14:17:23;USR-1050;2002-06-22;M;Standard;1;0;100;Card;CS2;4.0;0
SESS-11021;2026-08-26 12:11:34;USR-1151;2004-10-09;M;Bootcamp;3;0;450;App;Dota 2;4.5;0
SESS-11887;2026-08-29 19:53:25;USR-1433;2006-12-10;M;Bootcamp;3;0;405;Card;Minecraft;3.0;1
SESS-12388;2026-08-15 18:03:41;USR-1554;2006-09-13;F;Standard;2;240;200;App;Dota 2;;0
SESS-13136;2026-08-23 17:36:58;USR-1147;1991-11-27;M;PS5;4;0;1000;Card;Cyberpunk 2077;;0
SESS-12542;2026-08-13 00:21:42;USR-1652;2006-05-12;M;PS5;8;960;2000;Card;Cyberpunk 2077;;0
SESS-12724;2026-08-23 01:40:23;USR-1151;2004-10-09;M;VIP;3;390;600;Cash;GTA V;;0
SESS-10474;2026-08-18 18:29:24;USR-1440;2010-12-15;M;Bootcamp;3;0;450;App;CS2;2.0;0
SESS-13918;2026-08-05 21:38:49;USR-1543;2011-02-13;M;Standard;2;80;200;App;Dota 2;;0
SESS-10507;2026-08-08 15:29:12;USR-1131;2006-04-21;M;PS5;4;672;900;Card;CS2;4.5;1
SESS-13347;2026-08-14 14:30:50;USR-1578;2005-10-26;M;Standard;2;320;200;Card;Deadlock;;0
SESS-11285;2026-08-02 16:55:48;USR-1075;2004-09-10;M;Standard;1;120;100;App;CS2;5.0;0
SESS-11034;2026-08-11 09:07:53;USR-1026;2006-05-04;M;Bootcamp;3;0;450;App;Deadlock;;0
SESS-14427;2026-08-13 09:25:54;USR-1793;2006-09-24;M;Bootcamp;2;0;300;Card;CS2;;0
SESS-12303;2026-08-24 22:07:48;USR-1797;2007-03-19;M;VIP;8;0;1600;App;CS2;;0
SESS-13291;2026-08-30 22:15:30;USR-1057;2011-11-08;M;Standard;8;0;800;Cash;Deadlock;5.0;0
SESS-10619;2026-08-19 22:50:52;USR-1268;2008-03-05;M;Standard;8;0;800;Card;PUBG;;0
SESS-13769;2026-08-06 15:07:18;USR-1758;2006-01-14;F;Bootcamp;1;160;150;App;Dota 2;;0
SESS-13204;2026-08-12 21:57:43;USR-1547;2007-01-14;M;Bootcamp;4;784;540;App;CS2;;1
SESS-11355;2026-08-22 04:24:20;USR-1338;2004-01-16;M;VIP;1;310;200;Card;CS2;;0
SESS-13699;2026-08-23 17:25:35;USR-1083;1998-11-16;M;PS5;3;0;750;App;CS2;4.0;0
SESS-10813;2026-08-08 14:49:03;USR-1042;2004-05-10;F;Standard;12;0;1200;Card;Dota 2;4.0;0
SESS-12694;2026-08-30 18:36:32;USR-1560;2011-05-15;M;Standard;4;0;400;Card;Deadlock;2.0;0
SESS-10596;2026-08-29 13:46:27;USR-1157;2009-12-23;M;Bootcamp;2;0;270;Cash;CS2;5.0;1
SESS-12733;2026-08-24 23:24:32;USR-1044;2010-12-22;F;Standard;5;400;500;Cash;Minecraft;;0
SESS-14340;2026-08-11 19:20:58;USR-1027;2010-09-10;M;Standard;2;80;200;Card;Dota 2;4.5;0
SESS-10141;2026-08-02 09:53:50;USR-1294;2011-04-24;M;Standard;1;0;100;App;Valorant;;0
SESS-13588;2026-08-23 17:57:32;USR-1570;2007-04-04;M;Standard;2;320;200;Card;CS2;;0
SESS-13893;2026-08-22 02:30:29;USR-1386;2009-03-10;M;Standard;3;180;300;App;Deadlock;;0
SESS-12302;2026-08-29 13:51:50;USR-1085;2004-10-02;M;PS5;1;160;250;Card;CS2;5.0;0
SESS-13561;2026-08-22 16:19:07;USR-1119;2012-02-02;M;Standard;1;0;100;App;Minecraft;;0
SESS-12393;2026-08-03 15:29:53;USR-1533;2004-07-09;M;VIP;4;784;720;Card;Dota 2;;1
SESS-13562;2026-08-06 18:22:26;USR-1759;2006-08-24;M;Standard;3;0;300;Card;CS2;;0
SESS-10779;2026-08-25 15:02:40;USR-1286;2001-02-12;M;Bootcamp;8;0;1200;Card;PUBG;3.0;0
SESS-14390;2026-08-27 20:04:24;USR-1255;2005-11-25;M;Standard;2;0;200;App;Valorant;4.0;0
SESS-13234;2026-08-29 14:40:41;USR-1724;2006-08-04;M;Standard;4;320;400;Card;Valorant;4.5;0
SESS-14198;2026-08-12 08:05:41;USR-1048;2012-12-04;M;VIP;1;60;200;Card;CS2;;0
SESS-12483;2026-08-13 11:34:40;USR-1302;2005-05-02;F;VIP;2;0;400;App;CS2;;0
SESS-12547;2026-08-19 21:36:57;USR-1685;2006-04-09;M;Standard;4;480;400;App;CS2;;0
SESS-13721;2026-08-03 22:05:41;USR-1362;2001-07-13;M;Standard;12;0;1200;App;Deadlock;1.0;0
SESS-12712;2026-08-07 18:11:34;USR-1041;2010-09-17;M;ps5;4;0;360;App;Minecraft;5.0;1
SESS-12137;2026-08-14 19:28:30;USR-1086;1997-03-17;F;Standard;1;120;100;Card;PUBG;;0
SESS-13947;2026-08-19 15:06:47;USR-1361;1988-10-01;M;VIP;4;630;800;Card;Browser/Work;;0
SESS-11568;2026-08-29 10:11:12;USR-1551;2004-12-14;F;Bootcamp;8;790;1200;Card;CS2;3.0;0
SESS-10118;2026-08-07 20:25:13;USR-1060;1996-01-13;F;VIP;5;1550;1000;Card;Cyberpunk 2077;4.5;0
SESS-10836;2026-08-11 14:21:46;USR-1000;2007-12-12;M;Standard;3;336;270;App;Valorant;;1
SESS-13277;2026-08-21 14:40:30;USR-1670;2000-10-25;M;Bootcamp;1;270;150;Card;PUBG;4.5;0
SESS-12698;2026-08-15 08:29:34;USR-1587;2007-10-16;M;VIP;3;882;540;Card;CS2;;1
SESS-10893;2026-08-28 13:08:36;USR-1066;2002-11-13;M;VIP;2;400;400;Card;Dota 2;;0
SESS-10289;2026-08-15 15:50:28;USR-1620;2009-02-13;M;Standard;5;0;450;Card;Minecraft;4.5;1
SESS-12851;2026-08-23 21:58:13;USR-1081;2006-01-23;M;VIP;1;0;200;Card;Dota 2;;0
SESS-13891;2026-08-07 19:20:31;USR-1127;1997-11-22;M;Standard;2;240;200;Card;Browser/Work;;0
SESS-13184;2026-08-25 14:40:47;USR-1691;2003-02-07;M;VIP;12;2800;2160;Card;CS2;;1
SESS-14632;2026-08-02 18:57:48;USR-1700;2006-11-16;F;Bootcamp;2;0;300;Card;CS2;;0
SESS-13504;2026-08-01 02:30:09;USR-1127;1997-11-22;M;PS5;4;0;1000;Card;CS2;3.0;0
SESS-11553;2026-08-22 18:27:32;USR-1251;2005-03-05;M;Standard;4;0;400;App;CS2;4.5;0
SESS-13152;2026-08-28 17:54:38;USR-1397;2004-08-16;M;Standard;2;160;200;Card;Minecraft;;0
SESS-11449;2026-08-25 09:44:34;USR-1041;2010-09-17;M; standard ;4;0;400;App;GTA V;4.5;0
SESS-10754;2026-08-07 22:49:23;USR-1194;2005-12-26;M;Standard;8;0;800;Card;CS2;;0
SESS-13259;2026-08-21 01:33:57;USR-1048;2012-12-04;M;Standard;8;320;800;Cash;Minecraft;5.0;0
SESS-13942;2026-08-27 10:09:26;USR-1143;2007-05-26;M;VIP;4;0;720;Card;PUBG;;1
SESS-11291;2026-08-26 07:41:08;USR-1065;1997-11-13;M;Standard;3;0;300;App;PUBG;;0
SESS-15016;2026-08-26 16:46:34;USR-1065;1997-11-13;M;Bootcamp;2;510;300;App;CS2;3.0;0
SESS-11992;2026-08-29 17:12:24;USR-1627;2000-03-26;M;Standard;5;0;500;Card;Cyberpunk 2077;;0
SESS-13564;2026-08-31 15:13:43;USR-1734;2009-03-12;M;VIP;4;160;800;App;Minecraft;4.5;0
SESS-12564;2026-08-12 15:53:53;USR-1128;2010-09-14;M;Standard;2;160;200;Cash;Valorant;4.5;0
SESS-10936;2026-08-10 11:53:02;USR-1453;2004-02-15;F;Bootcamp;12;0;1800;Card;Dota 2;;0
SESS-13967;2026-08-08 16:40:37;USR-1248;2000-06-07;F;Standard;2;500;200;Card;Cyberpunk 2077;;0
SESS-11185;2026-08-15 21:39:23;USR-1585;1998-04-16;M;Standard;5;1250;500;Card;GTA V;3.0;0
SESS-10617;2026-08-14 19:25:40;USR-1794;2011-09-16;M;Bootcamp;4;320;600;App;Dota 2;5.0;0
SESS-11908;2026-08-11 11:35:25;USR-1222;2012-07-14;M;Bootcamp;4;0;600;Card;Valorant;4.5;0
SESS-10987;2026-08-16 01:44:39;USR-1040;1999-04-03;M;Bootcamp;12;0;1800;Card;GTA V;3.0;0
SESS-14331;2026-08-20 22:55:45;USR-1015;2009-09-15;M;VIP;3;240;600;Card;Deadlock;4.5;0
SESS-13187;2026-08-05 13:05:42;USR-1065;1997-11-13;M;Bootcamp;3;690;450;Card;CS2;4.5;0
SESS-14125;2026-08-12 19:24:05;USR-1055;2009-07-20;M;Standard;2;224;180;App;Deadlock;;1
SESS-13930;2026-08-13 22:55:49;USR-1084;1999-10-26;M;Standard;12;0;1080;Card;Browser/Work;;1
SESS-12845;2026-08-11 20:36:08;USR-1767;2006-12-04;M;PS5;1;80;250;Card;CS2;;0
SESS-10377;2026-08-23 03:02:27;USR-1093;2003-03-25;M;Bootcamp;1;160;150;Card;Valorant;;0
SESS-11880;2026-08-09 17:40:50;USR-1105;1994-09-17;M;Standard;2;0;200;Card;CS2;;0
SESS-10753;2026-08-31 22:14:18;USR-1055;2009-07-20;M;Standard;5;0;500;Cash;Dota 2;5.0;0
SESS-12914;2026-08-08 06:19:55;USR-1059;2012-05-14;M;Standard;1;80;100;Cash;Valorant;;0
SESS-14714;2026-08-27 19:42:59;USR-1071;2004-05-19;F;VIP;2;0;400;Card;Apex Legends;;0
SESS-11684;2026-08-28 20:07:29;USR-1355;2007-05-01;M;Standard;5;0;450;Card;Valorant;4.0;1
SESS-12276;2026-08-11 08:11:11;USR-1696;2006-01-19;M;Standard;3;0;300;Cash;Deadlock;;0
SESS-12164;2026-08-06 17:22:10;USR-1777;2005-09-08;M;Standard;2;0;200;App;Deadlock;;0
SESS-13495;2026-08-26 01:45:20;USR-1064;1999-11-15;M;Bootcamp;8;2150;1200;Card;Cyberpunk 2077;4.5;0
SESS-13933;2026-08-15 14:37:10;USR-1164;2008-06-14;M;PS5;3;360;750;Card;Dota 2;;0
SESS-10902;2026-08-24 12:10:47;USR-1104;2009-06-16;M;Standard;3;0;300;Card;Minecraft;;0
SESS-12747;2026-08-11 18:01:10;USR-1043;2005-09-15;M;PS5;8;640;2000;Card;Deadlock;4.0;0
SESS-11678;2026-08-27 11:42:12;USR-1090;1989-07-13;F;Bootcamp;1;270;150;Card;Dota 2;;0
SESS-11172;2026-08-17 01:49:31;USR-1770;2010-09-26;M;VIP;5;300;1000;Card;Minecraft;5.0;0
SESS-13568;2026-08-06 15:45:30;USR-1072;2007-05-10;M;Standard;3;480;300;Card;Valorant;4.0;0
SESS-13724;2026-08-30 17:09:01;USR-1080;2004-02-20;M;Bootcamp;2;0;300;Card;Dota 2;;0
SESS-10119;2026-08-09 18:53:29;USR-1016;1989-08-17;F;VIP;3;510;600;Card;Cyberpunk 2077;4.5;0
SESS-14828;2026-08-28 20:49:02;USR-1121;2004-12-08;M;Standard;3;0;300;Cash;Apex Legends;4.5;0
SESS-10227;2026-08-29 20:22:54;USR-1040;1999-04-03;M;Bootcamp;2;0;300;Card;GTA V;;0
SESS-10346;2026-08-30 01:15:53;USR-1535;1994-02-15;M;VIP;12;3150;2400;Card;Dota 2;;0
SESS-10953;2026-08-21 11:08:28;USR-1279;2009-04-12;M;Standard;4;0;400;Cash;CS2;;0
SESS-13708;2026-08-18 16:41:30;USR-1155;2007-01-07;M;Standard;2;320;200;Card;Valorant;;0
SESS-13830;2026-08-18 16:30:15;USR-1306;2005-02-02;M;PS5;4;672;900;App;Dota 2;;1
SESS-12625;2026-08-27 14:37:44;USR-1072;2007-05-10;M;Standard;5;0;500;Card;CS2;5.0;0
SESS-14101;2026-08-08 02:51:28;USR-1479;1995-10-20;M;VIP;4;1610;720;Card;CS2;4.5;1
SESS-14263;2026-08-02 19:46:34;USR-1219;2011-05-09;M;Standard;3;0;270;Cash;GTA V;4.5;1
SESS-10524;2026-08-22 19:04:21;USR-1097;2007-12-12;M;Standard;2;320;200;App;Dota 2;4.0;0
SESS-14697;2026-08-03 14:39:26;USR-1544;1993-05-10;M;VIP;5;1470;900;Card;PUBG;4.0;1
SESS-11523;2026-08-10 20:28:51;USR-1153;2006-01-07;M;Standard;3;240;300;Cash;Dota 2;;0
SESS-11840;2026-08-20 17:35:02;USR-1769;1999-02-01;M;PS5;1;400;250;Card;PUBG;4.0;0
SESS-14049;2026-08-12 11:59:57;USR-1093;2003-03-25;M;Bootcamp;3;440;450;Card;CS2;;0
SESS-13635;2026-08-16 15:05:36;USR-1510;2004-10-04;M;Standard;2;320;200;Card;Dota 2;;0
SESS-14137;2026-08-30 18:23:48;USR-1141;1990-05-13;M;VIP;3;690;600;Card;CS2;5.0;0
SESS-12806;2026-08-30 13:15:58;USR-1307;1992-06-08;M;Bootcamp;3;1050;450;Card;Cyberpunk 2077;4.0;0
SESS-14880;2026-08-03 23:52:42;USR-1587;2007-10-16;M;Standard;5;0;500;Cash;CS2;;0
SESS-10510;2026-08-23 18:44:26;USR-1608;2012-09-08;M;Bootcamp;1;80;150;Cash;CS2;;0
SESS-14155;2026-08-07 02:54:45;USR-1514;2009-08-08;M;VIP;2;0;400;App;CS2;;0
SESS-13997;2026-08-21 18:18:08;USR-1114;2010-02-05;M;Standard;2;0;200;Cash;CS2;;0
SESS-14629;2026-08-05 11:06:49;USR-1121;2004-12-08;M;Bootcamp;3;510;450;Card;CS2;4.5;0
SESS-11362;2026-08-25 23:15:45;USR-1320;2009-04-26;M;Standard;12;0;1200;App;Deadlock;;0
SESS-13540;2026-08-01 02:59:01;USR-1088;2007-06-21;F;Bootcamp;1;0;150;App;Dota 2;;0
SESS-13131;2026-08-15 17:08:37;USR-1075;2004-09-10;M;VIP;2;0;400;Card;Dota 2;;0
SESS-14444;2026-08-14 19:25:03;USR-1098;2004-04-09;F;Standard;3;0;300;Card;Apex Legends;;0
SESS-14321;2026-08-10 00:14:19;USR-1527;2003-03-24;M;VIP;8;0;1600;Card;Deadlock;;0
SESS-10976;2026-08-28 01:01:23;USR-1262;2007-08-06;M;VIP;8;1040;1600;Card;Dota 2;5.0;0
SESS-11580;2026-08-16 19:46:31;USR-1058;2011-10-04;M;VIP;2;160;400;Cash;Valorant;;0
SESS-14917;2026-08-21 23:03:20;USR-1029;2011-12-05;M;Bootcamp;12;1344;1620;Card;CS2;;1
SESS-12432;2026-08-16 21:29:07;USR-1184;2005-03-22;M;Bootcamp;5;951;675;Card;Cyberpunk 2077;4.0;1
SESS-12996;2026-08-11 22:02:58;USR-1029;2011-12-05;M;Standard;5;200;500;App;Deadlock;4.0;0
SESS-12375;2026-08-17 13:19:40;USR-1060;1996-01-13;F;Standard;1;120;100;Cash;Dota 2;;0
SESS-14663;2026-08-05 14:25:00;USR-1108;1991-01-03;M;VIP;2;540;400;Card;Browser/Work;4.5;0
SESS-14654;2026-08-18 23:59:53;USR-1635;2006-11-16;F;Bootcamp;8;1430;1200;App;Dota 2;5.0;0
SESS-13727;2026-08-22 17:59:07;USR-1083;1998-11-16;M;PS5;2;800;500;Card;PUBG;5.0;0
SESS-13936;2026-08-10 15:47:25;USR-1542;1996-01-09;F;Bootcamp;5;1200;750;Card;Dota 2;4.0;0
SESS-10017;2026-08-15 14:49:18;USR-1780;2006-11-15;F;Bootcamp;1;240;150;Cash;CS2;4.0;0
SESS-12304;2026-08-30 08:44:08;USR-1325;2001-07-02;F;Standard;2;320;200;Card;Valorant;;0
SESS-13180;2026-08-20 05:26:09;USR-1028;2005-10-03;M;PS5;1;0;250;Card;CS2;4.5;0
SESS-13245;2026-08-28 16:40:17;USR-1140;2005-12-21;M;Bootcamp;8;0;1200;App;Apex Legends;4.0;0
SESS-12024;2026-08-11 09:51:39;USR-1248;2000-06-07;F;PS5;3;0;750;Card;CS2;;0
SESS-13758;2026-08-09 17:21:27;USR-1196;2003-02-27;F;VIP;1;240;200;Cash;Valorant;2.0;0
SESS-10489;2026-08-03 15:22:26;USR-1070;2008-12-23;F;Bootcamp;3;320;450;App;Valorant;3.0;0
SESS-10001;2026-08-01 17:43:18;USR-1463;2007-09-18;M;Bootcamp;2;310;300;Card;Deadlock;;0
SESS-10413;2026-08-25 14:40:12;USR-1026;2006-05-04;M;Bootcamp;2;400;300;Card;Valorant;5.0;0
SESS-10625;2026-08-23 14:34:25;USR-1461;2006-04-14;M;Standard;4;0;360;App;Dota 2;5.0;1
SESS-13306;2026-08-04 23:59:43;USR-1312;1998-07-18;M;VIP;8;0;1600;Card;Browser/Work;;0
SESS-14627;2026-08-20 16:27:06;USR-1065;1997-11-13;M;Standard;2;700;180;Card;GTA V;4.5;1
SESS-13968;2026-08-01 19:05:00;USR-1712;2005-03-09;M;Standard;1;0;100;App;CS2;;0
SESS-13182;2026-08-02 20:48:19;USR-1151;2004-10-09;M;Standard;2;320;200;App;PUBG;4.5;0
SESS-14971;2026-08-30 13:10:42;USR-1555;1993-01-26;M;Standard;3;540;300;Card;Dota 2;;0
SESS-12426;2026-08-18 12:57:08;USR-1137;2005-12-19;M;Standard;5;400;500;App;PUBG;;0
SESS-14151;2026-08-13 17:29:01;USR-1102;1997-01-21;M;VIP;4;1092;720;App;CS2;4.5;1
SESS-14931;2026-08-09 14:54:13;USR-1150;2012-10-22;F;Standard;3;0;300;Cash;CS2;;0
SESS-13318;2026-08-26 16:47:21;USR-1087;2005-04-04;M;VIP;2;400;400;Card;Dota 2;;0
SESS-10684;2026-08-15 10:54:47;USR-1495;2008-05-21;F;Bootcamp;1;0;150;Card;Dota 2;;0
SESS-10464;2026-08-31 22:49:08;USR-1030;2011-08-15;M;Standard;8;320;800;App;CS2;;0
SESS-12569;2026-08-04 12:00:23;USR-1014;2008-03-15;M;VIP;3;0;600;Card;CS2;4.5;0
SESS-10675;2026-08-22 13:25:22;USR-1043;2005-09-15;M;Standard;2;160;200;Card;Dota 2;4.0;0
SESS-11672;2026-08-15 07:40:50;USR-1082;2007-12-15;F;Bootcamp;3;714;405;App;Dota 2;5.0;1
SESS-12676;2026-08-07 19:28:11;USR-1749;2012-05-08;M;VIP;2;0;400;Cash;Valorant;;0
SESS-12836;2026-08-18 14:57:42;USR-1325;2001-07-02;F;Standard;3;0;300;App;Valorant;;0
SESS-15086;2026-08-24 09:51:53;USR-1795;2006-06-12;F;VIP;1;240;200;Card;Dota 2;4.5;0
SESS-12641;2026-08-10 20:27:48;USR-1531;2002-12-04;M;Standard;4;672;360;Cash;Dota 2;3.0;1
SESS-14421;2026-08-22 18:49:34;USR-1772;2008-07-27;F;Bootcamp;2;320;300;Card;CS2;;0
SESS-12516;2026-08-14 18:49:26;USR-1023;2003-06-20;M;VIP;2;400;400;App;Valorant;;0
SESS-14180;2026-08-27 17:01:19;USR-1071;2004-05-19;2;PS5;8;1344;1800;App;Dota 2;2.0;1
SESS-14282;2026-08-15 23:04:20;USR-1140;2005-12-21;M;PS5;8;0;2000;Card;Deadlock;;0
SESS-13945;2026-08-16 13:29:52;USR-1224;2010-05-27;M;Standard;2;120;200;App;Dota 2;4.0;0
SESS-12435;2026-08-27 19:43:14;USR-1634;2009-08-24;F;Standard;1;0;100;App;Deadlock;;0
SESS-10069;2026-08-15 10:49:19;USR-1486;2009-11-06;M;VIP;1;0;200;Card;Valorant;;0
SESS-15021;2026-08-23 20:06:12;USR-1078;1987-05-15;M;PS5;3;1260;675;App;Dota 2;;1
SESS-13517;2026-08-15 12:38:08;USR-1065;1997-11-13;M;VIP;4;882;720;App;CS2;4.5;1
SESS-12600;2026-08-22 17:47:35;USR-1073;2003-06-06;M;VIP;3;0;600;App;Dota 2;;0
SESS-12899;2026-08-28 09:11:09;USR-1016;1989-08-17;F;Bootcamp;2;0;300;App;Valorant;;0
SESS-11064;2026-08-25 08:18:15;USR-1039;1994-11-20;M;VIP;2;800;400;Card;Cyberpunk 2077;;0
SESS-13956;2026-08-11 18:38:37;USR-1362;2001-07-13;M;Standard;3;0;270;App;CS2;;1
SESS-11535;2026-08-28 17:02:29;USR-1124;2008-09-24;M;Bootcamp;1;160;150;Card;Deadlock;;0
SESS-14009;2026-08-14 10:35:37;USR-1083;1998-11-16;M;PS5;5;0;1125;Cash;GTA V;;1
SESS-12484;2026-08-27 17:31:24;USR-1609;1994-08-09;M;Bootcamp;3;0;405;Card;GTA V;4.5;1
SESS-14589;2026-08-04 04:46:17;USR-1344;2007-08-22;M;Bootcamp;1;160;150;Card;CS2;;0
SESS-14973;2026-08-19 23:22:20;USR-1652;2006-05-12;M;Standard;5;400;500;Card;Apex Legends;3.0;0
SESS-13308;2026-08-01 11:09:23;USR-1346;2007-06-19;M;Standard;2;160;200;Card;Dota 2;;0
SESS-12838;2026-08-25 01:32:21;USR-1705;2002-06-18;M;Standard;12;1920;1200;Card;CS2;4.0;0
SESS-14466;2026-08-21 10:16:43;USR-1201;2003-08-06;M;Bootcamp;3;630;450;App;Valorant;;0
SESS-10239;2026-08-06 14:51:32;USR-1145;2008-09-12;F;Bootcamp;2;560;270;Card;Dota 2;5.0;1
SESS-12264;2026-08-28 19:00:53;USR-1051;2006-08-12;F;Standard;1;80;100;App;Cyberpunk 2077;;0
SESS-11124;2026-08-02 18:32:52;USR-1638;2007-07-13;M;VIP;1;310;200;Card;CS2;4.0;0
SESS-14713;2026-08-29 18:20:11;USR-1501;1995-06-28;F;VIP;2;650;400;App;PUBG;4.5;0
SESS-14579;2026-08-24 20:47:59;USR-1014;2008-03-15;M;Standard;1;0;100;App;Dota 2;;0
SESS-12565;2026-08-07 21:08:54;USR-1734;2009-03-12;M;Standard;3;336;270;Card;Minecraft;4.5;1
SESS-14516;2026-08-23 07:26:02;USR-1134;2005-02-21;M;Bootcamp;3;560;450;Card;Deadlock;4.5;0
SESS-12740;2026-08-12 19:50:19;USR-1500;2006-05-26;M;Bootcamp;2;390;300;Card;CS2;;0
SESS-11492;2026-08-19 17:07:37;USR-1220;2006-07-05;M;Standard;1;120;100;App;CS2;;0
SESS-14081;2026-08-24 15:23:57;USR-1078;1987-05-15;M;PS5;4;1300;1000;App;Cyberpunk 2077;;0
SESS-13402;2026-08-04 15:09:51;USR-1155;2007-01-07;M;PS5;2;0;500;Card;Dota 2;4.0;0
SESS-13715;2026-08-28 07:47:16;USR-1131;2006-04-21;M;Bootcamp;3;390;450;Cash;Dota 2;;0
SESS-13386;2026-08-06 15:34:46;USR-1677;2010-12-19;M;Bootcamp;3;168;405;App;CS2;4.5;1
SESS-10523;2026-08-19 18:46:55;USR-1369;2002-03-14;F;VIP;2;400;400;Card;CS2;;0
SESS-10570;2026-08-27 04:27:30;USR-1081;2006-01-23;M;Standard;1;80;100;App;Dota 2;;0
SESS-14393;2026-08-18 19:26:36;USR-1015;2009-09-15;M;VIP;2;80;400;App;Dota 2;4.5;0
SESS-11923;2026-08-09 18:22:40;USR-1727;2010-11-16;M;Bootcamp;8;0;1080;App;Dota 2;;1
SESS-13983;2026-08-21 00:18:17;USR-1231;2002-08-06;M;Standard;5;560;450;Card;Dota 2;4.5;1
SESS-10821;2026-08-30 15:20:21;USR-1310;2003-07-07;M;Standard;1;120;100;Card;Dota 2;;0
SESS-10538;2026-08-24 15:40:53;USR-1013;2006-02-09;M;Standard;4;448;360;Card;CS2;4.5;1
SESS-14523;2026-08-15 09:23:04;USR-1673;2005-08-07;M;Standard;2;320;200;App;Dota 2;;0
SESS-14817;2026-08-09 20:46:38;USR-1081;2006-01-23;M;Standard;1;0;100;Card;CS2;;0
SESS-14472;2026-08-13 11:42:51;USR-1366;1999-07-24;M;Standard;3;503;270;App;Dota 2;4.5;1
SESS-13004;2026-08-20 11:28:21;USR-1088;2007-06-21;F;Standard;1;224;90;App;Valorant;4.0;1
SESS-12592;2026-08-07 23:10:34;USR-1056;1997-07-15;M;Standard;12;3000;1200;Card;Dota 2;4.5;0
SESS-14958;2026-08-28 15:50:57;USR-1064;1999-11-15;M;VIP;1;0;200;Cash;CS2;;0
SESS-14650;2026-08-13 13:11:05;USR-1635;2006-11-16;F;VIP;2;0;400;Card;Valorant;;0
SESS-10662;2026-08-29 19:15:43;USR-1249;1999-09-16;F;Bootcamp;2;540;300;Card;Dota 2;;0
SESS-12245;2026-08-28 13:30:05;USR-1166;1995-10-14;M;Bootcamp;1;420;150;Card;Browser/Work;4.5;0
SESS-13364;2026-08-14 19:20:55;USR-1321;2012-12-17;M;Standard;2;0;200;App;CS2;;0
SESS-14901;2026-08-21 13:27:08;USR-1072;2007-05-10;M;Standard;2;0;200;Card;Dota 2;4.5;0
SESS-12011;2026-08-01 17:13:46;USR-1050;2002-06-22;M;VIP;3;0;540;Card;Deadlock;;1
SESS-10186;2026-08-07 01:05:54;USR-1032;2007-09-19;M;VIP;8;1106;1440;Card;Apex Legends;;1
SESS-11372;2026-08-07 01:35:55;USR-1429;2011-06-24;F;Standard;12;0;1200;App;CS2;;0
SESS-11077;2026-08-19 18:59:23;USR-1715;2007-11-09;M;Standard;4;480;400;Card;Dota 2;;0
SESS-14106;2026-08-18 14:29:04;USR-1125;2012-03-20;M;Standard;2;0;200;Card;Minecraft;;0
SESS-11401;2026-08-02 01:11:15;USR-1036;2007-07-18;M;VIP;5;880;1000;Card;CS2;5.0;0
SESS-12703;2026-08-08 20:14:14;USR-1688;1985-09-25;F;VIP;3;1260;540;Card;CS2;4.0;1
SESS-11375;2026-08-16 19:29:12;USR-1776;1988-09-16;F;Standard;4;1400;360;Card;Cyberpunk 2077;5.0;1
SESS-10087;2026-08-28 14:56:50;USR-1623;1995-07-16;M;Standard;2;360;200;Card;PUBG;;0
SESS-10371;2026-08-14 22:22:37;USR-1103;2003-03-02;M;Standard;3;503;270;App;Dota 2;;1
SESS-14269;2026-08-06 17:42:13;USR-1511;2005-08-10;M;Standard;2;0;200;Card;GTA V;4.0;0
SESS-11225;2026-08-16 18:56:32;USR-1122;2010-04-17;M;PS5;1;0;250;App;Dota 2;;0
SESS-12444;2026-08-06 22:52:06;USR-1013;2006-02-09;M;Bootcamp;5;770;675;Card;CS2;5.0;1
SESS-13994;2026-08-25 22:15:09;USR-1119;2012-02-02;M;VIP;8;0;1600;Card;CS2;4.0;0
SESS-13188;2026-08-22 10:41:42;USR-1172;2006-09-13;M;Bootcamp;3;0;405;App;Deadlock;4.0;1
SESS-14603;2026-08-04 11:44:34;USR-1435;1997-08-09;M;VIP;3;0;600;Card;GTA V;4.5;0
SESS-11862;2026-08-22 23:25:46;USR-1797;2007-03-19;M;Bootcamp;3;320;450;Card;Apex Legends;;0
SESS-13524;2026-08-30 11:02:31;USR-1401;2008-06-20;M;Standard;4;896;360;Card;Dota 2;4.5;1
SESS-10648;2026-08-24 16:55:37;USR-1044;2010-12-22;F;Standard;1;0;100;Cash;Minecraft;;0
SESS-13428;2026-08-30 16:47:28;USR-1181;2000-03-04;M;PS5;2;510;500;Card;Dota 2;;0
SESS-10586;2026-08-11 10:25:18;USR-1043;2005-09-15;M;Standard;1;0;100;Card;CS2;;0
SESS-13772;2026-08-24 19:13:52;USR-1240;2011-08-28;F;Standard;3;168;270;App;CS2;4.5;1
SESS-14643;2026-08-02 20:16:15;USR-1486;2009-11-06;M;Standard;4;0;400;Cash;GTA V;;0
SESS-11353;2026-08-08 21:39:34;USR-1042;2004-05-10;F;Standard;2;0;200;Card;GTA V;;0
SESS-12337;2026-08-02 11:06:35;USR-1095;1997-11-18;M;Standard;2;0;200;App;GTA V;;0
SESS-11785;2026-08-31 09:27:51;USR-1217;2008-11-10;M;Standard;3;336;270;Card;CS2;4.5;1
SESS-15099;2026-08-18 23:01:09;USR-1234;2004-03-20;M;Standard;8;640;800;Card;PUBG;3.0;0
SESS-12025;2026-08-08 12:12:57;USR-1466;2006-03-22;M;PS5;4;0;900;Cash;Dota 2;;1
SESS-10730;2026-08-02 21:09:13;USR-1439;2009-10-14;M;Standard;5;0;500;Cash;Deadlock;;0
SESS-14850;2026-08-07 09:09:40;USR-1189;2011-09-26;M;Bootcamp;3;336;405;App;Minecraft;;1
SESS-11995;2026-08-20 17:00:54;USR-1368;2012-02-13;M;Standard;2;80;200;App;Dota 2;4.0;0
SESS-13767;2026-08-02 17:11:34;USR-1522;2010-04-16;M;Standard;2;0;200;Cash;Minecraft;3.0;0
SESS-12392;2026-08-21 16:59:04;USR-1454;2010-09-24;M;Standard;1;40;100;App;Minecraft;;0
SESS-14854;2026-08-24 11:06:45;USR-1362;2001-07-13;M;Standard;1;80;100;Cash;Dota 2;;0
SESS-15024;2026-08-05 17:39:49;USR-1004;2011-09-09;M;Standard;3;0;300;Cash;CS2;5.0;0
SESS-14248;2026-08-07 21:08:49;USR-1694;2012-03-17;M;Standard;1;80;100;Cash;Dota 2;;0
SESS-13634;2026-08-24 18:50:48;USR-1143;2007-05-26;M;Bootcamp;3;0;450;Card;CS2;4.5;0
SESS-12349;2026-08-06 00:43:34;USR-1760;2007-10-10;M;Standard;5;0;450;Card;Deadlock;4.0;1
SESS-14867;2026-08-23 11:57:01;USR-1146;2011-04-21;M;Standard;5;0;500;App;Valorant;4.5;0
SESS-11576;2026-08-09 14:12:30;USR-1067;2009-11-26;M;Standard;2;0;200;Card;Valorant;;0
SESS-13143;2026-08-16 12:18:23;USR-1112;2007-11-17;M;Standard;1;0;100;Card;Dota 2;4.5;0
SESS-13159;2026-08-25 19:27:15;USR-1612;2002-03-01;M;Bootcamp;3;440;450;Card;Dota 2;3.0;0
SESS-13753;2026-08-19 12:26:53;USR-1489;2004-05-06;M;VIP;2;390;400;App;CS2;4.0;0
SESS-11546;2026-08-22 15:22:18;USR-1231;2002-08-06;M;Standard;1;224;90;Card;CS2;;1
SESS-13980;2026-08-10 19:49:17;USR-1289;2011-06-28;M;Bootcamp;2;0;300;App;Minecraft;;0
SESS-15082;2026-08-15 00:08:50;USR-1264;2007-02-06;M;Bootcamp;8;790;1200;Card;Dota 2;;0
SESS-13349;2026-08-31 21:18:14;USR-1172;2006-09-13;M;Standard;3;240;300;Cash;CS2;;0
SESS-10124;2026-08-12 20:34:14;USR-1738;2008-02-04;M;VIP;3;0;600;Card;Dota 2;;0
SESS-12228;2026-08-01 14:18:30;USR-1011;2011-12-15;M;Standard;2;80;200;Cash;CS2;;0
SESS-13717;2026-08-22 16:48:51;USR-1139;2012-01-04;M;Standard;8;0;800;App;Apex Legends;;0
SESS-12761;2026-08-13 19:50:10;USR-1355;2007-05-01;M;Standard;1;80;100;Card;Valorant;4.5;0
SESS-12469;2026-08-07 12:33:39;USR-1261;2010-08-21;F;Bootcamp;3;0;450;Cash;Minecraft;5.0;0
SESS-13072;2026-08-14 07:13:54;USR-1779;2004-11-03;M;Standard;1;0;100;Card;Dota 2;;0
SESS-12821;2026-08-22 20:52:43;USR-1359;2002-01-27;M;Bootcamp;3;714;405;Card;CS2;5.0;1
SESS-12088;2026-08-25 20:07:42;USR-1009;2008-11-23;м;PS5;3;240;750;App;Dota 2;;0
SESS-13565;2026-08-21 09:20:22;USR-1730;2003-04-15;M;Standard;3;0;270;Card;Dota 2;4.0;1
SESS-14507;2026-08-09 18:27:40;USR-1013;2006-02-09;M;Standard;5;560;450;App;Apex Legends;;1
SESS-11440;2026-08-19 14:27:25;USR-1155;2007-01-07;M;Standard;3;672;270;Card;Valorant;4.0;1
SESS-12197;2026-08-14 13:28:54;USR-1337;2009-02-20;F;Standard;4;0;360;App;Minecraft;;1
SESS-11915;2026-08-28 17:39:28;USR-1794;2011-09-16;M;Standard;1;0;100;Cash;Apex Legends;;0
SESS-12901;2026-08-27 19:19:49;USR-1657;2006-10-12;M;Bootcamp;1;0;150;App;Valorant;;0
SESS-14084;2026-08-29 01:09:08;USR-1151;2004-10-09;M;Standard;12;0;1200;Card;Valorant;;0
SESS-10046;2026-08-05 18:27:17;USR-1758;2006-01-14;F;Bootcamp;1;270;150;App;CS2;;0
SESS-13261;2026-08-16 14:50:02;USR-1102;1997-01-21;M;Standard;2;0;200;Card;Browser/Work;4.0;0
SESS-12773;2026-08-14 21:38:16;USR-1647;2005-11-07;M;Bootcamp;8;1007;1080;App;CS2;5.0;1
SESS-14264;2026-08-18 17:11:47;USR-1600;2006-02-21;M;Standard;12;0;1200;Card;GTA V;;0
SESS-14349;2026-08-05 16:43:56;USR-1017;2011-10-14;M;Standard;1;0;100;Cash;CS2;5.0;0
SESS-13794;2026-08-20 14:34:51;USR-1151;2004-10-09;M;Bootcamp;4;0;600;App;Dota 2;;0
SESS-14875;2026-08-05 21:43:07;USR-1113;2011-11-07;M;PS5;2;0;500;Cash;Valorant;4.0;0
SESS-13533;2026-08-06 20:40:34;USR-1767;2006-12-04;M;Bootcamp;3;0;450;Cash;Dota 2;;0
SESS-15121;2026-08-07 20:35:12;USR-1443;2003-05-09;M;PS5;1;120;250;Card;Deadlock;4.0;0
SESS-12054;2026-08-31 17:37:22;USR-1519;2001-01-22;M;Standard;1;112;90;Card;CS2;5.0;1
SESS-10947;2026-08-02 12:58:55;USR-1404;1997-03-09;M;VIP;4;1300;800;Card;Dota 2;5.0;0
SESS-10759;2026-08-18 18:14:06;USR-1365;2005-04-09;M;Bootcamp;2;0;300;Card;CS2;;0
SESS-14023;2026-08-09 17:56:54;USR-1471;2002-04-21;F;Standard;1;0;100;Card;CS2;;0
SESS-11249;2026-08-23 15:17:12;USR-1765;1992-03-21;M;VIP;1;420;200;App;Deadlock;;0
SESS-14863;2026-08-22 22:42:16;USR-1602;2004-01-08;M;Bootcamp;8;1040;1200;Card;CS2;;0
SESS-14327;2026-08-31 11:12:07;USR-1067;2009-11-26;M;VIP;3;0;600;App;CS2;;0
SESS-12695;2026-08-09 15:27:02;USR-1124;2008-09-24;M;PS5;3;0;750;Card;Dota 2;;0
SESS-10585;2026-08-15 10:41:11;USR-1332;2007-07-02;M;Standard;8;896;720;Cash;Valorant;4.0;1
SESS-10785;2026-08-22 14:48:56;USR-1645;1991-04-11;M;VIP;2;510;400;App;CS2;;0
SESS-12908;2026-08-23 19:36:58;USR-1599;2001-04-08;M;VIP;2;470;400;App;Apex Legends;;0
SESS-11891;2026-08-27 23:18:03;USR-1025;2005-11-06;M;Standard;5;800;500;App;Dota 2;;0
SESS-14113;2026-08-03 20:28:27;USR-1557;2010-10-11;M;Standard;5;0;450;App;Valorant;;1
SESS-10710;2026-08-01 15:16:29;USR-1431;2011-08-02;M;Standard;3;0;300;App;Minecraft;4.0;0
SESS-12457;2026-08-17 19:53:16;USR-1166;1995-10-14;M;Standard;3;540;300;Card;GTA V;;0
SESS-10311;2026-08-29 18:14:27;USR-1077;2006-09-21;M;Standard;1;80;100;App;Valorant;;0
SESS-11916;2026-08-06 16:36:29;USR-1065;1997-11-13;M;VIP;2;0;400;Card;Dota 2;;0
SESS-12338;2026-08-01 17:15:13;USR-1076;2001-08-10;M;Bootcamp;3;440;450;Cash;CS2;4.5;0
SESS-12221;2026-08-29 15:03:10;USR-1149;1996-01-09;F;VIP;2;800;400;Card;Dota 2;;0
SESS-15054;2026-08-19 12:19:50;USR-1162;2006-04-01;M;Standard;2;0;200;Card;Dota 2;;0
SESS-12685;2026-08-20 03:03:11;USR-1313;2005-07-12;M;Standard;2;0;200;Card;CS2;;0
SESS-10866;2026-08-07 18:00:41;USR-1105;1994-09-17;M;Standard;2;360;200;Card;Deadlock;;0
SESS-10231;2026-08-20 18:25:00;USR-1435;1997-08-09;M;VIP;4;1300;800;Card;CS2;4.5;0
SESS-11957;2026-08-23 11:20:39;USR-1770;2010-09-26;M;Standard;3;180;300;App;Dota 2;5.0;0
SESS-13902;2026-08-25 14:59:58;USR-1442;2006-07-09;M;PS5;1;0;250;App;CS2;;0
SESS-14309;2026-08-08 21:50:40;USR-1107;2004-12-19;M;VIP;2;0;400;App;CS2;;0
SESS-10251;2026-08-03 23:07:01;USR-1131;2006-04-21;M;Bootcamp;12;1554;1620;Card;CS2;4.5;1
SESS-10444;2026-08-11 17:11:09;USR-1124;2008-09-24;M; Bootcamp ;1;0;150;Card;Deadlock;4.0;0
SESS-13988;2026-08-02 10:51:52;USR-1037;2008-05-17;F;Standard;2;160;200;Card;PUBG;;0
SESS-14293;2026-08-02 15:16:13;USR-1168;2005-07-16;F;Bootcamp;4;0;600;Card;Apex Legends;;0
SESS-10618;2026-08-09 12:18:06;USR-1366;1999-07-24;M;Standard;2;700;180;Card;Dota 2;;1
SESS-14159;2026-08-19 07:41:54;USR-1760;2007-10-10;M;Standard;1;80;100;Card;Dota 2;3.0;0
SESS-12074;2026-08-30 17:26:51;USR-1071;2004-05-19;F;PS5;1;0;250;Card;Valorant;;0
SESS-13333;2026-08-16 21:52:44;USR-1047;2007-02-05;M;PS5;1;160;250;App;Dota 2;;0
SESS-14097;2026-08-14 18:42:39;USR-1236;2006-05-11;M;Standard;3;0;300;App;CS2;;0
SESS-10998;2026-08-11 16:47:35;USR-1316;2005-09-07;M;Standard;1;80;100;Card;CS2;;0
SESS-11504;2026-08-13 22:57:37;USR-1144;2009-09-12;M;VIP;12;672;2160;App;Dota 2;5.0;1
SESS-12710;2026-08-25 11:10:39;USR-1559;2003-03-16;M;VIP;1;270;200;Card;PUBG;4.0;0
SESS-11676;2026-08-08 18:16:46;USR-1655;2007-10-26;M;Standard;3;0;270;App;CS2;;1
SESS-11548;2026-08-23 09:02:06;USR-1041;2010-09-17;M;Standard;4;0;400;App;Minecraft;;0
SESS-12820;2026-08-23 21:12:00;USR-1028;2005-10-03;M;Standard;4;896;360;Cash;Dota 2;;1
SESS-10878;2026-08-24 19:26:06;USR-1089;2003-05-03;M;Bootcamp;3;390;450;App;Valorant;;0
SESS-15057;2026-08-20 20:37:29;USR-1391;2012-11-11;F;Standard;3;251;270;Cash;CS2;4.5;1
SESS-12450;2026-08-19 15:07:14;USR-1092;1992-04-25;M;Standard;2;240;200;Card;Deadlock;;0
SESS-12236;2026-08-09 14:50:56;USR-1706;2006-03-20;M;PS5;3;240;750;Card;CS2;;0
SESS-12793;2026-08-02 15:53:39;USR-1071;2004-05-19;F;Standard;3;0;300;Card;Valorant;;0
SESS-12877;2026-08-11 09:17:20;USR-1191;2010-09-25;M;Standard;1;0;100;Card;Dota 2;;0
SESS-14807;2026-08-10 21:50:46;USR-1005;1997-11-25;F;Standard;1;168;90;Card;Dota 2;;1
SESS-12922;2026-08-10 19:03:05;USR-1311;2006-03-14;M;Bootcamp;3;0;450;Card;Dota 2;;0
SESS-13313;2026-08-02 21:47:30;USR-1146;2011-04-21;M;Bootcamp;3;0;405;Cash;Minecraft;4.0;1
SESS-11413;2026-08-13 13:14:58;USR-1138;2005-08-06;M;Standard;3;336;270;App;CS2;3.0;1
SESS-10197;2026-08-01 20:23:50;USR-1480;1998-10-13;M;VIP;3;714;540;App;Cyberpunk 2077;4.5;1
SESS-11304;2026-08-23 00:43:52;USR-1059;2012-05-14;M;Standard;8;320;800;Cash;Minecraft;4.5;0
SESS-11144;2026-08-29 22:58:55;USR-1044;2010-12-22;F;Standard;3;0;300;App;CS2;4.0;0
SESS-15068;2026-08-29 20:35:33;USR-1099;1996-05-13;M;PS5;2;0;500;Card;Dota 2;;0
SESS-10106;2026-08-23 12:09:18;USR-1149;1996-01-09;F;PS5;1;400;250;Card;GTA V;4.5;0
SESS-11973;2026-08-24 16:35:37;USR-1621;1996-05-04;M;Bootcamp;1;0;150;Card;PUBG;3.0;0
SESS-10720;2026-08-07 17:36:11;USR-1132;2001-03-23;M;Standard;5;800;500;Card;CS2;;0
SESS-13731;2026-08-08 08:59:14;USR-1458;2010-07-24;M;Bootcamp;5;560;675;App;Minecraft;4.0;1
SESS-11508;2026-08-13 00:42:29;USR-1327;2009-09-08;M;Bootcamp;8;640;1200;App;CS2;5.0;0
SESS-14954;2026-08-27 17:37:54;USR-1079;2007-12-07;M;Standard;2;320;200;Card;Dota 2;;0
SESS-11765;2026-08-16 11:18:59;USR-1261;2010-08-21;F;Bootcamp;1;0;150;;Valorant;;0
SESS-14351;2026-08-19 16:00:09;USR-1310;2003-07-07;M;VIP;2;320;400;Card;Deadlock;5.0;0
SESS-11900;2026-08-23 15:27:46;USR-1799;2006-01-09;M;VIP;4;470;800;Card;Dota 2;3.0;0
SESS-10256;2026-08-29 17:07:16;USR-1767;2006-12-04;M;PS5;2;448;450;App;Dota 2;;1
SESS-12767;2026-08-19 21:58:29;USR-1133;2004-12-12;M;VIP;1;270;200;Card;Valorant;;0
SESS-10621;2026-08-16 16:14:56;USR-1783;2012-06-22;M;Standard;2;160;200;Cash;Dota 2;4.5;0
SESS-13787;2026-08-23 18:52:02;USR-1082;2007-12-15;F;Standard;1;160;100;App;Apex Legends;;0
SESS-14063;2026-08-18 20:27:36;USR-1704;2004-02-28;F;Bootcamp;2;390;300;Card;Dota 2;;0
SESS-10701;2026-08-27 16:55:22;USR-1712;2005-03-09;M;VIP;2;310;400;Card;Valorant;;0
SESS-11178;2026-08-01 14:27:39;USR-1592;2000-11-26;M;PS5;3;1260;675;Card;CS2;;1
SESS-13746;2026-08-05 18:19:10;USR-1524;1996-07-27;M;Bootcamp;2;0;300;Card;CS2;;0
SESS-11930;2026-08-17 18:33:08;USR-1698;2007-07-07;M;PS5;3;0;750;Card;Deadlock;;0
SESS-12266;2026-08-24 13:29:46;USR-1194;2005-12-26;M;VIP;4;0;800;Card;Dota 2;;0
SESS-10285;2026-08-13 15:46:24;USR-1010;2009-04-04;F;VIP ;2;0;200;Cash;Minecraft;;0
SESS-12331;2026-08-18 22:25:06;USR-1102;1997-01-21;M;VIP;8;2150;1600;App;Deadlock;4.5;0
SESS-11290;2026-08-29 14:57:28;USR-1136;2005-05-16;M;Bootcamp;2;400;300;Card;Dota 2;;0
SESS-14804;2026-08-27 15:14:44;USR-1046;2010-11-19;M;Standard;2;168;180;Cash;Dota 2;5.0;1
SESS-12345;2026-08-16 15:15:43;USR-1605;2004-10-02;M;Standard;2;0;200;Card;Deadlock;;0
SESS-13873;2026-08-12 21:38:30;USR-1115;2007-01-24;M;VIP;4;882;720;Card;Dota 2;5.0;1
SESS-11950;2026-08-28 23:36:10;USR-1099;1996-05-13;M;Standard;5;0;500;App;Valorant;5.0;0
SESS-14748;2026-08-28 06:07:10;USR-1551;2004-12-14;F;VIP;8;790;1600;Card;CS2;;0
SESS-13649;2026-08-04 12:30:16;USR-1177;2005-09-12;M;VIP;2;470;400;Card;Dota 2;4.5;0
SESS-14459;2026-08-12 14:36:35;USR-1490;2001-10-01;M;VIP;1;280;180;Card;Dota 2;5.0;1
SESS-14594;2026-08-23 17:19:34;USR-1684;2004-10-02;F;Standard;4;0;400;Card;Dota 2;;0
SESS-11098;2026-08-21 02:31:31;USR-1356;2012-03-10;M;Bootcamp;2;0;300;App;Deadlock;;0
SESS-11024;2026-08-21 00:01:58;USR-1181;2000-03-04;M;PS5;3;1050;750;Card;Dota 2;;0
SESS-12883;2026-08-29 20:40:41;USR-1357;2009-05-07;M;Standard;3;0;270;Cash;Dota 2;;1
SESS-11244;2026-08-13 18:57:17;USR-1716;2003-04-06;M;PS5;3;240;750;Card;Dota 2;3.0;0
SESS-10107;2026-08-08 15:30:40;USR-1075;2004-09-10;M;Bootcamp;3;0;450;Card;Apex Legends;4.5;0
SESS-14724;2026-08-25 07:30:07;USR-1271;2002-12-03;M;Bootcamp;3;0;450;Card;CS2;;0
SESS-11843;2026-08-11 12:32:19;USR-1199;2007-10-14;M;Standard;1;0;100;Cash;CS2;4.5;0
SESS-10482;2026-08-01 13:28:00;USR-1124;2008-09-24;M;Bootcamp;12;0;1620;App;CS2;4.0;1
SESS-13449;2026-08-23 16:20:47;USR-1126;1998-09-28;M;VIP;3;1176;540;Card;GTA V;4.5;1
SESS-10225;2026-08-10 18:54:05;USR-1072;2007-05-10;M;Bootcamp;5;0;750;Card;CS2;;0
SESS-14116;2026-08-25 06:14:10;USR-1214;1997-09-04;M;Standard;2;0;200;App;Cyberpunk 2077;5.0;0
SESS-12309;2026-08-18 19:21:36;USR-1065;1997-11-13;M;Bootcamp;4;1300;600;Card;Cyberpunk 2077;;0
SESS-11247;2026-08-14 13:58:04;USR-1679;2005-10-26;M;Standard;1;160;100;App;CS2;;0
SESS-13339;2026-08-15 15:48:41;USR-1002;2004-11-16;F;Standard;3;672;270;App;Deadlock;3.0;1
SESS-13861;2026-08-22 16:24:32;USR-1529;2002-07-01;M;VIP;1;280;180;Card;Valorant;;1
SESS-11182;2026-08-30 16:34:29;USR-1076;2001-08-10;M;Standard;2;240;200;App;CS2;;0
SESS-10986;2026-08-19 16:56:08;USR-1728;1993-08-27;M;VIP;2;1120;360;Card;Dota 2;4.0;1
SESS-10072;2026-08-21 17:41:21;USR-1773;1996-01-05;F;Standard;12;4200;1080;Card;Dota 2;4.0;1
SESS-11669;2026-08-28 20:32:51;USR-1246;2011-02-13;M;Standard;1;0;100;App;Dota 2;;0
SESS-13544;2026-08-03 20:17:42;USR-1693;2000-02-10;M;Standard;2;360;200;Cash;PUBG;5.0;0
SESS-10452;2026-08-11 21:58:49;USR-1676;2004-08-01;M;Standard;4;0;400;Card;Deadlock;5.0;0
SESS-15061;2026-08-30 14:22:39;USR-1560;2011-05-15;M;Standard;8;896;720;App;Valorant;;1
SESS-11994;2026-08-12 19:55:33;USR-1134;2005-02-21;M;Standard;2;448;180;Card;Cyberpunk 2077;;1
SESS-14969;2026-08-26 01:31:25;USR-1039;1994-11-20;M;PS5;5;0;1250;Card;CS2;4.5;0
SESS-13265;2026-08-22 13:19:42;USR-1048;2012-12-04;M;VIP;2;0;400;Cash;CS2;;0
SESS-14432;2026-08-20 10:03:26;USR-1501;1995-06-28;F;Standard;2;240;200;Card;Cyberpunk 2077;;0
SESS-12448;2026-08-04 20:30:57;USR-1640;1989-07-05;M;VIP;2;510;400;App;Dota 2;;0
SESS-11674;2026-08-28 20:31:23;USR-1116;1993-09-19;M;PS5;2;0;500;App;CS2;;0
SESS-12766;2026-08-30 21:10:39;USR-1794;2011-09-16;M;Bootcamp;2;0;300;App;Minecraft;;0
SESS-13511;2026-08-04 12:44:00;USR-1069;2004-02-20;M;Standard;4;0;360;App;Dota 2;4.0;1
SESS-13960;2026-08-17 16:48:41;USR-1155;2007-01-07;M;Standard;2;240;200;App;Dota 2;;0
SESS-13553;2026-08-18 15:30:49;USR-1314;2008-01-15;F;Standard;2;320;200;App;CS2;4.5;0
SESS-13183;2026-08-07 12:16:59;USR-1617;2005-08-01;M;Standard;3;480;300;Card;Valorant;4.0;0
SESS-12475;2026-08-21 21:15:46;USR-1087;2005-04-04;M;VIP;4;0;800;Card;Deadlock;;0
SESS-14510;2026-08-17 21:54:13;USR-1337;2009-02-20;F;Standard;1;0;100;Card;Dota 2;;0
SESS-13464;2026-08-08 08:55:06;USR-1016;1989-08-17;F;Bootcamp;4;0;600;Card;Dota 2;;0
SESS-10632;2026-08-03 10:39:31;USR-1086;1997-03-17;F;Standard;2;0;200;Card;PUBG;;0
SESS-10259;2026-08-24 19:02:24;USR-1229;2009-06-12;M;Standard;1;0;100;App;CS2;;0
SESS-13924;2026-08-21 07:29:45;USR-1000;2007-12-12;M;Bootcamp;3;0;450;Cash;Dota 2;4.0;0
SESS-13723;2026-08-18 10:59:08;USR-1678;2008-08-01;M;Bootcamp;3;320;450;App;Valorant;5.0;0
SESS-14307;2026-08-15 22:57:35;USR-1563;1994-08-05;M;Bootcamp;8;2300;1200;Card;Browser/Work;4.0;0
SESS-13992;2026-08-06 15:28:35;USR-1507;2006-07-11;M;Standard;2;224;180;Card;Deadlock;;1
SESS-11758;2026-08-08 17:18:11;USR-1211;2012-01-03;M;Bootcamp;2;120;300;App;CS2;;0
SESS-13016;2026-08-07 18:01:38;USR-1175;2008-04-24;M;VIP;1;240;200;Card;Valorant;;0
SESS-12868;2026-08-20 16:45:13;USR-1709;2001-08-27;F;Standard;2;0;200;App;Dota 2;;0
SESS-10979;2026-08-07 15:29:17;USR-1394;2007-06-09;F;Standard;4;672;360;Card;Dota 2;;1
SESS-14175;2026-08-18 22:33:27;USR-1107;2004-12-19;M;Standard;12;0;1200;Card;CS2;;0
SESS-12904;2026-08-14 16:57:47;USR-1547;2007-01-14;M;Bootcamp;3;390;450;;Valorant;4.5;0
SESS-14932;2026-08-17 18:34:08;USR-1078;1987-05-15;M;VIP;12;2310;2400;Card;Cyberpunk 2077;5.0;0
SESS-14328;2026-08-22 21:04:27;USR-1003;2004-08-17;M;Standard;4;640;400;Card;CS2;1.0;0
SESS-14190;2026-08-25 18:11:42;USR-1275;1998-03-22;M;Standard;4;1000;400;Card;CS2;;0
SESS-10526;2026-08-22 00:59:13;USR-1168;2005-07-16;F;VIP;8;1106;1440;App;CS2;3.0;1
SESS-12178;2026-08-22 09:08:56;USR-1413;2004-02-24;M;VIP;8;1430;1600;Card;Valorant;4.5;0
SESS-11544;2026-08-12 13:57:34;USR-1497;2006-07-10;F;Standard;2;240;200;Cash;PUBG;;0
SESS-12631;2026-08-21 17:53:11;USR-1358;2010-04-10;M;Bootcamp;3;120;450;App;Dota 2;5.0;0
SESS-12675;2026-08-07 23:03:10;USR-1274;2005-06-19;M;Standard;3;240;300;Cash;CS2;;0
SESS-11211;2026-08-29 14:21:33;USR-1033;2004-01-16;M;PS5;3;360;750;Card;Deadlock;;0
SESS-15108;2026-08-10 20:36:23;USR-1155;2007-01-07;M;Standard;2;160;200;Card;CS2;;0
SESS-13043;2026-08-14 10:42:44;USR-1083;1998-11-16;M;Standard;1;120;100;Card;Browser/Work;5.0;0
SESS-14364;2026-08-15 14:51:25;USR-1150;2012-10-22;F;Standard;1;0;100;Cash;Minecraft;;0
SESS-15151;2026-08-23 18:59:23;USR-1384;2011-09-05;M;Standard;2;0;200;Cash;CS2;;0
SESS-14037;2026-08-05 17:00:13;USR-1621;1996-05-04;M;VIP;5;0;900;App;CS2;;1
SESS-12662;2026-08-28 02:13:51;USR-1088;2007-06-21;F;Standard;2;0;200;Card;CS2;;0
SESS-10317;2026-08-16 18:05:23;USR-1126;1998-09-28;M;Standard;3;540;300;Card;Dota 2;;0
SESS-10685;2026-08-07 18:14:27;USR-1032;2007-09-19;M;Standard;4;0;360;Card;Dota 2;;1
SESS-13509;2026-08-28 19:50:44;USR-1756;2006-11-04;M;Standard;2;240;200;Card;Dota 2;4.0;0
SESS-14531;2026-08-08 03:39:36;USR-1151;2004-10-09;M;VIP;4;560;720;App;CS2;3.0;1
SESS-12327;2026-08-23 19:12:13;USR-1156;2010-02-04;M;Standard;3;180;300;Card;Minecraft;;0
SESS-11346;2026-08-22 18:59:52;USR-1756;2006-11-04;M;VIP;1;240;200;App;CS2;;0
SESS-10134;2026-08-21 18:44:57;USR-1202;2007-03-03;M;Bootcamp;8;0;1200;App;CS2;4.0;0
SESS-13748;2026-08-28 09:03:16;USR-1089;2003-05-03;M;Bootcamp;5;0;750;Card;Apex Legends;;0
SESS-14630;2026-08-09 18:35:27;USR-1078;1987-05-15;M;PS5;5;750;1250;Card;CS2;;0
SESS-14576;2026-08-24 18:44:41;USR-1342;2012-05-19;M;Standard;2;80;200;App;Valorant;3.0;0
SESS-10640;2026-08-04 16:36:21;USR-1087;2005-04-04;M;Bootcamp;1;0;150;App;Dota 2;4.5;0
SESS-14115;2026-08-13 10:22:44;USR-1151;2004-10-09;M;Standard;2;0;200;Card;Dota 2;;0
SESS-13105;2026-08-21 09:04:56;USR-1313;2005-07-12;M;Bootcamp;3;0;450;Card;Dota 2;;0
SESS-12646;2026-08-21 20:22:07;USR-1358;2010-04-10;M;Standard;2;0;200;Cash;Valorant;4.5;0
SESS-12939;2026-08-29 12:15:24;USR-1619;1989-11-18;F;Standard;1;0;100;Card;Cyberpunk 2077;;0
SESS-13819;2026-08-09 18:15:59;USR-1005;1997-11-25;F;Standard;4;1007;360;Card;Cyberpunk 2077;;1
SESS-11293;2026-08-18 10:30:14;USR-1042;2004-05-10;F;VIP;1;160;200;Card;Dota 2;5.0;0
SESS-13211;2026-08-28 23:19:16;USR-1624;2009-06-09;Мужской;Standard;8;896;720;Cash;GTA V;3.0;1
SESS-13744;2026-08-30 19:04:56;USR-1015;2009-09-15;M;Standard;3;0;300;App;Dota 2;;0
SESS-14673;2026-08-12 10:43:35;USR-1792;2005-06-21;M;Standard;2;0;200;Card;Apex Legends;4.5;0
SESS-11058;2026-08-09 00:43:20;USR-1330;2003-11-27;M;VIP;3;440;600;Card;Dota 2;4.5;0
SESS-11469;2026-08-30 09:58:34;USR-1657;2006-10-12;M;VIP;4;560;800;Card;Dota 2;4.5;0
SESS-15062;2026-08-31 22:17:08;USR-1543;2011-02-13;M;Standard;8;0;720;App;CS2;5.0;1
SESS-11321;2026-08-08 04:54:04;USR-1289;2011-06-28;M; standard ;3;0;300;App;CS2;4.0;0
SESS-14591;2026-08-17 00:20:44;USR-1444;2003-05-12;M;Standard;8;896;720;App;Dota 2;;1
SESS-14474;2026-08-08 20:33:40;USR-1712;2005-03-09;M;VIP;8;1106;1440;App;Valorant;;1
SESS-14584;2026-08-22 12:40:40;USR-1616;2009-04-21;M;Standard;1;80;100;Card;CS2;;0
SESS-15013;2026-08-12 17:59:31;USR-1383;2008-04-01;M;Standard;1;120;100;Card;GTA V;;0
SESS-13411;2026-08-11 18:58:45;USR-1520;2002-05-27;F;Standard;2;320;200;Card;Dota 2;4.0;0
SESS-10242;2026-08-15 13:54:12;USR-1119;2012-02-02;M;Standard;2;0;200;App;Dota 2;4.5;0
SESS-13052;2026-08-05 07:01:16;USR-1105;1994-09-17;M;VIP;12;2226;2160;Card;CS2;4.5;1
SESS-11749;2026-08-28 12:44:14;USR-1576;2006-11-16;M;VIP;2;0;400;App;Deadlock;4.0;0
SESS-13661;2026-08-01 20:11:32;USR-1643;1998-10-25;M;PS5;2;540;500;App;Dota 2;;0
SESS-13309;2026-08-07 15:20:56;USR-1755;2010-03-19;M;Bootcamp;3;0;405;Cash;Minecraft;2.0;1
SESS-13735;2026-08-12 22:08:07;USR-1748;2011-10-15;M;Standard;12;0;1200;Cash;Valorant;;0
SESS-13954;2026-08-02 19:26:27;USR-1158;2010-11-08;M;Bootcamp;1;0;150;App;Minecraft;5.0;0
SESS-11450;2026-08-02 16:44:10;USR-1073;2003-06-06;M;PS5;1;0;250;App;Dota 2;;0
SESS-12713;2026-08-08 00:45:26;USR-1481;2006-12-21;M;VIP;12;0;2160;Card;Dota 2;;1
SESS-15004;2026-08-26 22:51:12;USR-1725;2005-05-24;M;Standard;8;640;800;Card;Dota 2;4.5;0
SESS-11406;2026-08-25 07:28:35;USR-1131;2006-04-21;M;PS5;4;0;1000;App;CS2;4.5;0
SESS-12833;2026-08-08 17:57:13;USR-1533;2004-07-09;M;Standard;2;0;200;Card;CS2;5.0;0
SESS-14947;2026-08-22 16:50:24;USR-1126;1998-09-28;M;VIP;3;1470;540;Card;GTA V;1.0;1
SESS-10337;2026-08-16 22:14:02;USR-1372;2004-05-24;M;PS5;3;360;750;App;CS2;;0
SESS-10208;2026-08-16 19:03:41;USR-1264;2007-02-06;M;Bootcamp;2;0;300;Card;Apex Legends;5.0;0
SESS-12216;2026-08-13 21:17:31;USR-1398;2006-09-06;M;Bootcamp;4;630;600;Card;Valorant;4.5;0
SESS-11644;2026-08-29 18:52:25;USR-1044;2010-12-22;F;VIP;2;0;400;App;Minecraft;;0
SESS-14379;2026-08-07 17:30:40;USR-1713;2012-07-20;M;Standard;3;0;300;Card;Dota 2;;0
SESS-10991;2026-08-03 17:42:18;USR-1424;2004-11-14;M;Bootcamp;1;0;150;Card;Dota 2;;0
SESS-14350;2026-08-12 14:14:42;USR-1015;2009-09-15;M;VIP;4;0;800;Cash;Minecraft;;0
SESS-13134;2026-08-30 02:49:18;USR-1340;2010-06-09;M;VIP;1;40;200;App;Deadlock;;0
SESS-10488;2026-08-12 10:50:43;USR-1067;2009-11-26;M;Standard;3;120;300;Cash;Valorant;;0
SESS-10102;2026-08-01 14:10:29;USR-1144;2009-09-12;M;Bootcamp;2;0;300;Card;Minecraft;;0
SESS-12012;2026-08-08 19:31:02;USR-1069;2004-02-20;M;Standard;2;320;200;Card;CS2;;0
SESS-13207;2026-08-01 17:47:24;USR-1068;2004-06-11;M;Bootcamp;4;790;600;Card;CS2;4.0;0
SESS-10076;2026-08-16 23:50:31;USR-1793;2006-09-24;m;Standard;8;1280;800;Card;Cyberpunk 2077;4.5;0
SESS-10943;2026-08-05 20:31:54;USR-1016;1989-08-17;F;PS5;1;330;250;Card;CS2;4.0;0
SESS-14240;2026-08-13 19:05:10;USR-1104;2009-06-16;M;Bootcamp;2;0;300;Cash;Valorant;4.0;0
SESS-10330;2026-08-30 21:12:24;USR-1754;2010-04-04;M;Standard;2;0;200;Cash;CS2;5.0;0
SESS-12129;2026-08-16 15:04:48;USR-1137;2005-12-19;M;Standard;2;0;200;Card;CS2;5.0;0
SESS-12604;2026-08-29 17:12:55;USR-1612;2002-03-01;M;PS5;4;448;900;Card;Apex Legends;;1
SESS-10352;2026-08-16 14:23:42;USR-1517;2008-08-25;M;Standard;3;0;300;App;Apex Legends;;0
SESS-12009;2026-08-23 17:39:20;USR-1021;2008-06-07;M;Bootcamp;4;400;600;App;CS2;4.5;0
SESS-10622;2026-08-21 15:33:55;USR-1179;2006-03-19;M;Standard;2;0;200;App;Dota 2;;0
SESS-11872;2026-08-23 13:09:07;USR-1110;2012-12-13;F;PS5;4;0;900;Cash;Dota 2;4.0;1
SESS-13549;2026-08-23 10:57:31;USR-1394;2007-06-09;F;PS5;2;160;500;Card;Minecraft;;0
SESS-14621;2026-08-23 15:45:29;USR-1071;2004-05-19;F; standard ;3;0;300;App;Valorant;;0
SESS-10661;2026-08-23 20:42:38;USR-1129;2010-06-11;M;Standard;5;0;500;App;Valorant;4.0;0
SESS-13845;2026-08-18 10:28:51;USR-1089;2003-05-03;M;Standard;4;448;360;Card;CS2;;1
SESS-11675;2026-08-22 11:15:35;USR-1536;2005-02-23;F;PS5;2;320;500;Cash;CS2;4.5;0
SESS-11055;2026-08-30 09:22:41;USR-1004;2011-09-09;M;Standard;2;0;200;Cash;Minecraft;;0
SESS-13870;2026-08-11 16:05:57;USR-1631;1994-07-28;M;Bootcamp;2;660;300;Card;Cyberpunk 2077;;0
SESS-11641;2026-08-15 14:15:33;USR-1784;2007-03-26;M;Standard;3;0;270;Card;Apex Legends;5.0;1
SESS-11070;2026-08-31 20:24:42;USR-1028;2005-10-03;M;Standard;1;120;100;Card;Dota 2;;0
SESS-11323;2026-08-04 12:11:11;USR-1021;2008-06-07;M;Standard;2;0;200;Card;CS2;;0
SESS-14795;2026-08-30 01:12:02;USR-1130;2007-08-16;M;Bootcamp;5;950;750;Card;PUBG;;0
SESS-13795;2026-08-22 22:35:37;USR-1603;1992-03-04;M;VIP;12;0;2400;Card;Cyberpunk 2077;;0
SESS-13324;2026-08-19 16:22:00;USR-1102;1997-01-21;M;Standard;1;180;100;App;Cyberpunk 2077;;0
SESS-13610;2026-08-02 22:09:26;USR-1072;2007-05-10;M;Bootcamp;3;0;450;Card;Valorant;4.0;0
SESS-11432;2026-08-28 01:42:18;USR-1743;2009-09-28;M;Bootcamp;8;0;1200;Cash;Minecraft;4.0;0
SESS-12758;2026-08-17 22:08:25;USR-1413;2004-02-24;M;Standard;8;0;800;App;Dota 2;4.0;0
SESS-10183;2026-08-19 22:55:35;USR-1018;2008-06-09;M;PS5;8;640;2000;App;CS2;;0
SESS-10534;2026-08-18 23:19:52;USR-1442;2006-07-09;M;Bootcamp;8;1040;1200;App;PUBG;;0
SESS-12823;2026-08-27 18:09:26;USR-1041;2010-09-17;M;Standard;2;0;200;App;Deadlock;;0
SESS-11368;2026-08-01 13:48:35;USR-1382;2007-03-24;M;Standard;2;240;200;Card;CS2;4.0;0
SESS-12282;2026-08-06 23:12:45;USR-1005;1997-11-25;F;VIP;8;0;1600;App;Cyberpunk 2077;;0
SESS-13414;2026-08-26 18:10:54;USR-1414;2004-12-19;F;VIP;3;0;540;Card;Valorant;;1
SESS-10698;2026-08-26 14:18:16;USR-1228;2012-07-05;M;Standard;8;640;800;App;Valorant;4.0;0
SESS-11393;2026-08-30 19:54:02;USR-1749;2012-05-08;M;Standard;2;0;200;App;GTA V;4.5;0
SESS-11455;2026-08-27 18:43:18;USR-1265;2006-06-18;F;Standard;2;0;200;Cash;CS2;;0
SESS-12299;2026-08-03 08:36:08;USR-1148;2002-11-01;M;Standard;8;960;800;Card;Valorant;;0
SESS-13003;2026-08-31 18:05:20;USR-1259;2001-01-11;M;Bootcamp;2;0;300;Card;CS2;;0
SESS-12439;2026-08-09 17:44:44;USR-1627;2000-03-26;M;PS5;3;1050;750;Card;CS2;;0
SESS-13439;2026-08-10 22:59:14;USR-1152;2006-10-26;M;PS5;8;1280;2000;Card;CS2;4.0;0
SESS-11017;2026-08-09 12:23:00;USR-1495;2008-05-21;F;Bootcamp;1;160;150;App;Dota 2;;0
SESS-13238;2026-08-30 20:11:26;USR-1048;2012-12-04;M;Standard;3;251;270;Cash;CS2;4.5;1
SESS-13671;2026-08-17 18:18:59;USR-1379;2003-06-06;M;Standard;4;320;400;Card;CS2;;0
SESS-11116;2026-08-27 20:05:48;USR-1409;2012-01-27;M;Standard;2;0;200;Card;Minecraft;;0
SESS-12728;2026-08-08 19:08:50;USR-1717;2004-11-07;F;Standard;2;336;180;Card;GTA V;;1
SESS-10559;2026-08-14 17:57:18;USR-1072;2007-05-10;M;Standard;5;0;500;App;CS2;;0
SESS-10784;2026-08-07 14:41:08;USR-1137;2005-12-19;M;Standard;5;560;450;Card;Dota 2;;1
SESS-11720;2026-08-04 14:34:54;USR-1177;2005-09-12;M;Standard;3;360;300;Cash;CS2;;0
SESS-14075;2026-08-09 19:07:21;USR-1357;2009-05-07;M;Bootcamp;2;0;300;Cash;Dota 2;;0
SESS-11298;2026-08-25 11:21:52;USR-1053;2010-07-19;M;Bootcamp;8;0;1200;App;CS2;5.0;0
SESS-11329;2026-08-18 11:08:42;USR-1425;2008-06-18;M;Bootcamp;2;0;300;Card;Dota 2;;0
SESS-10847;2026-08-07 20:50:43;USR-1306;2005-02-02;M;Bootcamp;2;0;300;Card;Dota 2;;0
SESS-15146;2026-08-01 12:18:39;USR-1738;2008-02-04;M;Bootcamp;3;0;450;Cash;Dota 2;4.0;0
SESS-11332;2026-08-08 00:09:37;USR-1376;2004-04-12;F;VIP;12;2226;2160;Card;CS2;5.0;1
SESS-11936;2026-08-22 19:06:07;USR-1568;2010-02-02;M;Standard;2;0;200;App;CS2;;0
SESS-14368;2026-08-10 16:41:19;USR-1484;2001-01-15;M;Bootcamp;3;630;450;Card;Dota 2;;0
SESS-11475;2026-08-23 13:09:26;USR-1422;2008-08-20;M;VIP;4;0;800;App;Valorant;;0
SESS-10334;2026-08-16 18:04:43;USR-1087;2005-04-04;M;Standard;4;0;360;Card;CS2;5.0;1
SESS-14042;2026-08-18 16:27:06;USR-1427;2004-03-20;M;Standard;3;480;300;App;Dota 2;;0
SESS-10913;2026-08-07 19:03:20;USR-1045;2007-06-12;M;PS5;2;0;500;Cash;Deadlock;;0
SESS-11266;2026-08-08 20:00:23;USR-1185;2004-04-07;M;Standard;5;0;450;App;CS2;4.0;1
SESS-12291;2026-08-21 11:07:27;USR-1773;1996-01-05;F;Standard;2;500;200;Card;CS2;5.0;0
SESS-11960;2026-08-06 14:23:54;USR-1140;2005-12-21;M;Bootcamp;1;230;150;Card;Dota 2;;0
SESS-12307;2026-08-29 13:14:21;USR-1260;1991-05-12;F;VIP;2;390;400;Card;CS2;;0
SESS-14978;2026-08-05 01:11:40;USR-1081;2006-01-23;M;Standard;8;0;800;Card;Apex Legends;3.0;0
SESS-14019;2026-08-18 15:13:33;USR-1124;2008-09-24;M;Standard;2;0;200;Cash;CS2;;0
SESS-12824;2026-08-09 12:03:42;USR-1477;2002-05-15;F;Bootcamp;2;0;300;Card;Valorant;;0
SESS-12809;2026-08-15 16:36:25;USR-1452;2011-12-14;M;VIP;5;0;900;Card;Dota 2;;1
SESS-12170;2026-08-14 15:03:11;USR-1585;1998-04-16;M;Standard;3;0;270;Card;CS2;4.5;1
SESS-11715;2026-08-13 21:44:06;USR-1087;2005-04-04;M;VIP;4;1007;720;App;CS2;4.5;1
SESS-14538;2026-08-31 16:45:05;USR-1080;2004-02-20;M;VIP;4;400;800;Cash;Valorant;3.0;0
SESS-11464;2026-08-28 07:53:30;USR-1073;2003-06-06;M;PS5;2;0;500;Cash;GTA V;;0
SESS-14161;2026-08-01 09:17:46;USR-1016;1989-08-17;F;Standard;1;250;100;Card;Cyberpunk 2077;3.0;0
SESS-10501;2026-08-25 19:19:54;USR-1209;2011-09-28;M;VIP;1;40;200;Cash;Minecraft;;0
SESS-14865;2026-08-21 14:45:42;USR-1004;2011-09-09;M;Standard;3;0;300;Cash;PUBG;;0
SESS-10689;2026-08-24 18:08:45;USR-1508;2005-09-26;F;Standard;5;1120;450;Card;Dota 2;;1
SESS-13314;2026-08-21 14:58:17;USR-1322;2002-10-04;F;Standard;1;0;100;App;Valorant;;0
SESS-11879;2026-08-20 10:32:43;USR-1101;2002-07-27;F;Standard;2;160;200;Card;Dota 2;;0
SESS-12003;2026-08-30 11:04:20;USR-1068;2004-06-11;M;VIP;1;200;200;Card;Minecraft;;0
SESS-11863;2026-08-01 18:37:54;USR-1766;2009-08-10;M;Standard;3;0;300;Card;CS2;;0
SESS-11199;2026-08-20 16:47:14;USR-1099;1996-05-13;M;Standard;2;0;200;Card;PUBG;4.0;0
SESS-12103;2026-08-18 02:55:19;USR-1427;2004-03-20;M;PS5;4;672;900;Card;CS2;;1
SESS-14829;2026-08-13 18:51:37;USR-1672;2006-01-03;M;Bootcamp;2;470;300;App;GTA V;;0
SESS-14243;2026-08-14 22:52:05;USR-1488;2010-03-27;M;Bootcamp;5;0;675;Cash;Valorant;;1
SESS-10975;2026-08-25 18:31:21;USR-1486;2009-11-06;M;Standard;4;0;360;App;CS2;2.0;1
SESS-14170;2026-08-07 15:03:49;USR-1795;2006-06-12;F;Standard;2;320;200;Card;Valorant;5.0;0
SESS-15090;2026-08-21 12:38:36;USR-1054;2005-04-23;M;Bootcamp;2;0;300;Card;Dota 2;4.0;0
SESS-13990;2026-08-31 17:03:09;USR-1619;1989-11-18;F;VIP;5;0;1000;Card;CS2;2.0;0
SESS-14055;2026-08-11 12:33:50;USR-1798;2004-10-18;F;Standard;2;0;200;Card;Apex Legends;;0
SESS-10999;2026-08-17 21:06:23;USR-1655;2007-10-26;M;PS5;1;80;250;Card;Dota 2;4.5;0
SESS-14168;2026-08-15 18:13:16;USR-1139;2012-01-04;M;Standard;2;0;200;Cash;CS2;;0
SESS-11977;2026-08-22 22:40:01;USR-1132;2001-03-23;M;Standard;8;0;720;Card;Valorant;5.0;1
SESS-13921;2026-08-08 17:42:01;USR-1057;2011-11-08;M;Standard;1;40;100;Cash;Valorant;;0
SESS-13064;2026-08-30 18:34:10;USR-1013;2006-02-09;M;Bootcamp;3;448;405;Card;Dota 2;5.0;1
SESS-14429;2026-08-09 21:06:24;USR-1463;2007-09-18;M;VIP;2;400;400;Cash;Apex Legends;;0
SESS-13121;2026-08-05 22:57:25;USR-1024;2008-05-04;M;VIP;8;720;1600;Cash;CS2;4.0;0
SESS-14891;2026-08-16 20:45:59;USR-1695;2006-04-26;M;Bootcamp;8;1456;1080;App;Dota 2;4.5;1
SESS-13733;2026-08-29 15:27:56;USR-1029;2011-12-05;M;Standard;2;0;200;Cash;Dota 2;;0
SESS-11723;2026-08-07 13:20:56;USR-1693;2000-02-10;M;PS5;1;480;250;Card;Dota 2;3.0;0
SESS-12681;2026-08-14 16:43:43;USR-1119;2012-02-02;M;Standard;3;0;270;Card;Valorant;5.0;1
SESS-12046;2026-08-02 11:57:28;USR-1005;1997-11-25;F;PS5;2;0;500;Card;Cyberpunk 2077;4.5;0
SESS-10051;2026-08-04 14:55:16;USR-1359;2002-01-27;M;Standard;2;160;200;App;CS2;;0
SESS-10789;2026-08-29 22:07:57;USR-1066;2002-11-13;M;Standard;8;960;800;Card;PUBG;4.5;0
SESS-11324;2026-08-30 21:28:46;USR-1322;2002-10-04;F;PS5;3;0;750;Card;Apex Legends;;0
SESS-12051;2026-08-09 12:43:15;USR-1130;2007-08-16;M;PS5;2;0;500;Card;Valorant;;0
SESS-13100;2026-08-02 18:08:39;USR-1055;2009-07-20;M;Bootcamp;2;80;300;Cash;CS2;;0
SESS-14674;2026-08-26 23:11:12;USR-1273;2007-03-21;M;Standard;12;0;1080;Cash;CS2;4.5;1
SESS-11206;2026-08-02 16:12:46;USR-1073;2003-06-06;M;Bootcamp;2;0;300;Card;Dota 2;4.5;0
SESS-10136;2026-08-28 14:53:24;USR-1543;2011-02-13;M;Standard;1;80;100;Cash;CS2;4.0;0
SESS-14780;2026-08-23 17:00:15;USR-1570;2007-04-04;M;Standard;3;240;300;App;CS2;5.0;0
SESS-11776;2026-08-15 18:41:02;USR-1220;2006-07-05;M;Standard;1;0;100;Card;Dota 2;5.0;0
SESS-10308;2026-08-26 19:06:15;USR-1441;2011-10-17;M;VIP;2;160;400;App;Valorant;;0
SESS-13679;2026-08-08 21:35:26;USR-1306;2005-02-02;M;Bootcamp;1;200;150;Card;CS2;;0
SESS-14886;2026-08-13 15:40:29;USR-1099;1996-05-13;M;VIP;4;1819;720;Card;CS2;5.0;1
SESS-12587;2026-08-23 16:25:56;USR-1661;1999-06-25;M;Standard;1;180;100;Card;CS2;4.0;0
SESS-12208;2026-08-24 10:05:54;USR-1148;2002-11-01;M;Bootcamp;1;0;150;App;Minecraft;;0
SESS-10449;2026-08-26 14:45:15;USR-1028;2005-10-03;M;VIP;2;0;400;Card;Dota 2;3.0;0
SESS-12736;2026-08-23 19:37:41;USR-1593;2011-08-08;F;Standard;2;160;200;Cash;CS2;4.0;0
SESS-13949;2026-08-14 13:06:50;USR-1192;2012-07-02;M;Standard;3;336;270;App;Minecraft;;1
SESS-11541;2026-08-28 18:31:58;USR-1693;2000-02-10;M;Standard;2;0;200;Card;Browser/Work;4.0;0
SESS-12165;2026-08-12 15:23:21;USR-1013;2006-02-09;M;Standard;2;320;200;App;Dota 2;;0
SESS-11168;2026-08-17 14:33:29;USR-1117;2010-01-23;M;Bootcamp;2;80;300;App;Valorant;4.5;0
SESS-14578;2026-08-01 14:07:44;USR-1666;1996-10-13;F;VIP;3;1050;600;App;Cyberpunk 2077;;0
SESS-13911;2026-08-22 14:16:39;USR-1655;2007-10-26;M;VIP;1;0;200;Card;Valorant;;0
SESS-14593;2026-08-29 15:52:14;USR-1202;2007-03-03;M;PS5;2;0;500;App;Apex Legends;4.5;0
SESS-12578;2026-08-24 19:41:26;USR-1504;2010-03-07;M;Standard;2;0;200;App;Dota 2;;0
SESS-10642;2026-08-20 21:12:45;USR-1305;2010-08-22;M;Bootcamp;3;0;405;App;CS2;;1
SESS-13959;2026-08-21 10:58:49;USR-1301;2006-12-07;M;VIP;3;784;540;Card;Apex Legends;;1
SESS-12214;2026-08-10 08:55:53;USR-1200;2005-09-08;M;Standard;1;120;100;;Valorant;;0
SESS-14072;2026-08-05 19:44:41;USR-1768;2005-03-02;M;Bootcamp;1;240;150;Card;CS2;;0
SESS-12039;2026-08-14 19:29:53;USR-1021;2008-06-07;M;Standard;5;800;500;Cash;Dota 2;;0
SESS-13147;2026-08-05 08:19:54;USR-1007;2009-09-04;M;Standard;1;0;100;Card;Dota 2;;0
SESS-11850;2026-08-07 02:21:09;USR-1280;2009-11-26;M;Standard;2;160;200;Cash;Valorant;4.5;0
SESS-11414;2026-08-28 14:15:16;USR-1600;2006-02-21;M;Standard;3;360;300;App;Apex Legends;4.5;0
SESS-13141;2026-08-30 19:49:58;USR-1609;1994-08-09;M;Standard;8;2000;800;Card;Dota 2;5.0;0
SESS-12467;2026-08-23 16:04:12;USR-1098;2004-04-09;F;Bootcamp;2;240;300;Card;Valorant;;0
SESS-11867;2026-08-19 17:06:42;USR-1482;2012-12-10;M;Standard;1;0;100;App;Minecraft;;0
SESS-10116;2026-08-26 20:58:49;USR-1019;2004-08-06;M;VIP;4;1106;720;Card;Deadlock;4.5;1
SESS-13915;2026-08-02 14:53:06;USR-1042;2004-05-10;F;VIP;3;440;600;Card;Dota 2;4.5;0
SESS-14669;2026-08-15 18:35:18;USR-1710;2006-10-16;M;Standard;1;0;100;Cash;Deadlock;;0
SESS-14750;2026-08-28 18:50:36;USR-1783;2012-06-22;M;Standard;1;80;100;Cash;CS2;;0
SESS-12124;2026-08-23 19:09:58;USR-1108;1991-01-03;M;VIP;4;0;800;Card;CS2;;0
SESS-14638;2026-08-02 22:13:22;USR-1534;2005-10-07;M;Bootcamp;8;1110;1200;Card;CS2;;0
SESS-10022;2026-08-28 21:53:47;USR-1024;2008-05-04;M;Standard;4;672;360;Cash;Apex Legends;4.0;1
SESS-14842;2026-08-28 09:39:42;USR-1557;2010-10-11;M;Standard;2;0;200;App;Dota 2;5.0;0
SESS-11703;2026-08-05 22:38:43;USR-1788;2006-11-06;M;Bootcamp;12;2000;1800;App;Deadlock;2.0;0
SESS-15098;2026-08-01 11:43:38;USR-1478;1991-11-11;m;VIP;3;660;600;Card;GTA V;5.0;0
SESS-14391;2026-08-02 21:03:30;USR-1437;1992-02-27;F;VIP;12;2436;2160;Card;CS2;4.5;1
SESS-10563;2026-08-03 11:13:17;USR-1342;2012-05-19;M;Standard;3;251;270;Card;CS2;4.0;1
SESS-10578;2026-08-08 10:31:50;USR-1391;2012-11-11;F;Standard;2;0;200;Card;Valorant;;0
SESS-10481;2026-08-28 18:31:23;USR-1475;2009-02-19;M;VIP;1;60;200;App;Minecraft;;0
SESS-11694;2026-08-31 15:15:56;USR-1194;2005-12-26;M;VIP;2;0;360;Card;Valorant;;1
SESS-10512;2026-08-19 20:39:28;USR-1135;2004-06-20;F;Bootcamp;4;720;600;Card;CS2;;0
SESS-13592;2026-08-16 13:53:53;USR-1356;2012-03-10;M;Bootcamp;1;0;150;Cash;Deadlock;3.0;0
SESS-14530;2026-08-09 18:21:17;USR-1090;1989-07-13;F;VIP;8;3220;1440;Card;Valorant;;1
SESS-13638;2026-08-16 20:21:22;USR-1499;2004-05-04;M;Standard;1;0;100;App;PUBG;;0
SESS-14499;2026-08-07 08:12:12;USR-1486;2009-11-06;M;Standard;1;40;100;Card;Valorant;2.0;0
SESS-14003;2026-08-21 01:56:36;USR-1101;2002-07-27;F;Standard;8;0;800;Card;CS2;4.5;0
SESS-14640;2026-08-10 09:58:34;USR-1323;2004-11-08;M;VIP;2;470;400;Card;Minecraft;4.0;0
SESS-11096;2026-08-07 16:41:12;USR-1047;2007-02-05;M;Standard;2;240;200;Card;Dota 2;4.5;0
SESS-11025;2026-08-14 00:42:37;USR-1606;1993-05-15;M;VIP;8;0;1600;Card;Dota 2;;0
SESS-11488;2026-08-01 11:16:46;USR-1076;2001-08-10;M;Standard;2;240;200;App;Dota 2;;0
SESS-10419;2026-08-16 17:24:28;USR-1059;2012-05-14; M ;Standard;3;0;300;App;CS2;;0
SESS-11686;2026-08-18 08:10:23;USR-1003;2004-08-17;M;Bootcamp;2;0;270;Card;CS2;;1
SESS-10545;2026-08-23 16:51:44;USR-1023;2003-06-20;M;Standard;5;840;450;Card;CS2;3.0;1
SESS-11122;2026-08-03 10:14:02;USR-1041;2010-09-17;M;Standard;2;120;200;App;Minecraft;4.0;0
SESS-14581;2026-08-23 17:36:59;USR-1038;2005-04-06;F;Bootcamp;2;400;300;Card;Apex Legends;;0
SESS-12225;2026-08-17 17:09:57;USR-1717;2004-11-07;F;Standard;4;448;360;App;Dota 2;4.5;1
SESS-13266;2026-08-17 14:56:19;USR-1101;2002-07-27;F;Standard;1;0;100;Card;CS2;;0
SESS-13979;2026-08-20 23:08:18;USR-1019;2004-08-06;M;Standard;8;960;800;Card;Valorant;4.0;0
SESS-14554;2026-08-01 02:51:55;USR-1344;2007-08-22;M;Standard;2;240;200;App;Deadlock;;0
SESS-14039;2026-08-14 16:58:47;USR-1744;2004-08-18;M;PS5;2;160;500;Card;Valorant;4.5;0
SESS-13640;2026-08-02 18:23:46;USR-1500;2006-05-26;M;VIP;8;1360;1600;Card;CS2;5.0;0
SESS-14377;2026-08-27 16:39:03;USR-1570;2007-04-04;M;Bootcamp;1;200;150;App;CS2;3.0;0
SESS-15115;2026-08-05 16:35:52;USR-1156;2010-02-04;M;Standard;4;0;360;Cash;Deadlock;;1
SESS-10264;2026-08-27 18:27:43;USR-1149;1996-01-09;F;Bootcamp;4;780;600;App;CS2;4.5;0
SESS-14112;2026-08-25 12:14:37;USR-1384;2011-09-05;M;Standard;5;300;500;App;Minecraft;4.0;0
SESS-13242;2026-08-23 17:21:08;USR-1564;2003-03-04;M;Standard;5;0;500;App;CS2;;0
SESS-13943;2026-08-29 10:15:04;USR-1395;2006-01-23;M;Standard;3;503;270;Card;CS2;2.0;1
SESS-14494;2026-08-17 00:46:50;USR-1383;2008-04-01;M;Bootcamp;3;0;450;Card;CS2;;0
SESS-11200;2026-08-05 15:18:20;USR-1122;2010-04-17;M;Standard;3;168;270;App;Dota 2;4.5;1
SESS-12397;2026-08-08 17:49:18;USR-1660;2008-08-15;M;Bootcamp;2;336;270;Cash;Apex Legends;;1
SESS-12696;2026-08-02 13:57:18;USR-1538;2001-06-06;F;Bootcamp;3;560;450;Card;CS2;;0
SESS-12795;2026-08-08 15:40:10;USR-1530;2006-04-19;M;Standard;4;640;400;Card;Dota 2;5.0;0
SESS-14486;2026-08-01 18:00:39;USR-1169;2006-10-11;M;Standard;2;0;200;App;Deadlock;;0
SESS-12967;2026-08-01 21:53:17;USR-1340;2010-06-09;M;VIP;2;0;400;Cash;Deadlock;;0
SESS-12875;2026-08-10 16:45:22;USR-1286;2001-02-12;M;PS5;5;0;1125;Card;Valorant;4.5;1
SESS-13928;2026-08-06 23:28:30;USR-1284;2009-03-16;M;Standard;8;640;800;App;Valorant;2.0;0
SESS-10627;2026-08-30 14:19:25;USR-1098;2004-04-09;F;Standard;2;0;200;Card;Dota 2;4.0;0
SESS-11914;2026-08-31 07:19:36;USR-1611;2008-05-26;F;Bootcamp;8;1007;1080;App;Apex Legends;4.5;1
SESS-13548;2026-08-28 19:53:17;USR-1652;2006-05-12;M;Standard;2;0;200;Card;CS2;;0
SESS-13208;2026-08-15 20:14:39;USR-1203;1999-03-15;M;Bootcamp;2;0;300;Card;Dota 2;4.0;0
SESS-13012;2026-08-15 18:13:52;USR-1069;2004-02-20;M;Standard;5;0;450;Card;CS2;4.0;1
SESS-13857;2026-08-10 12:07:42;USR-1072;2007-05-10;M;Standard;3;480;300;Card;Dota 2;;0
SESS-14438;2026-08-24 22:24:33;USR-1016;1989-08-17;F;PS5;3;900;750;Card;PUBG;4.5;0
SESS-14330;2026-08-02 11:54:49;USR-1537;2009-08-18;F;Standard;2;0;200;Card;CS2;;0
SESS-13149;2026-08-18 16:04:51;USR-1456;2012-06-11;M;VIP;4;448;720;Card;Minecraft;;1
SESS-13450;2026-08-30 09:10:56;USR-1397;2004-08-16;M;Standard;1;0;100;App;Dota 2;4.5;0
SESS-13104;2026-08-10 20:24:21;USR-1338;2004-01-16;M;Standard;2;0;180;Card;Dota 2;;1
SESS-15143;2026-08-30 23:06:44;USR-1350;2002-02-24;M;Standard;5;0;500;App;Apex Legends;4.5;0
SESS-14980;2026-08-12 12:13:41;USR-1258;1998-08-15;M;Standard;2;500;200;Card;CS2;5.0;0
SESS-10097;2026-08-09 08:47:46;USR-1408;2010-04-23;M;Bootcamp;2;0;300;Card;CS2;4.5;0
SESS-12067;2026-08-07 19:21:31;USR-1620;2009-02-13;M;Standard;3;180;300;App;CS2;4.5;0
SESS-13032;2026-08-23 17:03:27;USR-1637;2006-04-06;F;Bootcamp;3;0;450;Card;Dota 2;5.0;0
SESS-11071;2026-08-24 22:05:59;USR-1193;1995-06-05;M;PS5;5;0;1250;Card;CS2;2.0;0
SESS-13017;2026-08-06 20:47:06;USR-1418;2007-10-20;M;Standard;1;0;100;App;Dota 2;;0
SESS-14620;2026-08-18 12:42:51;USR-1567;2010-03-13;M;Bootcamp;1;0;150;Cash;CS2;4.5;0
SESS-10177;2026-08-09 05:31:01;USR-1149;1996-01-09;F;VIP;2;390;400;Card;Dota 2;;0
SESS-11859;2026-08-01 14:31:41;USR-1004;2011-09-09;M;Standard;2;0;200;Card;Dota 2;4.0;0
SESS-10159;2026-08-08 18:08:01;USR-1075;2004-09-10;M;Standard;2;240;200;Card;Deadlock;;0
SESS-14496;2026-08-26 09:49:34;USR-1706;2006-03-20;M;VIP;5;0;1000;App;CS2;;0
SESS-14136;2026-08-23 19:11:03;USR-1140;2005-12-21;M;Bootcamp;2;390;300;Card;CS2;;0
SESS-15031;2026-08-09 23:23:21;USR-1671;2002-10-12;M;VIP;8;1040;1600;Cash;Apex Legends;;0
SESS-13254;2026-08-20 12:29:51;USR-1453;2004-02-15;F;Standard;3;0;300;Card;CS2;;0
SESS-11894;2026-08-14 00:21:26;USR-1738;2008-02-04;M;Bootcamp;8;790;1200;App;PUBG;;0
SESS-11861;2026-08-08 00:50:16;USR-1496;2011-02-24;M;VIP;8;896;1440;Cash;Dota 2;4.0;1
SESS-12268;2026-08-17 16:53:19;USR-1067;2009-11-26;M;VIP;3;168;540;Cash;Minecraft;5.0;1
SESS-13711;2026-08-23 14:36:48;USR-1694;2012-03-17;M;Bootcamp;12;0;1620;App;Dota 2;;1
SESS-10564;2026-08-23 16:04:33;USR-1469;2009-03-24;F;Standard;3;0;270;App;Valorant;3.0;1
SESS-13427;2026-08-16 20:50:37;USR-1372;2004-05-24;M;Bootcamp;3;448;405;App;CS2;;1
SESS-14574;2026-08-09 14:40:11;USR-1483;2004-09-14;F;VIP;1;0;200;Cash;CS2;;0
SESS-13555;2026-08-07 05:43:58;USR-1619;1989-11-18;F;Bootcamp;2;0;300;Card;Browser/Work;;0
SESS-12354;2026-08-23 13:43:53;USR-1111;2000-02-14;M;Standard;2;240;200;Card;Cyberpunk 2077;;0
SESS-12776;2026-08-28 10:07:30;USR-1171;2009-02-26;M;Standard;3;0;300;Card;Dota 2;;0
SESS-14437;2026-08-13 20:39:36;USR-1122;2010-04-17;M;Bootcamp;2;0;300;Cash;CS2;;0
SESS-13001;2026-08-06 19:21:34;USR-1136;2005-05-16;M;Bootcamp;5;0;750;Card;CS2;3.0;0
SESS-13132;2026-08-24 18:55:11;USR-1624;2009-06-09;M;Standard;1;0;100;Card;CS2;;0
SESS-13168;2026-08-28 21:24:36;USR-1207;2007-02-06;F;VIP;1;0;200;App;Dota 2;;0
SESS-14835;2026-08-16 11:46:19;USR-1076;2001-08-10;M;PS5;1;160;250;Cash;Minecraft;;0
SESS-13897;2026-08-01 14:27:18;USR-1215;2005-02-03;M;PS5;1;0;250;Card;Dota 2;;0
SESS-14533;2026-08-21 20:49:56;USR-1794;2011-09-16;M;VIP;2;0;360;App;Minecraft;;1
SESS-14262;2026-08-04 18:42:36;USR-1093;2003-03-25;M;VIP;2;0;400;Card;PUBG;3.0;0
SESS-13832;2026-08-23 20:20:43;USR-1103;2003-03-02;M;Standard;4;896;360;App;CS2;4.5;1
SESS-12233;2026-08-30 08:44:46;USR-1583;2006-10-15;F;Bootcamp;1;240;150;Card;Dota 2;3.0;0
SESS-13006;2026-08-28 21:31:34;USR-1003;2004-08-17;M;Standard;3;480;300;Card;Valorant;3.0;0
SESS-12356;2026-08-15 07:25:54;USR-1019;2004-08-06;M;Bootcamp;8;1106;1080;Card;Apex Legends;5.0;1
SESS-14783;2026-08-17 15:42:17;USR-1116;1993-09-19;M;PS5;1;0;250;Card;Cyberpunk 2077;;0
SESS-11345;2026-08-22 19:38:48;USR-1185;2004-04-07;M;VIP;4;0;800;App;CS2;;0
SESS-14888;2026-08-09 13:56:47;USR-1104;2009-06-16;M;Standard;3;0;300;Cash;CS2;4.0;0
SESS-11565;2026-08-24 16:50:50;USR-1566;2004-01-04;M;VIP;3;630;600;Card;Minecraft;;0
SESS-14336;2026-08-19 21:29:37;USR-1434;2005-08-03;M;VIP;1;240;200;Card;GTA V;;0
SESS-14694;2026-08-02 11:38:56;USR-1022;2004-01-17;M;Standard;3;336;270;App;CS2;4.0;1
SESS-11835;2026-08-08 17:55:30;USR-1715;2007-11-09;M;Standard;5;0;450;Cash;CS2;4.5;1
SESS-10128;2026-08-17 21:26:17;USR-1428;2005-10-11;F;VIP;2;470;400;Card;Apex Legends;;0
SESS-13922;2026-08-16 00:29:53;USR-1118;2006-06-28;M;Standard;8;1280;800;Card;CS2;3.0;0
SESS-13709;2026-08-23 13:43:11;USR-1387;1995-10-18;M;Standard;1;0;100;Card;CS2;;0
SESS-14520;2026-08-07 17:38:13;USR-1020;2006-04-26;M;Bootcamp;4;630;600;Card;CS2;;0
SESS-11733;2026-08-17 16:55:36;USR-1561;2002-04-19;M;Bootcamp;1;0;150;Card;Dota 2;;0
SESS-11020;2026-08-16 16:32:46;USR-1116;1993-09-19;M;Standard;2;240;200;Card;CS2;5.0;0
SESS-14996;2026-08-24 06:17:34;USR-1035;1993-09-24;M;VIP;2;800;400;App;GTA V;4.5;0
SESS-14546;2026-08-08 17:35:26;USR-1079;2007-12-07;M;Standard;2;320;200;Card;Dota 2;;0
