session_id;date;user_id;birth_date;gender;pc_zone;hours_played;extra_bar_spent;total_paid;payment_method;game_played;client_rating;discount_promo
SESS-16266;2026-08-26 01:46:56;USR-1735;1987-10-01;F;PS5;8;0;2000;Card;Cyberpunk 2077;;0
SESS-14616;2026-08-26 02:37:57;USR-1070;2008-04-24;M;VIP;2;658;360;Cash;Dota 2;;1
SESS-15596;2026-08-10 16:00:19;USR-1510;2010-12-16;M;Standard;2;80;200;Card;Minecraft;;0
SESS-10138;2026-08-15 10:18:56;USR-1044;1996-12-25;M;VIP;1;330;200;App;Cyberpunk 2077;;0
SESS-10788;2026-08-26 09:48:34;USR-1034;1991-12-14;M;VIP;1;550;200;Card;CS2;;0
SESS-14155;2026-08-09 11:54:09;USR-1310;2001-03-17;M;Standard;4;320;400;App;CS2;4.0;0
SESS-12435;2026-08-02 14:48:38;USR-1069;2011-02-16;M;Standard;2;0;200;App;CS2;2.0;0
SESS-16062;2026-08-29 16:43:15;USR-1175;2004-01-25;M;VIP;4;1007;720;Card;CS2;3.0;1
SESS-16648;2026-08-22 18:50:24;USR-1694;2005-10-01;M;Standard;3;0;270;Card;Valorant;;1
SESS-14034;2026-08-02 17:27:50;USR-1085;2000-07-21;M;VIP;1;420;200;Card;Dota 2;;0
SESS-16803;2026-08-27 17:51:28;USR-1050;2008-12-03;F;Standard;3;0;300;Cash;CS2;;0
SESS-12652;2026-08-29 22:44:41;USR-1291;2003-11-11;M;Bootcamp;5;0;750;Card;CS2;4.0;0
SESS-10940;2026-08-23 16:39:54;USR-1030;2002-07-03;M;Standard;4;0;400;Cash;CS2;;0
SESS-11305;2026-08-09 22:28:47;USR-1051;2011-06-02;F;Standard;8;0;800;App;Valorant;;0
SESS-15403;2026-08-12 16:05:32;USR-1409;2002-06-19;F;VIP;1;310;200;Card;Valorant;;0
SESS-15985;2026-08-15 18:41:19;USR-1665;1998-03-01;M;VIP;1;378;180;Card;CS2;5.0;1
SESS-14144;2026-08-23 17:36:25;USR-1675;1995-05-13;M;PS5;1;270;250;Card;GTA V;4.5;0
SESS-12815;2026-08-28 18:51:30;USR-1617;2006-01-04;M;PS5;2;0;500;App;Deadlock;5.0;0
SESS-14604;2026-08-22 18:46:58;USR-1259;1993-11-23;M;PS5;1;400;250;App;PUBG;;0
SESS-10177;2026-08-20 20:37:21;USR-1006;2007-06-18;M;Bootcamp;4;0;600;Card;Valorant;;0
SESS-13205;2026-08-01 15:19:57;USR-1627;2006-07-13;M;Standard;3;480;300;Card;Valorant;5.0;0
SESS-14482;2026-08-18 17:23:30;USR-1134;1995-04-07;M;VIP;4;0;800;Card;CS2;5.0;0
SESS-15069;2026-08-07 01:01:54;USR-1299;2011-11-09;M;Standard;8;0;720;Cash;Apex Legends;;1
SESS-12147;2026-08-18 16:01:36;USR-1547;2006-11-17;M;Standard;2;0;200;App;CS2;;0
SESS-13177;2026-08-23 13:26:29;USR-1029;1999-08-16;M;PS5;3;0;750;Card;GTA V;5.0;0
SESS-16775;2026-08-08 18:31:29;USR-1358;1999-07-08;M;Bootcamp;2;0;300;Card;GTA V;4.0;0
SESS-16466;2026-08-23 18:56:13;USR-1022;2012-11-14;F;Bootcamp;5;0;750;Cash;Minecraft;;0
SESS-14510;2026-08-01 18:16:41;USR-1056;2002-03-26;M;VIP;3;0;600;Card;CS2;;0
SESS-16188;2026-08-13 09:54:03;USR-1145;2003-05-21;M;Bootcamp;1;270;150;Card;Dota 2;;0
SESS-11742;2026-08-18 22:44:14;USR-1470;2009-07-10;M;Standard;8;0;800;App;Valorant;4.0;0
SESS-10505;2026-08-11 14:30:34;USR-1191;2004-10-14;M;Standard;3;240;300;App;Valorant;;0
SESS-13986;2026-08-05 21:51:50;USR-1585;1994-11-04;M;PS5;1;420;250;Card;CS2;;0
SESS-11476;2026-08-08 21:49:43;USR-1680;2011-10-20;M;Standard;2;0;200;App;Dota 2;5.0;0
SESS-16040;2026-08-22 20:43:42;USR-1709;1996-11-07;M;Standard;3;750;300;Cash;Dota 2;4.0;0
SESS-15141;2026-08-07 20:03:45;USR-1722;2006-12-24;M;VIP;2;320;400;Card;Dota 2;;0
SESS-15820;2026-08-02 01:06:19;USR-1097;2006-04-09;M;Standard;8;0;800;Cash;Apex Legends;;0
SESS-12875;2026-08-14 15:08:14;USR-1607;2010-10-08;M;PS5;2;0;450;Cash;Minecraft;;1
SESS-11907;2026-08-13 16:34:55;USR-1062;1998-04-23;M;Standard;1;180;100;Card;CS2;;0
SESS-10276;2026-08-23 22:13:21;USR-1558;2010-10-16;M;VIP;8;0;1600;App;CS2;3.0;0
SESS-15838;2026-08-08 18:18:55;USR-1665;1998-03-01;M;Standard;2;0;200;Card;CS2;;0
SESS-12116;2026-08-05 18:34:28;USR-1184;2002-05-24;M;PS5;3;0;750;Card;CS2;;0
SESS-16790;2026-08-16 16:53:59;USR-1697;2008-06-21;M;Standard;2;0;200;Cash;Valorant;;0
SESS-16305;2026-08-06 09:37:27;USR-1460;2008-06-02;F;Standard;3;480;300;Card;Dota 2;4.0;0
SESS-16855;2026-08-30 20:32:40;USR-1711;2003-02-18;M;VIP;1;0;200;App;CS2;3.0;0
SESS-16590;2026-08-01 20:25:28;USR-1456;2010-01-11;M;Standard;1;0;100;Card;Valorant;4.0;0
SESS-15899;2026-08-01 17:51:56;USR-1032;2011-02-27;M;Standard;3;0;300;App;Valorant;3.0;0
SESS-15764;2026-08-13 15:11:59;USR-1261;2009-09-13;F;VIP;4;240;800;App;Minecraft;;0
SESS-11277;2026-08-23 18:01:51;USR-1108;2002-06-14;M;Standard;3;503;270;Card;Dota 2;5.0;1
SESS-10545;2026-08-29 16:44:54;USR-1620;2007-03-28;F;Standard;2;160;200;Card;CS2;;0
SESS-14935;2026-08-14 14:17:02;USR-1141;2007-07-14;M;Standard;4;0;400;App;Dota 2;4.0;0
SESS-12364;2026-08-01 12:11:06;USR-1627;2006-07-13;M;PS5;4;0;900;App;Valorant;;1
SESS-14602;2026-08-23 16:24:09;USR-1748;2004-06-07;M;Standard;1;112;90;App;PUBG;;1
SESS-13119;2026-08-09 21:54:47;USR-1128;2007-05-19;M;Standard;3;0;300;Card;CS2;3.0;0
SESS-13688;2026-08-22 11:36:02;USR-1279;2004-10-22;M;Standard;1;0;100;Card;CS2;;0
SESS-12759;2026-08-11 17:08:07;USR-1533;2009-06-12;M;VIP ;2;0;200;App;CS2;;0
SESS-16408;2026-08-02 16:24:30;USR-1029;1999-08-16;M;PS5;8;1554;1800;Card;CS2;;1
SESS-10376;2026-08-15 13:54:17;USR-1095;2006-06-20;M;VIP;1;200;200;Card;CS2;;0
SESS-13604;2026-08-28 17:25:16;USR-1067;2011-04-02;M;Standard;3;0;300;Card;Minecraft;5.0;0
SESS-13510;2026-08-02 19:02:55;USR-1318;2005-10-26;M;PS5;2;0;500;Card;Dota 2;4.0;0
SESS-11220;2026-08-30 15:33:41;USR-1018;2011-02-01;M;VIP;1;0;200;App;CS2;4.5;0
SESS-10420;2026-08-13 22:25:37;USR-1618;2007-04-14;M;Standard;3;360;300;App;Valorant;2.0;0
SESS-11730;2026-08-17 14:52:46;USR-1508;2004-04-15;F;Standard;8;1344;720;App;CS2;;1
SESS-13244;2026-08-13 17:37:29;USR-1436;2006-04-01;M;VIP;1;240;200;App;Deadlock;4.0;0
SESS-13298;2026-08-03 09:32:31;USR-1330;2005-11-10;F;Standard;3;672;270;Card;CS2;4.0;1
SESS-12533;2026-08-06 10:51:26;USR-1087;2004-11-25;F;Standard;3;672;270;Card;Valorant;4.0;1
SESS-16187;2026-08-19 22:19:51;USR-1439;2009-12-23;M;Standard;5;0;500;Cash;Deadlock;;0
SESS-12373;2026-08-06 02:42:55;USR-1064;2004-07-08;M;Standard;2;320;200;Card;CS2;;0
SESS-15295;2026-08-26 00:18:10;USR-1113;2010-05-22;M;Standard;3;0;300;Card;Minecraft;;0
SESS-12154;2026-08-27 11:51:06;USR-1602;2005-10-19;F;VIP;8;0;1600;App;Dota 2;4.0;0
SESS-10558;2026-08-13 13:25:53;USR-1657;1997-08-05;M;PS5;2;0;500;Card;Dota 2;;0
SESS-16289;2026-08-17 12:38:03;USR-1530;2005-12-18;M;VIP;3;784;540;Card;Dota 2;5.0;1
SESS-16898;2026-08-23 14:18:23;USR-1108;2002-06-14;M;PS5;3;336;675;Card;CS2;4.0;1
SESS-16908;2026-08-08 10:41:14;USR-1055;2004-09-27;M;Standard;5;840;450;Cash;Apex Legends;5.0;1
SESS-13802;2026-08-25 21:44:39;USR-1748;2004-06-07;M;PS5;3;672;675;Card;CS2;;1
SESS-13539;2026-08-17 16:21:14;USR-1042;1997-02-02;M;VIP;3;0;540;App;Cyberpunk 2077;4.5;1
SESS-16613;2026-08-10 23:02:23;USR-1061;2004-03-24;M;PS5;8;0;2000;Card;CS2;;0
SESS-12943;2026-08-22 14:21:04;USR-1425;2011-03-08;M;Standard;4;320;400;Cash;CS2;;0
SESS-13221;2026-08-23 23:07:06;USR-1040;1991-03-07;M;VIP;3;660;600;Card;Dota 2;5.0;0
SESS-15692;2026-08-08 11:02:04;USR-1696;2000-03-11;M;Standard;3;1050;270;App;Dota 2;;1
SESS-15526;2026-08-05 20:57:40;USR-1628;2012-08-25;M;Standard;1;0;100;App;Valorant;;0
SESS-13429;2026-08-07 15:34:00;USR-1607;2010-10-08;M;Standard;4;0;360;Cash;Minecraft;;1
SESS-13913;2026-08-12 14:02:13;USR-1773;2005-04-21;M;Standard;3;240;300;App;Deadlock;4.0;0
SESS-11390;2026-08-19 19:23:35;USR-1281;2011-04-25;F;Standard;2;160;200;Card;CS2;;0
SESS-14945;2026-08-26 01:10:15;USR-1227;1996-04-01;M;VIP;8;1110;1600;Card;CS2;4.5;0
SESS-14379;2026-08-08 20:33:43;USR-1784;2009-04-19;M;VIP;4;336;720;App;CS2;;1
SESS-15621;2026-08-07 12:54:24;USR-1182;2011-02-24;M;VIP;3;0;540;Cash;Deadlock;4.5;1
SESS-14507;2026-08-24 14:43:33;USR-1336;2002-08-22;F;Bootcamp;2;400;300;App;CS2;3.0;0
SESS-12231;2026-08-09 23:49:56;USR-1702;2010-01-12;M;Standard;8;0;720;Cash;Minecraft;5.0;1
SESS-15102;2026-08-28 21:36:27;USR-1372;2003-04-10;M;Standard;1;160;100;App;CS2;3.0;0
SESS-11423;2026-08-03 14:52:45;USR-1416;1990-11-01;M;VIP;2;650;400;Card;Dota 2;;0
SESS-15268;2026-08-08 18:19:56;USR-1264;2011-03-02;M;Standard;2;0;200;Card;Minecraft;2.0;0
SESS-17204;2026-08-05 12:18:22;USR-1136;2004-04-28;M;Bootcamp;2;0;300;Card;CS2;5.0;0
SESS-10453;2026-08-26 00:52:53;USR-1077;1996-09-03;M;VIP;12;1590;2400;Card;Dota 2;5.0;0
SESS-13961;2026-08-28 15:37:17;USR-1092;2001-05-02;F;Standard;4;448;360;Card;Dota 2;5.0;1
SESS-16064;2026-08-06 15:12:21;USR-1742;2008-04-20;M;Standard;1;80;100;Card;Dota 2;;0
SESS-11403;2026-08-26 16:58:15;USR-1034;1991-12-14;M;VIP;1;0;180;Card;Dota 2;;1
SESS-12379;2026-08-02 14:00:34;USR-1080;2007-12-19;M;Standard;8;0;720;App;CS2;4.5;1
SESS-15241;2026-08-15 18:46:55;USR-1446;1988-03-22;M;ps5;2;510;500;Card;CS2;;0
SESS-15374;2026-08-14 11:58:31;USR-1101;2003-05-22;M;VIP;2;336;360;Card;Valorant;;1
SESS-16025;2026-08-25 16:23:06;USR-1615;2011-01-03;M;Bootcamp;2;0;300;Cash;CS2;3.0;0
SESS-16720;2026-08-24 17:30:54;USR-1542;2007-02-24;M;VIP;2;310;400;App;Apex Legends;5.0;0
SESS-12850;2026-08-04 16:58:52;USR-1574;2010-07-20;M; Bootcamp ;8;0;720;App;Minecraft;;1
SESS-16489;2026-08-25 16:58:21;USR-1599;2007-04-09;M;Bootcamp;5;950;750;Cash;Apex Legends;4.0;0
SESS-15468;2026-08-26 21:18:08;USR-1070;2008-04-24;M;Standard;2;240;200;Card;Minecraft;5.0;0
SESS-13050;2026-08-05 17:37:01;USR-1667;1992-07-17;M;VIP;2;0;400;Card;CS2;4.5;0
SESS-17127;2026-08-28 23:45:41;USR-1169;2005-04-02;M;Standard;5;560;450;Card;CS2;;1
SESS-16874;2026-08-29 11:52:30;USR-1292;2004-05-07;M;Standard;1;160;100;Cash;Dota 2;;0
SESS-12471;2026-08-23 16:02:36;USR-1269;1996-06-20;M;PS5;3;510;750;Cash;PUBG;4.5;0
SESS-10121;2026-08-17 15:40:43;USR-1759;2001-11-11;F;PS5;2;320;500;Card;Valorant;;0
SESS-16817;2026-08-05 18:24:23;USR-1091;2004-01-15;M;Bootcamp;3;546;405;Card;Deadlock;4.0;1
SESS-13771;2026-08-13 09:21:19;USR-1549;2002-09-27;M;Standard;3;0;300;Card;CS2;4.5;0
SESS-16686;2026-08-16 11:05:37;USR-1394;2006-07-03;M;Bootcamp;3;0;450;Card;CS2;;0
SESS-15662;2026-08-25 00:12:16;USR-1772;2005-07-07;F;VIP;8;0;1440;Cash;Dota 2;;1
SESS-14731;2026-08-21 08:27:19;USR-1193;2004-02-11;M;Standard;1;168;90;Card;CS2;4.5;1
SESS-15815;2026-08-13 01:23:04;USR-1113;2010-05-22;M;VIP;8;0;1600;Card;Dota 2;;0
SESS-14887;2026-08-19 21:04:56;USR-1694;2005-10-01;M;PS5;2;0;500;App;CS2;;0
SESS-16798;2026-08-23 08:48:06;USR-1015;1998-01-18;M;VIP;2;0;400;App;PUBG;;0
SESS-15362;2026-08-14 17:48:41;USR-1064;2004-07-08;M;Standard;2;240;200;Card;Dota 2;;0
SESS-11049;2026-08-14 12:22:26;USR-1486;1996-12-13;M;PS5;4;1610;900;Card;Cyberpunk 2077;;1
SESS-11319;2026-08-02 08:29:22;USR-1115;2011-06-03;M;Standard;2;0;200;Cash;Dota 2;;0
SESS-15194;2026-08-27 16:12:01;USR-1629;1995-05-02;M;Standard;12;1440;1200;Card;Cyberpunk 2077;4.5;0
SESS-10481;2026-08-08 21:38:12;USR-1612;2000-09-21;F;PS5;4;0;1000;App;Dota 2;;0
SESS-14968;2026-08-29 18:16:07;USR-1146;2004-01-15;M;Standard;2;0;200;Card;Valorant;;0
SESS-16998;2026-08-16 02:55:10;USR-1567;1995-07-10;F;VIP;2;0;400;App;Cyberpunk 2077;5.0;0
SESS-17001;2026-08-05 19:24:09;USR-1761;2001-02-23;F;PS5;3;0;675;App;Dota 2;;1
SESS-10597;2026-08-18 21:40:36;USR-1058;2008-11-03;M;Standard;1;160;100;;CS2;;0
SESS-17020;2026-08-27 23:14:55;USR-1083;2000-08-19;M;Bootcamp;3;510;450;Card;Browser/Work;3.0;0
SESS-12520;2026-08-07 07:41:58;USR-1048;2003-07-10;F;PS5;1;0;250;Card;Valorant;;0
SESS-10518;2026-08-15 17:17:46;USR-1727;1996-03-17;M;PS5;2;650;500;Card;PUBG;3.0;0
SESS-13226;2026-08-29 16:37:36;USR-1334;2000-05-11;M;Standard;3;540;300;Card;PUBG;;0
SESS-15032;2026-08-06 19:22:51;USR-1142;2009-05-05;M;VIP;1;0;200;App;CS2;;0
SESS-16237;2026-08-30 14:25:37;USR-1643;1886-09-20;M;Standard;-2;240;300;Cash;Minecraft;5.0;0
SESS-10888;2026-08-15 18:27:15;USR-1306;2012-10-21;M;Standard;1;40;100;App;CS2;;0
SESS-13960;2026-08-20 14:45:11;USR-1069;1886-09-20;M;Standard;-2;960;1200;Cash;Minecraft;;0
SESS-11870;2026-08-11 10:15:51;USR-1225;2010-05-04;M;Standard;1;60;100;Cash;CS2;4.0;0
SESS-13375;2026-08-09 18:19:13;USR-1777;1989-01-16;M;PS5;1;550;250;Card;Valorant;;0
SESS-10917;2026-08-15 23:11:38;USR-1222;2005-04-07;M;Standard;12;960;1200;Cash;Dota 2;;0
SESS-13235;2026-08-06 20:05:52;USR-1774;2010-08-07;M;Standard;1;0;100;Cash;Minecraft;;0
SESS-14485;2026-08-27 12:57:27;USR-1130;2008-05-01;F;Standard;3;0;300;Card;Dota 2;2.0;0
SESS-15363;2026-08-31 13:03:18;USR-1143;2006-07-15;F;Standard;3;360;300;Card;CS2;4.0;0
SESS-12076;2026-08-22 18:51:11;USR-1382;2006-02-09;M;Standard;1;0;100;Card;Dota 2;;0
SESS-10470;2026-08-08 20:38:02;USR-1298;2012-11-10;F;Standard;3;251;270;Card;Dota 2;;1
SESS-16625;2026-08-29 19:28:50;USR-1625;2006-09-14;M;Standard;2;240;200;Card;Dota 2;;0
SESS-11030;2026-08-21 14:44:50;USR-1374;1992-12-23;M;PS5;2;800;500;Cash;CS2;;0
SESS-10025;2026-08-15 12:26:39;USR-1381;2007-09-03;F;Standard;3;0;300;Card;CS2;4.0;0
SESS-16499;2026-08-31 23:51:08;USR-1149;2003-10-27;M;Bootcamp;12;1040;1800;Card;Dota 2;3.0;0
SESS-11072;2026-08-01 13:45:35;USR-1729;2009-05-27;M;Standard;2;0;200;Cash;CS2;4.5;0
SESS-13570;2026-08-23 17:22:07;USR-1608;2005-08-27;M;Standard;1;160;100;Card;Deadlock;;0
SESS-16766;2026-08-31 08:42:33;USR-1662;2010-08-09;M;Standard;3;0;300;App;Dota 2;;0
SESS-10015;2026-08-29 21:18:09;USR-1609;1999-09-26;M;Standard;2;0;200;Card;CS2;3.0;0
SESS-15372;2026-08-21 20:23:48;USR-1041;2011-07-28;M;Standard;1;0;100;App;CS2;;0
SESS-16244;2026-08-11 23:24:37;USR-1679;2005/07/27;F;Bootcamp;12;2800;1620;Card;Deadlock;4.5;1
SESS-11026;2026-08-03 21:07:51;USR-1510;2010-12-16;M;Standard;3;0;300;App;Dota 2;4.0;0
SESS-14681;2026-08-27 22:52:09;USR-1092;2001-05-02;F;Standard;12;0;1080;App;Dota 2;4.0;1
SESS-10426;2026-08-30 17:00:56;USR-1020;2005-09-26;F;Bootcamp;3;440;450;Card;Valorant;4.0;0
SESS-12269;2026-08-22 14:40:01;USR-1020;2005-09-26;F;Bootcamp;5;1050;675;App;Deadlock;4.5;1
SESS-13550;2026-08-23 16:10:22;USR-1195;2010-04-23;M;Standard;3;0;300;Cash;Minecraft;;0
SESS-15791;2026-08-25 21:10:43;USR-1711;2003-02-18;M;Standard;3;240;300;Cash;CS2;4.5;0
SESS-15119;2026-08-01 14:30:43;USR-1300;2001-04-21;F;Standard;4;480;400;Card;CS2;;0
SESS-15322;2026-08-14 00:23:47;USR-1032;2011-02-27;M;Standard;12;720;1200;Cash;Minecraft;4.5;0
SESS-13273;2026-08-09 19:44:28;USR-1156;2012-02-05;F;Standard;4;0;400;Card;Valorant;;0
SESS-12822;2026-08-16 23:02:48;USR-1108;2002-06-14;M;Standard;8;0;800;Card;Dota 2;;0
SESS-10573;2026-08-26 21:11:10;USR-1759;2001-11-11;F;Bootcamp;2;336;270;Card;CS2;5.0;1
SESS-10942;2026-08-01 17:55:42;USR-1245;2004-06-04;M;Bootcamp;3;882;405;App;Dota 2;2.0;1
SESS-16418;2026-08-30 22:35:35;USR-1525;2010-02-24;M;Standard;8;640;800;App;Deadlock;4.5;0
SESS-12746;2026-08-16 10:17:15;USR-1224;1994-04-01;F;PS5;2;390;500;Card;GTA V;;0
SESS-11571;2026-08-16 13:19:13;USR-1544;1996-10-17;M;VIP;1;330;200;Card;GTA V;;0
SESS-13813;2026-08-05 23:41:38;USR-1595;1998-03-16;M;VIP;8;1590;1600;Card;CS2;;0
SESS-11532;2026-08-22 02:18:01;USR-1026;2010-02-02;M;Bootcamp;2;0;300;App;CS2;;0
SESS-16827;2026-08-07 13:24:36;USR-1585;1994-11-04;M;Standard;3;360;300;Card;CS2;4.0;0
SESS-15622;2026-08-27 14:21:10;USR-1540;2005-12-23;M;Standard;1;160;100;App;CS2;;0
SESS-10189;2026-08-14 22:42:51;USR-1750;2010-08-03;M;Bootcamp;5;0;750;Card;Minecraft;;0
SESS-10469;2026-08-31 16:26:47;USR-1588;2008-12-02;F;PS5;2;320;500;App;Dota 2;;0
SESS-14537;2026-08-02 03:06:18;USR-1787;2005-04-18;M;Standard;2;0;200;Card;CS2;;0
SESS-15932;2026-08-08 16:16:53;USR-1644;2010-12-18;M;Standard;2;0;200;Cash;Minecraft;;0
SESS-16257;2026-08-29 15:42:16;USR-1530;2005-12-18;M;VIP;3;390;600;Card;CS2;;0
SESS-13222;2026-08-23 02:51:42;USR-1137;1993-02-24;M;Bootcamp;2;510;300;App;PUBG;;0
SESS-15785;2026-08-11 14:00:17;USR-1176;2011-08-02;M;Standard;1;0;100;App;Valorant;;0
SESS-14879;2026-08-26 13:23:25;USR-1737;2003-07-27;M;VIP;2;0;400;App;CS2;4.5;0
SESS-16657;2026-08-22 19:27:49;USR-1071;1993-04-12;M;Bootcamp;3;660;450;Card;CS2;;0
SESS-16606;2026-08-22 23:37:45;USR-1347;2006-01-17;F;Standard;8;1280;800;Card;Dota 2;4.5;0
SESS-14159;2026-08-31 19:44:14;USR-1523;2006-10-11;M;Standard;1;0;100;App;Apex Legends;;0
SESS-16659;2026-08-11 19:10:04;USR-1743;2005-12-14;M;VIP;2;0;360;Card;Valorant;4.5;1
SESS-13337;2026-08-22 11:43:47;USR-1119;1997-03-16;M;Standard;4;1007;360;Card;PUBG;;1
SESS-16977;2026-08-13 17:51:33;USR-1011;2011-12-14;M;Standard;3;180;300;Card;Minecraft;;0
SESS-10218;2026-08-05 15:06:52;USR-1483;2005-08-26;M;PS5;2;0;500;Card;Dota 2;;0
SESS-16414;2026-08-21 16:30:12;USR-1757;2001-08-06;M;Bootcamp;3;0;450;Card;Deadlock;;0
SESS-12371;2026-08-08 12:37:07;USR-1034;1991-12-14;M;PS5;2;650;500;Card;Browser/Work;;0
SESS-16072;2026-08-09 09:06:17;USR-1181;1994-12-13;F;PS5;1;400;250;Card;Browser/Work;;0
SESS-11770;2026-08-21 12:30:12;USR-1182;2011-02-24;M;Standard;5;280;450;App;Minecraft;3.0;1
SESS-10544;2026-08-01 15:22:20;USR-1290;2006-10-02;M;Bootcamp;3;0;450;App;CS2;4.0;0
SESS-11467;2026-08-02 00:47:45;USR-1494;2003-01-04;M;Standard;8;960;800;Card;Valorant;;0
SESS-11064;2026-08-30 11:23:35;USR-1697;2008-06-21;M;Standard;1;0;100;Card;Dota 2;;0
SESS-17004;2026-08-26 23:53:51;USR-1368;2006-03-28;M;PS5;5;0;1250;Card;Valorant;;0
SESS-15046;2026-08-11 22:20:40;USR-1049;2011-07-07;M;Bootcamp;8;0;1080;App;Valorant;;1
SESS-10715;2026-08-29 18:52:07;USR-1114;2005-06-01;M;VIP;2;240;400;App;CS2;;0
SESS-12796;2026-08-08 09:31:33;USR-1040;1991-03-07;M;Bootcamp;2;0;300;Card;Cyberpunk 2077;;0
SESS-15661;2026-08-14 11:21:51;USR-1474;1995-07-09;M;PS5;1;550;250;App;Cyberpunk 2077;;0
SESS-12589;2026-08-23 10:56:02;USR-1728;2008-12-03;M;Bootcamp;3;630;450;Card;Dota 2;3.0;0
SESS-12748;2026-08-06 09:08:39;USR-1763;2009-07-07;M;Standard;1;0;100;App;Deadlock;;0
SESS-12268;2026-08-22 18:47:05;USR-1222;07.04.2005;M;Standard;3;240;300;Card;CS2;;0
SESS-15425;2026-08-19 15:05:32;USR-1556;2009-08-19;M;Standard;1;0;100;Cash;Dota 2;;0
SESS-10679;2026-08-02 19:39:59;USR-1150;2004-01-17;F;PS5;3;480;750;Card;Deadlock;4.5;0
SESS-14031;2026-08-19 20:12:04;USR-1089;2012-05-15;M;Standard;2;120;200;App;Minecraft;;0
SESS-15984;2026-08-07 20:21:41;USR-1007;1995-11-02;F;VIP;2;0;400;Card;Dota 2;;0
SESS-14792;2026-08-11 15:36:07;USR-1295;2006-10-07;M;VIP;2;390;400;App;Deadlock;4.0;0
SESS-15841;2026-08-26 06:42:17;USR-1777;1989-01-16;M;VIP;3;0;600;Card;Deadlock;4.5;0
SESS-12050;2026-08-28 20:49:51;USR-1685;2008-12-06;M;Bootcamp;3;0;450;Cash;Valorant;;0
SESS-14477;2026-08-01 14:49:37;USR-1173;2011-08-18;M;Bootcamp;2;0;270;App;Dota 2;;1
SESS-12276;2026-08-02 14:13:44;USR-1026;2010-02-02;M;Standard;1;0;90;App;CS2;;1
SESS-11144;2026-08-15 19:45:26;USR-1394;2006-07-03;M;Standard;3;0;300;Card;Deadlock;4.0;0
SESS-16181;2026-08-09 21:59:34;USR-1199;2004-05-05;F;Bootcamp;2;320;300;Card;CS2;;0
SESS-14106;2026-08-21 20:11:37;USR-1019;2011-02-06;M;VIP;1;80;200;App;CS2;3.0;0
SESS-13407;2026-08-20 14:00:51;USR-1668;2010-11-14;M;Standard;2;112;180;Cash;CS2;;1
SESS-10385;2026-08-12 21:04:28;USR-1674;2004-01-28;F;Standard;1;0;100;App;CS2;;0
SESS-11911;2026-08-14 17:57:08;USR-1662;2010-08-09;M;Standard;1;0;90;Cash;Minecraft;;1
SESS-10168;2026-08-08 15:25:57;USR-1419;2005-12-10;M;Bootcamp;2;0;300;App;Dota 2;;0
SESS-15105;2026-08-21 14:43:57;USR-1337;2006-05-09;M;PS5;2;320;500;App;Dota 2;;0
SESS-14473;2026-08-27 13:37:57;USR-1743;2005-12-14;M;Standard;12;960;1200;Card;Dota 2;4.5;0
SESS-13383;2026-08-19 13:04:26;USR-1709;1996-11-07;M;PS5;8;2300;2000;App;Dota 2;4.5;0
SESS-11253;2026-08-05 11:32:09;USR-1041;2011-07-28;M;Standard;4;0;400;Card;Minecraft;;0
SESS-15086;2026-08-29 00:07:15;USR-1023;2010-02-02;M;Standard;12;0;1080;Card;Deadlock;;1
SESS-14851;2026-08-13 10:34:04;USR-1030;2002-07-03;M;Standard;3;360;300;App;Valorant;4.0;0
SESS-13591;2026-08-31 18:45:08;USR-1645;2008-11-08;M;Bootcamp;2;0;300;Card;CS2;4.5;0
SESS-16167;2026-08-26 11:35:14;USR-1080;2007-12-19;M;Standard;4;448;360;App;CS2;;1
SESS-16248;2026-08-11 19:27:51;USR-1589;2007-02-16;M;VIP;1;0;200;Card;CS2;;0
SESS-14800;2026-08-17 17:01:07;USR-1603;2005-07-17;M;PS5;3;0;750;Card;Dota 2;4.0;0
SESS-13324;2026-08-15 10:45:10;USR-1049;2011-07-07;M;Standard;1;0;100;App;CS2;5.0;0
SESS-16953;2026-08-10 15:26:47;USR-1753;2005-03-09;M;VIP;2;470;400;Cash;Dota 2;;0
SESS-17250;2026-08-24 20:15:37;USR-1365;1997-01-19;M;VIP;3;1470;540;Card;Deadlock;;1
SESS-12244;2026-08-21 17:16:15;USR-1254;2007-12-18;M;Standard;3;0;300;Card;Cyberpunk 2077;4.0;0
SESS-13594;2026-08-13 21:53:56;USR-1071;1993-04-12;M;Standard;4;480;400;Cash;CS2;5.0;0
SESS-15862;2026-08-09 16:32:11;USR-1345;2012-07-11;F;Standard;2;120;200;Card;Minecraft;4.0;0
SESS-15517;2026-08-08 13:50:23;USR-1437;2007-10-20;M;Standard;3;503;270;Card;PUBG;;1
SESS-11801;2026-08-20 12:03:58;USR-1318;2005-10-26;M;VIP;2;390;400;App;CS2;4.5;0
SESS-10187;2026-08-12 20:51:28;USR-1074;2011-11-23;f;Standard;2;80;200;Cash;Minecraft;;0
SESS-16971;2026-08-09 01:32:14;USR-1025;2010-10-04;M;Standard;8;480;800;Cash;Valorant;4.5;0
SESS-10945;2026-08-02 17:29:38;USR-1047;2004-05-25;M;Standard;2;240;200;App;Dota 2;;0
SESS-10662;2026-08-24 21:02:42;USR-1056;2002-03-26;M;Standard;3;0;300;Card;Dota 2;;0
SESS-15840;2026-08-02 19:11:19;USR-1020;2005-09-26;F;Bootcamp;2;400;300;App;Valorant;;0
SESS-15667;2026-08-03 14:35:50;USR-1740;2005-06-21;M;Standard;2;240;200;Cash;CS2;3.0;0
SESS-10728;2026-08-11 22:10:10;USR-1594;2004-06-08;M; standard ;8;1430;1600;Card;CS2;4.5;0
SESS-13381;2026-08-02 14:54:07;USR-1424;2005-07-20;M;Bootcamp;12;0;1800;Card;Dota 2;4.5;0
SESS-13264;2026-08-13 10:48:44;USR-1120;2011-05-02;F;Standard;3;240;300;App;Dota 2;;0
SESS-17170;2026-08-30 20:43:14;USR-1590;2004-05-18;M;Standard;3;360;300;Card;Dota 2;;0
SESS-17156;2026-08-10 20:15:10;USR-1209;1997-08-10;M;Bootcamp;2;0;300;Card;CS2;3.0;0
SESS-14176;2026-08-24 20:05:12;USR-1380;2005-10-24;M;Standard;1;0;100;App;Dota 2;;0
SESS-15544;2026-08-22 19:13:23;USR-1024;2007-08-13;M;PS5;2;160;500;Card;Dota 2;;0
SESS-17086;2026-08-04 13:27:06;USR-1138;2003-02-26;F;Bootcamp;2;0;300;Card;CS2;;0
SESS-14701;2026-08-11 11:02:51;USR-1478;2011-06-28;M;Bootcamp;2;80;300;App;CS2;4.5;0
SESS-11178;2026-08-11 19:38:44;USR-1186;2010-04-20;M;Bootcamp;2;0;300;Cash;Dota 2;;0
SESS-11768;2026-08-30 19:45:30;USR-1459;1996-01-12;M;Standard;12;3024;1080;Card;PUBG;3.0;1
SESS-16006;2026-08-23 19:52:54;USR-1367;2011-04-14;M;Standard;3;0;300;Cash;Apex Legends;4.0;0
SESS-16585;2026-08-19 20:16:07;USR-1758;2011-01-07;F;PS5;2;0;450;App;Dota 2;;1
SESS-12948;2026-08-20 14:58:31;USR-1326;2003-05-12;F;Standard;2;320;200;Card;CS2;3.0;0
SESS-15390;2026-08-13 21:14:53;USR-1661;2012-01-10;M;Standard;4;0;400;Card;Valorant;;0
SESS-12819;2026-08-10 08:31:21;USR-1441;2009-01-06;M;Standard;5;0;450;Cash;Minecraft;4.5;1
SESS-15441;2026-08-07 11:53:31;USR-1708;2008-01-09;M;Standard;2;240;200;Card;CS2;;0
SESS-12115;2026-08-29 09:14:44;USR-1054;2008-05-14;M;Standard;3;336;270;Card;Deadlock;;1
SESS-11799;2026-08-07 01:49:11;USR-1621;2006-03-17;M;VIP;5;0;1000;App;CS2;4.5;0
SESS-11500;2026-08-05 21:17:37;USR-1114;2005-06-01;M;Bootcamp;3;320;450;Card;Dota 2;;0
SESS-12325;2026-08-26 12:35:41;USR-1112;2008-11-25;M;Bootcamp;3;714;405;Card;Valorant;3.0;1
SESS-10634;2026-08-22 11:31:59;USR-1138;2003-02-26;F;PS5;3;503;675;App;CS2;5.0;1
SESS-10986;2026-08-03 12:16:20;USR-1052;2011-10-25;M;Standard;5;0;450;Cash;CS2;5.0;1
SESS-16540;2026-08-01 09:54:25;USR-1135;2008-12-16;M;Standard;1;168;90;App;Valorant;;1
SESS-14112;2026-08-19 22:13:56;USR-1011;2011-12-14;M;PS5;8;0;2000;Card;CS2;;0
SESS-12051;2026-08-05 19:34:54;USR-1103;2008-10-01;M;Standard;4;0;400;App;Deadlock;;0
SESS-14184;2026-08-18 20:34:47;USR-1060;1993-12-16;M;VIP;2;800;400;Card;Dota 2;4.0;0
SESS-12221;2026-08-14 12:11:42;USR-1024;2007-08-13;M;VIP;8;1040;1600;Cash;CS2;4.0;0
SESS-16880;2026-08-18 20:49:47;USR-1475;2006-02-08;F;Bootcamp;4;0;600;App;Dota 2;;0
SESS-17124;2026-08-02 13:54:21;USR-1029;1886-09-20;M;PS5;-2;660;500;Card;CS2;;0
SESS-11732;2026-08-09 23:15:18;USR-1496;1995-12-05;M;Bootcamp;8;2300;1200;Card;Deadlock;;0
SESS-14398;2026-08-18 22:59:37;USR-1026;2010-02-02;M; standard ;12;0;1620;Cash;Valorant;;1
SESS-14544;2026-08-09 16:05:59;USR-1651;2010-02-08;M;Standard;1;0;100;Card;Minecraft;3.0;0
SESS-12847;2026-08-09 19:34:31;USR-1399;1997-04-05;M;Standard;3;360;300;Card;Cyberpunk 2077;4.0;0
SESS-12289;2026-08-13 00:48:17;USR-1563;2007-09-02;M;Standard;5;0;500;App;CS2;;0
SESS-10416;2026-08-26 13:50:51;USR-1716;2009-02-04;F;PS5;2;120;500;Cash;CS2;;0
SESS-17199;2026-08-07 09:43:24;USR-1564;2004-07-10;M;PS5;3;480;750;Card;CS2;5.0;0
SESS-17044;2026-08-03 18:31:23;USR-1406;2005-05-07;M;PS5;4;0;900;App;Dota 2;4.5;1
SESS-13925;2026-08-24 18:07:14;USR-1028;02/10/2005;M;Bootcamp;2;0;300;Card;Deadlock;;0
SESS-15988;2026-08-26 21:38:21;USR-1050;2008-12-03;F;PS5;3;336;675;Cash;CS2;2.0;1
SESS-10849;2026-08-10 15:56:02;USR-1307;2007-08-26;M;Standard;2;320;200;Card;Dota 2;;0
SESS-14323;2026-08-24 18:27:24;USR-1673;1991-07-10;M;VIP;1;330;200;Card;Cyberpunk 2077;4.5;0
SESS-17141;2026-08-11 00:14:59;USR-1512;1999-11-22;M;PS5;8;3220;1800;Card;Valorant;;1
SESS-15765;2026-08-26 19:46:54;USR-1479;1997-10-23;M;PS5;4;1092;900;Card;Cyberpunk 2077;4.0;1
SESS-13372;2026-08-11 17:45:29;USR-1097;2006-04-09;M;Bootcamp;4;630;600;Card;Valorant;5.0;0
SESS-16997;2026-08-20 14:05:47;USR-1128;2007-05-19;M;Standard;2;320;200;Card;Dota 2;5.0;0
SESS-10889;2026-08-29 21:02:05;USR-1315;2009-12-08;M;Standard;4;336;360;App;CS2;4.0;1
SESS-10432;2026-08-16 06:05:03;USR-1329;2007-12-17;M;PS5;1;0;250;Card;CS2;;0
SESS-11869;2026-08-19 17:16:06;USR-1646;2011-06-16;M;Bootcamp;2;0;300;Card;Dota 2;1.0;0
SESS-16608;2026-08-15 04:19:46;USR-1023;2010-02-02;M;Standard;3;240;300;Cash;CS2;;0
SESS-14572;2026-08-08 18:48:10;USR-1490;1999-01-03;M;Standard;2;240;200;App;GTA V;;0
SESS-10294;2026-08-30 15:50:12;USR-1352;2005-07-12;M;Bootcamp;2;400;300;Card;Dota 2;;0
SESS-16354;2026-08-18 18:34:56;USR-1093;2004-06-23;F;Standard;2;0;200;Card;Dota 2;4.0;0
SESS-11674;2026-08-23 21:29:46;USR-1325;2009-12-02;F;Bootcamp;2;0;300;Card;Deadlock;;0
SESS-12791;2026-08-24 22:55:12;USR-1120;2011-05-02;F;Bootcamp;12;0;1620;App;Valorant;;1
SESS-16106;2026-08-31 17:27:55;USR-1211;1996-08-25;M;VIP;2;0;400;Card;GTA V;4.0;0
SESS-13623;2026-08-19 02:41:47;USR-1725;2005-09-06;M;Standard;3;672;270;Card;CS2;;1
SESS-14965;2026-08-16 19:38:17;USR-1291;2003-11-11;M;PS5;3;503;675;Card;Valorant;;1
SESS-14122;2026-08-08 00:58:22;USR-1406;2005-05-07;M;Standard;5;0;500;App;Valorant;4.5;0
SESS-16591;2026-08-30 19:35:31;USR-1321;2010-12-09;M;VIP;3;180;600;App;CS2;;0
SESS-11684;2026-08-13 21:29:41;USR-1399;1997-04-05;M;PS5;1;0;250;Card;Cyberpunk 2077;;0
SESS-15819;2026-08-22 00:34:12;USR-1629;1995-05-02;M;Bootcamp;3;660;450;Card;PUBG;;0
SESS-10449;2026-08-22 08:31:45;USR-1064;2004-07-08;M;Standard;4;640;400;App;CS2;;0
SESS-14293;2026-08-22 19:59:18;USR-1733;2004-11-06;M;Bootcamp;2;0;300;Card;CS2;;0
SESS-10443;2026-08-09 13:38:50;USR-1220;2007-07-24;F;Bootcamp;1;270;150;App;CS2;;0
SESS-14141;2026-08-04 18:58:41;USR-1118;2006-10-19;F;Standard;1;80;100;Card;CS2;;0
SESS-11713;2026-08-29 12:54:01;USR-1751;1997-10-14;M;Standard;2;500;200;App;GTA V;5.0;0
SESS-13700;2026-08-22 15:04:05;USR-1043;2012-06-14;F;Standard;1;40;100;Cash;Deadlock;4.0;0
SESS-14436;2026-08-07 19:07:35;USR-1155;2009-09-19;M;Standard;4;0;400;App;Valorant;4.0;0
SESS-11095;2026-08-16 10:13:24;USR-1197;2009-05-11;F;Standard;2;120;200;App;Minecraft;;0
SESS-10467;2026-08-15 21:53:36;USR-1550;2006-08-25;M;Standard;4;896;360;App;Dota 2;;1
SESS-10907;2026-08-15 22:33:37;USR-1451;2009-10-15;M;Standard;12;0;1200;Cash;CS2;4.5;0
SESS-10532;2026-08-26 13:48:02;USR-1323;2004-06-11;F;VIP;3;616;540;Card;CS2;;1
SESS-15849;2026-08-21 12:02:29;USR-1395;2006-05-19;F;VIP;1;0;200;App;Dota 2;;0
SESS-14239;2026-08-29 19:40:44;USR-1754;2012-09-14;F;Bootcamp;4;224;540;App;Dota 2;5.0;1
SESS-12521;2026-08-11 23:30:48;USR-1529;2007-02-11;F;Bootcamp;8;1360;1200;App;Deadlock;4.5;0
SESS-15207;2026-08-28 22:32:54;USR-1071;1993-04-12;M;VIP;5;750;1000;Cash;Dota 2;;0
SESS-12575;2026-08-12 17:43:17;USR-1032;2011-02-27;M;Standard;3;240;300;App;Valorant;4.0;0
SESS-17176;2026-08-08 16:31:25;USR-1247;2004-06-02;M;Standard;2;160;200;Card;Dota 2;;0
SESS-10428;2026-08-05 22:35:32;USR-1184;2002-05-24;M;PS5;12;2015;2700;Card;Valorant;5.0;1
SESS-11734;2026-08-18 16:24:42;USR-1423;1989-04-26;M;VIP;4;1300;800;App;CS2;;0
SESS-16134;2026-08-19 23:36:27;USR-1243;2010-02-10;M;Standard;8;0;800;App;Valorant;;0
SESS-15199;2026-08-23 12:19:31;USR-1608;2005-08-27;M;PS5;3;240;750;Card;CS2;5.0;0
SESS-10666;2026-08-28 14:54:54;USR-1534;2009-09-17;M;Bootcamp;2;0;300;Cash;Valorant;;0
SESS-10885;2026-08-16 11:05:44;USR-1113;2010-05-22;M;Standard;2;80;200;Cash;CS2;;0
SESS-10996;2026-08-31 07:48:44;USR-1640;2003-10-25;M;Standard;4;448;360;Cash;Valorant;4.5;1
SESS-15854;2026-08-23 18:26:33;USR-1079;2008-08-05;M;VIP;1;0;200;Card;CS2;;0
SESS-14261;2026-08-17 17:54:49;USR-1055;2004-09-27;M;Bootcamp;3;0;405;App;Dota 2;4.0;1
SESS-14060;2026-08-29 12:33:47;USR-1106;2010-07-26;M;Standard;4;0;400;Cash;Dota 2;;0
SESS-13329;2026-08-26 00:07:12;USR-1172;2008-04-11;M;Standard;8;0;720;Card;Dota 2;;1
SESS-16323;2026-08-19 16:21:10;USR-1710;2004-11-20;M;Standard;3;336;270;Card;CS2;4.5;1
SESS-13781;2026-08-20 17:36:48;USR-1730;1997-10-12;M;VIP;1;400;200;Card;GTA V;4.0;0
SESS-12947;2026-08-06 19:41:31;USR-1791;2008-10-28;M;VIP;3;448;540;Card;Dota 2;;1
SESS-14457;2026-08-01 18:33:45;USR-1133;2003-05-21;M;Bootcamp;2;400;300;Card;Dota 2;;0
SESS-13939;2026-08-20 14:12:05;USR-1161;2006-07-09;F;Standard;2;160;200;Card;Dota 2;;0
SESS-13843;2026-08-30 18:18:32;USR-1781;1995-11-14;M;Bootcamp;3;0;450;Card;CS2;5.0;0
SESS-15115;2026-08-16 20:19:37;USR-1445;2006-11-12;M;VIP;1;230;200;Card;Dota 2;;0
SESS-10471;2026-08-04 22:33:20;USR-1487;2006-01-01;M;VIP;12;0;2400;App;Valorant;;0
SESS-13786;2026-08-08 21:23:02;USR-1063;2007-02-12;M;Standard;2;320;200;Card;Dota 2;;0
SESS-11222;2026-08-07 22:19:10;USR-1134;1995-04-07;M;Standard;8;960;800;Card;Cyberpunk 2077;;0
SESS-10292;2026-08-04 17:57:46;USR-1113;2010-05-22;M;Standard;12;960;1200;Card;Dota 2;;0
SESS-14274;2026-08-21 19:15:18;USR-1011;2011-12-14;M;Standard;1;80;100;App;Dota 2;;0
SESS-13137;2026-08-07 02:09:39;USR-1155;2009-09-19;M;PS5;3;120;750;App;GTA V;4.0;0
SESS-15570;2026-08-21 20:11:01;USR-1166;2005-03-11;M;Standard;3;480;300;Cash;Valorant;;0
SESS-12760;2026-08-13 22:57:46;USR-1072;2010-03-15;M;VIP;5;0;900;Cash;Dota 2;;1
SESS-16819;2026-08-16 02:42:32;USR-1702;2010-01-12;M;Standard;3;0;300;Cash;Valorant;4.0;0
SESS-16335;2026-08-10 23:19:07;USR-1136;2004-04-28;м;VIP;12;2070;2400;Card;CS2;2.0;0
SESS-11882;2026-08-24 15:28:19;USR-1636;2004-10-15;M;Standard;2;0;200;Card;Apex Legends;;0
SESS-13412;2026-08-21 14:21:27;USR-1142;2009-05-05;M;Standard;3;336;270;Cash;Deadlock;5.0;1
SESS-14587;2026-08-22 20:58:29;USR-1638;2004-09-21;M;VIP;1;0;200;App;Dota 2;;0
SESS-10461;2026-08-08 16:40:28;USR-1726;2011-09-13;M;Standard;5;0;450;Cash;Deadlock;4.0;1
SESS-13749;2026-08-12 18:04:27;USR-1097;2006-04-09;M;Standard;1;80;100;Card;CS2;;0
SESS-10922;2026-08-16 16:35:12;USR-1741;2008-10-09;M;Standard;12;0;1080;Cash;CS2;4.5;1
SESS-11478;2026-08-23 16:40:33;USR-1655;2004-11-14;M;PS5;2;240;500;Card;CS2;;0
SESS-15949;2026-08-14 19:02:38;USR-1642;2005-07-19;M;Standard;2;0;200;App;Deadlock;;0
SESS-15005;2026-08-23 16:50:53;USR-1110;2006-09-11;F;Bootcamp;3;560;450;Card;Dota 2;4.5;0
SESS-10401;2026-08-09 02:13:09;USR-1680;2011-10-20;M;Bootcamp;4;0;600;Card;Deadlock;4.5;0
SESS-12403;2026-08-07 17:44:02;USR-1159;2003-06-05;M;Standard;3;0;300;Card;CS2;;0
SESS-11265;2026-08-07 14:32:53;USR-1644;2010-12-18;M;Bootcamp;1;40;150;App;Dota 2;;0
SESS-11417;2026-08-26 11:12:02;USR-1631;1992-02-27;M;Standard;3;1050;270;Card;Dota 2;;1
SESS-10430;2026-08-14 14:52:55;USR-1647;1992-06-09;F;VIP;3;510;600;Card;Dota 2;5.0;0
SESS-13584;2026-08-29 21:09:23;USR-1205;2009-07-03;M;Standard;2;0;200;App;Valorant;;0
SESS-10280;2026-08-26 16:58:59;USR-1459;1996-01-12;M;VIP;2;546;360;Card;Browser/Work;3.0;1
SESS-16796;2026-08-19 10:33:21;USR-1662;2010-08-09;M;Standard;5;280;450;Card;Minecraft;3.0;1
SESS-11694;2026-08-08 15:03:38;USR-1151;2007-01-05;F;Bootcamp;1;270;150;Card;CS2;5.0;0
SESS-14368;2026-08-22 18:45:08;USR-1114;2005-06-01;M;PS5;1;0;250;Card;Dota 2;;0
SESS-13274;2026-08-13 16:59:39;USR-1742;2008-04-20;M;Standard;1;160;100;Card;Dota 2;;0
SESS-10010;2026-08-07 22:39:07;USR-1797;2007-11-09;M;Standard;5;0;500;Card;CS2;;0
SESS-15090;2026-08-11 17:42:43;USR-1067;2011-04-02;M;Bootcamp;1;40;150;App;CS2;5.0;0
SESS-12367;2026-08-31 22:35:18;USR-1389;2007-04-01;M;Standard;8;640;800;App;Minecraft;4.5;0
SESS-15202;2026-08-17 19:57:21;USR-1369;2005-09-09;M;Bootcamp;1;0;150;Card;GTA V;;0
SESS-16688;2026-08-26 12:04:23;USR-1660;2003-12-20;M;Bootcamp;2;470;300;App;CS2;4.5;0
SESS-14246;2026-08-29 20:23:45;USR-1055;2004-09-27;M;Bootcamp;12;0;1800;Card;CS2;5.0;0
SESS-10465;2026-08-28 07:38:05;USR-1050;2008-12-03;F;PS5;2;320;500;Card;CS2;;0
SESS-16754;2026-08-02 02:29:50;USR-1613;2011-11-27;M;Standard;3;251;270;Cash;Dota 2;;1
SESS-11895;2026-08-09 21:06:39;USR-1254;2007-12-18;M;Bootcamp;1;322;135;Card;Deadlock;5.0;1
SESS-14577;2026-08-30 09:35:48;USR-1095;2006-06-20;M;Bootcamp;5;0;750;Card;Dota 2;4.0;0
SESS-16556;2026-08-19 21:51:27;USR-1260;2001-11-15;M;PS5;3;336;675;Card;CS2;4.0;1
SESS-16649;2026-08-08 17:36:10;USR-1421;2000-05-11;F;Standard;1;250;100;Card;CS2;;0
SESS-16168;2026-08-21 19:35:38;USR-1308;2007-07-09;M;Bootcamp;8;1040;1200;App;CS2;;0
SESS-14042;2026-08-10 17:06:54;USR-1408;2010-10-25;M;Bootcamp;1;0;150;App;Minecraft;;0
SESS-14304;2026-08-14 17:02:20;USR-1403;2010-01-28;M;Standard;4;0;400;Cash;CS2;;0
SESS-11513;2026-08-19 12:12:55;USR-1054;2008-05-14;M;Standard;3;0;270;App;Deadlock;4.5;1
SESS-11027;2026-08-22 21:13:14;USR-1105;2004-04-12;M;PS5;1;160;250;Card;Deadlock;;0
SESS-15725;2026-08-07 17:41:48;USR-1029;1999-08-16;M;PS5;3;1470;675;Card;Deadlock;5.0;1
SESS-12288;2026-08-11 20:07:46;USR-1057;2007-12-06;M;Bootcamp;2;0;300;Cash;Valorant;5.0;0
SESS-10656;2026-08-01 20:06:03;USR-1011;2011-12-14;M;Standard;2;0;200;App;Valorant;4.0;0
SESS-12211;2026-08-30 23:21:57;USR-1431;2003-06-20;M;PS5;5;800;1250;Card;CS2;;0
SESS-12696;2026-08-23 16:34:19;USR-1738;1998-03-01;M;VIP;2;660;400;Card;Browser/Work;4.5;0
SESS-12656;2026-08-09 13:23:38;USR-1717;2003-09-19;M;PS5;1;120;250;Card;Apex Legends;;0
SESS-12381;2026-08-15 17:41:46;USR-1770;2006-09-08;M;VIP;2;0;400;App;Dota 2;;0
SESS-15184;2026-08-02 12:14:55;USR-1717;2003-09-19;M;PS5;3;0;750;App;CS2;;0
SESS-15619;2026-08-15 17:14:14;USR-1396;2003-09-15;F;Bootcamp;8;0;1080;App;Valorant;4.5;1
SESS-11628;2026-08-04 23:21:07;USR-1519;2010-11-07;M;Bootcamp;8;480;1200;Cash;Dota 2;4.0;0
SESS-16829;2026-08-22 23:34:51;USR-1120;2011-05-02;F;Standard;8;0;800;App;CS2;;0
SESS-16850;2026-08-09 16:01:23;USR-1139;2003-05-21;M;VIP;3;0;600;App;CS2;4.0;0
SESS-12962;2026-08-01 16:25:44;USR-1703;2010-05-17;M;Standard;2;80;200;Cash;CS2;;0
SESS-16933;2026-08-27 15:08:52;USR-1589;2007-02-16;M;VIP;2;310;400;App;CS2;;0
SESS-12900;2026-08-29 09:17:00;USR-1421;2000-05-11;F;PS5;3;1050;750;Card;PUBG;4.0;0
SESS-10131;2026-08-14 19:33:13;USR-1676;1992-07-26;M;Standard;1;180;100;Card;CS2;4.0;0
SESS-10765;2026-08-01 22:14:13;USR-1394;2006-07-03;M;Standard;5;0;500;Card;CS2;;0
SESS-11639;2026-08-30 20:17:11;USR-1695;2011-02-25;M;Standard;5;560;450;App;Apex Legends;;1
SESS-11217;2026-08-11 00:19:58;USR-1111;2011-09-06;M;Standard;8;480;800;Card;Valorant;2.0;0
SESS-12112;2026-08-16 00:40:05;USR-1190;2005-12-28;M;VIP;12;1110;2400;Card;Dota 2;4.0;0
SESS-16727;2026-08-09 21:27:31;USR-1153;2008-06-09;M;Standard;1;80;100;App;CS2;4.5;0
SESS-15351;2026-08-22 17:54:44;USR-1159;2003-06-05;M;Standard;3;336;270;Cash;Apex Legends;4.0;1
SESS-12136;2026-08-23 20:38:06;USR-1576;2010-12-17;F;Standard;12;0;1080;Cash;Dota 2;;1
SESS-10242;2026-08-26 16:56:46;USR-1112;2008-11-25;M;VIP;2;0;400;App;CS2;;0
SESS-17258;2026-08-19 13:24:58;USR-1395;2006-05-19;F;VIP;4;0;720;App;Dota 2;;1
SESS-13354;2026-08-20 21:17:33;USR-1268;1886-09-20;M;Standard;-2;336;270;Card;PUBG;;1
SESS-13346;2026-08-21 15:08:26;USR-1118;2006-10-19;F;Bootcamp;1;0;150;Card;Apex Legends;4.5;0
SESS-16910;2026-08-28 15:05:20;USR-1440;2008-07-19;M;Bootcamp;2;320;300;Card;Dota 2;5.0;0
SESS-12295;2026-08-05 14:10:57;USR-1164;2005-09-09;M;Standard;5;0;450;App;Apex Legends;5.0;1
SESS-12096;2026-08-09 10:43:30;USR-1591;2010-11-12;F;Standard;1;0;100;Cash;Deadlock;;0
SESS-16961;2026-08-24 14:26:59;USR-1029;1999-08-16;M;VIP;2;650;400;Card;CS2;;0
SESS-12780;2026-08-09 12:43:58;USR-1574;2010-07-20;M;Bootcamp;5;0;750;App;Minecraft;;0
SESS-16424;2026-08-28 01:10:15;USR-1368;2006-03-28;M;Bootcamp;8;0;1200;Cash;CS2;;0
SESS-12212;2026-08-02 19:24:41;USR-1035;1998-09-03;M;Standard;2;0;180;Cash;CS2;;1
SESS-11135;2026-08-31 17:12:56;USR-1647;1992-06-09;F;VIP;2;540;400;Card;CS2;;0
SESS-11213;2026-08-08 12:03:23;USR-1108;2002-06-14;M;VIP;2;390;400;Card;Dota 2;4.0;0
SESS-12959;2026-08-22 19:13:48;USR-1029;1999-08-16;M;Standard;2;360;200;Card;PUBG;5.0;0
SESS-10411;2026-08-29 22:47:52;USR-1088;1992-02-13;M;VIP;8;1110;1600;Card;Deadlock;4.5;0
SESS-13741;2026-08-04 21:55:10;USR-1079;2008-08-05;M;PS5;5;1120;1125;App;Dota 2;5.0;1
SESS-13053;2026-08-19 22:51:37;USR-1500;2008-06-21;M;Bootcamp;12;1110;1800;Card;Minecraft;5.0;0
SESS-13886;2026-08-29 20:51:39;USR-1335;2011-03-17;M;Bootcamp;5;0;675;Cash;Valorant;5.0;1
SESS-16147;2026-08-13 16:03:55;USR-1005;2011-10-01;M;Standard;2 ч.;0;200;App;Dota 2;;0
SESS-11090;2026-08-30 23:34:05;USR-1080;2007-12-19;M;Standard;2;240;200;App;CS2;;0
SESS-15554;2026-08-26 19:43:50;USR-1514;2006-08-24;M;Bootcamp;3;630;450;App;Dota 2;;0
SESS-14260;2026-08-09 16:52:14;USR-1564;2004-07-10;M;Standard;2;0;200;Card;CS2;5.0;0
SESS-12202;2026-08-05 23:26:03;USR-1350;2012-11-16;M;PS5;3;168;675;App;CS2;3.0;1
SESS-13481;2026-08-30 17:09:55;USR-1327;2004-04-27;M;PS5;3;0;750;Card;Dota 2;;0
SESS-14552;2026-08-08 01:55:01;USR-1637;2005-08-14;M;VIP;12;2070;2400;Card;CS2;5.0;0
SESS-16008;2026-08-30 16:20:23;USR-1327;2004-04-27;M;Bootcamp;2;470;300;Card;Valorant;4.0;0
SESS-14037;2026-08-22 14:11:12;USR-1125;2006-07-09;F;VIP;5;0;1000;Card;Dota 2;5.0;0
SESS-12023;2026-08-22 20:20:22;USR-1091;2004-01-15;M;ps5;3;480;300;App;Deadlock;3.0;0
SESS-16117;2026-08-15 19:04:06;USR-1292;2004-05-07;M;Standard;4;640;400;Card;CS2;;0
SESS-14697;2026-08-21 20:20:15;USR-1527;1996-01-05;M;Bootcamp;1;0;150;Card;CS2;;0
SESS-14752;2026-08-01 16:12:35;USR-1018;2011-02-01;M;Standard;3;168;270;App;Valorant;;1
SESS-14339;2026-08-30 23:15:33;USR-1049;2011-07-07;M;VIP;5;300;1000;Cash;GTA V;4.5;0
SESS-14689;2026-08-19 01:48:09;USR-1127;2009-02-14;M;VIP;12;960;2400;App;Minecraft;;0
SESS-11355;2026-08-27 17:21:15;USR-1792;2008-07-22;F;VIP;2;0;400;Cash;Dota 2;5.0;0
SESS-14162;2026-08-29 18:39:26;USR-1073;2012-07-14;F;VIP;8;0;1600;Cash;Minecraft;;0
SESS-13396;2026-08-15 13:29:45;USR-1650;2011-04-01;F;Standard;2;120;200;App;Deadlock;;0
SESS-14385;2026-08-30 09:32:20;USR-1290;2006-10-02;M;Bootcamp;3;0;450;Card;Deadlock;;0
SESS-16436;2026-08-27 17:37:23;USR-1022;2012-11-14;F;Standard;3;180;300;Card;GTA V;;0
SESS-16060;2026-08-06 17:29:18;USR-1661;2012-01-10;M;Bootcamp;2;0;300;Cash;Deadlock;;0
SESS-11168;2026-08-16 22:16:58;USR-1328;2005-07-26;M;Standard;12;960;1200;Card;Valorant;;0
SESS-12440;2026-08-01 18:42:25;USR-1458;2006-03-09;M;VIP;4;784;720;;CS2;;1
SESS-11548;2026-08-24 21:58:12;USR-1121;2007-05-26;M;Standard;1;80;100;App;CS2;4.5;0
SESS-13575;2026-08-15 16:12:31;USR-1285;2004-05-01;F;Standard;1;80;100;Card;CS2;;0
SESS-12232;2026-08-29 14:33:10;USR-1094;2004-10-05;M;VIP;2;0;400;App;Valorant;;0
SESS-10957;2026-08-24 19:35:14;USR-1512;1999-11-22;M;PS5;2;660;500;Card;CS2;4.5;0
SESS-14271;2026-08-26 21:06:05;USR-1043;2012-06-14;F;VIP;1;0;200;App;CS2;;0
SESS-10977;2026-08-16 15:10:10;USR-1154;1987-12-02;M;VIP;3;900;600;Card;Cyberpunk 2077;;0
SESS-11219;2026-08-12 23:54:23;USR-1072;2010-03-15;M;Standard;8;0;800;Card;Minecraft;;0
SESS-10392;2026-08-02 13:44:53;USR-1044;1996-12-25;M;VIP;2;390;400;Card;Cyberpunk 2077;;0
SESS-15571;2026-08-23 20:56:09;USR-1073;2012-07-14;F;Standard;3;0;300;App;Valorant;;0
SESS-15977;2026-08-16 13:08:23;USR-1026;2010-02-02;M;Standard;3;120;300;Card;CS2;3.0;0
SESS-11894;2026-08-05 16:03:47;USR-1746;2007-05-24;M;Bootcamp;2;310;300;Card;Dota 2;;0
SESS-16871;2026-08-19 16:54:13;USR-1660;2003-12-20;M;Standard;1;120;100;App;CS2;;0
SESS-15802;2026-08-08 14:15:38;USR-1113;2010-05-22;M;PS5;1;0;250;Cash;Deadlock;4.0;0
SESS-10291;2026-08-23 22:50:54;USR-1152;2006-12-04;M;Standard;2;320;200;Card;Valorant;;0
SESS-11102;2026-08-07 13:24:30;USR-1601;2011-09-11;M;Standard;3;336;270;App;CS2;;1
SESS-10185;2026-08-10 10:54:52;USR-1382;2006-02-09;M;VIP;2;470;400;App;PUBG;;0
SESS-13677;2026-08-01 17:57:30;USR-1172;2008-04-11;M;VIP;4;400;800;Card;CS2;;0
SESS-10975;2026-08-19 10:18:09;USR-1117;2006-12-19;M;VIP;3;560;600;App;Dota 2;;0
SESS-13091;2026-08-02 17:14:06;USR-1217;2004-06-24;M;VIP;2;0;400;App;Dota 2;;0
SESS-14641;2026-08-22 19:50:43;USR-1058;2008-11-03;M;Standard;2;160;200;Card;Valorant;;0
SESS-14035;2026-08-27 09:25:38;USR-1361;2006-10-14;M;Bootcamp;1;200;150;Card;Dota 2;;0
SESS-11536;2026-08-24 01:35:44;USR-1183;2009-12-28;F;Standard;2;160;200;App;CS2;;0
SESS-14613;2026-08-20 16:03:30;USR-1045;2006-09-28;M;Standard;3;240;300;Card;Dota 2;;0
SESS-15217;2026-08-07 09:02:56;USR-1480;2002-10-07;F;VIP;2;470;400;Card;CS2;;0
SESS-12668;2026-08-21 15:09:30;USR-1149;2003-10-27;M;Bootcamp;2;470;300;Card;CS2;;0
SESS-11340;2026-08-28 16:00:29;USR-1798;2005-01-26;F;Standard;2;0;180;Cash;Deadlock;;1
SESS-12624;2026-08-16 05:15:11;USR-1542;2007-02-24;M;VIP;1;270;200;Card;Deadlock;;0
SESS-12467;2026-08-28 18:27:46;USR-1128;2007-05-19;M;Standard;4;0;360;Card;Dota 2;;1
SESS-13204;2026-08-23 14:15:18;USR-1484;2003-09-21;M;Bootcamp;5;550;750;Cash;Dota 2;5.0;0
SESS-12292;2026-08-15 21:13:30;USR-1108;2002-06-14;M;VIP;1;200;200;Card;CS2;5.0;0
SESS-16108;2026-08-28 16:28:15;USR-1037;2003-11-24;M;PS5;2;240;500;Card;Dota 2;5.0;0
SESS-14940;2026-08-31 18:32:42;USR-1414;2011-02-23;M;Standard;1;0;100;Card;Dota 2;;0
SESS-16255;2026-08-28 19:01:37;USR-1026;2010-02-02;M;Standard;3;120;300;App;Valorant;;0
SESS-10036;2026-08-28 21:35:21;USR-1149;2003-10-27;M;VIP;5;1050;900;Cash;Dota 2;5.0;1
SESS-11470;2026-08-16 10:50:04;USR-1130;2008-05-01;F;Bootcamp;8;0;1080;Card;CS2;5.0;1
SESS-10126;2026-08-01 14:54:35;USR-1561;2008-08-16;M;Standard;3;240;300;Card;Deadlock;;0
SESS-12823;2026-08-25 20:22:05;USR-1076;2003-01-05;M;Bootcamp;1;310;150;Card;CS2;;0
SESS-11259;2026-08-20 17:46:36;USR-1065;2009-08-26;F;Standard;3;0;300;;Minecraft;;0
SESS-13682;2026-08-27 17:12:07;USR-1440;2008-07-19;M;Standard;3;360;300;App;Dota 2;4.0;0
SESS-13564;2026-08-04 15:30:28;USR-1452;1995-01-14;M;PS5;4;630;1000;Card;Cyberpunk 2077;;0
SESS-14277;2026-08-25 02:17:11;USR-1410;2003-08-02;M;VIP;3;440;600;App;Dota 2;4.5;0
SESS-13829;2026-08-08 17:57:55;USR-1372;2003-04-10;M;Standard;3;480;300;Card;CS2;5.0;0
SESS-11334;2026-08-01 11:36:05;USR-1030;2002-07-03;M;Standard;5;0;500;Card;Valorant;3.0;0
SESS-16847;2026-08-18 19:17:24;USR-1358;1999-07-08;M;Standard;5;0;500;App;Dota 2;5.0;0
SESS-15401;2026-08-23 17:13:46;USR-1077;1996-09-03;M;Standard;2;500;200;Card;Cyberpunk 2077;;0
SESS-12501;2026-08-26 23:32:56;USR-1126;1996-07-13;F;Standard;8;960;800;Card;Browser/Work;;0
SESS-15957;2026-08-15 21:26:17;USR-1464;1994-12-06;M;PS5;2;650;500;Card;CS2;5.0;0
SESS-16196;2026-08-07 00:58:12;USR-1011;2011-12-14;M;Bootcamp;12;0;1620;Cash;CS2;;1
SESS-13338;2026-08-13 17:06:55;USR-1468;2009-04-06;M;VIP;4;0;800;App;CS2;;0
SESS-15971;2026-08-14 22:17:06;USR-1577;2006-09-22;M;Bootcamp;8;0;1200;Cash;Dota 2;4.5;0
SESS-10086;2026-08-02 16:27:50;USR-1240;2007-10-10;M;VIP;1;0;200;Card;CS2;3.0;0
SESS-14714;2026-08-05 13:48:18;USR-1174;1996-03-09;M;VIP;5 часа;1680;900;Card;CS2;5.0;1
SESS-12250;2026-08-26 11:23:14;USR-1651;2010-02-08;M;Standard;2;120;200;Cash;Minecraft;4.0;0
SESS-13650;2026-08-11 11:51:34;USR-1100;2011-02-25;M;Standard;4;0;400;Cash;CS2;;0
SESS-16433;2026-08-17 16:06:03;USR-1772;2005-07-07;F;Standard;3;0;300;Card;Minecraft;;0
SESS-15740;2026-08-18 11:53:06;USR-1073;2012-07-14;F;Standard;4;0;400;;Minecraft;4.5;0
SESS-16660;2026-08-29 00:46:09;USR-1065;2009-08-26;F;Standard;8;896;720;;Valorant;;1
SESS-11293;2026-08-12 19:53:45;USR-1077;1996/09/03;M;PS5;4;630;1000;Card;Dota 2;3.0;0
SESS-11912;2026-08-31 08:18:06;USR-1521;1993-06-01;M;Bootcamp;3;0;450;Card;Valorant;;0
SESS-14924;2026-08-20 22:36:57;USR-1220;2007-07-24;F;Standard;5;400;500;Card;CS2;3.0;0
SESS-13038;2026-08-26 17:40:03;USR-1214;2006-05-22;M;VIP;4;560;800;App;Deadlock;5.0;0
SESS-16992;2026-08-08 18:14:27;USR-1496;1995-12-05;M;VIP;2;0;400;Card;Browser/Work;5.0;0
SESS-16596;2026-08-29 19:57:18;USR-1015;1998-01-18;M;PS5;1;270;250;Card;Cyberpunk 2077;;0
SESS-15365;2026-08-06 21:00:54;USR-1066;2011-12-15;M;Bootcamp;4;0;540;Cash;Valorant;4.5;1
SESS-12694;2026-08-29 06:39:24;USR-1339;2011-06-06;M;VIP;3;240;600;Cash;CS2;4.0;0
SESS-16000;2026-08-13 18:49:44;USR-1634;2006-12-21;F;Standard;1;120;100;Card;Dota 2;;0
SESS-14311;2026-08-21 19:06:58;USR-1160;2006-10-02;M;VIP;3;0;600;Card;CS2;;0
SESS-11633;2026-08-17 18:39:15;USR-1234;2005-06-04;M;Standard;1;0;100;Card;Dota 2;;0
SESS-10655;2026-08-25 12:21:29;USR-1621;2006-03-17;M;VIP;1;270;200;Card;CS2;;0
SESS-14657;2026-08-14 17:26:00;USR-1084;2006-01-24;M;Bootcamp;2;390;300;Card;CS2;3.0;0
SESS-16563;2026-08-14 14:17:10;USR-1512;1999-11-22;M;VIP;2;756;360;Card;PUBG;;1
SESS-16980;2026-08-26 12:52:12;USR-1058;2008-11-03;M;Bootcamp;2;320;300;App;CS2;4.0;0
SESS-14620;2026-08-10 15:54:27;USR-1122;1995-12-05;M;VIP;5;0;1000;Card;Cyberpunk 2077;;0
SESS-15875;2026-08-18 13:33:11;USR-1058;2008-11-03;M;Bootcamp;1;0;150;App;CS2;;0
SESS-11958;2026-08-16 19:32:04;USR-1777;1989-01-16;M;Standard;2;0;200;Card;Dota 2;4.0;0
SESS-13227;2026-08-08 10:58:51;USR-1152;2006-12-04;M;Bootcamp;2;400;300;Card;Apex Legends;;0
SESS-13410;2026-08-30 22:35:54;USR-1630;2006-11-06;M;Standard;5;840;450;Cash;Deadlock;4.0;1
SESS-16399;2026-08-30 12:43:22;USR-1181;1994-12-13;F;Standard;5;840;450;Card;CS2;4.0;1
SESS-10746;2026-08-28 20:15:52;USR-1683;2010-08-17;M;Standard;4;336;360;App;CS2;4.5;1
SESS-14947;2026-08-20 18:40:45;USR-1017;2010-09-20;M;Standard;2;120;200;Card;Minecraft;4.0;0
SESS-14418;2026-08-14 22:37:36;USR-1057;2007-12-06;M;PS5;5;600;1250;App;Dota 2;4.5;0
SESS-10643;2026-08-22 18:40:54;USR-1701;2010-07-18;M;PS5;3;0;750;App;Dota 2;5.0;0
SESS-15927;2026-08-07 15:36:01;USR-1484;2003-09-21;M;Standard;5;0;500;Card;CS2;2.0;0
SESS-12871;2026-08-01 19:17:53;USR-1305;2006-03-14;1;Standard;2;320;200;Card;Deadlock;;0
SESS-11560;2026-08-03 14:57:54;USR-1087;2004-11-25;F;Bootcamp;2;0;300;App;Valorant;;0
SESS-12426;2026-08-17 14:31:29;USR-1065;2009-08-26;F;Standard;8;672;720;Card;Minecraft;4.5;1
SESS-13299;2026-08-15 18:17:17;USR-1492;2006-03-14;M;PS5;4;672;900;App;GTA V;;1
SESS-12754;2026-08-30 16:16:19;USR-1060;1993-12-16;M;Standard;3;756;270;Cash;PUBG;4.0;1
SESS-10568;2026-08-16 23:54:10;USR-1098;2009-05-09;F;VIP;8;672;1440;Card;Minecraft;;1
SESS-13479;2026-08-09 22:31:57;USR-1212;1988-12-11;M;Standard;8;2000;800;Card;PUBG;4.5;0
SESS-16737;2026-08-26 15:34:41;USR-1093;2004-06-23;F;VIP;4;784;720;Card;CS2;2.0;1
SESS-10345;2026-08-02 21:04:52;USR-1670;2005-09-01;M;Bootcamp;3;0;450;Cash;Valorant;4.5;0
SESS-11636;2026-08-27 18:47:13;USR-1768;2005-01-16;F;VIP;1;200;200;Card;Deadlock;;0
SESS-10251;2026-08-05 10:57:34;USR-1402;2003-06-05;M;Standard;3;0;300;Card;CS2;;0
SESS-13008;2026-08-30 02:05:26;USR-1138;2003-02-26;F;VIP;4;400;800;Card;CS2;5.0;0
SESS-11307;2026-08-07 11:28:11;USR-1056;2002-03-26;M;Standard;3;336;270;App;Valorant;;1
SESS-17247;2026-08-28 16:22:46;USR-1269;1996-06-20;M;Standard;4;720;400;Card;Browser/Work;;0
SESS-16725;2026-08-30 08:18:57;USR-1658;2003-06-14;M;Standard;1;0;100;Card;CS2;;0
SESS-10684;2026-08-22 18:06:32;USR-1528;1992-04-11;M;Bootcamp;1;0;150;Card;CS2;;0
SESS-13628;2026-08-23 19:33:38;USR-1125;2006-07-09;F;Standard;8;0;720;App;CS2;;1
SESS-13313;2026-08-23 16:39:10;USR-1636;2004-10-15;M;Standard;5;0;450;App;CS2;5.0;1
SESS-13309;2026-08-02 20:11:14;USR-1788;2007-09-08;M;Bootcamp;1;310;150;Card;CS2;4.5;0
SESS-12665;2026-08-06 12:51:13;USR-1056;2002-03-26;M;Standard;2;320;200;Card;Apex Legends;4.0;0
SESS-14199;2026-08-24 11:55:12;USR-1704;2005-03-07;M;Bootcamp;4;1007;540;Card;CS2;;1
SESS-15071;2026-08-24 10:44:03;USR-1792;2008-07-22;F;Standard;3;0;300;;Dota 2;;0
SESS-15968;2026-08-09 11:43:05;USR-1048;2003-07-10;F;Standard;1;160;100;Card;Valorant;4.0;0
SESS-15053;2026-08-11 14:42:34;USR-1575;2002-11-19;M;Standard;2;0;200;Card;CS2;4.0;0
SESS-13203;2026-08-08 19:33:33;USR-1149;2003-10-27;M;Standard;2;0;200;App;Deadlock;4.0;0
SESS-11236;2026-08-20 18:21:53;USR-1009;2004-06-03;M;Standard;2;320;200;App;CS2;;0
SESS-11555;2026-08-01 20:20:24;USR-1105;2004-04-12;M;VIP;2;0;400;Card;CS2;;0
SESS-13102;2026-08-14 17:07:34;USR-1256;2009-08-06;M;PS5;4;0;1000;App;CS2;;0
SESS-14901;2026-08-30 16:53:23;USR-1728;2008-12-03;M;VIP;1;0;200;App;Apex Legends;;0
SESS-14509;2026-08-29 14:29:00;USR-1446;1988-03-22;M;VIP;3;714;540;App;CS2;;1
SESS-10709;2026-08-11 22:21:52;USR-1063;2007-02-12;M;Standard;12;0;1200;App;CS2;;0
SESS-12090;2026-08-08 01:20:30;USR-1578;2012-12-23;M;Bootcamp;5;0;675;App;Valorant;4.5;1
SESS-15212;2026-08-22 22:39:49;USR-1073;2012-07-14;F;Standard;12;0;1200;App;Deadlock;;0
SESS-14413;2026-08-12 11:26:02;USR-1036;2005-06-28;M;Bootcamp;2;0;300;Card;CS2;4.5;0
SESS-10263;2026-08-15 06:08:35;USR-1006;2007-06-18;M;Standard;5;0;450;Cash;Valorant;4.5;1
SESS-15182;2026-08-29 10:19:40;USR-1111;2011-09-06;M;Standard;4;0;400;App;Valorant;;0
SESS-15687;2026-08-21 16:34:06;USR-1533;2009-06-12;M;Standard;4;0;360;App;Minecraft;5.0;1
SESS-10375;2026-08-07 21:05:48;USR-1140;2008-06-12;M;Standard;12;1344;1080;Cash;Minecraft;;1
SESS-11230;2026-08-28 10:24:04;USR-1775;2004-12-16;M;Standard;4;320;400;Card;CS2;4.0;0
SESS-15579;2026-08-01 13:27:21;USR-1239;2007/04/13;M;Standard;4;640;400;Card;Dota 2;5.0;0
SESS-10585;2026-08-29 13:36:49;USR-1404;2009-12-11;M;Standard;2;0;200;App;Minecraft;;0
SESS-11221;2026-08-23 08:58:34;USR-1046;2009-12-16;M;VIP;4;0;720;Card;Valorant;;1
SESS-12569;2026-08-09 14:21:07;USR-1147;2010-04-19;M;Standard;2;160;200;Cash;CS2;3.0;0
SESS-16799;2026-08-24 16:22:46;USR-1070;2008-04-24;M;Bootcamp;2;448;270;Card;GTA V;5.0;1
SESS-14298;2026-08-11 19:26:39;USR-1073;2012-07-14;F;Standard;2;0;200;App;Valorant;4.5;0
SESS-12031;2026-08-23 21:57:31;USR-1038;2010-06-02;M;Standard;2;168;180;Cash;Valorant;;1
SESS-15557;2026-08-12 02:46:25;USR-1125;2006-07-09;F;VIP;1;270;200;Card;CS2;;0
SESS-12431;2026-08-07 13:31:26;USR-1205;2009-07-03;M;Standard;8;0;800;Cash;CS2;4.5;0
SESS-15726;2026-08-22 14:51:13;USR-1296;2004-12-18;M;Standard;12;1920;1200;Cash;CS2;;0
SESS-15303;2026-08-05 21:34:36;USR-1570;2009-09-26;M;Standard;2;120;200;Cash;Minecraft;;0
SESS-14965;2026-08-16 19:38:17;USR-1291;2003-11-11;M;PS5;3;503;675;Card;Valorant;;1
SESS-14877;2026-08-15 15:11:18;USR-1149;2003-10-27;M;VIP;1;378;180;Card;CS2;;1
SESS-10466;2026-08-30 17:54:56;USR-1478;2011-06-28;M;Standard;2;0;200;App;Minecraft;;0
SESS-12085;2026-08-16 14:45:39;USR-1152;2006-12-04;M;Standard;1;0;100;Card;CS2;;0
SESS-16715;2026-08-08 23:06:27;USR-1158;1993-07-18;M;Bootcamp;12;3444;1620;App;Valorant;5.0;1
SESS-11806;2026-08-25 11:42:44;USR-1683;2010-08-17;M;VIP;2;120;400;App;Minecraft;;0
SESS-14568;2026-08-27 07:42:40;USR-1642;2005-07-19;M;Standard;1;120;100;Card;CS2;4.0;0
SESS-13836;2026-08-28 21:05:06;USR-1157;2011-01-17;M;Bootcamp;1 часа;0;150;App;Dota 2;;0
SESS-14204;2026-08-02 19:03:40;USR-1465;2007-10-17;M;Standard;1;0;100;Card;CS2;4.5;0
SESS-11241;2026-08-15 14:03:19;USR-1087;2004-11-25;F;Standard;2;160;200;Card;CS2;;0
SESS-15978;2026-08-28 12:30:14;USR-1049;2011-07-07;M;Standard;3;0;270;App;CS2;4.0;1
SESS-11994;2026-08-29 14:57:35;USR-1122;1995-12-05;M;VIP;3;1260;540;Card;Cyberpunk 2077;4.5;1
SESS-14866;2026-08-06 17:41:59;USR-1795;2007-08-02;M;PS5;3;240;750;Cash;Dota 2;4.0;0
SESS-14599;2026-08-04 20:04:30;USR-1116;2006-12-01;M;Standard;1;0;100;App;Dota 2;;0
SESS-11483;2026-08-22 18:42:05;USR-1142;2009-05-05;M;Standard;~1;60;100;App;Deadlock;3.0;0
SESS-12786;2026-08-31 11:20:14;USR-1718;1988-08-18;M;Bootcamp;4;1218;540;Card;Dota 2;;1
SESS-13415;2026-08-30 16:28:01;USR-1712;2005-05-19;F;Standard;1;160;100;Card;CS2;4.0;0
SESS-11046;2026-08-12 21:10:26;USR-1540;2005-12-23;M;Standard;1;0;100;App;Valorant;;0
SESS-11522;2026-08-24 09:11:14;USR-1129;1993-08-09;F;PS5;2;800;500;Card;Cyberpunk 2077;4.5;0
SESS-14491;2026-08-29 18:17:00;USR-1046;2009-12-16;M;VIP ;12;1007;2700;App;CS2;;1
SESS-16222;2026-08-11 00:44:00;USR-1355;2005-11-25;F;Bootcamp;8;0;1200;Card;CS2;4.0;0
SESS-12629;2026-08-25 03:28:33;USR-1138;2003-02-26;F;Bootcamp;2;240;300;App;Dota 2;;0
SESS-13613;2026-08-01 17:52:14;USR-1477;2011-04-26;M;Standard;1;40;100;App;Valorant;4.5;0
SESS-10322;2026-08-24 16:26:19;USR-1192;2010-07-27;M;Standard;2;0;200;Card;Minecraft;;0
SESS-13331;2026-08-28 11:22:48;USR-1100;2011-02-25;M;Bootcamp;12;720;1800;Card;Valorant;3.0;0
SESS-14021;2026-08-04 17:33:15;USR-1478;2011-06-28;M;Standard;2;112;180;Cash;CS2;;1
SESS-11545;2026-08-28 16:10:43;USR-1218;2012-09-19;M;Standard;8;0;720;App;CS2;5.0;1
SESS-16981;2026-08-14 07:16:17;USR-1621;2006-03-17;M;Bootcamp;4;0;540;Card;CS2;4.5;1
SESS-13905;2026-08-27 14:47:53;USR-1137;1993-02-24;M;VIP;3;923;540;App;CS2;;1
SESS-10783;2026-08-01 21:00:25;USR-1118;2006-10-19;F;Standard;1;0;100;Card;CS2;;0
SESS-12332;2026-08-30 20:02:45;USR-1585;1994-11-04;M;VIP;4;0;800;Card;PUBG;;0
SESS-15168;2026-08-23 13:19:08;USR-1378;1995-11-07;M;VIP;1;0;200;App;CS2;4.5;0
SESS-14986;2026-08-10 21:54:21;USR-1688;2004-01-13;M;Bootcamp;8;1360;1200;App;CS2;5.0;0
SESS-13877;2026-08-28 18:59:50;USR-1091;2004-01-15;M;Bootcamp;2;310;300;Card;Dota 2;5.0;0
SESS-11857;2026-08-01 21:41:43;USR-1130;2008-05-01;F;Bootcamp;2;0;300;Card;Deadlock;1.0;0
SESS-12068;2026-08-29 13:00:57;USR-1246;2010-04-28;M;Bootcamp;2;0;300;Cash;CS2;;0
SESS-11067;2026-08-16 09:22:59;USR-1313;1989-06-14;M;Bootcamp;4;0;600;Card;Dota 2;4.5;0
SESS-14989;2026-08-01 08:38:34;USR-1157;2011-01-17;M;VIP;3;168;540;Cash;Minecraft;4.5;1
SESS-13169;2026-08-06 13:06:54;USR-1297;2012-04-24;M;Bootcamp;4;0;600;App;CS2;3.0;0
SESS-11422;2026-08-11 17:44:13;USR-1014;2010-07-18;F;Standard;5;0;500;Cash;Valorant;;0
SESS-11625;2026-08-07 17:01:20;USR-1213;2011-07-07;M;Standard;1;40;100;App;Dota 2;4.0;0
SESS-15979;2026-08-15 18:59:46;USR-1266;2010-08-06;M;Standard;5;420;450;App;Valorant;;1
SESS-13287;2026-08-21 19:06:58;USR-1084;2006-01-24;M;Bootcamp;3;0;405;Card;Valorant;;1
SESS-10787;2026-08-07 05:15:21;USR-1359;2010-06-01;F;Standard;2;120;200;App;CS2;;0
SESS-10172;2026-08-16 22:05:35;USR-1788;2007-09-08;M;Standard;5;800;500;Card;CS2;4.0;0
SESS-13542;2026-08-01 17:52:00;USR-1765;2005-05-06;F;Standard;2;240;200;Card;CS2;4.5;0
SESS-12567;2026-08-25 17:32:36;USR-1148;2005-12-20;M;Standard;4;640;400;Cash;Deadlock;;0
SESS-11804;2026-08-20 19:11:07;USR-1035;1998-09-03;M;VIP;1;330;200;Card;CS2;;0
SESS-10076;2026-08-12 20:12:00;USR-1662;2010-08-09;M;Standard;1;0;100;Cash;Minecraft;;0
SESS-16765;2026-08-26 11:53:08;USR-1262;2012-08-24;F;Standard;4;0;360;Cash;GTA V;4.5;1
SESS-12636;2026-08-26 22:16:44;USR-1122;1995-12-05;M;Standard;12;0;1200;Card;Cyberpunk 2077;;0
SESS-10171;2026-08-15 02:51:17;USR-1663;1997-07-26;M;VIP;3;1470;540;Card;PUBG;4.5;1
SESS-15872;2026-08-04 15:58:12;USR-1229;2006-08-23;M;Bootcamp;2;0;270;Card;CS2;;1
SESS-14710;2026-08-02 18:00:51;USR-1434;2005-05-11;M;Bootcamp;3;630;450;App;Dota 2;4.5;0
SESS-16541;2026-08-23 21:39:18;USR-1794;1886-09-20;M;Standard;-2;60;100;Cash;Minecraft;;0
SESS-10757;2026-08-27 01:25:20;USR-1320;2006-10-14;M;Standard;8;0;800;Card;Deadlock;;0
SESS-15075;2026-08-21 16:34:42;USR-1449;2003-10-13;M;Standard;4;448;360;Card;CS2;1.0;1
SESS-14736;2026-08-09 23:34:57;USR-1040;1991-03-07;M;PS5;2;510;500;Card;Dota 2;;0
SESS-12275;2026-08-12 22:52:18;USR-1286;2006-07-18;M;Standard;8;0;800;Card;Minecraft;4.5;0
SESS-10148;2026-08-15 09:39:49;USR-1163;2007-06-19;M;VIP;3;630;600;Card;CS2;;0
SESS-14839;2026-08-10 16:20:55;USR-1085;2000-07-21;M;VIP;1;0;200;Card;Dota 2;4.5;0
SESS-13466;2026-08-14 12:40:39;USR-1547;2006-11-17;M;VIP;1;0;200;Card;Dota 2;4.0;0
SESS-13216;2026-08-12 13:40:31;USR-1214;2006-05-22;M;Standard;2;336;180;Card;Dota 2;;1
SESS-12396;2026-08-21 18:28:49;USR-1030;2002-07-03;M;Standard;2;0;180;Cash;Apex Legends;;1
SESS-17034;2026-08-29 21:34:33;USR-1035;1998-09-03;M;Standard;12;0;1200;Card;CS2;4.0;0
SESS-11618;2026-08-20 18:46:40;USR-1748;2004-06-07;M;VIP;2;400;400;Card;Apex Legends;4.5;0
SESS-16278;2026-08-20 00:56:13;USR-1177;2005-10-03;M;VIP;5;672;900;Card;PUBG;4.5;1
SESS-11531;2026-08-02 21:22:53;USR-1056;2002-03-26;M;VIP;3;390;600;Card;CS2;;0
SESS-11348;2026-08-12 22:00:31;USR-1117;2006-12-19;M;Bootcamp;3;0;450;Card;CS2;4.5;0
SESS-16877;2026-08-05 11:44:52;USR-1018;2011-02-01;M;Bootcamp;2;120;300;Cash;CS2;5.0;0
SESS-16449;2026-08-18 22:55:39;USR-1058;2008-11-03;M;VIP;8;0;1600;Card;CS2;4.5;0
SESS-15222;2026-08-23 01:12:24;USR-1349;2010-10-21;M;Bootcamp;3;180;450;App;CS2;4.5;0
SESS-14125;2026-08-25 12:31:34;USR-1648;2007-03-17;M;Bootcamp;2;240;300;App;PUBG;;0
SESS-12374;2026-08-13 16:59:40;USR-1129;1993-08-09;F;Bootcamp;1;480;150;Card;CS2;;0
SESS-12716;2026-08-07 22:35:45;USR-1102;2011-08-12;M;Standard;5;0;500;App;Minecraft;5.0;0
SESS-14432;2026-08-16 10:17:17;USR-1158;1993-07-18;M;VIP;4;780;800;Card;Cyberpunk 2077;4.5;0
SESS-17135;2026-08-15 10:11:35;USR-1092;2001-05-02;F;VIP;4;0;800;Card;Valorant;;0
SESS-10799;2026-08-09 09:18:44;USR-1198;2004-04-22;M;VIP;1;310;200;Card;CS2;5.0;0
SESS-14915;2026-08-13 19:26:18;USR-1005;2011-10-01;M;Standard;2;0;200;Cash;Dota 2;;0
SESS-10683;2026-08-09 20:35:24;USR-1111;2011-09-06;M;Bootcamp;1;80;150;Card;Minecraft;;0
SESS-15608;2026-08-31 15:31:01;USR-1249;2008-12-18;M;Standard;2;160;200;Cash;CS2;5.0;0
SESS-12294;2026-08-01 19:17:39;USR-1049;2011-07-07;M;Standard;3;120;300;Card;CS2;;0
SESS-11850;2026-08-29 18:49:03;USR-1796;2005-09-24;M;Bootcamp;3;784;405;Card;Deadlock;;1
SESS-17256;2026-08-18 12:40:24;USR-1081;1997-02-08;F;PS5;3;1470;675;Card;Dota 2;;1
SESS-12838;2026-08-24 11:08:14;USR-1083;2000-08-19;M;Standard;2;500;200;Card;CS2;4.0;0
SESS-16643;2026-08-12 11:16:38;USR-1352;2005-07-12;M;Standard;3;0;300;Card;CS2;;0
SESS-15451;2026-08-10 18:05:33;USR-1560;2007-10-17;M;Standard;1;0;100;Card;Valorant;;0
SESS-13059;2026-08-08 18:35:16;USR-1013;2010-03-22;F;Standard;2;0;200;Cash;Deadlock;;0
SESS-11906;2026-08-07 17:07:57;USR-1478;2011-06-28;M;VIP;3;0;600;Cash;CS2;;0
SESS-10501;2026-08-14 23:18:01;USR-1418;2009-03-28;M;Standard;8;0;800;App;Minecraft;;0
SESS-12893;2026-08-09 18:12:09;USR-1755;2003-05-13;M;Standard;2;0;200;App;Dota 2;;0
SESS-12062;2026-08-09 12:38:11;USR-1001;2003-04-08;F;Bootcamp;5;1330;675;App;Dota 2;;1
SESS-16478;2026-08-20 12:57:32;USR-1654;2004-01-02;M;Bootcamp;4;0;600;Card;CS2;4.0;0
SESS-12261;2026-08-31 17:50:23;USR-1110;2006-09-11;F;Bootcamp;2;390;300;;Dota 2;;0
SESS-14205;2026-08-22 23:59:24;USR-1292;2004-05-07;M;Standard;8;0;800;Card;Dota 2;4.0;0
SESS-14107;2026-08-20 19:29:56;USR-1326;2003-05-12;F;Standard;2;160;200;Card;Deadlock;4.5;0
SESS-12505;2026-08-01 17:29:30;USR-1470;2009-07-10;M;Standard;2;0;200;App;CS2;;0
SESS-16920;2026-08-01 13:23:23;USR-1039;2004-10-18;M;Standard;1;120;100;Card;CS2;;0
SESS-15496;2026-08-05 02:37:37;USR-1097;2006-04-09;M;Standard;2;240;200;Card;CS2;;0
SESS-15148;2026-08-21 10:28:19;USR-1620;2007-03-28;F;Standard;2 ч.;0;200;App;Dota 2;;0
SESS-14104;2026-08-25 17:54:41;USR-1093;2004-06-23;F;Bootcamp;2;0;300;App;CS2;4.0;0
SESS-11060;2026-08-03 16:07:28;USR-1055;2004-09-27;M;Standard;2;240;200;Card;CS2;;0
SESS-11693;2026-08-21 20:34:11;USR-1562;1999-02-01;M;Bootcamp;3;660;450;Card;CS2;;0
SESS-13509;2026-08-20 14:49:59;USR-1111;2011-09-06;M;Standard;2;0;200;App;Minecraft;4.0;0
SESS-13213;2026-08-28 14:51:06;USR-1166;2005-03-11;M;Bootcamp;2;470;300;App;Deadlock;;0
SESS-14241;2026-08-08 17:45:25;USR-1570;2009-09-26;M;Standard;3;120;300;App;Minecraft;4.0;0
SESS-16632;2026-08-15 22:11:28;USR-1458;2006-03-09;M;Bootcamp;8;1110;1200;Card;Valorant;4.0;0
SESS-13826;2026-08-28 21:42:51;USR-1336;2002-08-22;F;Bootcamp;1;0;150;Card;Apex Legends;;0
SESS-13412;2026-08-21 14:21:27;USR-1142;2009-05-05;M;Standard;3;336;270;Cash;Deadlock;5.0;1
SESS-13790;2026-08-25 11:38:05;USR-1789;2005-11-18;M;Standard;2;0;180;Card;CS2;;1
SESS-14540;2026-08-06 15:26:02;USR-1398;2012-02-18;F;Standard;3;180;300;App;CS2;;0
SESS-10312;2026-08-21 09:24:09;USR-1376;2011-05-06;M;Standard;1;0;100;Cash;CS2;;0
SESS-16336;2026-08-29 17:37:24;USR-1375;2006-11-03;M;Bootcamp;2;240;300;App;Deadlock;;0
SESS-14705;2026-08-02 02:03:05;USR-1369;2005-09-09;M;Standard;2;0;200;Cash;CS2;5.0;0
SESS-13126;2026-08-07 16:08:05;USR-1771;1997-03-02;M;PS5;1;400;250;Card;CS2;;0
SESS-17210;2026-08-13 19:17:57;USR-1742;2008-04-20;M;Standard;1;80;100;App;CS2;5.0;0
SESS-16422;2026-08-22 13:16:41;USR-1106;2010-07-26;M;Standard;3;0;300;App;CS2;;0
SESS-16609;2026-08-15 11:18:36;USR-1007;1995-11-02;F;Bootcamp;3;923;405;Card;Cyberpunk 2077;;1
SESS-15656;2026-08-02 16:52:07;USR-1097;2006-04-09;M;Standard;8;0;800;Card;Minecraft;4.0;0
SESS-14574;2026-08-13 17:17:26;USR-1040;1991-03-07;M;VIP;1;420;200;Card;Deadlock;;0
SESS-10978;2026-08-28 13:18:40;USR-1436;2006-04-01;M;VIP;4;470;800;Cash;CS2;4.0;0
SESS-15107;2026-08-20 23:22:56;USR-1063;2007-02-12;M;Standard;5;600;500;App;Dota 2;4.5;0
SESS-12552;2026-08-08 00:00:02;USR-1478;2011-06-28;M;Standard;8;0;800;App;CS2;;0
SESS-12434;2026-08-05 22:18:56;USR-1521;1993-06-01;M;VIP;5;0;1000;App;Dota 2;4.5;0
SESS-13401;2026-08-22 10:07:48;USR-1182;2011-02-24;M;Standard;5;0;500;Cash;CS2;5.0;0
SESS-11238;2026-08-19 13:27:32;USR-1262;2012-08-24;F;Standard;2;0;200;App;CS2;;0
SESS-11406;2026-08-23 19:37:21;USR-1533;2009-06-12;M;VIP;2;120;400;Cash;Minecraft;5.0;0
SESS-14115;2026-08-30 16:21:55;USR-1684;2009-11-24;M;Standard;1;0;100;App;Minecraft;4.5;0
SESS-15229;2026-08-12 13:56:51;USR-1000;1994-09-16;M;Bootcamp;1;270;150;Cash;Cyberpunk 2077;5.0;0
SESS-10040;2026-08-04 22:54:50;USR-1084;2006-01-24;M;Standard;12;0;1200;App;CS2;4.5;0
SESS-17095;2026-08-29 18:32:35;USR-1112;2008-11-25;M;Standard;1;224;90;Card;Minecraft;;1
SESS-10071;2026-08-16 10:49:47;USR-1112;2008-11-25;M;PS5;1;120;250;Card;Dota 2;;0
SESS-12976;2026-08-10 17:18:53;USR-1094;2004-10-05;M;Standard;8;1344;720;Card;Deadlock;3.0;1
SESS-16362;2026-08-11 13:43:13;USR-1578;2012-12-23;M;Standard;3;0;300;App;Dota 2;;0
SESS-11805;2026-08-01 13:40:51;USR-1024;2007-08-13;M;Bootcamp;5;0;675;App;Apex Legends;4.5;1
SESS-16231;2026-08-27 14:19:14;USR-1067;2011-04-02;M;Standard;2;0;200;Cash;Dota 2;;0
SESS-14767;2026-08-05 09:04:03;USR-1731;2004-01-13;M;Bootcamp;2;0;300;App;Valorant;;0
SESS-14962;2026-08-09 20:37:14;USR-1002;2004-03-01;M;Standard;4;896;360;App;CS2;;1
SESS-14472;2026-08-26 21:47:17;USR-1552;2005-07-02;M;Bootcamp;3;440;450;Card;CS2;4.5;0
SESS-16890;2026-08-22 10:06:28;USR-1687;2008-07-28;M;Bootcamp;3;630;450;App;PUBG;5.0;0
SESS-15763;2026-08-11 16:11:13;USR-1321;2010-12-09;M;Standard;3;0;300;App;Minecraft;;0
SESS-12128;2026-08-22 03:43:11;USR-1411;2010-06-20;M;Standard;3;240;300;Cash;Dota 2;;0
SESS-12857;2026-08-18 18:58:36;USR-1144;2005-01-11;M;Standard;4;896;360;Card;CS2;;1
SESS-13689;2026-08-21 02:34:14;USR-1061;2004-03-24;M;Bootcamp;2;434;270;Card;CS2;5.0;1
SESS-10487;2026-08-25 21:19:10;USR-1656;2011-05-01;M;Standard;5;0;500;Cash;CS2;;0
SESS-13949;2026-08-01 17:23:46;USR-1557;2010-11-22;M;Bootcamp;3;180;450;Card;CS2;4.5;0
SESS-16184;2026-08-19 10:52:10;USR-1627;2006-07-13;M;PS5;2;0;500;App;CS2;;0
SESS-11664;2026-08-14 17:30:25;USR-1136;2004-04-28;M;Bootcamp;3;560;450;Card;Dota 2;4.0;0
SESS-11935;2026-08-22 20:43:39;USR-1110;2006-09-11;F;VIP;3;0;600;Card;CS2;4.0;0
SESS-12498;2026-08-30 20:30:20;USR-1026;2010-02-02;M;Standard;2;0;180;App;Minecraft;;1
SESS-15166;2026-08-30 18:12:12;USR-1697;2008-06-21;M;Standard;1;0;100;Card;Dota 2;;0
SESS-11268;2026-08-17 17:26:41;USR-1772;2005-07-07;F;VIP;4;560;720;Card;Cyberpunk 2077;;1
SESS-16976;2026-08-28 15:36:50;USR-1619;2010-06-25;M;Standard;2;160;200;Cash;Valorant;;0
SESS-10770;2026-08-30 21:01:40;USR-1540;2005-12-23;M;PS5;4;0;900;Card;Valorant;4.5;1
SESS-12169;2026-08-26 15:50:45;USR-1060;1993-12-16;M;PS5;3;690;750;Card;Valorant;5.0;0
SESS-14191;2026-08-14 19:50:09;USR-1396;2003-09-15;F;Standard;5;800;500;App;Dota 2;;0
SESS-17125;2026-08-13 19:40:56;USR-1195;2010-04-23;M;Standard;3;0;300;Cash;Valorant;;0
SESS-10023;2026-08-29 19:59:12;USR-1176;2011-08-02;M;Standard;1;0;100;App;CS2;4.5;0
SESS-12673;2026-08-01 21:08:49;USR-1497;1992-02-13;M;VIP;3;1260;540;Card;GTA V;5.0;1
SESS-12532;2026-08-28 23:42:01;USR-1066;2011-12-15;M;Standard;3;0;270;Cash;Apex Legends;;1
SESS-13549;2026-08-07 19:02:47;USR-1385;2011-06-05;M;PS5;3;0;675;App;CS2;;1
SESS-14998;2026-08-31 15:27:59;USR-1131;2006-04-07;M;Bootcamp;2;0;300;Card;Valorant;;0
SESS-17137;2026-08-13 13:44:17;USR-1140;2008-06-12;M;PS5;12;2688;2700;Card;Deadlock;5.0;1
SESS-10970;2026-08-11 10:36:43;USR-1704;2005-03-07;M;Standard;2;0;200;Card;Dota 2;;0
SESS-15080;2026-08-29 22:49:15;USR-1794;2011-04-20;M;VIP;8;0;1600;Card;CS2;5.0;0
SESS-15848;2026-08-11 17:06:57;USR-1142;2009-05-05;M;Standard;3;0;300;App;Apex Legends;4.5;0
SESS-15669;2026-08-04 23:23:51;USR-1445;2006-11-12;M;Standard;8;960;800;Card;Dota 2;4.5;0
SESS-14980;2026-08-21 17:01:26;USR-1018;2011-02-01;M;Standard;3;0;300;App;GTA V;4.0;0
SESS-13293;2026-08-26 18:55:56;USR-1193;2004-02-11;M;VIP;2;0;400;Card;Dota 2;4.5;0
SESS-14601;2026-08-30 17:16:51;USR-1033;2010-12-10;M;VIP;1;60;200;Card;CS2;5.0;0
SESS-13055;2026-08-18 12:54:46;USR-1041;2011-07-28;M;Standard;3;0;270;App;CS2;4.5;1
SESS-16824;2026-08-07 12:28:40;USR-1540;2005-12-23;M;Standard;1;160;100;Cash;Dota 2;;0
SESS-16670;2026-08-28 17:48:21;USR-1205;2009-07-03;M;Bootcamp;1;40;150;Cash;Minecraft;;0
SESS-16599;2026-08-01 16:51:38;USR-1091;2004-01-15;M;Standard;1;120;100;Cash;CS2;;0
SESS-12714;2026-08-15 13:38:54;USR-1068;2011-11-23;F;Standard;1;0;100;Cash;Deadlock;;0
SESS-14791;2026-08-30 11:57:09;USR-1152;2006-12-04;M;Bootcamp;2;0;300;App;CS2;5.0;0
SESS-13620;2026-08-17 18:55:13;USR-1324;2001-11-03;M;Standard;2;0;200;Card;CS2;;0
SESS-12702;2026-08-15 15:32:28;USR-1018;2011-02-01;M;Standard;3;120;300;Cash;Minecraft;;0
SESS-11833;2026-08-29 13:59:30;USR-1138;2003-02-26;F;Bootcamp;2;320;300;Cash;CS2;;0
SESS-13300;2026-08-23 22:04:03;USR-1453;1995-09-11;M;VIP;8;2226;1440;Card;Browser/Work;;1
SESS-16750;2026-08-09 15:19:26;USR-1387;2005-06-26;M;Standard;2;0;200;App;Dota 2;;0
SESS-10065;2026-08-04 20:45:58;USR-1076;2003-01-05;M;Standard;1;80;100;Card;Apex Legends;;0
SESS-10224;2026-08-12 22:26:45;USR-1115;2011-06-03;M;VIP;3;0;600;Cash;CS2;;0
SESS-10410;2026-08-16 18:14:03;USR-1064;2004-07-08;M;VIP;2;0;360;Card;Valorant;5.0;1
SESS-14647;2026-08-15 20:03:20;USR-1090;2004-08-10;M;VIP;4;0;800;Card;Dota 2;3.0;0
SESS-13423;2026-08-28 21:01:13;USR-1496;1995-12-05;M;PS5;5;0;1250;Card;Cyberpunk 2077;;0
SESS-14922;2026-08-01 23:47:31;USR-1004;2011-07-04;M;Standard;8;0;800;App;Minecraft;4.0;0
SESS-16771;2026-08-17 15:50:58;USR-1423;1989-04-26;M;Bootcamp;2;800;300;Card;CS2;4.0;0
SESS-10968;2026-08-13 15:57:17;USR-1094;2004-10-05;M;VIP;5;0;1000;Card;Dota 2;5.0;0
SESS-12308;2026-08-31 16:15:09;USR-1136;2004-04-28;M;Standard;4;640;400;Cash;CS2;;0
SESS-11384;2026-08-14 10:10:21;USR-1044;1996-12-25;M;Standard;2;240;200;Card;CS2;;0
SESS-16302;2026-08-25 16:43:34;USR-1045;2006-09-28;M;VIP;2;0;360;Card;Dota 2;;1
SESS-15981;2026-08-16 08:13:57;USR-1132;2007-03-22;M;Standard;5;0;500;Card;Valorant;;0
SESS-14943;2026-08-27 23:07:43;USR-1344;2003-07-19;F;Standard;12;2015;1080;App;Cyberpunk 2077;4.5;1
SESS-11908;2026-08-20 16:30:06;USR-1204;1984-08-22;M;PS5;3;1050;750;Card;Cyberpunk 2077;;0
SESS-14099;2026-08-26 18:38:20;USR-1019;2011-02-06;M;Standard;1;0;100;App;CS2;4.0;0
SESS-10089;2026-08-15 20:34:48;USR-1083;2000-08-19;M;Standard;3;1050;270;App;PUBG;;1
SESS-15310;2026-08-09 19:47:08;USR-1088;1992-02-13;M;Standard;1;0;100;Card;Browser/Work;;0
SESS-16551;2026-08-22 09:37:06;USR-1678;2009-11-05;M;Standard;2;80;200;;Minecraft;;0
SESS-13436;2026-08-28 18:04:17;USR-1538;2003-03-28;M;Standard;2;240;200;Card;Valorant;4.5;0
SESS-14908;2026-08-16 20:46:56;USR-1002;2004-03-01;M;Standard;3;360;300;App;CS2;2.0;0
SESS-13659;2026-08-15 22:55:14;USR-1221;2011-10-10;M;Standard;12;960;1200;App;GTA V;5.0;0
SESS-13751;2026-08-26 23:41:54;USR-1075;1995-03-20;F;Standard;2;0;200;Card;PUBG;4.0;0
SESS-11867;2026-08-06 19:01:33;USR-1032;2011-02-27;M;Standard;3;0;300;App;Minecraft;;0
SESS-14759;2026-08-29 00:33:33;USR-1112;2008-11-25;M;Standard;8;960;800;App;Dota 2;;0
SESS-14391;2026-08-02 20:20:05;USR-1058;2008-11-03;M;Standard;4;896;360;Cash;Deadlock;;1
SESS-14837;2026-08-24 09:34:09;USR-1418;2009-03-28;M;VIP;3;0;600;App;CS2;;0
SESS-12387;2026-08-20 07:00:29;USR-1118;2006-10-19;F;Standard;2;448;180;Card;Valorant;;1
SESS-15421;2026-08-28 10:43:02;USR-1280;2003-02-25;M;Bootcamp;4;0;540;Card;CS2;4.5;1
SESS-11182;2026-08-25 21:27:48;USR-1042;1997-02-02;M;Bootcamp;1;330;150;App;Cyberpunk 2077;5.0;0
SESS-13646;2026-08-27 11:41:41;USR-1180;2008-03-02;M;VIP ;3;480;300;Card;Dota 2;;0
SESS-16664;2026-08-28 01:28:52;USR-1260;2001-11-15;M;Standard;2;160;200;Card;Dota 2;;0
SESS-11675;2026-08-25 00:01:31;USR-1164;2005-09-09;M;Standard;8;0;800;Card;PUBG;5.0;0
SESS-16369;2026-08-01 14:04:43;USR-1010;2007-09-24;M;Standard;1;224;90;App;CS2;;1
SESS-10905;2026-08-01 21:33:55;USR-1061;2004-03-24;M;Standard;2;0;200;Card;Valorant;5.0;0
SESS-16825;2026-08-18 14:33:49;USR-1406;2005-05-07;M;Bootcamp;5;680;750;Card;CS2;4.0;0
SESS-15700;2026-08-24 19:59:59;USR-1649;1994/10/11;M;VIP;1;400;200;Card;PUBG;4.5;0
SESS-12262;2026-08-09 18:21:33;USR-1735;1987-10-01;F;Bootcamp;3;0;450;Card;CS2;4.0;0
SESS-16951;2026-08-10 16:25:31;USR-1037;2003-11-24;M;VIP;1;230;200;Cash;CS2;;0
SESS-12188;2026-08-28 19:15:23;USR-1377;2008-03-07;F;VIP;1;0;200;Card;Dota 2;4.0;0
SESS-10226;2026-08-11 20:21:49;USR-1015;1998-01-18;M;PS5;4;0;900;App;Cyberpunk 2077;4.5;1
SESS-16724;2026-08-26 21:45:31;USR-1102;2011-08-12;M;Standard;3;0;270;Cash;Minecraft;;1
SESS-10517;2026-08-22 21:24:53;USR-1398;2012-02-18;F;Bootcamp;3;0;450;Card;Deadlock;;0
SESS-11549;2026-08-20 12:12:47;USR-1329;2007-12-17;M;Standard;2;320;200;App;Minecraft;;0
SESS-15599;2026-08-30 15:46:23;USR-1658;2003-06-14;M;Standard;3;503;270;App;CS2;5.0;1
SESS-15289;2026-08-05 19:03:30;USR-1087;2004-11-25;F;Standard;8;1344;720;Card;Valorant;4.5;1
SESS-17033;2026-08-06 23:43:26;USR-1032;2011-02-27;M;Standard;8;640;800;App;Minecraft;4.5;0
SESS-16697;2026-08-14 20:19:51;USR-1120;2011-05-02;F;Standard;3;336;270;Card;Valorant;;1
SESS-12848;2026-08-08 16:27:35;USR-1214;2006-05-22;M;VIP;2;546;360;App;CS2;5.0;1
SESS-12981;2026-08-28 04:57:26;USR-1189;2005-10-07;M;Bootcamp;3;714;405;Card;Deadlock;4.0;1
SESS-16349;2026-08-01 22:04:25;USR-1344;2003-07-19;F;Standard;12;2688;1080;Card;CS2;;1
SESS-10625;2026-08-08 17:31:29;USR-1409;2002-06-19;F;VIP;5;1330;900;Card;CS2;4.0;1
SESS-14843;2026-08-02 19:06:02;USR-1796;2005-09-24;M;Standard;4;480;400;App;CS2;;0
SESS-14008;2026-08-01 09:23:17;USR-1710;2004-11-20;M;PS5;1;80;250;Cash;Valorant;;0
SESS-14120;2026-08-12 15:06:11;USR-1235;1993-05-01;F;Standard;8;1440;800;Card;Deadlock;4.0;0
SESS-16761;2026-08-16 13:40:11;USR-1043;2012-06-14;F;Bootcamp;2;0;300;Card;Deadlock;4.5;0
SESS-15100;2026-08-09 13:20:54;USR-1267;2007-09-15;M;PS5;2;0;500;App;CS2;;0
SESS-12767;08/23/2026 13:12:24;USR-1108;2002-06-14;M;Bootcamp;4;630;600;App;Dota 2;;0
SESS-16235;2026-08-26 14:20:51;USR-1011;2011-12-14;M;PS5;5;0;1250;Cash;CS2;;0
SESS-10372;2026-08-08 18:13:11;USR-1397;2004-08-22;M;Standard;1;120;100;Card;Dota 2;;0
SESS-12433;2026-08-08 14:36:11;USR-1660;2003-12-20;M;Standard;1;0;100;App;CS2;4.0;0
SESS-16671;2026-08-07 19:40:33;USR-1257;16.07.2011;M;Standard;2;0;200;App;Minecraft;;0
SESS-11968;2026-08-18 16:51:45;USR-1426;2011-10-06;M;Standard;1;80;100;Cash;Deadlock;;0
SESS-15088;2026-08-15 11:10:20;USR-1127;2009-02-14;M;Bootcamp;1;0;150;Card;Minecraft;;0
SESS-10444;2026/08/18 11:44:25;USR-1136;2004-04-28;M;Standard;5;1120;450;Card;Dota 2;;1
SESS-10371;2026-08-09 21:37:15;USR-1666;2005-07-17;M;PS5;4;0;1000;App;CS2;;0
SESS-15546;2026-08-01 20:17:49;USR-1119;1997-03-16;M;PS5;4;1218;900;Card;Dota 2;5.0;1
SESS-10340;2026-08-01 15:52:50;USR-1203;2008-12-03;M;Standard;2;320;200;Card;CS2;;0
SESS-10964;2026-08-12 11:58:10;USR-1034;1991-12-14;M;Standard;1;120;100;Card;Browser/Work;;0
SESS-14036;2026-08-11 10:53:42;USR-1426;2011-10-06;M;Bootcamp;8;896;1080;Cash;Minecraft;;1
SESS-13186;2026-08-17 03:25:50;USR-1081;1997-02-08;F;PS5;1;270;250;Card;Browser/Work;;0
SESS-11593;2026-08-01 14:12:37;USR-1753;2005-03-09;M;Standard;3;480;300;Card;Dota 2;4.0;0
SESS-13497;2026-08-28 20:40:59;USR-1083;2000-08-19;M;Bootcamp;5;1400;750;Card;Dota 2;4.0;0
SESS-11835;2026-08-08 20:02:37;USR-1088;1992-02-13;M;Bootcamp;8;1590;1200;Card;CS2;2.0;0
SESS-14960;2026-08-15 23:21:32;USR-1158;1993-07-18;M;Bootcamp;5;1550;750;Card;CS2;5.0;0
SESS-16669;2026-08-08 04:35:08;USR-1436;2006-04-01;M;Standard;3;360;300;Card;Valorant;4.0;0
SESS-14486;2026-08-26 22:58:45;USR-1384;1991-01-08;M;PS5;12;4410;2700;Card;Dota 2;;1
SESS-13232;2026-08-12 10:17:28;USR-1011;2011-12-14;M;Bootcamp;3;0;450;App;Valorant;;0
SESS-12914;2026-08-31 22:26:13;USR-1785;2006-02-09;M;Standard;8;0;720;Card;CS2;5.0;1
SESS-11681;2026-08-22 02:32:26;USR-1099;2001-07-16;M;Standard;2;224;180;Cash;CS2;4.5;1
SESS-16297;2026-08-29 15:57:09;USR-1537;2011-04-04;M;VIP;2;120;400;App;Minecraft;;0
SESS-15336;2026-08-18 16:05:19;USR-1025;2010-10-04;M;Standard;2;0;200;Card;CS2;;0
SESS-15193;2026-08-28 23:49:17;USR-1087;2004-11-25;F;PS5;5;400;1250;Card;Dota 2;;0
SESS-16628;2026-08-13 13:20:04;USR-1473;2008-09-08;F;Bootcamp;4;784;540;Card;Deadlock;4.0;1
SESS-13140;2026-08-16 23:10:32;USR-1129;1993-08-09;F;PS5;3;1050;750;Card;Cyberpunk 2077;;0
SESS-12719;2026-08-21 11:40:15;USR-1125;2006-07-09;F;Standard;12;2688;1080;App;Dota 2;;1
SESS-13268;2026-08-21 17:52:31;USR-1051;2011-06-02;F;Standard;2;0;200;Cash;Minecraft;;0
SESS-12272;2026-08-22 15:43:11;USR-1129;1993-08-09;F;VIP;1;0;200;Card;CS2;;0
SESS-16073;2026/08/10 15:59:11;USR-1099;2001-07-16;M;Bootcamp;1;0;150;Cash;CS2;;0
SESS-12536;2026-08-05 14:26:49;USR-1624;2004-05-20;M;Bootcamp;1;0;150;Card;Deadlock;;0
SESS-10298;2026-08-09 18:37:55;USR-1241;2005-01-22;M;VIP;1;0;200;Card;CS2;;0
SESS-14164;2026-08-26 21:57:50;USR-1766;2007-09-21;M;VIP;1;0;180;Card;Valorant;;1
SESS-11629;2026-08-09 13:22:40;USR-1007;1995-11-02;F;PS5;3;690;750;Card;Dota 2;4.5;0
SESS-10914;2026-08-13 18:31:19;USR-1009;2004-06-03;M;VIP;8;0;1440;App;Deadlock;;1
SESS-16308;2026-08-18 15:51:19;USR-1406;2005-05-07;M;Bootcamp;8;1007;1080;Card;Minecraft;;1
SESS-16392;2026-08-17 15:26:12;USR-1155;2009-09-19;M;Standard;4;448;360;App;CS2;4.0;1
SESS-17115;2026-08-09 00:45:45;USR-1418;2009-03-28;M;Standard;8;0;800;Card;PUBG;5.0;0
SESS-13921;2026-08-29 20:46:26;USR-1681;2006-06-11;M;VIP;4;0;800;Card;Dota 2;5.0;0
SESS-12880;2026-08-07 01:11:00;USR-1694;2005-10-01;M;PS5;8;0;2000;Card;PUBG;;0
SESS-16356;2026-08-13 19:50:05;USR-1795;2007-08-02;M;Bootcamp;1;0;150;Cash;Dota 2;;0
SESS-10245;2026-08-16 19:23:25;USR-1165;1997-06-23;M;VIP;2;650;400;Card;GTA V;;0
SESS-16848;2026-08-20 15:48:19;USR-1148;2005-12-20;M;VIP;1;310;200;App;Apex Legends;;0
SESS-14902;2026-08-09 09:28:58;USR-1085;2000-07-21;M;Standard;2;700;180;App;CS2;;1
SESS-15603;2026-08-21 14:58:11;USR-1114;2005-06-01;M;Standard;2;320;200;Card;Deadlock;;0
SESS-15095;2026-08-29 20:22:15;USR-1154;1987-12-02;M;Bootcamp;2;714;270;Card;Dota 2;4.5;1
SESS-16144;2026-08-08 14:33:39;USR-1522;2008-11-21;M;Bootcamp;1;270;150;Card;Cyberpunk 2077;;0
SESS-14340;2026-08-10 22:48:52;USR-1274;2011-10-23;M;Standard;5;280;450;App;Dota 2;;1
SESS-10966;2026-08-13 15:01:57;USR-1432;2004-10-17;M;VIP;5;950;1000;Card;Dota 2;;0
SESS-14929;2026-08-20 14:40:14;USR-1143;2006-07-15;F;Standard;4;480;400;Card;Valorant;4.0;0
SESS-16815;2026-08-22 17:27:19;USR-1007;1995-11-02;F;VIP;5;1260;900;Card;Dota 2;;1
SESS-10636;2026-08-08 01:15:00;USR-1023;2010-02-02;M;Standard;8;0;800;Cash;Valorant;3.0;0
SESS-12736;2026-08-09 03:41:46;USR-1135;2008-12-16;M;Bootcamp;2;400;300;App;Deadlock;4.0;0
SESS-14445;2026-08-16 19:29:52;USR-1015;1998-01-18;M;VIP;3;0;600;Card;PUBG;4.5;0
SESS-14536;2026-08-25 10:14:14;USR-1130;2008-05-01;F;PS5;2;0;500;Card;CS2;;0
SESS-17070;2026-08-26 09:59:56;USR-1354;2008-01-14;F;Bootcamp;3;0;405;Card;Dota 2;4.0;1
SESS-13928;2026-08-29 08:19:49;USR-1596;1999-12-20;F;VIP;3;965;540;Card;CS2;;1
SESS-12210;2026-08-29 21:45:39;USR-1180;2008-03-02;M;VIP;4;784;720;Card;Dota 2;4.5;1
SESS-15918;2026-08-23 19:47:28;USR-1160;2006-10-02;M;Standard;4;896;360;App;Dota 2;5.0;1
SESS-16587;2026-08-09 21:22:36;USR-1155;2009-09-19;M;Standard;4;448;360;App;Minecraft;;1
SESS-11651;2026-08-29 23:58:46;USR-1395;2006-05-19;F; standard ;8;0;2000;App;Dota 2;5.0;0
SESS-13233;2026-08-29 13:52:33;USR-1415;2011-12-24;M;Bootcamp;3;0;450;App;CS2;;0
SESS-10988;2026-08-28 07:33:40;USR-1389;2007-04-01;M;Standard;2;0;200;Cash;CS2;5.0;0
SESS-11122;2026-08-14 16:30:06;USR-1035;1998-09-03;M;VIP;1;550;200;Card;Dota 2;5.0;0
SESS-13030;2026-08-01 16:19:49;USR-1077;1996-09-03;M;VIP;2;909;360;App;GTA V;4.0;1
SESS-16840;2026-08-30 14:24:15;USR-1318;2005-10-26;M;Standard;3;240;300;Card;Dota 2;;0
SESS-16338;2026-08-02 21:15:42;USR-1051;2011-06-02;F;Standard;3;0;300;App;Dota 2;;0
SESS-14095;2026-08-25 22:55:46;USR-1530;2005-12-18;M;Standard;8;0;800;Cash;Dota 2;;0
SESS-13778;2026-08-24 13:42:08;USR-1498;2000-09-02;M;Standard;1;250;100;Card;Dota 2;;0
SESS-16201;2026-08-07 23:36:03;USR-1157;2011-01-17;M;VIP;8;448;1440;App;Valorant;;1
SESS-15216;2026-08-10 20:49:06;USR-1118;2006-10-19;F;Bootcamp;2;390;300;App;Dota 2;;0
SESS-15716;2026-08-14 18:21:34;USR-1704;2005-03-07;M;VIP;1;200;200;Cash;CS2;4.0;0
SESS-15617;2026-08-26 14:32:43;USR-1122;1995-12-05;M;Standard;1;120;100;Card;CS2;;0
SESS-15453;2026-08-02 22:13:35;USR-1023;2010-02-02;M;Standard;12;0;1200;Cash;CS2;4.5;0
SESS-16717;2026-08-10 13:14:16;USR-1008;2001-12-13;M;Standard;2;0;200;Card;CS2;;0
SESS-15924;2026-08-31 19:38:23;USR-1309;2008-12-24;M;Standard;5;600;500;;Deadlock;4.0;0
SESS-14291;2026-08-23 18:49:00;USR-1004;2011-07-04;M;Standard;8;0;720;App;Valorant;4.5;1
SESS-13391;2026-08-19 23:08:48;USR-1599;2007-04-09;M;Bootcamp;12;1590;1800;Card;Deadlock;;0
SESS-13796;2026-08-08 16:04:42;USR-1549;2002-09-27;M;Bootcamp;3;546;405;App;Dota 2;5.0;1
SESS-15078;2026-08-19 17:01:19;USR-1425;2011-03-08;M;VIP;4;320;800;App;Minecraft;4.5;0
SESS-16692;2026-08-20 22:58:06;USR-1066;2011-12-15;M;Standard;12;0;1080;Cash;CS2;4.5;1
SESS-11501;2026-08-02 13:38:01;USR-1031;1993-08-21;M;Standard;1;0;100;App;Dota 2;;0
SESS-13637;2026-08-01 16:01:02;USR-1003;2010-11-08;M;Standard;2;0;200;Cash;Minecraft;;0
SESS-16022;2026-08-22 19:00:54;USR-1312;1998-03-17;M;PS5;3;840;750;Card;CS2;4.5;0
SESS-13010;2026-08-28 20:43:05;USR-1280;2003-02-25;M;PS5;2;240;500;Card;CS2;;0
SESS-10664;2026-08-26 21:39:09;USR-1666;2005-07-17;M;Standard;5;840;450;Card;Dota 2;5.0;1
SESS-17082;2026-08-30 11:45:38;USR-1741;2008-10-09;M;VIP;2;390;400;Card;CS2;;0
SESS-16482;2026-08-10 19:32:51;USR-1462;2007-10-24;M;Bootcamp;3;0;450;Cash;Dota 2;;0
SESS-10554;2026-08-08 17:04:26;USR-1122;1995-12-05;M;VIP;3;1050;600;Card;CS2;4.0;0
SESS-12686;2026-08-01 19:40:30;USR-1312;1998-03-17;M;VIP;1;672;180;Card;Valorant;;1
SESS-11774;2026-08-29 15:25:27;USR-1039;2004-10-18;M;Bootcamp;2;240;300;Card;Dota 2;;0
SESS-14867;2026-08-06 12:50:07;USR-1127;2009-02-14;M;Standard;2;160;200;Cash;Minecraft;5.0;0
SESS-16598;2026-08-25 15:25:03;USR-1491;2006-11-11;M;Standard;3;0;300;Card;Dota 2;2.0;0
SESS-15904;2026-08-31 19:54:20;USR-1082;2004-06-01;F;Standard;2;160;200;Card;Dota 2;;0
SESS-13165;2026-08-17 20:04:19;USR-1562;1999-02-01;Мужской;VIP;1;400;200;Cash;CS2;;0
SESS-10004;2026-08-26 17:14:52;USR-1593;2004-10-22;M;Standard;1;224;90;App;Valorant;;1
SESS-17110;2026-08-24 21:07:10;USR-1510;2010-12-16;M;Standard;2;80;200;Card;Valorant;;0
SESS-16058;2026-08-29 13:53:30;USR-1255;2006-08-03;M;Bootcamp;4;0;600;App;Dota 2;;0
SESS-15137;2026-08-23 21:44:37;USR-1024;2007-08-13;M;Standard;2;0;200;App;Valorant;4.5;0
SESS-14576;2026-08-15 21:30:23;USR-1331;2005-09-22;F;PS5;4;320;1000;Cash;Dota 2;5.0;0
SESS-12903;2026-08-26 01:21:07;USR-1119;1997-03-16;M;PS5;5;1050;1250;Card;PUBG;4.0;0
SESS-15233;2026-08-16 10:54:26;USR-1037;2003-11-24;M;Standard;2;160;200;App;Dota 2;;0
SESS-14590;2026-08-14 18:48:22;USR-1218;2012-09-19;M;Standard;1;40;100;Cash;CS2;;0
SESS-17229;2026-08-25 13:57:32;USR-1106;2010-07-26;M;VIP;3;168;540;Card;Minecraft;5.0;1
SESS-11953;2026/08/16 10:20:43;USR-1023;2010-02-02;M;VIP;4;0;800;App;Minecraft;1.0;0
SESS-12195;2026-08-20 09:50:23;USR-1402;2003-06-05;M; standard ;2;160;200;Card;Deadlock;;0
SESS-16423;2026-08-24 18:56:27;USR-1385;2011-06-05;M;Standard;3;0;300;App;Dota 2;5.0;0
SESS-10323;2026-08-15 01:00:08;USR-1304;2010-11-25;M;VIP;5;420;900;Card;CS2;3.0;1
SESS-14389;2026-08-09 22:12:28;USR-1063;2007-02-12;M;Bootcamp;8;1430;1200;Card;CS2;;0
SESS-13794;2026-08-23 22:29:45;USR-1028;2005-02-10;M;Standard;3;240;300;Cash;Minecraft;4.5;0
SESS-11001;2026-08-27 21:16:10;USR-1778;2012-02-10;M;Standard;1;40;100;App;CS2;;0
SESS-15373;2026-08-30 12:51:30;USR-1155;2009-09-19;M;Standard;2;160;200;Card;Minecraft;3.0;0
SESS-13849;2026-08-08 16:49:48;USR-1124;2004-09-24;M;VIP;3;0;600;Card;CS2;5.0;0
SESS-11170;2026-08-26 12:31:41;USR-1507;2003-11-04;M;Standard;4;896;360;App;Valorant;;1
SESS-15877;2026-08-18 18:46:17;USR-1757;2001-08-06;M;Bootcamp;2;0;300;Card;Dota 2;;0
SESS-13867;2026-08-01 20:26:18;USR-1035;1998-09-03;M;Bootcamp;1;270;150;Card;CS2;;0
SESS-17139;2026-08-01 18:04:40;USR-1488;2006-01-14;M;Bootcamp;1;310;150;App;Dota 2;;0
SESS-11679;2026-08-19 09:54:23;USR-1583;2005-10-01;M;Standard;2;336;180;App;Deadlock;;1
SESS-11395;2026-08-06 11:44:47;USR-1696;2000-03-11;M;VIP;2;660;400;Card;CS2;;0
SESS-10551;2026-08-16 13:24:36;USR-1561;2008-08-16;M;VIP;1;0;200;App;Apex Legends;;0
SESS-14890;2026-08-26 16:25:37;USR-1696;2000-03-11;M;VIP;12;1740;2400;Card;Cyberpunk 2077;;0
SESS-11517;2026-08-23 06:55:50;USR-1213;2011-07-07;M;Standard;2;0;200;App;Valorant;;0
SESS-10811;2026-08-10 05:54:52;USR-1210;2004-11-18;M;Bootcamp;4;470;600;Card;Dota 2;;0
SESS-15271;2026-08-12 13:52:43;USR-1692;2007-04-02;M;Standard;1;80;100;Card;Dota 2;;0
SESS-16085;2026-08-28 13:26:25;USR-1243;2010-02-10;M;VIP ;4;0;400;Card;CS2;4.0;0
SESS-15903;2026-08-19 17:45:19;USR-1055;2004-09-27;M;Bootcamp;2;0;300;Card;Deadlock;4.0;0
SESS-16322;2026-08-31 18:22:40;USR-1075;1995-03-20;F;Standard;1;250;100;Card;Dota 2;;0
SESS-11992;2026-08-14 16:55:10;USR-1793;2010-06-15;M;Bootcamp;1;0;150;Cash;CS2;4.5;0
SESS-12042;2026-08-30 18:57:34;USR-1412;05/10/2007;M;Standard;1;160;100;Card;GTA V;;0
SESS-14617;2026-08-18 22:27:33;USR-1119;1997-03-16;M;PS5;8;1590;2000;Card;CS2;5.0;0
SESS-11291;2026-08-25 13:05:07;USR-1119;1997-03-16;M;VIP;2;0;400;Card;PUBG;4.0;0
SESS-10808;2026-08-08 13:36:12;USR-1723;2005-11-06;M;Standard;1;160;100;App;Deadlock;;0
SESS-10859;2026-08-08 12:25:33;USR-1270;2001-01-19;M;Standard;5;400;500;App;Dota 2;5.0;0
SESS-10685;2026-08-07 15:44:35;USR-1138;2003-02-26;F;Standard;4;0;400;App;CS2;4.0;0
SESS-15482;2026-08-03 15:37:23;USR-1655;2004-11-14;M;PS5;2;160;500;Card;CS2;;0
SESS-15450;2026-08-12 08:42:20;USR-1329;2007-12-17;M;PS5;2;240;500;App;Dota 2;;0
SESS-12992;2026-08-03 16:17:39;USR-1476;2002-08-28;F;Standard;4;0;360;Card;Dota 2;4.5;1
SESS-12544;2026-08-10 21:02:53;USR-1099;2001-07-16;M;Standard;3;240;300;Card;GTA V;;0
SESS-10556;2026-08-01 15:25:59;USR-1111;2011-09-06;M;Bootcamp;2;160;300;App;Minecraft;4.0;0
SESS-15346;2026-08-26 09:57:37;USR-1566;2006-07-16;M;Bootcamp;2;240;300;Card;Dota 2;;0
SESS-16251;2026-08-12 00:11:20;USR-1005;2011-10-01;M;Standard;8;0;800;App;CS2;;0
SESS-15944;2026-08-20 13:04:14;USR-1596;1999-12-20;F;Standard;5;900;500;Card;Cyberpunk 2077;4.5;0
SESS-15245;2026-08-23 23:46:23;USR-1495;1992-04-19;M;VIP;5;0;900;Card;GTA V;;1
SESS-12615;2026-08-15 22:54:51;USR-1786;2006-04-14;M;Bootcamp;12;2898;1620;Card;Valorant;4.5;1
SESS-10602;2026-08-05 20:27:23;USR-1536;1999-01-19;M;PS5;1;270;250;Card;GTA V;5.0;0
SESS-11839;2026-08-24 13:31:35;USR-1312;1998-03-17;M;Bootcamp;2;0;300;App;Dota 2;;0
SESS-12574;2026-08-19 19:06:12;USR-1629;1995-05-02;M;Standard;2;0;200;App;GTA V;;0
SESS-13775;2026-08-13 20:40:13;USR-1093;2004-06-23;F;Bootcamp;3;0;450;Cash;CS2;4.5;0
SESS-11922;2026-08-26 16:25:49;USR-1007;1995-11-02;F;Bootcamp;2;0;300;Card;Cyberpunk 2077;4.0;0
SESS-13521;2026-08-09 13:14:40;USR-1094;2004-10-05;M;Standard;3;672;270;Card;CS2;;1
SESS-10272;2026-08-06 17:34:26;USR-1338;2006-04-28;F;Standard;2;336;180;Card;CS2;4.0;1
SESS-17065;2026-08-19 21:18:35;USR-1768;2005-01-16;F;Standard;2;160;200;Cash;Valorant;;0
SESS-10696;2026-08-15 13:19:02;USR-1380;2005-10-24;M;Standard;2;0;200;Card;Dota 2;;0
SESS-13653;2026-08-22 18:24:04;USR-1318;2005-10-26;M;Standard;2;0;200;App;Cyberpunk 2077;;0
SESS-15359;2026-08-28 19:42:44;USR-1551;2008-11-10;M;Standard;4;448;360;Card;Dota 2;;1
SESS-14919;2026-08-20 05:37:01;USR-1065;2009-08-26;F;Bootcamp;3;0;405;App;Minecraft;;1
SESS-16621;2026-08-08 19:54:59;USR-1154;1987-12-02;M;Standard;2;360;200;App;Dota 2;4.0;0
SESS-10954;2026-08-11 19:03:23;USR-1083;2000-08-19;M;PS5;4;882;900;Card;PUBG;4.0;1
SESS-11992;2026-08-14 16:55:10;USR-1793;2010-06-15;M;Bootcamp;1;0;150;Cash;CS2;4.5;0
SESS-10030;2026-08-12 18:12:08;USR-1743;2005-12-14;M;VIP;4;560;720;Card;CS2;;1
SESS-14143;2026-08-16 11:18:00;USR-1032;2011-02-27;M;VIP;1;0;180;App;Minecraft;;1
SESS-14575;2026-08-03 00:52:56;USR-1685;2008-12-06;M;VIP;5;0;1000;App;Dota 2;5.0;0
SESS-15633;2026-08-10 15:33:36;USR-1526;2012-04-13;M;Standard;1;60;100;Cash;CS2;;0
SESS-10780;2026-08-06 16:49:31;USR-1132;2007-03-22;M;Standard;2;160;200;App;CS2;;0
SESS-12464;2026-08-23 16:37:08;USR-1141;2007-07-14;M;Standard;8;0;800;App;Deadlock;4.0;0
SESS-16175;2026-08-16 10:41:16;USR-1088;1992-02-13;M;VIP;5;1550;1000;Card;Dota 2;;0
SESS-16199;2026-08-07 12:12:25;USR-1039;2004-10-18;M;Standard;1;120;100;Card;Dota 2;4.0;0
SESS-14964;2026-08-20 21:40:16;USR-1369;2005-09-09;M;Standard;4;640;400;Card;Apex Legends;;0
SESS-14079;2026-08-23 03:38:22;USR-1106;2010-07-26;M;Standard;4;224;360;App;CS2;4.5;1
SESS-11624;2026-08-24 15:03:24;USR-1632;2005-12-08;M;VIP;4;560;720;Card;Minecraft;4.5;1
SESS-14215;2026-08-21 18:20:05;USR-1107;1989-06-02;F;VIP;3;1176;540;Card;Dota 2;5.0;1
SESS-15024;2026-08-28 20:57:40;USR-1441;2009-01-06;M;Bootcamp;1;0;150;Cash;Deadlock;;0
SESS-10671;2026-08-21 07:13:18;USR-1677;2011-02-09;M;Standard;3;0;300;App;Dota 2;;0
SESS-14272;2026-08-29 16:23:44;USR-1641;2007-08-11;M;VIP;5;0;900;Card;Dota 2;4.5;1
SESS-13944;2026-08-08 23:28:38;USR-1160;2006-10-02;M;Bootcamp;5;0;750;Card;CS2;;0
SESS-14420;2026-08-08 18:08:25;USR-1002;2004-03-01;M;Standard;3;360;300;Card;CS2;4.5;0
SESS-16505;2026-08-11 22:45:11;USR-1313;1989-06-14;M;Standard;8;1440;800;Card;GTA V;;0
SESS-13237;2026-08-22 15:52:39;USR-1049;2011-07-07;M;Bootcamp;4;448;540;App;Dota 2;4.5;1
SESS-13701;2026-08-22 19:51:27;USR-1398;2012-02-18;F;PS5;1;60;250;Cash;GTA V;;0
SESS-16379;2026-08-20 18:26:21;USR-1530;2005-12-18;M;Bootcamp;4;0;600;Card;Dota 2;4.5;0
SESS-15246;2026-08-30 00:31:40;USR-1725;2005-09-06;M;VIP;2;400;400;Card;Dota 2;;0
SESS-11189;2026-08-22 21:03:16;USR-1055;2004-09-27;M;VIP;3;320;600;Card;CS2;4.0;0
SESS-14893;2026-08-23 07:49:40;USR-1083;2000-08-19;M;Standard;2;360;200;Card;PUBG;4.0;0
SESS-14100;2026-08-27 19:58:04;USR-1294;1993-09-04;M;VIP;5;0;1000;App;CS2;5.0;0
SESS-15091;2026-08-12 20:08:52;USR-1004;2011-07-04;M;Standard;5;280;450;App;Dota 2;;1
SESS-10586;2026-08-22 20:35:35;USR-1244;2005-04-18;M;Bootcamp;2;470;300;Card;CS2;;0
SESS-13284;2026-08-15 18:22:11;USR-1380;2005-10-24;M;VIP;2;320;400;Card;GTA V;;0
SESS-13370;2026-08-12 12:17:24;USR-1495;1992-04-19;M;PS5;3;0;750;Card;Browser/Work;;0
SESS-11553;2026-08-15 20:21:48;USR-1573;2010-11-01;M;VIP;2;0;400;App;Valorant;;0
SESS-12667;2026-08-18 22:28:38;USR-1713;1996-12-18;F;VIP;5;1200;1000;Card;Cyberpunk 2077;4.5;0
SESS-11496;2026-08-31 10:18:27;USR-1683;2010-08-17;M;Standard;2;0;200;Card;Minecraft;;0
SESS-13729;2026-08-25 11:56:04;USR-1021;2011-03-19;M;Bootcamp;1;80;150;Card;Valorant;;0
SESS-15183;2026-08-07 22:44:26;USR-1768;2005-01-16;F;Bootcamp;8;1040;1200;Card;Valorant;4.5;0
SESS-12690;2026-08-07 16:50:46;USR-1039;2004-10-18;M;Standard;1;0;100;Cash;Valorant;4.0;0
SESS-15251;2026-08-31 07:29:21;USR-1057;2007-12-06;M;Standard;4;672;360;Card;Valorant;5.0;1
SESS-10982;2026-08-26 19:10:53;USR-1069;2011-02-16;M;Bootcamp;2;0;300;Card;GTA V;2.0;0
SESS-10174;2026-08-20 09:33:26;USR-1234;2005-06-04;M;Standard;3;240;300;Card;Valorant;;0
SESS-13857;2026-08-21 01:06:08;USR-1112;2008-11-25;M;Standard;12;1920;1200;App;Dota 2;4.0;0
SESS-13930;2026-08-16 13:00:14;USR-1013;2010-03-22;F;Standard;1;0;100;Cash;Minecraft;;0
SESS-16373;2026-08-23 20:11:51;USR-1351;2006-08-16;M;Standard;2;240;200;Cash;Dota 2;;0
SESS-14827;2026-08-29 09:19:23;USR-1092;2001-05-02;F;Standard;4;672;360;Card;Valorant;;1
SESS-14281;08/08/2026 17:23:00;USR-1022;2012-11-14;F;Standard;1;0;100;App;Valorant;;0
SESS-16834;2026-08-17 11:50:18;USR-1397;2004-08-22;M;VIP;1;200;200;App;Valorant;;0
SESS-15219;2026-08-25 10:56:59;USR-1326;2003-05-12;F;Bootcamp;4;560;540;App;Dota 2;;1
SESS-11418;2026-08-29 18:41:52;USR-1700;2003-02-17;M;VIP;2;0;400;Card;Valorant;4.0;0
SESS-14426;2026-08-05 23:42:29;USR-1147;2010-04-19;M;Standard;8;0;800;App;Minecraft;;0
SESS-10208;2026-08-09 14:42:11;USR-1058;2008-11-03;M;Standard;2;0;200;Card;CS2;;0
SESS-10051;2026-08-31 16:20:09;USR-1401;2008-11-20;M;PS5;3;0;750;Card;CS2;;0
SESS-11765;2026-08-18 21:09:23;USR-1560;2007-10-17;M;Standard;2;0;200;Card;Deadlock;;0
SESS-13804;2026-08-13 10:31:29;USR-1073;2012-07-14;F;Standard;4;0;400;Cash;Minecraft;;0
SESS-14493;2026-08-09 15:33:20;USR-1482;2003-06-14;M;Bootcamp;1;160;150;App;CS2;;0
SESS-11300;2026-08-26 22:12:36;USR-1474;1995-07-09;M;VIP;8;2226;1440;Card;Cyberpunk 2077;4.5;1
SESS-10842;2026-08-07 13:52:12;USR-1147;2010-04-19;M;Standard;1;0;90;Cash;Minecraft;;1
SESS-14492;2026-08-09 19:44:35;USR-1005;2011-10-01;M;Standard;4;336;360;Cash;CS2;;1
SESS-10032;2026-08-20 19:08:14;USR-1607;2010-10-08;M;Standard;4;320;400;App;CS2;4.5;0
SESS-15415;2026-08-02 18:37:01;USR-1691;2012-06-12;M;Standard;3;0;300;Card;Minecraft;;0
SESS-15664;2026-08-12 16:30:45;USR-1268;2003-10-09;M;Standard;5;560;450;Card;Valorant;;1
SESS-15602;2026-08-30 17:33:14;USR-1315;2009-12-08;M;Standard;2;0;200;Cash;Valorant;;0
SESS-16314;2026-08-06 22:15:41;USR-1105;2004-04-12;M;Bootcamp;5;0;750;Card;CS2;5.0;0
SESS-14367;2026-08-15 17:27:01;USR-1693;2005-08-06;M;Standard;3;0;300;Card;CS2;4.5;0
SESS-11759;2026-08-14 07:10:18;USR-1587;1992-02-27;M;Bootcamp;5;2170;675;Card;Browser/Work;3.0;1
SESS-16378;2026-08-28 16:31:50;USR-1121;2007-05-26;M;Standard;3;0;300;Card;CS2;4.0;0
SESS-12197;2026-08-15 21:37:34;USR-1148;2005-12-20;M;Bootcamp;4;0;600;Card;Dota 2;;0
SESS-14949;2026-08-05 19:38:33;USR-1339;2011-06-06;M;Standard;2;0;200;App;Dota 2;;0
SESS-16943;2026-08-30 17:30:29;USR-1683;2010-08-17;M;Standard;2;160;200;App;CS2;;0
SESS-14765;2026-08-30 18:21:03;USR-1627;2006-07-13;M;VIP;3;616;540;;Dota 2;4.5;1
SESS-11043;2026-08-15 12:24:30;USR-1015;1998-01-18;M;PS5;1;0;250;Card;CS2;;0
SESS-17190;2026-08-24 14:45:01;USR-1268;2003-10-09;M;Standard;2;0;200;Card;Valorant;1.0;0
SESS-15926;2026-08-29 07:55:12;USR-1132;2007-03-22;M;Bootcamp;2;0;300;;Valorant;;0
SESS-13513;2026-08-27 10:33:22;USR-1157;2011-01-17;M;Standard;12;0;1200;App;Dota 2;4.5;0
SESS-12171;2026-08-29 22:38:02;USR-1089;2012-05-15;M;Standard;8;0;800;Card;Valorant;4.5;0
SESS-10402;2026-08-10 19:23:21;USR-1082;2004-06-01;F;Bootcamp;2;0;300;Card;CS2;;0
SESS-16694;2026-08-01 00:44:29;USR-1123;2003-11-08;F;Standard;8;1792;720;Card;CS2;5.0;1
SESS-11038;2026-08-08 22:31:21;USR-1679;2005-07-27;F;Standard;8;0;800;App;Apex Legends;;0
SESS-15898;2026-08-22 15:48:59;USR-1134;1995-04-07;M;VIP;3;0;540;Card;GTA V;;1
SESS-14699;2026-08-16 00:19:35;USR-1460;2008-06-02;F;Bootcamp;8;0;1200;Card;Deadlock;;0
SESS-11445;2026-08-16 20:32:52;USR-1149;2003-10-27;M;VIP;1;230;200;Card;Dota 2;;0
SESS-15084;2026-08-02 12:43:16;USR-1010;2007-09-24;M;VIP;2;448;360;Card;Cyberpunk 2077;;1
SESS-13683;2026-08-06 14:16:53;USR-1025;2010-10-04;M;Standard;1;0;100;App;Minecraft;5.0;0
SESS-15203;2026-08-30 11:01:21;USR-1791;2008-10-28;M;PS5;3;0;750;Card;Dota 2;5.0;0
SESS-16271;2026-08-09 13:52:30;USR-1480;2002-10-07;F;Standard;1;0;100;Card;Deadlock;;0
SESS-16804;2026-08-16 09:58:43;USR-1624;2004-05-20;M;VIP;2;320;400;App;GTA V;;0
SESS-10526;2026-08-23 13:32:55;USR-1514;2006-08-24;M;Bootcamp;2;240;300;App;Dota 2;;0
SESS-11766;2026-08-23 17:08:21;USR-1475;2006-02-08;F;Standard;2;0;200;Card;CS2;;0
SESS-11198;2026-08-08 16:29:25;USR-1015;1998-01-18;M;PS5;3;1050;750;Card;Cyberpunk 2077;;0
SESS-12338;2026-08-15 18:56:14;USR-1538;2003-03-28;M;Bootcamp;2;0;300;Card;Deadlock;;0
SESS-11311;2026-08-27 19:44:34;USR-1127;02/14/2009;M;Standard;3;336;270;Card;CS2;;1
SESS-11215;2026-08-13 17:47:59;USR-1284;2007-03-19;F;Bootcamp;3;390;450;Card;Minecraft;;0
SESS-12967;2026-08-28 22:45:46;USR-1108;2002-06-14;M;Standard;5;0;500;App;CS2;4.5;0
SESS-10851;2026-08-19 02:35:38;USR-1064;2004-07-08;M;VIP;1;310;200;Card;Valorant;;0
SESS-15381;2026-08-04 18:53:37;USR-1627;2006-07-13;M;VIP;2;0;400;App;Valorant;;0
SESS-17074;2026-08-24 19:49:02;USR-1081;1997-02-08;F;Standard;2;0;200;Card;Browser/Work;;0
SESS-14188;2026-08-07 19:28:37;USR-1141;2007-07-14;M;Bootcamp;4;720;600;Card;Valorant;;0
SESS-16528;2026-08-14 18:26:24;USR-1148;2005-12-20;M;Standard;2;0;200;Card;Dota 2;;0
SESS-11587;2026-08-03 16:30:24;USR-1565;2003-02-24;M;Standard;4;448;360;Card;CS2;;1
SESS-14693;2026-08-08 21:44:28;USR-1657;1997-08-05;M;VIP;8;2300;1600;Card;Cyberpunk 2077;;0
SESS-14303;2026-08-01 14:53:28;USR-1005;2011-10-01;M;Standard;3;0;300;Card;Minecraft;4.0;0
SESS-11853;2026-08-20 01:53:36;USR-1461;2007-03-09;M;Standard;12;0;1200;App;CS2;4.5;0
SESS-14802;2026-08-11 18:43:20;USR-1732;2012-08-25;M;Bootcamp;2;80;300;App;GTA V;;0
SESS-12940;2026-08-03 00:15:45;USR-1227;1996-04-01;M;PS5;12;4410;2700;Card;Dota 2;5.0;1
SESS-15282;2026-08-19 18:00:57;USR-1308;2007-07-09;M;VIP;3;0;600;Cash;Dota 2;4.5;0
SESS-11541;2026-08-16 17:56:40;USR-1059;2010-04-18;M;Standard;1;60;100;App;CS2;5.0;0
SESS-10604;2026-08-17 19:29:30;USR-1087;2004-11-25;F;PS5;3;0;750;Card;Dota 2;4.0;0
SESS-16080;2026-08-26 18:04:17;USR-1129;1993-08-09;F;Bootcamp;3;1050;450;Card;GTA V;;0
SESS-15618;2026-08-26 02:59:28;USR-1628;2012-08-25;M;Standard;1;0;100;Cash;Valorant;;0
SESS-12801;2026-08-13 21:27:54;USR-1198;2004-04-22;M;Bootcamp;5;0;750;App;CS2;2.0;0
SESS-15607;2026-08-15 19:40:45;USR-1137;1993-02-24;M;Standard;2;360;200;Card;PUBG;2.0;0
SESS-16535;2026-08-09 14:36:29;USR-1088;1992-02-13;M;Bootcamp;1;550;150;Card;GTA V;4.0;0
SESS-10024;2026-08-25 12:03:10;USR-1300;2001-04-21;F;VIP;4;784;720;Card;Dota 2;4.0;1
SESS-12859;2026-08-29 19:04:22;USR-1613;2011-11-27;M;Standard;1;0;100;App;Dota 2;;0
SESS-15389;2026-08-08 22:28:28;USR-1041;2011-07-28;M;Standard;5;200;500;App;Deadlock;;0
SESS-13664;2026-08-10 17:12:39;USR-1093;2004-06-23;F;VIP;2;390;400;Card;CS2;5.0;0
SESS-16143;2026-08-27 17:29:38;USR-1516;2007-09-11;M;Standard;2;0;200;Card;Deadlock;;0
SESS-15566;2026-08-09 21:36:18;USR-1022;2012-11-14;F;Standard;4;320;400;App;Minecraft;2.0;0
SESS-15936;2026-08-06 11:15:23;USR-1118;2006-10-19;F;Bootcamp;5;0;750;Cash;Dota 2;4.0;0
SESS-11254;2026-08-10 23:49:16;USR-1341;2004-02-28;M;Standard;~3;0;300;Card;Dota 2;5.0;0
SESS-12546;2026-08-21 15:42:59;USR-1262;2012-08-24;F;Standard;2;160;200;App;CS2;;0
SESS-14779;2026-08-02 18:49:17;USR-1085;2000-07-21;M;VIP;1;330;200;Card;Browser/Work;4.5;0
SESS-15911;2026-08-05 18:27:48;USR-1774;2010-08-07;M;Standard;4;336;360;Card;Valorant;;1
SESS-10570;2026-08-14 18:29:32;USR-1130;2008-05-01;F;Standard;2;160;200;App;Dota 2;;0
SESS-15164;2026-08-17 21:05:11;USR-1124;2004-09-24;M;Standard;1;168;90;Card;Apex Legends;4.5;1
SESS-15455;2026-08-03 02:47:09;USR-1696;2000-03-11;M;Standard;12;3024;1080;App;Cyberpunk 2077;5.0;1
SESS-10701;2026-08-22 12:41:41;USR-1604;2007-07-25;M;Standard;1;0;100;Card;Valorant;;0
SESS-10860;2026-08-12 17:48:54;USR-1557;2010-11-22;M;Standard;1;0;100;App;Minecraft;4.0;0
SESS-13602;2026-08-05 16:19:45;USR-1289;2010-05-21;M;Standard;1;80;100;Cash;CS2;4.5;0
SESS-14856;2026-08-15 15:07:35;USR-1083;2000-08-19;M;Standard;2;360;200;Card;GTA V;;0
SESS-14194;2026-08-02 18:30:45;USR-1502;2011-10-20;F;PS5;2;0;500;Cash;Valorant;;0
SESS-16191;2026-08-01 19:29:31;USR-1200;2008-10-20;F;Bootcamp;3;510;450;Card;Dota 2;;0
SESS-10173;2026-08-07 17:32:14;USR-1497;1992-02-13;M;PS5;1;0;250;Card;Cyberpunk 2077;;0
SESS-10640;2026-08-13 09:51:17;USR-1100;2011-02-25;M;Standard;4;0;400;Cash;Valorant;;0
SESS-13234;2026-08-01 17:42:27;USR-1053;1994-03-24;M;Standard;1;180;100;Card;Valorant;4.5;0
SESS-16445;2026-08-01 13:52:59;USR-1422;2012-06-23;M;Standard;2;0;200;Cash;Dota 2;;0
SESS-12409;2026-08-21 21:37:31;USR-1399;1997-04-05;M;PS5;2;0;500;Card;CS2;4.5;0
SESS-11001;2026-08-27 21:16:10;USR-1778;2012-02-10;M;Standard;1;40;100;App;CS2;;0
SESS-14038;2026-08-02 00:30:14;USR-1378;1995-11-07;M;PS5;12;0;3000;Card;Cyberpunk 2077;;0
SESS-11195;2026-08-20 16:57:33;USR-1026;2010-02-02;M;Standard;4;0;360;App;Apex Legends;;1
SESS-12833;2026-08-25 07:59:11;USR-1297;2012-04-24;M;Standard;2;0;200;App;Minecraft;;0
SESS-16634;2026-08-01 21:39:28;USR-1438;2006-04-14;M;Standard;2;240;200;Card;Apex Legends;;0
SESS-12553;2026-08-10 17:08:39;USR-1592;1998-02-08;F;Bootcamp;4;870;600;Card;Dota 2;4.5;0
SESS-13058;2026-08-05 20:35:59;USR-1228;2009-01-15;M;Standard;3;120;300;App;Dota 2;;0
SESS-11644;2026-08-18 19:01:03;USR-1761;2001-02-23;F;Standard;2;0;200;App;Dota 2;;0
SESS-13117;2026-08-07 22:08:10;USR-1325;2009-12-02;F;Standard;~12;0;1080;Card;Minecraft;3.0;1
SESS-13647;2026-08-25 13:19:43;USR-1546;2023-06-15;M;VIP;-2;80;200;Card;Minecraft;4.5;0
SESS-15211;2026-08-26 10:43:44;USR-1254;2007-12-18;M;Bootcamp;1;270;150;Card;Dota 2;5.0;0
SESS-12002;2026-08-22 00:11:24;USR-1138;2003-02-26;F;VIP;8;0;1440;Card;CS2;4.0;1
SESS-15658;2026-08-16 17:38:27;USR-1047;2004-05-25;M;Standard;2;0;200;Card;Dota 2;;0
SESS-13595;2026-08-17 20:23:06;USR-1309;2008-12-24;M;Standard;2;0;200;App;Deadlock;;0
SESS-14662;2026-08-24 22:33:41;USR-1614;2006-09-16;F;VIP;8;1110;1600;App;CS2;5.0;0
SESS-16496;2026-08-18 17:04:07;USR-1074;2011-11-23;F;Standard;1;80;100;Cash;Minecraft;;0
SESS-16041;2026-08-01 16:34:27;USR-1610;2008-10-26;M;Standard;8;1792;720;App;CS2;;1
SESS-12745;2026-08-20 16:50:24;USR-1774;2010-08-07;M;Standard;5;200;500;App;Deadlock;4.5;0
SESS-10368;2026-08-15 16:08:56;USR-1012;2009-01-18;F;VIP;1;0;200;App;CS2;;0
SESS-15011;2026-08-10 11:35:54;USR-1008;2001-12-13;M;VIP;2;0;400;Card;CS2;;0
SESS-11961;2026-08-16 08:56:44;USR-1077;1996-09-03;M;Bootcamp;1;270;150;Card;Cyberpunk 2077;;0
SESS-10423;2026-08-25 09:38:42;USR-1069;2011-02-16;M;Standard;3;0;300;App;Minecraft;;0
SESS-10213;2026-08-18 16:46:48;USR-1081;1997-02-08;F;PS5;2;0;500;Card;Valorant;;0
SESS-12996;2026-08-06 14:47:19;USR-1369;2005-09-09;M;VIP;3;440;600;Card;CS2;4.0;0
SESS-12076;2026-08-22 18:51:11;USR-1382;2006-02-09;M;Standard;1;0;100;Card;Dota 2;;0
SESS-11404;2026-08-29 15:33:58;USR-1381;2007-09-03;F;Bootcamp;2;400;300;Card;Valorant;;0
SESS-16148;2026-08-04 18:18:30;USR-1132;2007-03-22;M;Standard;1;80;100;Card;CS2;2.0;0
SESS-13850;2026-08-16 19:58:06;USR-1686;2006-06-04;M;Standard;2;0;200;Card;CS2;;0
SESS-11469;2026-08-04 17:54:02;USR-1729;2009-05-27;M;Bootcamp;3;168;405;App;CS2;4.5;1
SESS-16115;2026-08-17 22:53:53;USR-1389;2007-04-01;M;VIP;12;0;2160;Card;Cyberpunk 2077;4.0;1
SESS-12453;2026-08-29 17:58:11;USR-1013;2010-03-22;F;Standard;1;0;100;Cash;Minecraft;;0
SESS-15786;2026-08-23 10:58:49;USR-1539;2009-09-05;M;Standard;3;0;300;Cash;GTA V;4.0;0
SESS-11775;2026-08-14 11:44:19;USR-1718;1988-08-18;M;VIP;1;0;200;Card;GTA V;;0
SESS-10766;2026-08-01 14:41:21;USR-1141;2007-07-14;M;Bootcamp;2;0;300;App;Deadlock;;0
SESS-16471;2026-08-02 19:41:43;USR-1572;1994-06-18;M;PS5;2;650;500;Card;CS2;3.0;0
SESS-10749;2026-08-16 20:29:38;USR-1701;2010-07-18;M;Standard;4;240;400;App;Valorant;;0
SESS-16218;2026-08-30 15:14:02;USR-1416;1990-11-01;M;Standard;4;1400;360;Card;GTA V;;1
SESS-15817;2026-08-29 15:34:50;USR-1055;2004-09-27;M;VIP;1;230;200;Cash;Deadlock;;0
SESS-10262;2026-08-29 19:15:15;USR-1029;1999-08-16;M;VIP;2;0;400;Card;Cyberpunk 2077;5.0;0
SESS-14288;2026-08-02 17:04:53;USR-1433;2006-02-14;M;PS5;8;0;2000;Cash;Dota 2;5.0;0
SESS-15947;2026-08-27 08:11:59;USR-1780;2012-09-11;F;Standard;4;320;400;Cash;Minecraft;;0
SESS-10865;2026-08-28 18:52:18;USR-1157;2011-01-17;M;VIP;1;0;200;Card;CS2;;0
SESS-13940;2026-08-08 21:49:27;USR-1553;2002-05-22;M;Standard;3;0;300;App;CS2;4.5;0
SESS-17214;2026-08-17 19:16:53;USR-1241;2005-01-22;M;Standard;2;0;200;Card;Dota 2;;0
SESS-15856;2026-08-20 20:02:36;USR-1100;2011-02-25;M;Standard;5;0;500;Cash;Minecraft;;0
SESS-14774;2026-08-09 19:58:14;USR-1006;2007-06-18;M;Standard;1;120;100;Card;Apex Legends;;0
SESS-16400;2026-08-12 16:12:45;USR-1436;2006-04-01;M;VIP;3;448;540;App;Dota 2;;1
SESS-12887;2026-08-03 22:48:40;USR-1106;2010-07-26;M;VIP;12;1344;2160;Cash;Valorant;4.5;1
SESS-12610;2026-08-05 19:14:29;USR-1137;1993-02-24;M;Bootcamp;1;0;150;Card;Deadlock;;0
SESS-10346;2026-08-06 19:57:37;USR-1785;2006-02-09;M;Bootcamp;2;0;300;Card;Dota 2;1.0;0
SESS-16939;2026-08-12 09:20:44;USR-1044;1996-12-25;M;Bootcamp;1;0;150;Card;Dota 2;;0
SESS-10047;2026-08-30 16:26:53;USR-1525;2010-02-24;M;Standard;2;0;200;Cash;Minecraft;;0
SESS-15349;2026-08-01 00:10:05;USR-1127;2009-02-14;M;Bootcamp;8;0;1200;App;Dota 2;;0
SESS-11361;2026-08-01 15:32:04;USR-1017;2010-09-20;M;Standard;1;84;90;App;Minecraft;;1
SESS-15637;2026-08-15 21:01:00;USR-1233;2012-06-10;M;Bootcamp;3;168;405;App;CS2;;1
SESS-15274;2026-08-08 21:23:51;USR-1609;1999-09-26;M;Bootcamp;1;0;150;Card;PUBG;5.0;0
SESS-13983;2026-08-01 13:11:05;USR-1689;2007-07-01;M;Standard;1;0;100;Card;Dota 2;4.5;0
SESS-16940;2026-08-08 14:58:43;USR-1593;2004-10-22;M;VIP;2;470;400;App;CS2;;0
SESS-16472;2026-08-12 20:03:49;USR-1112;2008-11-25;M;Standard;2;0;200;Card;CS2;;0
SESS-16743;2026-08-29 10:28:24;USR-1431;2003-06-20;M;Standard;1;0;100;Cash;Dota 2;4.0;0
SESS-14669;2026-08-27 14:45:28;USR-1076;2003-01-05;M;Standard;2;0;200;Card;Cyberpunk 2077;;0
SESS-15209;2026-08-20 15:10:48;USR-1116;2006-12-01;M;VIP;1;0;200;Card;Dota 2;5.0;0
SESS-14816;2026-08-30 20:14:37;USR-1729;1886-09-20;M;Bootcamp;999;0;540;Cash;CS2;;1
SESS-12647;2026-08-21 10:28:08;USR-1150;2004-01-17;F;Standard;2;0;200;Card;Cyberpunk 2077;;0
SESS-16038;2026-08-29 12:45:41;USR-1648;2007-03-17;M;VIP;5;0;900;App;Dota 2;4.5;1
SESS-14567;2026-08-07 12:40:57;USR-1532;2007-12-28;M;PS5;3;0;750;Card;CS2;;0
SESS-17251;2026-08-04 21:13:26;USR-1379;2011-08-24;F;Bootcamp;3;120;450;App;Valorant;4.5;0
SESS-11712;2026-08-08 22:15:44;USR-1587;1992-02-27;M;Standard;8;1440;800;Card;Cyberpunk 2077;4.0;0
SESS-11437;2026-08-05 01:57:44;USR-1513;2005-03-25;M;Standard;12;960;1200;App;CS2;;0
SESS-14053;2026-08-23 11:11:42;USR-1622;2006-05-16;M;Standard;3;480;300;Cash;CS2;;0
SESS-14440;2026-08-22 19:32:37;USR-1444;2009-02-07;M;Bootcamp;2;0;300;Card;CS2;;0
SESS-16837;2026-08-13 12:56:22;USR-1442;2002-04-12;M;Standard;1;160;100;App;CS2;;0
SESS-14715;2026-08-24 19:30:27;USR-1090;2004-08-10;m;Standard;3;0;300;Card;Dota 2;4.0;0
SESS-11861;2026-08-30 19:44:48;USR-1119;1997-03-16;M;VIP;3;0;540;App;GTA V;;1
SESS-15655;2026-08-15 19:21:47;USR-1174;1996-03-09;M;Standard;2;0;200;Card;Browser/Work;;0
SESS-15612;2026-08-05 22:33:57;USR-1723;2005-11-06;M;VIP;3;0;600;App;CS2;;0
SESS-13911;2026-08-04 09:38:46;USR-1065;2009-08-26;F;Bootcamp;2;120;300;Card;Valorant;;0
SESS-13110;2026-08-11 19:20:28;USR-1269;1996-06-20;M;PS5;2;0;500;Card;Dota 2;;0
SESS-13899;2026-08-02 22:14:58;USR-1720;2012-03-11;M;PS5;12;0;3000;App;Dota 2;5.0;0
SESS-11461;2026-08-03 22:12:02;USR-1525;2010-02-24;M;Standard;5;0;500;App;CS2;5.0;0
SESS-13057;2026-08-14 16:54:19;USR-1781;1995-11-14;M;Standard;2;336;180;Card;Browser/Work;;1
SESS-14556;2026-08-15 22:02:16;USR-1123;2003-11-08;F;Standard;12;0;1200;App;Valorant;4.5;0
SESS-15446;2026-08-10 08:50:49;USR-1380;2005-10-24;M;VIP;5;950;1000;Cash;Dota 2;4.0;0
SESS-14837;2026-08-24 09:34:09;USR-1418;2009-03-28;M;VIP;3;0;600;App;CS2;;0
SESS-13134;2026-08-29 20:21:44;USR-1622;2006-05-16;M;Standard;1;160;100;Card;Minecraft;3.0;0
SESS-15958;2026-08-03 13:05:48;USR-1207;2010-06-10;M;Standard;2;80;200;Card;Dota 2;3.0;0
SESS-10141;2026-08-05 20:13:04;USR-1658;2003-06-14;M; standard ;2;320;200;App;PUBG;4.0;0
SESS-17243;2026-08-07 17:21:37;USR-1126;1996-07-13;F;Standard;4;1000;400;Card;PUBG;;0
SESS-14870;2026-08-06 19:40:59;USR-1678;2009-11-05;M;Standard;2;120;200;App;CS2;4.5;0
SESS-11401;2026-08-06 16:08:31;USR-1077;1996-09-03;M;PS5;2;0;500;App;GTA V;;0
SESS-10103;2026-08-11 19:33:13;USR-1370;2005-07-24;M;Standard;4;480;400;Card;CS2;5.0;0
SESS-11205;2026-08-22 14:04:21;USR-1077;1996-09-03;M;Bootcamp;4;0;600;Card;GTA V;;0
SESS-13321;2026-08-03 21:28:03;USR-1545;2007-06-27;M;Bootcamp;1;0;150;Card;Valorant;;0
SESS-15067;2026-08-25 11:01:02;USR-1770;2006-09-08;M;VIP;3;882;540;App;CS2;;1
SESS-16970;2026-08-21 13:37:13;USR-1671;1996-03-14;M;PS5;3;1470;675;Card;Dota 2;5.0;1
SESS-16193;2026-08-08 18:53:39;USR-1263;2010-11-06;M;Standard;4;0;400;App;CS2;;0
SESS-15161;2026-08-01 00:41:34;USR-1101;2003-05-22;M;Standard;8;640;800;Card;Deadlock;5.0;0
SESS-13254;2026-08-17 14:33:24;USR-1336;2002-08-22;F;Bootcamp;4;0;600;App;Valorant;;0
SESS-10835;2026-08-13 14:20:39;USR-1154;1987-12-02;M;Standard;5;0;500;Card;Cyberpunk 2077;3.0;0
SESS-16192;2026-08-07 13:30:53;USR-1062;1998-04-23;M;Bootcamp;1;550;150;Card;CS2;4.0;0
SESS-11154;2026-08-31 13:52:19;USR-1149;2003-10-27;M;VIP;4;658;720;App;Valorant;5.0;1
SESS-10791;2026-08-21 19:45:53;USR-1132;2007-03-22;M;Bootcamp;2;0;300;Card;Dota 2;;0
SESS-10176;2026-08-08 15:21:55;USR-1655;2004-11-14;M;Standard;1;0;100;App;CS2;;0
SESS-14297;2026-08-11 17:20:33;USR-1296;2004-12-18;M;Standard;5;400;500;App;Valorant;4.0;0
SESS-13799;2026-08-29 21:24:00;USR-1625;2006-09-14;M;Standard;2;0;200;Card;Valorant;;0
SESS-12765;2026-08-26 12:12:02;USR-1656;2011-05-01;M;VIP;2;0;400;Cash;Dota 2;5.0;0
SESS-14810;2026-08-30 16:53:00;USR-1146;2004-01-15;M;Standard;1;0;100;Card;Valorant;;0
SESS-11909;2026-08-14 21:55:08;USR-1000;1994-09-16;M;Standard;2;500;200;Card;Dota 2;4.0;0
SESS-17241;2026-08-26 00:58:38;USR-1172;2008-04-11;M;Standard;2;0;200;Card;Deadlock;;0
SESS-15632;2026-08-06 08:47:40;USR-1076;2003-01-05;M;Bootcamp;3;0;450;Card;Dota 2;2.0;0
SESS-14763;2026-08-14 20:42:20;USR-1374;1992-12-23;M;Bootcamp;2;546;270;Card;Valorant;4.5;1
SESS-12312;2026-08-31 06:59:44;USR-1289;2010-05-21;M;Standard;3;0;300;App;Dota 2;4.5;0
SESS-14724;2026-08-22 16:39:35;USR-1799;2010-11-20;M;Standard;5;280;450;Cash;Minecraft;;1
SESS-12645;2026-08-17 18:19:26;USR-1770;2006-09-08;M;Bootcamp;4;1007;540;Card;CS2;5.0;1
SESS-16918;2026-08-12 16:32:20;USR-1144;2005-01-11;M;Standard;1;160;100;Card;Dota 2;;0
SESS-13918;2026-08-21 14:21:27;USR-1525;2010-02-24;M;Bootcamp;2;0;300;App;Dota 2;;0
SESS-14189;2026-08-01 11:50:50;USR-1118;2006-10-19;F;Standard;3;0;300;App;Minecraft;3.0;0
SESS-11689;2026-08-21 15:44:46;USR-1254;2007-12-18;M;Standard;2;0;200;App;CS2;;0
SESS-16560;2026-08-15 11:50:37;USR-1462;2007-10-24;M;Standard;1;80;100;Card;CS2;;0
SESS-11551;2026-08-22 13:13:27;USR-1747;1886-09-20;M;Bootcamp;999;320;300;Card;CS2;;0
SESS-16032;2026-08-19 18:20:00;USR-1053;1994-03-24;M;VIP;2;0;400;Card;Dota 2;;0
SESS-14603;2026-08-15 02:19:13;USR-1426;2011-10-06;M;Standard;2;0;200;Cash;Minecraft;;0
SESS-11047;2026-08-15 13:04:06;USR-1595;1998-03-16;M;PS5;12;2460;3000;App;GTA V;4.0;0
SESS-14614;2026-08-15 11:14:54;USR-1312;1998-03-17;M;PS5;3;965;675;Card;Dota 2;1.0;1
SESS-11272;2026-08-11 01:07:05;USR-1160;2006-10-02;M;Standard;8;960;800;Cash;Valorant;;0
SESS-16043;2026-08-21 17:46:32;USR-1712;2005-05-19;F;PS5;1;0;250;Card;CS2;;0
SESS-14804;2026-08-19 15:55:14;USR-1539;2009-09-05;M;Standard;3;0;300;App;Dota 2;;0
SESS-12788;2026-08-01 11:56:03;USR-1485;2004-01-19;F;Standard;3;480;300;App;Dota 2;;0
SESS-13416;2026-08-09 20:23:40;USR-1103;2008-10-01;M;Standard;1;80;100;Cash;CS2;4.5;0
SESS-16284;2026-08-15 15:11:48;USR-1135;2008-12-16;M;Standard;2;320;200;App;Dota 2;;0
SESS-16530;2026-08-28 10:11:35;USR-1541;1999-04-05;M;VIP;2;0;400;;Dota 2;;0
SESS-15867;2026-08-08 18:43:07;USR-1302;2005-06-01;M;PS5;1;0;250;Card;Valorant;;0
SESS-10118;2026-08-15 07:21:12;USR-1119;1997-03-16;M;Bootcamp;1;420;150;Card;CS2;4.0;0
SESS-15530;2026-08-16 15:12:02;USR-1361;2006-10-14;M;Bootcamp;4;560;600;Card;PUBG;;0
SESS-11324;2026-08-05 19:45:06;USR-1093;2004-06-23;F;Standard;3;360;300;Card;CS2;;0
SESS-13278;2026-08-08 18:20:59;USR-1701;2010-07-18;M;Bootcamp;3;336;405;Cash;Dota 2;4.5;1
SESS-14678;2026-08-25 17:17:33;USR-1074;2011-11-23;F;Standard;3;240;300;App;Minecraft;4.5;0
SESS-16116;2026-08-26 20:38:19;USR-1390;2012-10-20;M;VIP;5;0;900;Card;CS2;4.0;1
SESS-11685;2026-08-04 22:49:23;USR-1337;2006-05-09;M;Standard;5;600;500;Cash;Dota 2;5.0;0
SESS-10121;2026-08-17 15:40:43;USR-1759;2001-11-11;F;PS5;2;320;500;Card;Valorant;;0
SESS-16619;2026-08-23 16:04:03;USR-1168;1997-09-25;M;VIP;5;0;1000;Card;CS2;4.0;0
SESS-13397;2026-08-26 15:34:55;USR-1521;1993-06-01;1;VIP;3;923;540;Card;Browser/Work;;1
SESS-15328;2026-08-24 11:58:06;USR-1697;2008-06-21;M;Bootcamp;2;0;300;Card;Dota 2;;0
SESS-14847;2026-08-23 21:05:42;USR-1312;1998-03-17;M;Bootcamp;2;650;300;App;Dota 2;;0
SESS-11309;2026-08-01 22:16:20;USR-1054;2008-05-14;M;Bootcamp;5;0;750;App;Apex Legends;4.0;0
SESS-11063;2026-08-19 19:22:34;USR-1098;1886-09-20;F;Standard;-2;0;200;App;Minecraft;;0
SESS-14857;2026-08-09 10:32:43;USR-1722;2006-12-24;M;Standard;4;448;360;App;CS2;;1
SESS-11310;2026-08-27 12:53:18;USR-1353;2006-01-14;M;VIP;1;310;200;Card;CS2;;0
SESS-13489;2026-08-19 18:21:59;USR-1123;2003-11-08;F;Bootcamp;1;0;150;Card;CS2;4.0;0
SESS-11603;2026-08-15 01:16:39;USR-1377;2008-03-07;F;VIP;12;0;2400;Card;PUBG;4.0;0
SESS-14597;2026-08-05 15:02:11;USR-1493;1995-11-27;M;Bootcamp;2;540;300;Card;PUBG;4.5;0
SESS-14787;2026-08-22 19:17:40;USR-1201;2006-07-13;M;Standard;3;0;300;Card;Dota 2;;0
SESS-13493;2026-08-15 14:55:44;USR-1014;2010-07-18;F;Bootcamp;5;0;750;Cash;Dota 2;5.0;0
SESS-16014;2026-08-14 15:16:33;USR-1067;2011-04-02;M;Standard;2;80;200;App;Valorant;;0
SESS-11055;2026-08-08 16:54:31;USR-1387;2005-06-26;M;Bootcamp;2;0;300;Card;Valorant;;0
SESS-17106;2026-08-03 16:45:34;USR-1160;2006-10-02;м;Standard;3;503;270;Card;CS2;4.5;1
SESS-11019;2026-08-22 20:32:18;USR-1189;2005-10-07;M;Bootcamp;2;240;300;App;Dota 2;;0
SESS-16478;2026-08-20 12:57:32;USR-1654;2004-01-02;M;Bootcamp;4;0;600;Card;CS2;4.0;0
SESS-17133;2026-08-01 01:28:48;USR-1005;2011-10-01;M;Standard;8;672;720;Card;CS2;5.0;1
SESS-11000;2026-08-22 18:55:29;USR-1606;2008-08-22;M;Standard;3;672;270;Card;Dota 2;4.0;1
SESS-13052;2026-08-13 16:19:10;USR-1373;2010-10-09;M;Standard;1;0;100;App;CS2;;0
SESS-11973;2026-08-22 08:42:46;USR-1113;2010-05-22;M;Standard;1;0;100;Card;Dota 2;;0
SESS-11054;2026-08-08 17:24:33;USR-1381;2007-09-03;F;Standard;3;0;300;Cash;CS2;;0
SESS-16070;2026-08-04 10:23:30;USR-1742;2008-04-20;м;Standard;4;672;360;Card;CS2;4.0;1
SESS-13215;2026-08-29 03:15:24;USR-1748;2004-06-07;M;Bootcamp;1;310;150;Cash;PUBG;;0
SESS-16189;2026-08-27 23:35:32;USR-1401;2008-11-20;M;Standard;12;1920;1200;Card;Dota 2;;0
SESS-10491;2026-08-30 01:24:09;USR-1096;2008-05-14;M;Bootcamp;8 ч.;1110;1200;Card;CS2;;0
SESS-13865;2026-08-25 14:52:17;USR-1106;2010-07-26;M;PS5;1;0;250;App;Valorant;;0
SESS-13456;2026-08-17 20:00:35;USR-1048;2003-07-10;F;Bootcamp;4;658;540;Cash;Dota 2;;1
SESS-11727;2026-08-01 20:21:33;USR-1065;2009-08-26;F;Bootcamp;2;0;300;Cash;Apex Legends;;0
SESS-10507;2026-08-21 15:25:02;USR-1643;2010-06-01;M;Standard;1;56;90;App;CS2;5.0;1
SESS-15033;2026-08-15 19:30:06;USR-1035;1998-09-03;M;PS5;2;540;500;Card;Dota 2;5.0;0
SESS-14920;2026-08-29 00:45:08;USR-1522;2008-11-21;M;Standard;12;1440;1200;Card;Deadlock;3.0;0
SESS-14441;2026-08-03 21:26:17;USR-1178;1998-11-22;M;VIP;2;0;400;Card;GTA V;;0
SESS-16324;2026-08-16 14:01:43;USR-1058;2008-11-03;M;PS5;1;0;250;App;CS2;5.0;0
SESS-12252;2026-08-25 13:38:47;USR-1083;2000-08-19;M;VIP;3;0;600;Card;Cyberpunk 2077;;0
SESS-14797;2026-08-01 18:29:19;USR-1106;2010-07-26;M;Standard;2;80;200;Cash;Valorant;5.0;0
SESS-11191;2026-08-25 15:30:34;USR-1645;2008-11-08;M;VIP;3;714;540;Card;CS2;;1
SESS-14004;2026-08-24 07:05:48;USR-1090;2004-08-10;M;VIP;1;270;200;Card;Dota 2;4.5;0
SESS-12348;2026-08-07 20:05:22;USR-1191;2004-10-14;M;PS5;2;320;500;App;Dota 2;;0
SESS-13101;2026-08-19 22:25:05;USR-1146;2004-01-15;M;VIP;3;0;600;App;CS2;4.0;0
SESS-15992;2026-08-17 18:53:22;USR-1010;2007-09-24;M;Standard;2;0;200;Card;CS2;2.0;0
SESS-13611;08/14/2026 16:44:31;USR-1157;2011-01-17;M;Standard;3;0;300;Cash;Minecraft;5.0;0
SESS-15279;2026-08-29 14:51:10;USR-1106;2010-07-26;M;Bootcamp;2;160;300;Cash;CS2;;0
SESS-17037;2026-08-08 21:16:10;USR-1524;2004-10-28;M;VIP;1;0;200;Card;Valorant;;0
SESS-10528;2026-08-11 16:16:20;USR-1794;2011-04-20;M;Bootcamp;1;0;150;App;Minecraft;;0
SESS-10994;2026-08-09 18:40:29;USR-1580;1996-10-04;M;Standard;3;0;300;App;Dota 2;2.0;0
SESS-12200;2026-08-17 17:37:52;USR-1674;2004-01-28;F;Standard;2;0;200;Cash;GTA V;;0
SESS-11449;2026-08-05 17:34:04;USR-1160;2006-10-02;M;Standard;4;0;360;Card;Deadlock;;1
SESS-11776;2026-08-20 17:12:46;USR-1124;2004-09-24;M;Bootcamp;2;0;300;Card;Deadlock;4.5;0
SESS-17083;2026-08-01 14:09:38;USR-1036;2005-06-28;M;PS5;2;0;500;Card;Dota 2;;0
SESS-12113;2026-08-21 17:07:28;USR-1076;2003-01-05;M;VIP;2;546;360;Card;Apex Legends;;1
SESS-12717;2026-08-18 18:48:24;USR-1182;2011-02-24;M;Bootcamp;12;1007;1620;Cash;Deadlock;4.5;1
SESS-11069;2026-08-23 22:15:19;USR-1608;2005-08-27;M;Standard;8;1280;800;Card;Dota 2;4.5;0
SESS-17169;18.08.2026 11:24:58;USR-1325;2009-12-02;F;Standard;2;80;200;App;Dota 2;;0
SESS-10317;2026-08-09 07:28:21;USR-1185;2010-03-19;M;Standard;2;120;200;App;CS2;4.5;0
SESS-12444;2026-08-09 07:30:28;USR-1235;1993-05-01;F;VIP;8;1554;1440;Cash;Cyberpunk 2077;4.5;1
SESS-11302;2026-08-14 18:21:42;USR-1205;2009-07-03;M;Standard;2;0;200;;CS2;;0
SESS-17232;2026-08-20 15:14:04;USR-1733;2004-11-06;M;Bootcamp;1;0;150;Card;Valorant;4.0;0
SESS-15851;2026-08-16 17:42:52;USR-1551;2008-11-10;M;Bootcamp;4;560;600;App;Dota 2;5.0;0
SESS-12345;2026-08-18 17:27:29;USR-1732;2012-08-25;M;Bootcamp;1;0;150;Card;Valorant;4.0;0
SESS-14244;2026-08-29 19:04:04;USR-1036;2005-06-28;M;Bootcamp;2;390;300;App;Valorant;;0
SESS-15315;2026-08-08 21:18:18;USR-1025;2010-10-04;M;Standard;1;112;90;App;CS2;;1
SESS-12695;2026-08-26 11:13:57;USR-1783;2006-12-13;F;Standard;5;0;500;Card;Apex Legends;;0
SESS-11031;2026-08-25 12:12:02;USR-1346;2008-11-28;F;Standard;1;80;100;Card;CS2;4.0;0
SESS-10408;2026-08-18 21:52:03;USR-1051;2011-06-02;F;Bootcamp;2;0;300;App;Valorant;;0
SESS-15407;2026-08-02 15:18:32;USR-1072;2010-03-15;M;Standard;2;0;200;App;Valorant;3.0;0
SESS-10337;2026-08-13 18:49:14;USR-1296;2004-12-18;M;Standard;1;112;90;App;CS2;;1
SESS-16434;2026-08-04 20:16:22;USR-1641;2007-08-11;M;Bootcamp;2;0;300;Card;Apex Legends;;0
SESS-16909;2026-08-29 18:07:44;USR-1029;1999-08-16;M;Standard;1;0;100;Card;Dota 2;;0
SESS-11993;2026-08-27 21:53:41;USR-1213;2011-07-07;M;Standard;1;0;100;App;CS2;;0
SESS-16906;2026-08-09 18:29:44;USR-1405;2002-11-10;M;Bootcamp;2;0;300;Card;Dota 2;;0
SESS-11524;2026-08-24 17:21:32;USR-1003;2010-11-08;M;VIP;1;0;200;App;Minecraft;;0
SESS-12908;2026-08-15 13:28:49;USR-1121;2007-05-26;M;Bootcamp;1;230;150;Card;Valorant;3.0;0
SESS-14876;2026-08-08 21:51:44;USR-1053;1994-03-24;M;PS5;3;0;750;Card;Cyberpunk 2077;;0
SESS-12447;2026-08-17 01:01:43;USR-1290;2006-10-02;M;PS5;12;2688;2700;App;CS2;4.0;1
SESS-13082;2026-08-03 14:10:12;USR-1006;2007-06-18;M;VIP;2;310;400;Card;Dota 2;4.5;0
SESS-15310;2026-08-09 19:47:08;USR-1088;1992-02-13;M;Standard;1;0;100;Card;Browser/Work;;0
SESS-16639;2026-08-21 01:13:33;USR-1069;2011-02-16;M;Standard;5;0;500;Card;Minecraft;;0
SESS-10930;2026-08-15 14:03:14;USR-1680;2011-10-20;M;Standard;5;0;500;App;Deadlock;3.0;0
SESS-16241;2026-08-02 17:04:59;USR-1138;2003-02-26;F;Standard;2;0;200;Card;Dota 2;4.5;0
SESS-13078;2026-08-08 14:01:40;USR-1149;2003-10-27;M;VIP;2;400;400;Card;CS2;5.0;0
SESS-16562;2026-08-15 21:03:00;USR-1116;2006-12-01;M;Standard;1;120;100;Card;CS2;;0
SESS-10318;2026-08-03 10:22:05;USR-1063;2007-02-12;M;Bootcamp;1;0;150;Card;Dota 2;5.0;0
SESS-10949;2026-08-22 19:09:29;USR-1787;2005-04-18;M;Standard;2;160;200;Card;CS2;;0
SESS-12398;2026-08-02 00:31:24;USR-1558;2010-10-16;M;Standard;8;0;800;Card;Dota 2;3.0;0
SESS-14373;2026-08-05 14:00:22;USR-1112;2008-11-25;M;Standard;3;240;300;App;Dota 2;4.5;0
SESS-14905;2026-08-09 23:29:24;USR-1381;2007-09-03;F;Standard;12;0;1200;Card;Apex Legends;;0
SESS-12083;2026-08-02 12:42:39;USR-1763;2009-07-07;M;VIP;2;0;400;App;Dota 2;;0
SESS-11823;2026-08-27 11:16:31;USR-1766;2007-09-21;M;Bootcamp;3;714;405;Cash;Dota 2;4.0;1
SESS-12542;2026-08-24 05:36:10;USR-1657;1997-08-05;M;PS5;5;750;1250;App;CS2;;0
SESS-10472;2026-08-01 20:47:39;USR-1577;2006-09-22;M;PS5;1;0;250;App;Dota 2;4.0;0
SESS-12840;2026-08-06 18:18:58;USR-1027;2010-04-02;F;Standard;3;0;270;Card;Minecraft;;1
SESS-14560;2026-08-28 15:16:18;USR-1589;2007-02-16;M;Standard;5;0;450;Card;Valorant;5.0;1
SESS-16508;2026-08-01 10:57:01;USR-1548;2006-05-07;F;Bootcamp;2;658;270;Card;CS2;;1
SESS-17228;2026-08-22 09:42:18;USR-1325;2009-12-02;F;Bootcamp;3;0;450;Cash;CS2;5.0;0
SESS-17207;2026-08-18 15:42:03;USR-1546;2010-07-25;M;Standard;3;0;300;Cash;CS2;4.5;0
SESS-12097;2026-08-02 09:39:27;USR-1705;2007-07-15;M;PS5;3;240;750;Card;Dota 2;;0
SESS-13719;2026-08-30 15:22:51;USR-1106;2010-07-26;M;VIP;2;0;400;App;Dota 2;;0
SESS-16763;2026-08-01 01:45:27;USR-1117;2006-12-19;м;Bootcamp;12;2070;1800;Card;PUBG;2.0;0
SESS-11442;2026-08-19 19:05:25;USR-1139;2003-05-21;M;VIP;3;882;540;Card;Valorant;5.0;1
SESS-14618;2026-08-21 14:31:15;USR-1120;2011-05-02;F;Bootcamp;1;0;150;App;CS2;;0
SESS-12041;2026-08-29 14:59:21;USR-1096;2008-05-14;M;Bootcamp;2;390;300;Card;Minecraft;;0
SESS-14290;2026-08-09 19:05:45;USR-1101;2003-05-22;M;Standard;5;0;500;Card;CS2;3.0;0
SESS-15026;2026-08-05 08:49:13;USR-1025;2010-10-04;M;Standard;3;120;300;Cash;CS2;4.5;0
SESS-17152;2026-08-28 21:33:39;USR-1162;2010-06-16;M;Standard;5;0;500;Card;GTA V;;0
SESS-11110;2026-08-25 11:52:34;USR-1361;2006-10-14;M;Bootcamp;3;440;450;Card;CS2;5.0;0
SESS-13515;2026-08-03 20:47:02;USR-1296;2004-12-18;M;Standard;3;480;300;Card;CS2;;0
SESS-10220;2026-08-18 11:44:28;USR-1131;2006-04-07;M;Bootcamp;3;630;450;Card;Valorant;5.0;0
SESS-15281;2026-08-08 14:32:32;USR-1104;2006-10-08;M;VIP;2;0;400;App;Dota 2;4.0;0
SESS-16656;2026-08-31 21:27:53;USR-1133;2003-05-21;M;Bootcamp;3;0;450;App;GTA V;;0
SESS-12614;2026-08-19 17:39:58;USR-1156;2012-02-05;F;Standard;2;0;200;App;Minecraft;;0
SESS-11360;2026-08-21 22:37:47;USR-1230;1999-07-10;F;VIP;5;1200;1000;Card;CS2;4.5;0
SESS-15464;2026-08-16 22:40:24;USR-1492;2006-03-14;M;Standard;8;1280;800;Card;CS2;;0
SESS-15477;2026-08-01 11:58:00;USR-1679;2005-07-27;F;Standard;2;160;200;Card;Deadlock;;0
SESS-13316;2026-08-19 19:08:14;USR-1157;2011-01-17;M;Bootcamp;2;120;300;App;Minecraft;4.0;0
SESS-12082;2026-08-23 08:55:22;USR-1576;2010-12-17;F;Standard;2;0;200;Cash;Minecraft;;0
SESS-14092;2026-08-25 20:04:19;USR-1100;2011-02-25;M;Standard;8;672;720;Cash;Valorant;;1
SESS-14355;2026-08-14 17:59:24;USR-1018;2011-02-01;M;Standard;4;0;400;Card;Minecraft;;0
SESS-14740;2026-08-14 18:55:54;USR-1394;2006-07-03;M;Standard;3;0;300;Card;Dota 2;4.5;0
SESS-13797;2026-08-09 11:18:14;USR-1577;2006-09-22;M;Bootcamp;3;0;405;App;CS2;4.0;1
SESS-10873;2026-08-07 12:38:56;USR-1298;2012-11-10;F;Standard;1;0;100;Cash;Deadlock;;0
SESS-10768;2026-08-21 02:50:41;USR-1542;2007-02-24;M;Standard;1;0;90;Card;CS2;5.0;1
SESS-12968;2026-08-24 11:26:37;USR-1090;2004-08-10;M;Bootcamp;2;470;300;Card;Valorant;;0
SESS-14894;2026-08-17 15:40:06;USR-1156;2012-02-05;F;Standard;3;0;300;Card;Dota 2;4.5;0
SESS-10429;2026-08-29 15:23:22;USR-1596;1999-12-20;F;Bootcamp;4;630;600;Card;GTA V;4.5;0
SESS-10722;2026-08-25 22:21:41;USR-1427;2011-03-11;M;Bootcamp;8;0;1080;App;Valorant;;1
SESS-13648;2026-08-26 17:24:20;USR-1092;2001-05-02;F;Bootcamp;3;882;405;App;CS2;4.5;1
SESS-11458;2026-08-27 23:12:54;USR-1149;2003-10-27;M;PS5;5;0;1250;App;Apex Legends;5.0;0
SESS-10342;2026-08-22 17:12:31;USR-1563;2007-09-02;M;Standard;2;160;200;Card;Valorant;;0
SESS-13411;2026-08-05 17:26:58;USR-1645;2008/11/08;M;Standard;2;0;200;Card;Valorant;3.0;0
SESS-11084;2026-08-01 02:58:22;USR-1110;2006-09-11;F;Standard;4;0;400;Card;Apex Legends;5.0;0
SESS-15809;2026-08-15 17:29:57;USR-1050;2008-12-03;F;Bootcamp;3;440;450;App;Dota 2;4.5;0
SESS-11125;2026-08-05 16:04:40;USR-1037;2003-11-24;M;VIP;1;0;200;App;CS2;;0
SESS-12771;2026-08-10 01:22:14;USR-1166;2005-03-11;M;Standard;12;0;1080;Card;Dota 2;4.5;1
SESS-12593;2026-08-12 19:02:32;USR-1077;1996-09-03;M;PS5;3;0;675;App;CS2;;1
SESS-14652;2026-08-08 15:22:03;USR-1498;2000-09-02;M;VIP;2;0;360;Card;Cyberpunk 2077;;1
SESS-16534;2026-08-29 21:26:55;USR-1068;2011-11-23;F;VIP;3;0;600;Cash;Dota 2;;0
SESS-14012;2026-08-30 18:50:00;USR-1212;1988-12-11;M;VIP;8;0;1600;Card;Browser/Work;4.0;0
SESS-13275;2026-08-14 02:29:45;USR-1567;1995-07-10;F;PS5;1;0;250;Card;Cyberpunk 2077;;0
SESS-10621;2026-08-09 20:05:03;USR-1056;2002-03-26;M;VIP;2;0;400;Card;CS2;;0
SESS-16624;2026-08-26 15:23:28;USR-1076;2003-01-05;M;Standard;2;0;200;App;CS2;;0
SESS-11148;2026/08/21 11:29:24;USR-1774;2010-08-07;M;Standard;3;0;300;App;Minecraft;4.0;0
SESS-12126;2026-08-09 12:34:29;USR-1145;2003-05-21;M;Standard;8;960;800;App;CS2;5.0;0
SESS-11480;2026-08-11 15:47:36;USR-1757;2001-08-06;M;VIP;3;714;540;Card;Dota 2;3.0;1
SESS-14864;2026-08-11 16:11:37;USR-1514;2006-08-24;M;PS5;2;448;450;App;GTA V;4.5;1
SESS-17203;2026-08-23 21:29:13;USR-1335;2011-03-17;M;Standard;3;0;300;Card;GTA V;5.0;0
SESS-12186;2026-08-20 10:11:54;USR-1128;2007-05-19;M;PS5;1;0;250;Card;CS2;;0
SESS-14758;2026-08-11 18:59:58;USR-1465;2007-10-17;M;Standard;2;240;200;Card;Dota 2;4.0;0
SESS-14639;2026-08-03 14:49:52;USR-1108;2002-06-14;M;Standard;2;320;200;App;Dota 2;5.0;0
SESS-15000;2026-08-26 16:39:34;USR-1083;2000-08-19;M;PS5;3;0;675;Card;GTA V;5.0;1
SESS-12046;2026-08-26 11:56:00;USR-1293;2006-06-03;M;Standard;4;480;400;App;Valorant;;0
SESS-11284;2026-08-21 09:47:18;USR-1050;2008-12-03;F;Bootcamp;2;0;300;Card;CS2;;0
SESS-15836;2026-08-27 18:28:31;USR-1143;2006-07-15;F;Standard;3;503;270;App;CS2;5.0;1
SESS-10482;2026-08-02 20:47:05;USR-1263;2010-11-06;M;Standard;2;0;200;App;CS2;;0
SESS-13838;2026-08-14 21:23:33;USR-1712;2005-05-19;F;Bootcamp;1;0;150;Card;Dota 2;;0
SESS-11649;2026-08-20 16:58:39;USR-1059;2010-04-18;M;Standard;5;0;500;App;Deadlock;5.0;0
SESS-16679;2026-08-30 14:51:08;USR-1025;2010-10-04;M;Standard;2;0;200;App;CS2;;0
SESS-14584;2026-08-08 13:30:32;USR-1394;2006-07-03;M;VIP ;4;0;900;Cash;GTA V;4.5;1
SESS-11412;2026-08-31 17:44:26;USR-1109;2011-12-05;M;PS5;3;180;750;App;Valorant;4.0;0
SESS-12531;2026-08-02 20:36:32;USR-1220;2007-07-24;F;Standard;12;960;1200;App;Valorant;3.0;0
SESS-14058;2026-08-20 11:50:09;USR-1146;2004-01-15;M;Standard;1;0;100;Card;Dota 2;4.0;0
SESS-10864;2026-08-22 20:52:41;USR-1055;2004-09-27;M;VIP;1;0;200;Card;Valorant;;0
SESS-15888;2026-08-14 09:15:29;USR-1656;2011-05-01;M;VIP;2;0;400;App;CS2;5.0;0
SESS-12330;2026-08-01 13:31:44;USR-1140;2008-06-12;M;VIP;2;400;400;Card;Valorant;;0
SESS-13743;2026-08-14 23:06:32;USR-1084;2006-01-24;M;Bootcamp;8;1110;1200;Card;Valorant;;0
SESS-10735;2026-08-02 16:50:30;USR-1526;2012-04-13;M;Bootcamp;2;0;300;Cash;CS2;;0
SESS-12218;2026-08-22 18:53:45;USR-1120;2011-05-02;F;Standard;2;0;200;Cash;CS2;;0
SESS-15753;2026-08-31 03:48:24;USR-1138;2003-02-26;F; Bootcamp ;1;200;150;Card;Valorant;5.0;0
SESS-15089;2026-08-19 15:48:32;USR-1442;2002-04-12;M;Standard;3;480;300;Card;Deadlock;;0
SESS-14602;2026-08-23 16:24:09;USR-1748;2004-06-07;M;Standard;1;112;90;App;PUBG;;1
SESS-16667;2026-08-15 17:53:15;USR-1677;2011-02-09;M;Standard;2;80;200;Card;CS2;;0
SESS-15306;2026-08-27 21:21:48;USR-1065;2009-08-26;F;Bootcamp;3;240;450;Card;CS2;5.0;0
SESS-12803;2026-08-21 18:25:14;USR-1219;1996-02-18;F;Bootcamp;2;650;300;App;Cyberpunk 2077;;0
SESS-12563;2026-08-17 18:02:31;USR-1142;2009-05-05;M;Standard;3;180;300;Cash;Dota 2;;0
SESS-13445;2026-08-03 08:43:32;USR-1562;1999-02-01;M;PS5;3;900;750;Card;PUBG;4.5;0
SESS-11980;2026-08-08 21:43:43;USR-1401;2008-11-20;M;Bootcamp;2;0;300;Card;Dota 2;5.0;0
SESS-11889;2026-08-23 15:02:45;USR-1633;2004-01-26;M;Standard;2;240;200;App;Valorant;;0
SESS-12762;2026-08-02 21:23:44;USR-1076;2003-01-05;M;Bootcamp;5;750;750;Card;CS2;4.0;0
SESS-12933;2026-08-07 19:24:00;USR-1338;2006-04-28;F;Bootcamp;1;0;150;Card;CS2;;0
SESS-14821;2026-08-16 21:30:54;USR-1401;2008-11-20;M;Standard;3;360;300;Cash;CS2;;0
SESS-12363;2026-08-02 18:09:30;USR-1135;2008-12-16;M;Standard;1;0;100;Card;Dota 2;;0
SESS-10468;2026-08-04 23:24:14;USR-1312;1998-03-17;M;VIP;8;0;1600;Card;Browser/Work;;0
SESS-16710;2026-08-01 16:05:06;USR-1224;1994-04-01;F;PS5;2;660;500;Card;Dota 2;4.5;0
SESS-15272;2026-08-21 22:45:24;USR-1763;2009-07-07;M;VIP;12;0;2400;Cash;Valorant;1.0;0
SESS-13876;2026-08-25 14:22:06;USR-1734;1996-04-18;M;VIP;4;882;720;Card;Browser/Work;4.5;1
SESS-14642;2026-08-12 10:05:00;USR-1581;2006-11-16;M;Bootcamp;2;240;300;App;CS2;;0
SESS-14025;2026-08-28 16:08:24;USR-1692;2007-04-02;M;VIP;2;390;400;Card;Dota 2;;0
SESS-15916;2026-08-12 01:56:22;USR-1621;2006-03-17;M;VIP;5;680;1000;App;CS2;;0
SESS-17116;2026-08-26 20:43:53;USR-1504;2005-03-12;F;Bootcamp;1;0;150;App;Deadlock;3.0;0
SESS-10806;2026-08-21 23:27:25;USR-1388;2006-05-24;M;Standard;5;800;500;;Valorant;;0
SESS-11838;2026-08-05 16:00:15;USR-1769;1999-03-21;F;VIP;3;660;600;App;Dota 2;;0
SESS-10639;2026-08-06 19:55:35;USR-1071;1993-04-12;M;PS5;3;1050;750;Card;Cyberpunk 2077;;0
SESS-15707;2026-08-19 18:53:32;USR-1186;2010-04-20;M;Standard;3;0;300;App;Minecraft;;0
SESS-11328;2026-08-09 17:24:29;USR-1106;2010-07-26;M;Standard;3;240;300;Cash;Valorant;;0
SESS-16526;2026-08-10 00:56:48;USR-1418;2009-03-28;M;Standard;12;0;1200;Cash;GTA V;4.0;0
SESS-13638;2026-08-05 16:04:42;USR-1618;2007-04-14;M;VIP;2;390;400;Card;Deadlock;;0
SESS-14849;2026-08-28 12:45:05;USR-1083;2000-08-19;M;Standard;4;1007;360;Card;GTA V;4.5;1
SESS-12504;2026-08-30 12:53:23;USR-1444;2009-02-07;M;Standard;1;0;100;Cash;CS2;;0
SESS-14360;2026-08-13 18:23:02;USR-1019;2011-02-06;M;Standard;1;0;100;Cash;CS2;;0
SESS-15869;2026-08-21 15:30:25;USR-1480;2002-10-07;F;Standard;8;0;800;Cash;Dota 2;;0
SESS-12902;2026-08-16 15:36:00;USR-1192;2010-07-27;M;Standard;2;80;200;App;Minecraft;;0
SESS-12742;2026-08-23 15:37:55;USR-1485;2004-01-19;F;Standard;8;640;800;Card;CS2;5.0;0
SESS-11287;2026-08-02 08:02:27;USR-1151;2007-01-05;F;VIP;3;0;600;Card;CS2;;0
SESS-15803;2026-08-21 01:29:56;USR-1073;2012-07-14;F;VIP;8;0;1600;App;Minecraft;4.5;0
SESS-11849;2026-08-31 11:56:33;USR-1782;2010-04-06;M;Bootcamp;2;224;270;Card;Dota 2;5.0;1
SESS-10033;2026-08-25 15:59:30;USR-1089;2012-05-15;M;Standard;3;120;300;App;Valorant;5.0;0
SESS-16421;2026-08-16 19:17:59;USR-1595;1998-03-16;M;VIP;4;780;800;Card;GTA V;5.0;0
SESS-10599;2026-08-15 20:45:11;USR-1055;2004-09-27;M;Standard;2;0;200;Card;Dota 2;;0
SESS-12931;2026-08-16 15:46:24;USR-1057;2007-12-06;M;Bootcamp;5;0;750;Card;Valorant;4.5;0
SESS-13632;2026-08-02 19:55:29;USR-1263;2010-11-06;M;VIP;3;0;600;Cash;Dota 2;4.5;0
SESS-15696;2026-08-15 14:10:06;USR-1128;2007-05-19;M;Standard;2;0;200;Cash;Deadlock;;0
SESS-12515;2026-08-10 07:22:11;USR-1092;2001-05-02;F;Bootcamp;2;470;300;Card;CS2;4.5;0
SESS-15515;2026-08-10 19:41:23;USR-1770;2006-09-08;M;VIP;4;1106;720;Card;CS2;;1
SESS-15059;2026-08-04 16:53:15;USR-1730;1997-10-12;M;PS5;2;660;500;Card;Dota 2;5.0;0
SESS-12949;2026-08-02 19:58:25;USR-1060;1993-12-16;M;VIP;1;0;200;Card;CS2;;0
SESS-16501;2026-08-07 18:34:50;USR-1137;1993-02-24;M;VIP;2;540;400;App;Dota 2;;0
SESS-13625;2026-08-24 16:47:52;USR-1145;2003-05-21;M;VIP;3;0;600;App;Dota 2;;0
SESS-15213;2026-08-23 18:11:10;USR-1792;2008-07-22;F;VIP;4;790;800;Card;Dota 2;;0
SESS-14330;2026-08-31 08:15:41;USR-1112;2008-11-25;M;VIP;3;0;600;Card;Valorant;;0
SESS-16227;2026-08-01 11:45:14;USR-1604;2007-07-25;M;Bootcamp;5;880;750;App;Dota 2;;0
SESS-16582;2026-08-21 14:44:45;USR-1136;2004-04-28;M;PS5;4;320;1000;Card;PUBG;5.0;0
SESS-14805;2026-08-04 20:02:24;USR-1063;2007-02-12;M;Standard;3;240;300;App;Dota 2;5.0;0
SESS-14682;2026-08-07 00:28:01;USR-1021;2011-03-19;M;VIP;8;0;1600;App;Minecraft;5.0;0
SESS-16511;2026-08-30 18:42:53;USR-1354;2008-01-14;F;Standard;1;120;100;App;Dota 2;;0
SESS-14952;2026-08-06 03:06:33;USR-1555;2004-01-23;M;Standard;4;320;400;Card;Valorant;;0
SESS-17208;2026-08-14 20:09:39;USR-1067;2011-04-02;M;VIP;2;160;400;App;Minecraft;;0
SESS-13947;2026-08-29 20:35:49;USR-1692;2007-04-02;M;Standard;1;80;100;Card;CS2;;0
SESS-10678;2026-08-29 00:47:47;USR-1110;2006-09-11;F;Bootcamp;8;0;1080;Card;Dota 2;;1
SESS-12852;2026-08-10 13:45:10;USR-1014;2010-07-18;F;Bootcamp;8;0;1200;Cash;Minecraft;;0
SESS-11995;2026-08-16 18:02:10;USR-1110;2006-09-11;F;Standard;4;0;400;App;CS2;;0
SESS-11623;2026-08-21 18:49:08;USR-1137;1993-02-24;M;PS5;4;630;1000;Card;CS2;4.5;0
SESS-12461;2026-08-07 20:32:48;USR-1707;2011-02-23;F;VIP;2;120;400;App;Minecraft;;0
SESS-15109;2026-08-28 14:16:21;USR-1057;2007-12-06;M;PS5;~2;0;500;Card;Dota 2;;0
SESS-14419;2026-08-23 16:24:39;USR-1096;2008-05-14;M;VIP;1;0;200;Card;Valorant;5.0;0
SESS-13855;2026-08-31 02:47:01;USR-1389;2007-04-01;M;PS5;4;0;900;App;CS2;5.0;1
SESS-12270;2026-08-30 20:08:27;USR-1107;1989-06-02;F;Standard;5 часа;0;500;Card;Browser/Work;4.0;0
SESS-15678;2026-08-16 23:53:58;USR-1015;1998-01-18;M;Bootcamp;8;2300;1200;Card;CS2;;0
SESS-12998;2026-08-28 16:36:41;USR-1071;1993-04-12;M;VIP;2;0;400;Card;PUBG;;0
SESS-14292;2026-08-29 12:49:11;USR-1068;2011-11-23;F;VIP;2;80;400;Cash;Minecraft;;0
SESS-12547;2026-08-08 16:04:42;USR-1218;2012-09-19;M;Standard;2;0;200;Card;Minecraft;;0
SESS-15263;2026-08-30 17:45:14;USR-1143;2006-07-15;F;Bootcamp;3;616;405;Card;PUBG;4.5;1
SESS-13904;2026-08-13 18:42:54;USR-1740;2005-06-21;M;Standard;5;560;450;Card;Valorant;;1
SESS-10095;2026-08-21 14:42:36;USR-1126;1996-07-13;F;PS5;1;0;250;Card;CS2;;0
SESS-11837;2026-08-15 02:13:39;USR-1348;2003-02-16;F;VIP;1;200;200;Cash;CS2;;0
SESS-11908;2026-08-20 16:30:06;USR-1204;1984-08-22;M;PS5;3;1050;750;Card;Cyberpunk 2077;;0
SESS-14055;2026-08-20 13:14:25;USR-1529;2007-02-11;F;Bootcamp;1;0;150;Card;Dota 2;;0
SESS-13330;2026-08-25 16:46:30;USR-1296;2023-06-15;M;Standard;999;320;200;App;Cyberpunk 2077;;0
SESS-12570;2026-08-24 13:42:21;USR-1179;2005-05-23;M;Bootcamp;2;0;300;Card;CS2;;0
SESS-12551;2026-08-28 14:26:39;USR-1097;2006-04-09;M;Bootcamp;4;0;600;App;PUBG;;0
SESS-17172;2026-08-05 21:50:42;USR-1611;2011-11-18;M;Standard;4;160;400;Cash;Minecraft;4.5;0
SESS-14910;2026-08-21 20:23:58;USR-1080;2007-12-19;M;Standard;3;360;300;App;CS2;2.0;0
SESS-16164;2026-08-30 14:28:08;USR-1753;2005-03-09;M;VIP;3;630;600;App;Dota 2;4.5;0
SESS-14691;2026-08-09 20:48:29;USR-1557;2010-11-22;M;Standard;4;0;400;App;CS2;;0
SESS-15462;2026-08-17 15:49:39;USR-1561;2008-08-16;M;Standard;2;320;200;Card;Valorant;;0
SESS-14201;2026-08-11 18:07:22;USR-1020;2005-09-26;F;VIP;2;400;400;Card;Dota 2;5.0;0
SESS-13593;2026-08-02 20:27:21;USR-1374;1992-12-23;M;Standard;2;500;200;App;Deadlock;;0
SESS-11771;2026-08-09 16:31:15;USR-1647;1992-06-09;F;Standard;1;120;100;Card;CS2;1.0;0
SESS-14754;2026-08-03 23:35:49;USR-1457;2009-06-14;M;Standard;8;0;720;App;CS2;4.5;1
SESS-15518;2026-08-27 09:37:13;USR-1043;2012-06-14;F;Standard;2;120;200;Cash;Minecraft;4.0;0
SESS-10206;2026-08-27 22:35:05;USR-1289;2010-05-21;M;Standard;8;480;800;Cash;CS2;4.0;0
SESS-14118;2026-08-14 20:09:46;USR-1408;2010-10-25;M; standard ;1;84;90;Card;Minecraft;4.5;1
SESS-12318;2026-08-14 19:10:52;USR-1090;2004-08-10;M;Standard;2;0;200;Card;Valorant;;0
SESS-11343;2026-08-24 20:16:50;USR-1689;2007-07-01;M;VIP ;3;240;300;Card;Dota 2;;0
SESS-10650;2026-08-04 18:19:46;USR-1148;2005-12-20;M;PS5;5;0;1125;Card;Valorant;;1
SESS-13181;2026-08-13 17:48:45;USR-1052;2011-10-25;M;Standard;3;180;300;Card;Minecraft;5.0;0
SESS-11451;2026-08-09 16:54:53;USR-1219;1996-02-18;F;VIP;2;390;400;App;Dota 2;4.5;0
SESS-12384;01.08.2026 19:00:11;USR-1561;2008-08-16;M;Standard;1;160;100;Card;PUBG;4.0;0
SESS-15197;2026-08-19 23:56:01;USR-1223;2008-01-18;F;Bootcamp;8;1430;1200;Card;Apex Legends;4.0;0
SESS-15591;2026-08-23 13:38:59;USR-1272;2008-01-10;M;Bootcamp;2;400;300;Card;Dota 2;;0
SESS-12658;2026-08-02 19:24:15;USR-1358;1999-07-08;M;VIP;1;480;200;App;PUBG;4.0;0
SESS-11527;2026-08-19 17:38:20;USR-1153;2008-06-09;M;Standard;1;120;100;App;Deadlock;;0
SESS-13308;2026-08-22 19:20:45;USR-1673;1991-07-10;M;VIP;5;900;1000;Card;CS2;;0
SESS-10158;2026-08-10 15:12:50;USR-1101;2003-05-22;M;PS5;5;560;1125;Card;Dota 2;4.5;1
SESS-10804;2026-08-03 15:54:52;USR-1686;2006-06-04;M;VIP;3;0;600;App;CS2;4.0;0
SESS-12021;2026-08-29 14:40:13;USR-1063;2007-02-12;M;Standard;2;320;200;Card;CS2;4.5;0
SESS-10091;2026-08-18 18:58:13;USR-1419;2005-12-10;M;Bootcamp;8;1456;1080;Card;Deadlock;5.0;1
SESS-12881;2026-08-28 19:04:25;USR-1754;2012-09-14;F;Standard;2;0;200;Cash;Minecraft;;0
SESS-10809;2026-08-24 15:11:02;USR-1719;2007-12-25;M;Standard;2;160;200;Card;Minecraft;;0
SESS-10233;2026-08-24 12:22:21;USR-1135;2008-12-16;M;VIP;2;0;400;Card;Apex Legends;4.5;0
SESS-15143;2026-08-07 20:20:45;USR-1753;2005-03-09;M;VIP;1;0;200;App;Deadlock;;0
SESS-16296;2026-08-29 20:55:06;USR-1154;1987-12-02;M;Standard;1;0;100;Card;PUBG;;0
SESS-16944;2026-08-26 15:08:29;USR-1079;2008-08-05;M;Bootcamp;8;0;1200;Card;CS2;4.5;0
SESS-10647;2026-08-03 21:10:52;USR-1061;2004-03-24;M;VIP;1;160;200;App;Valorant;;0
SESS-10952;2026-08-21 16:58:42;USR-1040;1991-03-07;M;VIP;1;420;200;Card;PUBG;;0
SESS-14775;2026-08-12 14:03:03;USR-1613;2011-11-27;M;Standard;3;336;270;Card;Apex Legends;4.5;1
SESS-12740;2026-08-11 09:37:20;USR-1237;2008-10-10;M;Bootcamp;8;1106;1080;App;GTA V;4.5;1
SESS-10624;2026-08-15 21:52:23;USR-1384;1991-01-08;M;PS5;2;714;450;Card;GTA V;;1
SESS-12064;2026-08-15 20:42:41;USR-1370;2005-07-24;M;Standard;12;1920;1200;Card;Dota 2;4.0;0
SESS-14051;2026-08-02 16:15:38;USR-1000;1994-09-16;M;Standard;4;0;360;Card;CS2;4.5;1
SESS-14496;2026-08-14 01:06:28;USR-1401;2008-11-20;M;Standard;12;0;1200;Card;CS2;5.0;0
SESS-14390;2026-08-03 15:47:51;USR-1575;2002-11-19;M;Bootcamp;2;0;300;App;CS2;4.5;0
SESS-17195;2026-08-27 16:36:54;USR-1030;2002-07-03;M;VIP;3;0;600;Card;Valorant;5.0;0
SESS-13721;2026-08-25 19:51:48;USR-1677;2011-02-09;M;Bootcamp;1;0;135;Cash;CS2;3.0;1
SESS-15831;2026-08-02 14:59:53;USR-1045;2006-09-28;M;PS5;2;0;500;Cash;Valorant;;0
SESS-15113;2026-08-23 15:30:49;USR-1074;2011-11-23;F;Bootcamp;1;60;150;App;Valorant;;0
SESS-14232;2026-08-16 23:59:26;USR-1014;2010-07-18;F;Bootcamp;8;480;1200;App;Minecraft;5.0;0
SESS-13253;2026-08-21 12:41:03;USR-1185;2010-03-19;M;Bootcamp;8;0;1200;App;PUBG;4.0;0
SESS-10311;2026-08-09 16:44:30;USR-1540;2005-12-23;M;Standard;5;600;500;Card;Dota 2;;0
SESS-12205;2026-08-16 20:24:01;USR-1060;1993-12-16;M;Standard;4 ч.;0;400;Card;CS2;;0
SESS-11856;2026-08-01 18:03:18;USR-1666;2005-07-17;M;VIP;8;1040;1600;Card;CS2;5.0;0
SESS-13191;2026-08-15 13:45:22;USR-1746;2007-05-24;M;Bootcamp;1;0;150;App;Deadlock;4.0;0
SESS-13468;2026-08-30 19:38:00;USR-1704;2005-03-07;M;Bootcamp;1;230;150;App;Dota 2;5.0;0
SESS-17159;2026-08-27 23:37:26;USR-1158;1993-07-18;M;VIP;8;1590;1600;Card;GTA V;3.0;0
SESS-13777;2026-08-13 11:33:07;USR-1107;1989-06-02;F;Standard;4;480;400;Card;Dota 2;;0
SESS-10335;2026-08-21 15:43:24;USR-1672;2007-09-26;M;VIP;2;310;400;Card;Valorant;4.5;0
SESS-16666;2026-08-16 22:24:57;USR-1006;2007-06-18;M;Standard;3;503;270;Card;CS2;4.0;1
SESS-13313;2026-08-23 16:39:10;USR-1636;2004-10-15;M;Standard;5;0;450;App;CS2;5.0;1
SESS-10106;2026-08-29 12:11:32;USR-1149;2003-10-27;M;VIP;3;0;600;App;Dota 2;5.0;0
SESS-11641;2026-08-01 21:35:44;USR-1003;2010-11-08;M;PS5;12;720;3000;Card;Minecraft;3.0;0
SESS-15708;2026-08-02 17:11:16;USR-1238;1997-01-04;M;PS5;1;0;250;Card;CS2;;0
SESS-16708;2026-08-13 16:45:53;USR-1468;2009-04-06;M;Bootcamp;2;120;300;App;Valorant;4.0;0
SESS-16484;2026-08-04 21:52:49;USR-1103;2008-10-01;M;VIP;5;880;1000;Card;Apex Legends;4.5;0
SESS-16925;2026-08-31 18:21:04;USR-1090;2004-08-10;M;PS5;2;160;500;App;Dota 2;;0
SESS-12698;2026-08-06 17:33:24;USR-1283;2004-10-28;M;Standard;2;0;200;Card;Deadlock;;0
SESS-15251;2026-08-31 07:29:21;USR-1057;2007-12-06;M;Standard;4;672;360;Card;Valorant;5.0;1
SESS-14644;2026-08-21 12:51:58;USR-1140;2008-06-12;M;VIP;2;390;400;Cash;Dota 2;;0
SESS-14170;2026-08-29 22:59:36;USR-1113;2010-05-22;M;Standard;8;0;800;App;Minecraft;2.0;0
SESS-14761;2026-08-19 16:34:04;USR-1604;2007-07-25;M;Bootcamp;2;0;300;Card;Apex Legends;1.0;0
SESS-16842;2026-08-09 16:27:15;USR-1328;2005-07-26;M;Bootcamp;2;240;300;Card;Dota 2;4.5;0
SESS-16752;2026-08-01 18:44:58;USR-1453;1995-09-11;M;VIP;5;0;1000;Card;Dota 2;3.0;0
SESS-14422;2026-08-11 19:52:05;USR-1081;1997-02-08;F;PS5;3;510;750;Card;Dota 2;;0
SESS-10744;2026-08-09 18:46:12;USR-1243;2010-02-10;M;PS5;4;0;1000;Cash;Valorant;;0
SESS-16295;2026-08-12 17:45:20;USR-1037;2003-11-24;M;Bootcamp;4;882;540;Card;Dota 2;;1
SESS-16553;2026-08-01 21:44:32;USR-1088;1992-02-13;M;Standard;3;360;300;Card;PUBG;;0
SESS-10651;2026-08-24 15:08:28;USR-1513;2005-03-25;M;Standard;3;0;300;Card;CS2;;0
SESS-11812;2026-08-26 20:20:25;USR-1101;2003-05-22;M;Standard;2;0;200;Card;Dota 2;;0
SESS-10404;2026-08-02 15:43:34;USR-1081;1997-02-08;F;VIP;3;0;600;Card;CS2;;0
SESS-13987;2026-08-08 15:46:26;USR-1427;2011-03-11;M;Standard;4;336;360;Card;CS2;;1
SESS-13668;2026-08-26 13:55:28;USR-1092;2001-05-02;F;Standard;3;0;300;Cash;CS2;;0
SESS-12680;2026-08-29 18:24:06;USR-1202;2008-09-03;F;Standard;8;0;800;Card;Dota 2;4.5;0
SESS-12407;2026-08-03 19:24:54;USR-1037;2003-11-24;M;VIP;5;1050;900;Card;Valorant;4.5;1
SESS-12114;2026-08-15 16:37:19;USR-1099;2001-07-16;M;Bootcamp;3;320;450;Card;Dota 2;;0
SESS-11933;2026-08-03 19:18:53;USR-1611;2011-11-18;M;Standard;2;0;200;App;CS2;;0
SESS-11831;2026-08-20 18:35:17;USR-1657;1997-08-05;M;VIP;4;0;800;Card;Browser/Work;;0
SESS-16605;2026-08-25 10:10:35;USR-1123;2003-11-08;F;Bootcamp;2;0;300;App;CS2;;0
SESS-15068;2026-08-28 15:37:42;USR-1589;2007-02-16;M;Bootcamp;1;310;150;App;Valorant;;0
SESS-14259;2026-08-22 19:01:05;USR-1141;2007-07-14;M;Bootcamp;2;0;300;Card;GTA V;;0
SESS-13121;2026-08-17 16:47:24;USR-1665;1998-03-01;M;VIP;1;550;200;Card;CS2;4.5;0
SESS-15055;2026-08-22 15:48:37;USR-1516;2007-09-11;M;Bootcamp;3;390;450;Card;CS2;4.0;0
SESS-10235;2026-08-01 16:45:31;USR-1130;2008-05-01;F;Standard;1;120;100;Card;CS2;;0
SESS-14113;2026-08-24 15:35:36;USR-1018;2011-02-01;M;Bootcamp;4;0;540;Cash;CS2;4.5;1
SESS-14018;2026-08-10 17:55:24;USR-1122;1995-12-05;M;VIP;2;800;400;App;Cyberpunk 2077;;0
SESS-14571;2026-08-15 15:54:11;USR-1026;2010-02-02;M;Standard;8;0;720;App;Minecraft;4.5;1
SESS-12587;2026-08-29 15:35:00;USR-1797;2007-11-09;M;Standard;1;0;100;Card;PUBG;;0
SESS-15225;2026-08-17 18:47:01;USR-1122;1995-12-05;M;PS5;3;965;675;Card;CS2;;1
SESS-16065;2026-08-07 07:53:00;USR-1082;2004-06-01;F;VIP;3;510;600;Card;PUBG;3.0;0
SESS-12490;2026-08-16 16:19:03;USR-1519;2010-11-07;M;Bootcamp;3;0;405;Card;Deadlock;4.5;1
SESS-12069;2026-08-15 15:33:15;USR-1795;2007-08-02;M;Standard;3;240;300;App;Dota 2;;0
SESS-14663;2026-08-24 10:20:03;USR-1000;1994-09-16;M;VIP;2;660;400;App;CS2;5.0;0
SESS-12638;2026-08-12 20:55:21;USR-1036;2005-06-28;M;VIP;1;160;200;Card;Apex Legends;4.5;0
SESS-16048;2026-08-14 21:55:32;USR-1083;2000-08-19;M;Bootcamp;2;714;270;Card;Dota 2;5.0;1
SESS-17231;2026-08-29 17:11:05;USR-1289;2010-05-21;M;Bootcamp;12;0;1800;Cash;Dota 2;2.0;0
SESS-14692;2026-08-15 18:00:34;USR-1236;2005-02-03;M;Bootcamp;2;0;300;Card;CS2;;0
SESS-12750;2026-08-24 19:31:41;USR-1158;1993-07-18;M;PS5;8;0;2000;Card;GTA V;4.5;0
SESS-16655;2026-08-02 12:23:30;USR-1017;2010-09-20;M;Standard;3;180;300;App;Valorant;;0
SESS-15473;2026-08-22 18:08:14;USR-1687;2008-07-28;M;Bootcamp;4;784;540;Card;Apex Legends;5.0;1
SESS-14778;2026-08-01 12:31:49;USR-1158;1993-07-18;M;PS5;8;2226;1800;App;CS2;5.0;1
SESS-14926;2026-08-12 13:00:15;USR-1777;1989-01-16;M;VIP;2;800;400;App;Browser/Work;;0
SESS-13882;2026-08-11 10:47:08;USR-1780;2012-09-11;F;Standard;3;180;300;App;Dota 2;5.0;0
SESS-16911;2026-08-22 21:36:38;USR-1539;2009-09-05;M;Standard;5;560;450;Cash;Minecraft;4.0;1
SESS-10576;2026-08-18 19:30:13;USR-1309;2008-12-24;M;Standard;1;160;100;Card;PUBG;1.0;0
SESS-14558;2026-08-30 10:50:59;USR-1292;2004-05-07;M;Bootcamp;4;630;600;App;Dota 2;;0
SESS-12316;2026-08-16 10:27:55;USR-1050;2008-12-03;F;Standard;2;0;200;Card;Valorant;;0
SESS-13269;2026-08-20 14:14:01;USR-1049;2011-07-07;M;Standard;2;0;200;Card;Dota 2;4.0;0
SESS-15180;2026-08-26 10:00:42;USR-1588;2008-12-02;F;Standard;1;0;100;App;CS2;2.0;0
SESS-10147;2026-08-08 15:07:15;USR-1337;2006-05-09;M;Bootcamp;2;0;300;App;Deadlock;;0
SESS-15300;2026-08-26 19:53:17;USR-1378;1995-11-07;M;Bootcamp;1;0;150;Card;CS2;;0
SESS-13618;2026-08-30 21:47:26;USR-1060;1993-12-16;M;VIP;3;510;600;Card;CS2;5.0;0
SESS-15706;2026-08-28 11:04:33;USR-1155;2009-09-19;M;Standard;2;0;200;Card;Valorant;4.0;0
SESS-12477;2026-08-26 20:11:49;USR-1465;2007-10-17;M;Bootcamp;1;240;150;Card;Dota 2;;0
SESS-12338;2026-08-15 18:56:14;USR-1538;2003-03-28;M;Bootcamp;2;0;300;Card;Deadlock;;0
SESS-12264;2026-08-09 11:28:08;USR-1289;2010-05-21;M;Bootcamp;2;0;270;Card;CS2;;1
SESS-15243;2026-08-03 09:32:02;USR-1056;2002-03-26;M;Standard;2;0;200;Card;Valorant;;0
SESS-14351;2026-08-29 19:31:50;USR-1580;1996-10-04;M;PS5;3;0;750;Card;Cyberpunk 2077;;0
SESS-14024;2026-08-14 15:38:54;USR-1132;2007-03-22;M;Bootcamp;2;0;300;App;CS2;;0
SESS-13636;2026-08-04 12:50:58;USR-1127;2009-02-14;M;Standard;4;0;400;App;CS2;4.5;0
SESS-12882;2026-08-02 18:08:57;USR-1164;2005-09-09;M;PS5;12;1920;3000;Card;Dota 2;2.0;0
SESS-14364;2026-08-08 08:40:59;USR-1385;2011-06-05;M;Standard;5;280;450;Card;Dota 2;4.0;1
SESS-12582;2026-08-09 13:48:02;USR-1323;2004-06-11;F;Standard;5;800;500;Card;Dota 2;4.0;0
SESS-16646;2026-08-29 09:35:05;USR-1079;2008-08-05;M;Standard;5;0;450;Card;Valorant;;1
SESS-10993;2026-08-16 08:08:16;USR-1004;2011-07-04;M;Bootcamp;2;80;300;Card;Valorant;;0
SESS-10861;2026-08-15 13:59:13;USR-1468;2009-04-06;M;Standard;2;120;200;App;CS2;;0
SESS-14959;2026-08-18 12:48:09;USR-1461;2007-03-09;M;Standard;3;0;300;App;CS2;;0
SESS-10109;2026-08-27 23:02:20;USR-1148;2005-12-20;M;Standard;12;960;1200;App;PUBG;5.0;0
SESS-13948;2026-08-09 16:03:41;USR-1413;1995-02-13;M;Standard;3;503;270;App;GTA V;5.0;1
SESS-12333;2026-08-27 19:02:58;USR-1243;2010-02-10;M;Bootcamp;2;0;270;App;CS2;;1
SESS-14627;2026-08-04 06:31:24;USR-1733;2004-11-06;M;PS5;2;240;500;App;Dota 2;4.5;0
SESS-16576;2026-08-05 11:18:25;USR-1518;2008-11-23;M;VIP;1;0;200;Card;CS2;;0
SESS-14653;2026-08-20 18:20:28;USR-1577;2006-09-22;M;Standard;3;240;300;App;CS2;5.0;0
SESS-16172;2026-08-07 23:32:47;USR-1320;2006-10-14;M;Standard;5;0;500;App;Dota 2;;0
SESS-13077;2026-08-01 19:10:41;USR-1095;2006-06-20;M;Standard;1;120;100;App;Valorant;;0
SESS-17015;2026-08-29 10:24:02;USR-1042;1997-02-02;M;VIP;3;0;600;Card;PUBG;;0
SESS-16138;2026-08-15 17:55:34;USR-1723;2005-11-06;M;Standard;3;360;300;Card;CS2;5.0;0
SESS-13963;2026-08-21 13:28:54;USR-1141;2007-07-14;M;Standard;4 часа;0;400;App;Valorant;;0
SESS-12620;2026-08-10 13:56:01;USR-1638;2004-09-21;M;Standard;2;0;180;Card;Deadlock;4.5;1
SESS-11918;2026-08-10 13:26:57;USR-1292;2004-05-07;M;Standard;1;80;100;App;Dota 2;3.0;0
SESS-13839;2026-08-15 07:45:22;USR-1035;1998-09-03;M;PS5;2;390;500;Card;PUBG;;0
SESS-13599;2026-08-29 18:20:42;USR-1151;2007-01-05;F;Standard;2;0;200;Card;CS2;;0
SESS-16039;2026-08-10 15:24:12;USR-1128;2007-05-19;M;Standard;1;0;100;Card;Dota 2;5.0;0
SESS-12173;2026-08-21 20:01:37;USR-1137;1993-02-24;M;PS5;5;1680;1125;Card;Cyberpunk 2077;4.5;1
SESS-17245;2026-08-20 15:51:42;USR-1469;1995-12-27;M;Standard;2;0;200;Card;Deadlock;;0
SESS-14309;2026-08-20 12:08:27;USR-1104;2006-10-08;M;Bootcamp;2;0;300;Card;Dota 2;5.0;0
SESS-15855;2026-08-12 22:23:17;USR-1112;2008-11-25;M;Standard;12;0;1200;App;Dota 2;5.0;0
SESS-15474;2026-08-03 02:24:09;USR-1365;1997-01-19;M;Bootcamp;5;0;750;Card;PUBG;4.5;0
SESS-13039;2026-08-02 17:49:29;USR-1573;2010-11-01;M;Standard;2;160;200;Cash;Minecraft;;0
SESS-11619;2026-08-22 17:47:27;USR-1247;2004-06-02;M;VIP;4;658;720;App;Apex Legends;5.0;1
SESS-11976;2026-08-15 13:30:47;USR-1236;2005-02-03;M;Standard;2;320;200;Card;CS2;;0
SESS-16568;2026-08-12 01:15:01;USR-1125;2006-07-09;F;VIP;8;790;1600;Card;CS2;;0
SESS-17052;2026-08-29 13:33:00;USR-1097;2006-04-09;M;Bootcamp;2;0;300;App;CS2;;0
SESS-12898;2026-08-11 13:11:09;USR-1150;2004-01-17;F;Bootcamp;4;0;600;Card;CS2;;0
SESS-10901;2026-08-06 20:41:39;USR-1157;2011-01-17;M;Standard;4;448;360;;Dota 2;4.5;1
SESS-16005;2026-08-01 08:35:36;USR-1144;2005-01-11;M;Standard;3;336;270;Card;CS2;4.0;1
SESS-14331;2026-08-13 04:04:09;USR-1625;2006-09-14;M;Bootcamp;2;336;270;Card;Valorant;2.0;1
SESS-14830;2026-08-18 22:27:19;USR-1069;2011-02-16;M;PS5;8;0;2000;Card;Minecraft;5.0;0
SESS-11627;2026-08-28 15:15:25;USR-1050;2008-12-03;F;Bootcamp;1;0;150;App;Valorant;;0
SESS-12709;2026-08-30 23:55:21;USR-1295;2006-10-07;M;VIP;5;0;1000;App;Cyberpunk 2077;;0
SESS-10321;2026-08-15 19:21:20;USR-1659;2001-02-23;M;PS5;3;503;675;App;CS2;;1
SESS-12299;2026-08-29 21:37:09;USR-1133;2003-05-21;M;Standard;1;120;100;Card;Dota 2;;0
SESS-14434;2026-08-30 01:58:26;USR-1550;2006-08-25;M;PS5;12;1440;3000;App;Dota 2;3.0;0
SESS-14900;2026-08-14 19:44:17;USR-1097;2006-04-09;M;PS5;2;320;500;App;CS2;;0
SESS-12480;2026-08-26 20:22:16;USR-1642;2005-07-19;M;Standard;1;120;100;App;Dota 2;;0
SESS-15314;2026-08-26 14:27:31;USR-1017;2010-09-20;M;Standard;2;0;200;App;PUBG;;0
SESS-15886;2026-08-01 22:50:23;USR-1024;2007-08-13;M;PS5;5;0;1250;App;Dota 2;4.5;0
SESS-13453;2026-08-23 17:31:35;USR-1353;2006-01-14;M;Standard;1;160;100;Card;GTA V;;0
SESS-17090;2026-08-14 11:33:00;USR-1308;2007-07-09;M;VIP;1;0;200;Card;Dota 2;;0
SESS-10022;2026-08-03 22:12:05;USR-1442;2002-04-12;M;Standard;5;840;450;Card;CS2;4.0;1
SESS-12359;2026-08-29 13:57:34;USR-1024;2007-08-13;M;VIP;2;0;400;Card;Valorant;;0
SESS-11715;2026-08-15 16:17:58;USR-1367;2011-04-14;M;Standard;2;0;200;Cash;Dota 2;;0
SESS-13675;2026-08-25 08:02:03;USR-1470;2009-07-10;M;Standard;4;0;360;App;Minecraft;5.0;1
SESS-10938;2026-08-09 09:58:35;USR-1692;2007-04-02;M;Standard;1;160;100;App;Valorant;4.5;0
SESS-14267;2026-08-18 10:35:53;USR-1783;2006-12-13;F;PS5;1;80;250;Card;Valorant;;0
SESS-12578;2026-08-13 14:09:02;USR-1790;2011-09-03;M;Standard;3;120;300;App;Valorant;4.0;0
SESS-16016;2026-08-29 17:59:51;USR-1369;2005-09-09;M;Bootcamp;4;0;540;Card;Valorant;;1
SESS-14110;2026-08-02 15:58:05;USR-1021;2011-03-19;M;VIP;2;168;360;Cash;Minecraft;;1
SESS-13432;2026-08-15 20:33:27;USR-1221;2011-10-10;M;Bootcamp;2;0;300;Card;CS2;;0
SESS-12685;2026-08-13 14:26:58;USR-1024;2007-08-13;M;Bootcamp;2;0;300;Card;CS2;;0
SESS-13710;2026-08-30 16:59:27;USR-1628;2012-08-25;M;Bootcamp;5;560;675;App;CS2;4.5;1
SESS-14499;2026-08-12 19:52:33;USR-1042;1997-02-02;M;PS5;2;510;500;Card;Browser/Work;;0
SESS-15060;2026-08-24 18:40:09;USR-1438;2006-04-14;M;Standard;4;0;400;Cash;Apex Legends;;0
SESS-15375;2026-08-08 22:32:28;USR-1446;1988-03-22;M;Standard;8;960;800;Card;Cyberpunk 2077;;0
SESS-11884;2026-08-22 17:35:50;USR-1516;2007-09-11;M;VIP;2;0;400;App;CS2;4.5;0
SESS-13441;2026-08-21 10:31:02;USR-1632;2005-12-08;M;PS5;2;0;500;App;Apex Legends;;0
SESS-15683;2026-08-03 01:15:19;USR-1753;2005-03-09;M;Standard;8;0;800;Card;CS2;;0
SESS-16383;2026-08-07 19:04:59;USR-1103;2008-10-01;M;PS5;3;360;750;Card;Deadlock;;0
SESS-10096;2026-08-30 18:04:15;USR-1110;2006-09-11;F;Standard;1;160;100;Card;CS2;4.0;0
SESS-10379;2026-08-25 22:26:48;USR-1583;2005-10-01;M;Bootcamp;8;0;1200;Card;CS2;;0
SESS-14835;2026-08-21 20:43:45;USR-1149;2003-10-27;M;Standard;2;448;180;App;Dota 2;4.0;1
SESS-11306;2026-08-20 16:28:55;USR-1515;2007-10-27;F;Bootcamp;4;0;600;Card;CS2;;0
SESS-14904;2026-08-01 08:12:34;USR-1238;1997-01-04;M;Bootcamp;2;0;300;Card;Dota 2;5.0;0
SESS-10381;2026-08-05 17:54:42;USR-1464;1994-12-06;M;Bootcamp;4;1020;600;Card;CS2;;0
SESS-12410;2026-08-28 22:59:21;USR-1286;2006-07-18;M;Standard;5;0;450;Card;Deadlock;;1
SESS-12655;2026-08-16 20:23:10;USR-1061;2004-03-24;M;Bootcamp;1;230;150;App;CS2;;0
SESS-15484;2026-08-13 14:19:15;USR-1173;2011-08-18;M;PS5;5;0;1125;Card;Dota 2;5.0;1
SESS-16757;2026-08-09 18:19:37;USR-1407;2004-05-20;M;Standard;3;360;300;Card;CS2;4.5;0
SESS-15395;2026-08-11 13:21:59;USR-1694;2005-10-01;M;Standard;3;360;300;App;Valorant;2.0;0
SESS-14127;2026-08-16 17:39:25;USR-1291;2003-11-11;M;PS5;5;600;1250;Card;Deadlock;5.0;0
SESS-10407;2026-08-13 21:04:33;USR-1549;2002-09-27;M;Bootcamp;2;470;300;Cash;Dota 2;4.0;0
SESS-16249;2026-08-16 01:30:06;USR-1657;1997-08-05; M ;Standard;12;2160;1200;Card;Dota 2;;0
SESS-11749;2026-08-20 17:54:44;USR-1697;2008-06-21;M;Standard;2;0;200;Card;Cyberpunk 2077;;0
SESS-11668;2026-08-21 18:21:01;USR-1621;2006-03-17;M;VIP;2;0;400;App;Deadlock;;0
SESS-15727;2026-08-29 17:16:12;USR-1229;2006-08-23;M;Standard;1;80;100;Card;Deadlock;4.5;0
SESS-17249;2026-08-01 21:26:04;USR-1216;2004-05-11;M;Bootcamp;4;784;540;App;Valorant;;1
SESS-11860;2026-08-15 13:21:53;USR-1181;1994-12-13;F;Standard;1;250;100;Card;CS2;;0
SESS-15761;2026-08-30 03:29:02;USR-1441;2009-01-06;M;Standard;1;0;100;Card;CS2;;0
SESS-10670;2026-08-14 22:33:03;USR-1130;2008-05-01;F;PS5;8;960;2000;App;CS2;4.0;0
SESS-14376;2026-08-23 17:37:22;USR-1091;2004-01-15;M;Standard;1;120;100;Card;Dota 2;;0
SESS-12465;2026-08-29 18:56:07;USR-1035;1998-09-03;M;VIP;4;0;720;Card;Cyberpunk 2077;;1
SESS-16820;2026-08-19 17:40:25;USR-1086;1990-06-20;M;PS5;2;650;500;Card;CS2;;0
SESS-12509;2026-08-20 20:11:07;USR-1209;1997-08-10;M;Standard;2;500;200;Card;CS2;;0
SESS-12394;2026-08-29 07:58:04;USR-1023;2010-02-02;M;VIP;2;80;400;Card;Deadlock;5.0;0
SESS-16320;2026-08-29 00:42:15;USR-1077;1996-09-03;M;VIP;8;1740;1600;Card;Browser/Work;4.0;0
SESS-15392;2026-08-31 12:45:18;USR-1707;2011-02-23;F;PS5;2;0;500;Cash;CS2;;0
SESS-14415;2026-08-09 15:01:16;USR-1031;1993-08-21;M;Standard;12;2015;1080;Card;CS2;5.0;1
SESS-14115;2026-08-30 16:21:55;USR-1684;2009-11-24;M;Standard;1;0;100;App;Minecraft;4.5;0
SESS-12494;2026-08-02 00:42:56;USR-1065;2009-08-26;F;Bootcamp;5;280;675;App;Minecraft;;1
SESS-12837;2026-08-02 01:28:26;USR-1130;2008-05-01;F;VIP;8;0;1600;Card;CS2;;0
SESS-14547;2026-08-04 19:22:25;USR-1005;2023-06-15;M;Bootcamp;-2;0;540;App;GTA V;;1
SESS-12661;2026-08-02 14:10:18;USR-1589;2007-02-16;M;VIP;4;470;800;Card;CS2;;0
SESS-16681;08/21/2026 21:47:18;USR-1010;2007-09-24;M;PS5;2;0;500;Card;GTA V;;0
SESS-12356;2026-08-15 19:25:12;USR-1257;2011-07-16;M;Standard;8;0;800;App;Deadlock;4.5;0
SESS-11171;2026-08-09 13:48:29;USR-1511;2006-12-18;M;Bootcamp;1;0;150;Card;Dota 2;;0
SESS-14142;2026-08-12 20:15:14;USR-1042;1997-02-02;M;Standard;2;500;200;Card;CS2;4.5;0
SESS-11757;2026-08-22 20:02:55;USR-1094;2004-10-05;M;Bootcamp;3;0;450;App;CS2;;0
SESS-10164;2026-08-05 12:57:22;USR-1727;1996-03-17;M;VIP;2;540;400;Card;Dota 2;4.5;0
SESS-14212;2026-08-26 20:12:13;USR-1132;2007-03-22;M;Bootcamp;2;390;300;App;Dota 2;;0
SESS-12984;2026-08-09 16:33:37;USR-1485;2004-01-19;F;PS5;3;336;675;Cash;CS2;3.0;1
SESS-10061;2026-08-20 18:00:05;USR-1337;2006-05-09;M;Bootcamp;2;310;300;Card;Valorant;4.0;0
SESS-16100;2026-08-25 16:06:57;USR-1409;2002-06-19;F;PS5;3;480;750;Card;Valorant;;0
SESS-13160;2026-08-06 00:19:28;USR-1027;2010-04-02;F;Standard;12;480;1200;App;Minecraft;;0
SESS-12630;2026-08-28 20:57:23;USR-1024;2007-08-13;M;Standard;1;80;100;Card;Dota 2;;0
SESS-12248;2026-08-28 18:05:01;USR-1648;2007-03-17;M;Standard;3;360;300;Card;Valorant;;0
SESS-14328;2026-08-24 04:12:19;USR-1590;2004-05-18;M;PS5;3;0;750;Card;Deadlock;;0
SESS-15027;2026-08-17 20:41:42;USR-1611;2011-11-18;M;Standard;2;0;200;Cash;Valorant;;0
SESS-16130;2026-08-27 08:06:29;USR-1136;2004-04-28;M;VIP;2;0;400;Card;CS2;;0
SESS-12324;2026-08-05 18:33:59;USR-1005;2011-10-01;M;Standard;1;40;100;Card;Valorant;5.0;0
SESS-15338;2026-08-06 13:57:17;USR-1476;2002-08-28;F;Standard;2;320;200;Card;Dota 2;;0
SESS-16003;2026-08-09 00:52:07;USR-1784;2009-04-19;M;Standard;12;0;1200;App;CS2;;0
SESS-10772;2026-08-22 10:17:13;USR-1020;2005-09-26;F;Standard;4;0;360;Card;Dota 2;;1
SESS-15787;2026-08-15 22:25:51;USR-1077;1996-09-03;M;Standard;8;960;800;Card;Dota 2;;0
SESS-13589;2026-08-14 19:30:30;USR-1022;2012-11-14;F;Standard;3;120;300;App;Valorant;4.0;0
SESS-15489;2026-08-22 22:03:09;USR-1766;2007-09-21;M;Standard;8;1344;720;App;Deadlock;3.0;1
SESS-11116;2026-08-20 19:10:30;USR-1036;2005-06-28;M;VIP;1;200;200;App;Dota 2;;0
SESS-11958;2026-08-16 19:32:04;USR-1777;1989-01-16;M;Standard;2;0;200;Card;Dota 2;4.0;0
SESS-12040;2026-08-29 19:42:02;USR-1066;2011-12-15;M;Bootcamp;5;300;750;Card;Minecraft;2.0;0
SESS-12868;2026-08-25 19:13:34;USR-1534;2009-09-17;M;Standard;1;80;100;App;Minecraft;;0
SESS-11899;2026-08-30 15:18:15;USR-1067;2011-04-02;M;Standard;1;40;100;Cash;CS2;;0
SESS-16359;2026-08-27 09:23:13;USR-1609;1999-09-26;M;PS5;2;390;500;App;Dota 2;;0
SESS-16514;2026-08-05 18:41:26;USR-1601;2011-09-11;M;Standard;4;0;360;Cash;CS2;;1
SESS-17213;2026-08-08 22:47:01;USR-1093;2004-06-23;F;PS5;12;1920;3000;App;Dota 2;;0
SESS-14790;2026-08-06 13:22:52;USR-1096;2008-05-14;M;Standard;2;0;180;Card;CS2;4.5;1
SESS-14439;2026-08-07 18:50:29;USR-1235;1993-05-01;F;VIP;8;0;1600;Card;GTA V;;0
SESS-14211;2026-08-09 15:47:43;USR-1008;2001-12-13;M;Standard;1;0;100;Card;CS2;;0
SESS-14329;2026-08-08 23:22:28;USR-1321;2010-12-09;M;VIP;8;480;1600;App;Minecraft;;0
SESS-11350;2026-08-01 18:00:15;USR-1227;1996-04-01;M;VIP;1;270;200;Card;Dota 2;;0
SESS-15136;2026-08-08 16:02:04;USR-1510;2010-12-16;M;Standard;3;180;300;Card;Minecraft;5.0;0
SESS-11028;2026-08-24 18:33:02;USR-1138;2003-02-26;F;Standard;2;336;180;Card;Minecraft;;1
SESS-12811;2026-08-27 17:10:18;USR-1613;2011-11-27;M;Standard;4;0;360;Cash;CS2;;1
SESS-13538;2026-08-14 20:58:37;USR-1104;2006-10-08;M;PS5;2;160;500;App;Valorant;;0
SESS-15188;2026-08-03 18:55:48;USR-1420;2010-01-14;M;Standard;2;0;200;Cash;CS2;;0
SESS-14683;2026-08-06 13:17:23;USR-1708;2008-01-09;M;Standard;12;0;1080;App;Dota 2;;1
SESS-14003;2026-08-05 12:27:14;USR-1123;2003-11-08;F;VIP;4;882;720;App;Valorant;;1
SESS-13394;2026-08-31 12:27:57;USR-1748;2004-06-07;M;Standard;1;0;100;Card;Valorant;;0
SESS-17129;2026-08-06 19:31:40;USR-1334;2000-05-11;M;Bootcamp;3;840;450;App;Dota 2;;0
SESS-13357;2026-08-30 13:03:01;USR-1686;2006-06-04;M;Bootcamp;2;0;300;Card;Valorant;3.0;0
SESS-15174;2026-08-07 17:36:49;USR-1751;1997-10-14;M;VIP;1;330;200;Card;CS2;4.5;0
SESS-11613;2026-08-31 00:08:50;USR-1726;2011-09-13;M;Standard;8;640;800;Cash;Dota 2;4.5;0
SESS-11588;2026-08-06 18:03:14;USR-1541;1999-04-05;M;Standard;2;240;200;Card;Dota 2;;0
SESS-14776;2026-08-22 22:27:07;USR-1682;2006-11-01;M;VIP;8;0;1600;Card;Dota 2;;0
SESS-14200;2026-08-20 16:28:07;USR-1228;2009-01-15;M;Standard;3;168;270;App;CS2;4.5;1
SESS-15863;2026-08-07 21:15:31;USR-1311;2006-02-16;M;PS5;5;0;1250;App;CS2;4.5;0
SESS-13847;2026-08-16 16:47:10;USR-1146;2004-01-15;M;Standard;4;480;400;Card;Dota 2;;0
SESS-10031;2026-08-25 19:50:06;USR-1428;2003-09-03;M;VIP;3;0;600;Card;Dota 2;;0
SESS-12372;2026-08-09 20:00:02;USR-1746;2007-05-24;M;Standard;2;0;200;Card;PUBG;;0
SESS-11658;2026-08-08 17:44:39;USR-1088;1992-02-13;M;PS5;2;909;450;Card;GTA V;;1
SESS-13478;2026-08-18 20:51:49;USR-1063;2007-02-12;M;VIP;4;0;800;Card;Dota 2;4.0;0
SESS-10920;2026-08-19 12:18:19;USR-1386;2007-09-05;M;Bootcamp;4;630;600;App;Deadlock;;0
SESS-14218;2026-08-02 17:37:02;USR-1103;2008-10-01;M;Bootcamp;1;0;150;App;Dota 2;;0
SESS-14564;2026-08-28 22:17:34;USR-1105;2004-04-12;M;Standard;8;1280;800;Card;Dota 2;4.5;0
SESS-12203;2026-08-31 17:58:46;USR-1028;2005-02-10;M;Bootcamp;3;390;450;Cash;CS2;;0
SESS-10738;2026-08-14 00:15:32;USR-1014;2023-06-15;F;Standard;-2;448;720;App;Minecraft;5.0;1
SESS-12713;2026-08-23 18:24:30;USR-1282;2007-01-06;F;Bootcamp;2;390;300;Card;CS2;2.0;0
SESS-10520;2026-08-31 14:30:59;USR-1295;2006-10-07;M;Standard;2;160;200;App;Valorant;;0
SESS-13427;2026-08-29 03:18:04;USR-1088;1992-02-13;M;Bootcamp;2;540;300;Card;Cyberpunk 2077;;0
SESS-10250;2026-08-21 16:14:55;USR-1559;2008-02-20;M;VIP;4;0;720;App;CS2;5.0;1
SESS-12371;2026-08-08 12:37:07;USR-1034;1991-12-14;M;PS5;2;650;500;Card;Browser/Work;;0
SESS-15508;2026-08-14 16:27:14;USR-1361;2006-10-14;M;Standard;5;0;500;Card;Dota 2;;0
SESS-11901;2026-08-09 21:12:53;USR-1066;2011-12-15;M;Standard;3;0;300;Card;Minecraft;;0
SESS-14147;2026-08-01 22:59:01;USR-1001;2003-04-08;F;VIP;5;680;1000;Cash;Deadlock;4.5;0
SESS-13327;2026-08-02 16:19:02;USR-1432;2004-10-17;M;Standard;1;0;90;Card;CS2;5.0;1
SESS-13686;2026-08-21 13:22:22;USR-1131;2006-04-07;M;VIP;4;630;800;Card;Valorant;;0
SESS-16106;2026-08-31 17:27:55;USR-1211;1996-08-25;M;VIP;2;0;400;Card;GTA V;4.0;0
SESS-13806;2026-08-17 13:59:10;USR-1667;1992-07-17;M;VIP;1;420;200;Card;Dota 2;;0
SESS-10434;2026-08-04 20:32:17;USR-1494;2003-01-04;M;Standard;4;0;360;Card;CS2;;1
SESS-12168;2026-08-07 16:27:16;USR-1339;2011-06-06;M;Standard;3;0;300;Cash;Minecraft;;0
SESS-12787;2026-08-26 13:01:33;USR-1175;2004-01-25;M;Standard;2;0;200;App;Dota 2;;0
SESS-11022;2026-08-28 13:22:22;USR-1240;2007-10-10;M;VIP;2;390;400;App;Valorant;;0
SESS-14504;2026-08-10 18:11:41;USR-1218;2012-09-19;M;Bootcamp;2;160;300;Cash;Dota 2;;0
SESS-12983;2026-08-02 03:30:02;USR-1551;2008-11-10;M;VIP;1;0;200;Card;CS2;;0
SESS-12022;2026-08-11 14:08:15;USR-1123;2003-11-08;F;Standard;1;120;100;Card;Apex Legends;;0
SESS-15856;2026-08-20 20:02:36;USR-1100;2011-02-25;M;Standard;5;0;500;Cash;Minecraft;;0
SESS-12757;2026-08-04 13:49:53;USR-1155;2009-09-19;M;Standard;4;160;400;App;Valorant;;0
SESS-16779;2026-08-16 17:57:09;USR-1045;2006-09-28;M;PS5;1;0;250;Cash;Deadlock;;0
SESS-16208;2026-08-02 05:47:30;USR-1167;2009-05-04;M;Standard;5;280;450;Card;Dota 2;5.0;1
SESS-10003;2026-08-28 20:30:43;USR-1038;2010-06-02;M;Standard;1;0;100;App;Apex Legends;;0
SESS-16339;2026-08-02 22:40:09;USR-1221;2011-10-10;M;Standard;5;300;500;Cash;Dota 2;4.0;0
SESS-11193;2026-08-31 19:58:16;USR-1025;2010-10-04;M;Standard;1;60;100;App;CS2;;0
SESS-16103;2026-08-25 23:30:33;USR-1065;2009-08-26;F;Bootcamp;3;0;450;Card;Minecraft;4.0;0
SESS-12560;2026-08-01 14:16:13;USR-1007;1995-11-02;F;VIP;2;0;400;Card;Dota 2;;0
SESS-15250;2026-08-13 19:27:53;USR-1798;2005-01-26;F;VIP;1;434;180;Card;Deadlock;5.0;1
SESS-12368;2026-08-04 17:36:09;USR-1533;2009-06-12;M;Standard;2;112;180;Cash;CS2;;1
SESS-17003;2026-08-09 23:49:47;USR-1551;2008-11-10;M; standard ;12;0;2160;Card;Valorant;;1
SESS-17054;2026-08-07 10:26:47;USR-1007;1995-11-02;F;Bootcamp;3;660;450;Card;CS2;;0
SESS-16753;2026-08-29 18:22:14;USR-1205;2009-07-03;M;Standard;3;120;300;App;Minecraft;4.0;0
SESS-14784;2026-08-03 11:20:43;USR-1015;1998-01-18;M;PS5;12;4620;2700;Card;Cyberpunk 2077;5.0;1
SESS-14973;2026-08-01 11:23:09;USR-1019;2011-02-06;M;Standard;2;160;200;Cash;CS2;;0
SESS-10016;2026-08-29 19:40:01;USR-1314;1993-09-01;M;VIP;2;390;400;Card;CS2;;0
SESS-13340;2026-08-10 16:42:19;USR-1264;2011-03-02;M;Standard;1;60;100;Cash;Minecraft;;0
SESS-11753;2026-08-06 23:13:10;USR-1385;2011-06-05;M;Standard;12;0;1200;Cash;Dota 2;4.0;0
SESS-13762;2026-08-04 15:06:11;USR-1493;1995-11-27;M;Bootcamp;3;0;405;Card;Dota 2;5.0;1
SESS-10705;2026-08-19 18:08:19;USR-1053;1994-03-24;M;Bootcamp;2;650;300;Card;CS2;;0
SESS-10490;2026-08-13 15:00:32;USR-1133;05/21/2003;M;VIP;1;270;200;App;CS2;;0
SESS-11597;2026-08-03 12:53:23;USR-1553;2002-05-22;M;VIP;1;434;180;Card;Dota 2;4.5;1
SESS-13655;2026-08-23 10:09:25;USR-1412;2007-05-10;M;Standard;1;0;100;Cash;CS2;;0
SESS-10296;2026-08-25 20:01:47;USR-1290;2006-10-02;M;Standard;2;160;200;Card;Dota 2;4.0;0
SESS-13875;2026-08-18 12:02:23;USR-1130;2008-05-01;F;Bootcamp;3;390;450;Card;Valorant;4.0;0
SESS-15259;2026-08-21 11:57:24;USR-1590;2004-05-18;M;Standard;1;0;100;Card;CS2;;0
SESS-12257;2026-08-23 18:12:32;USR-1330;2005-11-10;F;Standard;1;224;90;App;Valorant;4.0;1
SESS-11039;2026-08-15 18:39:38;USR-1097;2006-04-09;M;Standard;1;160;100;App;CS2;;0
SESS-15412;2026-08-31 18:05:59;USR-1306;2012-10-21;M;Standard;4;0;360;App;Dota 2;5.0;1
SESS-17220;2026-08-17 19:33:22;USR-1513;2005-03-25;M;VIP;1;0;200;Card;CS2;5.0;0
SESS-15448;2026-08-04 18:13:31;USR-1399;1997-04-05;M;Standard;3;540;300;Card;Dota 2;;0
SESS-12579;2026-08-03 19:56:45;USR-1072;2010-03-15;M;Standard;3;0;300;Cash;Minecraft;;0
SESS-17112;2026-08-14 20:43:42;USR-1121;2007-05-26;M;VIP;1;270;200;App;Valorant;;0
SESS-13250;2026-08-31 10:06:40;USR-1178;1998-11-22;M;PS5;5;1400;1250;Card;Deadlock;;0
SESS-11206;2026-08-17 19:37:33;USR-1056;2002-03-26;M;VIP;2;320;400;Card;CS2;5.0;0
SESS-11946;2026-08-29 22:48:39;USR-1308;2007-07-09;M;Standard;8;1280;800;Card;CS2;4.5;0
SESS-12080;2026-08-29 11:34:33;USR-1684;2009-11-24;M;Bootcamp;1;0;150;Card;CS2;5.0;0
SESS-13716;2026-08-04 21:16:32;USR-1673;1991-07-10;M;Standard;2;500;200;Card;PUBG;5.0;0
SESS-14578;2026-08-09 01:50:53;USR-1083;2000/08/19;M;VIP;12;1590;2400;App;Dota 2;4.5;0
SESS-12144;2026-08-08 12:27:57;USR-1348;2003-02-16;F;Standard;2;0;200;Card;Minecraft;;0
SESS-13731;2026-08-22 02:15:17;USR-1556;2009-08-19;M;Standard;2;0;200;App;CS2;;0
SESS-11978;2026-08-07 18:08:53;USR-1678;2009-11-05;M;Standard;2;0;200;Cash;Valorant;4.0;0
SESS-14852;2026-08-13 15:40:11;USR-1250;2008-02-14;M;Standard;1;80;100;Card;Valorant;;0
SESS-11142;2026-08-02 13:40:35;USR-1260;2001-11-15;M;Standard;2;0;200;Card;Dota 2;4.0;0
SESS-10193;2026-08-07 20:53:20;USR-1069;2011-02-16;M;Standard;2;0;180;Card;Apex Legends;;1
SESS-14526;2026-08-29 01:21:45;USR-1114;2005-06-01;M;Standard;8;1280;800;Cash;Dota 2;;0
SESS-13315;2026-08-10 18:56:04;USR-1559;2008-02-20;M;VIP;1;270;200;Card;Valorant;5.0;0
SESS-11503;2026-08-07 21:32:24;USR-1280;2003-02-25;M;VIP;8;0;1600;Card;CS2;4.5;0
SESS-12485;2026-08-06 11:06:01;USR-1132;2007-03-22;M;Standard;1;120;100;Cash;Dota 2;;0
SESS-10270;2026-08-01 23:09:34;USR-1096;2008-05-14;M;PS5;8;0;2000;Cash;Dota 2;4.0;0
SESS-15677;2026-08-02 14:05:28;USR-1405;2002-11-10;M;Standard;3;0;300;Card;CS2;;0
SESS-13271;2026-08-15 23:01:58;USR-1286;2006-07-18;M;Standard;3;480;300;Card;CS2;4.0;0
SESS-16015;2026-08-03 20:13:39;USR-1079;2008-08-05;M;Standard;2;160;200;;Dota 2;4.5;0
SESS-14823;2026-08-18 21:02:12;USR-1045;2006-09-28;M;Standard;3;336;270;App;Dota 2;4.0;1
SESS-13956;2026-08-08 21:46:56;USR-1745;2012-10-05;F;Standard;1;0;100;Card;Valorant;4.0;0
SESS-14430;2026-08-29 13:40:25;USR-1604;2007-07-25;M;VIP;2;320;400;App;CS2;;0
SESS-16728;2026-08-01 15:12:28;USR-1490;1999-01-03;M;VIP;3;510;600;Card;PUBG;;0
SESS-11785;2026-08-22 12:14:53;USR-1091;2004-01-15;M;Standard;2;320;200;Card;CS2;4.5;0
SESS-16214;2026-08-10 08:54:19;USR-1445;2006-11-12;M;Bootcamp;4;658;540;Cash;CS2;5.0;1
SESS-16872;2026-08-07 10:37:06;USR-1051;2011-06-02;F;Standard;2;0;200;App;CS2;;0
SESS-15495;2026-08-22 18:55:16;USR-1032;2011-02-27;M;Bootcamp;4;320;600;Cash;Valorant;4.0;0
SESS-15325;2026-08-29 17:11:23;USR-1156;2012-02-05;F;Standard;1;0;100;Cash;Valorant;;0
SESS-16337;2026-08-14 12:19:27;USR-1107;1989-06-02;F;VIP;1;770;180;Card;PUBG;;1
SESS-15496;2026-08-05 02:37:37;USR-1097;2006-04-09;M;Standard;2;240;200;Card;CS2;;0
SESS-13210;2026-08-09 19:26:40;USR-1231;2006-06-24;M;Standard;12;2015;1080;Card;Dota 2;;1
SESS-16313;2026-08-21 10:58:02;USR-1640;2003-10-25;M;Bootcamp;2;0;300;Card;CS2;4.5;0
SESS-11250;2026-08-14 00:24:38;USR-1029;1999-08-16;M;VIP;12;2226;2160;Card;Dota 2;4.5;1
SESS-16236;2026-08-23 12:13:07;USR-1771;1997-03-02;M;VIP;2;0;400;Card;Deadlock;;0
SESS-10100;2026-08-10 12:01:59;USR-1138;2003-02-26;F;Standard;2;0;200;App;Apex Legends;4.5;0
SESS-11012;2026-08-24 15:35:55;USR-1658;2003-06-14;M;Standard;2;320;200;App;CS2;5.0;0
SESS-15186;2026-08-07 08:01:17;USR-1542;2007-02-24;M;Standard;8;0;800;Card;Deadlock;;0
SESS-15301;2026-08-23 15:10:26;USR-1760;2005-07-12;M;PS5;2;0;500;App;Deadlock;;0
SESS-15962;2026-08-22 12:01:53;USR-1370;2005-07-24;M;Bootcamp;5;0;750;Cash;Valorant;;0
SESS-16769;2026-08-02 18:15:14;USR-1685;2008-12-06;M;Standard;3;672;270;Cash;Minecraft;;1
SESS-13645;2026-08-22 04:02:45;USR-1301;2006-10-09;M;Standard;4;480;400;Card;Deadlock;1.0;0
SESS-16946;2026-08-26 16:19:09;USR-1056;2002-03-26;M;Standard;1;0;100;Card;Dota 2;;0
SESS-16864;2026-08-30 13:31:01;USR-1277;1999-11-08;M;VIP;2;540;400;Card;GTA V;;0
SESS-17188;2026-08-04 13:19:45;USR-1683;2010-08-17;M;Standard;4;448;360;Card;Dota 2;4.0;1
SESS-16569;2026-08-16 13:44:12;USR-1603;2005-07-17;M;Bootcamp;4;0;600;Card;Deadlock;;0
SESS-11762;2026-08-12 16:08:58;USR-1745;2012-10-05;F;VIP;2;0;400;Cash;Minecraft;4.5;0
SESS-11562;2026-08-04 15:14:45;USR-1027;2010-04-02;F;Standard;4;160;400;App;CS2;4.0;0
SESS-12451;2026-08-16 07:01:34;USR-1111;2011-09-06;M;PS5;5;300;1250;Cash;CS2;3.0;0
SESS-15402;2026-08-01 17:36:20;USR-1136;2004-04-28;M;Standard;3;0;300;Cash;CS2;;0
SESS-11914;2026-08-09 14:34:35;USR-1092;2001-05-02;F;PS5;1;160;250;Card;Dota 2;;0
SESS-15126;2026-08-21 16:19:59;USR-1087;2004-11-25;F;Bootcamp;3;0;450;Cash;Deadlock;;0
SESS-14377;2026-08-31 10:16:47;USR-1090;2004-08-10;M;Standard;1;0;100;App;CS2;;0
SESS-15682;2026-08-26 12:45:10;USR-1532;2007-12-28;M;ps5;3;440;600;App;Valorant;4.0;0
SESS-16030;2026-08-08 14:49:47;USR-1113;2010-05-22;M;Bootcamp;1;0;150;Card;CS2;;0
SESS-17088;2026-08-14 01:31:25;USR-1218;2012-09-19;M;Bootcamp;5;400;750;Cash;Minecraft;4.0;0
SESS-15539;2026-08-01 02:21:10;USR-1136;2004-04-28;M;VIP;4;0;800;App;Valorant;1.0;0
SESS-11540;2026-08-22 08:18:25;USR-1620;2007-03-28;F;Bootcamp;3;714;405;App;Apex Legends;;1
SESS-16543;2026-08-18 22:20:21;USR-1118;2006-10-19;F;Standard;3;360;300;;Dota 2;4.5;0
SESS-13991;2026-08-26 15:24:39;USR-1204;1984-08-22;M;Standard;4;1007;360;Card;Dota 2;5.0;1
SESS-12889;2026-08-19 08:55:13;USR-1060;1993-12-16;M;VIP;4;0;720;App;Cyberpunk 2077;;1
SESS-14770;2026-08-07 11:54:29;USR-1073;2012-07-14;F;Standard;1;0;100;App;Dota 2;3.0;0
SESS-12831;2026-08-17 12:58:42;USR-1152;2006-12-04;M;Standard;4;320;400;Card;Dota 2;;0
SESS-12556;2026-08-29 00:10:06;USR-1630;2006-11-06;M;Standard;5;0;500;Card;Dota 2;;0
SESS-12328;2026-08-23 16:43:53;USR-1071;1993-04-12;M;VIP;12;0;2400;Card;Cyberpunk 2077;4.0;0
SESS-16818;2026-08-31 21:11:47;USR-1558;2010-10-16;M;VIP;2;0;400;Card;CS2;;0
SESS-16756;2026-08-15 21:47:50;USR-1515;2007-10-27;F;VIP;3;320;600;Card;Apex Legends;;0
SESS-11987;2026-08-01 15:06:44;USR-1002;2004-03-01;M;Standard;2;0;200;App;CS2;;0
SESS-13828;2026-08-08 20:21:19;USR-1453;1995-09-11;M;PS5;2;540;500;App;Browser/Work;;0
SESS-13990;2026-08-07 15:20:28;USR-1166;2005-03-11;M;PS5;1;80;250;Card;Dota 2;;0
SESS-11711;2026-08-01 22:14:25;USR-1002;2004-03-01;M;VIP;8;0;1600;Card;CS2;;0
SESS-14889;2026-08-07 03:35:51;USR-1155;2009-09-19;M;Bootcamp;3;240;450;App;Valorant;4.0;0
SESS-10654;2026-08-22 08:25:47;USR-1707;2011-02-23;F;Standard;1;0;100;Cash;CS2;;0
SESS-12207;2026-08-29 18:07:11;USR-1555;2004-01-23;M;Standard;5;560;450;App;Dota 2;4.0;1
SESS-13147;2026-08-21 13:13:44;USR-1136;2004-04-28;M;Bootcamp;1;160;150;App;Dota 2;;0
SESS-14309;2026-08-20 12:08:27;USR-1104;2006-10-08;M;Bootcamp;2;0;300;Card;Dota 2;5.0;0
SESS-14132;2026-08-28 14:01:33;USR-1472;2011-03-03;M;Standard;3;0;270;App;CS2;;1
SESS-11654;2026-08-12 03:53:40;USR-1596;1999-12-20;F;Standard;4;720;400;Card;CS2;4.0;0
SESS-11216;2026-08-07 20:25:12;USR-1026;2010-02-02;M;Bootcamp;2;80;300;App;CS2;4.0;0
SESS-14713;2026-08-14 18:52:27;USR-1737;2003-07-27;M;PS5;2;320;500;App;Dota 2;;0
SESS-11463;2026-08-03 17:11:21;USR-1270;2001-01-19;M;Standard;2;0;200;App;Dota 2;;0
SESS-12955;2026-08-09 12:01:21;USR-1186;2010-04-20;M;Bootcamp;1;0;150;App;Deadlock;;0
SESS-11204;2026-08-08 08:00:41;USR-1458;2006-03-09;M;Standard;4;480;400;App;Dota 2;5.0;0
SESS-14891;2026-08-17 01:30:30;USR-1119;16.03.1997;M;VIP;8;1740;1600;Card;CS2;4.5;0
SESS-16904;2026-08-23 19:19:25;USR-1588;2008-12-02;F;VIP;3;440;600;App;GTA V;;0
SESS-14073;2026-08-29 14:40:15;USR-1113;2010-05-22;M;Standard;3;120;300;App;Deadlock;;0
SESS-13167;2026-08-10 16:29:59;USR-1163;2007-06-19;M;Standard;2;160;200;App;Dota 2;;0
SESS-12105;2026-08-28 16:29:27;USR-1736;2005-11-20;M;VIP;1;240;200;App;Valorant;;0
SESS-10963;2026-08-24 12:06:48;USR-1160;2006-10-02;M;Standard;2;160;200;App;Valorant;;0
SESS-10043;2026-08-08 19:01:58;USR-1046;2009-12-16;M;Standard;2;0;200;Cash;CS2;;0
SESS-15054;2026-08-21 18:08:39;USR-1453;1995-09-11;M;Standard;3;540;300;Card;Valorant;;0
SESS-15811;2026-08-07 20:46:50;USR-1797;2007-11-09;M;PS5;1;120;250;App;CS2;;0
SESS-11131;2026-08-09 12:08:26;USR-1549;2002-09-27;M;VIP;2;0;400;Card;Valorant;;0
SESS-13014;2026-08-20 00:56:32;USR-1041;2011-07-28;M;PS5;5;300;1250;App;CS2;4.5;0
SESS-13257;2026-08-10 18:23:19;USR-1487;2006-01-01;M;Standard;2;160;200;Card;Dota 2;4.5;0
SESS-14009;2026-08-03 14:29:57;USR-1453;1995-09-11;M;Standard;2;0;200;Card;Browser/Work;4.0;0
SESS-13680;2026-08-11 18:47:15;USR-1015;1998-01-18;M;Standard;3;360;300;App;CS2;;0
SESS-10607;2026-08-09 23:17:01;USR-1008;2001-12-13;M;Standard;8;1280;800;Card;Dota 2;5.0;0
SESS-15267;2026-08-06 12:12:32;USR-1015;1998-01-18;M;PS5;3;900;750;Card;Browser/Work;5.0;0
SESS-12682;2026-08-02 14:24:48;USR-1068;2011-11-23;F;Standard;1;40;100;App;Minecraft;;0
SESS-16020;2026-08-08 23:16:15;USR-1111;2011-09-06;M;Standard;12;480;1200;Card;CS2;4.5;0
SESS-11173;2026-08-13 18:01:41;USR-1259;1993-11-23;M;Bootcamp;3;0;405;Card;Dota 2;;1
SESS-16263;2026-08-09 14:46:19;USR-1094;2004-10-05;M;Standard;1;0;100;App;CS2;;0
SESS-11726;2026-08-15 15:15:19;USR-1154;1987-12-02;M;PS5;3;0;750;Card;CS2;5.0;0
SESS-16739;2026-08-22 20:17:33;USR-1133;2003-05-21;M;Standard;3;360;300;Card;Apex Legends;;0
SESS-15870;2026-08-14 12:49:27;USR-1130;2008-05-01;F;VIP;2;240;400;Card;CS2;;0
SESS-16437;2026-08-28 01:58:32;USR-1594;2004-06-08;m;VIP;8;1360;1600;App;CS2;;0
SESS-14456;2026-08-21 14:43:05;USR-1109;2011-12-05;M;VIP;3;0;540;Cash;Minecraft;;1
SESS-10079;2026-08-08 18:12:32;USR-1645;2008-11-08;M;Standard;1;120;100;Card;Deadlock;;0
SESS-15072;2026-08-11 23:19:59;USR-1562;1999-02-01;M;Standard;5;1250;500;App;PUBG;4.0;0
SESS-11180;2026-08-04 13:23:38;USR-1448;1996-02-02;M;PS5;5;1260;1125;Card;Dota 2;4.5;1
SESS-14248;2026-08-02 17:40:15;USR-1444;2009-02-07;M;Standard;4;0;400;App;CS2;;0
SESS-16059;2026-08-28 23:44:14;USR-1049;2011-07-07;M;PS5;8;640;2000;Cash;Minecraft;5.0;0
SESS-12633;2026-08-07 18:23:44;USR-1010;2007-09-24;M;Bootcamp;2;320;300;Card;Valorant;;0
SESS-13574;2026-08-02 08:04:35;USR-1336;2002-08-22;F;PS5;4;896;900;Card;PUBG;;1
SESS-11036;2026-08-29 21:05:41;USR-1719;2007-12-25;M;Bootcamp;2;390;300;Card;Dota 2;5.0;0
SESS-13850;2026-08-16 19:58:06;USR-1686;2006-06-04;M;Standard;2;0;200;Card;CS2;;0
SESS-15592;2026-08-03 18:05:04;USR-1067;2011-04-02;M;Standard;2;0;200;App;Dota 2;;0
SESS-13116;2026-08-10 20:53:39;USR-1656;2011-05-01;M;Standard;2;0;200;App;Valorant;5.0;0
SESS-13015;2026-08-05 13:31:09;USR-1082;2004-06-01;F;Standard;3;0;300;Card;Dota 2;5.0;0
SESS-16994;2026-08-10 10:08:43;USR-1750;2010-08-03;M;PS5;2;0;500;Card;Apex Legends;;0
SESS-16962;2026-08-09 14:15:07;USR-1021;2011-03-19;M;Bootcamp;1;0;150;App;Minecraft;;0
SESS-17087;2026-08-30 15:56:25;USR-1280;2003-02-25;M;VIP;2;0;400;App;Dota 2;4.5;0
SESS-13304;2026-08-16 09:36:29;USR-1019;2011-02-06;M;Bootcamp;4;240;600;App;Valorant;5.0;0
SESS-15907;2026-08-15 20:25:52;USR-1280;2003-02-25;M;Bootcamp;4;560;540;Card;Deadlock;;1
SESS-16876;2026-08-16 15:48:50;USR-1447;2006-11-07;M;Standard;1;120;100;Card;Valorant;4.5;0
SESS-11137;2026-08-05 12:01:10;USR-1546;2010-07-25;M;Standard;1;0;100;Card;Valorant;5.0;0
SESS-13890;2026-08-11 21:58:57;USR-1150;2004-01-17;F;Bootcamp;1;310;150;Cash;Deadlock;4.0;0
SESS-12032;2026-08-12 11:20:57;USR-1074;2011-11-23;F;VIP;2;80;400;App;Minecraft;;0
SESS-15712;2026-08-15 21:00:45;USR-1628;2012-08-25;M;Bootcamp;2;160;300;App;Dota 2;;0
SESS-12583;2026-08-28 21:04:56;USR-1707;2011-02-23;F;Bootcamp;8;448;1080;App;GTA V;5.0;1
SESS-16783;2026-08-18 09:14:37;USR-1098;2009-05-09;F;Standard;3;0;270;App;Dota 2;;1
SESS-14783;2026-08-24 15:12:16;USR-1584;2001-06-10;M;Bootcamp;2;470;300;Card;Dota 2;5.0;0
SESS-13028;2026-08-21 17:55:17;USR-1093;2004-06-23;F;VIP;8;1903;1440;Card;Valorant;;1
SESS-16572;2026-08-01 21:16:33;USR-1087;2004-11-25;F;VIP;2;400;400;Card;CS2;4.0;0
SESS-15439;2026-08-25 18:00:29;USR-1165;1997-06-23;M;PS5;2;0;500;Card;Cyberpunk 2077;;0
SESS-10535;2026-08-16 12:54:13;USR-1569;2010-03-22;M;Standard;3;120;300;App;CS2;5.0;0
SESS-15131;2026-08-10 02:57:48;USR-1723;2005-11-06;M;Standard;5;0;450;Card;Dota 2;;1
SESS-16707;2026-08-08 15:10:53;USR-1498;2000-09-02;M;PS5;2;540;500;Card;Cyberpunk 2077;4.5;0
SESS-14741;2026-08-18 17:33:32;USR-1659;2001-02-23;M;Bootcamp;2;0;300;Card;Valorant;;0
SESS-14825;2026-08-22 14:43:41;USR-1120;2011-05-02;F;Standard;5;0;500;Cash;Dota 2;;0
SESS-16303;2026-08-18 22:51:43;USR-1124;2004-09-24;M;Standard;5;600;500;App;Apex Legends;4.5;0
SESS-14444;2026-08-12 18:44:47;USR-1029;1999-08-16;M;Standard;2;700;180;Card;Dota 2;;1
SESS-14467;2026-08-28 16:27:37;USR-1750;2010-08-03;M;Standard;1;40;100;Card;Valorant;;0
SESS-14967;2026-08-01 11:21:28;USR-1074;2011-11-23;F;Standard;3;180;300;Card;CS2;4.5;0
SESS-14897;2026-08-20 10:01:17;USR-1626;2006-04-27;M;Standard;2;240;200;Card;CS2;4.0;0
SESS-13271;2026-08-15 23:01:58;USR-1286;2006-07-18;M;Standard;3;480;300;Card;CS2;4.0;0
SESS-12737;2026-08-27 16:05:43;USR-1719;2007-12-25;M;Bootcamp;3;448;405;Card;Dota 2;;1
SESS-16905;2026-08-26 16:52:40;USR-1223;2008-01-18;F;Standard;~3;0;300;Card;CS2;;0
SESS-14484;2026-08-20 19:05:18;USR-1209;1997-08-10;M;Standard;4;480;400;App;GTA V;4.0;0
SESS-14815;2026-08-23 08:28:10;USR-1597;1996-05-02;M;VIP;1;270;200;App;Deadlock;;0
SESS-16104;2026-08-10 17:11:45;USR-1319;2009-08-08;M;Bootcamp;2;160;300;Cash;Valorant;3.0;0
SESS-13629;2026-08-02 21:09:25;USR-1769;1999-03-21;F;Standard;5;600;500;Card;CS2;5.0;0
SESS-16243;2026-08-27 16:33:48;USR-1297;2023-06-15;M;Standard;-2;0;200;App;Minecraft;;0
SESS-11061;2026-08-14 10:21:48;USR-1495;1992-04-19;M;VIP;5;0;900;Card;Dota 2;4.0;1
SESS-13358;2026-08-10 19:33:48;USR-1761;2001-02-23;F;VIP;1;230;200;Card;Valorant;;0
SESS-16487;2026-08-15 17:04:47;USR-1556;2009-08-19;M;PS5;2;0;500;App;CS2;;0
SESS-15503;2026-08-15 16:20:08;USR-1100;2011-02-25;M;Standard;3;0;270;Cash;Minecraft;;1
SESS-10011;2026-08-01 02:03:48;USR-1193;2004-02-11;M;Standard;3;0;300;App;Dota 2;4.0;0
SESS-13029;2026-08-16 14:46:10;USR-1439;2009-12-23;M;Standard;5;400;500;Cash;Deadlock;4.0;0
SESS-12452;2026-08-14 14:23:15;USR-1237;2008-10-10;M;Standard;2;160;200;Card;CS2;;0
SESS-11959;2026-08-29 12:31:20;USR-1396;2003-09-15;F;VIP;2;0;400;App;Deadlock;;0
SESS-14885;2026-08-06 17:37:20;USR-1152;2006-12-04;M;Standard;1;80;100;App;CS2;;0
SESS-11944;2026-08-21 15:39:38;USR-1400;2011-02-02;M;VIP;1;0;200;App;Minecraft;;0
SESS-12470;2026-08-03 18:00:18;USR-1073;2012-07-14;F;Standard;2;224;180;App;CS2;;1
SESS-15986;2026-08-21 17:49:05;USR-1033;2010-12-10;M;Standard;2;0;200;App;Minecraft;;0
SESS-13730;2026-08-27 22:00:20;USR-1113;2010-05-22;M;Standard;2;0;200;App;Valorant;;0
SESS-11474;2026-08-11 11:41:43;USR-1015;1998-01-18;M;PS5;2;0;500;Card;Valorant;4.5;0
SESS-11229;2026-08-08 23:16:26;USR-1770;2006-09-08; M ;Standard;8;0;800;App;CS2;;0
SESS-10748;2026-08-11 18:47:19;USR-1028;2005-02-10;M;Bootcamp;3;0;450;Card;Dota 2;4.0;0
SESS-11444;2026-08-08 12:12:38;USR-1666;2005-07-17;M;VIP;2;0;400;Card;Valorant;;0
SESS-10620;2026-08-02 14:34:48;USR-1180;2008-03-02;M;PS5;4;0;900;Card;Dota 2;4.5;1
SESS-10960;2026-08-23 20:02:34;USR-1385;2011-06-05;M;VIP;3;120;600;App;Minecraft;4.0;0
SESS-10336;2026-08-05 21:38:12;USR-1045;2006-09-28;M;Standard;1;80;100;App;CS2;5.0;0
SESS-13937;2026-08-31 15:38:34;USR-1008;2001-12-13;M;VIP;1;270;200;Cash;Dota 2;;0
SESS-15479;2026-08-04 00:06:52;USR-1537;2011-04-04;M;Standard;5;0;500;App;Valorant;;0
SESS-16386;2026-08-13 19:26:29;USR-1176;2011-08-02;M;Standard;3;120;300;App;CS2;;0
SESS-16902;2026-08-22 19:26:01;USR-1070;2008-04-24;M;VIP;4;658;720;Card;CS2;;1
SESS-14386;2026-08-01 14:33:38;USR-1744;2006-11-06;M;Standard;3;480;300;App;PUBG;4.0;0
SESS-14289;2026-08-19 20:41:44;USR-1756;2005-03-03;M;Bootcamp;4;0;540;Card;Valorant;4.5;1
SESS-16461;2026-08-01 13:21:59;USR-1481;1992-12-08;F;VIP;3;0;600;Card;GTA V;4.5;0
SESS-11367;2026-08-31 15:33:03;USR-1697;2008-06-21;M;Standard;5;1120;450;Card;CS2;;1
SESS-10496;2026-08-29 16:39:52;USR-1525;2010-02-24;M;Standard;3;0;270;Cash;Minecraft;;1
SESS-12557;2026-08-18 13:07:41;USR-1084;2023-06-15;M;VIP;999;0;400;App;Dota 2;5.0;0
SESS-11228;2026-08-27 11:56:10;USR-1680;2011-10-20;M;VIP;2;160;400;Cash;Minecraft;4.0;0
SESS-10902;2026-08-29 20:15:38;USR-1352;2005-07-12;M;VIP;1;0;200;Card;CS2;;0
SESS-11878;2026-08-27 17:50:30;USR-1130;2008-05-01;F;VIP;2;0;400;Card;CS2;;0
SESS-16907;2026-08-09 11:15:21;USR-1679;2005-07-27;F;Bootcamp;2;0;270;Card;Deadlock;4.0;1
SESS-16851;2026-08-29 20:54:31;USR-1353;2006-01-14;M;Standard;12;1344;1080;Card;Dota 2;4.0;1
SESS-10511;2026-08-05 14:15:07;USR-1643;2010-06-01;M;Bootcamp;2;112;270;App;Apex Legends;;1
SESS-14403;2026-08-02 20:13:47;USR-1071;1993-04-12;M;Bootcamp;3;0;450;Card;CS2;;0
SESS-15760;2026-08-15 08:49:34;USR-1504;2005-03-12;F;VIP;1;0;200;Card;Valorant;;0
SESS-11048;2026-08-08 22:02:23;USR-1662;2010-08-09;M;Standard;8;0;800;App;Minecraft;4.0;0
SESS-12055;2026-08-23 19:09:36;USR-1057;2007-12-06;M;Bootcamp;2;240;300;App;Minecraft;;0
SESS-11996;2026-08-08 20:36:48;USR-1211;1996-08-25;M;VIP;3;1176;540;Card;Browser/Work;;1
SESS-13750;2026-08-23 18:45:31;USR-1307;2007-08-26;M;VIP;3;0;600;Card;Dota 2;;0
SESS-11208;2026-08-17 17:08:03;USR-1126;1996-07-13;F;VIP;2;0;400;Card;Dota 2;;0
SESS-11498;2026-08-07 14:46:51;USR-1081;1997-02-08;f;VIP;1;400;200;Card;CS2;;0
SESS-14174;2026-08-20 14:34:10;USR-1565;2003-02-24;M;Bootcamp;2;0;300;Card;Deadlock;;0
SESS-16702;2026-08-12 15:41:27;USR-1043;2012-06-14;F;PS5;3;0;750;Cash;Minecraft;;0
SESS-15510;2026-08-30 15:20:40;USR-1046;2009-12-16;M;Standard;1;0;100;App;Minecraft;;0
SESS-15561;2026-08-13 19:33:32;USR-1052;2011-10-25;M;Standard;1;0;100;App;Minecraft;;0
SESS-14371;2026-08-11 23:32:12;USR-1137;1993-02-24;M;VIP;8;0;1600;Card;Cyberpunk 2077;;0
SESS-10186;2026-08-30 15:27:59;USR-1152;2006-12-04;M;Standard;4;0;400;Card;CS2;3.0;0
SESS-11743;2026-08-02 14:17:48;USR-1569;2010-03-22;M;Standard;1;80;100;Cash;Deadlock;;0
SESS-12503;2026-08-01 22:50:15;USR-1159;2003-06-05;M;PS5;12;0;2700;App;Dota 2;4.5;1
SESS-15382;2026-08-15 08:32:36;USR-1246;2010-04-28;M; standard ;2;0;200;App;CS2;;0
SESS-14258;2026-08-25 14:36:56;USR-1060;1993-12-16;M;PS5;1;330;250;Card;Cyberpunk 2077;4.5;0
SESS-15349;2026-08-01 00:10:05;USR-1127;2009-02-14;M;Bootcamp;8;0;1200;App;Dota 2;;0
SESS-16808;2026-08-11 18:22:19;USR-1779;1991-03-12;M;Standard;3;756;270;App;Valorant;5.0;1
SESS-15545;2026-08-26 13:26:59;USR-1177;2005-10-03;M;Bootcamp;1;240;150;Card;Valorant;5.0;0
SESS-15920;2026-08-01 18:33:12;USR-1572;1994-06-18;M;VIP;5;0;1000;App;CS2;2.0;0
SESS-17138;2026-08-14 22:06:22;USR-1561;2008-08-16;M;Standard;8;896;720;App;CS2;4.0;1
SESS-15276;2026-08-08 15:19:18;USR-1383;2005-07-14;M;Standard;12;1344;1080;Cash;Dota 2;5.0;1
SESS-15339;2026-08-23 19:21:25;USR-1201;2006-07-13;M;Standard;2;240;200;Card;Valorant;;0
SESS-12843;2026-08-07 19:57:55;USR-1416;1990-11-01;M;VIP;4;1300;800;Card;Dota 2;4.0;0
SESS-10253;2026-08-05 20:49:02;USR-1005;2011-10-01;M;Standard;1;0;100;Card;Dota 2;;0
SESS-10177;2026-08-20 20:37:21;USR-1006;2007-06-18;M;Bootcamp;4;0;600;Card;Valorant;;0
SESS-12669;2026-08-11 17:00:33;USR-1609;1999-09-26;M;VIP;2;660;400;Card;Cyberpunk 2077;;0
SESS-12238;2026-08-14 17:03:03;USR-1565;2003-02-24;M;Standard;1;0;100;Cash;Dota 2;;0
SESS-16672;2026-08-17 00:37:27;USR-1770;2006-09-08;M;PS5;12;0;2700;App;Dota 2;4.5;1
SESS-11335;2026-08-01 16:19:14;USR-1348;2003-02-16;F;Standard;2;0;200;Card;Dota 2;;0
SESS-13906;2026-08-07 17:00:07;USR-1086;1990-06-20;M;Standard;2;0;200;Card;Deadlock;;0
SESS-13217;2026-08-16 17:53:47;USR-1115;2011-06-03;M;VIP ;2;0;400;Card;Apex Legends;;0
SESS-10041;2026-08-28 01:04:51;USR-1060;1993-12-16;M;VIP;2;540;400;Card;Cyberpunk 2077;;0
SESS-16533;2026-08-21 11:36:57;USR-1284;2007-03-19;F;Standard;2;0;200;Card;CS2;;0
SESS-11199;2026-08-08 22:57:40;USR-1209;1997-08-10;M;PS5;8;1260;2000;Card;CS2;4.5;0
SESS-11073;2026-08-22 17:12:35;USR-1423;1989-04-26;M;VIP;1;0;200;Card;Dota 2;;0
SESS-16480;2026-08-03 12:29:39;USR-1429;2012-02-11;M;Standard;4;0;400;App;Minecraft;;0
SESS-15419;2026-08-25 16:05:10;USR-1718;1988-08-18;M;VIP;4;0;720;Card;CS2;;1
SESS-15562;2026-08-08 12:10:05;USR-1014;2010-07-18;F;PS5;1;0;250;Card;Valorant;;0
SESS-17122;2026-08-30 21:13:24;USR-1613;2011-11-27;M;Standard;4;0;400;App;Minecraft;;0
SESS-14358;2026-08-23 09:23:33;USR-1692;2007-04-02;M;VIP;2;400;400;Card;CS2;;0
SESS-16283;2026-08-23 17:52:55;USR-1031;1993-08-21;M;Bootcamp;5;1400;750;Card;PUBG;4.0;0
SESS-11344;2026-08-12 19:20:46;USR-1421;2000-05-11;F;VIP;5;0;1000;;Cyberpunk 2077;;0
SESS-16631;2026-08-08 16:47:52;USR-1143;2006-07-15;F;Bootcamp;8;720;1200;Card;Dota 2;4.5;0
SESS-11218;2026-08-01 22:23:31;USR-1070;2008-04-24;M;Bootcamp;5;550;750;Card;Valorant;5.0;0
SESS-14566;2026-08-22 11:45:15;USR-1291;2003-11-11;M;ps5;3;0;750;Cash;Valorant;;0
SESS-13874;2026-08-21 21:24:28;USR-1361;2006-10-14;M;Standard;4;480;400;Card;Dota 2;;0
SESS-14593;2026-08-24 17:21:14;USR-1006;2007-06-18;M;VIP;1;240;200;Card;Valorant;4.5;0
SESS-12073;2026-08-16 19:38:42;USR-1047;2004-05-25;M; Bootcamp ;3;440;450;App;CS2;;0
SESS-13333;2026-08-18 19:59:46;USR-1756;2005-03-03;M;VIP;2;310;400;Card;CS2;;0
SESS-12539;2026-08-17 18:47:55;USR-1634;2006-12-21;F;PS5;2;0;500;Card;PUBG;;0
SESS-13692;2026-08-29 14:24:49;USR-1482;2003-06-14;M;Bootcamp;2;310;300;Card;Dota 2;4.5;0
SESS-17012;2026-08-11 13:01:52;USR-1051;2011-06-02;F;Standard;5;0;500;App;Valorant;;0
SESS-13642;2026-08-19 17:25:38;USR-1351;2006-08-16;M;Bootcamp;3 ч.;510;450;Card;PUBG;3.0;0
SESS-12725;2026-08-01 11:15:23;USR-1350;2012-11-16;M;Standard;3;120;300;App;Valorant;4.5;0
SESS-11104;2026-08-09 19:36:34;USR-1217;2004-06-24;M;VIP;2;320;400;App;Minecraft;5.0;0
SESS-15297;2026-08-19 16:40:11;USR-1672;2007-09-26;M;Standard;2;0;180;Card;Dota 2;;1
SESS-13693;2026-08-15 00:41:32;USR-1685;2008-12-06;M;Bootcamp;8;0;1200;App;CS2;;0
SESS-10916;2026-08-28 16:49:23;USR-1083;2000-08-19;M;VIP;1;0;200;Card;Cyberpunk 2077;;0
SESS-11308;2026-08-08 11:49:49;USR-1125;2006-07-09;F;Standard;3;480;300;Card;Cyberpunk 2077;;0
SESS-13519;2026-08-07 13:42:04;USR-1026;2010-02-02;M;Standard;2;120;200;App;CS2;2.0;0
SESS-16915;2026-08-28 19:18:26;USR-1066;2011-12-15;M;Standard;3;0;300;Cash;Dota 2;;0
SESS-17071;2026-08-02 22:26:48;USR-1125;2006-07-09;F;Bootcamp;8;2001;1080;Card;CS2;;1
SESS-15654;2026-08-29 09:33:34;USR-1593;2004-10-22;M;Standard;3;503;270;App;Dota 2;;1
SESS-11697;2026-08-10 19:27:07;USR-1517;2007-04-15;M;Bootcamp;3;390;450;Card;CS2;;0
SESS-11414;2026-08-14 13:15:23;USR-1479;1997-10-23;M;PS5;3;510;750;Card;Dota 2;4.0;0
SESS-13347;2026-08-12 00:36:30;USR-1084;2006-01-24;M;Standard;8;1792;720;Card;GTA V;;1
SESS-14541;2026-08-16 09:25:59;USR-1096;2008-05-14;M;Standard;3;0;300;Cash;Deadlock;;0
SESS-10953;2026-08-31 18:49:14;USR-1134;1995-04-07;M;Standard;5;1250;500;Card;GTA V;;0
SESS-11955;2026-08-09 20:40:22;USR-1277;1999-11-08;M;VIP;4;1300;800;Card;Dota 2;5.0;0
SESS-15775;2026-08-13 18:33:47;USR-1060;1993-12-16;M;Standard;2;500;200;Card;Cyberpunk 2077;;0
SESS-14909;2026-08-27 12:06:59;USR-1754;2012-09-14;F;Standard;1;0;100;App;Valorant;;0
SESS-13447;2026-08-02 16:39:36;USR-1332;2012-09-04;M;Bootcamp;1;0;150;App;Dota 2;1.0;0
SESS-15641;2026-08-09 17:23:26;USR-1138;2003-02-26;F;Bootcamp;4;400;600;App;Minecraft;;0
SESS-10807;2026-08-02 16:42:30;USR-1087;2004-11-25;F;Standard;3;336;270;Card;PUBG;4.0;1
SESS-13758;2026-08-29 18:18:10;USR-1132;2007-03-22;M;Bootcamp;1;200;150;Card;Dota 2;4.0;0
SESS-15569;2026-08-07 14:42:06;USR-1211;1996-08-25;M;PS5;3;1260;675;Card;Cyberpunk 2077;;1
SESS-12230;2026-08-05 09:43:34;USR-1018;2011-02-01;M;VIP;2;0;400;Card;CS2;4.0;0
SESS-15832;2026-08-16 02:57:49;USR-1485;2004-01-19;F;Bootcamp;2;320;300;Card;Valorant;;0
SESS-11550;2026-08-13 19:10:18;USR-1231;2006-06-24;M;Standard;3;0;270;Card;Cyberpunk 2077;4.0;1
SESS-12495;2026-08-09 19:40:26;USR-1365;1997-01-19;M;PS5;3;1050;750;Card;Browser/Work;;0
SESS-12492;2026-08-19 16:42:48;USR-1140;2008-06-12;M;Standard;3;480;300;Cash;Deadlock;;0
SESS-10320;2026-08-26 18:16:51;USR-1276;2007-02-25;M;VIP;1;160;200;App;Dota 2;5.0;0
SESS-16635;2026-08-28 20:35:50;USR-1050;2008-12-03;F;Bootcamp;3;0;450;Card;Dota 2;5.0;0
SESS-14458;2026-08-07 05:49:03;USR-1170;1996-04-24;M;PS5;1;0;250;Card;Cyberpunk 2077;2.0;0
SESS-10623;2026-08-23 22:07:06;USR-1147;2010-04-19;M;Bootcamp;12;0;1800;App;Dota 2;;0
SESS-11767;2026-08-29 13:50:07;USR-1759;2001-11-11;F;VIP;2;310;400;Card;Dota 2;;0
SESS-15187;2026-08-30 11:52:01;USR-1188;2007-03-11;M;VIP;3;0;600;App;CS2;;0
SESS-10302;2026-08-17 21:35:31;USR-1609;1999-09-26;M;VIP;2;0;400;App;Dota 2;;0
SESS-16049;2026-08-26 18:46:27;USR-1083;2000-08-19;M;VIP;4;870;800;Card;Cyberpunk 2077;;0
SESS-15922;2026-08-25 14:19:56;USR-1466;2012-06-16;M;Standard;3;240;300;Cash;Minecraft;;0
SESS-11155;2026-08-22 13:51:54;USR-1518;2008-11-23;M;VIP;5;1330;900;Cash;Valorant;5.0;1
SESS-14395;2026-08-21 13:57:29;USR-1785;2006-02-09;M;VIP;3;510;600;App;CS2;4.0;0
SESS-13122;2026-08-29 15:05:44;USR-1105;2004-04-12;M;VIP;1;200;200;Card;Dota 2;;0
SESS-16972;2026-08-26 10:37:42;USR-1481;1992-12-08;F;PS5;1;400;250;Card;Cyberpunk 2077;4.5;0
SESS-10739;2026-08-17 18:16:41;USR-1784;2009-04-19;M;Standard;4;0;360;Card;Dota 2;;1
SESS-16651;2026-08-29 17:38:06;USR-1505;1994-12-23;F;Bootcamp;1;0;150;Card;PUBG;;0
SESS-15278;2026-08-16 23:43:08;USR-1116;2006-12-01;M;Bootcamp;8;0;1080;Card;CS2;;1
SESS-14632;2026-08-23 22:05:56;USR-1364;2011-06-06;M;Standard;8;672;720;App;Minecraft;5.0;1
SESS-13660;2026-08-11 00:39:51;USR-1650;2011-04-01;F;Standard;5;300;500;Cash;Valorant;;0
SESS-15383;2026-08-28 19:16:28;USR-1243;2010-02-10;M;Bootcamp;4;0;540;App;CS2;;1
SESS-16054;2026-08-05 10:40:31;USR-1092;2001-05-02;F;Bootcamp;1;270;150;;PUBG;;0
SESS-11357;2026-08-27 21:35:25;USR-1745;2012-10-05;F;Standard;2;0;200;Card;Minecraft;;0
SESS-10679;2026-08-02 19:39:59;USR-1150;2004-01-17;F;PS5;3;480;750;Card;Deadlock;4.5;0
SESS-14108;2026-08-25 06:02:37;USR-1045;2006-09-28;M;Bootcamp;2;470;300;App;CS2;;0
SESS-11729;2026-08-17 11:36:19;USR-1539;2009-09-05;M;Standard;2;0;180;Cash;Deadlock;;1
SESS-12958;2026-08-10 10:15:50;USR-1506;2012-03-23;M;Standard;8;0;720;App;Dota 2;;1
SESS-15774;2026-08-30 12:16:03;USR-1552;2005-07-02;M;Standard;2;240;200;Card;CS2;4.5;0
SESS-16795;2026-08-04 15:10:56;USR-1048;2003-07-10;F;PS5;1;160;250;Card;Dota 2;4.5;0
SESS-11773;2026-08-23 17:20:14;USR-1097;2006-04-09;M;VIP;3;560;600;Card;Apex Legends;;0
SESS-11394;2026-08-02 18:01:55;USR-1114;2005-06-01;M;VIP;2;0;360;Cash;CS2;;1
SESS-13112;2026-08-20 07:33:18;USR-1084;2006-01-24;M;VIP;2;470;400;App;CS2;;0
SESS-13528;2026-08-26 12:02:12;USR-1162;2010-06-16;M;VIP;2;80;400;Cash;Deadlock;;0
SESS-12936;2026-08-28 20:22:09;USR-1411;2010-06-20;M;Standard;5;0;500;Cash;Dota 2;;0
SESS-15754;2026-08-20 00:30:01;USR-1667;1992-07-17;M;VIP;5;0;1000;Card;Browser/Work;5.0;0
SESS-11482;2026-08-27 10:07:07;USR-1016;2003-01-07;M;VIP;3;560;600;Cash;Dota 2;2.0;0
SESS-14538;2026-08-23 14:07:45;USR-1711;2003-02-18;M;VIP;2;390;400;Card;CS2;3.0;0
SESS-16536;2026-08-12 18:53:01;USR-1672;2007-09-26;M;Standard;3;480;300;Card;CS2;4.0;0
SESS-16889;2026-08-08 19:25:13;USR-1564;2004-07-10;M;Bootcamp;2;320;300;Card;CS2;4.5;0
SESS-14745;2026-08-30 17:52:49;USR-1627;2006-07-13;M;Bootcamp;3;560;450;Card;Deadlock;4.5;0
SESS-13756;2026-08-02 01:44:13;USR-1383;2005-07-14;M;VIP;5;880;1000;App;CS2;4.5;0
SESS-13193;2026-08-09 20:34:08;USR-1133;2003-05-21;M;Standard;2;240;200;App;Deadlock;;0
SESS-10287;2026-08-30 10:19:25;USR-1073;2012-07-14;F;Standard;2;0;200;Cash;Dota 2;;0
SESS-12581;2026-08-09 11:16:22;USR-1155;2009-09-19;M;PS5;4;0;900;Cash;Valorant;;1
SESS-15818;2026-08-27 17:18:28;USR-1283;2004-10-28;M;Standard;3;336;270;Card;CS2;5.0;1
SESS-16150;2026-08-09 21:06:38;USR-1343;2011-12-27;M;Bootcamp;2;0;300;Cash;Minecraft;;0
SESS-16744;2026-08-09 22:16:55;USR-1085;2000-07-21;M;PS5;5;750;1250;App;PUBG;4.0;0
SESS-17165;2026-08-30 19:16:19;USR-1382;2006-02-09;M;Standard;3;360;300;Card;CS2;4.5;0
SESS-11863;2026-08-13 22:38:07;USR-1150;2004-01-17;F;Bootcamp;8;1110;1200;Cash;Dota 2;4.0;0
SESS-16298;2026-08-18 14:55:30;USR-1147;2010-04-19;M;Standard;3;120;300;Cash;Minecraft;;0
SESS-13737;2026-08-09 15:34:08;USR-1721;2011-03-05;M;Standard;1;0;100;Cash;Minecraft;;0
SESS-13400;2026-08-01 04:22:19;USR-1750;2010-08-03;M;Standard;1;0;100;Cash;Minecraft;;0
SESS-12980;2026-08-16 16:04:02;USR-1663;1997-07-26;M;VIP;3;714;540;Card;Browser/Work;4.0;1
SESS-10758;2026-08-10 20:20:43;USR-1143;2006-07-15;F;VIP;3;0;600;App;Valorant;;0
SESS-14052;2026-08-07 21:21:13;USR-1511;2006-12-18;M;Standard;4;672;360;App;CS2;;1
SESS-16050;2026-08-21 18:09:11;USR-1295;2006-10-07;M;Bootcamp;2;448;270;Card;CS2;4.0;1
SESS-14207;2026-08-26 13:36:19;USR-1460;2008-06-02;F;Bootcamp;3;320;450;Card;PUBG;;0
SESS-14677;2026-08-23 12:10:18;USR-1150;2004-01-17;F;Standard;1;0;100;Card;CS2;;0
SESS-10271;2026-08-24 21:49:50;USR-1242;1999-05-25;M;Standard;2;500;200;Card;Browser/Work;;0
SESS-14250;2026-08-07 16:04:33;USR-1024;2007-08-13;M;Bootcamp;3;510;450;Card;Dota 2;4.5;0
SESS-13207;2026-08-07 17:12:24;USR-1028;2005-02-10;M;Standard;1;80;100;App;CS2;;0
SESS-10713;2026-08-09 18:40:35;USR-1341;2004-02-28;M;Standard;2;0;200;App;CS2;;0
SESS-16368;2026-08-05 03:04:19;USR-1775;2004-12-16;M;Standard;2;320;200;Card;CS2;;0
SESS-10194;2026-08-23 12:56:53;USR-1671;1996-03-14;M;PS5;1;270;250;Card;CS2;;0
SESS-11434;2026-08-25 10:23:13;USR-1261;2009-09-13;F;Standard;2;0;200;Cash;CS2;;0
SESS-10697;2026-08-01 10:56:07;USR-1002;2004-03-01;M;Bootcamp;8;1106;1080;Card;Minecraft;4.5;1
SESS-13395;2026-08-21 22:14:19;USR-1206;2011-08-22;M;Standard;8;0;800;Card;Deadlock;4.5;0
SESS-10278;2026-08-29 18:47:56;USR-1273;2006-11-11;M;Standard;3;0;300;App;Dota 2;;0
SESS-12000;2026-08-16 13:01:34;USR-1699;12/17/2000;M;Bootcamp;12;0;1800;Card;PUBG;4.5;0
SESS-12771;2026-08-10 01:22:14;USR-1166;2005-03-11;M;Standard;12;0;1080;Card;Dota 2;4.5;1
SESS-13498;2026-08-03 17:20:07;USR-1394;2006-07-03;M;Standard;3;0;300;Card;Valorant;;0
SESS-12385;2026-08-08 00:04:37;USR-1120;2011-05-02;F;Bootcamp;8;0;1200;Cash;CS2;;0
SESS-17254;2026-08-31 16:56:51;USR-1509;2008-10-13;F;Bootcamp;1;378;135;App;Valorant;5.0;1
SESS-15973;2026-08-04 17:46:55;USR-1151;2007-01-05;F;Standard;5;840;450;Card;CS2;;1
SESS-13534;2026-08-14 17:44:34;USR-1399;1997-04-05;M;Bootcamp;2;714;270;Card;CS2;;1
SESS-10383;2026-08-13 20:14:10;USR-1062;1998-04-23;M;Bootcamp;2;800;300;Card;Dota 2;5.0;0
SESS-10601;2026-08-30 15:22:40;USR-1376;2011-05-06;M;Standard;3;0;300;Cash;Minecraft;4.0;0
SESS-10111;2026-08-04 14:18:20;USR-1594;2004-06-08;M;Standard;4;320;400;Card;Deadlock;4.5;0
SESS-13344;2026-08-17 17:09:30;USR-1025;2010-10-04;M;Standard;5;0;500;App;CS2;;0
SESS-11275;2026-08-27 06:27:03;USR-1688;2004-01-13;M;VIP;2;400;400;Card;Apex Legends;;0
SESS-10503;2026-08-01 08:36:55;USR-1655;2004-11-14;M;Standard;3;360;300;Card;CS2;4.0;0
SESS-10836;2026-08-27 17:06:03;USR-1164;2005-09-09;M;Bootcamp;2;0;300;Card;Apex Legends;;0
SESS-16019;2026-08-14 18:33:14;USR-1665;1998-03-01;M;Standard;1;0;100;Cash;CS2;;0
SESS-10328;2026-08-01 17:19:48;USR-1108;2002-06-14;M;Bootcamp;3;616;405;Card;Dota 2;;1
SESS-10877;2026-08-30 18:39:57;USR-1274;2011-10-23;M;Standard;3;240;300;App;CS2;;0
SESS-16403;2026-08-28 16:45:51;USR-1113;2010-05-22;M;PS5;4;0;900;App;Dota 2;;1
SESS-10183;2026-08-11 21:41:34;USR-1036;2005-06-28;M;Standard;2;0;200;App;Valorant;;0
SESS-12619;2026-08-14 21:35:38;USR-1098;2009-05-09;F;Bootcamp;5;280;675;App;CS2;4.0;1
SESS-12584;2026-08-12 15:27:42;USR-1205;2009-07-03;M;Bootcamp;2;0;300;Cash;Minecraft;4.0;0
SESS-15253;2026-08-09 14:53:13;USR-1001;2003-04-08;F;VIP;3;0;540;Card;Minecraft;;1
SESS-12036;2026-08-25 22:34:01;USR-1010;2007-09-24;M;PS5;8;0;2000;App;Dota 2;4.5;0
SESS-15582;2026-08-11 22:30:18;USR-1593;2004-10-22;M;Standard;5;0;500;Card;CS2;4.0;0
SESS-13464;2026-08-09 14:41:47;USR-1100;2011-02-25;M;Standard;2;0;200;Cash;Valorant;;0
SESS-11107;2026-08-06 12:32:45;USR-1244;2005-04-18;M;VIP;5;480;1000;Card;Minecraft;4.5;0
SESS-12155;2026-08-06 23:34:03;USR-1237;2008-10-10;M;Bootcamp;5;550;750;Card;Dota 2;4.0;0
SESS-16923;2026-08-12 15:35:13;USR-1368;2006-03-28;M;Standard;1;120;100;Card;CS2;;0
SESS-13553;08/21/2026 16:25:37;USR-1007;1995-11-02;F;PS5;3;0;750;Card;CS2;;0
SESS-11499;2026-08-16 14:20:53;USR-1123;2003-11-08;F;Standard;4;0;360;Card;CS2;;1
SESS-11396;2026-08-08 21:44:49;USR-1090;2004-08-10;M;VIP;1;0;200;Card;CS2;;0
SESS-13769;2026-08-16 08:21:27;USR-1005;2011-10-01;M;Bootcamp;8;0;1200;Cash;Deadlock;5.0;0
SESS-12663;2026-08-24 12:11:18;USR-1489;2008-11-28;M;Standard;3;672;270;Card;CS2;4.5;1
SESS-12845;2026-08-12 16:18:21;USR-1421;2000-05-11;F;Standard;2;360;200;Card;Cyberpunk 2077;3.0;0
SESS-12804;2026-08-29 16:11:06;USR-1648;2007-03-17;M;VIP;2;400;400;Card;PUBG;;0
SESS-14826;2026-08-11 13:23:46;USR-1378;1995-11-07;M;Standard;5;840;450;Card;Dota 2;4.0;1
SESS-16762;2026-08-12 18:24:15;USR-1086;1990-06-20;M;VIP;4;1300;800;Card;Dota 2;3.0;0
SESS-11317;2026-08-15 17:47:43;USR-1089;2012-05-15;M;Standard;4;224;360;Cash;Deadlock;5.0;1
SESS-14286;2026-08-03 23:16:02;USR-1046;2009-12-16;M;Bootcamp;3;0;450;Card;Minecraft;;0
SESS-14362;2026-08-13 19:06:35;USR-1307;2007-08-26;M;VIP;2;0;400;Card;Dota 2;;0
SESS-11497;2026-08-25 23:03:06;USR-1411;2010-06-20;M;Standard;8;0;800;Cash;CS2;;0
SESS-14134;2026-08-16 11:56:10;USR-1044;1996-12-25;M;VIP;1;400;200;Card;Dota 2;4.5;0
SESS-14502;2026-08-27 01:10:02;USR-1789;2005-11-18;M;Standard;8;0;800;App;PUBG;4.0;0
SESS-12609;2026-08-07 18:06:16;USR-1158;1993-07-18;M;VIP;2;390;400;Card;GTA V;;0
SESS-13908;2026-08-13 12:19:30;USR-1446;1988-03-22;M;Standard;2;0;200;Card;Cyberpunk 2077;4.5;0
SESS-11661;2026-08-07 17:33:22;USR-1022;2012-11-14;F;VIP;3;0;600;Cash;Dota 2;4.0;0
SESS-16036;2026-08-19 18:48:19;USR-1474;1995-07-09;M;VIP;1;550;200;Card;GTA V;5.0;0
SESS-11320;2026-08-18 17:24:05;USR-1091;2004-01-15;M;Standard;12;0;1080;Card;Dota 2;5.0;1
SESS-15928;2026-08-25 12:04:50;USR-1152;2006-12-04;M;VIP;5;550;1000;Card;Dota 2;5.0;0
SESS-12225;2026-08-12 23:50:29;USR-1159;2003-06-05;M;PS5;3;480;750;App;Deadlock;4.5;0
SESS-10754;2026-08-27 11:39:59;USR-1431;2003-06-20;M;Bootcamp;3;0;450;App;GTA V;;0
SESS-15205;2026-08-11 16:07:40;USR-1057;2007-12-06;M;Standard;4;448;360;Cash;CS2;4.0;1
SESS-17026;2026-08-31 20:48:03;USR-1054;2008-05-14;M;Bootcamp;1;310;150;Card;Dota 2;3.0;0
SESS-17209;2026-08-22 14:41:13;USR-1188;2007-03-11;M;PS5;1;0;250;Card;Deadlock;;0
SESS-15781;2026-08-20 21:48:31;USR-1068;2011-11-23;F;Standard;1;56;90;App;Dota 2;;1
SESS-12196;2026-08-14 13:38:51;USR-1530;2005-12-18;M;Standard;8;1280;800;Cash;CS2;4.0;0
SESS-14117;2026-08-20 10:26:53;USR-1124;2004-09-24;M;VIP;1;200;200;Card;PUBG;;0
SESS-16347;2026-08-29 08:40:46;USR-1131;2006-04-07;M;Standard;3;240;300;App;CS2;5.0;0
SESS-11852;2026-08-19 19:11:28;USR-1322;2005-06-26;M;Standard;3;360;300;App;CS2;4.5;0
SESS-16233;2026-08-15 10:34:08;USR-1074;2011-11-23;F;Bootcamp;4;0;540;Card;CS2;4.5;1
SESS-13703;2026-08-14 11:39:58;USR-1785;2006-02-09;M;Bootcamp;1;200;150;Card;CS2;4.0;0
SESS-13432;2026-08-15 20:33:27;USR-1221;2011-10-10;M;Bootcamp;2;0;300;Card;CS2;;0
SESS-12496;2026-08-27 14:33:50;USR-1017;2010-09-20;M;PS5;2;160;500;Cash;Dota 2;4.5;0
SESS-14220;02.08.2026 07:05:59;USR-1060;1993-12-16;M;VIP;2;390;400;Card;CS2;;0
SESS-11620;2026-08-22 13:23:34;USR-1774;2010-08-07;M;Standard;1;0;100;App;Minecraft;;0
SESS-13812;2026-08-28 11:44:10;USR-1684;2009-11-24;M;Bootcamp;1;56;135;App;CS2;5.0;1
SESS-11949;2026-08-15 10:16:29;USR-1021;2011-03-19;M;VIP;4;448;720;App;Minecraft;;1
SESS-15099;2026-08-13 05:40:30;USR-1231;2006-06-24;M;PS5;4;640;1000;Card;Dota 2;5.0;0
SESS-14348;2026-08-22 10:30:22;USR-1364;2011-06-06;M;Bootcamp;2;0;300;App;CS2;2.0;0
SESS-16810;2026-08-24 14:45:26;USR-1504;2005-03-12;F;Standard;4;0;400;Card;Dota 2;4.0;0
SESS-14676;2026-08-02 20:43:53;USR-1610;2008-10-26;M;Standard;1;0;100;App;CS2;;0
SESS-12016;2026-08-27 22:01:18;USR-1156;2012-02-05;F;Standard;3;0;300;Cash;CS2;;0
SESS-10818;2026-08-15 18:10:34;USR-1030;2002-07-03;M;VIP;5;0;1000;App;PUBG;;0
SESS-15304;2026-08-04 17:54:06;USR-1092;2001-05-02;F;Bootcamp;2;0;270;Card;CS2;;1
SESS-14495;2026-08-06 15:01:12;USR-1531;2007-05-09;M;Bootcamp;1;240;150;Card;Deadlock;4.0;0
SESS-11379;2026-08-19 19:47:14;USR-1640;2003-10-25;M;VIP;3;630;600;Card;Dota 2;;0
SESS-10248;2026-08-13 21:26:43;USR-1250;2008-02-14;M;VIP;3;0;540;App;Valorant;4.5;1
SESS-15285;2026-08-31 02:32:00;USR-1099;2001-07-16;M;VIP;1;230;200;App;Valorant;;0
SESS-14178;2026-08-09 18:13:41;USR-1676;1992-07-26;M;Bootcamp;3;510;450;Card;CS2;5.0;0
SESS-16901;2026-08-12 17:58:38;USR-1130;2008-05-01;F;Bootcamp;3;630;450;App;Dota 2;;0
SESS-13135;2026-08-12 01:24:53;USR-1481;1992-12-08;F;PS5;12;1740;3000;App;CS2;4.5;0
SESS-10523;2026-08-27 18:56:41;USR-1798;2005-01-26;F;Standard;8;0;800;Card;CS2;;0
SESS-10643;2026-08-22 18:40:54;USR-1701;2010-07-18;M;PS5;3;0;750;App;Dota 2;5.0;0
SESS-15701;2026-08-17 14:06:46;USR-1702;2010-01-12;M;Bootcamp;2;0;300;App;PUBG;;0
SESS-16439;2026-08-04 12:19:42;USR-1159;2003-06-05;M;Bootcamp;2;0;300;Card;CS2;5.0;0
SESS-14449;2026-08-08 16:14:52;USR-1083;2000-08-19;M;Standard;1;250;100;Cash;CS2;;0
SESS-10525;2026-08-30 14:48:27;USR-1024;2007-08-13;M;Standard;1;0;100;App;CS2;;0
SESS-10729;2026-08-30 21:08:23;USR-1247;2004-06-02;M;Standard;2;0;200;Card;Deadlock;;0
SESS-14067;2026-08-08 07:31:32;USR-1256;2009-08-06;M;Standard;3;0;270;App;Minecraft;5.0;1
SESS-10971;2026-08-03 16:54:11;USR-1019;2011-02-06;M;Standard;2;0;200;App;Apex Legends;;0
SESS-17163;2026-08-05 11:34:44;USR-1314;1993-09-01;M;VIP;3;510;600;Card;CS2;;0
SESS-10015;2026-08-29 21:18:09;USR-1609;1999-09-26;M;Standard;2;0;200;Card;CS2;3.0;0
SESS-10163;2026-08-08 14:21:24;USR-1053;1994-03-24;M;PS5;2;800;500;Card;Dota 2;5.0;0
SESS-16641;2026-08-28 13:43:08;USR-1793;2010-06-15;M;Bootcamp;1;84;135;App;CS2;3.0;1
SESS-12723;2026-08-09 12:17:33;USR-1050;2008-12-03;F;VIP;3;0;540;Card;CS2;;1
SESS-16364;2026-08-27 14:05:26;USR-1667;1992-07-17;M;Bootcamp;2;0;300;Card;Valorant;4.5;0
SESS-15292;2026-08-14 19:07:58;USR-1738;1998-03-01;M;Bootcamp;4;1150;600;Card;CS2;2.0;0
SESS-14146;2026-08-27 19:37:02;USR-1012;2009-01-18;F;Bootcamp;1;60;150;Cash;CS2;4.5;0
SESS-10297;2026-08-27 19:11:56;USR-1147;2010-04-19;M;Standard;3;0;270;Cash;Dota 2;;1
SESS-13125;2026-08-08 20:20:04;USR-1222;2005-04-07;M;VIP;2;400;400;Card;Dota 2;;0
SESS-10150;2026-08-14 16:23:29;USR-1728;2008-12-03;M;Standard;5;600;500;Card;Valorant;4.5;0
SESS-13363;2026-08-03 18:59:01;USR-1672;2007-09-26;M;Bootcamp;1;230;150;App;CS2;4.0;0
SESS-11988;2026-08-23 13:36:27;USR-1530;2005-12-18;M;Bootcamp;3;0;405;Card;Dota 2;;1
SESS-12623;2026-08-16 02:30:50;USR-1240;2007-10-10;M;VIP;3;0;600;Cash;Dota 2;4.0;0
SESS-10370;2026-08-26 14:08:24;USR-1070;2008-04-24;M;VIP;2;240;400;Card;CS2;;0
SESS-10380;2026-08-09 16:28:16;USR-1054;2008-05-14;M;Standard;2;320;200;Card;CS2;5.0;0
SESS-10199;2026-08-26 08:23:32;USR-1322;2005-06-26;M;Bootcamp;5;0;750;Card;CS2;2.0;0
SESS-17113;2026-08-08 15:13:49;USR-1093;2004-06-23;F;Bootcamp;3;510;450;Cash;CS2;;0
SESS-10871;2026-08-13 14:36:22;USR-1013;2010-03-22;F;Standard;3;240;300;Card;Dota 2;4.0;0
SESS-14283;2026-08-30 17:37:33;USR-1622;2006-05-16;M;Standard;1;120;100;Card;Dota 2;;0
SESS-14255;2026-08-23 18:22:08;USR-1155;2009-09-19;M;Standard;3;180;300;App;Minecraft;;0
SESS-10417;2026-08-10 17:03:52;USR-1149;2003-10-27;M;Standard;3;0;300;Cash;CS2;;0
SESS-10361;2026-08-14 15:55:20;USR-1795;2007-08-02;M;Bootcamp;3;630;450;Card;Dota 2;;0
SESS-14136;2026-08-13 06:26:07;USR-1018;2011-02-01;M;Standard;2;0;200;Cash;CS2;;0
SESS-15521;2026-08-30 09:20:29;USR-1436;2006-04-01;M;Bootcamp;2;0;300;App;Dota 2;4.0;0
SESS-11329;2026-08-29 14:35:46;USR-1120;2011-05-02;F;Standard;2;80;200;App;CS2;;0
SESS-13405;2026-08-01 18:15:10;USR-1714;2011-01-27;M;Standard;4;240;400;App;Dota 2;4.0;0
SESS-13444;2026-08-09 15:56:05;USR-1182;2011-02-24;M;Standard;1;0;100;Cash;Valorant;;0
SESS-13431;2026-08-09 19:21:36;USR-1095;2006-06-20;M;VIP;2;470;400;Card;Apex Legends;5.0;0
SESS-10191;2026-08-12 07:27:22;USR-1605;1996-02-16;M;VIP;1;270;200;Card;GTA V;;0
SESS-16486;2026-08-30 14:47:24;USR-1114;2005-06-01;M;Standard;2;0;200;Card;Apex Legends;;0
SESS-12877;2026-08-29 20:18:47;USR-1020;2005-09-26;F;Standard;3;503;270;Card;Dota 2;;1
SESS-12341;2026-08-24 19:26:23;USR-1028;2005-02-10;M;Bootcamp;1;310;150;App;Dota 2;;0
SESS-10802;2026-08-27 16:37:25;USR-1146;2004-01-15;M;VIP;2;0;400;Card;Valorant;;0
SESS-16088;2026-08-15 17:45:15;USR-1080;2007-12-19;M;Standard;2;160;200;Card;Valorant;4.0;0
SESS-13772;2026-08-22 00:51:21;USR-1639;2002-02-23;M;Bootcamp;12;0;1800;App;CS2;4.5;0
SESS-14062;2026-08-11 13:08:35;USR-1733;2004-11-06;M;PS5;2;0;500;Card;Valorant;4.5;0
SESS-12828;2026-08-27 02:12:39;USR-1478;2011-06-28;M;Standard;1;0;100;Cash;Minecraft;;0
SESS-17058;2026-08-29 18:28:39;USR-1116;2006-12-01;M;Standard;1;160;100;App;Dota 2;;0
SESS-13684;2026-08-23 01:26:57;USR-1288;2004-12-07;M;Standard;3;240;300;Card;Valorant;;0
SESS-11066;2026-08-15 09:54:35;USR-1798;2005-01-26;F;Standard;3;240;300;Card;Valorant;;0
SESS-16959;2026-08-15 18:01:30;USR-1347;2006-01-17;F;Standard;12;1440;1200;Cash;Valorant;4.5;0
SESS-15824;2026-08-17 18:48:42;USR-1090;2004-08-10;M;Bootcamp;2;470;300;Card;Minecraft;;0
SESS-17123;2026-08-18 16:10:32;USR-1747;2006-06-04;M;Standard;2;320;200;Card;CS2;;0
SESS-13291;2026-08-13 21:55:30;USR-1024;2007-08-13;M;PS5;3;0;750;Card;Dota 2;;0
SESS-12123;2026-08-09 13:48:21;USR-1788;2007-09-08;M;VIP;2;0;400;App;GTA V;;0
SESS-13514;2026-08-02 11:20:09;USR-1009;2004-06-03;M;PS5;2;0;500;App;PUBG;;0
SESS-16742;2026-08-04 19:06:55;USR-1300;2001-04-21;F;Bootcamp;1;0;150;Card;Apex Legends;;0
SESS-15597;2026-08-09 16:12:37;USR-1051;2011-06-02;F;Standard;1;80;100;Cash;Minecraft;;0
SESS-15999;2026-08-15 20:30:49;USR-1740;2005-06-21;M;Standard;5;800;500;App;CS2;;0
SESS-14984;2026-08-21 11:49:16;USR-1055;2004-09-27;M;Bootcamp;2;320;300;Card;Dota 2;;0
SESS-10330;2026-08-25 21:42:53;USR-1738;1998-03-01;M;PS5;3;923;675;Card;GTA V;4.5;1
SESS-13113;2026-08-23 02:40:24;USR-1087;2004-11-25;F;Bootcamp;2;470;300;Card;Dota 2;;0
SESS-15989;2026-08-15 22:37:21;USR-1009;2004-06-03;M;Standard;5;600;500;Cash;CS2;4.5;0
SESS-15762;2026-08-09 17:47:01;USR-1436;2006-04-01;M;Bootcamp;2;0;300;App;CS2;;0
SESS-13114;2026-08-03 20:26:54;USR-1103;2008-10-01;M;PS5;2;0;500;Card;Apex Legends;5.0;0
SESS-16288;2026-08-24 19:43:29;USR-1121;2007-05-26;M;Bootcamp;2;240;300;Card;CS2;;0
SESS-14711;2026-08-14 19:58:57;USR-1345;2012-07-11;F;VIP;1;0;200;Card;CS2;4.0;0
SESS-15130;2026-08-08 18:25:20;USR-1019;2011-02-06;M;Standard;4;448;360;App;Dota 2;;1
SESS-11979;2026-08-02 18:24:50;USR-1753;2005-03-09;M;Bootcamp;2;400;300;Card;CS2;;0
SESS-13017;2026-08-27 14:09:36;USR-1299;2011-11-09;M;Standard;8;320;800;Card;Dota 2;4.0;0
SESS-10020;2026-08-05 23:25:13;USR-1620;2007-03-28;F;PS5;3;0;750;Card;Valorant;4.0;0
SESS-16035;2026-08-16 12:36:11;USR-1769;1999-03-21;F;PS5;4;1092;900;Card;Dota 2;;1
SESS-14609;2026-08-30 16:58:06;USR-1757;2001-08-06;M;VIP;1;240;200;App;Deadlock;;0
SESS-13421;2026-08-27 14:50:24;USR-1042;1997-02-02;M;VIP;2;390;400;Card;Dota 2;4.5;0
SESS-15794;2026-08-05 21:30:41;USR-1373;2010-10-09;M;Standard;4;0;360;Cash;Valorant;;1
SESS-10389;2026-08-13 22:05:13;USR-1382;2006-02-09;M;VIP;8;1430;1600;Card;CS2;;0
SESS-11088;2026-08-11 18:01:40;USR-1111;2011-09-06;M;Standard;4;0;400;Cash;Minecraft;4.5;0
SESS-15438;2026-08-10 09:59:04;USR-1187;2011-07-27;M;Standard;3;336;270;App;Dota 2;;1
SESS-15900;2026-08-01 14:13:19;USR-1015;1998-01-18;M;PS5;2;540;500;Card;Cyberpunk 2077;;0
SESS-12241;2026-08-02 10:32:23;USR-1188;2007-03-11;M;Standard;4;448;360;App;Valorant;5.0;1
SESS-15052;2026-08-15 17:30:50;USR-1141;2007-07-14;M;Bootcamp;1;160;150;Card;Dota 2;;0
SESS-13973;2026-08-06 12:41:05;USR-1266;2010-08-06;M;VIP;1;0;200;App;Minecraft;4.5;0
SESS-13174;2026-08-27 18:25:17;USR-1071;1993-04-12;M;Standard;2;360;200;Card;Deadlock;;0
SESS-15367;2026-08-29 15:01:40;USR-1776;2004-05-21;M;PS5;5;840;1125;Card;CS2;4.0;1
SESS-17049;2026-08-15 23:54:11;USR-1409;2002-06-19;F;Standard;8;640;800;Card;Dota 2;4.5;0
SESS-11984;2026-08-02 21:26:53;USR-1068;2011-11-23;F;Standard;4;0;360;Card;Minecraft;;1
SESS-10910;2026-08-23 20:03:12;USR-1263;2010-11-06;M;Bootcamp;2;160;300;Cash;CS2;2.0;0
SESS-11521;2026-08-29 14:05:49;USR-1079;2008-08-05;M;Standard;2;0;200;App;Dota 2;;0
SESS-14186;2026-08-20 22:12:08;USR-1085;2000-07-21;M;Standard;12;0;1080;Card;Cyberpunk 2077;4.0;1
SESS-10922;2026-08-16 16:35:12;USR-1741;2008-10-09;M;Standard;12;0;1080;Cash;CS2;4.5;1
SESS-12255;2026-08-26 15:56:17;USR-1620;2007-03-28;F;Standard;2;0;200;Cash;Dota 2;;0
SESS-17094;2026-08-25 21:10:50;USR-1361;2006-10-14;M;Standard;5;560;450;Card;Valorant;5.0;1
SESS-13971;2026-08-01 21:14:05;USR-1677;2011-02-09;M;VIP;4;0;720;Card;Minecraft;4.5;1
SESS-14806;2026-08-01 09:29:06;USR-1378;1995-11-07;M;VIP;3;900;600;Card;Browser/Work;4.5;0
SESS-14424;2026-08-23 15:40:28;USR-1231;2006-06-24;M;VIP;2;470;400;Card;GTA V;;0
SESS-14925;2026-08-28 18:54:42;USR-1125;2006-07-09;F;Bootcamp;1;0;150;App;Apex Legends;;0
SESS-14404;2026-08-14 19:34:48;USR-1035;1998-09-03;M;Bootcamp;5;1470;675;Card;PUBG;2.0;1
SESS-12018;2026-08-06 23:39:48;USR-1794;2011-04-20;M;Standard;12;480;1200;App;Valorant;5.0;0
SESS-14145;2026-08-05 10:43:34;USR-1026;2010-02-02;M;VIP;4;160;800;Card;CS2;5.0;0
SESS-11601;2026-08-28 13:44:44;USR-1401;2008-11-20;M;Bootcamp;2;0;300;Card;Valorant;;0
SESS-14645;2026-08-29 15:08:18;USR-1101;2003-05-22;M;Bootcamp;3;784;405;App;Dota 2;4.0;1
SESS-13252;2026-08-30 20:24:59;USR-1473;2008-09-08;F;Bootcamp;3;390;450;Card;CS2;5.0;0
SESS-16110;2026-08-11 10:47:44;USR-1026;2010-02-02;M;Standard;1;0;100;App;CS2;;0
SESS-15293;2026-08-01 17:46:41;USR-1095;2006-06-20;M;VIP;1;0;200;Card;Apex Legends;4.5;0
SESS-12590;2026-08-03 20:48:35;USR-1022;2012-11-14;F;Standard;2;0;200;Cash;Dota 2;;0
SESS-13238;2026-08-30 11:23:09;USR-1724;2005-09-17;M;VIP;3;630;600;App;Valorant;;0
SESS-15029;2026-08-25 20:27:45;USR-1211;1996-08-25;M;Standard;4;1000;400;Card;Cyberpunk 2077;;0
SESS-14242;2026-08-24 23:21:44;USR-1003;2010-11-08;M;PS5;8;0;2000;App;Minecraft;5.0;0
SESS-12929;2026-08-24 12:18:32;USR-1608;2005-08-27;M;Bootcamp;2;0;300;App;CS2;;0
SESS-16573;2026-08-20 16:12:50;USR-1005;2011-10-01;M;PS5;3;0;675;Cash;Dota 2;;1
SESS-10995;2026-08-01 16:27:26;USR-1236;2005-02-03;M;Standard;1;0;100;Card;CS2;;0
SESS-15560;2026-08-18 01:17:42;USR-1697;2008-06-21;M;Standard;8;0;800;;Dota 2;4.0;0
SESS-11947;2026-08-16 20:06:35;USR-1017;2010-09-20;M;Bootcamp;2;0;300;App;Minecraft;;0
SESS-15719;2026-08-19 15:12:49;USR-1242;1999-05-25;M;Bootcamp;2;540;300;App;Dota 2;;0
SESS-10205;2026-08-05 03:59:37;USR-1455;1999-01-15;M;VIP;1;0;200;Card;Cyberpunk 2077;;0
SESS-15404;2026-08-01 18:05:59;USR-1247;2004-06-02;M;Standard;3;0;270;Card;Deadlock;4.0;1
SESS-11639;2026-08-30 20:17:11;USR-1695;2011-02-25;M;Standard;5;560;450;App;Apex Legends;;1
SESS-11386;2026-08-26 21:39:01;USR-1055;2004-09-27;M;Standard;1;80;100;Card;CS2;;0
SESS-10800;2026-08-16 21:51:29;USR-1117;2006-12-19;M;VIP;4;0;800;Card;Dota 2;4.5;0
SESS-15757;2026-08-02 11:39:47;USR-1563;2007-09-02;M;Standard;4;320;400;Card;Dota 2;;0
SESS-12150;2026-08-21 17:21:51;USR-1337;2006-05-09;M;Standard;2;224;180;Card;Deadlock;;1
SESS-15085;2026-08-01 21:09:03;USR-1411;2010-06-20;M;PS5;5;420;1125;Card;Apex Legends;;1
SESS-15062;2026-08-10 20:05:41;USR-1194;1999-09-11;M;PS5;3;965;675;Card;GTA V;5.0;1
SESS-14982;2026-08-05 14:22:37;USR-1720;2012-03-11;M;Standard;1;0;100;App;Minecraft;;0
SESS-14347;2026-08-21 21:16:03;USR-1592;1998-02-08;F;Bootcamp;3;965;405;Card;Browser/Work;;1
SESS-11475;2026-08-20 21:03:37;USR-1235;1993-05-01;F;PS5;3;1470;675;Card;CS2;2.0;1
SESS-10571;2026-08-17 21:56:01;USR-1642;2005-07-19;M;VIP;4;400;800;Card;Valorant;4.5;0
SESS-16061;2026-08-19 20:03:51;USR-1077;1996-09-03;M;VIP;4;1819;720;App;GTA V;4.0;1
SESS-16846;2026-08-23 20:47:30;USR-1022;2012-11-14;F;Bootcamp;2;0;300;Card;Valorant;;0
SESS-14254;2026-08-01 21:22:08;USR-1078;2023-06-15;M;Bootcamp;-2;0;450;Card;Valorant;;0
SESS-17009;2026-08-06 18:23:07;USR-1075;1995-03-20;F;VIP;3;0;600;Card;PUBG;;0
SESS-15269;2026-08-26 19:20:01;USR-1749;2010-12-14;M;Standard;4;320;400;App;Apex Legends;4.5;0
SESS-17102;2026-08-18 00:42:08;USR-1058;2008-11-03;M;VIP;8;0;1600;App;Dota 2;5.0;0
SESS-12423;2026-08-23 23:19:10;USR-1066;2011-12-15;M;Standard;8;640;800;Cash;CS2;;0
SESS-11929;2026-08-14 18:52:53;USR-1537;2011-04-04;M;Standard;4;0;360;App;Dota 2;;1
SESS-16133;2026-08-08 14:46:34;USR-1012;2009-01-18;F;Bootcamp;3;180;450;Cash;Deadlock;4.0;0
SESS-14539;2026-08-15 10:46:05;USR-1299;2011-11-09;M;Standard;2;0;200;Cash;Minecraft;4.0;0
SESS-13853;2026-08-24 16:43:48;USR-1042;1997-02-02;M;PS5;5;1050;1250;Card;Valorant;4.5;0
SESS-11362;2026-08-05 18:23:31;USR-1217;2004-06-24;M;VIP;1;160;200;App;Dota 2;5.0;0
SESS-15235;2026-08-10 20:28:47;USR-1417;2011-07-24;M;Standard;2;160;200;Card;Dota 2;;0
SESS-15369;2026-08-21 09:45:06;USR-1097;2006-04-09;M;VIP;8;1110;1600;Card;PUBG;3.0;0
SESS-11276;2026-08-11 10:53:32;USR-1294;1993-09-04;M;PS5;1;0;250;App;PUBG;;0
SESS-14636;2026-08-10 22:43:02;USR-1083;2000-08-19;M;Bootcamp;8;1590;1200;App;Browser/Work;4.0;0
SESS-14771;2026-08-27 16:55:12;USR-1426;2011-10-06;M;Standard;2;160;200;Cash;Dota 2;;0
SESS-14708;2026-08-16 15:20:28;USR-1753;2005-03-09;M;PS5;2;160;500;App;CS2;1.0;0
SESS-16326;2026-08-05 02:49:41;USR-1107;1989-06-02;F;PS5;5;1959;1125;Card;CS2;4.0;1
SESS-11462;2026-08-17 22:38:11;USR-1156;2012-02-05;F;VIP;3;0;600;App;Valorant;;0
SESS-13382;2026-08-05 11:36:27;USR-1105;2004-04-12;M;Standard;2;160;200;Cash;Minecraft;4.0;0
SESS-16327;2026-08-10 10:29:47;USR-1209;1997-08-10;M;Standard;2;0;200;Card;Browser/Work;;0
SESS-17205;2026-08-30 19:19:52;USR-1267;2007-09-15;M;Bootcamp;4;630;600;App;GTA V;3.0;0
SESS-15734;2026-08-31 00:38:45;USR-1465;2007-10-17;M;Standard;8;0;800;Card;Apex Legends;4.0;0
SESS-15572;2026-08-25 08:35:26;USR-1129;1993-08-09;F;VIP;1;400;200;Card;Dota 2;4.0;0
SESS-11441;2026-08-04 12:41:18;USR-1088;1992-02-13;M;PS5;2;650;500;App;Browser/Work;4.5;0
SESS-11353;2026-08-14 15:54:22;USR-1224;1994-04-01;F;VIP;2;0;400;Card;Dota 2;;0
SESS-13259;2026-08-16 20:32:04;USR-1223;2008-01-18;F;Standard;5;840;450;App;Apex Legends;4.0;1
SESS-11105;2026-08-31 22:24:44;USR-1404;2009-12-11;M;Standard;8;480;800;Cash;Dota 2;4.5;0
SESS-13573;2026-08-27 18:07:23;USR-1023;2010-02-02;M;Standard;2;120;200;Card;Minecraft;;0
SESS-12075;2026-08-04 19:15:25;USR-1111;2011-09-06;M;Bootcamp;4 ч.;0;540;Cash;Minecraft;2.0;1
SESS-13043;2026-08-09 20:54:08;USR-1204;1984-08-22;M;Standard;3;360;300;Card;CS2;;0
SESS-14719;2026-08-14 12:02:25;USR-1044;1996-12-25;M;Bootcamp;5;1050;675;Card;Browser/Work;5.0;1
SESS-14353;2026-08-15 16:16:21;USR-1268;2003-10-09;M;Bootcamp;2;320;300;Card;CS2;4.0;0
SESS-12309;2026-08-17 15:16:02;USR-1323;2004-06-11;F;PS5;1;0;250;App;CS2;4.0;0
SESS-17185;2026-08-09 18:24:18;USR-1029;1999-08-16;M;PS5;2;540;500;Card;Dota 2;;0
SESS-16570;2026-08-18 15:03:07;USR-1156;2012-02-05;F;Bootcamp;3;0;450;App;CS2;;0
SESS-10792;2026-08-07 23:12:35;USR-1046;2009-12-16;M;Standard;8;0;800;App;CS2;;0
SESS-14757;2026-08-23 09:19:02;USR-1131;2006-04-07;M;Standard;1;0;100;Card;Minecraft;;0
SESS-14023;2026-08-06 18:11:16;USR-1094;2004-10-05;M;VIP;2;390;400;Card;CS2;;0
SESS-11481;2026-08-01 19:08:42;USR-1029;1999-08-16;M;PS5;3;1050;750;Card;CS2;4.5;0
SESS-12566;2026-08-30 11:48:18;USR-1182;2011-02-24;M;Bootcamp;2;80;300;Cash;CS2;;0
SESS-11424;2026-08-31 22:50:00;USR-1255;2006-08-03;M;Standard;5;1120;450;Card;Deadlock;4.5;1
SESS-16180;2026-08-21 18:55:36;USR-1545;2007-06-27;M;Bootcamp;3;320;450;Card;Dota 2;;0
SESS-12637;2026-08-14 18:25:37;USR-1017;2010-09-20;M;Standard;2;0;200;App;Minecraft;;0
SESS-13136;2026-08-10 12:56:16;USR-1026;2010-02-02;M;Bootcamp;1;0;150;App;Apex Legends;;0
SESS-10369;2026-08-07 21:05:18;USR-1376;2011-05-06;M;VIP;8;0;1600;Cash;Minecraft;5.0;0
SESS-15266;2026-08-15 13:14:19;USR-1097;2006/04/09;M;Standard;1;160;100;Card;CS2;;0
SESS-15424;2026-08-09 10:57:12;USR-1061;2004-03-24;M;Standard;1;168;90;Card;Dota 2;;1
SESS-16044;2026-08-19 12:44:18;USR-1079;2008-08-05;M;PS5;4;320;1000;App;Deadlock;;0
SESS-12953;2026-08-30 00:41:20;USR-1006;2007-06-18;M;Bootcamp;8;0;1080;Card;Dota 2;4.5;1
SESS-13345;2026-08-11 10:39:54;USR-1046;2009-12-16;M;Bootcamp;2;0;300;Card;CS2;4.5;0
SESS-13926;2026-08-02 16:57:57;USR-1649;1994-10-11;M;VIP;2;0;400;Card;Browser/Work;;0
SESS-14465;2026-08-09 01:52:40;USR-1318;2005-10-26;M;Standard;8;896;720;Card;CS2;4.5;1
SESS-11083;2026-08-12 18:40:14;USR-1162;2010-06-16;M;Standard;1;0;100;Card;CS2;;0
SESS-13319;2026-08-21 14:32:23;USR-1069;2011-02-16;M;Standard;4;0;400;App;Dota 2;4.0;0
SESS-16309;2026-08-24 12:03:01;USR-1368;2006-03-28;M;VIP;3;440;600;App;CS2;5.0;0
SESS-10591;2026-08-28 21:23:20;USR-1293;2006-06-03;M;Bootcamp;2;0;300;App;Dota 2;;0
SESS-13940;2026-08-08 21:49:27;USR-1553;2002-05-22;M;Standard;3;0;300;App;CS2;4.5;0
SESS-12904;2026-08-08 19:31:42;USR-1321;2010-12-09;M;Standard;3;336;270;App;CS2;;1
SESS-10692;2026-08-07 22:44:10;USR-1131;2006-04-07;M;PS5;8;960;2000;App;CS2;2.0;0
SESS-15624;2026-08-01 21:34:35;USR-1014;2010-07-18;F;Standard;1;80;100;App;Valorant;;0
SESS-13620;2026-08-17 18:55:13;USR-1324;2001-11-03;M;Standard;2;0;200;Card;CS2;;0
SESS-14734;2026-08-08 10:58:34;USR-1130;2008-05-01;F;Standard;3;0;300;Card;CS2;;0
SESS-16597;2026-08-26 15:51:51;USR-1010;2007-09-24;M;PS5;3;503;675;App;CS2;5.0;1
SESS-12699;2026-08-28 16:44:42;USR-1014;2010-07-18;F;VIP;5;420;900;Card;Minecraft;4.5;1
SESS-10002;2026-08-28 16:38:09;USR-1368;2006-03-28;M;Standard;2;336;180;Card;Apex Legends;5.0;1
SESS-13438;2026-08-10 13:02:37;USR-1016;2003-01-07;M;Standard;2;0;200;Card;CS2;;0
SESS-15408;2026-08-22 16:22:52;USR-1082;2004-06-01;F;Standard;2;0;200;App;Dota 2;;0
SESS-11829;2026-08-09 15:06:34;USR-1535;2006-09-22;M;PS5;5;1120;1125;App;CS2;;1
SESS-15051;2026-08-30 16:37:21;USR-1540;2005-12-23;M;VIP;2;336;360;Cash;Valorant;;1
SESS-16581;2026-08-08 01:41:17;USR-1224;1994-04-01;F;PS5;8;2150;2000;Card;Dota 2;5.0;0
SESS-13926;2026-08-02 16:57:57;USR-1649;1994-10-11;M;VIP;2;0;400;Card;Browser/Work;;0
SESS-10006;2026-08-16 18:08:44;USR-1065;2009-08-26;F;Standard;2;0;200;Cash;Dota 2;;0
SESS-11646;2026-08-30 13:50:19;USR-1087;2004-11-25;F;Standard;2;320;200;Cash;CS2;;0
SESS-11840;2026-08-21 16:41:27;USR-1116;2006-12-01;M;VIP;3;560;600;Cash;Deadlock;;0
SESS-15313;2026-08-22 23:52:23;USR-1007;1995-11-02;F;PS5;2;0;500;Card;Dota 2;4.0;0
SESS-12555;2026-08-15 13:55:46;USR-1068;2011-11-23;F;VIP;5;420;900;Cash;CS2;;1
SESS-11582;2026-08-17 17:48:25;USR-1646;2011-06-16;M;Standard;2;120;200;Card;Minecraft;4.5;0
SESS-12145;2026-08-29 02:36:27;USR-1644;2010-12-18;M;Bootcamp;3;0;450;App;Minecraft;;0
SESS-12159;2026-08-07 22:07:07;USR-1518;2008-11-23;M;Bootcamp;5;0;750;App;Valorant;4.0;0
SESS-17098;2026-08-16 18:48:15;USR-1468;2009-04-06;M;Standard;3;0;270;App;Dota 2;;1
SESS-11231;2026-08-07 19:24:11;USR-1692;2007-04-02;M;Standard;1;0;100;Card;Valorant;;0
SESS-14554;2026-08-28 20:28:42;USR-1541;1999-04-05;M;VIP;3;0;540;Card;CS2;3.0;1
SESS-16566;2026-08-03 03:53:48;USR-1456;2010-01-11;M;Bootcamp;2;120;300;App;Minecraft;;0
SESS-12417;2026-08-24 18:25:38;USR-1004;2011-07-04;M;Standard;4;160;400;App;Minecraft;;0
SESS-16351;2026-08-19 17:34:58;USR-1488;2006-01-14;M;VIP;2;400;400;Card;Dota 2;;0
SESS-15139;2026-08-13 12:53:13;USR-1074;2011-11-23;F;Bootcamp;2;160;300;Cash;CS2;;0
SESS-13864;2026-08-17 12:39:23;USR-1349;2010-10-21;M;Standard;1;60;100;Card;Valorant;;0
SESS-16811;2026-08-18 15:10:25;USR-1041;2011-07-28;M;Standard;3;0;300;Cash;CS2;;0
SESS-15147;2026-08-20 18:14:10;USR-1694;2005-10-01;M;Bootcamp;8;0;1080;Card;Dota 2;2.0;1
SESS-10261;2026-08-30 19:04:40;USR-1712;2005-05-19;F;VIP;3;440;600;App;CS2;;0
SESS-16113;2026-08-12 12:54:01;USR-1634;2006-12-21;F;VIP;2;336;360;Card;Valorant;;1
SESS-13502;2026-08-15 19:43:29;USR-1710;2004-11-20;M;Standard;2;160;200;App;Dota 2;4.5;0
SESS-10751;2026-08-13 18:08:06;USR-1356;2007-07-16;M;VIP;2;0;400;Card;CS2;;0
SESS-15189;2026-08-12 19:43:46;USR-1051;2011-06-02;F;Standard;2;120;200;App;Valorant;;0
SESS-14369;2026-08-12 17:05:41;USR-1734;1996-04-18;M;VIP;2;390;400;Card;GTA V;4.0;0
SESS-14005;2026-08-11 14:46:26;USR-1632;2005-12-08;M;Standard;4;448;360;App;CS2;;1
SESS-10498;2026-08-19 13:58:20;USR-1750;2010-08-03;M;PS5;4;0;1000;Cash;Deadlock;;0
SESS-10167;2026-08-04 10:38:46;USR-1633;2004-01-26;M;Bootcamp;5;1232;675;Card;Dota 2;4.5;1
SESS-17060;2026-08-08 15:00:39;USR-1562;1999-02-01;M;Bootcamp;2;540;300;Cash;Browser/Work;;0
SESS-12167;2026-08-16 19:42:10;USR-1100;2011-02-25;M;VIP;3;120;600;Cash;CS2;3.0;0
SESS-14213;2026-08-02 15:44:58;USR-1477;2011-04-26;M;Standard;5;200;500;App;Deadlock;4.0;0
SESS-10313;2026-08-24 16:55:55;USR-1390;2012-10-20;M;Standard;3;0;300;App;Minecraft;4.0;0
SESS-16179;2026-08-02 21:32:08;USR-1214;2006-05-22;M;Bootcamp;3;0;405;Card;Dota 2;4.0;1
SESS-11057;2026-08-20 16:55:35;USR-1453;1995-09-11;M;VIP;2;510;400;Card;Cyberpunk 2077;4.0;0
SESS-10181;2026-08-13 15:10:47;USR-1381;2007-09-03;F;VIP;2;470;400;Card;Deadlock;;0
SESS-13322;2026-08-16 13:28:13;USR-1004;2011-07-04;M;Standard;1;0;100;Cash;Valorant;;0
SESS-11917;2026-08-07 23:08:37;USR-1493;1995-11-27;M;PS5;8;1740;2000;App;Cyberpunk 2077;;0
SESS-15002;2026-08-13 12:50:25;USR-1099;2001-07-16;M;Standard;2;160;200;App;PUBG;;0
SESS-15042;2026-08-29 17:56:08;USR-1224;1994-04-01;F;VIP;1;330;200;Card;CS2;;0
SESS-11948;2026-08-23 12:11:00;USR-1142;2009-05-05;M;PS5;4;448;900;App;CS2;;1
SESS-16245;2026-08-15 09:29:41;USR-1117;2006-12-19;M;PS5;8;0;1800;Card;Deadlock;;1
SESS-13223;2026-08-24 10:33:47;USR-1412;2007-05-10;M;Standard;8;896;720;App;CS2;5.0;1
SESS-14671;2026-08-24 13:17:26;USR-1086;1990-06-20;M;PS5;3;900;750;Card;CS2;3.0;0
SESS-16881;2026-08-15 23:49:31;USR-1323;2004-06-11;F;Standard;12;1440;1200;App;CS2;4.0;0
SESS-15341;2026-08-17 13:13:31;USR-1759;2001-11-11;F;Standard;2;160;200;App;CS2;5.0;0
SESS-11842;2026-08-30 20:05:57;USR-1159;2003-06-05;M;VIP;2;390;400;Card;CS2;;0
SESS-14610;2026-08-22 12:33:33;USR-1649;1994-10-11;M;PS5;4;882;900;Card;Browser/Work;;1
SESS-13314;2026-08-21 20:48:56;USR-1647;1992-06-09;F;Bootcamp;1;420;150;Card;Dota 2;4.5;0
SESS-16650;2026-08-07 09:31:39;USR-1255;2006-08-03;M;VIP;2;0;400;App;Apex Legends;;0
SESS-11680;2026-08-13 20:26:34;USR-1638;2004-09-21;M;Bootcamp;4;0;600;Card;Dota 2;3.0;0
SESS-16081;2026-08-28 13:20:55;USR-1082;2004-06-01;F;VIP;4;0;800;Card;CS2;;0
SESS-12945;2026-08-12 22:12:14;USR-1068;2011-11-23;F;Standard;5;0;500;Cash;Minecraft;;0
SESS-10461;2026-08-08 16:40:28;USR-1726;2011-09-13;M;Standard;5;0;450;Cash;Deadlock;4.0;1
SESS-14197;2026-08-20 21:42:43;USR-1341;2004-02-28;M;Bootcamp;2;390;300;Card;Valorant;3.0;0
SESS-11011;2026-08-20 20:54:47;USR-1037;2003-11-24;M;Standard;3;336;270;Card;Dota 2;;1
SESS-15595;2026-08-01 18:51:12;USR-1353;2006-01-14;M;Standard;8;0;800;App;Valorant;4.0;0
SESS-16989;2026-08-08 20:37:03;USR-1504;2005-03-12;F;VIP;2;320;400;Card;Deadlock;;0
SESS-10814;2026-08-01 15:41:26;USR-1072;2010-03-15;M;Bootcamp;2;120;300;Cash;Minecraft;4.5;0
SESS-12832;2026-08-11 14:49:07;USR-1689;2007-07-01;M;VIP;3;390;600;App;CS2;;0
SESS-13424;2026-08-02 17:46:15;USR-1176;2011-08-02;M;Standard;3;0;300;Card;Dota 2;;0
SESS-12191;2026-08-15 15:45:04;USR-1153;2008-06-09;M;Bootcamp;3;630;450;Card;CS2;;0
SESS-16312;2026-08-18 21:36:41;USR-1114;2005-06-01;M;Bootcamp;3;0;450;Card;Apex Legends;;0
SESS-11288;2026-08-30 19:53:39;USR-1131;2006-04-07;M;Standard;1;112;90;Card;Valorant;;1
SESS-13303;2026-08-14 06:38:57;USR-1699;2000-12-17;M;PS5;3;0;750;Card;CS2;;0
SESS-15380;2026-08-27 19:46:04;USR-1117;2006-12-19;M;Bootcamp;3;714;405;Card;Minecraft;;1
SESS-15478;2026-08-07 18:04:59;USR-1060;1993-12-16;M;VIP;3;714;540;Card;CS2;4.5;1
SESS-12481;2026-08-30 21:29:27;USR-1104;2006-10-08;M;VIP;2;240;400;Card;Valorant;4.0;0
SESS-10981;2026-08-10 10:56:05;USR-1658;2003-06-14; M ;VIP;5;1330;900;Card;CS2;4.0;1
SESS-14280;2026-08-30 14:26:48;USR-1413;1995-02-13;M;PS5;1;0;250;Card;Dota 2;;0
SESS-12321;2026-08-21 21:16:49;USR-1302;2005-06-01;M;Standard;2;224;180;App;Dota 2;;1
SESS-16345;2026-08-26 16:40:31;USR-1139;2003-05-21;M;VIP;5;0;900;Card;CS2;4.0;1
SESS-10130;2026-08-12 19:05:30;USR-1007;1995-11-02;F;PS5;4;1428;900;Card;Deadlock;;1
SESS-12676;2026-08-09 16:28:48;USR-1528;1992-04-11;M;VIP;2;390;400;Card;CS2;;0
SESS-12149;2026-08-02 13:04:54;USR-1017;2010-09-20;M;Bootcamp;8;640;1200;Cash;CS2;;0
SESS-11008;2026-08-21 12:27:27;USR-1559;2008-02-20;M;VIP;4;400;800;Card;Minecraft;;0
SESS-15234;2026-08-09 04:17:26;USR-1031;1993-08-21;M;VIP;2;540;400;Card;CS2;5.0;0
SESS-15980;2026-08-02 02:16:28;USR-1013;2010-03-22;F;Standard;2;0;200;Cash;Dota 2;;0
SESS-15151;2026-08-23 15:18:40;USR-1650;2011-04-01;F;Standard;3;251;270;App;CS2;4.5;1
SESS-16891;2026-08-18 21:24:51;USR-1680;2011-10-20;M;Standard;2;224;180;App;Dota 2;;1
SESS-11314;2026-08-12 08:06:20;USR-1672;2007-09-26;M;Bootcamp;3;510;450;App;Deadlock;5.0;0
SESS-16616;2026-08-15 18:34:08;USR-1037;2003-11-24;M;Standard;2;320;200;App;Dota 2;;0
SESS-15837;2026-08-01 18:31:55;USR-1331;2005-09-22;F;VIP;3;0;540;App;Valorant;4.5;1
SESS-15939;2026-08-22 09:12:40;USR-1108;14.06.2002;M;VIP;2;310;400;App;Minecraft;4.0;0
SESS-16642;2026-08-09 11:19:17;USR-1415;2011-12-24;M;Standard;2;0;200;Cash;CS2;;0
SESS-10161;2026-08-27 18:05:36;USR-1279;2004-10-22;M;Bootcamp;1;0;150;App;Valorant;3.0;0
SESS-10170;2026-08-10 18:42:44;USR-1044;1996-12-25;M;PS5;3;0;750;Cash;PUBG;4.0;0
SESS-10881;2026-08-23 18:07:33;USR-1191;2004-10-14;M;Standard;2;0;200;Card;Apex Legends;;0
SESS-10427;2026-08-22 00:21:50;USR-1102;2011-08-12;M;Standard;12;480;1200;Cash;CS2;;0
SESS-10549;2026-08-14 08:27:14;USR-1125;2006-07-09;F;Standard;1;120;100;Card;Valorant;4.5;0
SESS-13884;2026-08-02 14:48:07;USR-1008;2001-12-13;M;Bootcamp;2;0;300;Card;CS2;4.5;0
SESS-13608;2026-08-05 22:28:44;USR-1290;2006-10-02;M;Bootcamp;12;2000;1800;App;CS2;3.0;0
SESS-16464;2026-08-03 17:28:30;USR-1007;1995-11-02;F;Bootcamp;1;480;150;App;GTA V;;0
SESS-11579;2026-08-23 11:48:14;USR-1041;2011-07-28;M;Bootcamp;3;0;450;Cash;CS2;;0
SESS-15917;2026-08-28 20:43:34;USR-1079;2008-08-05;M;Standard;2;0;200;Card;GTA V;;0
SESS-12935;2026-08-24 18:40:08;USR-1635;2002-04-25;F;Standard;5;400;500;Card;CS2;;0
SESS-12353;2026-08-21 18:43:26;USR-1161;2006-07-09;F;Standard;1;0;100;Card;Dota 2;4.0;0
SESS-11963;2026-08-23 11:04:59;USR-1051;2011-06-02;F;Standard;3;0;270;Cash;Minecraft;;1
SESS-11504;2026-08-11 19:16:04;USR-1533;2009-06-12;M;Standard;4;224;360;App;GTA V;;1
SESS-14214;2026-08-05 12:00:02;USR-1529;2007-02-11;F;Standard;3;480;300;Card;CS2;;0
SESS-11525;2026-08-29 18:49:42;USR-1779;1991-03-12;M;Standard;3;360;300;Card;Dota 2;4.0;0
SESS-16506;2026-08-30 16:38:10;USR-1073;2012-07-14;F;Standard;1;80;100;Cash;Minecraft;4.5;0
SESS-16924;2026-08-08 19:20:23;USR-1038;2010-06-02;M;Standard;1;0;100;App;CS2;;0
SESS-12460;2026-08-02 11:19:42;USR-1683;2010-08-17;M;Standard;2;80;200;App;GTA V;4.0;0
SESS-12591;2026-08-05 20:25:43;USR-1683;2010-08-17;M;Standard;2;0;200;Cash;Minecraft;;0
SESS-14969;2026-08-31 09:36:21;USR-1693;2005-08-06;M;VIP;4;0;720;Card;CS2;4.0;1
SESS-12271;2026-08-27 12:54:00;USR-1056;2002-03-26;M;Standard;2;0;180;Card;CS2;;1
SESS-15568;2026-08-01 16:38:44;USR-1649;1994-10-11;M;Bootcamp;4;0;540;App;Dota 2;3.0;1
SESS-11543;2026-08-08 19:59:09;USR-1057;2007-12-06;M;Standard;3;503;270;App;Dota 2;;1
SESS-13723;2026-08-15 15:48:10;USR-1360;2012-11-04;F;Standard;5;0;500;App;CS2;;0
SESS-12399;2026-08-23 05:26:26;USR-1015;1998-01-18;M;PS5;4;1218;900;Card;CS2;5.0;1
SESS-15127;2026-08-16 16:35:23;USR-1054;2008-05-14;M;Standard;1;0;100;Cash;PUBG;;0
SESS-12459;2026-08-16 23:44:32;USR-1641;2007-08-11;M;VIP;8;0;1600;App;Deadlock;;0
SESS-10307;2026-08-05 19:53:50;USR-1323;2004-06-11;F;Standard;5;0;500;App;Dota 2;;0
SESS-11983;2026-08-14 00:03:04;USR-1117;2006-12-19;M;Standard;8;960;800;App;Valorant;;0
SESS-13238;2026-08-30 11:23:09;USR-1724;2005-09-17;M;VIP;3;630;600;App;Valorant;;0
SESS-13907;2026-08-09 16:04:12;USR-1286;2006-07-18;M;Standard;2;160;200;Card;Valorant;4.0;0
SESS-15148;2026-08-21 10:28:19;USR-1620;2007-03-28;F;Standard;2 ч.;0;200;App;Dota 2;;0
SESS-10349;2026-08-09 08:23:50;USR-1220;2007-07-24;F;VIP;1;230;200;Card;CS2;;0
SESS-16268;2026-08-07 15:37:37;USR-1314;1993-09-01;M;Standard;3;0;300;Card;Cyberpunk 2077;;0
SESS-15003;2026-08-20 00:00:50;USR-1685;2008-12-06;M;Standard;8;896;720;App;Dota 2;4.5;1
SESS-13023;2026-08-13 19:35:51;USR-1517;2007-04-15;M;VIP;2;320;400;Card;Dota 2;;0
SESS-14828;2026-08-26 20:17:47;USR-1099;2001-07-16;M;VIP;5;1232;900;Card;CS2;5.0;1
SESS-16947;2026-08-17 12:08:15;USR-1505;1994-12-23;F;PS5;3;690;750;App;PUBG;;0
SESS-11459;2026-08-30 18:01:08;USR-1009;2004-06-03;M;Standard;3;0;300;Card;Valorant;3.0;0
SESS-12761;2026-08-09 08:01:36;USR-1058;2008-11-03;M;PS5;3;503;675;Card;CS2;;1
SESS-13953;2026-08-29 13:52:48;USR-1504;2005-03-12;F;Bootcamp;3;448;405;App;Valorant;4.5;1
SESS-13988;2026-08-03 01:16:20;USR-1301;2006-10-09;M;Standard;8;0;720;Card;Dota 2;5.0;1
SESS-16376;2026-08-02 13:06:08;USR-1553;2002-05-22;M;VIP;3;0;600;App;CS2;;0
SESS-10081;2026-08-12 16:44:45;USR-1796;2005-09-24;M;VIP;5;1050;900;Card;CS2;5.0;1
SESS-11404;2026-08-29 15:33:58;USR-1381;2007-09-03;F;Bootcamp;2;400;300;Card;Valorant;;0
SESS-17084;2026-08-22 09:28:30;USR-1578;2012-12-23;M;VIP;5;0;900;Card;Valorant;3.0;1
SESS-10903;2026-08-05 14:48:43;USR-1090;2004-08-10;M;Standard;2;240;200;Card;GTA V;4.5;0
SESS-12846;2026-08-09 23:30:27;USR-1320;2006-10-14;M;Standard;5;0;500;Card;Valorant;4.5;0
SESS-11722;2026-08-15 11:33:26;USR-1111;2011-09-06;M;Standard;4;224;360;App;CS2;;1
SESS-14349;2026-08-22 16:41:52;USR-1032;2011-02-27;M;Standard;1;80;100;Cash;Valorant;4.0;0
SESS-15793;2026-08-02 15:14:53;USR-1286;2006-07-18;M;Bootcamp;1;200;150;App;Dota 2;4.5;0
SESS-14168;2026-08-13 11:30:06;USR-1632;2005-12-08;M;PS5;3;240;750;Card;CS2;;0
SESS-14799;2026-08-27 19:51:01;USR-1611;2011-11-18;M;Standard;1;0;100;Cash;Minecraft;2.0;0
SESS-11052;2026-08-25 20:04:27;USR-1509;2008-10-13;F;Standard;5;840;450;Card;CS2;5.0;1
SESS-10266;2026-08-13 09:13:53;USR-1330;2005-11-10;F;Bootcamp;2;0;300;Card;CS2;5.0;0
SESS-11997;2026-08-14 16:35:35;USR-1666;2005-07-17;M;PS5;12;0;3000;Card;CS2;;0
SESS-11705;2026-08-14 20:14:17;USR-1689;2007-07-01;M;Bootcamp;2;0;300;Card;Dota 2;;0
SESS-14706;2026-08-06 20:51:56;USR-1333;2006-04-01;M;Standard;4;896;360;Card;Valorant;;1
SESS-14466;2026-08-20 18:17:50;USR-1692;2007-04-02;M;Standard;1;0;100;Card;CS2;;0
SESS-13561;2026-08-12 16:15:33;USR-1793;2010-06-15;M;Standard;3;0;300;Cash;Deadlock;;0
SESS-14853;2026-08-15 20:39:18;USR-1600;2002-04-16;M;Standard;3;0;300;App;CS2;;0
SESS-10017;2026-08-05 21:05:17;USR-1294;1993-09-04;M;VIP;2;660;400;Card;Dota 2;;0
SESS-13767;2026-08-07 20:49:45;USR-1421;2000-05-11;F;VIP;3;0;600;Card;Browser/Work;4.0;0
SESS-11248;2026-08-03 21:54:44;USR-1461;2007-03-09;M;Bootcamp;2;400;300;Card;Dota 2;;0
SESS-10998;2026-08-27 22:29:18;USR-1035;1998-09-03;M;PS5;12;3234;2700;Card;Dota 2;;1
SESS-11692;2026-08-24 20:44:36;USR-1133;2003-05-21;M;Standard;3;0;300;Card;Dota 2;;0
SESS-16782;2026-08-22 12:57:31;USR-1051;2011-06-02;F;Bootcamp;5;0;750;Card;Apex Legends;4.5;0
SESS-15575;2026-08-08 17:37:56;USR-1566;2006-07-16;M;Bootcamp;5;1330;675;App;Dota 2;;1
SESS-12657;2026-08-30 20:15:08;USR-1111;2011-09-06;M;Standard;3;336;270;App;Deadlock;;1
SESS-15486;2026-08-03 11:55:46;USR-1275;2010-05-27;F;Bootcamp;4;320;600;App;CS2;5.0;0
SESS-14320;2026-08-06 00:45:11;USR-1756;2005-03-03;M;Bootcamp;8;0;1200;Card;CS2;5.0;0
SESS-15993;2026-08-20 22:15:55;USR-1125;2006-07-09;F;Standard;8;0;800;Cash;Cyberpunk 2077;;0
SESS-12934;2026-08-29 14:16:42;USR-1735;1987-10-01;F;Bootcamp;3;0;450;Card;CS2;;0
SESS-15514;2026-08-24 18:19:00;USR-1491;2006-11-11;M;PS5;3;360;750;Card;Deadlock;4.5;0
SESS-13164;2026-08-23 17:51:08;USR-1546;2010-07-25;M;Standard;1;0;100;Cash;CS2;;0
SESS-12349;2026-08-14 06:30:25;USR-1123;2003-11-08;F;Bootcamp;2;0;270;App;Apex Legends;;1
SESS-12876;2026-08-20 14:28:30;USR-1619;2010-06-25;M;Standard;1;0;100;Card;Dota 2;;0
SESS-14001;2026-08-27 16:03:49;USR-1010;2007-09-24;M;Bootcamp;5;1330;675;App;CS2;;1
SESS-13909;2026-08-23 08:26:37;USR-1509;2008-10-13;F;Standard;1;0;100;App;Valorant;;0
SESS-14253;2026-08-12 20:14:47;USR-1709;1996-11-07;M;Bootcamp;5;1050;750;App;Cyberpunk 2077;;0
SESS-15465;2026-08-09 09:26:29;USR-1013;2010-03-22; F ;Bootcamp;2;112;270;Cash;Dota 2;;1
SESS-14817;2026-08-08 13:19:29;USR-1718;1988-08-18;M;Bootcamp;3;660;450;Card;Dota 2;;0
SESS-10388;2026-08-01 16:05:43;USR-1133;2003-05-21;M;PS5;2;160;500;Cash;CS2;;0
SESS-11814;2026-08-13 13:16:16;USR-1042;1997-02-02;M;VIP;3;714;540;Card;Cyberpunk 2077;5.0;1
SESS-16921;2026-08-16 22:28:23;USR-1167;2009-05-04;M;Bootcamp;8;448;1080;App;Minecraft;;1
SESS-11471;2026-08-24 17:48:30;USR-1395;2006-05-19;F;Standard;5;1120;450;Card;Dota 2;4.0;1
SESS-12718;2026-08-07 18:16:17;USR-1196;2006-09-08;M;Standard;3;0;300;Cash;CS2;;0
SESS-17162;2026-08-28 14:08:44;USR-1554;1998-02-03;M;VIP;3;1260;540;Card;GTA V;4.5;1
SESS-14772;2026-08-25 08:23:11;USR-1466;2012-06-16;M;Standard;3;0;300;Cash;Dota 2;4.0;0
SESS-12445;2026-08-09 16:50:49;USR-1249;2008-12-18;M;Bootcamp;2;240;300;App;Dota 2;;0
SESS-11534;2026-08-25 22:15:27;USR-1285;2004-05-01;F;Bootcamp;8;790;1200;App;Dota 2;;0
SESS-14343;2026-08-14 22:16:31;USR-1126;1996-07-13;F;PS5;12;1740;3000;Card;Dota 2;;0
SESS-12703;2026-08-13 15:15:20;USR-1531;2007-05-09;M;Bootcamp;12;2070;1800;App;CS2;5.0;0
SESS-15452;2026-08-17 01:17:14;USR-1544;1996-10-17;M;Bootcamp;12;3300;1800;Card;CS2;;0
SESS-11053;2026-08-14 10:15:15;USR-1468;2009-04-06;M;Bootcamp;1;40;150;Card;Apex Legends;5.0;0
SESS-12222;2026-08-08 13:46:51;USR-1214;2006-05-22;M;Standard;4;480;400;Card;CS2;;0
SESS-10448;2026-08-18 15:40:10;USR-1103;2008-10-01;M;Standard;5;1120;450;Card;Dota 2;;1
SESS-14884;2026-08-20 16:46:15;USR-1302;2005-06-01;M;VIP;2;390;400;Card;Deadlock;;0
SESS-12391;2026-08-27 17:42:51;USR-1093;2004-06-23;F;Standard;3;240;300;Card;CS2;4.5;0
SESS-15645;2026-08-19 14:23:56;USR-1085;2000-07-21;M;PS5;3;900;750;Card;Dota 2;;0
SESS-10135;2026-08-22 16:31:04;USR-1035;1998-09-03;M;Standard;1;180;100;Card;Browser/Work;;0
SESS-12970;2026-08-10 01:29:12;USR-1056;2002-03-26;M;Standard;8;640;800;Card;Dota 2;;0
SESS-17040;2026-08-25 07:40:14;USR-1055;2004-09-27;M;Standard;1;0;100;Card;CS2;4.5;0
SESS-12146;2026-08-27 14:47:26;USR-1056;2002-03-26;M;Standard;2;160;200;Card;PUBG;3.0;0
SESS-14532;2026-08-21 18:38:53;USR-1047;2004-05-25;M;Bootcamp;8;0;1200;Card;CS2;4.0;0
SESS-15488;2026-08-22 10:27:12;USR-1474;1995-07-09;M;Standard;1;250;100;App;Dota 2;;0
SESS-16957;2026-08-14 19:40:17;USR-1742;2008-04-20;M;Standard;4;480;400;Card;Dota 2;;0
SESS-11124;2026-08-30 07:21:41;USR-1098;2009-05-09;F;Standard;2;0;200;App;CS2;;0
SESS-15845;2026-08-27 20:24:58;USR-1558;2010-10-16;M;Standard;1;0;100;Card;Valorant;;0
SESS-14029;2026-08-07 20:12:19;USR-1088;1992-02-13;M;Standard;2;500;200;Card;CS2;;0
SESS-10538;2026-08-23 20:47:42;USR-1411;2010-06-20;M;Bootcamp;3;0;450;App;Dota 2;5.0;0
SESS-11313;2026-08-22 13:20:00;USR-1726;2011-09-13;M;PS5;2;0;500;App;Apex Legends;;0
SESS-15074;2026-08-05 15:46:26;USR-1135;2008-12-16;M;Bootcamp;1;0;150;Card;Dota 2;;0
SESS-14437;2026-08-21 15:20:14;USR-1471;2010-04-09;F;Standard;1;0;100;Cash;CS2;;0
SESS-12213;2026-08-17 07:53:00;USR-1082;2004-06-01;F;PS5;3;360;750;App;CS2;5.0;0
SESS-16857;2026-08-08 10:09:58;USR-1710;2004-11-20;M;Bootcamp;1;0;150;Card;Dota 2;;0
SESS-14829;2026-08-29 18:29:52;USR-1347;2006-01-17;F;VIP;3;882;540;App;Valorant;5.0;1
SESS-15769;2026-08-23 21:17:36;USR-1502;2011-10-20;F;Standard;12;672;1080;Cash;Dota 2;4.0;1
SESS-11165;2026-08-21 22:05:52;USR-1567;1995-07-10;F;PS5;3;0;750;Card;Dota 2;;0
SESS-14210;2026-08-22 11:32:44;USR-1074;2011-11-23;F;Bootcamp;2;0;300;App;Dota 2;4.5;0
SESS-13883;2026-08-30 17:41:24;USR-1236;2005-02-03;M;VIP;3;784;540;App;CS2;;1
SESS-13950;2026-08-18 15:26:58;USR-1329;2007-12-17;M;Bootcamp;4;720;600;Card;Dota 2;;0
SESS-16674;2026-08-26 13:57:36;USR-1683;2010-08-17;M;Bootcamp;2;0;300;Card;CS2;;0
SESS-12284;2026-08-27 20:01:00;USR-1051;2011-06-02;F;Bootcamp;1;0;135;App;Minecraft;;1
SESS-10413;2026-08-20 17:24:08;USR-1675;1995-05-13;M;VIP;2;0;400;Card;Cyberpunk 2077;4.5;0
SESS-14811;2026-08-18 02:35:39;USR-1213;2011-07-07;M;Standard;2;0;200;App;Apex Legends;;0
SESS-13617;2026-08-17 23:52:26;USR-1078;2002-12-09;M;Standard;5;600;500;App;CS2;5.0;0
SESS-11169;2026-08-20 13:42:40;USR-1003;2010-11-08;M;Standard;2;0;200;Card;CS2;;0
SESS-12219;2026-08-12 17:30:29;USR-1069;2011-02-16;M;Standard;2;0;200;Card;CS2;4.5;0
SESS-13927;2026-08-30 16:27:15;USR-1282;2007-01-06;F;Standard;1;0;100;Card;CS2;;0
SESS-11924;2026-08-30 13:50:09;USR-1037;2003-11-24;M;Standard;2;320;200;Cash;CS2;;0
SESS-10495;2026-08-17 19:12:13;USR-1458;2006-03-09;M;VIP;2;470;400;Card;CS2;;0
SESS-10918;2026-08-29 20:10:46;USR-1071;1993-04-12;M;PS5;1;0;250;Card;PUBG;;0
SESS-16577;2026-08-09 10:44:19;USR-1746;2007-05-24;M;Standard;4;0;400;App;Dota 2;;0
SESS-11452;2026-08-26 18:39:49;USR-1010;2007-09-24;M;VIP;2;400;400;Card;Minecraft;;0
SESS-11669;2026-08-21 19:18:27;USR-1027;2010-04-02;F;VIP;1;0;200;App;Minecraft;4.5;0
SESS-11099;2026-08-07 23:58:13;USR-1474;1995-07-09;M;VIP;5;900;1000;App;CS2;4.5;0
SESS-12596;2026-08-09 13:16:55;USR-1472;2011-03-03;M;VIP;2;0;400;App;Apex Legends;;0
SESS-15414;2026-08-12 23:37:20;USR-1090;2004-08-10;M;Standard;5;0;500;App;CS2;;0
SESS-16722;2026-08-06 16:40:06;USR-1205;2009-07-03;M;Bootcamp;4;0;600;App;Valorant;;0
SESS-14321;2026-08-08 18:29:44;USR-1510;2010-12-16;M;Standard;1;0;100;App;CS2;;0
SESS-15435;2026-08-04 10:12:14;USR-1217;2004-06-24;M;Bootcamp;5;1330;675;Card;Dota 2;;1
SESS-13022;2026-08-09 15:08:10;USR-1482;2003-06-14;M;VIP;3;320;600;App;Dota 2;;0
SESS-12164;2026-08-21 09:38:25;USR-1700;2003-02-17;M;VIP;5;0;900;Card;Dota 2;5.0;1
SESS-12550;2026-08-06 20:57:48;USR-1032;2011-02-27;M;Standard;3;0;300;App;CS2;4.0;0
SESS-17149;2026-08-01 18:01:21;USR-1430;2006-08-21;F;Standard;5;400;500;App;Dota 2;4.0;0
SESS-13103;2026-08-18 15:31:22;USR-1250;2008-02-14;M;VIP;8;0;1600;App;CS2;;0
SESS-12439;2026-08-09 10:34:46;USR-1567;1995-07-10;F;VIP;1;588;180;Card;Browser/Work;;1
SESS-11789;08.08.2026 18:09:05;USR-1057;2007-12-06;M;Standard;2;240;200;Card;CS2;4.5;0
SESS-10329;2026-08-13 15:40:40;USR-1064;2004-07-08;M;VIP;3;630;600;Card;PUBG;4.0;0
SESS-10026;2026-08-17 08:28:53;USR-1208;2010-04-10;M;VIP;2;0;400;App;Minecraft;;0
SESS-16519;2026-08-15 20:16:56;USR-1076;2003-01-05;M;Bootcamp;4;400;600;Card;CS2;4.0;0
SESS-10464;2026-08-04 00:49:43;USR-1500;2008-06-21;M;VIP ;8;960;800;Card;CS2;4.0;0
SESS-10063;2026-08-27 11:57:23;USR-1458;2006-03-09;M;Bootcamp;3;560;450;App;Valorant;;0
SESS-16261;2026-08-08 21:09:54;USR-1113;2010-05-22;M;Bootcamp;2;80;300;Cash;CS2;;0
SESS-15311;2026-08-19 07:59:59;USR-1289;2010-05-21;M;Standard;3;0;300;Cash;Valorant;;0
SESS-14992;2026-08-15 06:48:24;USR-1154;1987-12-02;M;Standard;3;360;300;Card;PUBG;;0
SESS-13819;2026-08-07 18:27:02;USR-1131;2006-04-07;M;Bootcamp;3;320;450;Card;CS2;;0
SESS-11788;2026-08-10 15:50:56;USR-1363;2011-09-01;F;Standard;1;0;100;Cash;Valorant;;0
SESS-15436;2026-08-29 22:20:00;USR-1415;2011-12-24;M;Bootcamp;5;300;750;Cash;CS2;5.0;0
SESS-12041;2026-08-29 14:59:21;USR-1096;2008-05-14;M;Bootcamp;2;390;300;Card;Minecraft;;0
SESS-10858;2026-08-30 17:48:02;USR-1561;2008-08-16;M;Standard;1;0;100;App;CS2;1.0;0
SESS-16194;2026-08-06 16:33:30;USR-1688;2004-01-13;M;VIP;5;0;1000;Card;Deadlock;4.5;0
SESS-15347;2026-08-15 17:15:00;USR-1075;1995-03-20;F;Standard;4;720;400;Card;Cyberpunk 2077;;0
SESS-10204;2026-08-13 14:41:50;USR-1757;2001-08-06;M;Standard;3;0;270;Cash;CS2;;1
SESS-11346;2026-08-09 19:10:32;USR-1008;2001-12-13;M;Standard;3;480;300;App;CS2;4.0;0
SESS-17239;2026-08-24 21:30:00;USR-1027;2010-04-02;Женский;Standard;1;80;100;Cash;CS2;;0
SESS-12253;2026-08-08 20:36:57;USR-1145;2003-05-21;M;Standard;2;0;200;App;Valorant;;0
SESS-17051;2026-08-07 20:48:56;USR-1017;2010-09-20;M;Bootcamp;5;200;750;Cash;Minecraft;4.5;0
SESS-12293;2026-08-20 14:12:32;USR-1327;2004-04-27;M;PS5;4;896;900;Cash;Dota 2;;1
SESS-15868;2026-08-02 07:53:44;USR-1392;2007-10-22;M;Bootcamp;1;0;150;Card;Dota 2;5.0;0
SESS-13487;2026-08-04 16:02:12;USR-1731;2004-01-13;M;Standard;12;1344;1080;App;CS2;5.0;1
SESS-11854;2026-08-01 21:05:43;USR-1434;2005-05-11;M;Standard;2;0;200;Card;Valorant;4.5;0
SESS-15413;2026-08-10 22:02:25;USR-1266;2010-08-06;M;VIP;8;0;1440;App;Valorant;5.0;1
SESS-12201;2026-08-18 21:11:02;USR-1127;2009-02-14;M;VIP;2;0;400;Cash;CS2;5.0;0
SESS-10605;2026-08-12 17:00:44;USR-1022;2012-11-14;F;Standard;2;0;200;Cash;Valorant;;0
SESS-11584;2026-08-16 09:07:39;USR-1073;2012-07-14;F;VIP ;2;80;200;App;CS2;4.0;0
SESS-14316;2026-08-06 11:48:10;USR-1149;2003-10-27;M;Standard;1;80;100;Card;CS2;5.0;0
SESS-11638;2026-08-14 10:15:29;USR-1139;2003-05-21;M;VIP;4;1106;720;Card;Valorant;4.5;1
SESS-10668;2026-08-02 23:36:53;USR-1073;2012-07-14;F;PS5;12;0;3000;App;Dota 2;;0
SESS-12993;2026-08-01 18:01:27;USR-1038;2010-06-02;M;Standard;4;0;360;App;Minecraft;;1
SESS-10223;2026-08-04 22:20:44;USR-1112;2008-11-25;M;VIP;5;0;1000;Card;Deadlock;4.5;0
SESS-11670;2026-08-02 12:12:48;USR-1019;2011-02-06;M;Standard;4;0;400;App;CS2;4.0;0
SESS-16831;2026-08-07 21:40:34;USR-1150;2004-01-17;F;Bootcamp;3;714;405;App;CS2;4.5;1
SESS-10762;2026-08-14 18:59:03;USR-1105;2004-04-12;M;VIP;1;0;200;App;CS2;;0
SESS-14664;2026-08-19 18:51:38;USR-1480;2002-10-07;F;Standard;2;0;200;Card;Valorant;;0
SESS-10962;2026-08-22 12:26:00;USR-1591;2010-11-12;F;Standard;4;0;360;Card;Valorant;;1
SESS-10277;2026-08-09 22:30:10;USR-1417;2011-07-24;M;Bootcamp;8;0;1200;App;GTA V;;0
SESS-13328;2026-08-30 21:37:02;USR-1039;2004-10-18;M;Standard;4;448;360;Card;CS2;4.5;1
SESS-13031;2026/08/05 13:44:15;USR-1046;2009-12-16;M;Standard;1;60;100;Card;Valorant;5.0;0
SESS-11186;2026-08-24 21:19:56;USR-1112;2008-11-25;M;PS5;4;672;900;Card;Dota 2;;1
SESS-16311;2026-08-06 17:39:31;USR-1062;1998-04-23;M;PS5;12;1590;3000;App;CS2;;0
SESS-17066;2026-08-16 20:33:37;USR-1047;2004-05-25;M;PS5;3;240;750;App;Apex Legends;;0
SESS-10222;2026-08-22 16:58:29;USR-1054;2008-05-14;M;Bootcamp;1;160;150;Card;Dota 2;;0
SESS-12576;2026-08-16 13:20:57;USR-1418;2009-03-28;M;Standard;3;168;270;Card;Minecraft;;1
SESS-10257;2026-08-12 21:59:20;USR-1257;2011-07-16;M;Standard;2;120;200;Card;Valorant;;0
SESS-13822;2026-08-22 07:23:22;USR-1126;1996-07-13;F;VIP;2;540;400;Card;GTA V;4.5;0
SESS-14028;2026-08-01 15:42:44;USR-1133;2003-05-21;M;VIP;4;0;720;App;Valorant;;1
SESS-14585;2026-08-09 11:53:23;USR-1222;2005-04-07;M;Bootcamp;2;400;300;Card;CS2;;0
SESS-11369;2026-08-03 14:33:12;USR-1400;2011-02-02;M;Bootcamp;4;0;540;App;CS2;4.5;1
SESS-17114;2026-08-13 05:15:15;USR-1052;2011-10-25;1;Bootcamp;2;120;300;Cash;Minecraft;4.0;0
SESS-11050;2026-08-22 12:04:50;USR-1068;2011-11-23;F;Standard;3;0;270;App;Valorant;4.0;1
SESS-14751;2026-08-31 17:49:55;USR-1126;1996-07-13;F;VIP;2;660;400;Card;GTA V;5.0;0
SESS-16602;2026-08-16 16:44:14;USR-1041;2011-07-28;M;Bootcamp;3;240;450;App;Minecraft;;0
SESS-16579;2026-08-09 07:51:22;USR-1464;1994-12-06;M;VIP;4;0;720;Card;CS2;;1
SESS-17080;2026-08-18 22:34:26;USR-1028;2005-02-10;M;Standard;8;640;800;Cash;Dota 2;5.0;0
SESS-10362;2026-08-18 14:24:32;USR-1388;2006-05-24;M;VIP;1;0;200;Card;Dota 2;4.0;0
SESS-13524;2026-08-16 21:25:54;USR-1375;2006-11-03;M;VIP;1;0;200;Card;Dota 2;;0
SESS-10596;2026-08-08 13:53:56;USR-1586;2007-11-17;M;PS5;3;503;675;Card;Apex Legends;;1
SESS-16663;2026-08-07 00:13:27;USR-1148;2005-12-20;M;Standard;8;960;800;Card;CS2;4.0;0
SESS-15704;2026-08-31 20:09:16;USR-1446;1988-03-22;M;VIP;5;750;1000;Card;CS2;5.0;0
SESS-10162;2026-08-28 18:55:25;USR-1500;2008-06-21;M;PS5;3;480;750;App;Dota 2;;0
SESS-11938;2026-08-25 19:39:31;USR-1075;1995-03-20;F;PS5;5;1470;1125;Card;Dota 2;;1
SESS-15576;2026-08-13 23:21:14;USR-1029;1999-08-16;M;PS5;8;2150;2000;Card;Dota 2;;0
SESS-13467;2026-08-13 19:28:42;USR-1014;2010-07-18;F;Standard;1;0;100;Cash;Minecraft;4.0;0
SESS-10741;2026-08-11 15:29:39;USR-1144;2005-01-11;M;VIP;4;0;800;App;Deadlock;5.0;0
SESS-10059;2026-08-21 21:05:56;USR-1290;2006-10-02;M;VIP;3;0;600;Card;CS2;4.5;0
SESS-11312;2026-08-02 19:57:38;USR-1025;2010-10-04;M;Standard;5;0;450;App;Deadlock;;1
SESS-12827;2026-08-22 22:28:44;USR-1098;2009-05-09;F;Standard;5;0;500;App;Minecraft;;0
SESS-16129;2026-08-08 17:05:22;USR-1068;2011-11-23;F;Standard;4;0;400;App;Dota 2;;0
SESS-13106;2026-08-03 18:48:06;USR-1515;2007-10-27;F;Bootcamp;2;0;300;App;Deadlock;4.5;0
SESS-11194;2026-08-25 02:25:04;USR-1322;2005-06-26;M;Standard;5;0;450;App;Apex Legends;;1
SESS-14732;2026-08-23 21:25:41;USR-1355;2005-11-25;F;VIP;2;320;400;App;Deadlock;3.0;0
SESS-11709;2026-08-22 17:03:50;USR-1095;2006-06-20;M;Standard;8;896;720;App;Dota 2;1.0;1
SESS-15549;2026-08-09 16:47:39;USR-1404;2009-12-11;M;Standard;3;0;300;Card;Valorant;4.5;0
SESS-15466;2026-08-29 22:50:57;USR-1139;2003-05-21;M;Standard;8;0;800;Card;CS2;;0
SESS-12722;2026-08-09 13:12:43;USR-1092;2001-05-02;F;Standard;1;80;100;Card;Cyberpunk 2077;;0
SESS-10976;2026-08-15 02:54:33;USR-1079;2008-08-05;M;Bootcamp;1;0;150;App;Valorant;;0
SESS-11913;2026-08-30 21:52:46;USR-1000;1994-09-16;M;Standard;1;168;90;App;Dota 2;4.5;1
SESS-12323;2026-08-09 14:15:11;USR-1049;2011-07-07;M;Standard;2;224;180;Cash;CS2;;1
SESS-13738;2026-08-15 20:59:29;USR-1051;2011-06-02;F;Bootcamp;2;160;300;App;Minecraft;4.5;0
SESS-10493;2026-08-08 21:09:50;USR-1347;2006-01-17;F;Standard;1;80;100;Card;Valorant;4.0;0
SESS-11455;2026-08-05 01:49:16;USR-1370;2005-07-24;M;Standard;12;0;1200;Card;Dota 2;;0
SESS-16082;2026-08-19 15:47:41;USR-1564;2004-07-10;M;ps5;2;0;300;Card;Apex Legends;;0
SESS-14185;2026-08-07 18:06:52;USR-1212;1988-12-11;M;Standard;2;240;200;Card;GTA V;2.0;0
SESS-13902;2026-08-20 17:52:16;USR-1042;1997-02-02;M;VIP;8;2436;1440;Card;CS2;4.5;1
SESS-13178;2026-08-07 16:39:26;USR-1360;2012-11-04;F;Standard;3;251;270;Cash;CS2;4.0;1
SESS-14994;2026-08-24 06:10:25;USR-1148;2005-12-20;M;PS5;3;240;750;Card;CS2;;0
SESS-16990;2026-08-09 21:46:47;USR-1131;2006-04-07;M;Standard;1;0;100;App;CS2;4.0;0
SESS-15112;2026-08-09 00:32:42;USR-1144;2005-01-11;M;Standard;5;800;500;App;CS2;5.0;0
SESS-12282;2026-08-27 22:41:09;USR-1036;2005-06-28;M;VIP;5;880;1000;Card;CS2;5.0;0
SESS-13108;2026-08-14 21:14:36;USR-1112;2008-11-25;M;Standard;1;0;100;Card;Deadlock;;0
SESS-16274;2026-08-29 00:18:08;USR-1150;2004-01-17;F;Bootcamp;12;2070;1800;Card;Minecraft;4.0;0
SESS-13633;2026-08-19 18:26:48;USR-1349;2010-10-21;M;Standard;4;0;400;App;Valorant;4.5;0
SESS-10823;2026-08-09 20:25:56;USR-1535;2006-09-22;M;Standard;1;0;100;App;Dota 2;;0
SESS-11952;2026-08-28 22:16:22;USR-1750;2010-08-03;M;Standard;8;0;800;Card;CS2;4.5;0
SESS-13194;2026-08-07 08:33:53;USR-1146;2004-01-15;M;Standard;2;160;200;Card;Minecraft;;0
SESS-14520;2026-08-16 13:31:38;USR-1299;2011-11-09;M;Standard;4;224;360;App;Deadlock;;1
SESS-10052;2026-08-11 20:28:01;USR-1695;2011-02-25;M;Bootcamp;3;0;450;App;CS2;;0
SESS-10991;2026-08-26 06:01:54;USR-1167;2009-05-04;M;PS5;2;0;500;Cash;CS2;;0
SESS-13612;2026-08-13 14:58:45;USR-1019;2011-02-06;M;PS5;3;0;750;App;CS2;;0
SESS-11985;2026-08-23 19:12:47;USR-1355;2005-11-25;F;Standard;2;0;200;Card;CS2;;0
SESS-14451;2026-08-01 18:31:31;USR-1045;2006-09-28;M;Standard;2;160;200;Card;Deadlock;4.5;0
SESS-10687;2026-08-12 09:11:36;USR-1063;2007-02-12;M;Bootcamp;3;630;450;Card;Valorant;;0
SESS-10610;2026-08-09 20:55:32;USR-1332;2012-09-04;M;VIP;3;240;600;App;CS2;;0
SESS-11106;2026-08-25 17:49:14;USR-1317;2011-02-20;M;Standard;2;160;200;App;Minecraft;5.0;0
SESS-11552;2026-08-14 22:16:02;USR-1116;2006-12-01;M;Standard;5;0;500;Card;CS2;3.0;0
SESS-12697;2026-08-30 18:22:31;USR-1300;2001-04-21;F;Standard;4;0;360;Card;Dota 2;;1
SESS-10042;2026-08-09 13:37:39;USR-1084;2006-01-24;M;VIP;2;0;400;App;CS2;;0
SESS-13393;2026-08-22 22:25:22;USR-1595;1998-03-16;M;VIP;5;1260;900;Card;CS2;;1
SESS-11040;2026-08-15 16:08:12;USR-1534;2009-09-17;M;Bootcamp;3;0;450;App;Dota 2;2.0;0
SESS-13288;2026/08/30 19:17:35;USR-1144;2005-01-11;M;Standard;3;360;300;Card;Dota 2;5.0;0
SESS-10702;2026-08-31 17:21:13;USR-1780;2012-09-11;F;Standard;1;0;100;App;Deadlock;;0
SESS-15483;2026-08-23 14:05:35;USR-1624;2004-05-20;M;Standard;4;448;360;App;Dota 2;;1
SESS-12118;2026-08-01 07:55:45;USR-1257;2011-07-16;M;PS5;1;0;250;Card;Minecraft;;0
SESS-15429;2026-08-19 17:34:14;USR-1403;2010-01-28;M;Standard;8;448;720;App;CS2;5.0;1
SESS-16470;2026-08-03 15:05:47;USR-1580;1996-10-04;M;Standard;2;360;200;Card;CS2;;0
SESS-14752;2026-08-01 16:12:35;USR-1018;2011-02-01;M;Standard;3;168;270;App;Valorant;;1
SESS-13974;2026-08-30 17:24:46;USR-1284;2007-03-19;F;Standard;4;672;360;Card;Dota 2;4.5;1
SESS-10397;2026-08-14 22:34:16;USR-1120;2011-05-02;F;Standard;5;300;500;App;Minecraft;;0
SESS-13858;2026-08-29 19:21:05;USR-1098;2009-05-09;F;Standard;1;0;100;Card;Minecraft;2.0;0
SESS-11879;2026-08-10 14:00:20;USR-1195;2010-04-23;M;Standard;8;672;720;Cash;Dota 2;4.0;1
SESS-12455;2026-08-25 00:00:45;USR-1156;2012-02-05;F;Bootcamp;8;0;1200;Cash;CS2;;0
SESS-12246;2026-08-11 20:09:31;USR-1335;2011-03-17;M;Standard;1;0;100;App;Valorant;;0
SESS-12825;2026-08-20 15:14:05;USR-1061;2004-03-24;M;Bootcamp;3;390;450;App;CS2;;0
SESS-13726;2026-08-02 03:28:47;USR-1089;2012-05-15;M;Standard;1;0;100;Cash;Minecraft;;0
SESS-11794;2026-08-07 22:41:48;USR-1704;2005-03-07;M;VIP;8;790;1600;App;PUBG;5.0;0
SESS-15813;2026-08-22 13:10:50;USR-1013;2010-03-22;F;PS5;3;0;750;Card;CS2;5.0;0
SESS-10489;2026-08-30 14:27:44;USR-1084;2006-01-24;M;Standard;1;120;100;Card;Valorant;4.5;0
SESS-12602;2026-08-17 12:52:23;USR-1348;2003-02-16;F;Standard;1;120;100;App;CS2;;0
SESS-13690;2026-08-08 19:14:25;USR-1075;1995-03-20;F;VIP;3;965;540;Card;GTA V;4.5;1
SESS-10680;2026-08-23 21:28:51;USR-1458;2006-03-09;M;Standard;3;480;300;Card;CS2;4.0;0
SESS-16600;2026-08-31 23:21:45;USR-1065;2009-08-26;F;Standard;5;0;500;Cash;Valorant;4.5;0
SESS-15537;2026-08-08 07:12:28;USR-1575;2002-11-19;M;Bootcamp;2;240;300;Card;CS2;4.5;0
SESS-16119;2026-08-01 15:48:22;USR-1091;2004-01-15;M;Standard;2;320;200;App;Dota 2;;0
SESS-17200;2026-08-19 14:05:13;USR-1112;2008-11-25;M;VIP;3;510;600;App;Deadlock;;0
SESS-12741;2026-08-06 20:13:48;USR-1462;2007-10-24;M;Standard;12;0;1080;Card;CS2;4.0;1
SESS-10937;2026-08-27 14:58:09;USR-1698;2005-07-10;M;Standard;5;0;450;Card;Valorant;5.0;1
SESS-15694;2026-08-15 02:45:36;USR-1156;2012-02-05;F;PS5;5;200;1250;App;Minecraft;5.0;0
SESS-17063;2026-08-20 08:37:29;USR-1206;2011-08-22;M;Bootcamp;3;336;405;Cash;CS2;;1
SESS-15490;2026-08-02 01:12:23;USR-1042;1997-02-02;M;Standard;~8;1440;800;App;Dota 2;1.0;0
SESS-14083;2026-08-05 13:43:52;USR-1042;1997-02-02;M;PS5;1;330;250;Card;Cyberpunk 2077;5.0;0
SESS-15929;2026-08-10 20:57:56;USR-1725;2005-09-06;M;Standard;1;0;100;App;Dota 2;;0
SESS-12329;2026-08-23 15:47:04;USR-1244;2005-04-18;M;PS5;2;0;500;App;Apex Legends;;0
SESS-13162;2026-08-31 23:15:19;USR-1190;2005-12-28;M;Bootcamp;12;2800;1620;Card;Apex Legends;5.0;1
SESS-14977;2026-08-29 19:29:12;USR-1728;2008-12-03;M;Standard;2;0;200;Card;Dota 2;;0
SESS-14874;2026-08-20 20:44:17;USR-1125;2006-07-09;F;Standard;2;336;180;Card;CS2;;1
SESS-14588;2026-08-31 19:14:06;USR-1126;1996-07-13;F;Standard;5;0;500;Card;Browser/Work;2.0;0
SESS-12305;2026-08-06 20:48:35;USR-1699;2000-12-17;M;Standard;3;756;270;Card;Dota 2;;1
SESS-16350;2026-08-07 19:56:35;USR-1546;2010-07-25;M;Standard;4;0;400;Card;Minecraft;;0
SESS-13823;2026-08-31 15:23:54;USR-1591;2010-11-12;F;Standard;2;0;200;App;CS2;;0
SESS-15031;2026-08-12 12:33:26;USR-1228;2009-01-15;M;Bootcamp;2;0;300;App;Dota 2;4.0;0
SESS-14543;2026-08-11 15:06:14;USR-1032;2011-02-27;M;Standard;2;0;200;Cash;Minecraft;;0
SESS-15921;2026-08-03 17:47:41;USR-1091;2004-01-15;M;Standard;2;160;200;Card;CS2;4.5;0
SESS-14858;2026-08-22 10:42:39;USR-1395;2006-05-19;F;VIP;3;560;600;App;CS2;4.0;0
SESS-14438;2026-08-30 17:13:01;USR-1714;2011-01-27;M;VIP;3;0;600;App;Dota 2;4.5;0
SESS-15447;2026-08-25 16:47:05;USR-1070;2008-04-24;M;Standard;3;240;300;Card;Valorant;4.5;0
SESS-13975;2026-08-28 07:43:27;USR-1523;2006-10-11;M;VIP;1;0;200;Card;CS2;;0
SESS-11690;2026-08-18 02:37:55;USR-1130;2008-05-01;F;VIP;4;790;800;Cash;Dota 2;4.0;0
SESS-16463;2026-08-21 11:38:45;USR-1124;2004-09-24;M;Standard;2;160;200;App;Apex Legends;1.0;0
SESS-13156;2026-08-21 17:50:36;USR-1128;2007-05-19;M;Standard;1;160;100;Card;Valorant;4.0;0
SESS-11815;2026-08-15 00:29:51;USR-1144;2005-01-11;M;Standard;12;2688;1080;Card;CS2;4.0;1
SESS-12413;2026-08-09 14:38:06;USR-1027;2010-04-02;F;Standard;8;0;800;Cash;Minecraft;;0
SESS-13965;2026-08-22 14:39:40;USR-1077;1996-09-03;M;Standard;3;0;300;Card;PUBG;1.0;0
SESS-11114;2026-08-23 19:48:31;USR-1526;2012-04-13;M;Standard;2;0;200;Cash;Valorant;3.0;0
SESS-15551;2026-08-28 14:28:39;USR-1611;2011-11-18;M;Bootcamp;3;0;405;Cash;CS2;;1
SESS-16417;2026-08-09 15:05:53;USR-1010;2007-09-24;M;Standard;2;448;180;Card;Apex Legends;;1
SESS-16595;2026-08-12 12:17:12;USR-1130;2008-05-01;F;Bootcamp;2;0;300;App;Dota 2;;0
SESS-10869;2026-08-13 20:30:41;USR-1071;1993-04-12;M;VIP;2;510;400;Card;CS2;;0
SESS-12677;2026-08-09 12:21:23;USR-1101;2003-05-22;M;Standard;2;0;200;App;Deadlock;;0
SESS-10853;2026-08-15 06:22:29;USR-1044;2023-06-15;M;Standard;-2;360;300;Card;PUBG;;0
SESS-10214;2026-08-23 15:03:58;USR-1063;02/12/2007;M;Bootcamp;2;0;300;Card;CS2;2.0;0
SESS-14287;2026-08-04 21:33:07;USR-1101;2003-05-22;M;VIP;2;0;360;Cash;Dota 2;;1
SESS-11021;2026-08-12 14:07:42;USR-1092;2001-05-02;F;Standard;3;0;300;Card;CS2;;0
SESS-14039;2026-08-19 20:57:12;USR-1023;2010-02-02;M;Standard;3;0;300;Cash;CS2;;0
SESS-13127;2026-08-26 17:56:28;USR-1183;2009-12-28;F;Standard;3;0;300;Cash;Minecraft;4.0;0
SESS-13242;2026-08-24 12:30:58;USR-1334;2000/05/11;M;Standard;3;540;300;Card;Cyberpunk 2077;4.5;0
SESS-11736;2026-08-02 03:07:30;USR-1529;2007-02-11;F;VIP;8;1106;1440;Card;CS2;4.0;1
SESS-14756;2026-08-10 19:58:28;USR-1246;2010-04-28;M;Bootcamp;3;0;450;Cash;CS2;4.5;0
SESS-13523;2026-08-30 19:24:51;USR-1126;1996-07-13;F;VIP;2;540;400;App;Deadlock;;0
SESS-15008;2026-08-02 12:24:26;USR-1720;2012-03-11;M;Standard;3;251;270;Cash;CS2;4.5;1
SESS-15138;2026-08-30 13:36:51;USR-1344;2003-07-19;F;PS5;2;320;500;Card;Valorant;;0
SESS-15806;2026-08-31 20:20:53;USR-1486;1996-12-13;M;Bootcamp;2;510;300;Card;Dota 2;4.0;0
SESS-12458;2026-08-29 04:29:31;USR-1023;2010-02-02;M;Standard;1;56;90;App;Dota 2;;1
SESS-16636;2026-08-01 16:05:41;USR-1061;2004-03-24;M;Bootcamp;4;790;600;Card;CS2;;0
SESS-15144;2026-08-24 00:50:53;USR-1633;2004-01-26;M;PS5;12;2015;2700;Card;Valorant;;1
SESS-15378;2026-08-22 19:28:56;USR-1764;2003-03-20;M;Standard;2;320;200;Card;Dota 2;5.0;0
SESS-14344;2026-08-16 12:40:35;USR-1068;2011-11-23;F;PS5;5;0;1250;App;Dota 2;4.0;0
SESS-10725;2026-08-10 13:02:50;USR-1134;1995-04-07;M;Bootcamp;1;420;150;Card;CS2;4.0;0
SESS-14728;2026-08-30 20:27:27;USR-1123;2003-11-08;F;Standard;3;0;300;Card;CS2;5.0;0
SESS-14836;2026-08-21 08:01:41;USR-1022;2012-11-14;F;PS5;2;80;500;App;Dota 2;;0
SESS-13788;2026-08-14 16:03:00;USR-1051;2011-06-02;F;PS5;1;0;250;App;Dota 2;;0
SESS-15084;2026-08-02 12:43:16;USR-1010;2007-09-24;M;VIP;2;448;360;Card;Cyberpunk 2077;;1
SESS-15653;2026-08-20 18:33:04;USR-1681;2006-06-11;M;Standard;2;240;200;Card;CS2;;0
SESS-15512;2026-08-19 11:06:55;USR-1130;2008-05-01;F;Bootcamp;1;310;150;Card;Dota 2;4.0;0
SESS-10351;2026-08-07 19:03:03;USR-1101;2003-05-22;M;Bootcamp;2;310;300;App;CS2;;0
SESS-15850;2026-08-14 02:13:55;USR-1345;2012-07-11;F;PS5;2;0;500;App;Minecraft;;0
SESS-16401;2026-08-16 10:22:43;USR-1526;2012-04-13;M;Bootcamp;3;180;450;Cash;CS2;;0
SESS-10201;2026-08-12 17:43:28;USR-1101;2003-05-22;M;PS5;3;0;675;Card;Dota 2;;1
SESS-16427;2026-08-29 12:34:58;USR-1027;2010-04-02;F;Standard;2;0;200;Cash;Deadlock;;0
SESS-11558;2026-08-11 17:33:43;USR-1032;2011-02-27;M;Standard;4;0;360;App;CS2;;1
SESS-15377;2026-08-26 14:38:42;USR-1062;1998-04-23;M;Standard;1;120;100;Card;Cyberpunk 2077;4.5;0
SESS-11321;2026-08-06 19:15:23;USR-1723;2005-11-06;1;Standard;1;160;100;Card;Dota 2;;0
SESS-12033;2026-08-04 18:54:04;USR-1313;1989-06-14;M;VIP;3;510;600;Card;Cyberpunk 2077;5.0;0
SESS-14480;2026-08-01 17:23:18;USR-1019;2011-02-06;M;Bootcamp;1;0;150;Cash;Dota 2;3.0;0
SESS-15231;2026-08-28 02:52:57;USR-1450;2007-09-12;M;Standard;2;160;200;App;Minecraft;;0
SESS-13202;2026-08-27 16:53:50;USR-1759;2001-11-11;F;Bootcamp;5;951;675;Card;Minecraft;4.0;1
SESS-14017;2026-08-31 10:26:46;USR-1730;1997-10-12;M;PS5;3;840;750;Card;PUBG;4.0;0
SESS-16079;2026-08-02 18:17:27;USR-1607;2010-10-08;M;Bootcamp;3;240;450;App;Minecraft;;0
SESS-13305;2026-08-25 08:19:08;USR-1748;2004-06-07;M;Bootcamp;1;160;150;App;Dota 2;;0
SESS-16477;2026-08-29 00:11:53;USR-1113;22.05.2010;M;Standard;2;160;200;Cash;Dota 2;;0
SESS-14742;2026-08-24 16:59:22;USR-1249;2008-12-18;M;Bootcamp;5;0;750;Card;CS2;5.0;0
SESS-16166;2026-08-26 23:38:43;USR-1724;2005-09-17;M;Standard;5;0;500;Card;PUBG;4.0;0
SESS-15340;2026-08-04 22:52:11;USR-1117;2006-12-19;M;Standard;12;960;1200;App;Deadlock;4.5;0
SESS-11485;2026-08-28 20:27:57;USR-1125;2006-07-09;F;Bootcamp;2;320;300;Card;Valorant;;0
SESS-15469;2026-08-08 16:12:40;USR-1790;2011-09-03;M;Standard;2;120;200;App;Minecraft;;0
SESS-13475;2026-08-18 12:48:51;USR-1038;2010-06-02;M;Standard;5;0;450;Cash;CS2;4.5;1
SESS-15548;2026-08-05 12:43:50;USR-1156;2012-02-05;F;VIP;5;0;900;App;Dota 2;4.0;1
SESS-15035;2026-08-11 10:47:16;USR-1569;2010-03-22;M;Standard;1;0;100;App;Deadlock;4.0;0
SESS-12383;2026-08-26 16:52:59;USR-1303;2011-11-11;M;Standard;2;0;200;App;Minecraft;4.0;0
SESS-11264;2026-08-10 15:31:35;USR-1150;2004-01-17;F;Standard;1;160;100;App;Deadlock;4.5;0
SESS-11136;2026-08-13 14:39:41;USR-1761;2001-02-23;F;Standard;1;160;100;App;CS2;4.5;0
SESS-14452;2026-08-07 11:06:44;USR-1065;2009-08-26;F;Standard;1;60;100;App;CS2;4.0;0
SESS-11087;2026-08-06 20:11:26;USR-1081;1997-02-08;F;Bootcamp;1;0;135;App;PUBG;;1
SESS-17117;2026-08-01 22:53:29;USR-1099;2001-07-16;M;Standard;12;960;1200;Card;Apex Legends;2.0;0
SESS-12366;2026-08-23 22:54:40;USR-1034;1991-12-14;M;Standard;8;1440;800;Card;Dota 2;4.5;0
SESS-13605;2026-08-30 22:21:28;USR-1671;1996-03-14;M;Standard;2;0;200;App;Cyberpunk 2077;;0
SESS-12763;2026-08-14 14:57:17;USR-1131;2006-04-07;M;Standard;5;0;500;App;PUBG;4.5;0
SESS-12412;2026-08-09 08:01:12;USR-1753;2005-03-09;M;VIP;1;160;200;Card;Deadlock;;0
SESS-10840;2026-08-01 17:18:54;USR-1088;1992-02-13;M;VIP;3;840;600;Card;Dota 2;4.5;0
SESS-13776;2026-08-21 17:55:31;USR-1560;2007-10-17;M;Standard;5;800;500;Card;Dota 2;4.5;0
SESS-11431;2026-08-31 16:23:33;USR-1280;2003-02-25;M;Standard;4;0;360;Card;Valorant;5.0;1
SESS-13470;2026-08-29 13:56:07;USR-1026;2010-02-02;M;Standard;2;0;200;App;Minecraft;4.5;0
SESS-12263;2026-08-13 23:23:04;USR-1295;2006-10-07;M;Standard;8;1280;800;Card;CS2;;0
SESS-16389;2026-08-01 17:33:55;USR-1013;2010-03-22;F;Standard;2;160;200;App;Valorant;;0
SESS-10723;2026-08-28 14:18:18;USR-1157;2011-01-17;M;Standard;2;0;200;App;Deadlock;;0
SESS-13982;2026-08-07 09:34:08;USR-1209;1997-08-10;M;Bootcamp;2;0;300;Card;CS2;;0
SESS-16493;2026-08-29 16:37:00;USR-1654;2004-01-02;M;PS5;3;336;675;Card;Apex Legends;5.0;1
SESS-12795;2026-08-23 20:24:37;USR-1650;2011-04-01;F;VIP;2;0;400;App;Dota 2;;0
SESS-11029;2026-08-31 21:05:34;USR-1058;2008-11-03;M;Bootcamp;1;240;150;Card;CS2;5.0;0
SESS-10784;2026-08-29 00:46:35;USR-1752;2010-12-20;F;Standard;3;0;300;Cash;Dota 2;;0
SESS-11257;2026-08-18 12:31:10;USR-1027;2010-04-02;F;Standard;2;0;200;Cash;CS2;;0
SESS-14478;2026-08-30 17:41:01;USR-1633;2004-01-26;M;Standard;2;240;200;Card;Dota 2;4.0;0
SESS-13032;2026-08-16 18:42:21;USR-1306;2012-10-21;M;Standard;2;112;180;App;Minecraft;;1
SESS-10431;2026-08-02 22:43:35;USR-1143;2006-07-15;F;Standard;12;2688;1080;Card;CS2;4.0;1
SESS-13933;2026-08-07 01:37:15;USR-1286;2006-07-18;M;VIP;12;0;2400;Card;Dota 2;4.5;0
SESS-17215;2026-08-03 15:50:03;USR-1150;2004-01-17;F;Bootcamp;5;0;675;App;CS2;4.0;1
SESS-11265;2026-08-07 14:32:53;USR-1644;2010-12-18;M;Bootcamp;1;40;150;App;Dota 2;;0
SESS-13080;2026-08-03 14:56:36;USR-1472;2011-03-03;M;Standard;3;0;300;Cash;Dota 2;4.5;0
SESS-10619;2026-08-19 20:27:15;USR-1491;2006-11-11;M;Standard;3;0;300;App;CS2;5.0;0
SESS-12160;2026-08-18 18:13:05;USR-1391;2005-06-01;M;VIP;2;0;400;Card;Valorant;;0
SESS-10415;2026-08-30 11:13:39;USR-1357;2003-08-08;M;VIP;3;0;600;App;Dota 2;;0
SESS-14421;2026-08-10 23:34:26;USR-1200;2008-10-20;F;Bootcamp;8;1430;1200;Card;Dota 2;;0
SESS-15847;2026-08-07 17:05:38;USR-1540;2005-12-23;M;VIP;3;546;540;App;Valorant;4.5;1
SESS-12901;2026-08-14 16:02:29;USR-1312;1998-03-17;M;PS5;2;909;450;Card;GTA V;;1
SESS-10452;2026-08-16 13:01:45;USR-1790;2011-09-03;M;Standard;2;0;200;App;Valorant;;0
SESS-12987;2026-08-22 18:17:27;USR-1788;2007-09-08;M;PS5;4;0;1000;App;Dota 2;4.5;0
SESS-13312;2026-08-09 17:43:29;USR-1363;2011-09-01;F;Standard;4;0;400;Card;CS2;;0
SESS-15535;2026-08-08 18:57:50;USR-1084;2006-01-24;M;VIP;3;560;600;App;Dota 2;4.0;0
SESS-11456;2026-08-10 14:34:47;USR-1006;2007-06-18;M;Bootcamp;3;560;450;App;Valorant;;0
SESS-13037;2026-08-08 19:03:06;USR-1121;2007-05-26;M;VIP;3;560;600;App;Valorant;3.0;0
SESS-15994;2026-08-06 16:44:03;USR-1722;2006-12-24;M;Standard;2;224;180;Cash;Valorant;;1
SESS-13757;2026-08-02 18:57:09;USR-1233;2012-06-10;M;Standard;2;0;200;Cash;Minecraft;;0
SESS-11337;2026-08-08 09:33:43;USR-1190;2005-12-28;M;VIP;2;0;400;Card;Dota 2;4.0;0
SESS-16823;2026-08-24 01:32:21;USR-1096;2008-05-14;M;Bootcamp;8;0;1200;App;Deadlock;;0
SESS-11876;2026-08-12 12:53:07;USR-1133;2003-05-21;M;Standard;2;0;200;Card;CS2;;0
SESS-15943;2026-08-24 19:02:29;USR-1140;2008-06-12;M;Standard;1;0;100;App;CS2;4.5;0
SESS-11754;2026-08-22 21:18:53;USR-1422;2012-06-23;M;VIP;12;0;2400;Cash;CS2;3.0;0
SESS-10850;2026-08-29 18:51:10;USR-1532;2007-12-28;M;Bootcamp;2;470;300;App;Valorant;;0
SESS-12098;2026-08-29 12:22:49;USR-1063;2007-02-12;M;Bootcamp;2;0;300;App;GTA V;;0
SESS-13460;2026-08-03 20:42:00;USR-1556;2009-08-19;M;VIP;1;60;200;Card;PUBG;5.0;0
SESS-10661;2026-08-14 22:26:26;USR-1089;2012-05-15;M;VIP;8;0;1600;Cash;CS2;4.0;0
SESS-17248;2026-08-12 01:31:54;USR-1243;2010-02-10;M;Bootcamp;8;0;1200;App;Dota 2;;0
SESS-15558;2026-08-21 01:03:43;USR-1678;2009-11-05;M;VIP;8;0;1600;Card;Valorant;;0
SESS-16515;2026-08-06 21:06:23;USR-1614;2006-09-16;F;Standard;1;120;100;Card;Dota 2;5.0;0
SESS-11600;2026-08-16 18:10:36;USR-1028;2005-02-10;M;Standard;3;0;300;App;Dota 2;4.5;0
SESS-12751;2026-08-07 14:44:14;USR-1114;2005-06-01;M;Bootcamp;1;0;150;Card;CS2;;0
SESS-16352;2026-08-22 15:34:39;USR-1042;1997-02-02;M;VIP;2;540;400;Card;Dota 2;;0
SESS-14972;2026-08-28 12:47:01;USR-1144;2005-01-11;M;Standard;2;0;200;Card;CS2;;0
SESS-13888;2026-08-14 15:19:32;USR-1485;2004-01-19;F;PS5;3;0;750;Cash;CS2;;0
SESS-17189;2026-08-15 19:57:07;USR-1151;2007-01-05;F;PS5;2;0;500;Card;Valorant;;0
SESS-12853;2026-08-01 19:42:32;USR-1313;1989-06-14;M;Standard;1;250;100;Card;CS2;;0
SESS-10992;2026-08-03 20:44:55;USR-1354;2008-01-14;F;Standard;2;0;200;Cash;CS2;4.0;0
SESS-10409;2026-08-03 00:25:39;USR-1144;2005-01-11;M;Standard;8;896;720;Card;Cyberpunk 2077;;1
SESS-13774;2026-08-19 21:07:47;USR-1437;2007-10-20;M;Bootcamp;2;0;300;App;CS2;4.0;0
SESS-16143;2026-08-27 17:29:38;USR-1516;2007-09-11;M;Standard;2;0;200;Card;Deadlock;;0
SESS-14528;2026-08-20 16:12:58;USR-1710;2004-11-20;M;Bootcamp;3;630;450;Card;Valorant;5.0;0
SESS-16098;2026-08-01 12:43:10;USR-1044;1996-12-25;M;Bootcamp;4;1150;600;Card;Cyberpunk 2077;2.0;0
SESS-16956;2026-08-16 08:35:20;USR-1036;2005-06-28;M;VIP;1;0;200;App;Apex Legends;;0
SESS-16516;2026-08-01 19:59:19;USR-1519;2010-11-07;M;Standard;2;0;200;Cash;CS2;;0
SESS-13596;2026-08-29 17:37:35;USR-1751;1997-10-14;M;Standard;4;0;400;Card;CS2;;0
SESS-12001;2026-08-26 14:52:39;USR-1618;2007-04-14;M;Standard;3;240;300;Card;CS2;3.0;0
SESS-13360;2026-08-25 16:24:50;USR-1633;2004-01-26;M;Bootcamp;8;0;1200;Card;Dota 2;2.0;0
SESS-14234;2026-08-24 23:22:04;USR-1493;1995-11-27;M;Bootcamp;3;0;450;Cash;GTA V;2.0;0
SESS-14307;2026-08-01 23:46:34;USR-1314;1993-09-01;M;PS5;12;4410;2700;Card;Cyberpunk 2077;;1
SESS-11665;2026-08-16 08:48:12;USR-1595;1998-03-16;M;Standard;1;120;100;Card;Dota 2;;0
SESS-14946;2026-08-18 14:16:07;USR-1522;2008-11-21;M;Standard;3;360;300;Card;CS2;4.0;0
SESS-14356;2026-08-06 14:19:23;USR-1219;1996-02-18;F;Standard;2;360;200;Card;Dota 2;4.5;0
SESS-17118;2026-08-25 13:57:24;USR-1013;2010-03-22;F;VIP;5;0;1000;App;Minecraft;5.0;0
SESS-11111;2026-08-29 14:58:51;USR-1642;2005-07-19;M;Bootcamp;3;0;450;Card;Deadlock;4.0;0
SESS-12472;2026-08-24 16:26:32;USR-1676;1992-07-26;M;PS5;3;1050;750;Card;GTA V;4.0;0
SESS-10386;2026-08-12 23:30:53;USR-1200;2008-10-20;F;Standard;2;320;200;Card;CS2;;0
SESS-16622;2026-08-14 11:29:26;USR-1011;2011-12-14;M;Standard;2;0;200;App;CS2;;0
SESS-11858;2026-08-15 17:16:11;USR-1290;2006-10-02;M;Bootcamp;3;560;450;Card;Deadlock;;0
SESS-11512;2026-08-30 15:45:47;USR-1701;2010-07-18;M;Bootcamp;3;0;405;App;CS2;;1
SESS-14634;2026-08-17 15:36:25;USR-1433;2006-02-14;M;Standard;8;0;800;Card;Dota 2;;0
SESS-16033;2026-08-14 19:47:03;USR-1410;2003-08-02;M;Bootcamp;5;0;750;App;Dota 2;4.0;0
SESS-10561;2026-08-09 21:13:05;USR-1195;2010-04-23;M;Bootcamp;5;0;750;App;Deadlock;5.0;0
SESS-13954;2026-08-27 21:14:59;USR-1306;2012-10-21;M;Standard;3;0;300;App;CS2;4.0;0
SESS-10314;2026-08-13 17:04:36;USR-1073;2012-07-14;F;Bootcamp;12;0;1620;App;CS2;;1
SESS-10690;2026-08-06 04:35:06;USR-1307;2007-08-26;M;Standard;2;320;200;Card;GTA V;;0
SESS-12278;2026-08-16 10:00:36;USR-1063;2007-02-12;M;Bootcamp;1;270;150;App;Deadlock;;0
SESS-14712;2026-08-18 23:44:10;USR-1321;2010-12-09;M;Standard;8;896;720;App;Valorant;;1
SESS-14399;2026-08-19 12:40:32;USR-1411;2010-06-20;M;Standard;3;180;300;Cash;Minecraft;;0
SESS-12800;2026-08-11 22:19:18;USR-1370;2005-07-24;M;PS5;12;0;2700;Card;CS2;;1
SESS-11723;2026-08-22 23:16:47;USR-1596;1999-12-20;F;Standard;12;2160;1200;App;GTA V;5.0;0
SESS-11304;2026-08-19 17:13:24;USR-1287;1996-04-07;M;Standard;3;0;300;Card;GTA V;;0
SESS-14658;2026-08-02 13:32:36;USR-1159;2003-06-05;M;Bootcamp;2;0;300;Card;Deadlock;;0
SESS-10258;2026-08-25 18:52:25;USR-1742;2008-04-20;M;VIP;8;0;1600;Card;Dota 2;4.5;0
SESS-13959;2026-08-11 19:12:48;USR-1738;1998-03-01;M;VIP;4;1150;800;App;Dota 2;;0
SESS-14768;2026-08-02 23:54:42;USR-1112;2008-11-25;M;Bootcamp;5;0;750;Card;Apex Legends;4.0;0
SESS-16746;2026-08-01 17:58:24;USR-1643;2010-06-01;M;Standard;2;0;200;Cash;Deadlock;;0
SESS-12235;2026-08-30 19:04:48;USR-1476;2002-08-28;F;Standard;4;896;360;Card;CS2;4.5;1
SESS-14594;2026-08-16 18:55:55;USR-1023;2010-02-02;M;Standard;1;60;100;App;Minecraft;;0
SESS-10578;2026-08-29 18:43:48;USR-1323;2004-06-11;F;Bootcamp;3;714;405;App;PUBG;;1
SESS-15120;2026-08-05 16:23:53;USR-1444;2009-02-07;M;Standard;5;0;450;Cash;CS2;;1
SESS-12215;2026-08-17 18:53:04;USR-1093;2004-06-23;F;Bootcamp;3;0;450;Cash;CS2;4.0;0
SESS-10274;2026-08-04 19:53:30;USR-1147;2010-04-19;M;VIP;3;0;540;App;Valorant;4.5;1
SESS-16210;2026-08-08 17:34:11;USR-1129;1993-08-09;F;Standard;2;360;200;App;Dota 2;;0
SESS-12307;2026-08-02 04:38:02;USR-1744;2006-11-06;M;Bootcamp;5;1050;675;Cash;PUBG;3.0;1
SESS-15532;08/07/2026 20:21:23;USR-1048;2003-07-10;F;Standard;2;0;180;App;Dota 2;;1
SESS-14517;2026-08-02 07:36:13;USR-1768;2005-01-16;F;Bootcamp;3;546;405;App;Dota 2;5.0;1
SESS-15366;2026-08-23 23:38:47;USR-1061;2004-03-24;M;Standard;8;1344;720;Card;Dota 2;4.0;1
SESS-15736;2026-08-19 15:40:54;USR-1544;1996-10-17;M; Bootcamp ;4;1428;540;Card;Dota 2;;1
SESS-16009;2026-08-16 02:44:07;USR-1094;2004-10-05;M;Standard;3;240;300;Cash;CS2;4.5;0
SESS-12588;2026-08-15 18:11:30;USR-1378;1995-11-07;M;Bootcamp;1;420;150;Card;Browser/Work;;0
SESS-10658;2026-08-30 16:29:20;USR-1667;1992-07-17;M;PS5;3;1260;675;Card;Browser/Work;;1
SESS-13175;2026-08-16 19:59:01;USR-1031;1993-08-21;M;PS5;1;420;250;Card;Cyberpunk 2077;;0
SESS-13343;2026-08-08 20:03:38;USR-1053;1994-03-24;M;VIP;3;1050;600;Card;GTA V;4.5;0
SESS-13124;2026-08-18 17:42:55;USR-1083;2000-08-19;M;PS5;3;1260;675;Card;PUBG;;1
SESS-10122;2026-08-23 12:50:04;USR-1022;2012-11-14;Женский;Standard;1;40;100;Card;Valorant;4.0;0
SESS-16554;2026-08-16 16:16:59;USR-1503;2004-06-09;M;Standard;4;0;360;Card;Deadlock;5.0;1
SESS-12346;2026-08-21 18:35:30;USR-1280;2003-02-25;M;VIP;2;310;400;Card;Dota 2;;0
SESS-16281;2026-08-12 22:54:11;USR-1541;1999-04-05;M;Standard;8;0;800;Card;Dota 2;;0
SESS-15913;2026-08-07 13:25:41;USR-1098;2009-05-09;F;Standard;1;0;100;Cash;Dota 2;4.0;0
SESS-11373;2026-08-16 13:24:08;USR-1026;2010-02-02;M;Standard;1;0;100;Cash;Apex Legends;4.5;0
SESS-12037;2026-08-12 10:13:09;USR-1163;2007-06-19;M;Bootcamp;3;560;450;App;Deadlock;;0
SESS-12841;2026-08-14 07:48:12;USR-1590;2004-05-18;M;Standard;3;0;270;Card;Dota 2;4.5;1
SESS-10581;2026-08-14 12:24:35;USR-1424;2005-07-20;M;Standard;2;160;200;Card;Valorant;1.0;0
SESS-13035;2026-08-29 13:03:23;USR-1466;2012-06-16;M;VIP;8;0;1600;Cash;Valorant;4.0;0
SESS-13173;2026-08-15 21:28:38;USR-1576;2010-12-17;F;Standard;3;0;270;Cash;CS2;4.5;1
SESS-12939;2026-08-14 20:32:11;USR-1587;1992-02-27;M;VIP;3;0;540;Card;Cyberpunk 2077;;1
SESS-12905;2026-08-22 02:23:49;USR-1468;2009-04-06;M;Standard;2;0;200;Cash;Deadlock;3.0;0
SESS-14497;2026-08-15 14:36:13;USR-1297;2012-04-24;M;Standard;3;0;300;Card;CS2;;0
SESS-10234;2026-08-02 19:14:45;USR-1529;2007-02-11;F;Standard;1;0;90;Card;Valorant;;1
SESS-11430;2026-08-22 09:15:23;USR-1143;2006-07-15;F;Standard;3;0;300;App;CS2;;0
SESS-12236;2026-08-28 19:14:56;USR-1348;2003-02-16;F;VIP;4;0;720;Card;CS2;5.0;1
SESS-10515;2026-08-02 16:48:51;USR-1317;2011-02-20;M;Standard;2;0;200;App;Dota 2;;0
SESS-15983;2026-08-11 12:39:03;USR-1222;2005-04-07;M;Bootcamp;3;0;450;Card;CS2;;0
SESS-16735;2026-08-22 16:50:35;USR-1120;2011-05-02;F;PS5;2;120;500;App;CS2;4.5;0
SESS-16875;2026-08-29 18:58:00;USR-1014;2010-07-18;F;Standard;2;0;200;Cash;Apex Legends;;0
SESS-11888;2026-08-11 22:47:40;USR-1723;2005-11-06;M;Standard;12;1344;1080;Card;CS2;4.5;1
SESS-11790;2026-08-14 12:43:33;USR-1000;1994-09-16;M;PS5;2;510;500;App;Dota 2;;0
SESS-12608;2026-08-21 17:28:48;USR-1020;2005-09-26;F;Bootcamp;2;0;300;Card;Deadlock;3.0;0
SESS-15639;2026-08-02 21:59:11;USR-1507;2003-11-04;M;Standard;8;1344;720;App;CS2;4.0;1
SESS-10667;2026-08-25 02:34:41;USR-1239;2007-04-13;M;Standard;3;336;270;Card;CS2;4.5;1
SESS-15520;2026-08-01 12:45:53;USR-1095;2006-06-20;M;Bootcamp;2;0;300;App;PUBG;;0
SESS-16410;2026-08-23 08:32:44;USR-1470;2009-07-10;M;Standard;2;0;200;App;Dota 2;5.0;0
SESS-14696;2026-08-18 14:12:38;USR-1685;2008-12-06;M;Standard;4;0;400;Card;Dota 2;4.5;0
SESS-17154;2026-08-12 00:33:35;USR-1749;2010-12-14;M;Standard;8;320;800;App;Minecraft;;0
SESS-11557;2026-08-23 00:21:37;USR-1314;1993-09-01;M;VIP;8;1260;1600;Card;CS2;5.0;0
SESS-12342;2026-08-28 18:48:21;USR-1613;2011-11-27;M;PS5;5;0;1250;Card;CS2;3.0;0
SESS-13747;2026-08-19 09:45:00;USR-1784;2009-04-19;M;Standard;1;40;100;Card;GTA V;;0
SESS-12972;2026-08-21 00:47:59;USR-1377;2008-03-07;F;Bootcamp;5;0;750;Card;Deadlock;4.5;0
SESS-15938;2026-08-07 23:22:10;USR-1105;2004-04-12;M;Standard;12;0;1200;Cash;Valorant;3.0;0
SESS-13825;2026-08-06 18:16:39;USR-1092;2001-05-02;F;Standard;2;320;200;App;CS2;;0
SESS-14266;2026-08-03 19:24:51;USR-1693;2005-08-06;M;Standard;2;240;200;Card;CS2;;0
SESS-15290;2026-08-27 17:31:47;USR-1134;1995-04-07;M;VIP;1;330;200;Card;CS2;4.5;0
SESS-14063;2026-08-01 23:51:50;USR-1192;2010-07-27;M;Standard;12;0;1080;App;CS2;;1
SESS-10300;2026-08-16 19:17:19;USR-1523;2006-10-11;M;Bootcamp;2;0;300;Cash;Deadlock;;0
SESS-15470;2026-08-07 15:06:22;USR-1296;2004-12-18;M;Standard;2;320;200;Card;PUBG;5.0;0
SESS-11341;2026-08-27 02:58:37;USR-1677;2011-02-09;M;Standard;12;0;1200;Cash;CS2;;0
SESS-12478;2026-08-16 18:20:07;USR-1124;2004-09-24;M;Standard;2;320;200;Card;Dota 2;4.5;0
SESS-12541;2026-08-30 16:44:04;USR-1579;2002-06-14;M;Bootcamp;12;1040;1800;Card;Valorant;4.0;0
SESS-13071;2026-08-21 20:27:18;USR-1266;2010-08-06;M;Standard;1;0;100;Card;Minecraft;;0
SESS-14381;2026-08-04 02:18:04;USR-1068;2011-11-23;F;Bootcamp;2;0;300;Cash;CS2;4.5;0
SESS-11564;2026-08-22 16:49:16;USR-1144;2005-01-11;M;Bootcamp;5;550;750;App;CS2;;0
SESS-16342;2026-08-07 13:51:11;USR-1557;2010-11-22;M;Standard;4;0;400;Card;CS2;;0
SESS-13832;2026-08-06 18:43:42;USR-1286;2006-07-18;M;Bootcamp;2;0;300;Card;CS2;;0
SESS-15506;2026-08-18 09:55:50;USR-1430;2006-08-21;F;Bootcamp;2;310;300;Card;Dota 2;;0
SESS-13590;2026-08-06 18:34:35;USR-1622;2006-05-16;M;Standard;2;240;200;Card;CS2;;0
SESS-14716;2026-08-24 21:15:51;USR-1089;2012-05-15;M;Standard;1;40;100;App;CS2;4.0;0
SESS-15730;2026-08-08 09:17:57;USR-1197;2009-05-11;F;Standard;4;0;400;Cash;CS2;;0
SESS-11960;2026-08-31 09:21:41;USR-1293;2006-06-03;M;Standard;1;160;100;App;Valorant;4.0;0
SESS-14366;2026-08-17 10:30:43;USR-1092;2001-05-02;F;Bootcamp;5;550;750;App;Valorant;4.5;0
SESS-11191;2026-08-25 15:30:34;USR-1645;2008-11-08;M;VIP;3;714;540;Card;CS2;;1
SESS-10874;2026-08-29 18:50:27;USR-1080;2007-12-19;M;VIP;3;882;540;App;Valorant;5.0;1
SESS-16709;2026-08-16 13:12:01;USR-1040;1991-03-07;M;Standard;1;180;100;Card;GTA V;;0
SESS-16102;2026-08-21 17:40:40;USR-1105;2004-04-12;M;Standard;2;0;200;App;Apex Legends;;0
SESS-14394;2026-08-27 20:00:58;USR-1066;2011-12-15;M;Standard;2;120;200;App;CS2;;0
SESS-12388;2026-08-26 19:57:30;USR-1183;2009-12-28;F;Bootcamp;1;0;150;App;Minecraft;4.0;0
SESS-13083;2026-08-20 02:23:33;USR-1555;2004-01-23;M;Standard;1;80;100;Card;Deadlock;;0
SESS-10436;2026-08-08 20:36:23;USR-1318;2005-10-26;M;VIP;12;2800;2160;Card;Dota 2;4.5;1
SESS-15175;2026-08-02 16:08:03;USR-1741;2008-10-09;M;Bootcamp;3;560;450;Card;Minecraft;;0
SESS-13912;2026-08-07 15:36:36;USR-1087;2004-11-25;F;Bootcamp;1;200;150;Card;Minecraft;4.5;0
SESS-13878;2026-08-31 00:24:54;USR-1356;2007-07-16;M;Bootcamp;3;0;450;Card;CS2;4.0;0
SESS-13824;2026-08-29 21:48:57;USR-1676;1992-07-26;M;VIP;2;650;400;Card;Valorant;;0
SESS-10892;2026-08-02 11:23:57;USR-1053;1994-03-24;M;PS5;2;0;500;Card;GTA V;;0
SESS-13654;2026-08-21 17:15:47;USR-1065;2009-08-26;F;PS5;3;0;750;Cash;Valorant;;0
SESS-11244;2026-08-26 19:27:34;USR-1522;2008-11-21;M;PS5;1;0;250;App;CS2;;0
SESS-12969;2026-08-02 16:11:25;USR-1540;2005-12-23;M;Bootcamp;2;0;300;App;Dota 2;5.0;0
SESS-10967;2026-08-17 18:11:38;USR-1272;2008-01-10;M;Standard;4;0;360;Card;Dota 2;4.0;1
SESS-11816;2026-08-03 22:08:23;USR-1415;2011-12-24;M;Bootcamp;12;0;1800;Cash;Dota 2;1.0;0
SESS-10562;2026-08-09 19:05:55;USR-1302;2005-06-01;M;Standard;2;160;200;Card;Dota 2;;0
SESS-14352;2026-08-22 17:09:30;USR-1208;2010-04-10;M;Standard;2;160;200;App;Valorant;;0
SESS-14551;2026-08-25 18:50:53;USR-1139;2003-05-21;M;Bootcamp;2;0;270;Card;Dota 2;;1
SESS-15552;2026-08-30 15:51:47;USR-1005;2023-06-15;M;VIP;999;0;200;Cash;Dota 2;3.0;0
SESS-13492;2026-08-16 18:07:06;USR-1347;2006-01-17;F;VIP;4;1106;720;Card;CS2;4.5;1
SESS-10035;2026-08-28 22:36:51;USR-1027;2010-04-02;F;VIP;3;0;600;Cash;Apex Legends;4.0;0
SESS-14109;2026-08-16 13:10:45;USR-1122;1995-12-05;M;VIP;3;900;600;Card;Browser/Work;5.0;0
SESS-13155;2026-08-19 15:20:05;USR-1450;2007-09-12;M;Standard;3;360;300;Card;Dota 2;4.5;0
SESS-12176;2026-08-03 14:24:03;USR-1548;2006-05-07;F;PS5;5;0;1125;App;GTA V;;1
SESS-15788;2026-08-14 16:39:35;USR-1111;2011-09-06;M;Standard;2;0;200;Cash;CS2;4.0;0
SESS-10775;2026-08-04 22:07:24;USR-1545;2007-06-27;M;Standard;12;960;1200;Card;Dota 2;5.0;0
SESS-12783;2026-08-22 10:25:08;USR-1795;2007-08-02;M;Standard;2;0;200;App;CS2;;0
SESS-15529;2026-08-03 22:35:16;USR-1081;1997-02-08;F;Standard;3;540;300;Card;GTA V;;0
SESS-12732;2026-08-04 17:02:12;USR-1068;2011-11-23;F;Standard;4;0;360;App;Valorant;;1
SESS-12120;2026-08-23 19:20:11;USR-1033;2010-12-10;M;Standard;2;168;180;App;Dota 2;;1
SESS-13461;2026-08-04 20:29:11;USR-1382;2006-02-09;M;Standard;8;960;800;Card;Minecraft;;0
SESS-14332;2026-08-10 14:23:38;USR-1102;2011-08-12;M;Standard;8;672;720;App;Minecraft;5.0;1
SESS-15456;2026-08-14 01:03:47;USR-1061;2004-03-24;M;Bootcamp;2;240;300;Card;CS2;;0
SESS-16785;2026-08-25 23:00:47;USR-1411;2010-06-20;M;Standard;8;0;800;Cash;Valorant;;0
SESS-13717;2026-08-21 19:18:00;USR-1151;2007-01-05;F;Bootcamp;1;224;135;Card;CS2;;1
SESS-11865;2026-08-16 20:36:00;USR-1684;2009-11-24;M;Bootcamp;2;0;300;App;CS2;5.0;0
SESS-11004;2026-08-14 19:29:53;USR-1039;2004-10-18;M;PS5;2;448;450;Card;Deadlock;4.5;1
SESS-13365;2026-08-14 18:20:42;USR-1106;2010-07-26;M;Standard;5;280;450;Cash;Dota 2;;1
SESS-16734;2026-08-15 20:53:10;USR-1255;2006-08-03;M;Bootcamp;2;240;300;Cash;Dota 2;;0
SESS-11554;2026-08-21 11:27:04;USR-1434;2005-05-11;M;Standard;1;0;100;App;Dota 2;;0
SESS-12038;2026-08-04 18:02:10;USR-1540;2005-12-23;M;Standard;3;0;300;Card;Dota 2;4.5;0
SESS-10231;2026-08-30 00:20:31;USR-1566;2006-07-16;M;Bootcamp;8;0;1200;Card;CS2;4.5;0
SESS-16441;2026-08-10 01:47:47;USR-1132;2007-03-22;M;Standard;3;240;300;Card;Dota 2;;0
SESS-14479;2026-08-05 02:25:27;USR-1535;2006-09-22;M;Bootcamp;3;510;450;Card;GTA V;3.0;0
SESS-16841;2026-08-22 14:36:24;USR-1129;1993-08-09;F;VIP;1;480;200;Card;Browser/Work;4.5;0
SESS-15885;2026-08-20 16:55:33;USR-1019;2011-02-06;M;Standard;3;0;270;Cash;Dota 2;;1
SESS-15422;2026-08-22 13:31:34;USR-1090;2004-08-10;M;Bootcamp;4;1106;540;App;Valorant;;1
SESS-12926;2026-08-19 15:56:51;USR-1648;2007-03-17;M;Bootcamp;1;310;150;App;Minecraft;4.0;0
SESS-11197;2026-08-21 21:52:19;USR-1305;2006-03-14;M;Bootcamp;1;0;150;Card;Dota 2;4.5;0
SESS-13448;2026-08-07 10:32:36;USR-1155;2009-09-19;M;Standard;1;0;100;Cash;Minecraft;4.5;0
SESS-14076;2026-08-01 21:13:59;USR-1792;2008-07-22;F;Standard;2;240;200;Card;Valorant;;0
SESS-10494;2026-08-21 19:46:53;USR-1794;2011-04-20;M;PS5;3;0;750;Card;CS2;4.5;0
SESS-10236;2026-08-15 19:54:15;USR-1476;2002-08-28;F;PS5;12;1920;3000;Card;CS2;5.0;0
SESS-15181;2026-08-29 17:55:09;USR-1124;2004-09-24;M;VIP;2;0;400;Card;Dota 2;;0
SESS-10798;2026-08-09 17:38:09;USR-1735;1987-10-01;F;PS5;2;0;500;Card;CS2;;0
SESS-10711;2026-08-27 10:46:42;USR-1568;01/16/2012;F;Standard;5;200;500;Cash;CS2;4.0;0
SESS-10374;2026-08-06 10:20:26;USR-1030;2002-07-03;M;Bootcamp;2;390;300;Card;Dota 2;;0
SESS-10592;2026-08-08 12:03:11;USR-1508;2004-04-15;F;Bootcamp;4;0;540;App;CS2;5.0;1
SESS-11326;2026-08-10 12:23:49;USR-1792;2008-07-22;F;Standard;2;160;200;Card;CS2;5.0;0
SESS-15307;2026-08-02 18:36:28;USR-1265;2010-09-20;F;Standard;1;0;100;Card;Dota 2;;0
SESS-14183;2026-08-16 18:52:13;USR-1135;2008-12-16;M;VIP;1;0;200;App;CS2;;0
SESS-14527;2026-08-16 09:34:22;USR-1038;2010-06-02;M;Standard;3;240;300;Cash;CS2;;0
SESS-11041;2026-08-14 18:21:20;USR-1110;2006-09-11;F;Standard;2;240;200;Card;Valorant;;0
SESS-15253;2026-08-09 14:53:13;USR-1001;2003-04-08;F;VIP;3;0;540;Card;Minecraft;;1
SESS-13243;2026-08-07 02:51:19;USR-1320;2006-10-14;M;PS5;2;240;500;App;Valorant;;0
SESS-15006;2026-08-09 17:19:31;USR-1214;2006-05-22;M;Bootcamp;2;658;270;Card;Minecraft;;1
SESS-11919;2026-08-31 14:10:00;USR-1151;2007-01-05;F;Standard;2;160;200;Cash;Dota 2;;0
SESS-10980;2026-08-17 22:28:55;USR-1017;2010-09-20;M;Standard;5;0;500;Card;CS2;4.0;0
SESS-10021;2026-08-16 10:57:16;USR-1159;2003-06-05;M;Standard;1;80;100;App;CS2;4.5;0
SESS-16524;2026-08-20 16:38:07;USR-1325;2009-12-02;F;Standard;1;0;100;App;Minecraft;;0
SESS-10699;2026-08-21 08:11:31;USR-1116;2006-12-01;M;Bootcamp;2;470;300;Card;Valorant;;0
SESS-12315;2026-08-07 18:07:44;USR-1024;2007-08-13;M;Bootcamp;1;270;150;Cash;Apex Legends;5.0;0
SESS-14027;2026-08-23 17:38:47;USR-1763;2009-07-07;M;Standard;2;120;200;App;CS2;;0
SESS-11937;2026-08-01 11:23:37;USR-1142;2009-05-05;M;Standard;12;960;1200;App;PUBG;4.5;0
SESS-11871;2026-08-29 16:07:09;USR-1412;2007-05-10;M;Bootcamp;1;270;150;Card;CS2;;0
SESS-14074;2026-08-24 13:41:43;USR-1022;2012-11-14;F;Standard;2;0;200;Cash;Dota 2;4.5;0
SESS-11686;2026-08-16 17:15:53;USR-1095;2006-06-20;M;VIP;1;240;200;Card;Valorant;4.5;0
SESS-16365;2026-08-22 20:44:01;USR-1138;2003-02-26;F;Standard;2;0;200;Card;Dota 2;;0
SESS-14888;2026-08-25 09:28:56;USR-1022;2012-11-14;F;Bootcamp;1;0;150;App;Minecraft;4.5;0
SESS-17132;2026-08-08 15:12:31;USR-1378;1995-11-07;M;Bootcamp;3;0;405;Card;Cyberpunk 2077;4.0;1
SESS-15759;2026-08-20 18:11:08;USR-1153;2008-06-09;M;Standard;2;336;180;Card;Apex Legends;;1
SESS-12642;2026-08-01 22:24:34;USR-1583;2005-10-01;M;Bootcamp;8;0;1200;Card;CS2;4.0;0
SESS-13556;2026-08-23 18:58:02;USR-1010;2007-09-24;M;Standard;4;320;400;Card;Dota 2;4.5;0
SESS-11082;2026-08-10 23:20:11;USR-1060;1993-12-16;M;VIP;5;0;1000;Card;CS2;5.0;0
SESS-15083;2026-08-23 11:18:33;USR-1771;1997-03-02;M;VIP;3;1050;600;Card;CS2;3.0;0
SESS-15546;2026-08-01 20:17:49;USR-1119;1997-03-16;M;PS5;4;1218;900;Card;Dota 2;5.0;1
SESS-12004;2026-08-18 15:36:52;USR-1071;1993-04-12;M;PS5;4;0;1000;Card;PUBG;5.0;0
SESS-14840;2026-08-04 18:34:35;USR-1120;2011-05-02;F;Standard;5;280;450;Cash;Minecraft;;1
SESS-14885;2026-08-06 17:37:20;USR-1152;2006-12-04;M;Standard;1;80;100;App;CS2;;0
SESS-16219;2026-08-12 14:36:45;USR-1014;2010-07-18;F;Standard;2;0;180;App;CS2;;1
SESS-16453;2026-08-08 18:05:53;USR-1157;2011-01-17;M;Bootcamp;3;0;450;Card;Dota 2;;0
SESS-10577;2026-08-16 20:52:18;USR-1135;2008-12-16;M;Standard;3;0;270;Card;Apex Legends;;1
SESS-10882;2026-08-17 13:34:07;USR-1147;2010-04-19;M;Standard;1;0;100;Card;Deadlock;;0
SESS-11964;2026-08-22 16:24:20;USR-1015;1998-01-18;M;VIP;2;923;360;Card;Cyberpunk 2077;5.0;1
SESS-15533;2026-08-08 16:52:12;USR-1114;2005-06-01;M;VIP;3;0;540;Card;CS2;;1
SESS-10974;2026-08-31 15:10:30;USR-1015;1998-01-18;M;Standard;4;480;400;Card;PUBG;4.0;0
SESS-11731;2026-08-06 10:39:09;USR-1384;1991-01-08;M;PS5;2;0;500;Card;CS2;5.0;0
SESS-12067;2026-08-25 17:56:33;USR-1567;1995-07-10;F;VIP;8;0;1440;Card;GTA V;;1
SESS-10198;2026-08-21 19:31:52;USR-1089;2012-05-15;M;Standard;2;160;200;App;Minecraft;4.0;0
SESS-12166;2026-08-22 15:48:02;USR-1003;2010-11-08;M;Standard;1;60;100;Cash;Dota 2;;0
SESS-11580;2026-08-09 16:57:23;USR-1143;2006-07-15;F;Bootcamp;2;400;300;Card;Valorant;5.0;0
SESS-16512;2026-08-26 00:44:32;USR-1141;2007-07-14;M;Standard;8;0;800;App;Dota 2;;0
SESS-10941;2026-08-21 16:28:33;USR-1132;2007-03-22;M;Standard;2;160;200;Card;CS2;5.0;0
SESS-16293;2026-08-21 17:33:02;USR-1713;1996-12-18;F;Bootcamp;2;0;300;Card;Cyberpunk 2077;;0
SESS-11581;2026-08-13 00:29:11;USR-1710;2004-11-20;M;Bootcamp;12;1590;1800;App;Deadlock;5.0;0
SESS-10447;2026-08-29 22:28:35;USR-1688;2004-01-13;M;Standard;3;503;270;Card;Dota 2;;1
SESS-10642;2026-08-28 17:11:06;USR-1719;2007-12-25;M;Standard;3;360;300;Card;Valorant;5.0;0
SESS-16382;2026-08-27 17:50:15;USR-1731;2004-01-13;M;Standard;1;0;100;App;CS2;4.5;0
SESS-10587;2026-08-07 00:30:49;USR-1030;2002-07-03;M;VIP;5;480;1000;Card;Valorant;;0
SESS-16240;2026-08-02 12:04:50;USR-1145;2003-05-21;M;Standard;4;320;400;App;CS2;3.0;0
SESS-10029;2026-08-13 15:01:43;USR-1319;2009-08-08;M;Standard;3;120;300;Cash;Minecraft;;0
SESS-12337;2026-08-09 10:27:21;USR-1073;2012-07-14;F;Standard;3;0;300;Cash;CS2;3.0;0
SESS-11779;2026-08-07 21:09:43;USR-1252;2008-05-13;M;Standard;2;0;200;Card;Dota 2;5.0;0
SESS-14282;2026-08-18 11:11:58;USR-1725;2005-09-06;M;Standard;2;160;200;App;Dota 2;;0
SESS-10730;2026-08-29 14:40:56;USR-1655;2004-11-14;M;Standard;2;0;200;Card;Valorant;;0
SESS-16791;2026-08-31 10:35:20;USR-1589;2007-02-16;M;Standard;5;1120;450;Card;Cyberpunk 2077;4.5;1
SESS-11044;2026-08-14 23:52:56;USR-1027;2010-04-02;F;Standard;12;0;1200;Cash;Dota 2;;0
SESS-12393;2026-08-03 04:07:45;USR-1057;1886-09-20;M;VIP;999;0;200;Card;CS2;1.0;0
SESS-15627;2026-08-21 13:27:51;USR-1459;1996-01-12;M;Standard;3;0;300;Card;CS2;4.0;0
SESS-10420;2026-08-13 22:25:37;USR-1618;2007-04-14;M;Standard;3;360;300;App;Valorant;2.0;0
SESS-17006;2026-08-23 17:22:02;USR-1624;2004-05-20;M;Standard;1;0;100;App;Apex Legends;;0
SESS-16151;2026-08-19 20:46:05;USR-1102;2011-08-12;M;Standard;2;0;200;App;Dota 2;;0
SESS-12913;2026-08-01 17:25:17;USR-1364;2011-06-06;M;Standard;2;160;200;Cash;Dota 2;;0
SESS-12240;2026-08-11 11:41:39;USR-1238;1997-01-04;M;Standard;2;360;200;Card;CS2;;0
SESS-13678;2026-08-21 23:19:35;USR-1510;2010-12-16;M;VIP;8;0;1600;Cash;Minecraft;4.5;0
SESS-15133;2026-08-28 18:12:18;USR-1714;2011-01-27;M;Standard;5;0;500;App;Minecraft;;0
SESS-11494;2026-08-23 17:00:19;USR-1135;2008-12-16;M;Bootcamp;4;0;600;Card;CS2;;0
SESS-15037;2026-08-06 11:17:45;USR-1024;2007-08-13;M;Bootcamp;1;230;150;Card;CS2;;0
SESS-17253;2026-08-28 01:52:20;USR-1005;2011-10-01;M;Standard;8;320;800;App;Minecraft;3.0;0
SESS-12899;2026-08-29 21:43:42;USR-1391;2005-06-01;M;VIP;5;0;1000;Card;GTA V;;0
SESS-10752;2026-08-22 13:28:55;USR-1073;2012-07-14;F;Standard;3;168;270;App;Valorant;;1
SESS-17147;2026-08-17 18:35:02;USR-1005;2011-10-01;M;Standard;8;0;800;Card;Deadlock;;0
SESS-15871;2026-08-05 19:45:16;USR-1139;2003-05-21;M;Bootcamp;8;1430;1200;Card;CS2;;0
SESS-11134;2026-08-31 01:09:07;USR-1608;2005-08-27;M;Bootcamp;5;750;750;Cash;Valorant;;0
SESS-11847;2026-08-05 13:06:22;USR-1092;2001-05-02;F;PS5;4;0;1000;Card;Dota 2;5.0;0
SESS-12065;2026-08-29 18:15:39;USR-1123;2003-11-08;F;Bootcamp;3;784;405;Cash;Dota 2;4.0;1
SESS-15437;2026/08/08 23:42:36;USR-1769;1999-03-21;F;VIP;12;3150;2400;Card;CS2;4.0;0
SESS-13805;2026-08-14 18:53:07;USR-1624;2004-05-20;M;Bootcamp;5;951;675;App;Dota 2;;1
SESS-14598;2026-08-30 20:24:12;USR-1054;2008-05-14;M;Standard;3;672;270;Card;Valorant;;1
SESS-15262;2026-08-28 05:49:44;USR-1485;2004-01-19;F;Standard;3;0;300;App;CS2;;0
SESS-10443;2026-08-09 13:38:50;USR-1220;2007-07-24;F;Bootcamp;1;270;150;App;CS2;;0
SESS-17182;2026-08-08 04:26:16;USR-1520;2008-10-24;M;Bootcamp;3;546;405;App;CS2;;1
SESS-10399;2026-08-20 02:28:51;USR-1560;2007-10-17;M;Standard;2;0;200;App;CS2;;0
SESS-12710;2026-08-21 13:33:52;USR-1488;2006-01-14;M;Standard;2;320;200;Card;PUBG;;0
SESS-15034;2026-08-02 11:13:39;USR-1584;2001-06-10;M;VIP;4;882;720;Card;Dota 2;;1
SESS-12559;2026-08-07 10:14:57;USR-1103;2008-10-01;M;Standard;2;160;200;Card;CS2;3.0;0
SESS-13025;2026-08-29 01:30:41;USR-1522;2008-11-21;M;Standard;12;0;1200;Card;Deadlock;4.0;0
SESS-11877;2026-08-24 19:17:43;USR-1139;2003-05-21;M;VIP;2;560;360;App;Valorant;;1
SESS-17097;2026-08-29 17:13:19;USR-1008;2001-12-13;M;Standard;2;160;200;Cash;Deadlock;;0
SESS-16207;2026-08-10 04:02:56;USR-1478;2011-06-28;M;Standard;2;80;200;App;Deadlock;;0
SESS-13715;2026-08-23 09:40:25;USR-1560;2007-10-17;M;Standard;4;672;360;Cash;Dota 2;4.5;1
SESS-16704;2026-08-10 17:58:34;USR-1663;1997-07-26;M;Bootcamp;1;330;150;App;Dota 2;;0
SESS-11262;2026-08-15 01:17:58;USR-1794;2011-04-20;M;Bootcamp;5;0;750;Cash;CS2;4.0;0
SESS-10056;2026-08-05 21:27:19;USR-1158;1993-07-18;M;PS5;1;480;250;Card;CS2;;0
SESS-16068;2026-08-13 20:16:47;USR-1043;2012-06-14;F;Bootcamp;2;0;300;Cash;CS2;5.0;0
SESS-15238;2026-08-19 18:20:32;USR-1005;2011-10-01;M;Standard;2;0;200;Cash;Valorant;;0
SESS-15353;2026-08-22 16:03:32;USR-1026;2010-02-02;M;VIP;5;0;1000;Cash;Dota 2;;0
SESS-15594;2026-08-02 10:49:42;USR-1598;2005-02-28;M;PS5;2;160;500;Card;Dota 2;;0
SESS-10169;2026-08-08 16:41:57;USR-1025;2010-10-04;M;VIP;3;0;540;App;Deadlock;5.0;1
SESS-10689;2026-08-15 19:22:49;USR-1608;2005-08-27;M;Bootcamp;2;470;300;Card;Deadlock;3.0;0
SESS-13527;2026-08-29 18:51:41;USR-1667;1992-07-17;M;Bootcamp;2;0;300;Card;Cyberpunk 2077;;0
SESS-15264;2026-08-01 17:58:38;USR-1348;2003-02-16;F;Standard;1;80;100;Card;CS2;4.0;0
SESS-10822;2026-08-08 07:38:36;USR-1416;1990-11-01;M;VIP;8;0;1600;App;Cyberpunk 2077;4.0;0
SESS-13896;2026-08-23 14:32:52;USR-1393;2005-12-17;M;Bootcamp;1;0;150;Card;Dota 2;;0
SESS-13707;2026-08-05 17:07:10;USR-1038;2010-06-02;M;Standard;1;0;100;Card;CS2;;0
SESS-14523;2026-08-18 17:45:07;USR-1233;2012-06-10;M;Standard;2;120;200;Cash;PUBG;;0
SESS-12891;2026-08-23 10:16:48;USR-1668;2010-11-14;M;Standard;5;0;450;Cash;Valorant;;1
SESS-11533;2026-08-01 08:29:08;USR-1121;2007-05-26;M;VIP;2;310;400;Cash;PUBG;4.5;0
SESS-12878;2026-08-11 09:41:20;USR-1101;2003-05-22;M;PS5;1;0;250;Card;Valorant;4.0;0
SESS-15320;2026-08-22 13:19:11;USR-1231;2006-06-24;M;ps5;4;0;800;Card;CS2;;0
SESS-14161;2026-08-27 20:04:36;USR-1067;2011-04-02;M;Standard;1;0;100;App;GTA V;;0
SESS-10771;2026-08-29 15:57:25;USR-1609;1999-09-26;M;Standard;4;0;360;Card;GTA V;;1
SESS-10721;2026-08-23 07:09:25;USR-1249;2008-12-18;M;Standard;2;160;200;Card;Dota 2;;0
SESS-11071;2026-08-10 18:35:41;USR-1415;2011-12-24;M;Standard;3;180;300;Card;CS2;;0
SESS-17236;2026-08-23 13:47:08;USR-1145;2003-05-21;M;Bootcamp;1;0;150;Card;Cyberpunk 2077;;0
SESS-10153;2026-08-24 18:09:34;USR-1513;2005-03-25;M;VIP;2;400;400;App;Deadlock;5.0;0
SESS-15519;2026-08-23 21:10:57;USR-1235;1993-05-01;F;Bootcamp;1;560;135;Card;Cyberpunk 2077;;1
SESS-11145;2026-08-04 23:03:57;USR-1433;2006-02-14;M;Bootcamp;2;240;300;Card;Cyberpunk 2077;4.5;0
SESS-13815;2026-08-29 22:30:01;USR-1128;2007-05-19;M;VIP;5;480;1000;App;Deadlock;5.0;0
SESS-14350;2026-08-05 09:06:45;USR-1053;1994-03-24;M;VIP;4;870;800;App;Dota 2;3.0;0
SESS-15585;2026-08-05 15:53:33;USR-1753;2005-03-09;M;Standard;2;0;200;Card;GTA V;;0
SESS-15494;2026-08-23 17:54:31;USR-1716;2009-02-04;F;Standard;5;0;450;App;Minecraft;4.0;1
SESS-15360;2026-08-14 21:33:25;USR-1676;1992-07-26;M;VIP;4 ч.;1150;800;Card;CS2;4.0;0
SESS-11232;2026-08-12 22:51:03;USR-1011;2011-12-14;M;Standard;8;672;720;App;Deadlock;5.0;1
SESS-15688;2026-08-01 19:40:45;USR-1361;2006-10-14;M;Standard;3;0;270;App;Dota 2;4.5;1
SESS-15017;2026-08-08 06:39:43;USR-1064;2004-07-08;M;PS5;4;896;900;Card;CS2;;1
SESS-15780;2026-08-18 09:45:56;USR-1662;2010-08-09;M;Standard;1;60;100;Cash;Valorant;4.0;0
SESS-14137;2026-08-06 14:12:24;USR-1667;1992-07-17;M;Bootcamp;3;900;450;Card;GTA V;;0
SESS-15587;2026-08-15 20:25:50;USR-1580;1996-10-04;M;PS5;3;690;750;App;CS2;;0
SESS-13092;2026-08-17 21:35:00;USR-1111;2011-09-06;M;Standard;5;0;500;Card;Dota 2;;0
SESS-15755;2026-08-10 19:03:18;USR-1727;1996-03-17;M;PS5;3;690;750;Card;CS2;;0
SESS-10530;2026-08-14 09:48:41;USR-1024;2007-08-13;M;Standard;1;120;100;Card;Dota 2;;0
SESS-10499;2026-08-08 23:48:21;USR-1152;2006-12-04;M;VIP;3;0;600;App;Dota 2;4.5;0
SESS-11846;2026-08-14 08:03:56;USR-1033;2010-12-10;M;Standard;4;0;400;App;CS2;3.0;0
SESS-10540;2026-08-13 01:17:41;USR-1390;2012-10-20;M;Standard;2;0;200;Cash;CS2;;0
SESS-15723;08/09/2026 15:54:11;USR-1708;2008-01-09;M;VIP;2;470;400;Card;CS2;;0
SESS-12101;2026-08-14 17:11:00;USR-1145;2003-05-21;M;Standard;3;0;300;Card;Dota 2;;0
SESS-15156;2026-08-04 20:56:42;USR-1280;2003-02-25;M;Standard;5;400;500;Card;PUBG;4.5;0
SESS-12681;2026-08-26 16:38:32;USR-1147;2010-04-19;M;Standard;1;0;100;App;CS2;;0
SESS-15010;2026-08-09 16:54:09;USR-1555;2004-01-23;M;Bootcamp;2;240;300;Card;CS2;;0
SESS-17202;2026-08-24 18:16:28;USR-1149;2003-10-27;M; standard ;2;320;200;Card;Apex Legends;;0
SESS-16612;2026-08-24 19:09:49;USR-1605;1996-02-16;M;VIP;8;0;1440;Card;Dota 2;;1
SESS-16773;2026-08-07 19:14:45;USR-1066;2011-12-15;M;PS5;2;0;500;Cash;Minecraft;;0
SESS-14365;2026-08-16 13:20:27;USR-1363;2011-09-01;F;Standard;4;336;360;App;Minecraft;5.0;1
SESS-12613;2026-08-12 13:50:59;USR-1220;2007-07-24;F;PS5;3;0;750;Cash;PUBG;5.0;0
SESS-11505;2026-08-07 18:38:44;USR-1542;2007-02-24;M;VIP;3;320;600;Card;Deadlock;4.0;0
SESS-11391;2026-08-29 15:20:37;USR-1299;2011-11-09;M;Standard;1;0;100;App;Dota 2;4.0;0
SESS-11595;2026-08-07 17:43:02;USR-1137;1993-02-24;M;Standard;2;700;180;Card;Cyberpunk 2077;4.0;1
SESS-10338;2026-08-28 11:02:20;USR-1101;2003-05-22;M;Standard;2;320;200;App;Apex Legends;;0
SESS-15752;2026-08-30 18:18:37;USR-1795;2007-08-02;M;VIP;2;310;400;Card;Dota 2;;0
SESS-10268;2026-08-06 17:12:53;USR-1138;2003-02-26;F;Standard;4;0;400;Card;Apex Legends;4.0;0
SESS-12377;2026-08-16 15:32:43;USR-1192;2010-07-27;M;Standard;1;0;100;Cash;CS2;3.0;0
SESS-14863;2026-08-08 10:35:58;USR-1406;2005-05-07;M;VIP;4;560;800;App;CS2;4.0;0
SESS-14831;2026-08-22 01:36:09;USR-1153;2008-06-09;M;Standard;8;640;800;Card;Cyberpunk 2077;;0
SESS-10657;2026-08-18 09:31:42;USR-1109;2011-12-05;M;Bootcamp;3;0;405;Cash;Dota 2;4.0;1
SESS-16546;2026-08-24 07:29:17;USR-1374;1992-12-23;M;VIP;2;0;400;Card;GTA V;;0
SESS-16317;2026-08-14 18:11:25;USR-1112;2008-11-25;M;Standard;2;240;200;App;CS2;;0
SESS-10673;2026-08-12 23:31:46;USR-1619;2010-06-25;M;Bootcamp;12;0;1800;App;CS2;;0
SESS-15747;2026-08-05 20:25:51;USR-1182;2011-02-24;M;Standard;3;0;300;App;Minecraft;;0
SESS-10933;2026-08-01 15:01:24;USR-1431;2003-06-20;M;Standard;2;0;200;App;Dota 2;;0
SESS-10600;2026-08-31 16:42:31;USR-1608;2005-08-27;M;Standard;4;640;400;Card;Dota 2;1.0;0
SESS-13054;2026-08-21 12:52:30;USR-1547;2006-11-17;M;VIP;3;510;600;Card;Apex Legends;;0
SESS-17168;2026-08-02 21:51:59;USR-1019;2011-02-06;M;Standard;4;0;360;Cash;Dota 2;5.0;1
SESS-15198;2026-08-22 18:48:28;USR-1252;2008-05-13;M;Standard;2;240;200;App;Apex Legends;4.0;0
SESS-12119;2026-08-28 10:44:59;USR-1278;2012-05-26;M;Bootcamp;4;320;600;App;Dota 2;4.0;0
SESS-11622;2026-08-14 14:34:58;USR-1533;2009-06-12;M;Standard;5;0;500;Cash;CS2;;0
SESS-14270;2026-08-21 18:21:33;USR-1090;2004-08-10;M;Standard;3;0;300;Card;Deadlock;4.0;0
SESS-14586;2026-08-13 01:41:47;USR-1599;2007-04-09;M;VIP;5;480;1000;App;CS2;5.0;0
SESS-12190;2026-08-18 15:14:35;USR-1110;2006-09-11;F;VIP;12;0;2400;Card;Dota 2;4.0;0
SESS-15830;2026-08-01 14:23:02;USR-1444;2009-02-07;M;PS5;2;120;500;App;Minecraft;;0
SESS-10781;2026-08-29 18:58:17;USR-1111;2011-09-06;M;Standard;2;0;200;Cash;Dota 2;;0
SESS-15312;2026-08-06 12:36:38;USR-1621;2006-03-17;M;Standard;2;160;200;Card;Dota 2;;0
SESS-16394;2026-08-14 07:45:41;USR-1331;2005-09-22;F;VIP;1;200;200;Card;Dota 2;;0
SESS-16084;2026-08-07 18:53:12;USR-1475;2006-02-08;F;Standard;3;240;300;App;Dota 2;4.0;0
SESS-17260;2026-08-31 10:18:23;USR-1261;2009-09-13;F;Standard;1;40;100;Card;Valorant;;0
SESS-13512;2026-08-15 18:04:21;USR-1082;2004-06-01;F;VIP;2;0;400;App;Dota 2;4.5;0
SESS-16405;2026-08-19 16:54:25;USR-1103;2008-10-01;M;VIP;3;390;600;Cash;CS2;;0
SESS-16420;2026-08-29 02:21:53;USR-1197;2009-05-11;F;Standard;3;180;300;App;Minecraft;;0
SESS-15123;2026-08-02 19:04:32;USR-1109;2011-12-05;M;Standard;1;0;100;Card;Dota 2;;0
SESS-14630;2026-08-02 14:35:19;USR-1203;2008-12-03;M;VIP;4;0;720;App;CS2;4.5;1
SESS-16963;2026-08-14 14:33:19;USR-1542;2007-02-24;M;Standard;2;160;200;App;CS2;;0
SESS-14941;2026-08-31 15:41:08;USR-1535;2006-09-22;M;Standard;3;480;300;App;CS2;;0
SESS-13854;2026-08-29 10:28:57;USR-1023;2010-02-02;M;PS5;4;224;900;App;Minecraft;;1
SESS-10304;2026-08-23 17:42:43;USR-1477;2011-04-26;M;Standard;1;40;100;App;Dota 2;;0
SESS-15240;2026-08-29 22:58:09;USR-1280;2003-02-25;M;PS5;8;0;2000;Card;Dota 2;;0
SESS-11446;2026-08-22 19:09:40;USR-1646;2011-06-16;M;VIP;2;120;400;Cash;Deadlock;5.0;0
SESS-15681;2026-08-27 11:24:59;USR-1136;2004-04-28;M;Standard;4;480;400;Card;CS2;;0
SESS-16429;2026-08-10 07:45:05;USR-1471;2010-04-09;F;Standard;2;0;200;Cash;Minecraft;4.0;0
SESS-12194;2026-08-27 21:03:18;USR-1462;2007-10-24;M;Standard;3;0;300;Card;Dota 2;;0
SESS-16856;2026-08-16 19:46:40;USR-1145;2003-05-21;M;PS5;2;224;450;Card;CS2;;1
SESS-11392;2026-08-01 13:13:38;USR-1775;2004-12-16;M;Standard;4;448;360;Card;Dota 2;;1
SESS-11578;2026-08-22 20:21:07;USR-1271;2010-06-01;M;Standard;2;80;200;Cash;Valorant;;0
SESS-16571;2026-08-30 14:22:24;USR-1669;1990-12-08;M;Standard;2;0;200;Card;CS2;;0
SESS-14050;2026-08-05 11:32:28;USR-1062;1998-04-23;M;PS5;2;510;500;Card;GTA V;5.0;0
SESS-15770;2026-08-19 15:36:52;USR-1305;2006-03-14;M;Standard;2;0;200;Card;CS2;;0
SESS-16152;2026-08-06 01:28:46;USR-1146;2004-01-15;M;Standard;12;960;1200;App;Deadlock;4.0;0
SESS-14019;2026-08-20 02:06:45;USR-1153;2008-06-09;M;Standard;1;160;100;Card;CS2;3.0;0
SESS-16202;2026-08-04 13:01:09;USR-1376;2011-05-06;M;Bootcamp;3;0;450;Card;CS2;4.0;0
SESS-13292;2026-08-08 23:56:52;USR-1050;2008-12-03;F;Standard;5;1120;450;Cash;Dota 2;4.5;1
SESS-16630;2026-08-23 17:51:23;USR-1342;2011-09-02;M;Standard;4;0;400;Cash;Dota 2;;0
SESS-16555;2026-08-27 17:32:33;USR-1071;1993-04-12;M;Standard;1;180;100;Card;CS2;;0
SESS-16363;2026-08-31 18:20:00;USR-1710;2004-11-20;M;Standard;1;80;100;Card;CS2;4.0;0
SESS-15970;2026-08-29 13:07:13;USR-1173;2011-08-18;M;Standard;12;0;1200;Cash;Minecraft;4.0;0
SESS-11688;2026-08-15 21:56:39;USR-1586;2007-11-17;M;Standard;2;0;200;Card;GTA V;4.0;0
SESS-11454;2026-08-27 11:09:01;USR-1020;2005-09-26;F;VIP;4;470;800;Card;Dota 2;;0
SESS-11506;2026-08-18 18:28:04;USR-1336;2002-08-22;F;VIP;2;0;400;Card;Dota 2;;0
SESS-17145;2026-08-21 18:14:05;USR-1786;2006-04-14;M;Standard;2;160;200;Card;CS2;4.0;0
SESS-11388;2026-08-22 22:05:53;USR-1251;2001-12-01;M;VIP;5;480;1000;App;CS2;5.0;0
SESS-13568;2026-08-10 17:34:06;USR-1634;2006-12-21;F;PS5;2;240;500;Card;CS2;;0
SESS-10048;2026-08-14 18:34:59;USR-1030;2002-07-03;M;Bootcamp;1;230;150;App;Valorant;1.0;0
SESS-13152;16.08.2026 09:35:24;USR-1449;2003-10-13;M;VIP;2;0;400;Cash;CS2;;0
SESS-10391;2026-08-23 17:54:40;USR-1080;2007-12-19;M;Bootcamp;3;0;405;App;Valorant;5.0;1
SESS-13976;2026-08-01 17:01:17;USR-1263;2010-11-06;M;Bootcamp;5;0;675;Card;Dota 2;4.5;1
SESS-15308;2026-08-20 15:30:04;USR-1337;2006-05-09;M;Standard;1;80;100;Card;Dota 2;;0
SESS-11599;2026-08-15 01:17:24;USR-1344;2003-07-19;F;Standard;12;0;1200;Card;PUBG;1.0;0
SESS-14718;2026-08-01 22:58:47;USR-1329;2007-12-17;M;Standard;5;0;500;App;Dota 2;4.5;0
SESS-15942;2026-08-21 21:51:27;USR-1766;2007-09-21;M;Standard;3;0;270;App;CS2;;1
SESS-15738;2026-08-19 08:06:26;USR-1755;2003-05-13;M;Bootcamp;2;400;300;Card;Dota 2;4.0;0
SESS-11975;2026-08-26 03:39:58;USR-1695;2011-02-25;M;Standard;2;160;200;App;Minecraft;;0
SESS-13508;2026-08-20 17:48:25;USR-1708;2008-01-09;M;Bootcamp;3;0;405;App;CS2;5.0;1
SESS-11377;2026-08-21 18:44:34;USR-1497;1992-02-13;M;Bootcamp;2;0;300;App;CS2;;0
SESS-10582;2026-08-16 21:18:50;USR-1363;2011-09-01;F;Standard;2;0;200;App;CS2;;0
SESS-15935;2026-08-24 23:04:11;USR-1516;2007-09-11;M;Bootcamp;8;0;1200;Card;Valorant;;0
SESS-14102;2026-08-29 11:13:27;USR-1024;2007-08-13;M;VIP;3;784;540;Card;Valorant;4.0;1
SESS-16801;2026-08-05 14:13:29;USR-1299;2011-11-09;M;Standard;2;80;200;App;CS2;;0
SESS-12273;2026-08-07 18:23:03;USR-1006;2007-06-18;M;Bootcamp;2;470;300;Card;Dota 2;;0
SESS-14974;2026-08-14 14:01:31;USR-1086;1990-06-20;M;Standard;2;500;200;Card;Browser/Work;;0
SESS-17179;2026-08-14 18:02:00;USR-1707;2011-02-23;F;Bootcamp;12;0;1800;Cash;Valorant;;0
SESS-16859;2026-08-29 02:11:24;USR-1049;2011-07-07;M;Bootcamp;8;672;1080;App;CS2;4.0;1
SESS-13326;2026-08-16 18:28:14;USR-1004;2011-07-04;M;Standard;2;0;200;Cash;Minecraft;;0
SESS-15826;2026-08-13 19:44:48;USR-1231;2006-06-24;M;VIP;2;0;400;App;CS2;;0
SESS-12724;2026-08-17 02:53:06;USR-1147;2010-04-19;M;Standard;1;0;100;App;Dota 2;4.5;0
SESS-15625;2026-08-16 20:10:57;USR-1392;2007-10-22;M;Standard;1;0;100;App;CS2;;0
SESS-16615;2026-08-07 20:29:16;USR-1272;2008-01-10;M;Bootcamp;4;0;600;Card;PUBG;;0
SESS-11189;2026-08-22 21:03:16;USR-1055;2004-09-27;M;VIP;3;320;600;Card;CS2;4.0;0
SESS-10013;2026-08-18 22:41:54;USR-1029;1999-08-16;M;VIP;8;1260;1600;Card;Browser/Work;5.0;0
SESS-16883;2026-08-27 16:39:01;USR-1121;2007-05-26;M;PS5;2;0;500;Card;Valorant;4.0;0
SESS-15861;2026-08-07 18:51:56;USR-1059;2010-04-18;M;Standard;2;160;200;App;Valorant;;0
SESS-10127;2026-08-12 00:30:18;USR-1268;2003-10-09;M;VIP;12;2000;2400;Card;GTA V;5.0;0
SESS-10506;2026-08-27 14:00:49;USR-1284;2007-03-19;F;Standard;2;160;200;App;CS2;4.0;0
SESS-14472;2026-08-26 21:47:17;USR-1552;2005-07-02;M;Bootcamp;3;440;450;Card;CS2;4.5;0
SESS-16316;2026-08-10 19:25:50;USR-1295;2006-10-07;M;Standard;3;0;300;App;Apex Legends;;0
SESS-14196;2026-08-04 11:53:05;USR-1033;2010-12-10;M;PS5;2;0;500;Cash;Dota 2;;0
SESS-14813;2026-08-30 21:28:53;USR-1295;2006-10-07;M;Bootcamp;4;882;540;Card;Dota 2;5.0;1
SESS-15647;2026-08-29 17:32:00;USR-1173;2011-08-18;M;Standard;1;0;100;App;CS2;;0
SESS-16575;2026-08-22 08:49:08;USR-1438;2006-04-14;M;Bootcamp;8;1430;1200;App;GTA V;4.5;0
SESS-14454;2026-08-20 18:18:11;USR-1700;2003-02-17;M;Standard;2;0;200;Card;CS2;4.0;0
SESS-16122;2026-08-30 17:51:20;USR-1067;2011-04-02;M;Standard;2;0;200;App;CS2;5.0;0
SESS-12223;2026-08-08 16:16:39;USR-1593;2004-10-22;M;Standard;3;240;300;Card;CS2;;0
SESS-14402;2026-08-24 20:59:10;USR-1540;2005-12-23;M;Standard;3;360;300;Card;CS2;;0
SESS-15715;2026-08-13 19:46:07;USR-1666;2005-07-17;M;Standard;2;0;200;Card;Deadlock;;0
SESS-15040;2026-08-18 01:22:03;USR-1139;2003-05-21;M;PS5;5;1120;1125;App;Dota 2;4.0;1
SESS-16993;2026-08-10 16:29:28;USR-1003;2010-11-08;M;Standard;3;0;270;App;CS2;;1
SESS-11657;2026-08-29 18:31:43;USR-1334;2000-05-11;M;Standard;4;1007;360;Card;Browser/Work;4.5;1
SESS-13189;2026-08-17 00:58:36;USR-1070;2008-04-24;M;VIP;3;560;600;Cash;Apex Legends;5.0;0
SESS-16092;2026-08-08 16:07:25;USR-1089;2012-05-15;M;Bootcamp;2;80;300;App;Valorant;;0
SESS-12027;2026-08-08 15:08:25;USR-1084;2006-01-24;M;Standard;2;0;200;Card;Dota 2;;0
SESS-16360;2026-08-25 18:50:01;USR-1322;2005-06-26;M;Standard;3;0;300;Card;Minecraft;;0
SESS-16282;2026-08-13 15:37:36;USR-1488;2006-01-14;M;Standard;2;240;200;App;Dota 2;5.0;0
SESS-13373;2026-08-10 00:51:23;USR-1027;2010-04-02;F;Standard;8;0;800;App;Minecraft;;0
SESS-16978;2026-08-01 09:25:51;USR-1118;2006-10-19;Женский;Standard;3;0;300;Card;CS2;4.0;0
SESS-15150;2026-08-16 16:37:20;USR-1147;2010-04-19;M;Standard;3;336;270;App;CS2;4.5;1
SESS-12193;2026-08-20 16:34:53;USR-1382;2006-02-09;M;Bootcamp;3;0;450;Card;CS2;4.0;0
SESS-11699;2026-08-01 19:08:37;USR-1084;2006-01-24;M;Standard;5;800;500;Card;Dota 2;4.0;0
SESS-15742;2026-08-30 18:06:19;USR-1164;2005-09-09;M;VIP;2;0;400;App;CS2;;0
SESS-15805;2026-08-02 17:12:35;USR-1076;2003-01-05;M;Bootcamp;3;510;450;Card;Valorant;4.5;0
SESS-15244;2026-08-01 11:24:59;USR-1388;2006-05-24;M;Standard;2;320;200;Card;CS2;4.0;0
SESS-11115;2026-08-25 18:16:21;USR-1772;2005-07-07;F;Standard;2;0;200;Card;Deadlock;;0
SESS-13056;2026-08-28 14:54:54;USR-1536;1999-01-19;M;VIP;5;750;1000;Card;CS2;4.5;0
SESS-15906;2026-08-29 17:08:05;USR-1496;1995-12-05;M;VIP;1;550;200;Cash;CS2;;0
SESS-11559;2026-08-20 15:36:07;USR-1075;1995-03-20;F;Standard;1;0;100;App;Dota 2;;0
SESS-15969;2026-08-15 11:20:13;USR-1271;2010-06-01;M;Standard;4;320;400;Card;CS2;;0
SESS-10879;2026-08-01 14:17:07;USR-1011;2011-12-14;M;Standard;2;0;200;Cash;Minecraft;;0
SESS-15943;2026-08-24 19:02:29;USR-1140;2008-06-12;M;Standard;1;0;100;App;CS2;4.5;0
SESS-14819;2026-08-14 13:34:49;USR-1308;2007-07-09;M;PS5;2;160;500;Card;CS2;;0
SESS-10872;2026-08-09 15:40:04;USR-1754;2012-09-14;F;Standard;3;0;300;App;CS2;;0
SESS-14832;2026-08-27 20:32:38;USR-1105;2004-04-12;M;Standard;1;120;100;Card;Dota 2;;0
SESS-14114;2026-08-09 20:39:17;USR-1759;2001-11-11;F;Bootcamp;1;310;150;Card;CS2;;0
SESS-16610;2026-08-29 17:59:42;USR-1517;2007-04-15;M;Bootcamp;1;160;150;App;CS2;;0
SESS-12525;2026-08-20 11:51:37;USR-1056;2002-03-26;M;Standard;3;0;270;Card;CS2;4.5;1
SESS-13895;2026-08-08 09:28:50;USR-1033;2010-12-10;M;Standard;1;60;100;App;Dota 2;;0
SESS-12781;2026-08-29 22:38:56;USR-1633;2004-01-26;M;Standard;8;640;800;Card;Deadlock;;0
SESS-17041;2026-08-04 19:33:59;USR-1006;2007-06-18;M;Standard;1;80;100;App;Dota 2;;0
SESS-16513;2026-08-28 21:01:14;USR-1416;1990-11-01;M;VIP;1;420;200;Card;Browser/Work;;0
SESS-12701;2026-08-07 12:36:52;USR-1061;2004-03-24;M;Standard;4;480;400;Card;Minecraft;;0
SESS-14269;2026-08-03 13:21:32;USR-1413;1995-02-13;M;ps5;1;400;200;Card;Dota 2;4.0;0
SESS-15991;2026-08-05 15:41:34;USR-1121;2007-05-26;M;Standard;2;0;200;Card;Dota 2;;0
SESS-12592;2026-08-23 16:49:28;USR-1598;2005-02-28;M;Standard;2;240;200;Card;CS2;4.0;0
SESS-13086;2026-08-22 18:53:33;USR-1026;2010-02-02;M;Standard;2;0;200;App;CS2;4.5;0
SESS-16777;2026-08-21 20:54:26;USR-1079;2008-08-05;M;Standard;2;0;200;Cash;Valorant;3.0;0
SESS-15357;2026-08-30 10:08:58;USR-1757;2001-08-06;M;VIP;2;320;400;App;Valorant;;0
SESS-10817;2026-08-30 18:38:56;USR-1660;2003-12-20;M;VIP;2;0;400;Card;Apex Legends;5.0;0
SESS-10866;2026-08-23 08:12:42;USR-1522;2008-11-21;M;Standard;2;240;200;Card;CS2;;0
SESS-14247;2026-08-09 09:34:24;USR-1663;1997-07-26;M;Bootcamp;3;660;450;App;PUBG;;0
SESS-13081;2026-08-17 22:45:52;USR-1369;2005-09-09;M;Standard;8;1280;800;Card;CS2;4.5;0
SESS-15493;2026-08-08 11:59:38;USR-1034;1991-12-14;M;PS5;4;1428;900;Card;CS2;;1
SESS-11786;2026-08-09 19:03:15;USR-1011;2011-12-14;M;Bootcamp;1;0;150;Cash;CS2;;0
SESS-11547;2026-08-06 16:19:12;USR-1120;2011-05-02;F;VIP;4;448;720;Card;CS2;;1
SESS-13247;2026-08-07 10:58:53;USR-1776;2004-05-21;M;Bootcamp;2;240;300;App;Valorant;;0
SESS-16366;2026-08-23 19:08:03;USR-1041;2011-07-28;M;PS5;3;0;750;Card;Minecraft;;0
SESS-14187;2026-08-16 13:40:26;USR-1116;2006-12-01;M;VIP;3;320;600;Card;Deadlock;;0
SESS-11950;2026-08-04 10:17:11;USR-1684;2009-11-24;M;Standard;4;0;400;Cash;Valorant;;0
SESS-10492;2026-08-01 17:23:55;USR-1301;2006-10-09;M;PS5;1;0;250;Card;Dota 2;;0
SESS-10521;2026-08-21 10:02:53;USR-1041;2011-07-28;M;Standard;4;240;400;App;CS2;4.5;0
SESS-12513;2026-08-23 21:55:33;USR-1164;2005-09-09;M;Standard;1;0;100;Card;CS2;;0
SESS-12095;2026-08-06 20:19:53;USR-1692;2007-04-02;M;PS5;2;320;500;Card;CS2;4.5;0
SESS-10129;2026-08-23 16:19:52;USR-1292;2004-05-07;M;Bootcamp;3;560;450;Card;Dota 2;4.5;0
SESS-14978;2026-08-07 12:16:28;USR-1395;2006-05-19;F;Standard;3;0;300;Cash;CS2;;0
SESS-16900;2026-08-15 13:48:52;USR-1116;2006-12-01;M;Bootcamp;2;400;300;App;Dota 2;;0
SESS-13350;2026-08-08 13:06:22;USR-1350;2012-11-16;M;Bootcamp;1;40;150;Card;Dota 2;;0
SESS-16021;2026-08-18 17:17:39;USR-1602;2005-10-19;F;Standard;2;240;200;Card;Dota 2;4.5;0
SESS-11385;2026-08-21 09:56:05;USR-1072;2010-03-15;M;Standard;3;180;300;Card;CS2;;0
SESS-12626;2026-08-23 20:35:39;USR-1113;2010-05-22;M;Bootcamp;5;560;675;App;Deadlock;5.0;1
SESS-17173;2026-08-01 08:01:00;USR-1137;1993-02-24;M;PS5;5;1050;1125;Card;PUBG;4.5;1
SESS-10720;2026-08-22 20:34:29;USR-1628;2012-08-25;M;Bootcamp;1;0;150;App;Dota 2;;0
SESS-14338;2026-08-27 11:19:19;USR-1766;2007-09-21;M;VIP;1;0;200;Card;Dota 2;4.0;0
SESS-16968;2026-08-31 18:06:46;USR-1363;2011-09-01;F;Standard;1;40;100;App;Valorant;;0
SESS-13172;2026-08-08 21:15:55;USR-1324;2001-11-03;M;Standard;2;240;200;Card;Deadlock;;0
SESS-15614;2026-08-04 19:37:01;USR-1068;2011-11-23;F;Standard;4;448;360;App;Dota 2;;1
SESS-11070;2026-08-24 14:25:57;USR-1117;2006-12-19;M;Standard;1;0;100;Card;GTA V;;0
SESS-13426;2026-08-25 08:55:21;USR-1675;1995-05-13;M;PS5;2;660;500;Card;Dota 2;4.5;0
SESS-10227;2026-08-09 12:01:14;USR-1502;2011-10-20;F;Standard;3;336;270;Cash;Valorant;5.0;1
SESS-14447;2026-08-18 22:24:28;USR-1066;2011-12-15;M;Standard;5;0;450;App;CS2;;1
SESS-15691;2026-08-18 22:41:43;USR-1110;2006-09-11;F;Bootcamp;5;0;750;Card;Valorant;;0
SESS-11819;2026-08-19 21:05:20;USR-1022;2012-11-14;F;Standard;5;0;450;Card;Dota 2;4.5;1
SESS-16037;2026-08-07 18:58:36;USR-1092;2001-05-02;F;Standard;1;0;100;Card;GTA V;4.0;0
SESS-14672;2026-08-23 12:24:35;USR-1013;2010-03-22;F;Bootcamp;1;0;150;Cash;Minecraft;;0
SESS-15718;2026-08-08 22:36:51;USR-1030;2002-07-03;M;Standard;12;0;1080;Card;GTA V;;1
SESS-11416;2026-08-12 15:54:14;USR-1140;2008-06-12;M;Standard;1;0;100;Card;CS2;;0
SESS-11464;2026-08-08 13:20:55;USR-1415;2011-12-24;M;Standard;1;0;100;Cash;CS2;4.5;0
SESS-15459;2026-08-20 15:08:54;USR-1559;2008-02-20;M;Standard;8;896;720;App;Dota 2;3.0;1
SESS-13369;2026-08-10 08:09:58;USR-1463;2011-01-17;M;Bootcamp;4;0;600;Card;Dota 2;;0
SESS-16894;2026-08-05 03:35:32;USR-1428;2003-09-03;M;Standard;8;640;800;Card;CS2;4.0;0
SESS-14698;2026-08-28 22:35:07;USR-1320;2006-10-14;M;VIP;12 ч.;1590;2400;App;CS2;3.0;0
SESS-16135;2026-08-21 20:29:43;USR-1010;2007-09-24;M;PS5;5;400;1250;Card;PUBG;4.5;0
SESS-11176;2026-08-15 18:21:25;USR-1167;2009-05-04;M;Standard;12;0;1080;App;Minecraft;;1
SESS-13687;2026-08-10 20:13:40;USR-1564;2004-07-10;M;Standard;3;480;300;Card;Deadlock;;0
SESS-13753;2026-08-07 21:15:09;USR-1729;2009-05-27;M;Bootcamp;4;0;600;App;CS2;4.0;0
SESS-15330;2026-08-28 16:31:05;USR-1151;2007-01-05;F;Standard;1;160;100;Card;CS2;;0
SESS-13770;2026-08-13 22:18:43;USR-1048;2003-07-10;F;Bootcamp;8;790;1200;Card;CS2;4.5;0
SESS-13390;2026-08-29 02:17:01;USR-1105;2004-04-12;M;Bootcamp;2;320;300;App;Dota 2;;0
SESS-13754;2026-08-22 18:14:23;USR-1110;2006-09-11;F;Standard;2;0;200;App;Dota 2;;0
SESS-12227;2026-08-23 20:55:16;USR-1334;2000-05-11;M;VIP;1;0;200;Card;Cyberpunk 2077;;0
SESS-17076;2026-08-07 17:53:13;USR-1070;2008-04-24;M;Bootcamp;2;320;300;App;Apex Legends;5.0;0
SESS-13143;2026-08-08 21:52:23;USR-1003;2010-11-08;M;VIP;2;0;400;Cash;Valorant;5.0;0
SESS-11065;2026-08-14 21:33:23;USR-1390;2012-10-20;M;Standard;4;320;400;App;Minecraft;5.0;0
SESS-13899;2026-08-02 22:14:58;USR-1720;2012-03-11;M;PS5;12;0;3000;App;Dota 2;5.0;0
SESS-13374;2026-08-09 14:12:53;USR-1059;2010-04-18;M;ps5;2;80;200;Cash;CS2;4.5;0
SESS-14475;2026-08-22 21:55:27;USR-1126;1996-07-13;F;VIP;4;0;800;App;CS2;5.0;0
SESS-11076;2026-08-07 18:34:39;USR-1097;2006-04-09;M;Standard;4;896;360;Card;CS2;4.5;1
SESS-11252;2026-08-26 10:52:54;USR-1253;2003-02-16;M;VIP;3;390;600;Card;Deadlock;3.0;0
SESS-16833;2026-08-17 18:33:06;USR-1053;1994-03-24;M;Bootcamp;1;0;150;Card;Browser/Work;;0
SESS-13663;2026-08-04 16:06:55;USR-1090;2004-08-10;M;Standard;3;336;270;Card;Dota 2;4.5;1
SESS-11626;2026-08-05 21:53:32;USR-1112;2008-11-25;M;VIP;5;672;900;Card;Apex Legends;4.5;1
SESS-15311;2026-08-19 07:59:59;USR-1289;2010-05-21;M;Standard;3;0;300;Cash;Valorant;;0
SESS-14193;2026-08-14 16:44:15;USR-1012;2009-01-18;F;Standard;2;0;180;App;CS2;5.0;1
SESS-13433;2026-08-16 04:19:10;USR-1011;2011-12-14;M;Bootcamp;4;320;600;App;CS2;3.0;0
SESS-10215;2026-08-29 00:07:29;USR-1744;2006-11-06;M;Standard;8;896;720;Card;PUBG;4.5;1
SESS-12450;2026-08-02 07:42:14;USR-1277;1999-11-08;M;Bootcamp;1;0;150;Card;CS2;2.0;0
SESS-10069;2026-08-22 23:05:10;USR-1154;1987-12-02;M;PS5;12;3300;3000;Card;Browser/Work;5.0;0
SESS-15088;2026-08-15 11:10:20;USR-1127;2009-02-14;M;Bootcamp;1;0;150;Card;Minecraft;;0
SESS-13009;2026-08-07 16:41:06;USR-1158;1993-07-18;M;VIP;2;540;400;App;GTA V;;0
SESS-13614;2026-08-04 20:11:57;USR-1776;2004-05-21;M;Bootcamp;4;0;540;Card;CS2;;1
SESS-13610;2026-08-01 21:02:10;USR-1043;2012-06-14;F;Standard;3;240;300;Cash;Dota 2;4.0;0
SESS-16844;2026-08-15 22:47:06;USR-1155;2009-09-19;M;VIP;5;400;1000;Card;Minecraft;5.0;0
SESS-10377;2026-08-13 00:50:31;USR-1644;2010-12-18;M;PS5;12;672;2700;App;CS2;5.0;1
SESS-11848;2026-08-08 12:44:51;USR-1062;1998-04-23;M;Bootcamp;2;510;300;Card;Deadlock;4.5;0
SESS-10707;2026-08-29 18:58:48;USR-1759;2001-11-11;F;Bootcamp;1;160;150;Card;PUBG;;0
SESS-16942;2026-08-23 15:35:13;USR-1186;2010-04-20;M;Standard;1;0;100;App;CS2;;0
SESS-15247;2026-08-07 18:35:00;USR-1020;2005-09-26;F;VIP;3;0;540;App;Valorant;;1
SESS-12320;2026-08-09 22:25:52;USR-1681;2006-06-11;M;Bootcamp;5;480;750;Card;CS2;;0
SESS-11777;2026-08-14 19:07:37;USR-1077;1996-09-03;M;PS5;1;0;250;Card;CS2;5.0;0
SESS-11714;2026-08-03 14:04:33;USR-1128;2007-05-19;M;Standard;2;160;200;App;Dota 2;;0
SESS-11476;2026-08-08 21:49:43;USR-1680;2011-10-20;M;Standard;2;0;200;App;Dota 2;5.0;0
SESS-11185;2026-08-23 15:47:31;USR-1139;2003-05-21;M;VIP;2;470;400;Card;CS2;;0
SESS-13501;2026-08-11 22:46:58;USR-1143;2006/07/15;F;VIP;3;440;600;Card;Cyberpunk 2077;4.5;0
SESS-11733;2026-08-23 18:26:00;USR-1271;2010-06-01;M;Standard;2;0;200;Cash;Minecraft;;0
SESS-12604;2026-08-05 16:32:15;USR-1092;2001-05-02;F;Standard;1;168;90;App;Apex Legends;;1
SESS-12400;2026-08-11 20:24:33;USR-1091;2004-01-15;M;Bootcamp;1;230;150;Card;Deadlock;;0
SESS-10955;2026-08-08 07:24:18;USR-1623;2023-06-15;M;PS5;999;160;500;Card;Dota 2;4.5;0
SESS-14570;2026-08-27 17:45:37;USR-1320;2006-10-14;M;PS5;3;0;750;Card;CS2;;0
SESS-16413;2026-08-29 16:00:45;USR-1446;1988-03-22;M;PS5;3;510;750;App;Cyberpunk 2077;;0
SESS-13635;2026-08-05 18:52:42;USR-1556;2009-08-19;M;VIP;3;120;600;Card;CS2;5.0;0
SESS-13914;2026-08-14 22:20:48;USR-1453;1995-09-11;M;Bootcamp;3;0;450;Card;Dota 2;4.5;0
SESS-12554;2026-08-29 18:34:21;USR-1074;2011-11-23;F;Standard;1;0;100;Card;Minecraft;5.0;0
SESS-11700;2026-08-04 23:34:46;USR-1774;2010-08-07;M;Bootcamp;3;120;450;App;Minecraft;4.5;0
SESS-16917;2026-08-18 17:38:23;USR-1122;1995-12-05;M;Standard;1;0;100;Card;GTA V;;0
SESS-15370;2026-08-23 11:32:15;USR-1739;2004-07-28;M;Standard;2;240;200;Card;Dota 2;5.0;0
SESS-11363;2026-08-30 15:24:04;USR-1301;2006-10-09;M;PS5;2;0;500;Card;Cyberpunk 2077;4.0;0
SESS-17177;2026-08-21 21:01:26;USR-1429;2012-02-11;M;Standard;1;0;100;Cash;Valorant;4.0;0
SESS-16345;2026-08-26 16:40:31;USR-1139;2003-05-21;M;VIP;5;0;900;Card;CS2;4.0;1
SESS-14514;2026-08-10 18:23:00;USR-1022;2012-11-14;F;Bootcamp;1;0;150;App;Deadlock;;0
SESS-12726;2026-08-09 16:24:03;USR-1769;1999-03-21;F;VIP;5;1550;1000;Card;Dota 2;;0
SESS-15388;2026-08-12 12:30:58;USR-1147;2010-04-19;M;Standard;1;0;100;Card;CS2;;0
SESS-16564;2026-08-28 14:40:16;USR-1693;2005-08-06;M;PS5;2;240;500;Cash;Dota 2;;0
SESS-13985;2026-08-24 23:32:34;USR-1326;2003-05-12;F;Standard;8;0;800;Card;CS2;;0
SESS-10652;2026-08-16 08:56:25;USR-1316;2009-10-04;M;VIP;3;0;600;App;CS2;;0
SESS-10648;2026-08-14 15:52:49;USR-1716;2009-02-04;F;Standard;1;0;100;App;CS2;;0
SESS-16711;2026-08-07 16:53:20;USR-1743;2005-12-14;M;VIP;4;560;800;Card;CS2;;0
SESS-10846;2026-08-18 08:41:08;USR-1175;2004-01-25;M;VIP;4;400;800;Card;Dota 2;5.0;0
SESS-13580;2026-08-25 18:33:23;USR-1078;2002-12-09;M;Standard;4;0;400;Card;Minecraft;4.0;0
SESS-10425;2026-08-01 20:21:46;USR-1644;2010-12-18;M;VIP;3;0;540;App;Minecraft;;1
SESS-16644;2026-08-27 11:57:10;USR-1102;2011-08-12;M;Standard;1;80;100;Cash;CS2;;0
SESS-15014;2026-08-26 08:04:33;USR-1754;2012-09-14;F;Standard;2;80;200;Cash;Minecraft;;0
SESS-16344;2026-08-28 15:48:56;USR-1777;1989-01-16;M;Standard;3;750;300;Card;GTA V;4.0;0
SESS-10834;2026-08-19 21:56:26;USR-1777;1989-01-16;M;VIP;2;714;360;Card;Browser/Work;;1
SESS-16026;2026-08-06 16:01:31;USR-1371;2012-08-02;M;Standard;1;0;100;App;Valorant;;0
SESS-11261;2026-08-19 13:54:22;USR-1151;2007-01-05;F;PS5;3;0;750;App;Dota 2;;0
SESS-12985;2026-08-03 13:18:33;USR-1648;2007-03-17;M;Bootcamp;5;750;750;App;CS2;;0
SESS-14190;2026-08-19 17:30:08;USR-1618;2007-04-14;M;Bootcamp;1;0;150;Card;Dota 2;4.5;0
SESS-15491;2026-08-17 11:18:09;USR-1308;2007-07-09;M;Standard;2;320;200;App;CS2;;0
SESS-12727;2026-08-09 20:15:43;USR-1328;2005-07-26;M;VIP;3;630;600;Card;CS2;4.5;0
SESS-17186;2026-08-30 18:02:50;USR-1270;2001-01-19;M;Standard;3;240;300;Card;Dota 2;4.5;0
SESS-14221;2026-08-12 21:39:27;USR-1062;1998-04-23;M;Standard;1;250;100;App;CS2;;0
SESS-10462;2026-08-28 23:35:27;USR-1729;2009-05-27;M;Standard;8;0;720;App;CS2;4.5;1
SESS-16438;2026-08-05 08:48:03;USR-1056;2002-03-26;M;Standard;1;0;100;Card;Deadlock;;0
SESS-14464;2026-08-31 11:05:34;USR-1792;2008-07-22;F;Standard;2;0;200;App;Valorant;;0
SESS-11138;2026-08-30 18:52:04;USR-1128;2007-05-19;M;VIP;8;1360;1600;App;CS2;5.0;0
SESS-10343;2026-08-07 00:13:30;USR-1406;2005-05-07;M;Standard;8;0;800;App;CS2;;0
SESS-13541;2026-08-29 19:03:01;USR-1046;2009-12-16;M;Bootcamp;5;0;675;Card;Valorant;5.0;1
SESS-15860;2026-08-23 00:41:20;USR-1396;2003-09-15;F;Standard;8;960;800;App;Deadlock;4.5;0
SESS-13061;2026-08-31 13:26:10;USR-1063;2007-02-12;M;VIP;1;0;200;Card;CS2;;0
SESS-11370;2026-08-30 20:26:27;USR-1423;1989-04-26;M;Standard;2;0;200;Card;PUBG;;0
SESS-13997;2026-08-26 21:48:19;USR-1088;1992-02-13;M;Standard;1;180;100;App;Cyberpunk 2077;3.0;0
SESS-10855;2026-08-17 15:06:40;USR-1334;2000-05-11;M;Bootcamp;2;660;300;Card;Cyberpunk 2077;4.0;0
SESS-15663;2026-08-18 00:58:17;USR-1159;2003-06-05;M;Standard;5;0;500;Card;Minecraft;4.5;0
SESS-16931;2026-08-11 16:22:03;USR-1109;2011-12-05;M;Standard;4;0;360;App;Minecraft;;1
SESS-14401;2026-08-08 21:48:41;USR-1080;2007-12-19;M;VIP;4;720;800;App;Apex Legends;4.5;0
SESS-10774;2026-08-12 01:03:43;USR-1172;2008-04-11;M;PS5;2;160;500;App;Valorant;4.5;0
SESS-16537;2026-08-15 16:16:46;USR-1613;2011-11-27;M;Standard;4;0;400;App;Valorant;;0
SESS-12806;2026-08-08 14:32:57;USR-1645;2008-11-08;M;Standard;2;0;200;Card;Deadlock;4.0;0
SESS-10580;2026-08-02 15:03:45;USR-1104;2006-10-08;M;Standard;3;336;270;App;CS2;;1
SESS-11813;2026-08-21 18:11:02;USR-1469;1995-12-27;M;VIP;2;390;400;Card;Dota 2;;0
SESS-11365;2026-08-27 19:30:12;USR-1293;2006-06-03;M;VIP;1;0;200;App;Dota 2;;0
SESS-13559;2026-08-02 21:20:10;USR-1343;2011-12-27;M;Standard;3;0;300;App;CS2;5.0;0
SESS-16938;2026-08-27 15:05:17;USR-1120;2011-05-02;F;Standard;4;224;360;Card;Minecraft;5.0;1
SESS-10446;2026-08-01 07:38:32;USR-1565;2003-02-24;M;Bootcamp;1;0;150;Card;CS2;;0
SESS-11631;2026-08-19 21:39:41;USR-1571;1989-09-02;M;Standard;1;0;100;Card;Browser/Work;;0
SESS-12766;2026-08-22 17:41:27;USR-1151;2007-01-05;F;VIP;3;320;600;Card;Deadlock;4.5;0
SESS-15735;2026-08-24 19:45:30;USR-1140;2008-06-12;M;Standard;3;672;270;Card;PUBG;;1
SESS-11349;2026-08-12 11:35:52;USR-1467;2003-06-07;M;Standard;3;480;300;Card;CS2;4.0;0
SESS-16300;2026-08-29 08:09:30;USR-1003;2010-11-08;M;Standard;2;0;200;Cash;CS2;;0
SESS-14766;2026-08-28 17:15:12;USR-1135;2008-12-16;M;Standard;3;480;300;App;Deadlock;;0
SESS-12148;2026-08-02 00:32:58;USR-1616;2011-01-09;M;VIP;5;0;1000;App;Minecraft;4.0;0
SESS-14993;2026-08-22 20:30:00;USR-1055;2004-09-27;M;Bootcamp;3;440;450;Card;Apex Legends;5.0;0
SESS-13088;2026-08-14 20:55:05;USR-1413;1995-02-13;M;VIP;3;0;600;Card;Dota 2;5.0;0
SESS-12108;2026-08-20 14:57:37;USR-1041;2011-07-28;M;Standard;1;0;100;Card;Minecraft;5.0;0
SESS-10137;2026-08-24 08:43:29;USR-1498;2000-09-02;M;PS5;3;923;675;Card;PUBG;;1
SESS-13551;2026-08-12 09:26:21;USR-1077;1996-09-03;M;PS5;1;0;250;App;CS2;;0
SESS-11158;2026-08-02 23:11:51;USR-1082;2004-06-01;F;VIP;5;0;1000;Card;CS2;4.5;0
SESS-11100;2026-08-23 09:06:19;USR-1538;2003-03-28;M;Standard;4;448;360;Cash;Valorant;4.0;1
SESS-10913;2026-08-16 19:20:44;USR-1577;2006-09-22;M;PS5;1;0;250;Card;Valorant;;0
SESS-13486;2026-08-23 16:00:30;USR-1019;2011-02-06;M;Bootcamp;3;336;405;App;CS2;;1
SESS-15406;2026-08-24 17:27:35;USR-1175;2004-01-25;M;PS5;12;1920;3000;Card;Deadlock;;0
SESS-14094;2026-08-12 23:57:36;USR-1522;2008-11-21;M;Bootcamp;3;440;450;Card;CS2;5.0;0
SESS-11126;2026-08-15 19:09:21;USR-1045;2006-09-28;M;Bootcamp;8;0;1200;Cash;Dota 2;;0
SESS-10295;2026-08-28 01:00:54;USR-1190;2005-12-28;M;Standard;8;896;720;Cash;Dota 2;5.0;1
SESS-11538;2026-08-19 18:24:37;USR-1011;2011-12-14;M;Bootcamp;2;0;300;Cash;Deadlock;;0
SESS-15460;2026-08-02 13:39:12;USR-1108;2002-06-14;M;Standard;5;0;500;Card;Dota 2;3.0;0
SESS-15542;2026-08-29 20:50:25;USR-1017;2010-09-20;M;Standard;4;0;400;Cash;Valorant;4.5;0
SESS-11266;2026-08-13 15:57:15;USR-1188;2007-03-11;M;PS5;4;0;1000;App;Dota 2;3.0;0
SESS-11143;2026-08-30 15:01:48;USR-1329;2007-12-17;M;Standard;3;360;300;Card;Valorant;;0
SESS-10084;2026-08-26 15:18:19;USR-1127;2009-02-14;M;Bootcamp;3;168;405;App;Minecraft;;1
SESS-13868;04.08.2026 16:05:14;USR-1573;2010-11-01;M;Standard;1;0;100;App;Dota 2;4.0;0
SESS-11015;2026-08-15 16:43:41;USR-1511;2006-12-18;M;Standard;3;480;300;App;Valorant;;0
SESS-10105;2026-08-22 16:28:39;USR-1603;2005-07-17;M;VIP;1;0;200;Card;CS2;;0
SESS-12519;2026-08-13 21:34:34;USR-1770;2006-09-08;M;Bootcamp;4;0;600;Card;CS2;3.0;0
SESS-12660;2026-08-24 19:35:03;USR-1616;2011-01-09;M;Bootcamp;2;0;300;Cash;Dota 2;;0
SESS-17235;2026-08-02 23:26:35;USR-1076;2003-01-05;M;VIP;12;0;2400;Card;Deadlock;5.0;0
SESS-13951;2026-08-28 15:37:27;USR-1422;2012-06-23;M;Standard;1;60;100;App;Minecraft;5.0;0
SESS-14015;2026-08-24 18:34:21;USR-1526;2012-04-13;M;VIP;2;120;400;Card;Valorant;4.0;0
SESS-11764;2026-08-27 18:37:59;USR-1022;2012-11-14;F;Standard;3;0;300;Cash;Dota 2;3.0;0
SESS-13992;2026-08-02 02:19:20;USR-1513;2005-03-25;M;Bootcamp;1;310;150;Card;CS2;4.5;0
SESS-13728;2026-08-06 15:34:52;USR-1046;2009-12-16;M;Standard;3 ч.;0;270;Card;Deadlock;;1
SESS-12228;2026-08-20 13:48:33;USR-1159;2003-06-05;M;Standard;2;448;180;Card;Dota 2;;1
SESS-12343;2026-08-01 16:24:50;USR-1235;1993-05-01;F;PS5;2;390;500;Card;PUBG;;0
SESS-11315;2026-08-11 14:06:40;USR-1301;2006-10-09;M;Standard;3;336;270;App;CS2;4.5;1
SESS-12287;2026-08-13 13:51:01;USR-1079;2008-08-05;M;VIP;1;0;200;Card;CS2;;0
SESS-14305;2026-08-22 16:23:04;USR-1031;1993-08-21;M;Bootcamp;3;714;405;Card;Browser/Work;;1
SESS-11381;2026-08-14 20:38:45;USR-1767;2001-10-11;M;Standard;2;0;200;Card;Dota 2;;0
SESS-10478;2026-08-23 10:10:47;USR-1184;2002-05-24;M;VIP;8;1430;1600;Cash;CS2;;0
SESS-17216;2026-08-07 12:37:45;USR-1049;2011-07-07;M;Bootcamp;4;336;540;Cash;GTA V;4.5;1
SESS-13536;2026-08-08 10:33:12;USR-1122;1995-12-05;M;VIP;8;2226;1440;Card;Valorant;3.0;1
SESS-13567;2026-08-02 11:41:24;USR-1014;2010-07-18;F;Standard;2;0;200;Cash;Valorant;3.0;0
SESS-15610;2026-08-19 23:11:38;USR-1544;1996-10-17;M;PS5;2;0;500;Card;Cyberpunk 2077;;0
SESS-15646;2026-08-13 16:36:24;USR-1090;2004-08-10;M;VIP;4;0;800;Card;Dota 2;;0
SESS-16552;2026-08-18 15:02:48;USR-1305;2006-03-14;M;Standard;3;0;300;Card;CS2;;0
SESS-15713;2026-08-01 21:58:38;USR-1251;2001-12-01;M;VIP;2;0;400;Card;Dota 2;;0
SESS-10114;2026-08-16 19:25:28;USR-1680;2011-10-20;M;VIP;3;240;600;App;Deadlock;;0
SESS-16446;2026-08-23 16:12:37;USR-1469;1995-12-27;M;PS5;1;0;250;App;CS2;;0
SESS-10160;2026-08-02 02:01:47;USR-1011;2011-12-14;M;Bootcamp;3;251;405;App;CS2;4.5;1
SESS-14448;2026-08-08 16:01:44;USR-1020;2005-09-26;F;Standard;1;80;100;Card;Apex Legends;4.5;0
SESS-10845;2026-08-08 00:13:15;USR-1015;1998-01-18;M;Standard;8;2000;800;Card;CS2;4.0;0
SESS-17223;2026-08-02 13:46:31;USR-1380;2005-10-24;M;Bootcamp;1;0;150;App;Dota 2;4.0;0
SESS-10018;2026-08-28 19:40:57;USR-1400;2011-02-02;M;Standard;3;0;300;App;GTA V;4.0;0
SESS-15237;2026-08-15 23:41:51;USR-1104;2006-10-08;M;Standard;8;0;800;Card;Minecraft;;0
SESS-15022;2026-08-16 16:58:35;USR-1028;2005-02-10;M;VIP;2;400;400;Card;Dota 2;;0
SESS-11602;2026-08-21 20:04:15;USR-1073;2012-07-14;F;PS5;3;180;750;Card;CS2;1.0;0
SESS-14466;2026-08-20 18:17:50;USR-1692;2007-04-02;M;Standard;1;0;100;Card;CS2;;0
SESS-13100;2026-08-29 11:46:04;USR-1013;2010-03-22;F;Standard;2;0;180;App;Dota 2;5.0;1
SESS-12109;2026-08-21 13:12:01;USR-1140;2008-06-12;M;Bootcamp;3;0;450;Card;Deadlock;3.0;0
SESS-15946;2026-08-07 14:51:13;USR-1741;2008-10-09;M;Bootcamp;1;0;150;Cash;Dota 2;;0
SESS-16182;2026-08-01 12:03:20;USR-1285;2004-05-01;F;VIP;2;0;400;Card;Apex Legends;5.0;0
SESS-11724;2026/08/13 18:12:47;USR-1112;2008-11-25;M;Standard;2;240;200;Card;Valorant;4.0;0
SESS-13913;2026-08-12 14:02:13;USR-1773;2005-04-21;M;Standard;3;240;300;App;Deadlock;4.0;0
SESS-14985;2026-08-19 14:52:49;USR-1060;1993-12-16;M;VIP;2;390;400;Card;CS2;5.0;0
SESS-12758;2026-08-30 21:46:28;USR-1669;1990-12-08;M;VIP;2;650;400;Card;Cyberpunk 2077;;0
SESS-14975;2026-08-03 08:46:45;USR-1067;2011-04-02;M;Standard;2;0;200;App;Deadlock;;0
SESS-11389;2026-08-12 17:31:00;USR-1042;1997-02-02;M;VIP;4;630;800;App;Cyberpunk 2077;4.5;0
SESS-11477;2026-08-22 21:06:33;USR-1739;2004-07-28;M;VIP;2;0;400;Card;CS2;;0
SESS-14082;2026-08-12 11:02:33;USR-1688;2004-01-13;M;PS5;8;896;1800;Card;CS2;3.0;1
SESS-11243;2026-08-02 22:33:36;USR-1053;1994-03-24;M;PS5;8;1590;2000;Cash;CS2;;0
SESS-10316;2026-08-07 17:11:09;USR-1122;1995-12-05;M;VIP;2;390;400;Card;Cyberpunk 2077;;0
SESS-16495;2026-08-18 15:14:17;USR-1313;1989-06-14;M;VIP;4;1819;720;App;GTA V;;1
SESS-11516;2026-08-26 22:55:42;USR-1452;1995-01-14;M;Bootcamp;5;0;750;Card;PUBG;4.0;0
SESS-10260;2026-08-30 17:33:04;USR-1000;1994-09-16;M;VIP;3;0;600;Card;Dota 2;4.0;0
SESS-12514;2026-08-23 18:02:10;USR-1114;2005-06-01;M;PS5;1;160;250;App;Apex Legends;;0
SESS-15902;2026-08-31 18:29:11;USR-1319;2009-08-08;M;Standard;2;0;200;App;Minecraft;;0
SESS-15025;2026-08-07 05:10:29;USR-1400;2011-02-02;M;Standard;3;120;300;Card;Apex Legends;4.5;0
SESS-16483;2026-08-27 13:16:06;USR-1032;2011-02-27;M;Standard;2;0;200;App;Apex Legends;;0
SESS-13318;2026-08-24 13:00:13;USR-1493;1995-11-27;1;VIP;5;750;1000;Card;Dota 2;;0
SESS-16693;2026-08-15 14:56:47;USR-1119;1997-03-16;M;Standard;12;2160;1200;;GTA V;;0
SESS-10249;2026-08-19 19:25:57;USR-1010;2007-09-24;M;VIP;2;0;360;App;CS2;;1
SESS-11523;2026-08-17 12:32:07;USR-1676;1992-07-26;M;Standard;3;0;300;Card;CS2;4.0;0
SESS-12254;2026-08-24 14:49:17;USR-1338;2006-04-28;F;Standard;2;320;200;Card;CS2;;0
SESS-10635;2026-08-25 22:53:21;USR-1454;2006-11-21;M;Standard;8;1280;800;Card;CS2;4.5;0
SESS-13783;2026-08-20 14:34:47;USR-1752;2010-12-20;F;Standard;4;0;360;Card;Valorant;4.0;1
SESS-13420;2026-08-19 12:07:04;USR-1398;2012-02-18;F;Standard;2;160;200;Card;Minecraft;;0
SESS-14179;2026-08-24 16:08:02;USR-1106;2010-07-26;M;Standard;4;240;400;App;Minecraft;5.0;0
SESS-12174;2026/08/30 17:28:20;USR-1187;2011-07-27;M;Standard;1;0;100;Card;CS2;;0
SESS-10070;2026-08-23 00:53:13;USR-1744;2006-11-06;M;Standard;8;0;800;App;GTA V;;0
SESS-12779;2026-08-13 20:29:51;USR-1242;1999-05-25;M;PS5;2;0;500;Card;Dota 2;;0
SESS-12251;2026-08-13 13:27:03;USR-1099;2001-07-16;M;VIP;1;160;200;Card;Valorant;2.0;0
SESS-14384;2026-08-28 19:56:01;USR-1668;2010-11-14;M;Bootcamp;1;0;150;Card;Minecraft;;0
SESS-14103;2026-08-10 22:59:25;USR-1159;2003-06-05;M;Standard;5;560;450;Card;Deadlock;4.0;1
SESS-12473;2026-08-30 00:34:23;USR-1186;2010-04-20;M;PS5;12;672;2700;Cash;Dota 2;;1
SESS-14198;2026-08-10 18:15:04;USR-1422;2012-06-23;M;Bootcamp;2;120;300;Card;Minecraft;5.0;0
SESS-15553;2026-08-30 15:17:03;USR-1125;2006-07-09;F;Bootcamp;5;550;750;Card;Valorant;;0
SESS-14665;2026-08-09 15:30:52;USR-1235;1993-05-01;F;Standard;5;1250;500;Card;CS2;5.0;0
SESS-16448;2026-08-11 21:04:53;USR-1473;2008-09-08;F;Bootcamp;8;1106;1080;Card;Dota 2;;1
SESS-10763;2026-08-05 11:30:59;USR-1299;2011-11-09;M;Standard;2;0;200;App;Dota 2;;0
SESS-15160;2026-08-16 19:15:23;USR-1115;2011-06-03;M;Bootcamp;2;80;300;App;Dota 2;4.0;0
SESS-15882;2026-08-29 01:02:03;USR-1243;2010-02-10;M;Bootcamp;5;400;750;Cash;Valorant;5.0;0
SESS-13801;2026-08-29 23:13:41;USR-1749;2010-12-14;M;Standard;3;168;270;App;Minecraft;;1
SESS-10508;2026-08-19 14:45:43;USR-1006;2007-06-18;M;Bootcamp;2;0;300;App;Dota 2;;0
SESS-14257;2026-08-26 13:53:06;USR-1070;2008-04-24;M;Standard;4;448;360;App;CS2;;1
SESS-10870;2026-08-25 10:49:35;USR-1512;1999-11-22;M;VIP;4;0;800;Card;GTA V;;0
SESS-12331;2026-08-23 15:44:17;USR-1094;2004-10-05;M;Bootcamp;1;270;150;Card;Apex Legends;;0
SESS-11923;2026-08-28 19:39:35;USR-1437;2007-10-20;M;Bootcamp;4;0;540;Cash;Valorant;4.5;1
SESS-10510;2026-08-22 23:34:37;USR-1475;2006-02-08;F;PS5;8;0;2000;Card;Dota 2;4.0;0
SESS-15321;2026-08-20 17:45:56;USR-1257;2011-07-16;M;Standard;5;420;450;App;Valorant;5.0;1
SESS-14315;2026-08-15 18:15:06;USR-1055;2004-09-27;M;Standard;2;160;200;Card;Valorant;4.0;0
SESS-17109;2026-08-21 23:14:14;USR-1216;2004-05-11;M;Standard;12;1920;1200;Card;CS2;3.0;0
SESS-14160;2026-08-14 10:06:07;USR-1481;1992-12-08;F; Bootcamp ;3;0;750;Card;Dota 2;4.5;0
SESS-13694;2026-08-28 23:32:22;USR-1083;2000-08-19;M;PS5;8;0;2000;Card;Cyberpunk 2077;4.0;0
SESS-15334;2026-08-02 21:23:47;USR-1196;2006-09-08;M;Bootcamp;2;0;300;Card;CS2;4.0;0
SESS-13294;2026-08-07 07:25:38;USR-1079;2008-08-05;M;Standard;2;0;200;Card;Dota 2;;0
SESS-13951;2026-08-28 15:37:27;USR-1422;2012-06-23;M;Standard;1;60;100;App;Minecraft;5.0;0
SESS-14943;2026-08-27 23:07:43;USR-1344;2003-07-19;F;Standard;12;2015;1080;App;Cyberpunk 2077;4.5;1
SESS-16066;2026-08-22 15:28:21;USR-1513;2005-03-25;M;VIP;1;0;180;Card;CS2;4.5;1
SESS-17175;2026-08-05 20:00:56;USR-1577;2006-09-22;M;Bootcamp;2;0;300;App;Dota 2;;0
SESS-10856;2026-08-24 19:34:39;USR-1663;1997-07-26;M;Standard;4;1007;360;Card;CS2;;1
SESS-13286;2026-08-15 14:11:18;USR-1659;2001-02-23;M;Standard;2;320;200;App;CS2;;0
SESS-12030;2026-08-10 17:01:20;USR-1109;2011-12-05;M;Bootcamp;12;0;1800;Card;Valorant;4.0;0
SESS-16212;2026-08-08 22:20:27;USR-1243;2010-02-10;M;Standard;3;336;270;Card;Minecraft;;1
SESS-14022;2026-08-22 22:29:45;USR-1121;2007-05-26;M;VIP;12;0;2400;Card;CS2;4.0;0
SESS-13341;2026-08-17 00:50:26;USR-1148;2005-12-20;M;VIP;8;0;1600;Card;CS2;;0
SESS-13881;2026-08-30 18:36:30;USR-1717;2003-09-19;M;Standard;3;480;300;App;CS2;4.0;0
SESS-10767;2026-08-22 19:41:19;USR-1734;1996-04-18;M;PS5;1;461;225;Card;GTA V;4.5;1
SESS-12528;2026-08-24 14:18:01;USR-1148;2005-12-20;M;Standard;8;1280;800;Card;Valorant;;0
SESS-15333;2026-08-23 20:47:42;USR-1518;2008-11-23;M;VIP;3;0;600;Card;CS2;4.0;0
SESS-13138;2026-08-08 14:30:00;USR-1143;2006-07-15;F;Standard;2;240;200;App;Dota 2;;0
SESS-11931;2026-08-07 15:13:52;USR-1609;1999-09-26;M;PS5;3;840;750;;Dota 2;;0
SESS-13386;2026-08-12 21:50:03;USR-1193;2004-02-11;M;Standard;3;0;270;Card;Valorant;;1
SESS-10157;2026-08-15 18:56:41;USR-1457;2009-06-14;M;Standard;3;120;300;App;Valorant;;0
SESS-13631;2026-08-16 21:41:58;USR-1106;2010-07-26;M;Standard;3;180;300;Card;Dota 2;;0
SESS-12462;2026-08-17 17:45:17;USR-1220;2007-07-24;F;VIP;8;0;1600;Card;Valorant;4.5;0
SESS-11006;2026-08-29 18:26:40;USR-1528;1992-04-11;M;Standard;4;0;400;App;Dota 2;4.5;0
SESS-16845;2026-08-18 16:58:38;USR-1767;2001-10-11;M;VIP;1;0;200;Card;CS2;;0
SESS-11487;2026-08-07 00:34:52;USR-1063;2007-02-12;M;VIP;8;790;1600;App;CS2;4.5;0
SESS-16809;2026-08-27 16:25:21;USR-1740;2005-06-21;M;Standard;1;0;100;Card;CS2;4.0;0
SESS-13672;2026-08-15 12:45:35;USR-1102;2011-08-12;M;Bootcamp;2;0;300;Cash;Valorant;4.5;0
SESS-10398;2026-08-23 10:09:50;USR-1006;2007-06-18;1;Bootcamp;1;0;135;App;CS2;5.0;1
SESS-14733;2026-08-18 14:50:57;USR-1315;2009-12-08;M;Standard;2;0;200;Card;Minecraft;3.0;0
SESS-13600;2026-08-09 13:28:10;USR-1693;2005-08-06;M;Bootcamp;12;1110;1800;Card;Valorant;;0
SESS-13810;2026-08-16 16:13:11;USR-1275;2010-05-27;F;PS5;1;0;250;App;Deadlock;;0
SESS-15226;2026-08-01 13:33:37;USR-1240;2007-10-10;M;Standard;3;0;300;Card;CS2;4.5;0
SESS-12595;2026-08-23 14:35:42;USR-1047;2004-05-25;M;Standard;1;0;100;Cash;Valorant;;0
SESS-10422;2026-08-09 17:05:33;USR-1140;2008-06-12;M;VIP;4;0;720;App;CS2;5.0;1
SESS-10001;2026-08-05 20:37:58;USR-1739;2004-07-28;M;Bootcamp;2;0;300;Card;Valorant;;0
SESS-13182;2026-08-29 23:02:37;USR-1152;2006-12-04;M;VIP;8;1430;1600;App;Dota 2;5.0;0
SESS-11331;2026-08-01 10:56:29;USR-1106;2010-07-26;M;VIP;3;0;600;Cash;Minecraft;5.0;0
SESS-15559;2026-08-19 00:23:57;USR-1080;2007-12-19;M;Bootcamp;8;1040;1200;Card;Valorant;;0
SESS-15142;2026-08-01 12:09:33;USR-1545;2007-06-27;M;Standard;2;0;200;Card;Dota 2;4.5;0
SESS-12946;2026-08-19 12:38:58;USR-1184;2002-05-24;M;Bootcamp;3;320;450;Card;GTA V;4.0;0
SESS-11267;2026-08-22 19:18:56;USR-1003;2010-11-08;M;Bootcamp;1;40;150;Card;Valorant;;0
SESS-13006;2026-08-28 18:42:44;USR-1150;2004-01-17;F;Bootcamp;2;320;300;Card;Valorant;;0
SESS-13064;2026-08-07 15:44:37;USR-1610;2008-10-26;M;Standard;3;672;270;Card;PUBG;;1
SESS-12178;2026-08-10 21:26:58;USR-1328;2005-07-26;M;Bootcamp;3;784;405;Cash;Valorant;;1
SESS-14872;2026-08-04 09:53:47;USR-1004;2011-07-04;M;Standard;1;0;100;App;Minecraft;4.5;0
SESS-11592;2026-08-13 17:53:47;USR-1544;1996-10-17;1;Bootcamp;2;0;300;Card;GTA V;;0
SESS-13609;2026-08-07 18:30:44;USR-1203;2008-12-03;M;Standard;4;672;360;Card;CS2;4.5;1
SESS-14378;2026-08-15 13:20:52;USR-1054;2008-05-14;M;VIP;4;0;800;Card;Dota 2;4.5;0
SESS-11023;2026/08/01 15:49:02;USR-1355;2005-11-25;F;VIP;3;440;600;Card;Valorant;4.5;0
SESS-11420;2026-08-14 19:11:09;USR-1527;1996-01-05;M;Standard;3;750;300;Card;CS2;;0
SESS-14072;2026-08-07 17:02:30;USR-1444;2009-02-07;M;PS5;4;0;900;App;Valorant;;1
SESS-15508;2026-08-14 16:27:14;USR-1361;2006-10-14;M;Standard;5;0;500;Card;Dota 2;;0
SESS-15270;2026-08-22 19:15:22;USR-1638;2004-09-21;M;Standard;5;1120;450;App;Deadlock;4.5;1
SESS-12598;2026-08-16 18:06:13;USR-1480;2002-10-07;F;Bootcamp;5;1232;675;Cash;Valorant;5.0;1
SESS-13076;2026-08-01 16:47:41;USR-1776;2004-05-21;M;Standard;1;160;100;App;Valorant;4.0;0
SESS-10196;2026-08-09 15:03:51;USR-1640;2003-10-25;M;Bootcamp;2;400;300;Card;CS2;;0
SESS-10659;2026-08-04 10:49:56;USR-1395;2006-05-19;F;Bootcamp;2;0;300;App;Dota 2;;0
SESS-12896;2026-08-29 09:15:57;USR-1753;2005-03-09;M;Standard;2;0;200;Card;CS2;;0
SESS-15316;2026-08-20 15:28:43;USR-1093;2004-06-23;F;Bootcamp;2;320;300;App;Apex Legends;;0
SESS-15317;2026-08-05 08:14:46;USR-1001;2003-04-08;F;VIP;4;560;720;Cash;Dota 2;;1
SESS-16682;2026-08-21 19:42:46;USR-1231;2006-06-24;M;Standard;2;0;200;App;CS2;;0
SESS-14721;2026-08-19 22:02:58;USR-1763;2009-07-07;M;Standard;8;0;800;Cash;Apex Legends;;0
SESS-15844;2026-08-17 14:19:46;USR-1780;2012-09-11;F;Standard;1;0;100;App;Minecraft;;0
SESS-15329;2026-08-02 09:34:24;USR-1341;2004-02-28;M;VIP;2;320;400;Card;CS2;;0
SESS-16183;2026-08-27 16:56:32;USR-1162;2010-06-16;M;Standard;3;251;270;Card;Minecraft;;1
SESS-11760;2026-08-22 13:57:11;USR-1079;2008-08-05;M;Standard;1;160;100;Card;CS2;4.0;0
SESS-10718;2026-08-28 15:39:06;USR-1062;1998-04-23;M;Standard;2;240;200;Card;CS2;4.5;0
SESS-16017;2026-08-14 17:06:01;USR-1644;2010-12-18;M;Standard;3;251;270;App;GTA V;;1
SESS-13563;2026-08-05 16:56:51;USR-1240;2007/10/10;M;Bootcamp;2;240;300;App;Valorant;5.0;0
SESS-16849;2026-08-07 23:49:03;USR-1090;2004-08-10;M;Standard;8;0;800;Card;Dota 2;3.0;0
SESS-17257;2026-08-06 21:41:31;USR-1342;2011-09-02;M;Bootcamp;3;0;405;Card;CS2;;1
SESS-17024;2026-08-13 14:40:13;USR-1578;2012-12-23;M;Standard;2;0;200;Cash;CS2;4.0;0
SESS-14322;2026-08-21 18:39:51;USR-1408;2010-10-25;M;Standard;3;0;300;Card;Minecraft;;0
SESS-15894;2026-08-08 19:37:44;USR-1135;2008-12-16;M;Standard;2;160;200;Card;Valorant;;0
SESS-14800;2026-08-17 17:01:07;USR-1603;2005-07-17;M;PS5;3;0;750;Card;Dota 2;4.0;0
SESS-17000;2026-08-05 18:10:52;USR-1678;2009-11-05;M;Standard;1;40;100;Cash;PUBG;;0
SESS-15990;2026-08-28 23:50:30;USR-1617;2006-01-04;M;VIP;5;750;1000;Card;Apex Legends;4.0;0
SESS-17062;2026-08-07 18:34:53;USR-1263;2010-11-06;M;VIP;2;0;400;App;Dota 2;;0
SESS-11598;2026-08-31 19:08:50;USR-1713;1996-12-18;F;PS5;1;400;250;Card;Browser/Work;4.0;0
SESS-16101;2026-08-01 11:46:54;USR-1092;2001-05-02;F;Bootcamp;4;720;600;App;Valorant;4.5;0
SESS-14666;2026-08-15 20:46:47;USR-1385;2011-06-05;M;Standard;1;40;100;App;CS2;3.0;0
SESS-11802;2026-08-30 12:21:51;USR-1577;2006-09-22;M;VIP;12 часа;0;2160;Card;Dota 2;;1
SESS-16332;2026-08-15 16:33:19;USR-1297;2012-04-24;M;Standard;2;0;200;Card;Minecraft;5.0;0
SESS-14762;2026-08-24 06:44:49;USR-1101;2003-05-22;M;VIP;1;200;200;Card;Dota 2;;0
SESS-12008;2026-08-14 00:52:00;USR-1085;2000-07-21;M;VIP;12;2436;2160;Card;Cyberpunk 2077;4.5;1
SESS-14999;2026-08-01 15:54:30;USR-1003;2010-11-08;M;Standard;3;0;300;App;Minecraft;;0
SESS-14425;2026-08-11 09:05:55;USR-1154;1987-12-02;M;PS5;3;1260;675;Cash;Cyberpunk 2077;;1
SESS-16307;2026-08-05 16:52:45;USR-1400;2011-02-02;M;Bootcamp;2 ч.;0;300;App;Minecraft;;0
SESS-10445;2026-08-22 19:51:43;USR-1433;2006-02-14;M;VIP;2;0;400;Card;PUBG;;0
SESS-10911;2026-08-20 22:16:44;USR-1075;1995-03-20;F;Bootcamp;8;3220;1080;Card;Dota 2;5.0;1
SESS-16821;2026-08-07 15:59:00;USR-1118;2006-10-19;F;Bootcamp;1;0;150;Card;CS2;;0
SESS-11751;2026-08-28 18:05:45;USR-1343;27.12.2011;M;Standard;1;0;100;App;Dota 2;;0
SESS-14080;2026-08-28 13:05:49;USR-1342;2011-09-02;M;Standard;3;0;300;App;Minecraft;;0
SESS-11366;2026-08-23 00:46:57;USR-1320;2006-10-14;M;VIP;12;0;2400;Card;Valorant;;0
SESS-11167;2026-08-15 16:44:48;USR-1484;2003-09-21;M;PS5;4;0;900;Card;Dota 2;;1
SESS-16760;2026-08-26 15:35:46;USR-1088;1992-02-13;M;VIP;2;714;360;App;GTA V;4.5;1
SESS-12749;2026-08-28 15:34:57;USR-1046;2009-12-16;M;Standard;2;80;200;App;Minecraft;;0
SESS-17072;2026-08-31 16:00:24;USR-1089;2012-05-15;M;Standard;1;60;100;Cash;CS2;4.5;0
SESS-11014;2026-08-12 17:44:01;USR-1069;2011-02-16;M;Standard;2;0;200;App;CS2;;0
SESS-14273;2026-08-08 23:54:32;USR-1012;2009-01-18;F;Standard;8;0;800;Cash;CS2;;0
SESS-11537;2026-08-07 21:13:34;USR-1771;1997-03-02;M;Standard;2;700;180;Card;CS2;;1
SESS-15257;2026-08-22 09:33:42;USR-1009;2004-06-03;M;PS5;2;0;500;Card;PUBG;;0
SESS-16865;2026-08-16 09:03:39;USR-1133;2003-05-21;M;PS5;2;160;500;App;CS2;;0
SESS-13105;2026-08-07 19:54:24;USR-1300;2001-04-21;F;Standard;2;160;200;App;Valorant;3.0;0
SESS-11432;2026-08-15 10:17:32;USR-1115;2011-06-03;M;Standard;2;0;200;App;Valorant;4.5;0
SESS-11616;2026-08-10 22:32:54;USR-1250;2008-02-14;M;Standard;8;0;800;App;Dota 2;4.0;0
SESS-12809;2026-08-07 19:01:08;USR-1619;2010-06-25;M;PS5;2;80;500;App;Dota 2;5.0;0
SESS-11965;2026-08-15 08:41:55;USR-1783;2006-12-13;F;Standard;3;0;300;Card;Dota 2;;0
SESS-10156;2026-08-23 10:52:10;USR-1574;2010-07-20;M;Standard;3;0;270;Cash;Dota 2;4.0;1
SESS-14760;2026-08-29 19:47:27;USR-1768;2005-01-16;F;Bootcamp;3;0;450;Card;Valorant;;0
SESS-12659;2026-08-07 16:50:40;USR-1097;2006-04-09;M;Bootcamp;2;0;300;App;Valorant;;0
SESS-15475;2026-08-05 17:56:37;USR-1345;2012-07-11;F;Standard;12;0;1200;App;PUBG;;0
SESS-14954;2026-08-24 20:27:06;USR-1062;1998-04-23;M;Bootcamp;4;630;600;Card;Cyberpunk 2077;3.0;0
SESS-16888;2026-08-17 15:26:16;USR-1560;2007-10-17;M;Bootcamp;4;658;540;App;Apex Legends;5.0;1
SESS-13129;2026-08-15 01:36:03;USR-1090;2004-08-10;M;Bootcamp;3;440;450;App;Valorant;;0
SESS-13192;2026-08-13 17:46:10;USR-1080;2007-12-19;M;VIP;3;0;600;Card;Dota 2;;0
SESS-15680;2026-08-23 20:10:51;USR-1047;2004-05-25;M;Standard;3;360;300;App;CS2;;0
SESS-12457;2026-08-17 20:25:25;USR-1154;1987-12-02;M;VIP;4;870;800;Card;Dota 2;4.5;0
SESS-13323;2026-08-28 15:22:07;USR-1543;2011-10-08;M;Standard;1;0;100;App;Valorant;;0
SESS-14971;2026-08-29 17:27:31;USR-1147;2010-04-19;M;Standard;2;0;200;App;Deadlock;4.0;0
SESS-14387;2026-08-11 01:08:34;USR-1023;2010-02-02;M;Standard;3;0;300;Cash;Minecraft;;0
SESS-10790;2026-08-30 09:45:38;USR-1005;2011-10-01;M;Standard;5;0;500;App;Minecraft;;0
SESS-10923;2026-08-02 17:29:09;USR-1102;2011-08-12;M;Bootcamp;4;240;600;App;CS2;4.0;0
SESS-14392;2026-08-12 18:42:21;USR-1335;2011-03-17;M;VIP;4;0;720;App;Minecraft;4.0;1
SESS-11024;2026-08-26 12:02:26;USR-1623;2004-12-22;M;VIP;4;0;800;App;Dota 2;5.0;0
SESS-16069;2026-08-19 23:46:19;USR-1450;2007-09-12;M;Standard;8;1280;800;App;CS2;4.0;0
SESS-14738;2026-08-31 09:32:11;USR-1059;2010-04-18;M;Bootcamp;2;0;300;App;Valorant;;0
SESS-12826;2026-08-28 21:13:34;USR-1147;2010-04-19;M;Standard;1;40;100;Card;Valorant;1.0;0
SESS-13579;2026-08-08 13:32:26;USR-1448;1996-02-02;M;VIP;2;390;400;App;GTA V;;0
SESS-13606;2026-08-11 20:17:34;USR-1028;2005-02-10;M;VIP;1;160;200;App;Dota 2;4.5;0
SESS-11242;2026-08-24 11:14:03;USR-1085;2000-07-21;M;PS5;2;0;500;Card;Cyberpunk 2077;;0
SESS-11246;2026-08-21 13:33:01;USR-1526;2012-04-13;M;Bootcamp;1;0;150;App;Minecraft;;0
SESS-14629;2026-08-17 11:42:45;USR-1502;2011-10-20;F;Standard;1;0;100;Card;Minecraft;4.0;0
SESS-10151;2026-08-12 17:26:37;USR-1657;1997-08-05;M;Standard;3;756;270;Card;Dota 2;4.5;1
SESS-12340;2026-08-30 17:28:25;USR-1430;2006-08-21;F;Standard;3;503;270;Card;Dota 2;4.5;1
SESS-13079;2026-08-01 16:57:19;USR-1582;2005-05-22;F;Standard;1;80;100;Card;Dota 2;;0
SESS-12965;2026-08-11 00:53:00;USR-1788;2007-09-08;M;Bootcamp;12;0;1800;Card;Dota 2;5.0;0
SESS-14529;2026-08-09 13:43:17;USR-1303;2011-11-11;M;Standard;3;180;300;Card;GTA V;5.0;0
SESS-11235;2026-08-12 14:42:39;USR-1145;2003-05-21;M;Bootcamp;1;0;150;App;Valorant;;0
SESS-11224;2026-08-09 16:06:23;USR-1249;2008-12-18;M;PS5;4;448;900;App;Deadlock;;1
SESS-15248;2026-08-29 20:13:49;USR-1787;2005-04-18;M;Bootcamp;3;0;450;Card;CS2;3.0;0
SESS-14865;2026-08-15 15:29:19;USR-1598;2005-02-28;M;PS5;3;0;750;Card;Deadlock;;0
SESS-10782;2026-08-23 18:38:10;USR-1068;2011-11-23;F;Standard;1;60;100;App;Valorant;4.0;0
SESS-12711;2026-08-04 21:46:34;USR-1439;2009-12-23;M;PS5;1;0;250;App;Minecraft;;0
SESS-13070;2026-08-28 16:09:08;USR-1118;2006-10-19;F;Standard;1;120;100;App;CS2;;0
SESS-12497;2026-08-14 18:25:55;USR-1129;1993-08-09;F;VIP;2;510;400;Card;Dota 2;;0
SESS-15556;2026-08-22 15:58:50;USR-1371;2012-08-02;M;Standard;3;336;270;App;Deadlock;5.0;1
SESS-13699;2026-08-30 16:46:35;USR-1050;2008-12-03;F;PS5;1;160;250;Card;CS2;;0
SESS-16205;2026-08-28 16:10:39;USR-1193;2004-02-11;M;VIP;2;0;400;Card;Valorant;;0
SESS-11531;2026-08-02 21:22:53;USR-1056;2002-03-26;M;VIP;3;390;600;Card;CS2;;0
SESS-15586;2026-08-10 20:31:34;USR-1083;2000-08-19;M;VIP;2;800;400;Card;CS2;4.5;0
SESS-15550;2026-08-06 11:46:21;USR-1062;1998-04-23;M;PS5;2;0;500;Card;PUBG;;0
SESS-11117;2026-08-22 21:10:21;USR-1720;2012-03-11;M;Standard;4;224;360;App;CS2;;1
SESS-13187;2026-08-22 17:15:40;USR-1332;2012-09-04;M;Bootcamp;4;448;540;Card;CS2;;1
SESS-14047;2026-08-08 19:16:55;USR-1523;2006-10-11;M;PS5;2;160;500;App;Valorant;;0
SESS-11359;2026-08-30 16:15:30;USR-1112;2008-11-25;M;PS5;3;672;675;Cash;Dota 2;4.5;1
SESS-12422;2026-08-02 19:58:10;USR-1125;2006-07-09;F;PS5;2;240;500;App;Cyberpunk 2077;;0
SESS-13065;2026-08-14 19:44:27;USR-1547;2006-11-17;M;Standard;4;448;360;Cash;Minecraft;4.5;1
SESS-14773;2026-08-29 17:30:11;USR-1082;2004-06-01;F;Standard;3;0;300;Card;Valorant;4.0;0
SESS-15066;2026-08-30 22:12:39;USR-1620;2007-03-28;F;Standard;5;600;500;Card;CS2;2.0;0
SESS-14081;2026-08-08 15:02:20;USR-1110;2006-09-11;F;Bootcamp;1;0;150;Card;CS2;4.5;0
SESS-13282;2026-08-02 17:35:54;USR-1016;2003-01-07;M;Bootcamp;3;448;405;App;CS2;;1
SESS-11755;2026-08-07 09:20:19;USR-1652;2011-02-19;M;Standard;1;0;100;Card;Dota 2;4.0;0
SESS-15430;2026-08-07 12:28:43;USR-1532;2007-12-28;M;VIP;2;320;400;App;Valorant;;0
SESS-15983;2026-08-11 12:39:03;USR-1222;2005-04-07;M;Bootcamp;3;0;450;Card;CS2;;0
SESS-10077;2026-08-16 17:59:39;USR-1410;2003-08-02;M;PS5;1;160;250;App;CS2;;0
SESS-13443;2026-08-14 16:19:53;USR-1035;1998-09-03;M;PS5;1;270;250;Card;PUBG;4.5;0
SESS-14177;2026-08-01 11:35:28;USR-1110;2006-09-11;F;Standard;5;800;500;Cash;Deadlock;4.0;0
SESS-10989;2026-08-16 08:30:52;USR-1455;1999-01-15;M;Standard;2;360;200;Card;Cyberpunk 2077;;0
SESS-14216;2026-08-23 09:01:05;USR-1443;2008-11-11;M;Standard;5;560;450;App;CS2;4.0;1
SESS-16229;2026-08-05 10:45:07;USR-1059;2010-04-18;M;Bootcamp;2;0;300;Cash;CS2;4.5;0
SESS-10284;2026-08-06 17:40:36;USR-1103;2008-10-01;M;Standard;4;480;400;Card;Dota 2;4.0;0
SESS-11678;2026-08-16 14:37:59;USR-1265;2010-09-20;F;PS5;3;240;750;App;Deadlock;;0
SESS-14961;2026-08-11 18:41:37;USR-1519;2010-11-07;M;Standard;3;251;270;Cash;Valorant;5.0;1
SESS-10119;2026-08-10 00:21:57;USR-1588;2008-12-02;F;VIP;12;0;2160;Card;Valorant;4.5;1
SESS-16557;2026-08-15 15:13:23;USR-1577;2006-09-22;M;Standard;3;360;300;Card;CS2;4.0;0
SESS-12258;2026-08-29 13:56:55;USR-1371;2012-08-02;M;VIP;3;240;600;Cash;CS2;4.5;0
SESS-10165;2026-08-29 12:42:27;USR-1237;2008-10-10;M;Standard;3;360;300;Card;CS2;;0
SESS-12558;2026-08-12 17:05:21;USR-1571;1989-09-02;M;PS5;1;480;250;Card;Dota 2;;0
SESS-13384;2026-08-19 22:58:35;USR-1278;2012-05-26;M;VIP;8;480;1600;Cash;CS2;4.5;0
SESS-11411;2026-08-20 18:35:15;USR-1086;1990-06-20;M;Standard;3;540;300;Card;GTA V;4.0;0
SESS-10146;2026-08-30 18:47:32;USR-1564;2004-07-10;M;Standard;1;120;100;Card;CS2;;0
SESS-10326;2026-08-15 20:11:12;USR-1759;2001-11-11;F;Bootcamp;2;470;300;Card;Valorant;4.0;0
SESS-11286;2026-08-27 18:53:16;USR-1052;2011-10-25;M;Bootcamp;1;0;150;Cash;Minecraft;;0
SESS-15589;2026-08-10 17:27:28;USR-1455;1999-01-15;M;PS5;1;330;250;Card;CS2;;0
SESS-16652;2026-08-13 17:37:20;USR-1083;2000-08-19;M;Standard;2;360;200;Card;Dota 2;1.0;0
SESS-17218;2026-08-17 10:39:01;USR-1581;2006-11-16;M;Standard;1;160;100;Card;Dota 2;4.0;0
SESS-14226;2026-08-16 14:34:40;USR-1340;2009-09-22;M;Standard;4;0;400;App;GTA V;;0
SESS-16684;2026-08-12 18:15:34;USR-1080;2007-12-19;M;Bootcamp;2;0;300;App;Dota 2;4.0;0
SESS-10630;2026-08-29 21:50:57;USR-1152;2006-12-04;M;Standard;2;240;200;App;CS2;;0
SESS-11123;2026-08-09 15:39:27;USR-1702;2010-01-12;M;Standard;5;400;500;App;Minecraft;4.5;0
SESS-10676;2026-08-28 23:51:19;USR-1076;2003-01-05;M;PS5;12;960;3000;App;Dota 2;;0
SESS-11427;2026-08-22 13:54:36;USR-1004;2011-07-04;M;Standard;2;0;200;Card;CS2;;0
SESS-12079;2026-08-19 19:34:12;USR-1102;2011-08-12;M;Standard;5;0;450;Card;CS2;5.0;1
SESS-13779;2026-08-23 21:44:04;USR-1188;2007-03-11;M;VIP;1;0;200;App;Dota 2;;0
SESS-17079;2026-08-29 16:16:05;USR-1157;2011-01-17;M;Bootcamp;1;84;135;App;Valorant;;1
SESS-13007;2026-08-24 22:00:57;USR-1088;1992-02-13;M;Standard;8;0;800;Card;GTA V;5.0;0
SESS-12229;2026-08-13 08:55:13;USR-1300;2001-04-21;F;Standard;4;480;400;Card;CS2;5.0;0
SESS-11677;2026-08-20 23:37:30;USR-1041;2011-07-28;M;Standard;12;0;1200;Cash;Minecraft;;0
SESS-10606;2026-08-05 21:14:07;USR-1475;2006-02-08;F;Standard;5;0;450;Card;Valorant;;1
SESS-10050;2026-08-28 20:27:11;USR-1193;2004-02-11;M;Standard;3;0;300;Card;Dota 2;;0
SESS-13409;2026-08-29 11:21:08;USR-1186;2010-04-20;M;Standard;4;224;360;App;Minecraft;4.5;1
SESS-12327;2026-08-29 15:33:33;USR-1356;2007-07-16;M;VIP;4;784;720;Card;Dota 2;;1
SESS-14054;2026-08-06 16:30:29;USR-1145;2003-05-21;M;Standard;2;0;200;Card;CS2;;0
SESS-13477;2026-08-24 20:30:10;USR-1375;2006-11-03;M;Standard;1;160;100;Card;Dota 2;4.0;0
SESS-15721;2026-08-21 22:04:26;USR-1291;2003-11-11;M;Standard;5;0;500;Cash;Dota 2;4.0;0
SESS-14158;2026-08-12 15:31:48;USR-1695;2011-02-25;M;Bootcamp;1;0;150;Cash;CS2;4.5;0
SESS-16958;2026-08-17 17:34:09;USR-1556;2009-08-19;M;Standard;3;0;300;App;Valorant;;0
SESS-12500;2026-08-02 16:19:30;USR-1545;2007-06-27;M;PS5;3;336;675;Card;CS2;4.0;1
SESS-15191;2026-08-10 13:34:42;USR-1787;2005-04-18;M;Standard;3;240;300;App;Deadlock;;0
SESS-11211;2026-08-14 21:14:42;USR-1144;2005-01-11;M;Standard;4;0;360;Card;Dota 2;;1
SESS-12862;2026-08-28 22:09:08;USR-1064;2004-07-08;M;Standard;3;360;300;Card;Dota 2;4.0;0
SESS-13768;2026-08-02 08:51:49;USR-1005;2011-10-01;M;Bootcamp;1;60;150;Card;Dota 2;4.0;0
SESS-13349;2026-08-06 14:47:57;USR-1123;2003-11-08;F;Bootcamp;3;882;405;Card;Dota 2;;1
SESS-12122;2026-08-06 13:13:14;USR-1001;2003-04-08;F;VIP;2;470;400;Card;CS2;5.0;0
SESS-11719;2026-08-26 16:15:22;USR-1019;2011-02-06;M;VIP;3;251;540;Cash;Minecraft;;1
SESS-16609;2026-08-15 11:18:36;USR-1007;1995-11-02;F;Bootcamp;3;923;405;Card;Cyberpunk 2077;;1
SESS-12860;2026-08-08 14:33:22;USR-1077;1996-09-03;M;Standard;2;0;200;Card;CS2;4.5;0
SESS-15998;2026-08-19 00:01:15;USR-1074;2011-11-23;F;VIP;5;0;1000;Card;CS2;4.0;0
SESS-14150;2026-08-08 21:28:03;USR-1044;1996-12-25;M;VIP;5;0;1000;Card;Dota 2;5.0;0
SESS-11986;2026-08-03 11:38:34;USR-1098;2009-05-09;F;Bootcamp;2;0;300;Cash;Minecraft;;0
SESS-16387;2026-08-02 01:22:36;USR-1101;2003-05-22;M;VIP;8;0;1600;Card;Dota 2;;0
SESS-17108;2026-08-07 13:06:52;USR-1234;2005-06-04;M;VIP;5;0;1000;Cash;PUBG;4.5;0
SESS-16696;2026-08-31 01:54:22;USR-1304;2010-11-25;M;Standard;12;0;1200;App;CS2;;0
SESS-15853;2026-08-28 23:31:57;USR-1138;2003-02-26;F;Standard;12;0;1080;App;CS2;;1
SESS-10211;2026-08-18 19:43:06;USR-1511;2006-12-18;M;Standard;1;0;100;Card;Apex Legends;5.0;0
SESS-15601;2026-08-20 13:49:56;USR-1749;2010-12-14;M;Standard;1;0;100;App;Valorant;;0
SESS-13576;2026-08-27 12:17:50;USR-1035;1998-09-03;M;VIP;3;965;540;App;Browser/Work;4.5;1
SESS-11285;2026-08-19 07:17:25;USR-1744;2006-11-06;M;Standard;3;0;270;App;CS2;;1
SESS-13885;2026-08-14 11:14:13;USR-1099;2001-07-16;M;Standard;1;120;100;Card;Dota 2;1.0;0
SESS-10358;2026-08-15 17:14:37;USR-1587;1992-02-27;M;PS5;2;510;500;Card;Cyberpunk 2077;;0
SESS-11279;2026-08-03 22:44:30;USR-1620;2007-03-28;F;VIP;2;0;400;Card;Valorant;;0
SESS-15458;2026-08-04 15:44:36;USR-1493;1995-11-27;M;Bootcamp;2;660;300;Card;Browser/Work;5.0;0
SESS-13366;2026-08-30 07:21:36;USR-1612;2000-09-21;F;VIP;3;1260;540;Card;Valorant;4.5;1
SESS-13800;2026-08-24 03:30:34;USR-1050;2008-12-03;F;Standard;2;0;200;Card;Cyberpunk 2077;;0
SESS-12499;2026-08-10 19:55:34;USR-1154;1987-12-02;M;Standard;2;0;200;Card;GTA V;;0
SESS-11902;2026-08-01 12:26:20;USR-1127;2009-02-14;M;Standard;1;40;100;App;CS2;2.0;0
SESS-10627;2026-08-22 14:59:23;USR-1098;2023-06-15;F;Bootcamp;999;0;450;App;Minecraft;;0
SESS-15864;2026-08-16 17:40:34;USR-1310;2001-03-17;M;Standard;2;0;200;App;Valorant;;0
SESS-16120;2026-08-10 09:20:54;USR-1767;2001-10-11;M;Bootcamp;2;240;300;Card;CS2;;0
SESS-15093;2026-08-09 15:44:22;USR-1263;2010-11-06;M;VIP;2;0;400;App;Dota 2;;0
SESS-13565;2026-08-02 01:32:42;USR-1135;2008-12-16;M;Bootcamp;3;0;450;Card;GTA V;;0
SESS-14854;2026-08-01 17:28:21;USR-1545;2007-06-27;M;Standard;1;168;90;Card;CS2;;1
SESS-13062;2026-08-22 00:46:33;USR-1618;2007-04-14;M;Standard;5;0;500;App;Dota 2;;0
SESS-13622;2026-08-27 01:57:35;USR-1669;1990-12-08;M;PS5;5;1200;1250;Card;Dota 2;5.0;0
SESS-13451;2026-08-09 18:33:32;USR-1109;2011-12-05;M;Standard;3;0;300;App;Minecraft;;0
SESS-15522;2026-08-15 20:47:42;USR-1544;1996-10-17;M;VIP;3;1260;540;Card;Browser/Work;5.0;1
SESS-10325;2026-08-22 15:52:16;USR-1253;2003-02-16;M;Standard;2;320;200;App;PUBG;4.5;0
SESS-10418;2026-08-02 01:17:10;USR-1497;1992-02-13;M;VIP;8;1740;1600;Card;CS2;;0
SESS-14820;2026-08-23 10:33:58;USR-1066;2011-12-15;M;Standard;2;0;180;App;Minecraft;;1
SESS-13267;2026-08-04 09:40:04;USR-1113;2010-05-22;M;Standard;2;120;200;App;Minecraft;;0
SESS-16481;2026-08-29 14:32:33;USR-1113;2010-05-22;M;Standard;2;0;180;App;CS2;4.5;1
SESS-10884;2026-08-19 17:35:36;USR-1368;2006-03-28;M;VIP;3;0;600;App;Deadlock;;0
SESS-14619;2026-08-17 15:53:51;USR-1691;2012-06-12;M;Standard;3;120;300;App;Minecraft;;0
SESS-16388;2026-08-08 13:38:43;USR-1485;2004-01-19;F;PS5;2;240;500;Card;Valorant;;0
SESS-13255;2026-08-16 20:47:56;USR-1548;2006-05-07;F;VIP;2;400;400;Card;Valorant;;0
SESS-11920;2026-08-19 16:03:00;USR-1134;1995-04-07;M;Standard;2;240;200;Card;CS2;5.0;0
SESS-10943;2026-08-07 19:11:21;USR-1168;1997-09-25;M;PS5;3;1050;750;Card;Deadlock;;0
SESS-11130;2026-08-24 10:14:06;USR-1483;2005-08-26;M;Standard;4;448;360;App;Dota 2;5.0;1
SESS-16955;2026-08-06 19:57:28;USR-1242;1999-05-25;M;Bootcamp;2;714;270;Card;Deadlock;;1
SESS-13504;2026-08-30 00:32:55;USR-1438;2006-04-14;M;VIP;8;0;1600;App;Valorant;4.5;0
SESS-15524;2026-08-02 16:37:40;USR-1260;2001-11-15;M;Bootcamp;2;448;270;Card;CS2;;1
SESS-11157;2026-08-02 21:21:45;USR-1483;2005-08-26;M;Bootcamp;2;310;300;Card;CS2;;0
SESS-13863;2026-08-14 00:24:15;USR-1126;1996-07-13;F;VIP;12;2226;2160;Card;Dota 2;4.5;1
SESS-14182;2026-08-25 10:38:21;USR-1054;2008-05-14;M;Standard;8;0;800;App;CS2;4.5;0
SESS-11089;2026-08-05 00:31:23;USR-1089;2012-05-15;M;Standard;5;0;500;App;CS2;3.0;0
SESS-17244;2026-08-16 15:34:06;USR-1256;2009-08-06;M;Bootcamp;2;0;300;Cash;Valorant;;0
SESS-16793;2026-08-09 14:58:44;USR-1094;2004-10-05;M;VIP;1;200;200;App;Deadlock;5.0;0
SESS-14262;2026-08-18 15:58:41;USR-1096;2008-05-14;M;Bootcamp;4;560;540;Card;CS2;;1
SESS-16028;2026-08-04 19:46:52;USR-1641;2007-08-11;M;PS5;1;0;250;Card;Dota 2;;0
SESS-10044;2026-08-12 13:41:58;USR-1426;2011-10-06;M;Bootcamp;2;80;300;Cash;CS2;;0
SESS-10120;2026-08-20 19:14:09;USR-1527;1996-01-05;M;Standard;2;0;200;Card;CS2;;0
SESS-12432;2026-08-22 15:15:28;USR-1614;2006-09-16;F;PS5;3;240;750;Card;Valorant;4.5;0
SESS-13545;2026-08-04 15:42:41;USR-1537;2011-04-04;M;Standard;8;0;720;App;Valorant;;1
SESS-12670;2026-08-20 19:30:03;USR-1364;2011-06-06;M;Standard;2;80;200;App;Valorant;;0
SESS-12708;2026-08-02 18:54:25;USR-1355;2005-11-25;F;VIP;3;390;600;App;Valorant;;0
SESS-16654;2026-08-12 01:10:01;USR-1359;2010-06-01;F;Standard;3;0;300;Cash;CS2;;0
SESS-11327;2026-08-28 03:53:16;USR-1778;2012-02-10;M;Bootcamp;2;0;300;App;Minecraft;4.0;0
SESS-17016;2026-08-07 21:53:09;USR-1758;2011-01-07;F;Bootcamp;2;160;300;App;Valorant;;0
SESS-14299;2026-08-11 00:39:47;USR-1027;2010-04-02;F;Standard;8;672;720;App;CS2;;1
SESS-10333;2026-08-25 17:57:37;USR-1683;2010-08-17;M;Standard;2;0;200;Cash;Dota 2;;0
SESS-16468;2026-08-07 09:12:26;USR-1112;2008-11-25;M;Standard;1;80;100;App;CS2;;0
SESS-14304;2026-08-14 17:02:20;USR-1403;2010-01-28;M;Standard;4;0;400;Cash;CS2;;0
SESS-15152;2026-08-02 22:04:17;USR-1054;2008-05-14;M;Bootcamp;12;1040;1800;App;CS2;5.0;0
SESS-13582;2026-08-23 19:24:27;USR-1011;2011-12-14;M;Standard;3;168;270;App;CS2;4.0;1
SESS-16678;2026-08-29 21:28:56;USR-1173;2011/08/18;M;Standard;2;80;200;App;Minecraft;;0
SESS-15149;2026-08-14 17:29:14;USR-1051;2011-06-02;F;Standard;4;160;400;App;Valorant;4.5;0
SESS-15651;2026-08-26 10:00:41;USR-1156;2012-02-05;F;PS5;2;0;500;App;CS2;;0
SESS-13793;2026-08-30 19:15:57;USR-1294;1993-09-04;M;VIP;2;510;400;Card;Cyberpunk 2077;5.0;0
SESS-16588;2026-08-07 20:41:50;USR-1226;2005-09-13;M;Standard;2;240;200;Cash;Valorant;5.0;0
SESS-12404;2026-08-03 17:39:49;USR-1518;2008-11-23;M;Bootcamp;4;0;540;App;Valorant;4.5;1
SESS-11672;2026-08-23 02:13:20;USR-1580;1996-10-04;M;Standard;2;360;200;App;GTA V;;0
SESS-13276;2026-08-02 13:08:39;USR-1011;2011-12-14;M;Standard;4;224;360;Cash;Valorant;;1
SESS-12102;2026-08-07 16:35:47;USR-1272;2008-01-10;M;Standard;3;0;300;Card;PUBG;;0
SESS-11682;2026-08-23 12:33:48;USR-1521;1993-06-01;M;PS5;4;0;900;Cash;Dota 2;5.0;1
SESS-11140;2026-08-07 20:49:30;USR-1087;2004-11-25;F;Bootcamp;1;160;150;App;Deadlock;4.0;0
SESS-12836;2026-08-18 18:04:41;USR-1116;2006-12-01;M;PS5;1;0;250;Card;Valorant;3.0;0
SESS-11834;2026-08-29 12:19:25;USR-1103;2008-10-01;M;VIP;2;434;360;Card;Dota 2;;1
SESS-10726;2026-08-13 20:29:35;USR-1078;2002-12-09;M;Standard;3;672;270;App;CS2;4.5;1
SESS-12216;2026-08-16 17:15:06;USR-1007;1995-11-02;F;VIP;1;0;200;Card;Cyberpunk 2077;5.0;0
SESS-12728;2026-08-28 09:53:36;USR-1439;2009-12-23;M;Standard;2;120;200;Cash;CS2;;0
SESS-15323;2026-08-10 20:56:48;USR-1513;2005-03-25;M;Bootcamp;3;510;450;App;CS2;4.5;0
SESS-16254;2026-08-23 21:55:45;USR-1721;2011-03-05;M;Standard;8;0;800;App;Dota 2;;0
SESS-15671;2026-08-27 18:42:28;USR-1713;1996-12-18;F;PS5;4;882;900;App;CS2;4.5;1
SESS-14624;2026-08-07 16:18:45;USR-1423;1989-04-26;M;VIP;2;390;400;Card;Browser/Work;;0
SESS-12562;2026-08-09 21:04:19;USR-1538;2003-03-28;M;Bootcamp;2;390;300;Card;Valorant;3.0;0
SESS-11263;2026-08-23 16:10:56;USR-1784;2009-04-19;M;Bootcamp;2;0;300;Cash;CS2;;0
SESS-10055;2026-08-15 12:29:53;USR-1062;1998-04-23;M;VIP;2;540;400;App;CS2;;0
SESS-14927;2026-08-11 19:19:23;USR-1059;2010-04-18;M;Bootcamp;3;0;450;App;Valorant;5.0;0
SESS-16074;2026-08-22 20:22:59;USR-1287;1996-04-07;M;Standard;1;120;100;Card;CS2;5.0;0
SESS-15384;2026-08-28 10:46:48;USR-1020;2005-09-26;F;Standard;3;360;300;Card;CS2;;0
SESS-12376;2026-08-04 21:44:45;USR-1527;1996-01-05;M;Bootcamp;2;800;300;Card;Dota 2;4.0;0
SESS-15337;2026-08-29 16:34:56;USR-1680;2011-10-20;M;VIP;3;0;600;App;Minecraft;;0
SESS-11280;2026-08-08 17:08:37;USR-1290;2006-10-02;M;Standard;1;120;100;App;CS2;;0
SESS-11744;2026-08-07 20:59:13;USR-1480;2002-10-07;F;Bootcamp;2;240;300;Card;CS2;;0
SESS-13212;2026-08-02 19:38:58;USR-1045;2006-09-28;M;Standard;3;0;270;Card;Dota 2;4.5;1
SESS-16510;2026-08-27 08:29:44;USR-1678;2009-11-05;M;Standard;3;168;270;Cash;Valorant;;1
SESS-11422;2026-08-11 17:44:13;USR-1014;2010-07-18;F;Standard;5;0;500;Cash;Valorant;;0
SESS-15463;2026-08-10 11:36:41;USR-1062;1998-04-23;M;PS5;2;0;500;Card;Cyberpunk 2077;;0
SESS-15420;2026-08-12 16:30:10;USR-1333;2006-04-01;M;VIP;1;230;200;Card;Dota 2;;0
SESS-14249;2026-08-23 16:51:32;USR-1016;2003-01-07;M;VIP;4;0;800;Card;Apex Legends;;0
SESS-10665;2026-08-15 13:56:14;USR-1051;2011-06-02;F;Bootcamp;3;0;405;App;Dota 2;3.0;1
SESS-15855;2026-08-12 22:23:17;USR-1112;2008-11-25;M;Standard;12;0;1200;App;Dota 2;5.0;0
SESS-14129;2026-08-07 01:55:00;USR-1124;2004-09-24;M;Standard;5;600;500;Card;Dota 2;;0
SESS-14487;2026-08-28 14:30:54;USR-1434;2005-05-11;M;Standard;4;448;360;Cash;CS2;;1
SESS-16276;2026-08-20 09:03:32;USR-1357;2003-08-08;M;Standard;4;320;400;App;CS2;;0
SESS-15165;2026-08-17 22:49:51;USR-1096;2008-05-14;M;Bootcamp;8;1456;1080;App;Valorant;4.5;1
SESS-10154;2026-08-09 08:25:34;USR-1622;2006-05-16;M;Standard;4;640;400;Card;Apex Legends;1.0;0
SESS-16627;2026-08-31 17:32:51;USR-1460;2008-06-02;F;Standard;2;320;200;App;PUBG;3.0;0
SESS-15354;2026-08-08 22:37:19;USR-1207;2010-06-10;M;VIP;5;0;1000;Card;Minecraft;;0
SESS-10232;2026-08-17 18:31:23;USR-1526;2012-04-13;M;Standard;2;0;200;Cash;Minecraft;;0
SESS-14727;2026-08-17 11:24:19;USR-1471;2010-04-09;F;Standard;2;0;200;Cash;Apex Legends;;0
SESS-11002;2026-08-14 16:13:33;USR-1642;2005-07-19;M;Standard;2;0;200;Card;Dota 2;;0
SESS-14122;2026-08-08 00:58:22;USR-1406;2005-05-07;M;Standard;5;0;500;App;Valorant;4.5;0
SESS-13972;2026-08-29 17:57:04;USR-1156;2012-02-05;F;Standard;3;0;300;Card;Valorant;4.5;0
SESS-10895;2026-08-27 10:07:52;USR-1129;1993-08-09;F;Bootcamp;2;923;270;Card;Cyberpunk 2077;4.5;1
SESS-15693;2026-08-26 04:35:32;USR-1223;2008-01-18;F;PS5;2;160;500;Card;CS2;;0
SESS-16200;2026-08-26 12:12:59;USR-1195;2010-04-23;M;Standard;2;0;200;App;Minecraft;;0
SESS-17174;2026-08-07 16:43:37;USR-1538;2003-03-28;M;Standard;1;160;100;App;Dota 2;;0
SESS-16259;2026-08-23 07:43:39;USR-1329;2007-12-17;M;VIP;5;1330;900;Card;Dota 2;;1
SESS-13562;2026-08-30 17:21:30;USR-1108;2002-06-14;M;Standard;1;0;100;Card;Valorant;;0
SESS-11093;2026-08-15 00:01:00;USR-1222;2005-04-07;M;Standard;3;0;300;App;CS2;;0
SESS-17096;2026-08-28 15:38:49;USR-1754;2012-09-14;F;Standard;3;0;300;App;CS2;;0
SESS-11129;2026-08-28 16:23:19;USR-1161;2006-07-09;F;Bootcamp;3;0;450;App;CS2;;0
SESS-10534;2026-08-17 21:25:00;USR-1027;2010-04-02;F;Standard;1;60;100;App;CS2;;0
SESS-11875;2026-08-22 09:02:25;USR-1398;2012-02-18;F;Standard;1;0;100;Cash;Valorant;;0
SESS-15675;2026-08-29 17:22:04;USR-1335;2011-03-17;M;Standard;3;0;300;App;Dota 2;;0
SESS-13240;2026-08-16 15:40:11;USR-1773;2005-04-21;M;Standard;2;0;200;App;Minecraft;;0
SESS-16447;2026-08-15 15:25:00;USR-1024;2007-08-13;M;Bootcamp;3;630;450;App;Valorant;;0
SESS-12977;2026-08-07 21:59:06;USR-1297;2012-04-24;M;Standard;1;0;100;App;Dota 2;;0
SESS-11695;2026-08-13 18:27:01;USR-1006;2007-06-18;M;Standard;2;0;200;App;CS2;;0
SESS-15302;2026-08-08 18:13:42;USR-1021;2011-03-19;M;Standard;1;40;100;Card;Valorant;;0
SESS-14175;2026-08-31 23:30:01;USR-1315;08.12.2009;M;PS5;8;0;2000;Card;Minecraft;4.5;0
SESS-14065;2026-08-18 17:41:20;USR-1062;1998-04-23;M;VIP;5;1200;1000;Card;Cyberpunk 2077;4.5;0
SESS-15966;2026-08-14 15:07:41;USR-1653;2006-11-11;F;VIP;3;440;600;App;Dota 2;;0
SESS-13018;2026-08-11 11:51:17;USR-1565;2003-02-24;M;Bootcamp;2;0;300;Card;CS2;4.0;0
SESS-14777;2026-08-21 19:14:27;USR-1137;1993-02-24;M;Standard;4;0;400;Card;Cyberpunk 2077;3.0;0
SESS-12512;2026-08-27 20:20:32;USR-1487;2006-01-01;M;PS5;2;160;500;Card;CS2;;0
SESS-16529;2026-08-31 14:50:40;USR-1110;2006-09-11;F;Bootcamp;1;0;150;App;CS2;;0
SESS-15242;2026-08-13 19:47:44;USR-1631;1992-02-27;m;PS5;4;1150;1000;Card;GTA V;4.5;0
SESS-17067;2026-08-27 08:47:30;USR-1738;1998-03-01;M;Standard;2;500;200;Card;CS2;;0
SESS-11260;2026-08-14 13:57:59;USR-1328;2005-07-26;M;Standard;1;160;100;Card;Deadlock;;0
SESS-10560;2026-08-30 16:34:57;USR-1757;2001-08-06;M;Standard;1;0;100;App;CS2;;0
SESS-10259;2026-08-29 19:22:02;USR-1571;1989-09-02;M;Standard;2;0;200;App;Dota 2;;0
SESS-11704;2026-08-22 21:52:35;USR-1128;2007-05-19;M;Bootcamp;2;470;300;Cash;Valorant;5.0;0
SESS-13046;2026-08-12 06:55:48;USR-1351;2006-08-16;M;Standard;2;320;200;Card;Valorant;4.5;0
SESS-13335;2026-08-21 13:44:40;USR-1546;2010-07-25;M;VIP;2;120;400;Cash;Dota 2;5.0;0
SESS-12885;2026-08-04 20:31:55;USR-1259;1993-11-23;M;Standard;5;840;450;App;GTA V;4.0;1
SESS-16078;2026-08-07 16:19:55;USR-1565;2003-02-24;M;VIP;2;390;400;Card;CS2;;0
SESS-17191;2026-08-06 23:07:52;USR-1383;2005-07-14;M;Standard;8;1792;720;Card;Deadlock;5.0;1
SESS-13736;2026-08-23 22:42:14;USR-1121;2007-05-26;M;VIP;2;0;400;Card;Dota 2;;0
SESS-13176;2026-08-21 19:55:57;USR-1422;2012-06-23;M;Standard;2;160;200;Card;CS2;4.0;0
SESS-11590;2026-08-01 14:38:32;USR-1630;2006-11-06;M;Standard;2;240;200;Card;Valorant;;0
SESS-14542;2026-08-08 09:59:12;USR-1074;2011-11-23;F;Bootcamp;3;251;405;Card;Minecraft;4.5;1
SESS-10014;2026-08-21 13:39:43;USR-1094;2004-10-05;M;Bootcamp;3;0;450;Card;Valorant;;0
SESS-13511;2026-08-22 12:00:48;USR-1697;2008-06-21;M;Standard;3;336;270;Card;Apex Legends;3.0;1
SESS-15335;2026-08-22 17:28:23;USR-1249;2008-12-18;M;Bootcamp;2;400;300;App;Deadlock;4.5;0
SESS-12214;2026-08-21 14:08:25;USR-1420;2010-01-14;M;Standard;5;200;500;App;Minecraft;;0
SESS-11535;2026-08-02 21:35:03;USR-1532;2007-12-28;M;Bootcamp;2;470;300;Card;Dota 2;4.0;0
SESS-15064;2026-08-14 17:47:48;USR-1620;2007-03-28;Женский;Bootcamp;1;270;150;App;GTA V;;0
SESS-12918;2026-08-14 07:02:06;USR-1422;2012-06-23;M;Standard;4;0;400;App;CS2;1.0;0
SESS-16157;2026-08-01 16:37:37;USR-1178;1998-11-22;M;VIP;4;1428;720;Card;CS2;;1
SESS-14605;2026-08-10 13:33:35;USR-1047;2004-05-25;M;PS5;1;0;250;Card;Dota 2;;0
SESS-17198;2026-08-09 19:52:06;USR-1087;2004-11-25;F;PS5;1;80;250;Card;Valorant;;0
SESS-12835;2026-08-13 11:40:33;USR-1007;1995-11-02;F;Standard;4;480;400;Card;Browser/Work;;0
SESS-15833;2026-08-12 08:06:36;USR-1122;1995-12-05;M;VIP;12;3234;2160;App;Cyberpunk 2077;5.0;1
SESS-10090;2026-08-21 22:58:25;USR-1752;2010-12-20;F;Standard;2;0;200;App;Dota 2;;0
SESS-10476;2026-08-01 07:46:57;USR-1178;1998-11-22;M;Bootcamp;1;0;150;Card;CS2;;0
SESS-16024;2026-08-08 15:32:14;USR-1137;1993-02-24;M;VIP;4;1150;800;Card;CS2;;0
SESS-10583;2026-08-11 23:52:30;USR-1050;2008-12-03;F;Standard;12;2688;1080;Card;Dota 2;;1
SESS-14647;2026-08-15 20:03:20;USR-1090;2004-08-10;M;VIP;4;0;800;Card;Dota 2;3.0;0
SESS-14123;2026-08-15 13:30:34;USR-1643;2010-06-01;M;Standard;4;0;360;App;Apex Legends;;1
SESS-10574;2026-08-17 00:41:14;USR-1000;1994-09-16;M;VIP;5;1050;1000;Card;CS2;;0
SESS-12577;2026-08-22 20:35:58;USR-1489;2008-11-28;M;Standard;4;0;400;Cash;Dota 2;;0
SESS-15077;2026-08-01 18:18:26;USR-1691;2012-06-12;M;Standard;1;40;100;App;Dota 2;;0
SESS-16879;2026-08-11 18:12:31;USR-1182;2011-02-24;M;Standard;3;0;300;Cash;Apex Legends;;0
SESS-14753;2026-08-23 11:28:23;USR-1134;1995-04-07;M;Bootcamp;2;0;300;Card;Dota 2;;0
SESS-12141;2026-08-09 13:42:36;USR-1044;1996-12-25;M;Bootcamp;3;660;450;App;GTA V;;0
SESS-10537;2026-08-22 14:39:09;USR-1563;2007-09-02;M;Bootcamp;1;200;150;Card;Dota 2;3.0;0
SESS-17164;2026-08-18 12:41:53;USR-1228;2009-01-15;M;Standard;4;0;360;App;Dota 2;5.0;1
SESS-12863;2026-08-21 14:27:38;USR-1024;2007-08-13;M;Bootcamp;3;0;450;App;Dota 2;;0
SESS-12181;2026-08-06 21:50:24;USR-1315;2009-12-08;M;PS5;1;0;250;Cash;Deadlock;;0
SESS-16391;2026-08-13 16:47:08;USR-1130;2008-05-01;F;Bootcamp;4;1106;540;App;Valorant;4.5;1
SESS-11881;2026-08-01 02:55:00;USR-1038;2010-06-02;M;PS5;1;0;250;Card;Minecraft;4.5;0
SESS-10387;2026-08-22 21:29:21;USR-1063;2007-02-12;M;Standard;2;0;200;Card;CS2;4.0;0
SESS-11645;2026-08-23 17:48:42;USR-1193;2004-02-11;M;Bootcamp;3;616;405;Card;Deadlock;;1
SESS-13732;2026-08-11 17:18:10;USR-1620;2007-03-28;F;Bootcamp;1;310;150;App;PUBG;4.5;0
SESS-11594;2026-08-16 17:51:39;USR-1157;2011-01-17;M;Standard;2;80;200;App;Deadlock;4.5;0
SESS-10347;2026-08-09 18:42:07;USR-1120;2011-05-02;F;Standard;4;320;400;Card;Dota 2;4.0;0
SESS-16458;2026-08-29 15:55:10;USR-1097;2006-04-09;M;Standard;2;320;200;Card;Valorant;;0
SESS-11824;2026-08-26 21:57:49;USR-1506;2012-03-23;M;Standard;4;160;400;Card;CS2;2.0;0
SESS-15657;2026-08-06 17:28:04;USR-1135;2008-12-16;M;VIP;3;0;600;App;Dota 2;4.5;0
SESS-13727;2026-08-05 21:57:12;USR-1031;1993-08-21;M;PS5;2;510;500;Card;Cyberpunk 2077;;0
SESS-10527;2026-08-05 17:47:34;USR-1150;2004-01-17;F;VIP;4;882;720;Card;Dota 2;4.5;1
SESS-12234;2026-08-14 17:54:44;USR-1320;2006/10/14;M;PS5;5;0;1125;App;CS2;4.0;1
SESS-12545;2026-08-02 19:44:52;USR-1075;1995-03-20;F;Bootcamp;1;0;150;App;Cyberpunk 2077;;0
SESS-11841;2026-08-30 23:34:57;USR-1112;2008-11-25;M;VIP;5;880;1000;Card;CS2;4.0;0
SESS-12013;2026-08-02 00:49:12;USR-1520;2008-10-24;M;Standard;3;0;300;App;CS2;;0
SESS-11118;2026-08-06 17:19:11;USR-1700;2003-02-17;M;Standard;2;160;200;Card;CS2;;0
SESS-10435;2026-08-14 16:00:02;USR-1413;1995-02-13;M;Bootcamp;2;0;300;Card;Browser/Work;;0
SESS-16139;2026-08-09 16:51:43;USR-1094;2004-10-05;M;Bootcamp;3;0;450;App;CS2;;0
SESS-13450;2026-08-27 20:37:30;USR-1423;1989-04-26;M;VIP;1;480;200;Card;Cyberpunk 2077;4.0;0
SESS-13652;2026-08-17 18:28:01;USR-1004;2011-07-04;M;Standard;3;0;300;Card;Minecraft;4.5;0
SESS-16786;2026-08-02 23:32:54;USR-1093;2004-06-23;F;Standard;8;960;800;Card;Valorant;3.0;0
SESS-12912;2026-08-15 07:45:59;USR-1130;2008-05-01;F;Bootcamp;3;320;450;Cash;Valorant;4.0;0
SESS-15858;2026-08-11 19:05:39;USR-1381;2007-09-03;F;VIP;3;630;600;App;Deadlock;4.5;0
SESS-16999;2026-08-23 17:44:38;USR-1434;2005-05-11;M;Bootcamp;2;560;270;Card;CS2;;1
SESS-13789;2026-08-30 04:46:54;USR-1091;2004-01-15;M;VIP;4;790;800;Card;Valorant;5.0;0
SESS-16415;2026-08-08 18:52:16;USR-1230;1999-07-10;F;PS5;2;0;500;App;CS2;;0
SESS-13578;2026-08-10 13:01:20;USR-1039;2004-10-18;M;Bootcamp;1;0;150;Cash;Valorant;;0
SESS-15287;2026-08-16 13:54:43;USR-1021;2011-03-19;M;Standard;3;0;270;Card;Minecraft;4.0;1
SESS-13803;2026-08-17 03:54:57;USR-1034;1991-12-14;M;Bootcamp;1;0;150;Card;GTA V;4.5;0
SESS-12586;2026-08-07 22:33:58;USR-1319;2009-08-08;M;VIP;5;280;900;App;Minecraft;4.5;1
SESS-10948;2026-08-16 16:41:30;USR-1360;2012-11-04;F;Standard;3;0;300;App;CS2;;0
SESS-11374;2026-08-15 14:25:34;USR-1144;2005-01-11;M;Standard;2;240;200;App;CS2;;0
SESS-14468;2026-08-26 19:54:44;USR-1468;2009-04-06;M;Standard;4;0;360;Cash;Minecraft;;1
SESS-17008;2026-08-19 02:43:31;USR-1498;2000-09-02;M;Standard;2;0;200;Card;CS2;4.0;0
SESS-12535;2026-08-08 23:56:56;USR-1014;2010-07-18;F;Standard;5;300;500;Card;CS2;4.0;0
SESS-15816;2026-08-15 21:41:44;USR-1544;1996-10-17;M;PS5;2;923;450;Card;Dota 2;5.0;1
SESS-11650;2026-08-22 21:54:06;USR-1592;1998-02-08;F;Standard;4;0;360;Card;CS2;4.5;1
SESS-11583;2026-08-15 12:06:52;USR-1552;2005-07-02;M;Bootcamp;2;320;300;Card;Dota 2;;0
SESS-16225;2026-08-05 16:41:55;USR-1155;2009-09-19;M;PS5;5;0;1250;Card;Valorant;5.0;0
SESS-16885;2026-08-02 14:22:59;USR-1288;2004-12-07;M;Bootcamp;3;0;450;Card;Dota 2;;0
SESS-10149;2026-08-30 21:22:02;USR-1118;2006-10-19;F;Bootcamp;3;448;405;Cash;CS2;4.5;1
SESS-15609;2026-08-27 16:37:29;USR-1225;2010-05-04;M;Standard;1;0;100;App;CS2;;0
SESS-13133;2026-08-12 17:35:28;USR-1070;2008-04-24;M;Bootcamp;3;0;450;Card;Dota 2;;0
SESS-13844;2026-08-04 16:17:40;USR-1004;2011-07-04;M;PS5;3;0;750;App;Valorant;;0
SESS-11188;2026-08-23 21:45:06;USR-1022;2012-11-14;F;Standard;2;0;200;Card;PUBG;;0
SESS-12019;2026-08-04 22:35:47;USR-1180;2008-03-02;M;Standard;3;0;300;App;CS2;4.0;0
SESS-14101;2026-08-21 17:11:08;USR-1494;2003-01-04;M;PS5;2;0;500;App;CS2;;0
SESS-11781;2026-08-07 21:40:47;USR-1294;1993-09-04;M;Standard;3;750;300;Card;Dota 2;;0
SESS-15685;2026-08-07 01:30:38;USR-1047;2004-05-25;M;Standard;8;896;720;App;CS2;;1
SESS-17224;2026-08-20 04:49:21;USR-1154;1987-12-02;M;VIP;1;480;200;Card;Dota 2;4.0;0
SESS-16835;2026-08-23 23:38:43;USR-1467;2003-06-07;M;Standard;3;0;300;Card;Dota 2;4.5;0
SESS-16185;2026-08-18 16:43:04;USR-1750;2010-08-03;M;Standard;1;0;100;Cash;Minecraft;;0
SESS-14546;2026-08-09 19:11:28;USR-1006;2007-06-18;M;Standard;1;120;100;App;Dota 2;4.0;0
SESS-11025;2026-08-22 17:24:15;USR-1354;2008-01-14;F;Standard;3;503;270;Card;CS2;4.5;1
SESS-17144;2026-08-17 16:14:33;USR-1099;2001-07-16;M;Bootcamp;1;0;150;Card;PUBG;;0
SESS-11336;2026-08-02 16:40:44;USR-1571;1989-09-02;M;VIP;3;1050;600;Card;GTA V;4.5;0
SESS-10906;2026-08-05 19:45:28;USR-1628;2012-08-25;m;PS5;3;168;675;Cash;CS2;4.0;1
SESS-12817;2026-08-13 23:16:21;USR-1019;2011-02-06;M;Standard;5;400;500;Card;CS2;;0
SESS-15686;2026-08-09 15:38:27;USR-1267;2007-09-15;M;Standard;4;672;360;App;Apex Legends;5.0;1
SESS-10097;2026-08-06 02:40:44;USR-1005;2011-10-01;M;Standard;3;0;270;Card;CS2;4.0;1
SESS-12335;2026-08-26 21:05:17;USR-1019;2011-02-06;M;Standard;2;0;200;Card;Minecraft;3.0;0
SESS-14660;2026-08-29 11:45:48;USR-1579;2002-06-14;M;Standard;4;0;360;Card;CS2;;1
SESS-16745;2026-08-05 10:33:16;USR-1783;2006-12-13;F;Bootcamp;3;560;450;Card;CS2;4.5;0
SESS-11967;2026-08-23 18:06:22;USR-1656;2011-05-01;M;Bootcamp;2;0;270;Cash;Deadlock;;1
SESS-11448;2026-08-27 17:36:18;USR-1063;2007-02-12;M;Standard;3;0;300;Card;CS2;5.0;0
SESS-11440;2026-08-11 16:41:18;USR-1027;2010-04-02;F;Standard;3;0;300;Cash;Minecraft;;0
SESS-14743;2026-08-09 23:38:23;USR-1638;2004-09-21;M;Standard;5;0;500;Card;Valorant;4.5;0
SESS-14730;2026-08-26 08:20:19;USR-1357;2003-08-08;M;VIP;5;480;1000;Cash;CS2;5.0;0
SESS-14421;2026-08-10 23:34:26;USR-1200;2008-10-20;F;Bootcamp;8;1430;1200;Card;Dota 2;;0
SESS-12344;2026-08-29 19:39:05;USR-1016;2003-01-07;M;Standard;8;1792;720;Cash;Deadlock;;1
SESS-10815;2026-08-07 19:00:11;USR-1265;2010-09-20;F;Standard;1 ч.;60;100;App;Valorant;;0
SESS-11245;2026-08-30 20:57:59;USR-1330;2005-11-10;F;Standard;2;320;200;Card;Valorant;;0
SESS-13266;2026-08-21 21:15:07;USR-1183;2009-12-28;F;Bootcamp;2;0;300;App;Minecraft;5.0;0
SESS-14592;2026-08-23 13:46:19;USR-1114;2005-06-01;M;Bootcamp;3;0;450;App;CS2;;0
SESS-13454;2026-08-08 18:01:58;USR-1441;2009-01-06;M;Bootcamp;2;120;300;Cash;Dota 2;;0
SESS-14930;2026-08-25 16:21:55;USR-1082;2004-06-01;F;Standard;3;503;270;Card;Dota 2;;1
SESS-12416;2026-08-22 20:19:32;USR-1630;2006-11-06;M;VIP;2;0;400;Card;Dota 2;;0
SESS-13219;2026-08-20 14:43:17;USR-1656;2011-05-01;M;Standard;4;224;360;App;Dota 2;5.0;1
SESS-14781;2026-08-30 12:26:23;USR-1546;2010-07-25;M;Standard;2;160;200;App;Minecraft;;0
SESS-15600;2026-08-15 08:29:30;USR-1327;2004-04-27;M;Bootcamp;3;0;450;Card;Deadlock;4.5;0
SESS-16173;2026-08-12 16:42:18;USR-1398;2012-02-18;F;Standard;1;0;100;Cash;Dota 2;4.0;0
SESS-12290;2026-08-08 20:07:31;USR-1031;1993-08-21;M;PS5;2;650;500;Cash;CS2;1.0;0
SESS-14996;2026-08-19 20:22:30;USR-1256;2009-08-06;M;PS5;1 часа;0;250;Card;Minecraft;4.5;0
SESS-12999;2026-08-25 20:21:57;USR-1034;1991-12-14;M;PS5;2;540;500;Card;CS2;4.5;0
SESS-12627;2026-08-11 20:29:14;USR-1690;2012-07-26;M;Standard;3;0;300;App;CS2;5.0;0
SESS-11007;2026-08-08 20:44:28;USR-1369;2005-09-09;M;Bootcamp;2;470;300;App;GTA V;4.5;0
SESS-14380;2026-08-17 17:19:37;USR-1716;2009-02-04;F;Standard;1;80;100;App;Valorant;;0
SESS-15945;2026-08-19 17:14:26;USR-1434;2005-05-11;M;Bootcamp;1;270;150;App;CS2;4.0;0
SESS-13398;2026-08-30 16:48:18;USR-1495;1992-04-19;M;Bootcamp;3;840;450;App;Dota 2;1.0;0
SESS-11903;2026-08-08 00:54:03;USR-1785;2006-02-09;M;Bootcamp;2;0;300;App;Apex Legends;;0
SESS-12808;2026-08-09 23:23:11;USR-1481;1992-12-08;F;VIP;8;2150;1600;Card;Dota 2;5.0;0
SESS-15220;2026-08-06 16:39:21;USR-1745;05.10.2012;F;Bootcamp;3;168;405;Card;CS2;;1
SESS-12476;2026-08-30 17:40:28;USR-1595;1998-03-16;M;VIP;3;840;600;Card;PUBG;4.0;0
SESS-16497;2026-08-26 09:47:54;USR-1497;1992-02-13;M; standard ;1;420;200;Card;CS2;;0
SESS-15019;2026-08-22 01:25:17;USR-1112;2008-11-25;M;VIP;8;0;1600;App;Apex Legends;;0
SESS-11966;2026-08-24 20:40:54;USR-1167;2009-05-04;M;Standard;4;160;400;Card;CS2;4.5;0
SESS-11673;2026-08-07 08:45:13;USR-1591;2010-11-12;F;Standard;5;0;500;App;Apex Legends;4.0;0
SESS-14503;2026-08-03 03:58:07;USR-1072;2010-03-15;M;VIP;8;0;1600;Card;Minecraft;;0
SESS-12281;2026-08-01 08:31:02;USR-1049;2011-07-07;M;Standard;1;0;100;Cash;Minecraft;5.0;0
SESS-11345;2026-08-21 17:42:14;USR-1083;2000-08-19;M;Standard;2;0;200;Card;CS2;;0
SESS-13154;2026-08-19 09:12:23;USR-1118;2006-10-19;F;Standard;2;160;200;App;Dota 2;;0
SESS-10536;2026-08-08 17:43:34;USR-1077;1996-09-03;M;VIP;1;0;200;Card;Cyberpunk 2077;4.0;0
SESS-11035;2026-08-22 19:51:25;USR-1128;2007-05-19; M ;Standard;1;160;100;App;CS2;;0
SESS-11957;2026-08-21 16:17:33;USR-1008;2001-12-13;M;Standard;8;960;800;Card;CS2;;0
SESS-14097;2026-08-14 20:47:16;USR-1572;1994-06-18;M;Standard;2;500;200;Card;CS2;;0
SESS-14966;2026-08-11 15:18:17;USR-1267;2007-09-15;M;Standard;2;320;200;Card;CS2;5.0;0
SESS-10777;2026-08-28 18:35:28;USR-1650;2011-04-01;F;Standard;1;60;100;Card;Dota 2;3.0;0
SESS-17128;2026-08-22 18:59:42;USR-1431;2003-06-20;M;Standard;1;80;100;App;Valorant;;0
SESS-16929;2026-08-14 19:53:22;USR-1100;2011-02-25;M;Bootcamp;5;0;750;App;Minecraft;;0
SESS-12124;2026-08-05 18:12:51;USR-1400;2011-02-02;M;Standard;5;400;500;App;CS2;4.0;0
SESS-10733;2026-08-22 17:24:51;USR-1517;2007-04-15;M;PS5;3;360;750;Card;Cyberpunk 2077;;0
SESS-17119;2026-08-05 00:18:32;USR-1100;2011-02-25;M;Standard;8;0;800;Cash;Dota 2;4.0;0
SESS-10857;2026-08-07 11:06:10;USR-1047;2004-05-25;M;Standard;3;480;300;Card;Deadlock;4.5;0
SESS-11890;2026-08-16 15:23:58;USR-1123;2003-11-08;F;Standard;4;640;400;Card;CS2;4.0;0
SESS-11003;2026-08-19 23:27:43;USR-1222;2005-04-07;M;PS5;12;1440;3000;Card;Deadlock;;0
SESS-17238;2026-08-11 22:53:05;USR-1366;2005-06-22;M;Standard;8;960;800;Card;Apex Legends;4.0;0
SESS-14635;2026-08-01 18:50:03;USR-1129;1993-08-09;F;VIP;2;650;400;Card;CS2;;0
SESS-17103;2026-08-02 19:39:06;USR-1139;2003-05-21;M;Standard;1;0;100;App;Dota 2;;0
SESS-10965;2026-08-01 16:53:07;USR-1067;2011-04-02;M;Bootcamp;2;0;300;Card;Valorant;;0
SESS-12571;2026-08-01 19:05:36;USR-1629;1995-05-02;M;Standard;3;0;300;Card;Dota 2;;0
SESS-13697;2026-08-09 19:31:38;USR-1148;2005-12-20;M;Standard;3;480;300;Card;CS2;4.5;0
SESS-16965;2026-08-07 17:40:35;USR-1192;27.07.2010;M;Standard;3;120;300;App;CS2;4.0;0
SESS-16800;2026-08-22 00:30:43;USR-1594;2004-06-08;M;Standard;5;600;500;Card;CS2;4.0;0
SESS-16802;2026-08-15 18:54:10;USR-1792;2008-07-22;F;VIP;3;440;600;App;Dota 2;;0
SESS-13639;2026-08-02 17:14:21;USR-1063;2007-02-12;M;VIP;5;0;1000;Card;Dota 2;;0
SESS-12420;2026-08-21 22:33:40;USR-1421;2000-05-11;F;PS5;8;0;2000;Card;GTA V;;0
SESS-15079;2026-08-15 22:11:40;USR-1597;1996-05-02;M;Standard;8;0;800;Card;Cyberpunk 2077;5.0;0
SESS-16457;2026-08-30 18:41:01;USR-1618;2007-04-14;M;Standard;2;160;200;App;Dota 2;;0
SESS-10821;2026-08-01 09:04:35;USR-1243;02/10/2010;M;VIP;2;120;400;App;Dota 2;;0
SESS-11177;2026-08-16 18:41:36;USR-1180;2008-03-02;M;Bootcamp;2;400;300;Cash;Dota 2;;0
SESS-12587;2026-08-29 15:35:00;USR-1797;2007-11-09;M;Standard;1;0;100;Card;PUBG;;0
SESS-13962;2026-08-07 18:13:23;USR-1358;1999-07-08;M;Standard;3;0;270;Card;Browser/Work;5.0;1
SESS-14049;2026-08-28 18:36:31;USR-1689;2007-07-01;M;Standard;2;160;200;Card;Dota 2;4.5;0
SESS-16385;2026-08-18 15:26:45;USR-1330;2005-11-10;F;Standard;2;0;200;Card;CS2;;0
SESS-10175;2026-08-07 15:28:14;USR-1005;2011-10-01;M;Standard;4;0;360;Card;Valorant;;1
SESS-13780;2026-08-03 17:37:24;USR-1428;2003-09-03;M;Standard;2;320;200;Card;Dota 2;5.0;0
SESS-10841;2026-08-26 15:16:03;USR-1169;2005-04-02;M;Standard;2;0;200;App;CS2;4.0;0
SESS-13585;2026-08-24 19:38:14;USR-1345;2012-07-11;F;VIP;1;0;200;Card;Minecraft;;0
SESS-11239;2026-08-28 22:40:10;USR-1029;1999-08-16;M;PS5;5;1200;1250;Card;GTA V;;0
SESS-13248;2026-08-12 19:32:47;USR-1037;2003-11-24;M;Standard;2;160;200;Card;CS2;;0
SESS-12153;2026-08-01 19:59:48;USR-1038;2010-06-02;M;Standard;1;0;100;App;CS2;4.0;0
SESS-13408;2026-08-31 18:39:55;USR-1607;2010-10-08;M;Standard;2;80;200;App;CS2;;0
SESS-10455;2026-08-11 13:41:13;USR-1111;2011-09-06;M;Bootcamp;3;251;405;Card;CS2;;1
SESS-16328;2026-08-05 02:49:17;USR-1418;2009-03-28;M;Standard;2;0;180;;CS2;4.5;1
SESS-13674;2026-08-09 04:59:01;USR-1273;2006-11-11;M;VIP;3;0;540;Card;Apex Legends;;1
SESS-17091;2026-08-14 12:21:48;USR-1092;2001-05-02;F;Standard;5;840;450;Card;Dota 2;5.0;1
SESS-11529;2026-08-02 20:08:08;USR-1235;1993-05-01;F;VIP;4;1428;720;Card;CS2;5.0;1
SESS-12087;2026-08-18 12:11:50;USR-1159;2003-06-05;M;VIP;2;0;400;Card;GTA V;;0
SESS-12974;2026-08-06 16:48:23;USR-1069;2011-02-16;M;PS5;1;0;250;Cash;Valorant;3.0;0
SESS-15940;2026-08-20 13:14:50;USR-1723;2005-11-06;M;PS5;1;80;250;Card;CS2;;0
SESS-11718;2026-08-31 20:50:06;USR-1772;2005-07-07;F;VIP;2;0;400;Card;Valorant;;0
SESS-10950;2026-08-10 17:02:22;USR-1071;1993-04-12;M;VIP;1;330;200;Card;GTA V;4.5;0
SESS-13413;2026-08-14 01:26:28;USR-1008;2001-12-13;M;Bootcamp;8;0;1200;Card;Deadlock;3.0;0
SESS-15963;2026-08-15 20:46:43;USR-1072;2010-03-15;M;VIP;4;0;800;Card;CS2;5.0;0
SESS-17171;2026-08-01 16:33:42;USR-1433;1886-09-20;M;PS5;999;0;1250;App;Dota 2;4.0;0
SESS-15444;2026-08-23 22:59:57;USR-1309;2008-12-24;M;Bootcamp;5;0;750;App;Valorant;;0
SESS-16792;2026-08-26 13:47:36;USR-1303;2011-11-11;M;Standard;4;0;400;App;Dota 2;4.0;0
SESS-10569;2026-08-06 09:22:49;USR-1121;2007-05-26;M;Standard;2;320;200;Cash;CS2;;0
SESS-14525;2026-08-19 21:00:48;USR-1068;2011-11-23;F;Standard;3;336;270;App;Minecraft;4.0;1
SESS-14907;2026-08-20 13:10:20;USR-1114;2005-06-01;M;Standard;1;0;100;Cash;CS2;;0
SESS-11281;2026-08-20 20:51:29;USR-1734;1996-04-18;M;PS5;2;0;500;Card;CS2;4.5;0
SESS-14948;2026-08-29 23:09:26;USR-1123;2003-11-08;F;VIP;8;1456;1440;Card;CS2;4.5;1
SESS-11184;2026-08-31 18:07:51;USR-1768;2005-01-16;F;VIP;3;882;540;App;Dota 2;5.0;1
SESS-11883;2026-08-07 16:05:27;USR-1514;2006-08-24;M;Standard;2;240;200;App;Apex Legends;;0
SESS-15965;2026-08-29 13:23:31;USR-1728;2008-12-03;M;Standard;4;448;360;Card;GTA V;;1
SESS-10088;2026-08-02 18:47:49;USR-1451;2009-10-15;M;Standard;2;80;200;Cash;Deadlock;5.0;0
SESS-16822;2026-08-04 06:55:51;USR-1478;2011-06-28;M;Bootcamp;1;0;150;Card;CS2;5.0;0
SESS-12911;2026-08-30 19:15:52;USR-1000;1994-09-16;M;Standard;4;0;400;Card;Cyberpunk 2077;4.0;0
SESS-15004;2026-08-24 21:02:15;USR-1018;2011-02-01;M;Bootcamp;3;0;450;Cash;CS2;4.0;0
SESS-16042;2026-08-22 12:45:40;USR-1631;1992-02-27;M;Bootcamp;2;390;300;Card;Deadlock;;0
SESS-10672;2026-08-01 23:50:58;USR-1754;2012-09-14;F;Standard;3;0;300;Cash;Dota 2;;0
SESS-10663;2026-08-06 19:47:28;USR-1638;2004-09-21;M;Standard;3;503;270;App;CS2;;1
SESS-11162;2026-08-23 12:33:30;USR-1788;2007-09-08;M;Standard;4;320;400;App;Dota 2;;0
SESS-11687;2026-08-24 18:52:56;USR-1120;2011-05-02;F;Standard;2;0;200;App;Dota 2;;0
SESS-16301;2026-08-16 17:34:40;USR-1123;2003-11-08;F;Standard;2;160;200;Card;Deadlock;4.5;0
SESS-12052;2026-08-23 03:25:52;USR-1449;2003-10-13;M;VIP;1;280;180;App;CS2;3.0;1
SESS-11864;2026-08-11 14:22:51;USR-1005;2011-10-01;M;PS5;4;0;1000;Cash;CS2;;0
SESS-14256;2026-08-15 20:55:26;USR-1319;2009-08-08;M;Standard;4;0;400;Cash;Dota 2;;0
SESS-14308;2026-08-09 10:53:26;USR-1551;2008-11-10;M;Standard;2;0;200;App;Cyberpunk 2077;5.0;0
SESS-11425;2026-08-30 16:55:23;USR-1173;2011-08-18;M;Standard;2;0;200;App;Dota 2;;0
SESS-15955;2026-08-20 23:11:46;USR-1201;2006-07-13;M;VIP;8;790;1600;Cash;Valorant;4.5;0
SESS-14325;2026-08-01 16:28:16;USR-1647;1992-06-09;F;VIP;3;965;540;App;Valorant;;1
SESS-14583;2026-08-03 11:01:42;USR-1769;1999-03-21;F;PS5;1;420;250;App;CS2;4.0;0
SESS-12975;2026-08-21 01:04:57;USR-1359;2010-06-01;F;Standard;8;0;800;Cash;Dota 2;;0
SESS-15411;2026-08-27 14:48:46;USR-1003;2010-11-08;M;VIP;1;0;200;Cash;Dota 2;;0
SESS-13496;2026-08-15 14:34:15;USR-1299;2011-11-09;M;Bootcamp;3;0;405;Cash;Valorant;;1
SESS-16778;2026-08-15 16:47:40;USR-1016;2003-01-07;M;VIP;2;434;360;Card;Deadlock;4.5;1
SESS-13063;2026-08-23 23:41:09;USR-1528;1992-04-11;M;Standard;8;2000;800;Card;CS2;4.0;0
SESS-10254;2026-08-23 15:59:50;USR-1690;2012-07-26;M;Bootcamp;1;0;150;App;Dota 2;;0
SESS-16738;2026-08-29 19:02:24;USR-1706;1990-10-21;F;VIP;3;660;600;Card;CS2;4.0;0
SESS-15038;2026-08-19 17:08:44;USR-1529;2007-02-11;F;Standard;1;0;100;Card;CS2;;0
SESS-12024;2026-08-27 18:45:05;USR-1495;1992-04-19;M;Bootcamp;3;510;450;Card;Dota 2;;0
SESS-13725;2026-08-21 13:58:52;USR-1035;1998-09-03;M;PS5;2;0;500;App;Cyberpunk 2077;;0
SESS-14648;2026-08-05 12:51:15;USR-1647;1992-06-09;F;VIP;2;0;400;App;Cyberpunk 2077;4.0;0
SESS-14859;2026-08-03 18:57:01;USR-1198;2004-04-22;M;Bootcamp;4;0;540;App;Deadlock;;1
SESS-15789;2026-08-31 18:06:36;USR-1113;2010-05-22;M;Standard;8;0;800;App;Minecraft;3.0;0
SESS-14131;2026-08-01 17:30:58;USR-1423;1989-04-26;M;PS5;1;0;250;Card;CS2;2.0;0
SESS-15951;2026-08-08 23:04:52;USR-1689;2007-07-01;M;VIP;2;0;400;Card;Valorant;5.0;0
SESS-10542;2026-08-14 20:07:11;USR-1011;2011-12-14;M;Standard;8;0;720;App;CS2;;1
SESS-12851;2026-08-12 19:21:17;USR-1317;2011-02-20;M;Standard;2;80;200;App;Minecraft;4.0;0
SESS-13901;2026-08-20 17:30:07;USR-1169;2005-04-02;M;Standard;2;160;200;Card;Apex Legends;;0
SESS-16358;2026-08-06 15:31:29;USR-1343;2011-12-27;M;VIP;3;0;600;App;Apex Legends;;0
SESS-15534;2026-08-14 19:15:31;USR-1247;2004-06-02;M;Bootcamp;4;784;540;App;Dota 2;4.0;1
SESS-10045;2026-08-01 16:56:17;USR-1357;2003-08-08;M;Standard;1;0;100;Card;CS2;;0
SESS-12653;2026-08-13 15:28:01;USR-1166;2005-03-11;M;Bootcamp;2;0;300;Card;Dota 2;;0
SESS-16097;2026-08-14 12:24:31;USR-1017;2010-09-20;M;Standard;2;80;200;App;CS2;;0
SESS-12617;2026-08-03 15:42:14;USR-1148;2005-12-20;M;Standard;1;160;100;App;PUBG;;0
SESS-15162;2026-08-09 13:09:29;USR-1070;2008-04-24;M;Standard;3;0;300;Card;Apex Legends;4.0;0
SESS-16912;2026-08-29 15:06:22;USR-1103;2008-10-01;M;PS5;4;448;900;Card;Deadlock;4.5;1
SESS-13311;2026-08-23 00:01:40;USR-1236;2005-02-03;M;VIP;12;2000;2400;Card;CS2;;0
SESS-13184;2026-08-01 23:22:03;USR-1070;2008-04-24;M;PS5;5;600;1250;Cash;GTA V;4.5;0
SESS-12220;2026-08-09 09:32:00;USR-1274;2011-10-23;M;VIP;2;160;400;Cash;Minecraft;;0
SESS-16522;2026-08-02 14:54:14;USR-1547;2006-11-17;M;VIP;3;0;600;Card;CS2;5.0;0
SESS-14057;2026-08-02 18:14:23;USR-1533;2009-06-12;M;Bootcamp;3;180;450;App;Apex Legends;5.0;0
SESS-17077;2026-08-02 18:05:22;USR-1142;2009-05-05;M;Standard;3;0;300;Card;Apex Legends;4.5;0
SESS-17023;2026-08-25 23:26:22;USR-1057;2007-12-06;M;Bootcamp;8;0;1200;App;Deadlock;4.0;0
SESS-15766;2026-08-19 11:41:44;USR-1062;1998-04-23;M;Bootcamp;1;550;150;Card;CS2;;0
SESS-10108;2026-08-27 20:22:03;USR-1705;2007-07-15;M;Bootcamp;1;240;150;Card;Valorant;;0
SESS-12286;2026-08-19 14:03:02;USR-1317;2011-02-20;M;Standard;~3;336;270;App;Valorant;;1
SESS-10590;2026-08-08 14:50:06;USR-1143;2006-07-15;F;Bootcamp;2;310;300;Card;Valorant;4.5;0
SESS-12224;2026-08-10 12:21:28;USR-1676;1992-07-26;M;Standard;1;120;100;Card;Dota 2;;0
SESS-14138;2026-08-30 18:25:34;USR-1450;2007-09-12;M;PS5;4;448;900;App;Dota 2;;1
SESS-10067;2026-08-29 15:25:07;USR-1132;2007-03-22;M;VIP;2;400;400;Card;Deadlock;;0
SESS-17136;2026-08-22 16:11:31;USR-1256;2009-08-06;M;Standard;3;0;300;Card;GTA V;;0
SESS-12086;2026-08-15 10:38:02;USR-1060;1993-12-16;M;Standard;2;0;180;Card;CS2;4.5;1
SESS-10488;2026-08-09 22:03:21;USR-1088;1992-02-13;M;Bootcamp;12;3444;1620;Card;Deadlock;;1
SESS-17019;2026-08-17 23:55:49;USR-1643;2010-06-01;M;Standard;8 ч.;0;800;App;Minecraft;3.0;0
SESS-16377;2026-08-05 09:16:00;USR-1118;2006-10-19;F;Bootcamp;2;320;300;Cash;Dota 2;;0
SESS-16966;2026-08-26 15:13:21;USR-1627;2006-07-13;M;Standard;2;320;200;App;Apex Legends;;0
SESS-16053;2026-08-17 23:07:53;USR-1402;2003-06-05;M;Bootcamp;8;1360;1200;Cash;Apex Legends;4.0;0
SESS-12537;2026-08-03 20:00:31;USR-1073;2012-07-14;F;Bootcamp;8;0;1200;Card;CS2;4.0;0
SESS-12486;2026-08-09 14:05:47;USR-1378;1995-11-07;M;VIP;2;660;400;Card;Dota 2;;0
SESS-13414;2026-08-08 20:25:05;USR-1128;2007-05-19;M;Bootcamp;2;470;300;Card;Dota 2;;0
SESS-12239;2026-08-22 21:18:14;USR-1339;2011-06-06;M;Standard;2;0;200;Cash;Apex Legends;;0
SESS-12134;2026-08-03 16:40:02;USR-1691;2012-06-12;M;Standard;2;0;200;App;Minecraft;;0
SESS-10433;2026-08-28 16:48:17;USR-1397;2004-08-22;M;VIP;2;320;400;Card;Dota 2;;0
SESS-12443;2026-08-16 00:38:37;USR-1757;2001-08-06;M;Standard;5;0;450;App;CS2;4.5;1
SESS-16454;2026-08-29 19:47:28;USR-1087;2004-11-25;F;Bootcamp;1;200;150;Card;CS2;;0
SESS-17042;2026-08-29 12:17:45;USR-1013;2010-03-22;Женский;Standard;2;0;200;App;Valorant;;0
SESS-12605;2026-08-22 13:03:05;USR-1035;1998-09-03;M;VIP;4;780;800;Card;Cyberpunk 2077;;0
SESS-17233;2026-08-24 16:22:21;USR-1713;1996-12-18;F;Standard;2;360;200;Card;Cyberpunk 2077;;0
SESS-16270;2026-08-24 23:48:40;USR-1088;1992-02-13;M;Bootcamp;8;0;1200;Card;Cyberpunk 2077;4.5;0
SESS-15097;2026-08-21 03:29:12;USR-1693;2005-08-06;M;PS5;2;0;500;Card;CS2;;0
SESS-15749;2026-08-16 17:42:29;USR-1711;2003-02-18;M;PS5;2;160;500;Card;Dota 2;;0
SESS-11526;2026-08-29 20:57:12;USR-1108;2002-06-14;M;Bootcamp;2;310;300;Card;Dota 2;;0
SESS-16629;2026-08-29 09:52:40;USR-1469;1995-12-27;M;PS5;3;510;750;Card;Dota 2;4.0;0
SESS-14310;2026-08-02 14:10:42;USR-1543;2011-10-08;M;Bootcamp;3;120;450;App;Valorant;5.0;0
SESS-17057;2026-08-02 15:42:03;USR-1019;2011-02-06;M;Standard;4;0;360;App;Minecraft;5.0;1
SESS-13871;2026-08-20 12:11:20;USR-1047;2004-05-25;M;Standard;3;0;300;Cash;CS2;;0
SESS-11056;2026-08-21 17:47:27;USR-1456;2010-01-11;M;Standard;2;168;180;App;Valorant;;1
SESS-11152;2026-08-20 23:39:56;USR-1423;1989-04-26;M;PS5;5;1050;1125;Card;Browser/Work;;1
SESS-13870;2026-08-08 16:50:54;USR-1141;2007-07-14;M;Standard;2;0;200;App;CS2;;0
SESS-17143;2026-08-09 19:02:47;USR-1256;2009-08-06;M;Standard;2;120;200;App;Dota 2;;0
SESS-17018;2026-08-28 20:02:54;USR-1139;2003-05-21;M;VIP;4;630;800;App;CS2;;0
SESS-14406;2026-08-10 19:53:16;USR-1410;2003-08-02;M;Standard;3;336;270;Card;Valorant;5.0;1
SESS-11604;2026-08-30 17:30:14;USR-1455;1999-01-15;M;Standard;4;672;360;Card;Browser/Work;4.0;1
SESS-14489;2026-08-04 11:49:15;USR-1117;2006-12-19;M;Standard;2;240;200;Card;Valorant;;0
SESS-13792;2026-08-20 15:13:41;USR-1726;2011-09-13;M;Bootcamp;1;0;150;Cash;CS2;5.0;0
SESS-15087;2026-08-09 01:26:37;USR-1043;2012-06-14;F;Standard;8;0;720;Cash;Valorant;;1
SESS-12106;2026-08-23 16:54:16;USR-1344;2003-07-19;F;VIP;3;320;600;Card;CS2;4.5;0
SESS-15023;2026-08-15 21:53:51;USR-1346;2008-11-28;F;VIP;3 ч.;0;600;Card;Dota 2;5.0;0
SESS-13198;2026-08-05 12:13:44;USR-1348;2003-02-16;F;Bootcamp;3;0;450;App;Deadlock;4.5;0
SESS-10832;2026-08-05 21:33:54;USR-1359;2010-06-01;F;Standard;4;448;360;;CS2;;1
SESS-10124;2026-08-22 18:08:50;USR-1089;2012-05-15;M;PS5;1;40;250;Card;Apex Legends;;0
SESS-16504;2026-08-14 19:12:15;USR-1013;2010-03-22;F;VIP;1;0;200;App;Minecraft;;0
SESS-15884;2026-08-15 17:42:50;USR-1158;1993-07-18;M;VIP;2;510;400;Card;Cyberpunk 2077;;0
SESS-15630;2026-08-05 03:26:02;USR-1069;2011-02-16;M;Standard;2;80;200;Card;Dota 2;;0
SESS-10575;2026-08-15 11:29:48;USR-1682;2006-11-01;M;Bootcamp;1;0;150;Card;Dota 2;;0
SESS-14408;2026-08-20 00:32:38;USR-1059;2010-04-18;M;Standard;3;0;300;App;Valorant;;0
SESS-16430;2026-08-02 19:59:56;USR-1121;2007-05-26;M;Standard;4;448;360;Card;CS2;4.0;1
SESS-13535;2026-08-24 22:57:08;USR-1129;1993-08-09;F;Standard;8;960;800;Card;Dota 2;;0
SESS-13387;2026-08-25 09:37:08;USR-1756;2005-03-03;M;Standard;3;0;270;Card;CS2;5.0;1
SESS-13011;2026-08-08 11:12:07;USR-1168;1997-09-25;M;PS5;5;750;1250;Card;CS2;5.0;0
SESS-15878;2026-08-30 19:01:58;USR-1154;1987-12-02;M;VIP;2;510;400;Card;Cyberpunk 2077;5.0;0
SESS-10306;2026-08-23 15:51:11;USR-1348;2003-02-16;F;Standard;1;80;100;Card;Dota 2;;0
SESS-13807;2026-08-14 08:33:05;USR-1310;2001-03-17;M;Standard;3;0;300;Card;Valorant;;0
SESS-12170;2026-08-23 17:42:08;USR-1005;2011-10-01;M;Standard;5;0;500;Cash;Minecraft;4.0;0
SESS-16603;2026-08-28 08:55:40;USR-1605;1996-02-16;M;VIP;3;1260;540;Card;GTA V;;1
SESS-13469;2026-08-18 21:30:23;USR-1093;2004-06-23;F;VIP;1;0;200;Card;Dota 2;;0
SESS-11621;2026-08-21 19:32:11;USR-1131;2006-04-07;M;PS5;3;0;750;Card;PUBG;5.0;0
SESS-16011;2026-08-29 13:11:02;USR-1692;2007-04-02;M;Standard;4;320;400;Cash;Valorant;;0
SESS-11989;2026-08-22 17:02:31;USR-1400;2011-02-02;M;Bootcamp;3;0;450;App;Deadlock;4.0;0
SESS-16380;2026-08-07 10:32:52;USR-1213;2011-07-07;M;Standard;5;420;450;App;CS2;5.0;1
SESS-11342;2026-08-16 18:27:23;USR-1334;2000-05-11;M;PS5;4;1300;1000;App;Valorant;4.5;0
SESS-12277;2026-08-07 22:00:58;USR-1097;2006-04-09;M;VIP;12;2000;2400;App;Dota 2;;0
SESS-12093;2026-08-13 10:47:43;USR-1535;2006-09-22;M;Bootcamp;4;470;600;Card;CS2;;0
SESS-16252;2026-08-05 16:51:25;USR-1121;2007-05-26;M;Standard;3;240;300;Card;CS2;;0
SESS-10132;2026-08-13 11:01:10;USR-1174;1996-03-09;M;PS5;3;0;675;Card;CS2;5.0;1
SESS-12518;2026-08-13 17:01:02;USR-1081;1997-02-08;F;VIP;1;0;200;Card;Browser/Work;;0
SESS-15294;2026-08-29 15:17:04;USR-1271;2010-06-01;M;Standard;1;0;100;App;CS2;;0
SESS-16662;2026-08-28 17:46:02;USR-1040;1991-03-07;M;Standard;4;0;400;Card;Dota 2;4.5;0
SESS-13624;2026-08-01 21:58:58;USR-1145;2003-05-21;M;Bootcamp;3;0;450;App;Dota 2;5.0;0
SESS-13245;2026-08-17 12:17:36;USR-1372;2003-04-10;M;VIP;5;770;900;Card;Valorant;4.5;1
SESS-13236;2026-08-21 20:18:25;USR-1179;2005-05-23;M;Standard;2;0;200;Card;Valorant;;0
SESS-14388;2026-08-28 14:12:34;USR-1564;2004-07-10;M;Standard;1;0;100;App;CS2;;0
SESS-13072;2026-08-28 13:53:47;USR-1013;2010-03-22;F;Standard;1;0;100;App;Valorant;5.0;0
SESS-13277;2026-08-28 21:52:43;USR-1239;2007-04-13;M;Bootcamp;2;336;270;Cash;Dota 2;;1
SESS-11747;2026-08-15 22:37:33;USR-1580;1996-10-04;M;VIP;5;900;1000;App;PUBG;4.0;0
SESS-12419;2026-08-01 17:07:21;USR-1074;2011-11-23;F;Standard;1;56;90;Cash;Minecraft;;1
SESS-10334;2026-08-21 01:42:15;USR-1118;2006-10-19;F;Bootcamp;8;1456;1080;App;Valorant;4.5;1
SESS-14976;2026-08-25 21:49:11;USR-1648;2007-03-17;M;Bootcamp;1;270;150;App;CS2;;0
SESS-16056;2026-08-29 16:52:35;USR-1095;2006-06-20;M;PS5;2;0;500;Cash;Apex Legends;;0
SESS-13763;2026-08-08 15:11:16;USR-1563;2007-09-02;M;VIP;2;310;400;Card;Dota 2;;0
SESS-14056;2026-08-29 20:01:26;USR-1312;1998-03-17;M;Standard;3;360;300;App;Dota 2;4.0;0
SESS-11696;2026-08-29 20:45:34;USR-1060;1993-12-16;M;Bootcamp;2;0;300;Card;Dota 2;;0
SESS-12233;2026-08-31 23:55:59;USR-1714;2011-01-27;M;Standard;8;0;720;App;Minecraft;;1
SESS-10693;2026-08-23 15:31:24;USR-1063;2007-02-12;M;Standard;5;0;500;Card;CS2;;0
SESS-13966;2026-08-18 16:32:24;USR-1087;2004-11-25;F;Standard;1;80;100;Card;Valorant;4.5;0
SESS-16638;2026-08-13 12:27:46;USR-1090;2004-08-10;M;Standard;4;672;360;App;CS2;5.0;1
SESS-17021;2026-08-17 23:04:19;USR-1403;2010-01-28;M;Standard;8;0;800;Cash;Dota 2;;0
SESS-10471;2026-08-04 22:33:20;USR-1487;2006-01-01;M;VIP;12;0;2400;App;Valorant;;0
SESS-14928;2026-08-31 17:33:49;USR-1292;2004-05-07;M;VIP;4;400;800;Card;CS2;;0
SESS-16027;2026-08-20 14:30:06;USR-1507;2003-11-04;M;Standard;2;0;200;App;CS2;;0
SESS-11294;2026-08-18 11:10:31;USR-1549;2002-09-27;M;Standard;3;503;270;Card;Apex Legends;4.0;1
SESS-15200;2026-08-19 14:26:03;USR-1730;1997-10-12;M;PS5;2;510;500;Card;Dota 2;4.0;0
SESS-16973;2026-08-15 19:27:36;USR-1788;2007-09-08;M;VIP;5;0;1000;Card;Dota 2;;0
SESS-13200;2026-08-20 09:19:27;USR-1264;2011-03-02;M;Standard;2;0;200;App;Deadlock;;0
SESS-12133;2026-08-30 13:26:04;USR-1114;2005-06-01;M;PS5;1;80;250;Card;Apex Legends;;0
SESS-14615;2026-08-29 14:29:24;USR-1202;2008-09-03;F;VIP;2;0;400;Card;Valorant;;0
SESS-14621;2026-08-20 15:07:17;USR-1017;2010-09-20;M;Standard;1;0;100;Cash;PUBG;;0
SESS-16797;2026-08-24 17:16:35;USR-1123;2003-11-08;F;Bootcamp;4;0;600;App;Valorant;;0
SESS-13115;2026-08-19 20:04:11;USR-1551;2008-11-10;M;Bootcamp;3;0;450;Cash;Dota 2;4.0;0
SESS-10310;2026-08-14 18:09:31;USR-1710;2004-11-20;M;Standard;3;240;300;Card;Deadlock;5.0;0
SESS-16265;2026-08-17 01:10:04;USR-1779;1991-03-12;M;VIP;12;3444;2160;Card;Dota 2;4.5;1
SESS-13865;2026-08-25 14:52:17;USR-1106;2010-07-26;M;PS5;1;0;250;App;Valorant;;0
SESS-12047;2026-08-03 18:14:10;USR-1337;2006-05-09;M;PS5;1;80;250;Card;CS2;4.0;0
SESS-10924;2026-08-26 18:21:10;USR-1596;1999-12-20;F;PS5;1;330;250;Card;PUBG;4.0;0
SESS-14346;2026-08-17 01:39:12;USR-1133;2003-05-21;M;Standard;12;0;1080;App;Dota 2;4.0;1
SESS-12956;2026-08-15 21:59:16;USR-1601;2011-09-11;M;Standard;4;320;400;Cash;CS2;;0
SESS-10682;2026-08-08 11:35:14;USR-1116;2006-12-01;M;Standard;1;160;100;Cash;CS2;;0
SESS-16407;2026-08-08 09:10:55;USR-1532;2007-12-28;M;Standard;2;160;200;App;Valorant;;0
SESS-12285;2026-08-07 16:29:03;USR-1377;2008-03-07;F;Standard;4;0;400;App;CS2;;0
SESS-13307;2026-08-12 22:02:02;USR-1112;2008-11-25;M;Standard;5;800;500;Card;CS2;4.5;0
SESS-17030;2026-08-29 20:24:38;USR-1317;2011-02-20;M;Bootcamp;2;0;300;Card;CS2;;0
SESS-14659;2026-08-28 13:20:36;USR-1746;2007-05-24;M;Standard;2;160;200;Card;CS2;;0
SESS-17085;2026-08-07 15:45:09;USR-1022;2012-11-14;F;Standard;2;0;200;Card;Minecraft;4.0;0
SESS-16473;2026-08-28 17:39:11;USR-1747;2006-06-04;M;Standard;2;320;200;Card;CS2;5.0;0
SESS-13488;2026-08-22 09:05:33;USR-1402;2003-06-05;M;Bootcamp;1;200;150;App;Dota 2;;0
SESS-12884;2026-08-29 17:53:27;USR-1154;1987-12-02;M;VIP;3;690;600;Card;CS2;2.0;0
SESS-16864;2026-08-30 13:31:01;USR-1277;1999-11-08;M;VIP;2;540;400;Card;GTA V;;0
SESS-11780;2026-08-15 18:15:24;USR-1071;1993-04-12;M;Standard;2;240;200;Card;Cyberpunk 2077;3.0;0
SESS-10019;2026-08-23 12:50:22;USR-1169;2005-04-02;M;VIP;2;0;400;Card;CS2;5.0;0
SESS-16689;2026-08-14 12:09:09;USR-1021;2011-03-19;M;Standard;3;0;300;Card;Minecraft;4.5;0
SESS-12184;2026-08-13 17:07:00;USR-1049;2011-07-07;M;Bootcamp;2;80;300;App;Minecraft;;0
SESS-15343;2026-08-30 13:36:18;USR-1107;1989-06-02;F;Bootcamp;3;923;405;App;GTA V;4.5;1
SESS-15044;2026-08-17 17:28:59;USR-1769;1999-03-21;F;VIP;2;1120;360;App;PUBG;3.0;1
SESS-14453;2026-08-02 01:43:28;USR-1297;2012-04-24;M;Standard;5 ч.;0;500;App;Minecraft;;0
SESS-11368;2026-08-13 15:31:55;USR-1551;2008-11-10;M;Standard;5;0;450;Card;CS2;5.0;1
SESS-12509;2026-08-20 20:11:07;USR-1209;1997-08-10;M;Standard;2;500;200;Card;CS2;;0
SESS-10612;2026-08-09 20:05:46;USR-1658;2003-06-14;M;VIP;3;448;540;Card;CS2;4.5;1
SESS-12421;2026-08-25 11:21:58;USR-1456;2010-01-11;M;PS5;2;0;500;Card;Dota 2;;0
SESS-14222;2026-08-20 18:32:49;USR-1651;2010-02-08;M;Standard;5;200;500;App;Minecraft;5.0;0
SESS-11172;2026-08-06 12:21:52;USR-1038;2010-06-02;M;Standard;4;0;360;App;CS2;;1
SESS-15277;2026-08-22 17:29:50;USR-1082;2004-06-01;F;PS5;3;240;750;Card;Cyberpunk 2077;;0
SESS-13348;2026-08-13 11:16:01;USR-1728;2008-12-03;M;Bootcamp;1;160;150;Card;Dota 2;;0
SESS-12117;2026-08-05 15:43:38;USR-1103;2008-10-01;M;VIP;3;0;600;Card;Valorant;4.5;0
SESS-12088;2026-08-29 16:26:14;USR-1078;2002-12-09;M;VIP;4;560;800;Card;Dota 2;4.0;0
SESS-11045;2026-08-02 20:36:57;USR-1758;2011-01-07;F;PS5;2;0;500;App;Minecraft;4.5;0
SESS-10180;2026-08-07 05:07:58;USR-1093;2004-06-23;F;Bootcamp;2;320;300;App;Valorant;;0
SESS-15457;2026-08-23 15:59:29;USR-1090;2004-08-10;M;Standard;2;240;200;Card;CS2;;0
SESS-13958;2026-08-22 13:57:41;USR-1129;1993-08-09;F;Standard;4;480;400;Card;PUBG;;0
SESS-12482;2026-08-17 20:08:07;USR-1657;1997-08-05;M;PS5;3;0;750;App;Dota 2;4.5;0
SESS-15394;2026-08-26 21:55:59;USR-1710;2004-11-20;M;Standard;3;0;270;Card;Apex Legends;3.0;1
SESS-10633;2026-08-02 20:15:21;USR-1057;2007-12-06;M;Standard;2;0;200;Card;CS2;;0
SESS-10550;2026-08-24 23:53:23;USR-1026;2010-02-02;M;Bootcamp;12;672;1620;Cash;Dota 2;4.5;1
SESS-15163;2026-08-16 13:38:53;USR-1739;2023-06-15;M;PS5;-2;0;1000;Card;Dota 2;;0
SESS-10848;2026-08-08 12:13:54;USR-1084;2006-01-24;M;Standard;2;0;200;Card;GTA V;;0
SESS-10830;2026-08-14 18:24:29;USR-1790;2011-09-03;M;Standard;1;0;100;App;Minecraft;;0
SESS-14501;2026-08-17 00:08:48;USR-1454;21.11.2006;M;Standard;8;960;800;Card;Dota 2;5.0;0
SESS-15827;2026-08-23 17:58:26;USR-1763;2009-07-07;M;Standard;2;0;200;App;Minecraft;;0
SESS-13228;2026-08-07 09:00:42;USR-1343;2011-12-27;M;Standard;1;0;100;Card;Minecraft;5.0;0
SESS-15056;2026-08-20 09:06:53;USR-1070;2008-04-24;M;Bootcamp;4;630;600;App;Dota 2;4.5;0
SESS-10896;2026-08-23 20:03:52;USR-1719;2007-12-25;M;Standard;1;160;100;Card;CS2;;0
SESS-16390;2026-08-27 20:16:19;USR-1072;2010-03-15;M;VIP;1;80;200;App;Dota 2;;0
SESS-16242;2026-08-06 16:04:04;USR-1129;1993-08-09;F;Bootcamp;3;0;405;Card;Dota 2;;1
SESS-12561;2026-08-11 16:11:20;USR-1215;2002-08-26;M;VIP;5;750;1000;Card;CS2;4.0;0
SESS-11607;08/08/2026 23:00:48;USR-1265;2010-09-20;F;PS5;8;0;1800;Cash;Minecraft;4.5;1
SESS-16878;2026-08-08 15:39:29;USR-1567;1995-07-10;F;Standard;2;240;200;Card;PUBG;;0
SESS-10929;08/18/2026 17:21:12;USR-1370;2005-07-24;M;Bootcamp;2;470;300;App;CS2;1.0;0
SESS-12061;2026-08-10 12:04:27;USR-1345;2012-07-11;F;Standard;1;0;100;Card;GTA V;;0
SESS-16195;2026-08-05 17:15:07;USR-1105;2004-04-12;M;VIP;1;310;200;Card;Dota 2;5.0;0
SESS-12538;2026-08-29 20:00:22;USR-1131;2006-04-07;M;Standard;8;0;800;Card;Dota 2;4.5;0
SESS-11926;2026-08-12 15:31:35;USR-1360;1886-09-20;F;VIP;-2;0;200;App;Dota 2;1.0;0
SESS-11108;2026-08-14 07:56:54;USR-1105;2004-04-12;M;Bootcamp;2;0;300;Card;CS2;;0
SESS-11671;2026-08-22 21:19:45;USR-1453;1995-09-11;M;Bootcamp;1;480;150;Card;CS2;;0
SESS-16740;2026-08-26 18:50:35;USR-1498;2000-09-02;M;Standard;2;360;200;Card;PUBG;4.5;0
SESS-15620;2026-08-04 20:13:47;USR-1270;2001-01-19;M;Standard;3;240;300;Card;CS2;;0
SESS-16018;2026-08-11 13:28:09;USR-1689;2007-07-01;M;PS5;1;0;250;App;Dota 2;;0
SESS-11399;2026-08-08 20:59:16;USR-1186;2010-04-20;M;PS5;2;0;500;App;Valorant;;0
SESS-16523;2026-08-22 12:13:36;USR-1190;2005-12-28;M;Standard;4;0;400;App;CS2;;0
SESS-10852;2026-08-17 20:35:49;USR-1260;2001-11-15;M;Standard;4;672;360;Card;CS2;;1
SESS-14591;2026-08-06 07:41:54;USR-1204;1984-08-22;M;VIP;2;540;400;App;Browser/Work;1.0;0
SESS-13320;2026-08-21 23:54:16;USR-1375;1886-09-20;M;Bootcamp;-2;0;750;App;Dota 2;4.5;0
SESS-16854;2026-08-04 12:09:52;USR-1140;2008-06-12;M;Standard;2;320;200;App;Deadlock;;0
SESS-16749;2026-08-03 21:23:09;USR-1417;2023-06-15;M;Standard;-2;80;100;Cash;PUBG;4.5;0
SESS-16419;2026-08-02 08:37:28;USR-1056;2002-03-26;M;Standard;1;0;100;Card;Deadlock;;0
SESS-11251;2026-08-13 16:28:11;USR-1139;2003-05-21;M;Standard;2;0;200;Cash;Apex Legends;3.0;0
SESS-13880;2026-08-30 13:53:48;USR-1082;2004-06-01;F;VIP;5;0;900;Card;PUBG;4.5;1
SESS-13931;2026-08-30 14:57:08;USR-1124;2004-09-24;M;Bootcamp;4;560;600;Cash;Deadlock;;0
SESS-10497;2026-08-01 21:05:34;USR-1307;2007-08-26;M;Standard;2;320;200;Card;Apex Legends;5.0;0
SESS-10393;2026-08-21 08:05:40;USR-1137;1993-02-24;M;VIP;2;510;400;Card;PUBG;;0
SESS-15726;2026-08-22 14:51:13;USR-1296;2004-12-18;M;Standard;12;1920;1200;Cash;CS2;;0
SESS-16034;2026-08-23 20:52:11;USR-1087;2004-11-25;F;Bootcamp;4;720;600;Card;Apex Legends;;0
SESS-10934;2026-08-22 15:07:15;USR-1660;2003-12-20;M;Standard;2;240;200;Card;Valorant;;0
SESS-13821;2026-08-29 16:07:01;USR-1560;2007-10-17;M;Standard;2;0;200;Card;Deadlock;;0
SESS-11576;2026-08-18 23:10:25;USR-1686;2006-06-04;M;VIP;8;0;1600;Card;Apex Legends;4.0;0
SESS-13856;2026-08-16 17:54:24;USR-1080;2007-12-19;M;Standard;1 часа;120;100;Card;Valorant;;0
SESS-13130;2026-08-29 15:31:05;USR-1126;1996-07-13;F;VIP;4;870;800;Card;Valorant;;0
SESS-15628;2026-08-24 02:45:31;USR-1037;2003-11-24;M;Bootcamp;2;0;300;Card;PUBG;;0
SESS-13923;2026-08-09 09:44:07;USR-1613;2011-11-27;M;Standard;2;0;200;App;Minecraft;;0
SESS-10524;2026-08-23 15:16:43;USR-1030;2002-07-03;M;VIP;2;0;400;Card;CS2;;0
SESS-10700;2026-08-03 20:21:25;USR-1734;1996-04-18;M;Standard;1;180;100;Card;CS2;3.0;0
SESS-14769;2026-08-08 17:17:01;USR-1130;2008-05-01;F;Standard;3;672;270;App;PUBG;4.5;1
SESS-15502;2026-08-19 20:27:17;USR-1390;2012-10-20;M;Standard;4;336;360;App;Dota 2;5.0;1
SESS-13279;2026-08-08 15:29:20;USR-1024;2007-08-13;M;VIP;2;0;400;App;Apex Legends;4.5;0
SESS-12358;2026-08-15 23:16:56;USR-1351;2006-08-16;M;Bootcamp;2;0;300;Card;Dota 2;;0
SESS-13051;2026-08-14 18:24:45;USR-1140;2008-06-12;M;PS5;3;0;675;Cash;Minecraft;;1
SESS-10769;2026-08-08 10:23:53;USR-1069;2011-02-16;M;Standard;4;0;400;Cash;Apex Legends;;0
SESS-12910;2026-08-21 18:00:52;USR-1071;1993-04-12;M;PS5;2;650;500;App;Cyberpunk 2077;;0
SESS-13555;2026-08-13 22:34:04;USR-1017;2010-09-20;M;VIP;5;300;1000;Cash;CS2;;0
SESS-17025;2026-08-19 19:37:45;USR-1737;2003-07-27;M;PS5;1;120;250;App;Minecraft;5.0;0
SESS-12131;2026-08-16 13:18:02;USR-1702;2010-01-12;M;Standard;4;0;400;Cash;CS2;;0
SESS-16593;2026-08-06 13:59:46;USR-1632;2005-12-08;M;VIP;2;400;400;Card;Valorant;5.0;0
SESS-16691;2026-08-01 19:21:51;USR-1180;2008-03-02;M;Bootcamp;3;0;450;Cash;CS2;;0
SESS-13525;2026-08-23 07:20:41;USR-1632;2005-12-08;M;Standard;1;120;100;Card;Cyberpunk 2077;;0
SESS-12776;2026-08-30 09:19:22;USR-1435;2005-08-01;M;Standard;3;336;270;Card;CS2;;1
SESS-14531;2026-08-17 00:34:11;USR-1743;2005-12-14;M;Bootcamp;3;510;450;Card;Valorant;;0
SESS-13042;2026-08-28 19:45:42;USR-1145;2003-05-21;M;VIP;2;390;400;App;Dota 2;;0
SESS-13249;2026-08-07 18:35:53;USR-1084;2006-01-24;M;Standard;1;120;100;App;Dota 2;;0
SESS-13809;2026-08-30 18:44:23;USR-1748;2004-06-07;M;Standard;1;160;100;Card;Dota 2;;0
SESS-14231;2026-08-09 16:25:15;USR-1154;1987-12-02;M;Standard;1;0;100;Card;CS2;;0
SESS-11013;2026-08-18 10:15:50;USR-1215;2002-08-26;M;VIP;5;672;900;Card;Valorant;5.0;1
SESS-13151;2026-08-29 10:21:18;USR-1126;1996-07-13;F;PS5;1;550;250;Card;GTA V;;0
SESS-14596;2026-08-15 17:02:04;USR-1653;2006-11-11;F;Bootcamp;3;882;405;Card;CS2;;1
SESS-15536;2026-08-22 11:04:28;USR-1765;2005-05-06;F;PS5;2;0;500;App;CS2;;0
SESS-15972;2026-08-03 16:02:49;USR-1304;2010-11-25;M;Standard;2;0;200;App;Dota 2;;0
SESS-16714;2026-08-04 18:19:02;USR-1013;2010-03-22;F;VIP;1;0;200;App;Valorant;4.5;0
SESS-14490;2026-08-30 16:59:26;USR-1695;2011-02-25;M;PS5;2;80;500;App;Dota 2;4.0;0
SESS-14550;2026-08-08 20:13:50;USR-1098;2009-05-09;F;Standard;1;0;100;Cash;Minecraft;;0
SESS-14319;2026-08-13 16:46:41;USR-1122;1995-12-05;M;VIP;3;660;600;Card;Cyberpunk 2077;;0
SESS-16315;2026-08-22 15:00:31;USR-1281;2011-04-25;F;Standard;5;560;450;Card;Apex Legends;4.5;1
SESS-11163;2026-08-31 20:34:06;USR-1451;2009-10-15;M;PS5;2;0;500;App;Minecraft;;0
SESS-10900;2026-08-16 22:38:12;USR-1276;2007-02-25;M;PS5;8;1792;1800;App;CS2;4.5;1
SESS-13837;2026-08-28 07:44:43;USR-1355;2005-11-25;F;PS5;2;240;500;Card;CS2;5.0;0
SESS-13036;2026-08-03 14:48:57;USR-1114;2005-06-01;M;Bootcamp;2;470;300;Cash;Apex Legends;5.0;0
SESS-15772;2026-08-30 10:08:24;USR-1067;2011-04-02;M;Standard;1;0;100;Cash;Minecraft;;0
SESS-10608;2026-08-21 16:43:38;USR-1777;1989-01-16;M;Standard;3;0;300;Card;Cyberpunk 2077;4.0;0
SESS-12132;2026-08-15 13:58:54;USR-1091;2004-01-15;M;Bootcamp;3;0;450;Card;CS2;;0
SESS-11936;2026-08-26 15:42:47;USR-1220;2007-07-24;F;VIP;3;0;600;App;Dota 2;;0
SESS-14357;2026-08-22 11:21:53;USR-1697;2008-06-21;M;Standard;12;0;1080;Card;CS2;4.0;1
SESS-15045;2026-08-20 09:09:09;USR-1295;2006-10-07;M;Bootcamp;2;470;300;Card;CS2;2.0;0
SESS-14637;2026-08-11 12:07:40;USR-1140;2008-06-12;M;VIP;5;672;900;App;CS2;;1
SESS-15689;2026-08-20 16:25:11;USR-1149;2003-10-27;M;VIP;2;0;400;Card;Valorant;3.0;0
SESS-13457;2026-08-29 20:30:34;USR-1244;2005-04-18;M;Standard;2;320;200;Card;Minecraft;4.0;0
SESS-13666;2026-08-04 19:56:33;USR-1681;2006-06-11;M;Standard;3;503;270;Card;CS2;;1
SESS-10457;2026-08-07 17:40:59;USR-1038;2010-06-02;M;Standard;3;251;270;Cash;Valorant;4.5;1
SESS-17035;2026-08-02 13:13:48;USR-1151;2007-01-05;F;Bootcamp;1;224;135;App;Valorant;;1
SESS-16731;2026-08-20 20:38:55;USR-1275;2010-05-27;F;Standard;1;0;100;Cash;Minecraft;;0
SESS-12978;2026-08-01 20:10:31;USR-1044;1996-12-25;M;PS5;3;690;750;Card;GTA V;5.0;0
SESS-13943;2026-08-12 01:03:20;USR-1080;2007-12-19;M;Bootcamp;8;1430;1200;Card;Valorant;4.5;0
SESS-13422;2026-08-13 21:52:57;USR-1006;2007-06-18;M;Standard;3;503;270;Card;Apex Legends;;1
SESS-10378;2026-08-05 17:56:29;USR-1362;2011-09-08;M;Standard;2;0;200;App;Valorant;;0
SESS-10565;2026-08-18 04:53:57;USR-1051;2011-06-02;F;Standard;4;224;360;Cash;Deadlock;5.0;1
SESS-12529;24.08.2026 00:49:49;USR-1501;2009-12-11;F;Standard;3;0;300;App;Minecraft;;0
SESS-11566;2026-08-25 17:10:43;USR-1110;2006-09-11;F;Standard;4;0;400;App;CS2;;0
SESS-16618;2026-08-09 12:28:00;USR-1500;2008-06-21;M;Standard;1;0;100;Card;Dota 2;3.0;0
SESS-15228;2026-08-31 19:36:54;USR-1152;2006-12-04;M;Standard;3;360;300;App;Deadlock;;0
SESS-12810;2026-08-13 14:03:05;USR-1662;2010-08-09;M;Standard;5;200;500;App;Minecraft;;0
SESS-14896;2026-08-14 00:07:24;USR-1313;1989-06-14;M;Bootcamp;2;390;300;App;Dota 2;;0
SESS-11915;2026-08-09 21:41:53;USR-1041;2011-07-28;M;Standard;4;320;400;Cash;CS2;3.0;0
SESS-10594;2026-08-23 12:43:29;USR-1283;2004-10-28;M;VIP;2;400;400;Card;Apex Legends;4.5;0
SESS-14764;2026-08-22 23:31:12;USR-1019;2011-02-06;M;Standard;12;0;1080;Cash;Dota 2;4.0;1
SESS-10460;2026-08-07 16:42:20;USR-1143;2006-07-15;F;Bootcamp;3;0;450;Card;Dota 2;4.0;0
SESS-15779;2026-08-06 20:50:48;USR-1589;2007-02-16;M;VIP;8;0;1440;Card;Dota 2;5.0;1
SESS-16444;2026-08-15 17:42:46;USR-1332;2012-09-04;M;Standard;1;0;100;App;Minecraft;;0
SESS-13968;2026-08-27 20:38:15;USR-1058;2008-11-03;M;VIP;2;0;400;Card;Deadlock;;0
SESS-15344;2026-08-02 17:13:37;USR-1771;1997-03-02;M;PS5;1;420;250;Card;CS2;;0
SESS-12283;2026-08-09 07:45:37;USR-1314;1993-09-01;M;Bootcamp;5;900;750;;GTA V;5.0;0
SESS-12688;2026-08-09 21:16:13;USR-1735;1987-10-01;F;Bootcamp;2;0;300;Cash;Dota 2;;0
SESS-10805;2026-08-19 20:23:28;USR-1644;2010-12-18;M;Standard;1;0;100;Cash;CS2;4.5;0
SESS-13262;2026-08-05 15:28:50;USR-1604;2007-07-25;M;Bootcamp;2;0;300;App;CS2;;0
SESS-12802;2026-08-13 17:48:44;USR-1021;2011-03-19;M;Standard;2;0;200;App;Minecraft;4.5;0
SESS-11655;2026-08-05 18:37:30;USR-1405;2002-11-10;M;Standard;3;0;300;Card;CS2;5.0;0
SESS-13987;2026-08-08 15:46:26;USR-1427;2011-03-11;M;Standard;4;336;360;Card;CS2;;1
SESS-13188;2026-08-21 21:34:40;USR-1617;2006-01-04;M;Standard;2;240;200;Card;Dota 2;4.5;0
SESS-11720;2026-08-12 14:56:39;USR-1511;2006-12-18;M;Bootcamp;1;0;150;App;Dota 2;;0
SESS-17178;2026-08-02 11:15:10;USR-1435;2005-08-01;M;Standard;2;0;200;Card;Apex Legends;;0
SESS-12775;2026-08-29 20:05:40;USR-1129;1993-08-09;F;PS5;8;2150;2000;Card;Dota 2;5.0;0
SESS-13185;2026-08-15 11:51:43;USR-1420;2010-01-14;M;Standard;2;80;200;App;Dota 2;4.0;0
SESS-10837;2026-08-02 16:50:23;USR-1470;2009-07-10;M;VIP;2;160;400;App;Dota 2;;0
SESS-16620;2026-08-06 18:19:37;USR-1185;2010-03-19;M;VIP;5;0;1000;App;Minecraft;5.0;0
SESS-13910;2026-08-06 12:22:03;USR-1002;2004-03-01;M;Standard;2;160;200;App;Valorant;;0
SESS-10093;2026-08-24 16:33:23;USR-1792;2008-07-22;F;VIP;1;0;200;Card;CS2;2.0;0
SESS-11156;2026-08-16 15:51:01;USR-1087;2004-11-25;F;Bootcamp;1;0;135;Card;Cyberpunk 2077;;1
SESS-13873;2026-08-22 18:00:37;USR-1726;2011-09-13;M;Standard;2;0;180;App;Dota 2;3.0;1
SESS-15598;2026-08-15 15:49:04;USR-1062;1998-04-23;M;Standard;3;1050;270;Card;CS2;;1
SESS-10641;2026-08-09 12:52:41;USR-1744;2006-11-06;M;VIP;1;0;200;App;Dota 2;4.0;0
SESS-11910;2026-08-07 11:33:59;USR-1727;1996-03-17;M;PS5;2;0;500;Card;GTA V;;0
SESS-13852;2026-08-10 21:57:44;USR-1413;1995-02-13;M;PS5;4;1092;900;Card;Browser/Work;;1
SESS-14916;2026-08-20 15:50:10;USR-1702;2010-01-12;M;Bootcamp;5;0;750;Cash;CS2;;0
SESS-12712;2026-08-30 22:31:53;USR-1491;2006-11-11;M;Standard;8;0;800;Card;Dota 2;4.0;0
SESS-15914;2026-08-10 16:35:32;USR-1086;1990-06-20;M;Standard;4;0;400;App;CS2;4.0;0
SESS-10082;2026-08-22 17:47:00;USR-1582;2005-05-22;F;PS5;2;160;500;Card;CS2;5.0;0
SESS-13020;2026-08-14 17:00:22;USR-1154;1987-12-02;M;Standard;12;0;1200;Card;Cyberpunk 2077;4.0;0
SESS-10909;2026-08-08 19:35:33;USR-1501;2009-12-11;F;Standard;2;0;200;Cash;CS2;3.0;0
SESS-12301;2026-08-07 20:03:06;USR-1035;1998-09-03;M;PS5;2;540;500;Card;Dota 2;4.5;0
SESS-10290;2026-08-22 19:27:01;USR-1030;2002-07-03;M;Bootcamp;2;310;300;Card;Deadlock;5.0;0
SESS-10926;2026-08-21 14:25:51;USR-1455;1999-01-15;M;Standard;5;1260;450;Card;Cyberpunk 2077;4.5;1
SESS-14020;2026-08-01 20:30:26;USR-1445;2006-11-12;M;Bootcamp;1;160;150;App;Dota 2;;0
SESS-16941;2026-08-09 13:30:56;USR-1289;2010-05-21;M;Standard;1;40;100;App;Dota 2;;0
SESS-17045;2026-08-30 19:20:12;USR-1140;2008-06-12;M;Bootcamp;3;882;405;App;Valorant;4.5;1
SESS-11192;2026-08-10 21:02:00;USR-1089;2012-05-15;M;Standard;2;224;180;App;Minecraft;5.0;1
SESS-12720;2026-08-15 10:28:27;USR-1297;2012-04-24;M;Standard;2;0;200;Cash;Dota 2;;0
SESS-13425;2026-08-04 23:27:09;USR-1555;2004-01-23;M;VIP;8;1430;1600;Card;CS2;4.5;0
SESS-15555;2026-08-31 20:20:53;USR-1547;2006-11-17;M;VIP;2;390;400;Card;CS2;5.0;0
SESS-11928;2026-08-24 18:01:09;USR-1037;2003-11-24;M;VIP;1;0;200;;CS2;;0
SESS-13208;2026-08-13 09:31:53;USR-1037;2003-11-24;M;Standard;2;320;200;App;CS2;4.5;0
SESS-17050;2026-08-14 17:17:33;USR-1637;2005-08-14;Мужской;VIP;3;0;600;App;CS2;4.5;0
SESS-15342;2026-08-30 23:33:48;USR-1014;2010-07-18;F;Bootcamp;5;300;750;Cash;CS2;;0
SESS-11662;2026-08-02 19:06:34;USR-1221;2011-10-10;M;Standard;4;0;400;Card;CS2;;0
SESS-14798;2026-08-02 20:12:16;USR-1339;2011-06-06;M;Standard;3;0;300;App;Minecraft;2.0;0
SESS-12821;2026-08-22 17:33:35;USR-1041;2011-07-28;M;Standard;3;336;270;Cash;Valorant;4.0;1
SESS-13531;2026-08-23 02:59:14;USR-1467;2003-06-07;M;VIP;3;0;600;Card;Valorant;;0
SESS-16713;2026-08-20 20:48:34;USR-1213;2011-07-07;M;VIP;1;0;200;Cash;Minecraft;;0
SESS-15498;2026-08-03 23:09:58;USR-1354;2008-01-14;F;Bootcamp;2;400;300;Card;GTA V;;0
SESS-15101;2026-08-02 17:01:31;USR-1587;1992-02-27;M;VIP;5;0;900;Card;CS2;;1
SESS-13640;2026-08-21 02:40:41;USR-1441;2009-01-06;M;Standard;2;0;200;Cash;CS2;;0
SESS-16539;2026-08-23 20:02:40;USR-1064;2004-07-08;M;PS5;8;1280;2000;Card;CS2;;0
SESS-14412;2026-08-19 17:42:23;USR-1758;2011-01-07;F;PS5;4;336;900;App;Deadlock;4.5;1
SESS-14912;2026-08-30 22:34:10;USR-1665;1998-03-01;M;Standard;5;900;500;App;PUBG;;0
SESS-11972;2026-08-01 18:17:51;USR-1098;2009-05-09;F;Standard;2;0;200;;Dota 2;;0
SESS-11862;2026-08-31 12:27:28;USR-1150;2004-01-17;F;VIP;2;0;400;App;CS2;;0
SESS-12350;2026-08-23 01:01:29;USR-1331;2005-09-22;F;VIP;8;1903;1440;Cash;CS2;4.5;1
SESS-16154;2026-08-27 20:12:30;USR-1038;2010-06-02;M;Standard;4;0;360;App;Dota 2;4.5;1
SESS-15640;2026-08-22 18:47:11;USR-1728;2008-12-03;M;Bootcamp;1;240;150;Card;CS2;4.0;0
SESS-12797;2026-08-03 19:09:49;USR-1781;1995-11-14;M;VIP;1;0;200;Card;CS2;;0
SESS-17161;2026-08-09 18:15:00;USR-1125;2006-07-09;F;Standard;8;1344;720;App;CS2;4.5;1
SESS-13766;08/20/2026 16:23:56;USR-1654;2004-01-02;M;PS5;8;0;2000;Card;CS2;4.0;0
SESS-14064;2026-08-21 21:31:08;USR-1155;2009-09-19;M;Bootcamp;3;168;405;Card;CS2;4.5;1
SESS-10731;2026-08-18 20:40:50;USR-1589;2007-02-16;M;Bootcamp;2;390;300;App;Deadlock;5.0;0
SESS-17237;2026-08-29 21:25:27;USR-1125;2006-07-09;F;Standard;3;0;270;App;Dota 2;;1
SESS-10365;2026-08-05 11:35:28;USR-1614;2006-09-16;F;PS5;3;336;675;Card;Dota 2;;1
SESS-13517;2026-08-15 13:59:54;USR-1090;2004-08-10;M;Standard;1;0;100;App;Valorant;;0
SESS-16832;2026-08-17 16:01:17;USR-1522;2008-11-21;M;Standard;2;320;200;Card;CS2;;0
SESS-14809;2026-08-13 20:24:18;USR-1596;1999-12-20;F;Bootcamp;1;480;150;Card;CS2;4.5;0
SESS-15021;2026-08-24 21:54:16;USR-1616;2011-01-09;M;Standard;4;0;400;App;Dota 2;;0
SESS-11509;2026-08-14 16:28:39;USR-1149;2003-10-27;M;Standard;2;240;200;Cash;CS2;;0
SESS-17222;2026-08-13 00:25:01;USR-1036;2005-06-28;M;VIP;12;0;2400;App;Dota 2;4.0;0
SESS-12111;2026-08-14 17:33:19;USR-1049;2011-07-07;M;Bootcamp;3;168;405;App;Valorant;5.0;1
SESS-16518;2026-08-16 09:02:55;USR-1003;2010-11-08;M;Standard;2;224;180;App;CS2;;1
SESS-11435;2026-08-15 12:15:39;USR-1239;2007-04-13;M;PS5;4;0;900;App;Valorant;;1
SESS-16509;2026-08-13 13:11:08;USR-1447;2006-11-07;M;Standard;2;448;180;Card;CS2;4.5;1
SESS-13084;2026-08-09 14:13:54;USR-1115;2011-06-03;M;Standard;2;0;200;Cash;Deadlock;;0
SESS-16474;2026-08-15 17:09:37;USR-1554;1998-02-03;M;Standard;2;240;200;Card;CS2;;0
SESS-13462;2026-08-08 14:32:22;USR-1382;2006-02-09;M;Standard;2;448;180;Card;Dota 2;4.5;1
SESS-14988;2026-08-29 20:55:49;USR-1424;2005-07-20;M;Standard;2;0;200;Card;Dota 2;4.0;0
SESS-15937;2026-08-02 20:38:10;USR-1056;2002-03-26;M;Standard;1;80;100;Card;Dota 2;;0
SESS-14582;2026-08-01 18:47:41;USR-1143;2006-07-15;F;Standard;2;240;200;Card;Valorant;;0
SESS-15332;2026-08-11 22:01:42;USR-1500;2008-06-21;M;VIP;12;2128;2160;App;GTA V;5.0;1
SESS-11196;2026-08-20 13:27:05;USR-1742;2008-04-20;M;Bootcamp;3;0;450;App;PUBG;;0
SESS-12488;2026-08-01 13:26:55;USR-1645;2008-11-08;M;Standard;8;640;800;Card;PUBG;3.0;0
SESS-13936;2026-08-09 16:52:50;USR-1121;2007-05-26;M;Standard;4;640;400;Card;Dota 2;4.0;0
SESS-13938;2026-08-07 15:09:51;USR-1653;2006-11-11;F;PS5;1;160;250;Card;CS2;5.0;0
SESS-12424;2026-08-08 19:36:03;USR-1437;2007-10-20;M;Standard;5;0;500;Card;CS2;;0
SESS-11058;2026-08-28 16:46:14;USR-1775;2004-12-16;M;PS5;3;336;675;Card;Valorant;4.0;1
SESS-10005;2026-08-10 18:40:28;USR-1275;2010-05-27;F;VIP;3;0;540;App;Deadlock;;1
SESS-12099;2026-08-01 14:10:28;USR-1767;2001-10-11;M;Bootcamp;4;658;540;Card;CS2;;1
SESS-10908;2026-08-19 17:31:52;USR-1675;1995-05-13;M;PS5;1;330;250;Card;Dota 2;;0
SESS-11591;2026-08-15 14:52:54;USR-1073;2012-07-14;F;Bootcamp;4;160;600;App;Valorant;4.5;0
SESS-11510;2026-08-30 20:43:47;USR-1558;2010-10-16;M;Bootcamp;5;300;750;App;CS2;2.0;0
SESS-10660;2026-08-18 20:24:19;USR-1291;2003-11-11;M;Standard;2;0;200;Card;PUBG;;0
SESS-13506;2026-08-25 00:25:05;USR-1054;2008-05-14;M;Standard;12;2015;1080;Card;CS2;4.5;1
SESS-15982;2026-08-01 23:36:20;USR-1732;2012-08-25;M;Standard;5;400;500;Card;Minecraft;4.0;0
SESS-15643;2026-08-11 15:41:08;USR-1334;2000-05-11;M;VIP;4;1819;720;Card;Browser/Work;5.0;1
SESS-14400;2026-08-12 18:04:53;USR-1328;2005-07-26;M;VIP;2;390;400;App;Valorant;;0
SESS-16490;2026-08-22 11:41:52;USR-1044;1996-12-25;M;VIP;2;0;400;Card;GTA V;4.5;0
SESS-14086;2026-08-05 17:38:57;USR-1191;2004-10-14;M;Bootcamp;3;320;450;Cash;Dota 2;4.0;0
SESS-15634;2026-08-29 01:24:54;USR-1766;2007-09-21;M;Bootcamp;8;0;1200;Card;CS2;;0
SESS-13662;2026-08-13 15:24:11;USR-1072;2010-03-15;M;Standard;2;0;200;App;CS2;;0
SESS-11466;2026-08-21 18:36:59;USR-1113;2010-05-22;M;Standard;1;0;100;Card;Minecraft;;0
SESS-14684;2026-08-09 18:04:48;USR-1335;2011-03-17;M;Standard;4;0;400;App;CS2;;0
SESS-14671;2026-08-24 13:17:26;USR-1086;1990-06-20;M;PS5;3;900;750;Card;CS2;3.0;0
SESS-16442;2026-08-20 13:46:05;USR-1127;2009-02-14;M;VIP;3;120;600;Card;CS2;4.0;0
SESS-12947;2026-08-06 19:41:31;USR-1791;2008-10-28;M;VIP;3;448;540;Card;Dota 2;;1
SESS-12818;2026-08-12 22:58:03;USR-1019;2011-02-06;M;Standard;5;0;500;App;CS2;4.0;0
SESS-16171;2026-08-31 09:27:54;USR-1068;2011-11-23;F;PS5;1;0;250;Cash;Dota 2;;0
SESS-11419;2026-08-30 17:25:00;USR-1075;1995-03-20;F;VIP;2;0;400;Card;Cyberpunk 2077;;0
SESS-16916;2026-08-14 19:01:53;USR-1054;2008-05-14;M;Standard;1;0;100;App;Valorant;;0
SESS-17217;2026-08-01 20:32:07;USR-1126;1996-07-13;F;Bootcamp;1;550;150;Card;CS2;;0
SESS-14139;2026-08-04 02:36:02;USR-1060;1993-12-16;M;VIP;3;690;600;Card;Dota 2;4.5;0
SESS-15471;2026-08-05 19:49:59;USR-1009;2004-06-03;M;Bootcamp;2;336;270;App;Dota 2;4.5;1
SESS-14300;2026-08-24 23:31:16;USR-1765;2005-05-06;F;PS5;8;1344;1800;Card;Dota 2;5.0;1
SESS-14717;2026-08-24 15:47:32;USR-1742;2008-04-20;M;Standard;8;1344;720;Card;CS2;5.0;1
SESS-16367;2026-08-26 16:39:07;USR-1251;2001-12-01;M;VIP;3;390;600;Card;CS2;;0
SESS-17134;2026-08-29 22:27:42;USR-1708;2008-01-09;M;VIP;8;0;1600;App;GTA V;4.5;0
SESS-12025;2026-08-21 12:43:36;USR-1134;1995-04-07;M;Bootcamp;5;1959;675;Card;Dota 2;1.0;1
SESS-16661;2026-08-08 17:01:17;USR-1047;2004-05-25;M;Standard;2;320;200;Card;Dota 2;;0
SESS-14294;2026-08-11 18:50:38;USR-1075;1995-03-20;F;VIP;3;0;600;Card;PUBG;5.0;0
SESS-12664;2026-08-13 07:29:09;USR-1025;2010-10-04;M;Standard;4;224;360;App;Minecraft;;1
SESS-15132;2026-08-28 20:44:27;USR-1791;2008-10-28;M;Standard;4;0;400;Card;CS2;;0
SESS-12971;2026-08-21 16:09:04;USR-1603;2005-07-17;M;Standard;3;672;270;App;Dota 2;4.5;1
SESS-11405;2026-08-26 00:39:18;USR-1062;1998-04-23;M;VIP;12;3444;2160;Card;PUBG;;1
SESS-16077;2026-08-26 22:12:14;USR-1063;2007-02-12;M;Bootcamp;3;0;450;Card;CS2;2.0;0
SESS-13934;2026-08-01 19:31:17;USR-1385;2011-06-05;M;Standard;4;0;360;Cash;CS2;;1
SESS-16967;2026-08-25 15:28:09;USR-1530;2005-12-18;M;Standard;1;120;100;Cash;CS2;;0
SESS-13280;2026-08-08 01:26:52;USR-1253;2003-02-16;M;VIP;12;1040;2400;Card;CS2;;0
SESS-11489;2026-08-09 14:50:14;USR-1475;2006-02-08;F;Bootcamp;2;0;300;App;Deadlock;;0
SESS-16807;2026-08-25 18:24:21;USR-1077;1996-09-03;M;PS5;2;0;500;Card;Cyberpunk 2077;;0
SESS-10092;2026-08-30 17:11:15;USR-1388;2006-05-24;M;Standard;2 ч.;448;180;Card;Dota 2;;1
SESS-12303;2026-08-28 20:39:01;USR-1060;1993-12-16;M;Standard;2;360;200;Card;CS2;;0
SESS-10513;2026-08-06 11:56:32;USR-1105;2004-04-12;M;Standard;3;480;300;Card;Valorant;4.5;0
SESS-13616;2026-08-07 01:41:45;USR-1023;2010-02-02;M;Standard;8;0;800;App;Valorant;4.0;0
SESS-10878;2026-08-27 01:31:36;USR-1040;1991-03-07;M;PS5;12;1740;3000;Card;Dota 2;4.5;0
SESS-10247;2026-08-10 10:17:29;USR-1119;1997-03-16;M;PS5;3;965;675;Card;Dota 2;5.0;1
SESS-17046;2026-08-10 00:30:58;USR-1094;2004-10-05;M;VIP;12;1040;2400;Card;Deadlock;5.0;0
SESS-11103;2026-08-15 15:37:29;USR-1752;2010-12-20;F;Standard;3;0;300;App;Minecraft;;0
SESS-10838;2026-08-20 17:55:39;USR-1779;1991-03-12;M;PS5;2;0;500;Card;CS2;;0
SESS-16216;2026-08-23 19:52:35;USR-1617;2006-01-04;M;Standard;3;240;300;App;CS2;4.5;0
SESS-14818;2026-08-04 20:00:29;USR-1358;1999-07-08;M;Bootcamp;2;540;300;App;CS2;;0
SESS-13679;2026-08-31 15:27:23;USR-1091;2004-01-15;M;PS5;2;0;500;Card;Dota 2;;0
SESS-13840;2026-08-20 19:26:21;USR-1744;2006-11-06;M;Bootcamp;3;0;450;Cash;CS2;;0
SESS-12072;2026-08-13 09:23:38;USR-1045;2006-09-28;M;Standard;1;120;100;Card;Deadlock;4.0;0
SESS-14515;2026-08-10 10:14:43;USR-1171;2009-11-25;M;Standard;2;160;200;Card;CS2;4.0;0
SESS-10932;2026-08-20 16:23:26;USR-1753;2005-03-09;M;VIP;2;0;400;Card;CS2;5.0;0
SESS-14569;2026-08-22 11:52:09;USR-1342;2011-09-02;M;Bootcamp;4;0;540;App;Dota 2;4.5;1
SESS-12302;2026-08-03 14:32:04;USR-1004;2011-07-04;M;Standard;4;224;360;App;Minecraft;4.0;1
SESS-16812;2026-08-29 00:08:13;USR-1144;2005-01-11;M;Standard;3;240;300;Card;Deadlock;;0
SESS-10367;2026-08-28 10:44:50;USR-1124;2004-09-24;M;Standard;3;672;270;Card;Dota 2;5.0;1
SESS-16836;2026-08-16 20:08:06;USR-1024;2007-08-13;M;PS5;2;320;500;Card;CS2;;0
SESS-11515;2026-08-28 09:22:07;USR-1510;2010-12-16;M;Standard;2;0;180;Card;Valorant;;1
SESS-12182;2026-08-27 02:15:13;USR-1139;2003-05-21;M;Standard;2;240;200;Card;CS2;;0
SESS-14446;2026-08-30 11:20:48;USR-1576;2010-12-17;F;Standard;4;0;360;Cash;Dota 2;;1
SESS-11761;2026-08-17 20:36:32;USR-1147;2010-04-19;M;Standard;2;0;200;Card;Apex Legends;;0
SESS-13979;2026-08-18 17:53:38;USR-1407;2004-05-20;M;Bootcamp;3;546;405;Card;CS2;5.0;1
SESS-17126;2026-08-26 20:42:48;USR-1396;2003-09-15;F;Bootcamp;1;240;150;Card;Valorant;;0
SESS-10638;2026-08-20 16:35:06;USR-1452;1995-01-14;M;PS5;2;0;500;Card;PUBG;4.5;0
SESS-16503;2026-08-14 18:07:22;USR-1093;2004-06-23;Женский;Standard;3;672;270;Card;Valorant;;1
SESS-12493;2026-08-23 14:23:07;USR-1159;2003-06-05;M;VIP;4;0;800;App;Dota 2;;0
SESS-14223;2026-08-23 18:17:27;USR-1107;1989-06-02;F;Standard;4;1000;400;Card;GTA V;;0
SESS-12127;2026-08-16 19:20:06;USR-1121;2007-05-26;M;Standard;5;1120;450;Card;Dota 2;;1
SESS-13449;2026-08-29 16:02:22;USR-1167;2009-05-04;M;Bootcamp;1;0;135;App;CS2;;1
SESS-12739;2026-08-16 11:01:25;USR-1247;2004-06-02;M;Standard;2;160;200;Card;Dota 2;;0
SESS-10187;2026-08-12 20:51:28;USR-1074;2011-11-23;f;Standard;2;80;200;Cash;Minecraft;;0
SESS-13942;2026-08-18 21:04:25;USR-1630;2006-11-06;M;VIP;2;240;400;App;CS2;;0
SESS-10354;2026-08-20 09:04:15;USR-1596;1886-09-20;F;VIP;999;690;600;Card;PUBG;5.0;0
SESS-12892;2026-08-16 11:19:00;USR-1049;2011-07-07;M;PS5;4;0;1000;Cash;CS2;4.5;0
SESS-16788;2026-08-22 01:09:51;USR-1482;2003-06-14;M;VIP;12;1456;2160;App;CS2;5.0;1
SESS-11484;2026-08-03 23:49:50;USR-1247;2004-06-02;M;Bootcamp;3;0;450;Card;Dota 2;4.0;0
SESS-12790;2026-08-12 21:04:18;USR-1305;2006-03-14;M;Standard;4;320;400;App;Deadlock;4.5;0
SESS-13588;2026-08-25 15:43:50;USR-1095;2006-06-20;M;Standard;5;1120;450;Card;CS2;4.5;1
SESS-10750;2026-08-15 18:17:03;USR-1080;2007-12-19;M;Standard;2;0;200;Card;Dota 2;4.0;0
SESS-16838;2026-08-30 12:24:35;USR-1169;2005-04-02;M;Standard;2;0;200;App;Deadlock;;0
SESS-12730;2026-08-01 23:56:54;USR-1443;2008-11-11;M;Standard;5;560;450;App;CS2;4.0;1
SESS-13446;2026-08-06 14:58:36;USR-1121;2007-05-26;M;PS5;3;336;675;Card;Dota 2;4.5;1
SESS-15018;2026-08-13 20:12:56;USR-1600;2002-04-16;M;VIP;1;270;200;Card;CS2;;0
SESS-13480;2026-08-26 17:44:14;USR-1328;2005-07-26;M;VIP;1;230;200;Card;CS2;5.0;0
SESS-13332;2026-08-17 19:47:29;USR-1151;2007-01-05;F;Standard;3;0;300;App;CS2;4.0;0
SESS-11844;2026-08-01 17:06:51;USR-1710;2004-11-20;M;Standard;3;240;300;Card;CS2;;0
SESS-16780;2026-08-29 21:05:17;USR-1473;2008-09-08;F;VIP;1;0;200;Card;Minecraft;;0
SESS-16153;2026-08-18 18:14:12;USR-1366;2005-06-22;M;VIP;12;2226;2160;Card;Dota 2;5.0;1
SESS-13289;2026-08-07 14:53:07;USR-1073;2012-07-14;F;Bootcamp;1;0;150;Card;CS2;;0
SESS-15741;2026-08-14 19:09:39;USR-1037;2003-11-24;M;Standard;1;0;100;Card;Dota 2;;0
SESS-11079;2026-08-01 02:11:57;USR-1701;2010-07-18;M;Standard;2;0;200;Cash;CS2;4.5;0
SESS-12010;2026-08-07 16:17:48;USR-1058;2008-11-03;M;Standard;2;240;200;App;CS2;;0
SESS-11032;2026-08-14 16:11:27;USR-1033;2010-12-10;M;Standard;1;40;100;App;CS2;4.5;0
SESS-11940;2026-08-28 22:21:42;USR-1713;1996-12-18;F;VIP;12;2226;2160;Card;Dota 2;4.5;1
SESS-13952;2026-08-27 18:29:15;USR-1114;2005-06-01;M;Bootcamp;2;310;300;App;Dota 2;;0
SESS-15286;2026-08-21 19:11:31;USR-1369;2005-09-09;M;Standard;~1;0;100;Card;Dota 2;;0
SESS-11271;2026-08-07 19:20:57;USR-1064;2004-07-08;M;Bootcamp;1;310;150;Card;CS2;5.0;0
SESS-10843;2026-08-22 11:22:59;USR-1186;2010-04-20;M;Standard;3;120;300;Card;CS2;;0
SESS-10681;2026-08-31 22:01:18;USR-1154;1987-12-02;M;Standard;8;960;800;Card;CS2;4.5;0
SESS-13168;2026-08-17 00:35:20;USR-1647;1992-06-09;F;Bootcamp;8;1110;1200;Card;Deadlock;4.0;0
SESS-10190;2026-08-28 11:28:00;USR-1632;2005-12-08;M;PS5;4;320;1000;Card;CS2;;0
SESS-15159;2026-08-11 18:14:15;USR-1431;2003-06-20;M;Standard;1;0;100;Card;CS2;4.0;0
SESS-11461;2026-08-03 22:12:02;USR-1525;2010-02-24;M;Standard;5;0;500;App;CS2;5.0;0
SESS-15611;2026-08-17 17:30:57;USR-1003;2010-11-08;M;Standard;4;240;400;Cash;Valorant;4.5;0
SESS-11486;2026-08-08 21:22:52;USR-1392;2007-10-22;M;Standard;1 часа;0;100;Card;Dota 2;;0
SESS-10796;2026-08-08 16:18:26;USR-1140;2008-06-12;M;Standard;2;320;200;Card;Apex Legends;;0
SESS-12306;2026-08-21 20:48:03;USR-1315;2009-12-08;M;Standard;3;120;300;App;Dota 2;;0
SESS-13166;2026-08-12 17:24:53;USR-1451;2009-10-15;M;Bootcamp;2;0;300;Card;Dota 2;;0
SESS-16991;2026-08-15 19:33:55;USR-1179;2005-05-23;M;Bootcamp;2;0;300;Card;Dota 2;;0
SESS-13892;2026-08-19 13:09:47;USR-1644;2010-12-18;M;Bootcamp;1;60;150;App;Minecraft;4.5;0
SESS-14936;2026-08-13 16:48:20;USR-1526;2012-04-13;M;Standard;2;0;200;Cash;Minecraft;4.5;0
SESS-10512;2026-08-10 18:31:14;USR-1670;2005-09-01;M;Standard;4;448;360;App;Dota 2;5.0;1
SESS-13977;2026-08-26 13:59:20;USR-1279;2004-10-22;M;VIP;2;0;400;Card;Deadlock;;0
SESS-14431;2026-08-21 17:52:47;USR-1467;2003-06-07;M;Standard;4;0;400;App;Dota 2;;0
SESS-12165;2026-08-28 18:37:34;USR-1345;2012-07-11;F;Standard;1;56;90;Cash;GTA V;;1
SESS-14612;2026-08-14 12:21:51;USR-1026;2010-02-02;M;Standard;3;120;300;Cash;Minecraft;;0
SESS-17089;2026-08-02 17:57:16;USR-1128;2007-05-19;M;Standard;2;0;200;App;CS2;;0
SESS-15874;2026-08-09 10:13:31;USR-1335;2011-03-17;M;PS5;4;336;900;Card;Dota 2;;1
SESS-13705;2026-08-29 06:50:29;USR-1318;2005-10-26;M;Standard;2;336;180;Card;Dota 2;;1
SESS-13671;2026-08-18 15:17:42;USR-1245;2004-06-04;M;VIP;2;0;400;App;CS2;;0
SESS-15280;2026-08-28 16:47:53;USR-1358;1999-07-08;M;Bootcamp;3;0;450;Card;GTA V;;0
SESS-16411;2026-08-07 18:17:00;USR-1128;2007-05-19;M;Bootcamp;2;0;300;Card;GTA V;;0
SESS-15996;2026-08-26 00:40:33;USR-1150;2004-01-17;F;Standard;12;1344;1080;Card;Dota 2;;1
SESS-12755;2026-08-30 15:10:01;USR-1107;1989-06-02;F;Standard;3;0;300;Card;Browser/Work;;0
SESS-14822;2026-08-29 20:19:28;USR-1458;2006-03-09;M;Bootcamp;8;0;1080;Card;CS2;4.5;1
SESS-14228;2026-08-14 13:47:14;USR-1095;2006-06-20;M;Bootcamp;2;0;300;Cash;CS2;4.0;0
SESS-15879;2026-08-19 12:23:37;USR-1043;2012-06-14;F;Standard;3;240;300;Cash;Dota 2;1.0;0
SESS-12890;2026-08-01 14:56:46;USR-1120;2011-05-02;F;Standard;3;240;300;App;CS2;;0
SESS-14126;2026-08-21 19:33:40;USR-1280;2003-02-25;M;Bootcamp;1;0;150;Cash;CS2;;0
SESS-15190;2026-08-27 20:57:09;USR-1213;2011-07-07;M;Standard;5;400;500;Card;Minecraft;4.5;0
SESS-16286;2026-08-22 12:48:12;USR-1016;2003-01-07;M;VIP;1;0;200;Card;CS2;;0
SESS-16768;2026-08-25 21:16:04;USR-1784;2009-04-19;M;Standard;2;0;200;Cash;Valorant;;0
SESS-11569;2026-08-08 20:11:22;USR-1005;2011-10-01;M;Bootcamp;3;251;405;App;Deadlock;4.0;1
SESS-12058;2026-08-26 14:18:04;USR-1125;2006-07-09;F;VIP;4;882;720;Card;CS2;5.0;1
SESS-11982;2026-08-07 17:09:13;USR-1018;2011-02-01;M;Standard;1;40;100;App;Dota 2;;0
SESS-13530;22.08.2026 11:56:19;USR-1519;2010-11-07;M;Standard;2;0;200;App;Valorant;;0
SESS-13706;2026-08-07 14:16:23;USR-1176;2011-08-02;M;Bootcamp;1;80;150;Cash;CS2;;0
SESS-14688;2026-08-02 13:40:08;USR-1790;2011-09-03;M;Standard;2;0;200;App;Valorant;;0
SESS-10947;2026-08-26 14:51:49;USR-1503;2004-06-09;M;VIP;1;0;200;Card;CS2;4.5;0
SESS-12511;2026-08-09 17:31:20;USR-1644;2010-12-18;M;Standard;3;0;270;Cash;Minecraft;;1
SESS-11410;2026-08-14 15:16:57;USR-1198;2004-04-22;M;Standard;2;240;200;App;CS2;;0
SESS-10285;2026-08-29 15:21:16;USR-1329;2007-12-17;M;Standard;1;112;90;App;CS2;;1
SESS-13583;2026-08-05 19:11:40;USR-1099;2001-07-16;M;Bootcamp;2;240;300;App;PUBG;;0
SESS-14460;2026-08-10 10:48:10;USR-1042;1997-02-02;M;Standard;3;0;300;Card;Dota 2;4.5;0
SESS-14888;2026-08-25 09:28:56;USR-1022;2012-11-14;F;Bootcamp;1;0;150;App;Minecraft;4.5;0
SESS-13334;2026-08-03 00:12:53;USR-1193;2004-02-11;M;Standard;8;1344;720;Card;Dota 2;4.0;1
SESS-12625;2026-08-25 16:05:21;USR-1737;2003-07-27;M;ps5;2;0;400;Card;Apex Legends;;0
SESS-11811;2026-08-08 12:45:12;USR-1604;2007-07-25;M;Standard;1;80;100;Card;Dota 2;;0
SESS-12418;2026-08-02 22:14:10;USR-1165;1997-06-23;M;Standard;5;0;500;Card;Cyberpunk 2077;2.0;0
SESS-13981;2026-08-22 12:36:05;USR-1282;2007-01-06;F;Standard;1;160;100;Card;Deadlock;;0
SESS-17036;2026-08-05 19:51:20;USR-1692;2007-04-02;M;Standard;12;1920;1200;App;CS2;5.0;0
SESS-14834;2026-08-10 16:53:17;USR-1126;1996-07-13;F;Bootcamp;4;630;600;App;GTA V;;0
SESS-15784;2026-08-24 10:46:32;USR-1548;2006-05-07;F;Standard;5;800;500;Cash;CS2;;0
SESS-17107;2026-08-21 16:21:37;USR-1454;2006-11-21;M;Standard;12;960;1200;Card;CS2;4.0;0
SESS-14942;2026-08-20 19:40:45;USR-1695;2011-02-25;M;Standard;3;0;300;Cash;Dota 2;4.5;0
SESS-12866;2026-08-14 10:42:27;USR-1556;2009-08-19;M;Bootcamp;3;180;450;App;Valorant;5.0;0
SESS-10502;2026-08-06 18:54:29;USR-1280;2003-02-25;M;Standard;2;0;200;Card;CS2;;0
SESS-17211;2026-08-08 18:23:33;USR-1648;2007-03-17;M;Standard;8;0;800;Card;Dota 2;;0
SESS-15672;2026-08-12 10:55:22;USR-1691;2012-06-12;M;Standard;1;80;100;App;Minecraft;;0
SESS-13494;2026-08-10 01:17:27;USR-1148;2005-12-20;M;Standard;12;2015;1080;App;Dota 2;;1
SESS-13572;2026-08-11 13:32:40;USR-1377;2008-03-07;F;VIP;3;546;540;App;Valorant;5.0;1
SESS-12649;2026-08-08 20:31:15;USR-1119;2023-06-15;M;PS5;999;965;675;Card;Cyberpunk 2077;;1
SESS-15714;2026-08-08 20:02:22;USR-1419;2005-12-10;M;VIP;4;1106;720;Card;Dota 2;3.0;1
SESS-11299;2026-08-15 18:39:22;USR-1775;2004-12-16;M;Standard;1;80;100;Card;Valorant;2.0;0
SESS-15722;2026-08-29 16:47:14;USR-1110;2006-09-11;F;Standard;2;240;200;Card;Valorant;;0
SESS-12921;2026-08-15 18:19:52;USR-1455;1999-01-15;M;Standard;2;240;200;Card;CS2;;0
SESS-14333;2026-08-10 00:40:36;USR-1205;2009-07-03;M;Standard;12;0;1080;Cash;Minecraft;4.0;1
SESS-11939;2026-08-29 09:45:56;USR-1410;2003-08-02;M;Standard;3;672;270;Card;Dota 2;;1
SESS-15666;2026-08-26 15:38:02;USR-1012;2009-01-18;F;Bootcamp;3;180;450;App;Minecraft;4.0;0
SESS-16330;2026-08-15 14:57:20;USR-1051;2011-06-02;F;Standard;3;336;270;Card;Minecraft;5.0;1
SESS-13816;2026-08-08 11:51:33;USR-1211;1996-08-25;M;VIP;2;660;400;Card;Browser/Work;4.5;0
SESS-15930;2026-08-26 21:09:24;USR-1511;2006-12-18;M;Bootcamp;12;1554;1620;Card;Deadlock;5.0;1
SESS-16355;2026-08-21 19:01:06;USR-1195;2010-04-23;M;Standard;4;0;360;App;Valorant;;1
SESS-11296;2026-08-21 12:40:12;USR-1335;2011-03-17;M;Standard;4;0;360;Cash;Minecraft;5.0;1
SESS-15580;2026-08-30 13:11:14;USR-1342;2011-09-02;M;Standard;5;560;450;App;Minecraft;;1
SESS-16899;2026-08-08 18:27:57;USR-1057;2023-06-15;M;PS5;999;240;750;Card;Dota 2;;0
SESS-16979;2026-08-27 13:16:43;USR-1115;2011-06-03;M;Standard;3;0;300;App;Valorant;;0
SESS-15758;2026-08-15 16:29:14;USR-1153;2008-06-09;M;Standard;1;80;100;Cash;Dota 2;;0
SESS-13791;2026-08-29 17:36:56;USR-1397;2004-08-22;M;PS5;3;240;750;Card;Dota 2;;0
SESS-13835;2026-08-14 21:38:10;USR-1272;2008-01-10;M;Bootcamp;4;1007;540;App;CS2;;1
SESS-12628;2026-08-06 09:21:33;USR-1697;2008-06-21;M;VIP;2;0;400;Card;CS2;;0
SESS-13392;2026-08-06 19:17:01;USR-1617;2006-01-04;M;PS5;2;0;500;Card;Valorant;3.0;0
SESS-12402;2026-08-18 18:40:26;USR-1047;2004-05-25;M;Standard;2;240;200;Card;Valorant;;0
SESS-15642;2026-08-29 12:26:46;USR-1078;2002-12-09;M;Bootcamp;1;0;135;Card;CS2;;1
SESS-13778;2026-08-24 13:42:08;USR-1498;2000-09-02;M;Standard;1;250;100;Card;Dota 2;;0
SESS-12094;2026-08-07 13:34:32;USR-1061;2004-03-24;M;VIP;1;230;200;App;CS2;4.5;0
SESS-15236;2026-08-25 23:06:14;USR-1049;2011-07-07;M;Standard;3;0;300;App;CS2;3.0;0
SESS-10588;2026-08-28 20:48:00;USR-1089;2012-05-15;M;VIP;8;672;1440;Cash;Minecraft;;1
SESS-15176;2026-08-13 19:20:13;USR-1077;1996-09-03;M;Standard;3;540;300;Card;CS2;5.0;0
SESS-17029;2026-08-27 12:49:49;USR-1205;2009-07-03;M;Standard;3;180;300;App;CS2;;0
SESS-13149;2026-08-30 01:51:44;USR-1140;2008-06-12;M;Bootcamp;8;1903;1080;App;Deadlock;4.5;1
SESS-11898;2026-08-22 14:31:16;USR-1098;2009-05-09;F;Standard;2;160;200;Card;Minecraft;4.0;0
SESS-15605;2026-08-16 01:57:52;USR-1689;2007-07-01;M;Standard;3;480;300;Card;PUBG;;0
SESS-15204;2026-08-17 15:49:21;USR-1202;2008-09-03;F;Standard;2;240;200;App;Deadlock;;0
SESS-10688;2026-08-29 23:32:37;USR-1130;2008-05-01;F;Standard;12;2688;1080;Card;Minecraft;;1
SESS-13724;2026-08-15 19:43:05;USR-1520;2008-10-24;M;Bootcamp;3;0;405;App;CS2;3.0;1
SESS-11226;2026-08-30 20:44:31;USR-1053;1994-03-24;M;PS5;3;900;750;Card;Dota 2;;0
SESS-10348;2026-08-01 22:11:39;USR-1416;1990-11-01;M;PS5;12;1590;3000;Card;Dota 2;4.0;0
SESS-16406;2026-08-21 09:21:57;USR-1322;2005-06-26;M;Standard;2;320;200;Card;PUBG;;0
SESS-15690;2026-08-22 22:12:55;USR-1151;2007-01-05;F;Bootcamp;5;0;750;Card;CS2;4.5;0
SESS-10166;2026-08-11 16:20:50;USR-1236;2005-02-03;M;Standard;4;640;400;Card;CS2;;0
SESS-12997;2026-08-10 12:56:36;USR-1027;2010-04-02;F;Standard;2;0;200;App;CS2;;0
SESS-13518;2026-08-23 15:21:24;USR-1387;2005-06-26;M;Bootcamp;4;1106;540;App;Deadlock;4.5;1
SESS-15108;2026-08-23 00:59:44;USR-1362;2011-09-08;M;PS5;8;0;2000;Cash;Valorant;4.5;0
SESS-12643;2026-08-12 12:32:48;USR-1629;1995-05-02;M;VIP;1;0;200;Card;GTA V;4.5;0
SESS-12104;2026-08-31 18:21:48;USR-1325;2009-12-02;F;Standard;2;0;200;App;Deadlock;;0
SESS-10066;2026-08-08 16:16:36;USR-1425;2011-03-08;M;Standard;2;0;200;App;Minecraft;;0
SESS-10057;2026-08-27 16:38:49;USR-1224;1994-04-01;F;VIP;8;0;1600;Card;Dota 2;;0
SESS-17140;2026-08-19 17:19:23;USR-1213;2011-07-07;M;Standard;2;224;180;Card;Valorant;4.5;1
SESS-16542;2026-08-20 08:46:14;USR-1010;2007-09-24;M;Standard;1;0;100;App;Minecraft;;0
SESS-14631;2026-08-08 18:01:14;USR-1141;2007-07-14;M;VIP;3;510;600;App;Valorant;;0
SESS-15223;2026-08-15 20:47:41;USR-1120;2011-05-02;F;Bootcamp;2;160;300;Cash;CS2;4.5;0
SESS-12192;2026-08-27 17:11:47;USR-1607;2010-10-08;M;Standard;2;0;200;App;Minecraft;;0
SESS-12786;2026-08-31 11:20:14;USR-1718;1988-08-18;M;Bootcamp;4;1218;540;Card;Dota 2;;1
SESS-16149;2026-08-14 13:20:12;USR-1156;2012-02-05;F;Standard;3;240;300;Cash;CS2;;0
SESS-15355;2026-08-18 22:04:47;USR-1668;2010-11-14;M;Standard;3;0;300;Cash;Dota 2;4.5;0
SESS-12057;2026-08-16 16:44:31;USR-1016;2003-01-07;M;Bootcamp;2;0;300;Card;Valorant;2.0;0
SESS-16262;2026-08-26 23:16:30;USR-1590;2004-05-18;M;Standard;3;240;300;Card;Minecraft;4.0;0
SESS-14173;2026-08-16 17:07:41;USR-1701;2010-07-18;M;PS5;5;280;1125;Cash;CS2;4.5;1
SESS-14068;2026-08-29 20:39:59;USR-1025;2010-10-04;M;Bootcamp;2;120;300;Cash;Deadlock;;0
SESS-16416;2026-08-25 16:22:33;USR-1685;2008-12-06;M;VIP;3;0;600;Card;CS2;;0
SESS-11295;2026-08-02 13:45:40;USR-1197;2009-05-11;F;Standard;2;0;200;Cash;Minecraft;;0
SESS-16897;2026-08-02 01:01:14;USR-1535;2006-09-22;M;Standard;2;0;200;Card;CS2;;0
SESS-14824;2026-08-05 16:52:45;USR-1097;2006-04-09;M;VIP;4;0;800;Card;Dota 2;;0
SESS-16124;2026-08-15 11:57:26;USR-1034;1991-12-14;M;PS5;2;0;500;Card;Browser/Work;;0
SESS-13109;2026-08-28 15:19:08;USR-1584;2001-06-10;M;VIP;4;784;720;Card;CS2;4.5;1
SESS-11851;2026-08-28 22:02:16;USR-1035;1998-09-03;M;Bootcamp;5;750;750;App;GTA V;4.5;0
SESS-12143;2026-08-27 22:37:54;USR-1456;2010-01-11;M; Bootcamp ;8;0;800;App;PUBG;4.5;0
SESS-12919;2026-08-22 19:19:37;USR-1043;2012-06-14;F;Bootcamp;3;120;450;Card;Minecraft;;0
SESS-12157;2026-08-11 21:39:14;USR-1373;2010-10-09;M;Standard;2;80;200;App;Minecraft;4.0;0
SESS-12773;2026-08-20 17:46:34;USR-1744;2006-11-06;M;Standard;3;240;300;Card;PUBG;;0
SESS-11292;2026-08-01 18:18:46;USR-1092;2001-05-02;F;PS5;1;160;250;App;Deadlock;;0
SESS-15615;2026-08-09 01:26:52;USR-1049;2011-07-07;M;Bootcamp;3;240;450;Card;Minecraft;4.0;0
SESS-11652;2026-08-27 15:55:29;USR-1178;1998-11-22;M;Standard;4;1400;360;Card;Cyberpunk 2077;;1
SESS-12226;2026-08-15 20:02:27;USR-1370;2005-07-24;M;Standard;2;240;200;Card;CS2;5.0;0
SESS-15801;2026-08-12 15:59:04;USR-1001;2003-04-08;F;PS5;2;0;500;Card;Dota 2;;0
SESS-16412;2026-08-28 19:43:27;USR-1163;2007-06-19;M;Standard;3;0;300;Card;PUBG;;0
SESS-11094;2026-08-25 18:45:24;USR-1475;2006-02-08;F;Standard;4;448;360;App;CS2;;1
SESS-10229;2026-08-03 20:50:42;USR-1073;2012-07-14;F;Standard;3;0;300;Cash;Valorant;4.5;0
SESS-10209;2026-08-23 16:50:01;USR-1052;2011-10-25;M;Bootcamp;1;80;150;Card;CS2;4.5;0
SESS-15876;2026-08-15 18:32:22;USR-1036;2005-06-28;M;Standard;1;0;100;Card;Dota 2;4.5;0
SESS-16525;2026-08-01 12:29:28;USR-1008;2001-12-13;M;Standard;3;0;300;Card;CS2;;0
SESS-14040;2026-08-14 12:53:08;USR-1375;2006-11-03;M;Standard;2;0;200;Card;Dota 2;;0
SESS-15950;2026-08-06 13:43:15;USR-1122;1995-12-05;M;Bootcamp;2;0;270;Card;Cyberpunk 2077;;1
SESS-11408;2026-08-28 20:05:34;USR-1642;2005-07-19;M;Standard;8;0;720;App;Deadlock;4.0;1
SESS-13131;2026-08-04 20:59:30;USR-1067;2011-04-02;M;Bootcamp;1;0;135;App;CS2;;1
SESS-14812;2026-08-23 20:53:45;USR-1129;1993-08-09;F;VIP;3;660;600;App;PUBG;;0
SESS-16839;08/02/2026 19:52:28;USR-1101;2003-05-22;M;Standard;3;336;270;Card;Dota 2;;1
SESS-16132;2026-08-09 09:08:31;USR-1737;2003-07-27;M;VIP;4;1106;720;Card;Apex Legends;;1
SESS-12648;2026-08-21 02:21:14;USR-1197;2009-05-11;F;Standard;2;0;200;App;Dota 2;;0
SESS-14363;2026-08-03 20:27:48;USR-1032;2011-02-27;M;Bootcamp;2;160;300;App;Minecraft;;0
SESS-15882;2026-08-29 01:02:03;USR-1243;2010-02-10;M;Bootcamp;5;400;750;Cash;Valorant;5.0;0
SESS-12527;2026-08-23 20:54:57;USR-1019;2011-02-06;M;Standard;3;336;270;App;Valorant;5.0;1
SESS-12869;2026-08-18 08:03:21;USR-1052;2011-10-25;M;Standard;1;60;100;Cash;Minecraft;;0
SESS-12406;2026-08-08 12:19:12;USR-1489;2008-11-28;M;Bootcamp;2;0;300;Card;Valorant;1.0;0
SESS-15821;2026-08-02 12:30:28;USR-1438;2006-04-14;M;Standard;2;0;200;Card;Dota 2;4.0;0
SESS-11075;2026-08-12 20:04:59;USR-1472;2011-03-03;M;Bootcamp;1;0;150;App;CS2;4.0;0
SESS-10437;2026-08-18 18:28:45;USR-1383;2005-07-14;M;VIP;2;240;400;Card;Dota 2;4.5;0
SESS-14656;2026-08-25 19:39:40;USR-1478;2011-06-28;M;Standard;1;0;100;Cash;Minecraft;;0
SESS-13581;2026-08-01 21:22:20;USR-1086;1990-06-20;M;Bootcamp;1;400;150;Card;GTA V;4.0;0
SESS-14410;2026-08-15 20:06:00;USR-1131;2006-04-07;M;VIP;1;0;200;App;CS2;;0
SESS-15073;2026-08-09 19:47:03;USR-1306;2012-10-21;M;Standard;2;0;200;App;Minecraft;;0
SESS-16264;2026-08-04 14:44:46;USR-1005;2011-10-01;M;VIP;5;0;1000;App;Deadlock;5.0;0
SESS-17194;2026-08-01 17:03:59;USR-1140;2008-06-12;M;Standard;2;320;200;Card;Dota 2;;0
SESS-12854;2026-08-01 15:14:02;USR-1737;2003-07-27;M;VIP;4;470;800;Card;Valorant;5.0;0
SESS-13463;2026-08-27 13:53:52;USR-1077;1996-09-03;M;VIP;2;800;400;Cash;PUBG;;0
SESS-13808;2026-08-01 19:51:45;USR-1078;2002-12-09;M;VIP;2;0;400;App;CS2;;0
SESS-13546;2026-08-25 13:46:52;USR-1680;2011-10-20;M;Standard;2;80;200;App;Deadlock;;0
SESS-10529;2026-08-29 15:26:19;USR-1001;2003-04-08;F;VIP;2;390;400;Card;CS2;2.0;0
SESS-13739;2026-08-02 19:43:05;USR-1512;1999-11-22;M;Standard;5;1750;450;Cash;GTA V;;1
SESS-14397;2026-08-13 19:54:56;USR-1755;2003-05-13;M;Bootcamp;4;0;600;Card;Apex Legends;5.0;0
SESS-16903;2026-08-26 18:26:52;USR-1409;2002-06-19;F;Standard;3;0;300;App;GTA V;;0
SESS-10331;2026-08-21 21:10:33;USR-1479;1997-10-23;M;PS5;1;550;250;Card;Dota 2;4.5;0
SESS-10740;2026-08-29 15:01:34;USR-1042;1997-02-02;M;VIP;1;400;200;Card;PUBG;;0
SESS-11634;2026-08-14 22:45:25;USR-1097;2006-04-09;M;Standard;5;0;500;Cash;Dota 2;5.0;0
SESS-14116;2026-08-21 17:53:11;USR-1129;1993-08-09;F;VIP;3;1050;600;Card;PUBG;5.0;0
SESS-13752;2026-08-26 13:22:20;USR-1106;2010-07-26;M;Bootcamp;1;0;150;App;GTA V;;0
SESS-13980;2026-08-07 16:02:08;USR-1645;2008-11-08;M;Standard;3;672;270;Card;Dota 2;;1
SESS-10283;2026-08-20 14:46:48;USR-1343;2011-12-27;M;Standard;3;251;270;Cash;Apex Legends;;1
SESS-12770;2026-08-03 14:22:08;USR-1551;2008-11-10;M;VIP;3;560;600;Card;CS2;;0
SESS-12469;2026-08-16 22:42:23;USR-1078;2002-12-09;M;Standard;8;0;720;Card;Valorant;;1
SESS-11283;2026-08-14 12:40:58;USR-1136;2004-04-28;M;Standard;5;400;500;Card;Cyberpunk 2077;4.0;0
SESS-12084;2026-08-02 08:46:51;USR-1598;2005-02-28;M;PS5;12;0;3000;Card;Deadlock;;0
SESS-15028;2026-08-09 19:58:06;USR-1001;2003-04-08;F;Bootcamp;4;882;540;Card;CS2;;1
SESS-15790;2026-08-19 20:00:37;USR-1450;2007-09-12;M;PS5;1;120;250;Card;CS2;4.5;0
SESS-16532;2026-08-02 21:12:31;USR-1614;2006-09-16;F;Standard;2;0;200;Card;CS2;4.5;0
SESS-10773;2026-08-22 16:48:17;USR-1588;2008-12-02;F;Standard;1;80;100;Card;Apex Legends;;0
SESS-10256;2026-08-06 02:46:13;USR-1171;2009-11-25;M;Standard;12;0;1200;App;Dota 2;5.0;0
SESS-13385;08/27/2026 16:17:29;USR-1435;2005-08-01;M;Bootcamp;2;240;300;App;Dota 2;4.0;0
SESS-13459;2026-08-24 16:01:31;USR-1049;2011-07-07;M;Standard;2;112;180;Cash;Dota 2;4.0;1
SESS-15880;2026-08-09 23:16:46;USR-1302;2005-06-01;M;VIP;8;0;1600;App;Dota 2;;0
SESS-10479;2026-08-25 19:09:48;USR-1146;2004-01-15;M;Bootcamp;1;0;150;Cash;GTA V;;0
SESS-11530;2026-08-09 14:05:34;USR-1596;1999-12-20;F;Standard;1;0;100;Card;PUBG;3.0;0
SESS-14883;2026-08-11 11:48:19;USR-1094;2004-10-05;M;Standard;3;0;300;App;Dota 2;;0
SESS-15135;2026-08-14 19:06:05;USR-1541;1999-04-05;M;Bootcamp;2;0;300;Card;Dota 2;5.0;0
SESS-16974;2026-08-23 00:07:14;USR-1782;2010-04-06;M;Standard;3;0;300;Card;CS2;4.0;0
SESS-16583;2026-08-10 15:16:06;USR-1262;2012-08-24;F;VIP;2;0;360;Cash;Minecraft;;1
SESS-16109;2026-08-30 09:14:29;USR-1123;2003-11-08;F;Standard;4;672;360;App;CS2;5.0;1
SESS-12092;2026-08-13 11:06:22;USR-1378;1995-11-07;M;Standard;2;360;200;Card;Deadlock;;0
SESS-13995;2026-08-15 22:58:40;USR-1185;2010-03-19;M;Standard;12;0;1080;Cash;Dota 2;;1
SESS-10028;2026-08-21 09:24:21;USR-1652;2011-02-19;M;Standard;4;320;400;App;Minecraft;2.0;0
SESS-13224;2026-08-21 13:07:48;USR-1270;2001-01-19;M;Standard;2;240;200;Card;PUBG;;0
SESS-11999;2026-08-27 20:21:48;USR-1026;2010-02-02;M;Bootcamp;2;0;300;Card;CS2;;0
SESS-10886;2026-08-22 22:41:12;USR-1258;2005-08-21;M;Bootcamp;3;630;450;Card;Dota 2;4.5;0
SESS-15865;2026-08-01 22:53:04;USR-1744;2006-11-06;M;PS5;8;0;2000;Card;Dota 2;;0
SESS-17187;2026-08-29 20:35:34;USR-1356;2007-07-16;M;VIP;3;390;600;Card;Valorant;4.5;0
SESS-13765;2026-08-14 06:18:29;USR-1750;2010-08-03;M;VIP;2;0;400;App;CS2;;0
SESS-14078;2026-08-25 19:34:53;USR-1116;2006-12-01;M;Standard;3;672;270;Card;Dota 2;;1
SESS-12961;2026-08-01 23:37:34;USR-1543;2011-10-08;M;Bootcamp;5;0;750;App;CS2;4.0;0
SESS-15103;2026-08-26 05:48:22;USR-1305;2006-03-14;M;VIP;3;546;540;App;CS2;4.5;1
SESS-10785;2026-08-06 12:34:33;USR-1011;2011-12-14;M;Standard;2;0;200;Card;Minecraft;4.5;0
SESS-12089;2026-08-30 01:36:38;USR-1069;2011-02-16;M;Standard;8;0;800;Card;Dota 2;;0
SESS-17011;2026-08-21 19:31:26;USR-1051;2011-06-02;F;Standard;2;0;200;Cash;Valorant;;0
SESS-13376;2026-08-06 18:12:05;USR-1334;2000-05-11;M;VIP;2;510;400;App;Cyberpunk 2077;;0
SESS-12849;2026-08-19 21:29:54;USR-1509;2008-10-13;F;PS5;1;160;250;Card;Valorant;;0
SESS-11371;2026-08-27 19:17:15;USR-1211;1996-08-25;M;PS5;4;882;900;Card;Dota 2;5.0;1
SESS-15919;2026-08-29 10:45:35;USR-1002;2004-03-01;M;Bootcamp;12;2128;1620;Card;Apex Legends;5.0;1
SESS-16928;2026-08-16 18:48:04;USR-1384;1991-01-08;M;PS5;3;714;675;App;CS2;4.0;1
SESS-14213;2026-08-02 15:44:58;USR-1477;2011-04-26;M;Standard;5;200;500;App;Deadlock;4.0;0
SESS-11183;2026-08-15 11:01:54;USR-1090;2004-08-10;M;Standard;4;640;400;App;Dota 2;4.0;0
SESS-10547;2026-08-25 02:10:40;USR-1079;2008-08-05;M;Standard;1;0;100;Card;CS2;;0
SESS-16700;2026-08-29 16:40:19;USR-1174;1996-03-09;M;PS5;3;923;675;Card;CS2;;1
SESS-16479;2026-08-09 14:39:30;USR-1066;2011-12-15;M;VIP;5;420;900;Card;Minecraft;;1
SESS-13325;2026-08-13 09:59:00;USR-1648;2007-03-17;M;VIP;2;0;360;Cash;Deadlock;4.0;1
SESS-13734;2026-08-29 20:47:12;USR-1205;2009-07-03;M;Bootcamp;3;0;450;Cash;Minecraft;;0
SESS-16574;2026-08-30 19:05:50;USR-1649;1994-10-11;M;Standard;3;0;300;App;GTA V;;0
SESS-11161;2026-08-15 10:57:37;USR-1036;2005-06-28;M;PS5;1;160;250;Card;Dota 2;;0
SESS-15385;2026-08-24 10:06:57;USR-1220;2007-07-24;F;Standard;4;0;400;App;CS2;4.0;0
SESS-12654;2026-08-04 15:47:59;USR-1543;2011-10-08;M;Standard;5;280;450;Cash;Minecraft;4.5;1
SESS-11740;2026-08-21 16:39:35;USR-1751;1997-10-14;M;VIP;3;690;600;Card;Cyberpunk 2077;4.5;0
SESS-11836;2026-08-25 18:45:05;USR-1620;2007-03-28;F;PS5;2;320;500;Card;Dota 2;5.0;0
SESS-13651;2026-08-25 09:57:39;USR-1525;2010-02-24;M;Standard;2;0;200;Cash;Valorant;;0
SESS-14157;2026-08-14 14:07:04;USR-1370;2005-07-24;M;Bootcamp;2;470;300;App;PUBG;;0
SESS-12375;2026-08-04 20:50:25;USR-1150;2004-01-17;F;Bootcamp;2;240;300;Card;Minecraft;5.0;0
SESS-15956;2026-08-29 14:33:56;USR-1152;2006-12-04;M;PS5;1;80;250;App;CS2;4.5;0
SESS-16046;2026-08-01 16:11:24;USR-1223;2008-01-18;F;Standard;2;336;180;Card;Dota 2;;1
SESS-15030;2026-08-12 17:56:04;USR-1588;2008-12-02;F;Standard;3;240;300;App;Cyberpunk 2077;4.5;0
SESS-11615;2026-08-10 20:42:10;USR-1096;2008-05-14;M;Standard;3;480;300;Card;Valorant;;0
SESS-13073;2026-08-21 13:27:26;USR-1041;2011-07-28;M;Standard;2;120;200;Card;Minecraft;4.0;0
SESS-10255;2026-08-07 18:11:36;USR-1437;2007-10-20;M;Standard;3;360;300;Card;Dota 2;;0
SESS-12909;2026-08-14 19:42:02;USR-1395;2006-05-19;F;Standard;5;0;500;Card;Valorant;;0
SESS-16047;2026-08-01 10:41:32;USR-1023;2010-02-02;M;Standard;3;0;300;Cash;CS2;;0
SESS-15299;2026-08-01 14:38:10;USR-1392;2007-10-22;M;PS5;4;448;900;App;Dota 2;;1
SESS-11139;2026-08-02 13:18:53;USR-1762;1998-10-04;M;VIP;4;1150;800;Card;Dota 2;5.0;0
SESS-11701;2026-08-23 09:31:28;USR-1142;1886-09-20;M;Standard;999;1344;1080;Card;Minecraft;5.0;1
SESS-14808;2026-08-20 18:25:29;USR-1086;1990-06-20;M;PS5;2;0;500;App;Cyberpunk 2077;;0
SESS-17028;2026-08-19 19:45:27;USR-1425;2011-03-08;M;VIP;3;336;540;Card;Dota 2;;1
SESS-10919;2026-08-29 22:10:50;USR-1262;2012-08-24;F;Bootcamp;12;0;1800;App;Minecraft;;0
SESS-10238;2026-08-02 12:35:22;USR-1132;2007-03-22;M;VIP;2;0;400;App;CS2;;0
SESS-11347;2026-08-02 14:08:45;USR-1242;1999-05-25;M;VIP;4;1150;800;Card;Valorant;;0
SESS-13368;2026-08-27 14:19:49;USR-1263;2010-11-06;M;Standard;5;400;500;App;Minecraft;4.0;0
SESS-10308;2026-08-23 17:13:59;USR-1182;2011-02-24;M;Standard;3;336;270;Card;Dota 2;3.0;1
SESS-12007;2026-08-26 21:00:44;USR-1007;1995-11-02;F;VIP;3;0;600;Card;Cyberpunk 2077;5.0;0
SESS-13601;2026-08-24 15:11:42;USR-1371;2012-08-02;M;Standard;8;0;800;Card;CS2;4.0;0
SESS-11612;2026-08-18 13:09:30;USR-1101;2003-05-22;M;Bootcamp;4;1106;540;Card;CS2;;1
SESS-12706;2026-08-23 18:04:58;USR-1149;2003-10-27;M;Bootcamp;2;400;300;Card;Valorant;4.5;0
SESS-16685;2026-08-09 22:21:22;USR-1169;2005-04-02;M;Bootcamp;8;1040;1200;Card;CS2;4.0;0
SESS-12357;2026-08-28 19:54:43;USR-1081;1997-02-08;F;PS5;1;480;250;Card;Deadlock;;0
SESS-12543;2026-08-23 16:55:27;USR-1639;2002-02-23;M;VIP;3;0;540;Card;CS2;4.5;1
SESS-10184;2026-08-26 16:30:49;USR-1549;2002-09-27;M;Bootcamp;1;224;135;App;CS2;;1
SESS-13016;2026-08-25 16:48:19;USR-1708;2008-01-09;M;Standard;4;320;400;Card;CS2;;0
SESS-11387;2026-08-08 16:58:51;USR-1579;2002-06-14;M;Standard;4;320;400;Card;Dota 2;3.0;0
SESS-12540;2026-08-10 23:48:37;USR-1634;2006-12-21;F;Standard;8;0;800;App;Dota 2;;0
SESS-11179;2026-08-26 18:31:07;USR-1059;2010-04-18;M;VIP;1;0;200;App;Valorant;;0
SESS-15505;2026-08-29 20:46:04;USR-1116;2006-12-01;M;Bootcamp;2;240;300;App;CS2;4.0;0
SESS-13476;2026-08-22 14:24:09;USR-1561;2008-08-16;M;Standard;5;800;500;Cash;Dota 2;;0
SESS-17002;2026-08-30 18:13:33;USR-1580;1996-10-04;M;PS5;2;660;500;Card;Deadlock;;0
SESS-15476;2026-08-10 21:17:21;USR-1153;2008-06-09;M;Standard;2;320;200;Card;Cyberpunk 2077;4.0;0
SESS-10789;2026-08-01 14:56:31;USR-1793;2010-06-15;M;Bootcamp;2;112;270;App;Valorant;;1
SESS-11942;2026-08-07 16:02:33;USR-1159;2003-06-05;M;Bootcamp;1;160;150;App;Dota 2;4.5;0
SESS-11174;2026-08-08 17:53:52;USR-1611;2011-11-18;M;Bootcamp;2;112;270;App;Minecraft;;1
SESS-10646;2026-08-13 00:57:16;USR-1081;1997-02-08;F;PS5;5;1400;1250;Card;PUBG;;0
SESS-12107;2026-08-11 14:27:10;USR-1441;2009-01-06;M;Standard;2;0;180;Card;CS2;;1
SESS-16403;2026-08-28 16:45:51;USR-1113;2010-05-22;M;PS5;4;0;900;App;Dota 2;;1
SESS-14279;2026-08-14 19:22:45;USR-1426;2011-10-06;M;Standard;4;0;360;App;CS2;;1
SESS-16095;2026-08-22 01:43:54;USR-1670;2005-09-01;M;VIP;12;0;2400;Card;CS2;4.5;0
SESS-12411;2026-08-14 19:21:15;USR-1557;2010-11-22;M;Standard;2;120;200;App;Minecraft;5.0;0
SESS-17075;2026-08-03 19:17:23;USR-1047;2004-05-25;M;Standard;4;640;400;Card;Dota 2;;0
SESS-17092;2026-08-19 18:22:04;USR-1386;2007-09-05;M;Standard;2;240;200;Card;CS2;4.0;0
SESS-11453;2026-08-29 11:04:18;USR-1500;2008-06-21;M;Bootcamp;1;322;135;Card;Cyberpunk 2077;;1
SESS-15116;2026-08-03 13:03:21;USR-1417;2011-07-24;M;Bootcamp;1;0;150;Card;Minecraft;;0
SESS-14342;2026-08-16 22:02:26;USR-1704;2005-03-07;M;Bootcamp;8;0;1200;Card;CS2;5.0;0
SESS-12063;2026-08-07 22:38:10;USR-1273;2006-11-11;M;Bootcamp;12;0;1620;Card;Dota 2;4.5;1
SESS-16520;2026-08-29 22:08:02;USR-1737;2003-07-27;M;VIP;12;0;2400;Card;Dota 2;5.0;0
SESS-12658;2026-08-02 19:24:15;USR-1358;1999-07-08;M;VIP;1;480;200;App;PUBG;4.0;0
SESS-12028;2026-08-23 20:48:38;USR-1366;2005-06-22;M;Standard;2;0;200;App;Dota 2;;0
SESS-15782;2026-08-09 15:20:37;USR-1232;2006-06-17;M;PS5;2;240;500;Card;Valorant;4.0;0
SESS-13045;2026-08-01 22:08:54;USR-1799;2010-11-20;M;Standard;8;480;800;Card;CS2;;0
SESS-13698;2026-08-14 01:06:07;USR-1683;2010-08-17;M;Standard;8;320;800;Cash;CS2;;0
SESS-11659;2026-08-14 11:04:52;USR-1105;2004-04-12;M;Bootcamp;8;1903;1080;Card;CS2;;1
SESS-13744;2026-08-03 16:32:41;USR-1117;2006-12-19;M;Standard;3;240;300;Cash;Dota 2;;0
SESS-16794;2026-08-05 09:09:05;USR-1103;2008-10-01;M;Bootcamp;2;400;300;Card;CS2;4.5;0
SESS-14667;2026-08-24 18:28:31;USR-1667;1992-07-17;M;PS5;2;546;450;App;Browser/Work;;1
SESS-12920;2026-08-05 23:50:25;USR-1673;1991-07-10;M;Standard;5;0;500;Card;PUBG;;0
SESS-12260;2026-08-09 17:09:39;USR-1521;1993-06-01;M;Bootcamp;4;882;540;Card;Cyberpunk 2077;5.0;1
SESS-11472;2026-08-22 12:56:10;USR-1108;2002-06-14;M;VIP;3;510;600;App;Valorant;5.0;0
SESS-11339;2026-08-16 20:40:54;USR-1630;2006-11-06;M;VIP;2;0;400;Card;Dota 2;4.5;0
SESS-14506;2026-08-30 00:43:02;USR-1523;2006-10-11;M;VIP;3;0;600;App;Apex Legends;;0
SESS-10107;2026-08-24 12:50:54;USR-1477;2011-04-26;M;Standard;3;180;300;App;Minecraft;;0
SESS-12110;2026-08-02 17:26:10;USR-1152;2006-12-04;M;Standard;4;0;360;App;Apex Legends;;1
SESS-11375;2026-08-16 17:58:38;USR-1614;2006-09-16;F;Standard;4;640;400;Card;Valorant;4.5;0
SESS-14991;2026-08-28 16:39:44;USR-1054;2008-05-14;M;VIP;2;320;400;App;CS2;;0
SESS-11611;2026-08-04 23:13:23;USR-1779;1991-03-12;M;VIP;8;2150;1600;Card;CS2;5.0;0
SESS-15773;2026-08-30 16:55:58;USR-1475;2006-02-08;F;VIP;2;434;360;App;CS2;;1
SESS-13484;2026-08-14 21:24:55;USR-1244;2005-04-18;M;VIP;1;0;200;App;Valorant;;0
SESS-10516;2026-08-05 23:01:42;USR-1743;2005-12-14;M;Standard;5;400;500;App;Valorant;;0
SESS-11934;2026-08-09 15:10:37;USR-1367;2011-04-14;M;PS5;1;60;250;App;Minecraft;;0
SESS-17120;2026-08-21 17:48:46;USR-1049;2011-07-07;M;Standard;3;0;270;Card;Minecraft;;1
SESS-15273;2026-08-25 20:37:13;USR-1060;1993-12-16;M;VIP;3;900;600;Cash;PUBG;;0
SESS-13095;2026-08-15 16:13:28;USR-1323;2004-06-11;F;Standard;2;160;200;Card;CS2;5.0;0
SESS-12491;2026-08-15 22:00:11;USR-1703;2010-05-17;M;Standard;2;0;200;Cash;PUBG;5.0;0
SESS-12874;2026-08-07 14:11:13;USR-1545;2007-06-27;M;Bootcamp;2;546;270;App;Deadlock;;1
SESS-16578;2026-08-01 15:58:31;USR-1440;2008-07-19;M;Standard;2;320;200;App;Deadlock;;0
SESS-14301;2026-08-15 18:31:54;USR-1389;2007-04-01;M;Bootcamp;1;200;150;App;Valorant;;0
SESS-14511;2026-08-22 20:57:12;USR-1116;2006-12-01;M;Standard;3;0;300;App;Minecraft;2.0;0
SESS-11866;2026-08-30 23:24:29;USR-1362;2011-09-08;M;Bootcamp;12;960;1800;App;Dota 2;5.0;0
SESS-17104;2026-08-12 07:05:32;USR-1362;2011-09-08;M;Standard;5;0;500;App;Minecraft;4.0;0
SESS-12873;2026-08-14 07:04:45;USR-1247;2004-06-02;M;Standard;2;160;200;App;Valorant;;0
SESS-10366;2026-08-01 20:07:24;USR-1793;2010-06-15;M;Bootcamp;3;0;405;App;CS2;;1
SESS-12339;2026-08-25 20:20:29;USR-1006;2007-06-18;M;Standard;5;0;450;App;Deadlock;4.5;1
SESS-14785;2026-08-25 17:48:44;USR-1022;2012-11-14;F;Standard;3;0;300;App;CS2;4.0;0
SESS-10112;2026-08-23 21:43:45;USR-1293;2006-06-03;M;VIP;1;200;200;App;CS2;;0
SESS-15094;2026-08-08 14:47:07;USR-1189;2005-10-07;M;Bootcamp;3;390;450;Card;CS2;;0
SESS-11676;2026-08-06 17:20:41;USR-1543;2011-10-08;M;Standard;2;0;200;App;GTA V;4.0;0
SESS-12989;2026-08-10 18:27:32;USR-1040;1991-03-07;M;PS5;4;0;900;Card;Cyberpunk 2077;;1
SESS-12768;2026-08-21 18:28:25;USR-1054;2008-05-14;M;Standard;3;0;270;Card;CS2;4.0;1
SESS-10595;2026-08-03 16:56:50;USR-1415;2011-12-24;M;VIP;4;320;800;App;CS2;4.5;0
SESS-14589;2026-08-08 18:00:26;USR-1162;2010-06-16;M;Standard;3;251;270;Card;Valorant;4.5;1
SESS-12743;2026-08-04 12:22:56;USR-1633;2004-01-26;M;PS5;3;0;750;Card;Valorant;4.5;0
SESS-14396;2026-08-01 19:37:13;USR-1070;2008-04-24;M;PS5;2;240;500;Card;Dota 2;4.5;0
SESS-10450;2026-08-29 17:23:48;USR-1225;2010-05-04;M;Bootcamp;1;0;150;;Dota 2;;0
SESS-10219;2026-08-29 13:00:38;USR-1003;2010-11-08;M;Standard;5;0;450;App;CS2;5.0;1
SESS-12952;2026-08-27 13:35:08;USR-1694;2005-10-01;M;Standard;2;0;200;Card;Dota 2;;0
SESS-15440;2026-08-10 18:29:36;USR-1720;2012-03-11;M;Standard;5;0;500;Cash;CS2;;0
SESS-14096;2026-08-23 15:28:45;USR-1605;1996-02-16;M;Standard;2;0;200;Card;Browser/Work;;0
SESS-16076;2026-08-22 16:59:11;USR-1153;2008-06-09;M;Bootcamp;1;0;150;App;Deadlock;4.0;0
SESS-14059;2026-08-18 17:09:58;USR-1796;2005-09-24;M;VIP;12;2898;2160;App;CS2;4.5;1
SESS-12425;2026-08-10 19:08:34;USR-1538;2003-03-28;M;Standard;1;160;100;Card;Deadlock;4.0;0
SESS-16224;2026-08-16 19:40:30;USR-1047;2004-05-25;M;Standard;4;320;400;Card;Dota 2;;0
SESS-10102;2026-08-17 15:53:38;USR-1137;1993-02-24;M;Standard;4;1007;360;Card;CS2;;1
SESS-16770;2026-08-22 17:49:23;USR-1026;2010-02-02;M;Bootcamp;1;0;150;App;CS2;;0
SESS-13658;2026-08-08 13:26:14;USR-1058;2008-11-03;M;Bootcamp;2;470;300;Card;Valorant;4.5;0
SESS-15732;2026-08-17 18:27:10;USR-1150;2004-01-17;F;VIP;4;1106;720;Card;Dota 2;;1
SESS-14470;2026-08-23 16:07:24;USR-1582;2005-05-22;F;VIP;2;0;400;Card;Valorant;5.0;0
SESS-17111;2026-08-13 10:00:36;USR-1053;1994-03-24;M;Standard;4;480;400;Card;CS2;;0
SESS-10288;2026-08-13 02:19:08;USR-1217;2004-06-24;M;Bootcamp;5;1050;675;App;Valorant;4.0;1
SESS-17038;2026-08-30 15:26:59;USR-1515;2007-10-27;F;Standard;8;0;720;Card;CS2;;1
SESS-14674;2026-08-16 16:16:47;USR-1566;2006-07-16;M;Standard;3;480;300;Card;Dota 2;;0
SESS-15629;2026-08-29 16:26:29;USR-1798;2005-01-26;F;VIP;2;336;360;Card;CS2;;1
SESS-15324;2026-08-15 23:39:48;USR-1203;2008-12-03;M;Standard;8;640;800;Card;Deadlock;;0
SESS-16158;2026-08-01 00:49:24;USR-1381;2007-09-03;F;Standard;5;400;500;App;Dota 2;4.0;0
SESS-14782;2026-08-08 09:35:14;USR-1145;2003-05-21;M;Standard;2;240;200;Card;Deadlock;;0
SESS-12121;2026-08-14 15:13:09;USR-1143;2006-07-15;F;Standard;3;480;300;App;CS2;4.0;0
SESS-17131;2026-08-31 16:45:35;USR-1596;1999-12-20;F;VIP;1;0;200;App;Cyberpunk 2077;;0
SESS-15058;2026-08-04 13:25:37;USR-1423;1989-04-26;M;VIP;2;650;400;Card;Dota 2;4.5;0
SESS-14251;2026-08-16 19:56:37;USR-1142;2009-05-05;M;Bootcamp;4;0;600;Cash;Dota 2;;0
SESS-13760;2026-08-02 15:38:21;USR-1609;1999-09-26;M;PS5;2;0;500;App;Cyberpunk 2077;4.5;0
SESS-11589;2026-08-06 19:20:37;USR-1605;1996-02-16;M;Bootcamp;3;0;450;Card;CS2;;0
SESS-13552;2026-08-14 01:23:03;USR-1123;2003-11-08;F;Standard;8;960;800;Card;Valorant;;0
SESS-14326;2026-08-07 16:59:05;USR-1128;2007-05-19;M;VIP;3;546;540;Card;CS2;;1
SESS-16045;2026-08-30 09:34:43;USR-1147;2010-04-19;M;Standard;2;0;200;App;CS2;3.0;0
SESS-10486;2026-08-18 16:05:20;USR-1053;1994-03-24;M;VIP;3;1470;540;Card;Dota 2;;1
SESS-16228;2026-08-24 10:04:43;USR-1203;2008-12-03;M;Standard;2;0;200;App;CS2;;0
SESS-13295;2026-08-18 21:52:11;USR-1298;2012-11-10;F;Standard;2;0;200;App;CS2;;0
SESS-10883;2026-08-23 17:13:29;USR-1158;1993-07-18;M;VIP;1;480;200;Card;Dota 2;;0
SESS-15348;2026-08-15 18:13:55;USR-1313;1989-06-14;M;VIP;4;780;800;Card;CS2;;0
SESS-13755;2026-08-18 00:02:42;USR-1165;1997-06-23;M;VIP;8;1740;1600;Card;GTA V;3.0;0
SESS-11354;2026-08-30 18:31:19;USR-1028;2005-02-10;M;VIP;2;240;400;Card;CS2;;0
SESS-14646;2026-08-05 15:14:12;USR-1469;1995-12-27;M;VIP;5;0;900;Card;CS2;4.5;1
SESS-11413;2026-08-15 18:06:12;USR-1473;2008-09-08;F;VIP;5;951;900;Card;CS2;4.5;1
SESS-12427;2026-08-03 14:13:20;USR-1639;2002-02-23;M;VIP;4;560;720;App;Dota 2;3.0;1
SESS-15668;2026-08-16 23:21:26;USR-1271;2010-06-01;M;Standard;8;672;720;App;CS2;4.0;1
SESS-15434;2026-08-28 15:08:45;USR-1323;2004-06-11;Женский;VIP;8;0;1600;Card;Minecraft;5.0;0
SESS-15613;2026-08-08 19:15:55;USR-1637;2005-08-14;M;VIP;2;0;400;Card;CS2;;0
SESS-10708;2026-08-26 20:17:15;USR-1751;1997-10-14;M;VIP;3;1260;540;Card;Dota 2;5.0;1
SESS-11575;2026-08-01 13:32:32;USR-1274;2011-10-23;M;Bootcamp;2;0;300;Cash;Minecraft;2.0;0
SESS-14844;2026-08-21 00:09:24;USR-1436;2006-04-01;M;Bootcamp;5;0;750;Card;CS2;4.5;0
SESS-15843;2026-08-06 00:32:59;USR-1764;2003-03-20;M;Bootcamp;12;0;1620;Card;CS2;5.0;1
SESS-14090;2026-08-08 18:09:45;USR-1205;2009-07-03;M;VIP;2;0;360;Cash;Dota 2;4.5;1
SESS-14881;2026-08-16 14:44:11;USR-1693;2005-08-06;M;Standard;1;0;100;Cash;CS2;;0
SESS-16954;2026-08-07 16:31:18;USR-1553;2002-05-22;M;Standard;2;448;180;App;Cyberpunk 2077;;1
SESS-16294;2026-08-08 23:41:01;USR-1061;2004-03-24;M;Standard;5;800;500;Cash;Dota 2;4.0;0
SESS-16640;2026-08-01 16:58:07;USR-1050;2008-12-03;ж;VIP;4;560;720;Card;CS2;5.0;1
SESS-12137;2026-08-09 10:29:38;USR-1156;2012-02-05;F;Standard;1;40;100;Card;Dota 2;;0
SESS-15967;2026-08-02 00:27:44;USR-1039;2004-10-18;M;Standard;8;1280;800;Card;CS2;4.0;0
SESS-13417;2026-08-08 17:53:47;USR-1502;2011-10-20;F;Standard;5;300;500;Cash;Minecraft;4.5;0
SESS-13157;2026-08-03 16:30:43;USR-1201;2006-07-13;M;Standard;2;0;200;Card;CS2;;0
SESS-12631;2026-08-31 15:57:47;USR-1088;1992-02-13;M;VIP;1;480;200;Card;CS2;5.0;0
SESS-10085;2026-08-02 13:32:02;USR-1705;2007-07-15;M;Standard;2;0;200;Cash;Dota 2;;0
SESS-14899;2026-08-27 22:50:45;USR-1547;2006-11-17;M;Bootcamp;5;0;675;App;Dota 2;3.0;1
SESS-13440;2026-08-14 12:34:34;USR-1116;2006-12-01;M;VIP;2;390;400;Card;Deadlock;;0
SESS-14760;2026-08-29 19:47:27;USR-1768;2005-01-16;F;Bootcamp;3;0;450;Card;Valorant;;0
SESS-10875;2026-08-22 12:05:01;USR-1135;2008-12-16;M;Bootcamp;2;240;300;App;Dota 2;;0
SESS-12053;2026-08-01 08:44:09;USR-1290;2006-10-02;1;Bootcamp;1;200;150;Cash;CS2;;0
SESS-14429;2026-08-27 16:21:33;USR-1732;2012-08-25;M;Standard;2;160;200;App;CS2;4.0;0
SESS-11873;2026-08-11 06:05:14;USR-1046;2009-12-16;M;Standard;2;120;200;App;Dota 2;;0
SESS-15934;2026-08-06 11:24:00;USR-1045;2006-09-28;M;VIP;8;2001;1440;Card;Valorant;4.0;1
SESS-11675;2026-08-25 00:01:31;USR-1164;2005-09-09;M;Standard;8;0;800;Card;PUBG;5.0;0
SESS-15808;2026-08-12 18:32:54;USR-1002;2004-03-01;M;VIP;2;390;400;Card;Dota 2;4.5;0
SESS-14370;2026-08-05 19:20:45;USR-1253;2003-02-16;M;PS5;2;320;500;App;Valorant;;0
SESS-13118;2026-08-29 14:33:21;USR-1062;1998-04-23;M;PS5;3;0;750;Card;Dota 2;;0
SESS-12927;2026-08-02 22:07:01;USR-1529;2007-02-11;F;Standard;8;0;720;Card;CS2;4.5;1
SESS-10764;2026-08-29 17:48:54;USR-1034;1991-12-14;M;VIP;4;882;720;Card;Cyberpunk 2077;;1
SESS-13970;2026-08-27 21:29:38;USR-1736;2005-11-20;M;Bootcamp;2;0;300;App;Dota 2;4.5;0
SESS-13209;2026-08-20 16:14:23;USR-1009;2004-06-03;M;Bootcamp;2;546;270;Card;Valorant;;1
SESS-15145;2026-08-01 02:58:04;USR-1179;2005-05-23;M;VIP;12;1040;2400;App;CS2;4.5;0
SESS-15908;2026-08-03 14:45:38;USR-1389;2007-04-01;M;Bootcamp;1;310;150;Card;Valorant;;0
SESS-13214;2026-08-30 11:56:05;USR-1157;2011-01-17;M;Standard;3;120;300;Cash;Minecraft;4.0;0
SESS-13603;2026-08-13 01:29:50;USR-1475;2006-02-08;F;Standard;8;1280;800;Card;Valorant;4.5;0
SESS-11971;2026-08-04 21:07:42;USR-1511;2006-12-18;M;VIP;8;1040;1600;Card;Valorant;4.5;0
SESS-12103;2026-08-25 22:57:16;USR-1118;2006-10-19;F;Standard;5;400;500;Cash;CS2;4.5;0
SESS-13179;2026-08-22 12:34:58;USR-1069;2011-02-16;M;Standard;3;0;300;Card;Minecraft;;0
SESS-15154;2026-08-10 16:21:04;USR-1210;2004-11-18;M;Standard;1;0;100;App;PUBG;;0
SESS-13661;2026-08-02 21:32:43;USR-1296;2004-12-18;M;Standard;2;240;200;Card;CS2;;0
SESS-12924;2026-08-10 12:03:41;USR-1413;1995-02-13;M;PS5;4;780;1000;Card;Cyberpunk 2077;4.0;0
SESS-11450;2026-08-03 00:30:23;USR-1286;2006-07-18;M;VIP;2;0;400;Cash;Valorant;;0
SESS-15797;2026-08-20 11:14:32;USR-1560;2007-10-17;M;Standard;2;320;200;Card;Apex Legends;;0
SESS-12003;2026-08-21 15:40:23;USR-1644;2010-12-18;M;Bootcamp;1;40;150;Cash;CS2;4.0;0
SESS-12789;2026-08-14 20:56:58;USR-1391;2005-06-01;M;Standard;3;503;270;Card;Apex Legends;;1
SESS-11518;2026-08-20 11:28:57;USR-1277;1999-11-08;M;VIP;3;0;600;Card;Dota 2;;0
SESS-15584;2026-08-26 00:18:01;USR-1749;2010-12-14;M;Standard;3;336;270;Cash;CS2;;1
SESS-13919;2026-08-21 14:28:49;USR-1047;2004-05-25;M;VIP;3;510;600;Card;CS2;;0
SESS-11403;2026-08-26 16:58:15;USR-1034;1991-12-14;M;VIP;1;0;180;Card;Dota 2;;1
SESS-15140;2026-08-01 13:18:35;USR-1310;2001-03-17;M;Standard;3;336;270;App;GTA V;;1
SESS-13955;2026-08-15 19:31:34;USR-1105;2004-04-12;M;Standard;3;336;270;App;Deadlock;3.0;1
SESS-15449;2026-08-07 12:04:03;USR-1347;2006-01-17;F;Standard;8;640;800;Card;CS2;4.0;0
SESS-14600;2026-08-29 13:09:23;USR-1032;2011-02-27;M;Standard;8;480;800;Cash;GTA V;5.0;0
SESS-12549;2026-08-11 01:04:01;USR-1084;2006-01-24;M;Standard;12;960;1200;Cash;Valorant;4.0;0
SESS-13074;2026-08-09 18:03:01;USR-1540;2005-12-23;M;PS5;2;160;500;Card;CS2;;0
SESS-16517;2026-08-26 14:40:42;USR-1638;2004-09-21;M;Standard;2;240;200;Card;CS2;4.0;0
SESS-17059;2026-08-26 15:32:49;USR-1079;2008-08-05;M;Bootcamp;4;784;540;Card;CS2;5.0;1
SESS-17212;2026-08-18 12:07:54;USR-1378;1995-11-07;M;Standard;1;120;100;Card;CS2;;0
SESS-14786;2026-08-21 19:29:27;USR-1668;2010-11-14;M;Standard;2;224;180;App;Deadlock;;1
SESS-14955;2026-08-06 18:27:03;USR-1203;2008-12-03;M;VIP;2;0;400;Card;PUBG;;0
SESS-11159;2026-08-28 21:01:55;USR-1727;1996-03-17;M;Bootcamp;2;660;300;Card;PUBG;;0
SESS-11237;2026-08-15 18:51:49;USR-1764;2003-03-20;M;VIP;1;230;200;Card;Deadlock;5.0;0
SESS-11962;2026-08-27 16:30:52;USR-1022;2012-11-14;F;Standard;2;0;200;Card;CS2;4.0;0
SESS-16895;2026-08-29 16:27:39;USR-1635;2002-04-25;F;Bootcamp;1;310;150;App;CS2;4.0;0
SESS-13827;2026-08-01 18:47:35;USR-1056;2002-03-26;M;Bootcamp;3;0;450;App;CS2;4.5;0
SESS-12507;2026-08-05 19:20:59;USR-1154;1987-12-02;M;PS5;1;420;250;App;Deadlock;;0
SESS-14801;2026-08-28 02:51:23;USR-1158;1993-07-18;M;Bootcamp;1;560;135;Card;CS2;4.0;1
SESS-16749;2026-08-03 21:23:09;USR-1417;2023-06-15;M;Standard;-2;80;100;Cash;PUBG;4.5;0
SESS-15823;2026-08-18 10:52:08;USR-1107;1989-06-02;F;VIP;3;965;540;Card;CS2;4.0;1
SESS-16699;2026-08-28 16:11:45;USR-1068;2011-11-23;F;Standard;1;0;100;App;Valorant;;0
SESS-10240;2026-08-15 00:22:40;USR-1039;2004-10-18;M;Standard;8;1344;720;Card;Dota 2;4.5;1
SESS-14707;2026-08-27 21:42:57;USR-1265;2010-09-20;f;Standard;3;0;300;Card;GTA V;;0
SESS-15041;2026-08-15 01:31:38;USR-1091;2004-01-15;M;Bootcamp;8;0;1200;Cash;Deadlock;5.0;0
SESS-11830;2026-08-15 23:36:23;USR-1335;2011-03-17;M;PS5;5;400;1250;Cash;Minecraft;;0
SESS-12601;2026-08-18 15:02:25;USR-1681;2006-06-11;M;Standard;3;0;300;Card;Dota 2;;0
SESS-16748;2026-08-19 16:39:56;USR-1051;2011-06-02;F;Standard;3;180;300;Cash;CS2;5.0;0
SESS-10200;2026-08-16 21:09:10;USR-1450;2007-09-12;M;Bootcamp;4;0;600;Card;Valorant;2.0;0
SESS-12782;2026-08-28 20:45:06;USR-1693;2005-08-06;M;Standard;1;160;100;Card;Valorant;;0
SESS-10243;2026-08-22 13:32:07;USR-1178;1998-11-22;M;VIP;4;780;800;Card;GTA V;;0
SESS-10179;2026-08-23 17:05:23;USR-1125;2006-07-09;F;VIP;2;0;400;App;CS2;5.0;0
SESS-10958;2026-08-14 21:17:46;USR-1541;1999-04-05;M;PS5;1;0;250;Card;GTA V;;0
SESS-14105;2026-08-01 11:52:25;USR-1745;2012-10-05;F;PS5;4;224;900;App;Dota 2;5.0;1
SESS-14002;2026-08-02 14:57:38;USR-1045;2006-09-28;M;Standard;1;168;90;Card;Deadlock;5.0;1
SESS-14695;2026-08-17 00:32:13;USR-1572;1994-06-18;M;VIP;8;1764;1440;App;Dota 2;5.0;1
SESS-10027;2026-08-01 09:25:25;USR-1732;2012-08-25;M;Bootcamp;1;56;135;App;Deadlock;;1
SESS-10810;2026-08-04 15:43:20;USR-1481;1992-12-08;F;VIP;2;0;400;Card;Deadlock;;0
SESS-14548;2026-08-04 16:53:12;USR-1349;2010-10-21;M;VIP;3;0;540;Card;Minecraft;4.0;1
SESS-16950;2026-08-06 12:27:58;USR-1156;2012-02-05;F;VIP;2;160;400;Card;GTA V;;0
SESS-11132;2026-08-19 20:07:19;USR-1621;2006-03-17;M;Standard;1;160;100;Card;CS2;;0
SESS-12060;2026-08-05 20:11:19;USR-1558;2010-10-16;M;Standard;4;160;400;App;Valorant;;0
SESS-13089;2026-08-16 20:23:22;USR-1038;2010-06-02;M;Bootcamp;3;0;405;Cash;PUBG;;1
SESS-14375;2026-08-18 13:35:42;USR-1379;2011-08-24;F;VIP;4;160;800;App;CS2;4.0;0
SESS-14500;2026-08-22 19:52:33;USR-1108;2002-06-14;M;Standard;5;0;500;Card;Valorant;5.0;0
SESS-13605;2026-08-30 22:21:28;USR-1671;1996-03-14;M;Standard;2;0;200;App;Cyberpunk 2077;;0
SESS-12693;2026-08-21 19:30:24;USR-1350;2012-11-16;M;Bootcamp;2;0;300;App;Minecraft;4.5;0
SESS-10099;2026-08-09 18:45:54;USR-1067;2011-04-02;M;Standard;2;0;180;Cash;CS2;;1
SESS-16584;2026-08-04 21:14:57;USR-1026;2010-02-02;M;PS5;8;0;2000;App;Minecraft;5.0;0
SESS-11787;2026-08-23 19:57:57;USR-1130;2008-05-01;F;VIP;5;0;1000;Cash;PUBG;4.0;0
SESS-12691;2026-08-18 12:34:53;USR-1470;2009-07-10;M;Standard;3;120;300;Cash;Minecraft;5.0;0
SESS-12662;2026-08-09 17:22:24;USR-1064;2004-07-08;M;Bootcamp;3;0;450;Card;Dota 2;4.0;0
SESS-16052;2026-08-29 12:29:42;USR-1118;2006-10-19;F;Bootcamp;8;0;1200;Card;CS2;;0
SESS-10309;2026-08-13 19:01:14;USR-1124;2004-09-24;M;Bootcamp;4;790;600;Card;Dota 2;4.5;0
SESS-12291;2026-08-11 14:50:16;USR-1016;2003-01-07;M;Standard;1;160;100;App;Valorant;;0
SESS-15047;2026-08-23 12:26:56;USR-1047;2004-05-25;M;Standard;2;160;200;Card;PUBG;;0
SESS-11880;2026-08-12 19:51:06;USR-1045;2006-09-28;M;Bootcamp;3;390;450;App;Valorant;4.0;0
SESS-15593;2026-08-07 09:21:57;USR-1123;2003-11-08;F;PS5;4;448;900;Card;CS2;;1
SESS-15215;2026-08-12 22:19:47;USR-1142;2009-05-05;M;PS5;12;1007;2700;Cash;Minecraft;;1
SESS-15124;2026-08-07 18:25:19;USR-1648;2007-03-17;M;Bootcamp;5;0;675;Card;Dota 2;;1
SESS-12834;2026-08-15 14:27:46;USR-1512;1999-11-22;M;VIP;2;0;400;Card;Cyberpunk 2077;;0
SESS-12930;2026-08-23 22:59:06;USR-1078;2002-12-09;M;Bootcamp;8;1040;1200;Card;CS2;4.5;0
SESS-10637;2026-08-22 20:47:31;USR-1400;2011-02-02;M;Bootcamp;2;0;270;Card;Valorant;4.0;1
SESS-13241;2026-08-21 22:32:33;USR-1770;2006-09-08;M;PS5;12;0;2700;Card;Dota 2;5.0;1
SESS-15846;2026-08-05 17:05:33;USR-1116;2006-12-01;M;Standard;1;80;100;Card;Dota 2;;0
SESS-10359;2026-08-07 17:38:33;USR-1138;2003-02-26;F;Standard;1;0;100;Card;Deadlock;;0
SESS-13872;2026-08-14 11:46:00;USR-1573;2010-11-01;M;Standard;2;0;200;Cash;Dota 2;;0
SESS-15428;2026-08-02 18:42:38;USR-1108;2002-06-14;M;VIP;3;0;600;Card;Dota 2;;0
SESS-10915;2026-08-10 14:52:17;USR-1032;2011-02-27;M;Standard;4;320;400;Card;CS2;;0
SESS-12056;2026-08-22 16:54:13;USR-1054;2008-05-14;M;Standard;2;160;200;App;CS2;;0
SESS-14862;2026-08-15 12:44:54;USR-1038;2010-06-02;M;Standard;1;80;100;App;Dota 2;4.0;0
SESS-11247;2026-08-07 19:53:07;USR-1444;2009-02-07;M;PS5;1;0;250;App;Deadlock;;0
SESS-10197;2026-08-28 18:00:40;USR-1116;2006-12-01;M;Standard;2;0;200;Card;CS2;;0
SESS-11807;2026-08-25 21:49:55;USR-1007;1995-11-02;F;Standard;3;360;300;Card;Dota 2;;0
SESS-11225;2026-08-15 16:03:36;USR-1447;2006-11-07;M;Bootcamp;5;750;750;Card;CS2;5.0;0
SESS-14780;2026-08-02 18:10:59;USR-1028;2005-02-10;M;Bootcamp;2;560;270;Card;Valorant;5.0;1
SESS-14007;2026-08-31 18:16:19;USR-1754;2012-09-14;F;Bootcamp;2;0;300;Card;CS2;;0
SESS-12622;2026-08-29 19:15:34;USR-1127;2009-02-14;M;Bootcamp;2;0;300;Cash;CS2;3.0;0
SESS-10801;2026-08-01 21:25:11;USR-1114;2005-06-01;M;Standard;1;0;100;Card;Dota 2;3.0;0
SESS-13532;2026-08-11 20:10:22;USR-1679;2005-07-27;F;Standard;4;480;400;Card;Dota 2;5.0;0
SESS-10614;2026-08-20 16:48:33;USR-1358;1999-07-08;M;PS5;1;0;250;Card;Dota 2;;0
SESS-14046;2026-08-21 15:17:23;USR-1099;2001-07-16;M;Standard;2;0;200;App;Dota 2;;0
SESS-14450;2026-08-16 13:16:22;USR-1021;2011-03-19;M;Standard;4;336;360;App;GTA V;;1
SESS-12247;2026-08-26 10:43:45;USR-1317;2023-06-15;M;Standard;-2;448;360;App;Dota 2;;1
SESS-15588;2026-08-03 13:03:30;USR-1446;1988-03-22;M;VIP;2;660;400;App;Browser/Work;5.0;0
SESS-17142;2026-08-22 18:30:41;USR-1426;2011-10-06;M;VIP;1;0;200;Cash;Minecraft;;0
SESS-16637;2026-08-12 22:40:32;USR-1788;2007-09-08;M;VIP;12;0;2160;Card;Dota 2;5.0;1
SESS-15915;2026-08-09 10:32:55;USR-1045;2006-09-28;M;Bootcamp;2;0;300;App;Valorant;;0
SESS-16705;2026-08-08 22:44:37;USR-1772;2005-07-07;F;Standard;8;1344;720;Cash;Minecraft;4.0;1
SESS-10567;2026-08-23 13:15:28;USR-1105;2004-04-12;M;Bootcamp;5;951;675;Card;Valorant;4.5;1
SESS-13336;2026-08-28 18:26:09;USR-1704;2005-03-07;M;Standard;4;672;360;Card;Dota 2;;1
SESS-14494;2026-08-01 12:28:19;USR-1557;2010-11-22;M;Standard;3;251;270;Cash;Apex Legends;4.0;1
SESS-12125;2026-08-22 19:27:40;USR-1056;2002-03-26;M;PS5;2;224;450;Card;Apex Legends;;1
SESS-11209;2026-08-03 21:43:09;USR-1254;2007-12-18;M;Bootcamp;1;200;150;Card;Valorant;;0
SESS-16935;2026-08-09 19:27:26;USR-1419;2005-12-10;M;VIP;5;550;1000;Cash;CS2;2.0;0
SESS-14171;2026-08-30 00:30:55;USR-1578;2012-12-23;M;PS5;8;672;1800;App;Dota 2;4.5;1
SESS-12265;2026-08-24 20:13:15;USR-1497;1992-02-13;M;Standard;8;1344;720;Card;CS2;5.0;1
SESS-13964;2026-08-04 21:57:50;USR-1389;2007-04-01;M;VIP;1;270;200;;Dota 2;4.5;0
SESS-13047;2026-08-15 23:35:15;USR-1123;2003-11-08;F;Bootcamp;5;0;750;App;Deadlock;3.0;0
SESS-14565;2026/08/26 12:22:53;USR-1010;2007-09-24;M;Standard;2;0;200;App;PUBG;;0
SESS-16665;2026-08-01 19:25:52;USR-1011;2011-12-14;M;Bootcamp;12;0;1800;Card;Valorant;;0
SESS-13139;2026-08-18 14:48:47;USR-1050;2008-12-03;F;Standard;2;160;200;Cash;Dota 2;;0
SESS-15104;2026-08-16 14:55:02;USR-1215;2002-08-26;M;Bootcamp;1;160;150;Card;CS2;;0
SESS-10566;2026-08-23 11:00:04;USR-1074;2011-11-23;F;PS5;2;0;500;Cash;Dota 2;;0
SESS-14089;2026-08-19 20:23:59;USR-1149;2003-10-27;M;Standard;2;320;200;Card;Valorant;;0
SESS-12756;2026-08-01 04:35:39;USR-1496;1995-12-05;M;Standard;2;700;180;Card;CS2;4.5;1
SESS-10509;2026-08-28 13:07:26;USR-1439;2009-12-23;M;Standard;1;0;100;App;Minecraft;;0
SESS-13929;2026-08-03 12:36:54;USR-1675;1995-05-13;M;VIP;1;270;200;App;GTA V;5.0;0
SESS-11333;2026-08-27 11:51:15;USR-1135;2008-12-16;M;Standard;3;480;300;App;Deadlock;4.5;0
SESS-11573;2026-08-01 15:25:04;USR-1264;2011-03-02;M;Bootcamp;1;0;150;Cash;Valorant;3.0;0
SESS-16726;2026-08-25 15:40:47;USR-1272;2008-01-10;M;VIP;3;0;600;App;CS2;5.0;0
SESS-13619;2026-08-28 12:39:36;USR-1412;2007-05-10;M;Standard;3;360;300;Card;CS2;4.0;0
SESS-11756;2026-08-19 19:27:25;USR-1638;2004-09-21;M;VIP;2;0;400;App;Dota 2;;0
SESS-14130;2026-08-09 17:46:20;USR-1156;2012-02-05;F;Bootcamp;4;336;540;Cash;Apex Legends;5.0;1
SESS-14154;2026-08-09 19:07:43;USR-1159;2003-06-05;M;PS5;3;0;750;App;Dota 2;5.0;0
SESS-14166;2026-08-29 17:46:37;USR-1121;2007-05-26;M;Bootcamp;1;200;150;Card;Deadlock;;0
SESS-17105;2026-08-06 21:54:15;USR-1513;2005-03-25;M;Standard;3;0;270;Card;Deadlock;;1
SESS-12573;2026-08-08 20:16:01;USR-1476;2002-08-28;F;VIP;2;0;400;Card;Dota 2;4.0;0
SESS-12378;2026-08-05 12:59:38;USR-1112;2008-11-25;M;Standard;2;0;180;Card;Valorant;;1
SESS-16267;2026-08-14 14:37:09;USR-1733;2004-11-06;M;VIP;1;200;200;Card;Dota 2;;0
SESS-15224;2026-08-10 20:51:26;USR-1075;1995-03-20;F;VIP;1;270;200;Card;Dota 2;;0
SESS-13996;2026-08-28 20:36:01;USR-1219;1996-02-18;F;VIP;1;550;200;Card;CS2;4.0;0
SESS-15825;2026-08-30 13:27:27;USR-1136;2004-04-28;M;Standard;1;0;100;Card;Dota 2;;0
SESS-11738;2026-08-02 12:19:47;USR-1092;2001-05-02;F;VIP;4;0;720;Card;Valorant;5.0;1
SESS-15201;2026-08-23 11:49:50;USR-1141;2007-07-14;M;Standard;2;0;200;Card;CS2;;0
SESS-12526;2026-08-17 21:30:12;USR-1600;2002-04-16;M;Standard;2;0;180;Card;CS2;;1
SESS-13490;2026-08-31 18:45:52;USR-1584;2001-06-10;M;VIP;3;440;600;Card;Dota 2;4.5;0
SESS-10353;2026-08-13 03:08:39;USR-1130;2008-05-01;F;PS5;2;240;500;App;Apex Legends;;0
SESS-17055;2026-08-19 22:40:40;USR-1054;2008-05-14;M;Bootcamp;5;0;750;App;Deadlock;;0
SESS-10264;2026-08-17 17:43:48;USR-1036;2005-06-28;M;Standard;2;320;200;App;Dota 2;;0
SESS-13339;2026-08-10 21:28:41;USR-1064;2004-07-08;M;Bootcamp;8;1430;1200;Card;CS2;4.5;0
SESS-12430;2026-08-26 17:19:15;USR-1071;1993-04-12;M;Standard;2;500;200;Card;PUBG;;0
SESS-15583;2026-08-17 06:27:05;USR-1671;1996-03-14;M;PS5;2;660;500;Card;PUBG;;0
SESS-15743;2026-08-26 16:49:06;USR-1057;2007-12-06;M;Bootcamp;3;882;405;Card;CS2;3.0;1
SESS-11018;2026-08-15 09:05:04;USR-1413;1995-02-13;M;PS5;4;1150;1000;Card;Browser/Work;4.5;0
SESS-15122;2026-08-22 11:37:53;USR-1373;2010-10-09;M;Bootcamp;3;180;450;Card;Dota 2;;0
SESS-15431;2026-08-23 17:20:25;USR-1457;2009-06-14;M;Standard;4;336;360;App;CS2;4.5;1
SESS-12463;2026-08-23 14:48:00;USR-1147;1886-09-20;M;Standard;-2;240;300;App;Apex Legends;4.0;0
SESS-15746;2026-08-29 14:47:38;USR-1620;2007-03-28;F;Standard;2;240;200;Card;Minecraft;4.0;0
SESS-15368;2026-08-29 14:47:21;USR-1307;2007-08-26;M;Bootcamp;4;1007;540;App;Valorant;3.0;1
SESS-17240;2026-08-12 09:50:02;USR-1384;1991-01-08;M;VIP;2;0;400;Card;CS2;;0
SESS-15155;2026-08-14 16:12:13;USR-1769;1999-03-21;F;VIP;2;390;400;Card;CS2;;0
SESS-10710;2026-08-01 08:23:07;USR-1361;2006-10-14;M;Bootcamp;2;0;300;Card;CS2;;0
SESS-10364;2026-08-06 12:00:27;USR-1046;2009-12-16;M;Standard;3;0;300;Cash;Valorant;;0
SESS-16580;2026-08-31 17:45:30;USR-1166;2005-03-11;M;Bootcamp;2;0;300;Card;Deadlock;4.5;0
SESS-10552;2026-08-07 10:37:16;USR-1033;2010-12-10;M;Standard;4;0;400;Cash;Dota 2;;0
SESS-10844;2026-08-04 18:10:15;USR-1450;2007-09-12;M;Bootcamp;1;160;150;Card;CS2;;0
SESS-15331;2026-08-07 16:44:36;USR-1156;2012-02-05;F;Standard;4;240;400;Cash;Dota 2;;0
SESS-14673;2026-08-03 00:12:49;USR-1494;2003-01-04;M;Standard;12;1344;1080;Card;Valorant;;1
SESS-10203;2026-08-14 02:57:36;USR-1315;2009-12-08;M;Standard;2;160;200;Cash;Valorant;;0
SESS-10049;2026-08-20 02:06:50;USR-1295;2006-10-07;M;Bootcamp;3;0;450;App;CS2;;0
SESS-14749;2026-08-14 17:45:26;USR-1110;2006-09-11;F;Standard;3;240;300;Card;CS2;;0
SESS-12966;2026-08-11 19:40:27;USR-1108;2002-06-14;M;Bootcamp;12;0;1800;Card;CS2;1.0;0
SESS-12671;2026-08-01 20:24:38;USR-1725;2005-09-06;M;Standard;3;480;300;Card;Dota 2;4.0;0
SESS-14505;2026-08-05 20:48:13;USR-1082;2004-06-01; F ;Standard;12;1344;1080;Card;Dota 2;;1
SESS-11868;2026-08-26 02:06:07;USR-1324;2001-11-03;M;VIP;1;0;200;Card;Deadlock;;0
SESS-15442;2026-08-22 09:55:14;USR-1091;2004-01-15;M;VIP;2;0;400;Cash;CS2;4.5;0
SESS-14680;2026-08-21 19:25:50;USR-1271;2010-06-01;M;Bootcamp;4;0;540;Cash;Minecraft;4.5;1
SESS-13123;2026-08-22 15:58:32;USR-1709;1996-11-07;M;VIP;2;650;400;Card;Browser/Work;;0
SESS-13144;2026-08-09 13:45:41;USR-1512;1999-11-22;M;VIP;2;0;400;App;Dota 2;;0
SESS-13145;2026-08-31 20:44:38;USR-1359;2010-06-01;F;Bootcamp;4;0;600;Cash;CS2;4.0;0
SESS-10824;2026-08-10 17:25:28;USR-1666;2005-07-17;M;VIP;2;0;360;Card;CS2;5.0;1
SESS-15547;2026-08-08 20:14:25;USR-1372;2003-04-10;M;VIP;3;0;600;Card;Minecraft;3.0;0
SESS-13834;2026-08-25 20:55:52;USR-1140;2008-06-12;M;VIP;2;0;400;App;CS2;;0
SESS-17130;2026-08-14 22:47:30;USR-1067;2011-04-02;M;Standard;8;0;800;Cash;Minecraft;;0
SESS-15169;2026-08-24 08:37:40;USR-1016;2003-01-07;M;VIP;3;390;600;App;CS2;;0
SESS-11728;2026-08-03 12:09:05;USR-1553;2002-05-22;M;PS5;5;600;1250;App;Valorant;4.5;0
SESS-16209;2026-08-29 20:23:13;USR-1779;2023-06-15;M;VIP;-2;650;400;Card;Dota 2;;0
SESS-16565;2026-08-20 13:11:40;USR-1371;2012-08-02;M;Standard;5;280;450;Cash;Valorant;5.0;1
SESS-11514;2026-08-02 18:42:42;USR-1063;2007-02-12;M;Bootcamp;3;390;450;Card;Valorant;5.0;0
SESS-16319;2026-08-16 18:29:39;USR-1417;2011-07-24;M;VIP;3;240;600;App;Minecraft;5.0;0
SESS-14278;2026-08-30 01:51:09;USR-1536;1999-01-19;M;PS5;12;3300;3000;Card;Dota 2;4.5;0
SESS-15525;2026-08-14 14:04:09;USR-1278;2012-05-26;M;Standard;1;0;100;App;Minecraft;;0
SESS-17078;2026-08-15 13:41:23;USR-1133;2003-05-21;M;VIP;2;390;400;Card;CS2;;0
SESS-12189;2026-08-11 16:07:41;USR-1448;1996-02-02;M;Bootcamp;4;630;600;Card;Dota 2;;0
SESS-11511;2026-08-22 22:29:33;USR-1108;2002-06-14;M;VIP;12;1456;2160;Card;CS2;2.0;1
SESS-15020;2026-08-09 18:05:49;USR-1189;2005-10-07;M;Standard;2;240;200;App;Deadlock;3.0;0
SESS-11820;2026-08-17 14:10:08;USR-1060;1993-12-16;M;Bootcamp;2;390;300;Card;Dota 2;;0
SESS-12313;2026-08-06 19:04:46;USR-1358;1999-07-08;M;Standard;2;360;200;Card;GTA V;;0
SESS-10477;2026-08-15 23:31:30;USR-1775;2004-12-16;M;PS5;12;0;3000;Card;Dota 2;;0
SESS-10973;2026-08-01 19:38:08;USR-1153;2008-06-09;M;Standard;1;0;100;Card;CS2;;0
SESS-16404;2026-08-27 15:24:16;USR-1672;2007-09-26;M;PS5;3;0;750;Card;Apex Legends;;0
SESS-11146;2026-08-26 18:21:37;USR-1696;2000-03-11;M;Bootcamp;2;650;300;Card;Dota 2;;0
SESS-12177;2026-08-17 08:38:22;USR-1171;2009-11-25;M;Bootcamp;3;180;450;Card;CS2;;0
SESS-16163;2026-08-08 23:58:29;USR-1220;2007-07-24;F;Bootcamp;12;2898;1620;Card;Dota 2;;1
SESS-15325;2026-08-29 17:11:23;USR-1156;2012-02-05;F;Standard;1;0;100;Cash;Valorant;;0
SESS-12964;2026-08-08 20:16:17;USR-1097;2006-04-09;M;Standard;3;0;270;App;Apex Legends;4.0;1
SESS-11745;2026-08-01 14:14:59;USR-1088;1992-02-13;M;VIP;1;420;200;Card;Cyberpunk 2077;4.5;0
SESS-12886;2026-08-02 13:41:42;USR-1418;2009-03-28;M;Standard;1;40;100;App;Apex Legends;4.0;0
SESS-14841;2026-08-29 01:24:25;USR-1269;1996-06-20;M;PS5;8;1590;2000;Card;Dota 2;;0
SESS-15828;2026-08-01 18:45:15;USR-1295;2006-10-07;M;Bootcamp;2;400;300;Card;CS2;;0
SESS-10867;2026-08-21 18:43:03;USR-1204;1984-08-22;M;VIP;1;480;200;App;Dota 2;5.0;0
SESS-12867;2026-08-02 23:33:36;USR-1461;2007-03-09;M;PS5;5;0;1125;Card;Dota 2;;1
SESS-10928;2026-08-11 23:10:45;USR-1797;2007-11-09;M;Standard;3;240;300;Card;Apex Legends;5.0;0
SESS-16334;2026/08/15 12:03:50;USR-1588;2008-12-02;F;Bootcamp;2;470;300;Card;CS2;4.0;0
SESS-12813;2026-08-01 22:36:33;USR-1513;2005-03-25;M;Bootcamp;12;2128;1620;App;Apex Legends;4.0;1
SESS-14878;2026-08-22 18:04:42;USR-1183;2009-12-28;F;Standard;3;0;300;Card;CS2;;0
SESS-10876;2026-08-21 15:49:52;USR-1342;2011-09-02;M;Standard;3;0;300;App;Minecraft;4.0;0
SESS-14581;2026-08-18 09:30:28;USR-1632;2005-12-08;M;Standard;1;160;100;Card;GTA V;4.0;0
SESS-11020;2026-08-03 15:01:59;USR-1528;1992-04-11;M;PS5;3;0;750;Card;Cyberpunk 2077;;0
SESS-16813;2026-08-15 07:08:41;USR-1494;2003-01-04;M;VIP;2;0;400;Card;Dota 2;;0
SESS-13094;2026-08-21 12:11:38;USR-1111;2011-09-06;M;Standard;3;0;300;App;CS2;4.0;0
SESS-11609;2026-08-20 22:02:51;USR-1573;2010-11-01;M;Standard;8;0;800;App;Valorant;5.0;0
SESS-14101;2026-08-21 17:11:08;USR-1494;2003-01-04;M;PS5;2;0;500;App;CS2;;0
SESS-14011;2026-08-14 11:42:18;USR-1063;2007-02-12;M;Standard;12;960;1200;App;Dota 2;4.0;0
SESS-13630;2026-08-12 17:48:02;USR-1024;2007-08-13;M;Standard;4;448;360;Card;CS2;;1
SESS-13817;2026-08-21 12:24:30;USR-1774;2010-08-07;M;Bootcamp;1;40;150;Card;CS2;;0
SESS-12725;2026-08-01 11:15:23;USR-1350;2012-11-16;M;Standard;3;120;300;App;Valorant;4.5;0
SESS-14606;2026-08-25 15:41:31;USR-1282;2007-01-06;F;Standard;4;320;400;Card;CS2;;0
SESS-12014;2026-08-21 12:01:15;USR-1390;2012-10-20;M;Standard;3;0;300;Card;Valorant;;0
SESS-10269;2026-08-30 13:02:13;USR-1054;2008-05-14;M;VIP;2;240;400;App;Valorant;;0
SESS-11572;2026-08-14 08:23:41;USR-1513;2005-03-25;M;VIP;2;320;400;Cash;CS2;;0
SESS-11956;2026-08-22 19:57:39;USR-1049;2011-07-07;M;Standard;2;0;200;App;Minecraft;;0
SESS-10617;2026-08-07 19:32:48;USR-1156;05.02.2012;F;Standard;5;0;450;App;CS2;4.5;1
SESS-15275;2026-08-14 08:24:04;USR-1016;2003-01-07;M;Standard;2;240;200;Card;Dota 2;5.0;0
SESS-12071;2026-08-21 11:02:16;USR-1688;2004-01-13;M;Bootcamp;3;546;405;Card;Minecraft;4.5;1
SESS-15883;2026-08-01 12:23:36;USR-1126;1996-07-13;F;VIP;4;780;800;Card;GTA V;4.5;0
SESS-11930;2026-08-20 21:31:25;USR-1347;2006-01-17;F;VIP;2;400;400;Cash;Dota 2;4.0;0
SESS-14934;2026-08-01 23:33:02;USR-1221;2011-10-10;M;Standard;8;0;720;Card;Valorant;;1
SESS-13359;2026-08-21 12:55:35;USR-1169;2005-04-02;M;VIP;2;0;400;Card;Dota 2;4.5;0
SESS-16690;2026-08-12 11:31:32;USR-1121;2007-05-26;M;Bootcamp;5;0;675;Card;Dota 2;4.0;1
SESS-13455;2026-08-28 18:25:47;USR-1145;2003-05-21;M;VIP;3;0;540;Card;Valorant;;1
SESS-14983;2026-08-08 16:04:45;USR-1738;1998-03-01;M;Standard;3;1050;270;App;Dota 2;;1
SESS-11256;2026-08-22 19:47:50;USR-1687;2008-07-28;M;Standard;8;960;800;Card;PUBG;4.0;0
SESS-13163;2026-08-28 17:36:20;USR-1098;2009-05-09;F;Standard;5;0;450;Cash;Deadlock;4.5;1
SESS-13842;2026-08-31 17:45:42;USR-1049;2011-07-07;M;VIP;3;0;600;App;Dota 2;4.0;0
SESS-10324;2026-08-26 16:35:11;USR-1057;2007-12-06;M;Bootcamp;8;0;1080;App;CS2;5.0;1
SESS-14518;2026-08-14 01:19:06;USR-1433;2006-02-14;M;Bootcamp;8;0;1200;Card;Dota 2;4.0;0
SESS-12640;2026-08-02 18:48:36;USR-1366;2005-06-22;M;VIP;2;320;400;Card;Dota 2;;0
SESS-12490;2026-08-16 16:19:03;USR-1519;2010-11-07;M;Bootcamp;3;0;405;Card;Deadlock;4.5;1
SESS-10979;2026-08-07 22:28:34;USR-1065;2009-08-26;F;Standard;8;480;800;Card;Minecraft;;0
SESS-16176;2026-08-30 12:11:59;USR-1638;2004-09-21;M;Bootcamp;2;0;300;App;CS2;;0
SESS-10698;2026-08-04 14:05:05;USR-1298;2012-11-10;F;Standard;1;0;100;App;CS2;;0
SESS-17219;2026-08-03 16:56:34;USR-1589;2007-02-16;M;Standard;1;0;100;Card;Deadlock;3.0;0
SESS-15111;2026-08-07 18:27:41;USR-1497;1992-02-13;M;Bootcamp;3;840;450;Cash;Deadlock;4.5;0
SESS-14524;2026-08-22 03:03:48;USR-1156;2012-02-05;F;Standard;2;0;200;App;Deadlock;4.0;0
SESS-15954;2026-08-21 14:15:57;USR-1358;1999-07-08;M;Bootcamp;2;510;300;Card;CS2;;0
SESS-13379;2026-08-17 22:16:07;USR-1419;2005-12-10;M;Standard;8;1792;720;App;Deadlock;4.5;1
SESS-16774;2026-08-30 14:32:19;USR-1120;2011-05-02;F;Bootcamp;2;80;300;App;CS2;4.5;0
SESS-13195;2026-08-16 19:07:05;USR-1757;2001-08-06;M;Standard;5;1120;450;App;Valorant;4.0;1
SESS-16492;2026-08-23 19:08:55;USR-1124;2004-09-24;M;VIP;1;336;180;Card;Dota 2;;1
SESS-13161;2026-08-29 14:13:52;USR-1382;2006-02-09;M;Bootcamp;4;1106;540;Cash;CS2;;1
SESS-13491;2026-08-29 21:47:47;USR-1090;2004-08-10;M;VIP;2;240;400;App;Deadlock;;0
SESS-14172;2026-08-15 21:25:42;USR-1154;1987-12-02;M;PS5;2;390;500;Card;Cyberpunk 2077;4.5;0
SESS-12245;2026-08-08 15:27:59;USR-1089;2012-05-15;M;Standard;2;0;200;Cash;Dota 2;3.0;0
SESS-13526;2026-08-06 13:05:51;USR-1733;2004-11-06;M;Standard;2;0;200;App;Valorant;4.0;0
SESS-16467;2026-08-16 17:43:15;USR-1678;2009-11-05;M;PS5;1;0;250;App;Minecraft;;0
SESS-13740;2026-08-08 10:32:48;USR-1053;1994-03-24;M;Bootcamp;4;1020;600;Card;Browser/Work;;0
SESS-15499;2026-08-01 11:23:49;USR-1615;2011-01-03;M;Bootcamp;1;0;150;App;Dota 2;;0
SESS-10390;2026-08-28 17:24:39;USR-1202;2008-09-03;F;Standard;1;0;100;Card;Dota 2;;0
SESS-12355;2026-08-05 21:32:49;USR-1579;2002-06-14;M;PS5;3;503;675;Card;Dota 2;;1
SESS-15114;2026-08-09 21:39:56;USR-1081;1997-02-08;F;VIP;3;690;600;Cash;GTA V;4.0;0
SESS-15960;2026-08-25 14:50:18;USR-1088;1992-02-13;M;VIP;1;0;200;Card;CS2;5.0;0
SESS-16353;2026-08-22 20:14:17;USR-1121;2007-05-26;M;Standard;1;80;100;App;Valorant;;0
SESS-10341;2026-08-21 00:33:53;USR-1307;2007-08-26;M;PS5;8;0;2000;Card;Dota 2;4.5;0
SESS-15432;2026-08-24 17:30:58;USR-1609;1999-09-26;M;PS5;8;3010;1800;App;Deadlock;5.0;1
SESS-14640;2026-08-27 15:32:14;USR-1025;2010-10-04;M;Standard;1;0;100;Cash;Dota 2;;0
SESS-15511;2026-08-06 11:38:35;USR-1074;2011-11-23;F;Bootcamp;2;80;300;App;CS2;;0
SESS-12468;2026-08-31 15:27:18;USR-1100;2011-02-25;M;Standard;1;0;100;Card;Minecraft;;0
SESS-13558;2026-08-13 21:03:21;USR-1186;2010-04-20;M;Standard;2;0;200;Cash;Dota 2;;0
SESS-14474;2026-08-21 09:00:20;USR-1354;2008-01-14;F;Bootcamp;2;240;300;Card;CS2;;0
SESS-13704;2026-08-28 15:12:08;USR-1590;2004-05-18;M;Bootcamp;1;200;150;Card;CS2;;0
SESS-14623;2026-08-15 22:21:52;USR-1415;2011-12-24;M;Standard;5;420;450;Cash;CS2;4.5;1
SESS-15835;2026-08-05 12:27:30;USR-1488;2006-01-14;M;Standard;1;80;100;Card;Valorant;;0
SESS-14085;2026-08-30 20:41:14;USR-1551;2008-11-10;M;Bootcamp;1;160;150;Card;CS2;3.0;0
SESS-14033;2026-08-02 11:22:49;USR-1740;2005-06-21;M; standard ;3;503;270;Card;CS2;4.5;1
SESS-14461;2026-08-11 20:39:33;USR-1061;2004-03-24;M;Standard;2;0;200;Card;CS2;;0
SESS-14230;2026-08-18 00:59:28;USR-1308;2007-07-09;M;PS5;8;1280;2000;Card;Dota 2;4.0;0
SESS-14000;2026-08-10 17:08:19;USR-1108;2002-06-14;M;PS5;2;160;500;Card;CS2;;0
SESS-14553;2026-08-29 16:43:08;USR-1106;2010-07-26;M;Bootcamp;8;320;1200;Cash;Valorant;4.5;0
SESS-12158;2026-08-23 20:32:01;USR-1247;2004-06-02;M;VIP;2;470;400;Card;Deadlock;;0
SESS-13520;2026-08-11 04:31:34;USR-1122;1995-12-05;M;Bootcamp;3;900;450;App;Cyberpunk 2077;4.5;0
SESS-12475;2026-08-28 20:30:10;USR-1009;2004-06-03;M;Standard;4;320;400;Card;Valorant;;0
SESS-17100;2026-08-16 17:00:47;USR-1017;2010-09-20;м;Standard;4;0;400;Card;CS2;;0
SESS-10820;2026-08-23 01:08:36;USR-1185;2010-03-19;M;Standard;5;0;500;Card;Dota 2;5.0;0
SESS-15895;2026-08-01 15:49:20;USR-1332;2012-09-04;M;Bootcamp;2;80;300;Card;Dota 2;;0
SESS-14643;2026-08-23 11:28:53;USR-1088;1992-02-13;M;VIP;1;400;200;Card;CS2;;0
SESS-11763;2026-08-21 22:18:00;USR-1016;2003-01-07;M;Standard;8;0;800;Card;Dota 2;;0
SESS-16375;2026-08-13 19:35:21;USR-1129;1993-08-09;F;VIP;2;800;400;Card;GTA V;;0
SESS-11190;2026-08-15 19:38:30;USR-1362;2011-09-08;M;Standard;5;280;450;Cash;Minecraft;;1
SESS-11086;2026-08-28 10:00:47;USR-1011;2011-12-14;M;Standard;2;0;200;Cash;CS2;;0
SESS-10007;2026-08-28 06:10:52;USR-1425;2011-03-08;M;Bootcamp;2;160;300;Cash;Minecraft;;0
SESS-11207;2026-08-24 11:19:14;USR-1142;2009-05-05;M;Standard;2;80;200;App;CS2;;0
SESS-10395;2026-08-27 22:52:56;USR-1071;1993-04-12;M;Bootcamp;12;2460;1800;Card;Dota 2;5.0;0
SESS-15881;2026-08-16 17:01:29;USR-1690;2012-07-26;M;Standard;2;0;180;App;GTA V;;1
SESS-12635;2026-08-16 23:47:22;USR-1761;2001-02-23;F;Bootcamp;8;0;1200;App;CS2;4.5;0
SESS-15748;2026-08-15 11:33:00;USR-1011;2011-12-14;M;Bootcamp;1;0;150;Cash;CS2;;0
SESS-16937;2026-08-01 18:42:55;USR-1001;2003-04-08;F;Bootcamp;1;0;150;Cash;CS2;;0
SESS-12612;2026-08-21 20:49:59;USR-1058;2008-11-03;M;Standard;3;360;300;Card;Deadlock;3.0;0
SESS-15892;2026-08-08 20:54:29;USR-1613;2011-11-27;M;Bootcamp;8;0;1200;App;Minecraft;;0
SESS-17061;2026-08-16 12:50:19;USR-1049;2011-07-07;M;Bootcamp;2;160;300;Cash;Valorant;;0
SESS-10826;2026-08-03 13:37:10;USR-1098;2009-05-09;F;Standard;2;0;200;App;Valorant;;0
SESS-10451;2026-08-06 21:56:50;USR-1788;2007-09-08;M;Standard;2;160;200;Card;Apex Legends;;0
SESS-12156;2026-08-07 08:07:03;USR-1274;2011-10-23;M;Standard;1;0;100;App;Valorant;;0
SESS-12456;2026-08-19 19:26:00;USR-1497;1992-02-13;M;VIP;3;923;540;;Cyberpunk 2077;4.0;1
SESS-13665;2026-08-22 17:58:37;USR-1077;1996-09-03;M;PS5;2;0;500;Card;Dota 2;;0
SESS-17031;2026-08-08 17:36:19;USR-1738;1998-03-01;M;PS5;4;780;1000;App;PUBG;;0
SESS-11748;2026-08-22 17:26:15;USR-1120;2011-05-02;F;Standard;2;160;200;Cash;Valorant;3.0;0
SESS-15172;2026-08-02 16:58:56;USR-1042;1997-02-02;M;PS5;3;923;675;Card;GTA V;3.0;1
SESS-10352;2026-08-16 16:40:11;USR-1064;2004-07-08;M;Bootcamp;2;390;300;Card;Valorant;4.0;0
SESS-11433;2026-08-23 20:05:13;USR-1726;2011-09-13;M;Bootcamp;1;40;150;Cash;CS2;4.5;0
SESS-11141;2026-08-23 11:05:05;USR-1040;1991-03-07;M;PS5;2;660;500;Card;Dota 2;5.0;0
SESS-14921;2026-08-17 20:04:35;USR-1171;2009-11-25;M;Standard;3;120;300;Cash;Valorant;4.0;0
SESS-13159;2026-08-19 01:06:32;USR-1082;2004-06-01;F;Bootcamp;12;0;1800;App;Deadlock;;0
SESS-16306;2026-08-12 14:33:50;USR-1076;2003-01-05;M;Standard;2;0;200;Card;CS2;;0
SESS-12334;2026-08-14 17:14:04;USR-1649;1994-10-11;M;VIP;3;840;600;Cash;Dota 2;4.0;0
SESS-15909;2026-08-01 16:56:20;USR-1740;2005-06-21;M;Standard;3;0;300;Card;Valorant;3.0;0
SESS-16869;2026-08-01 18:58:22;USR-1733;2004-11-06;M;Bootcamp;4;470;600;App;CS2;4.5;0
SESS-11119;2026-08-26 17:04:57;USR-1741;2008-10-09;M;Standard;3;0;300;Card;Valorant;;0
SESS-12523;2026-08-21 00:20:50;USR-1477;2011-04-26;M;Standard;8;896;720;App;Valorant;;1
SESS-13897;2026-08-24 10:59:33;USR-1098;2009-05-09;F;Standard;1;40;100;App;Deadlock;4.5;0
SESS-11203;2026-08-12 09:13:25;USR-1231;2006-06-24;M;PS5;1;160;250;Card;Minecraft;;0
SESS-12646;2026-08-23 15:35:09;USR-1278;2012-05-26;M;Standard;3;168;270;App;Deadlock;5.0;1
SESS-12336;2026-08-21 21:42:50;USR-1034;1991-12-14;M;Standard;2;360;200;Card;Deadlock;;0
SESS-14595;2026-08-14 00:12:55;USR-1447;2006-11-07;M;Standard;2;240;200;Card;CS2;;0
SESS-14914;2026-08-27 17:11:00;USR-1311;2006-02-16;M;Bootcamp;2;390;300;Card;CS2;5.0;0
SESS-12249;2026-08-27 21:09:49;USR-1688;2004-01-13;M;VIP;2;0;400;Card;CS2;3.0;0
SESS-13388;2026-08-06 19:30:38;USR-1309;2008-12-24;M;Bootcamp;2;0;300;Card;CS2;;0
SESS-13003;2026-08-06 00:38:55;USR-1100;2011-02-25;M;Standard;8;640;800;Cash;GTA V;3.0;0
SESS-16057;2026-08-25 07:44:56;USR-1713;1996-12-18;F;Standard;2;240;200;Card;Dota 2;4.0;0
SESS-11795;2026-08-08 15:24:00;USR-1002;2004-03-01;M;Bootcamp;3;714;405;Card;CS2;;1
SESS-16220;2026-08-09 01:15:48;USR-1784;2009-04-19;M;Standard;12;0;1200;Cash;CS2;4.0;0
SESS-12937;2026-08-26 18:13:34;USR-1026;2010-02-02;M;Bootcamp;4;0;540;Cash;Minecraft;;1
SESS-16341;2026-08-23 08:04:18;USR-1275;2010-05-27;F;VIP;3;0;600;App;Valorant;;0
SESS-11358;2026-08-21 14:44:06;USR-1719;2007-12-25;M;Standard;1;80;100;Card;Dota 2;;0
SESS-12963;2026-08-21 20:37:50;USR-1012;2009-01-18;F;Bootcamp;2;0;300;;Valorant;;0
SESS-13916;2026-08-23 05:45:13;USR-1317;2011-02-20;M;Standard;2;80;200;App;CS2;;0
SESS-13098;2026-08-29 22:51:02;USR-1102;2011-08-12;M;Standard;8;0;800;Cash;Minecraft;;0
SESS-10403;2026-08-29 11:40:43;USR-1304;2010-11-25;M;Standard;4;0;360;Cash;Valorant;4.5;1
SESS-10829;2026-08-26 21:54:01;USR-1684;2009-11-24;M;Bootcamp;2;0;300;Cash;CS2;;0
SESS-14744;2026-08-23 15:10:54;USR-1599;2007-04-09;M;Standard;2;0;200;Card;Valorant;;0
SESS-14133;2026-08-15 13:34:11;USR-1037;2003-11-24;M;Standard;3;0;270;App;Valorant;5.0;1
SESS-16502;2026-08-11 15:58:54;USR-1133;2003-05-21;M;Standard;3;360;300;Card;CS2;;0
SESS-11897;2026-08-20 10:21:17;USR-1691;2012-06-12;M;Standard;1;60;100;Card;Minecraft;4.0;0
SESS-16239;2026-08-04 10:37:44;USR-1042;1997-02-02;M;Bootcamp;12;0;1800;Card;CS2;3.0;0
SESS-10695;2026-08-22 19:18:57;USR-1340;2009-09-22;M;Standard;2;0;200;Cash;Minecraft;;0
SESS-14317;2026-08-29 16:07:21;USR-1041;2011-07-28;M;Standard;2;160;200;App;Dota 2;4.0;0
SESS-11998;2026-08-16 03:04:34;USR-1034;1991-12-14;M;VIP ;2;0;300;App;Cyberpunk 2077;5.0;0
SESS-12510;2026-08-15 17:11:23;USR-1161;2006-07-09;F;Standard;2;0;200;Card;PUBG;4.0;0
SESS-10944;2026-08-18 11:08:00;USR-1029;1999-08-16;M;ps5;4;1610;720;Cash;CS2;;1
SESS-17101;2026-08-16 23:18:07;USR-1516;2007-09-11;M;Bootcamp;3;320;450;Card;CS2;;0
SESS-13889;2026-08-23 12:02:54;USR-1353;2006-01-14;M;Standard;3;360;300;Card;CS2;4.0;0
SESS-11202;2026-08-18 17:15:19;USR-1014;2010-07-18;F;Standard;2;0;200;Cash;CS2;;0
SESS-16716;2026-08-01 15:32:01;USR-1151;2007-01-05;F;Standard;3;336;270;Card;Dota 2;4.5;1
SESS-13676;2026-08-23 14:37:34;USR-1035;1998-09-03;M;Bootcamp;2;800;300;Card;CS2;5.0;0
SESS-16498;2026-08-30 09:47:16;USR-1375;2006-11-03;M;Bootcamp;2;320;300;App;Dota 2;;0
SESS-12043;2026-08-30 13:21:13;USR-1610;2008-10-26;M;VIP;2;320;400;Card;CS2;;0
SESS-17005;2026-08-19 20:13:37;USR-1144;2005-01-11;M;Standard;2;160;200;Card;Dota 2;;0
SESS-13225;2026-08-22 23:16:16;USR-1451;2009-10-15;M;Bootcamp;12;0;1800;App;Dota 2;;0
SESS-13027;2026-08-14 01:33:41;USR-1132;2007-03-22;M;Standard;3;480;300;Card;GTA V;5.0;0
SESS-12446;2026-08-01 11:48:51;USR-1100;2011-02-25;M;Bootcamp;2;0;300;Cash;Deadlock;;0
SESS-16071;2026-08-01 16:25:49;USR-1024;2007-08-13;M;Standard;1;160;100;Card;Valorant;;0
SESS-15012;2026-08-03 22:25:03;USR-1066;2011-12-15;M;PS5;8;0;1800;App;Deadlock;4.5;1
SESS-15106;2026-08-13 18:49:43;USR-1158;1993-07-18;M;Standard;2;360;200;Card;PUBG;5.0;0
SESS-16273;2026-08-21 14:29:56;USR-1399;1997-04-05;M;Bootcamp;2;0;300;Card;CS2;;0
SESS-10360;2026-08-03 12:19:45;USR-1303;2011-11-11;M;Standard;1;0;100;Cash;Apex Legends;;0
SESS-15501;2026-08-06 01:02:38;USR-1748;2004-06-07;M;PS5;5;600;1250;Card;Dota 2;4.0;0
SESS-13824;2026-08-29 21:48:57;USR-1676;1992-07-26;M;VIP;2;650;400;Card;Valorant;;0
SESS-13430;2026-08-20 20:12:48;USR-1592;1998-02-08;F;PS5;1;672;225;Card;PUBG;;1
SESS-12415;2026-08-07 21:18:22;USR-1735;1987-10-01;F;PS5;2;0;500;Card;Browser/Work;;0
SESS-12466;2026-08-12 13:34:22;USR-1116;2006-12-01;M;VIP;1;160;200;Card;Dota 2;;0
SESS-14263;2026-08-28 07:41:02;USR-1168;1997-09-25;M;PS5;2;390;500;Card;Cyberpunk 2077;;0
SESS-15185;2026-08-29 11:10:59;USR-1180;2008-03-02;M;Standard;4;672;360;Card;Deadlock;4.5;1
SESS-16340;2026-08-12 01:06:55;USR-1219;1996-02-18;F;VIP;8;2150;1600;Card;GTA V;4.0;0
SESS-17053;2026-08-06 18:55:08;USR-1080;2007-12-19;M;Standard;5 часа;0;450;Card;CS2;;1
SESS-12639;2026-08-22 20:31:05;USR-1645;2008-11-08;M;Standard;2;0;200;Card;Apex Legends;;0
SESS-11436;2026-08-27 06:02:18;USR-1611;2011-11-18;M;Standard;2;0;200;Card;Minecraft;4.0;0
SESS-13887;2026-08-29 12:25:09;USR-1037;2003-11-24;M;Bootcamp;2;0;300;App;Deadlock;;0
SESS-16455;2026-08-01 18:02:34;USR-1434;2005-05-11;M;Standard;1;160;100;Card;CS2;;0
SESS-14739;2026-08-02 18:18:02;USR-1078;2002-12-09;M;VIP;1;200;200;Card;CS2;3.0;0
SESS-13860;2026-08-23 17:32:39;USR-1227;1996-04-01;M;VIP;1;0;200;Card;Cyberpunk 2077;;0
SESS-10572;2026-08-27 18:11:29;USR-1209;1997-08-10;M;Standard;4;1400;360;App;CS2;;1
SESS-10714;2026-08-09 15:55:38;USR-1265;2010-09-20;F;Standard;3;0;300;App;Dota 2;;0
SESS-16487;2026-08-15 17:04:47;USR-1556;2009-08-19;M;PS5;2;0;500;App;CS2;;0
SESS-13773;2026-08-23 16:11:23;USR-1117;2006-12-19;M;Standard;3;0;300;App;CS2;1.0;0
SESS-11921;2026-08-02 17:48:50;USR-1030;2002-07-03;M;Standard;2;0;200;Card;Dota 2;;0
SESS-16114;2026-08-30 18:10:04;USR-1686;2006-06-04;M;Standard;1;120;100;Card;Dota 2;;0
SESS-16170;2026-08-25 15:19:40;USR-1178;1998-11-22;M;VIP;1;0;200;Card;PUBG;;0
SESS-15117;2026-08-07 17:32:17;USR-1485;2004-01-19;F;Standard;2;0;200;Card;Valorant;;0
SESS-12428;2026-08-17 21:50:08;USR-1367;2011-04-14;M;Standard;1;60;100;Cash;Dota 2;;0
SESS-15001;2026-08-08 03:38:42;USR-1496;1995-12-05;M;PS5;2;909;450;Card;CS2;;1
SESS-10064;2026-08-22 00:39:41;USR-1018;2011-02-01;M;Bootcamp;8;0;1200;Card;Apex Legends;;0
SESS-16321;2026-08-01 22:21:13;USR-1084;2006-01-24;M;PS5;8;0;2000;App;Dota 2;;0
SESS-15670;2026-08-29 11:40:54;USR-1070;2008-04-24;M;Bootcamp;2;470;300;Card;CS2;;0
SESS-15829;2026-08-02 06:28:56;USR-1562;1999-02-01;M;PS5;2;510;500;Card;Dota 2;;0
SESS-13270;2026-08-02 08:42:00;USR-1141;2007-07-14;M;Standard;3;0;300;Card;Dota 2;;0
SESS-10034;2026-08-06 22:50:07;USR-1151;2007-01-05;F;PS5;3;360;750;App;Valorant;;0
SESS-17032;2026-08-13 18:37:38;USR-1158;1993-07-18;M;Bootcamp;1;0;150;App;CS2;;0
SESS-16269;2026-08-28 20:56:50;USR-1494;2003-01-04;M;Bootcamp;2;470;300;Card;CS2;;0
SESS-14306;2026-08-10 00:05:55;USR-1200;2008-10-20;F;Bootcamp;8;1456;1080;Card;PUBG;4.5;1
SESS-14209;2026-08-29 10:37:59;USR-1142;2009-05-05;M;Bootcamp;2;0;300;App;Dota 2;;0
SESS-17047;2026-08-27 23:00:30;USR-1102;2011-08-12;M;Bootcamp;5;280;675;Cash;CS2;;1
SESS-13371;2026-08-24 16:21:02;USR-1763;2009-07-07;M;Standard;2;160;200;Cash;CS2;;0
SESS-17155;2026-08-16 14:38:51;USR-1399;1997-04-05;M;VIP;2;0;400;Card;Cyberpunk 2077;;0
SESS-11822;2026-08-22 12:28:39;USR-1533;2009-06-12;M;Standard;2;120;200;Cash;Valorant;;0
SESS-14355;2026-08-14 17:59:24;USR-1018;2011-02-01;M;Standard;4;0;400;Card;Minecraft;;0
SESS-11827;2026-08-02 17:22:27;USR-1748;2004-06-07;M;VIP;1;0;200;Cash;CS2;;0
SESS-16246;2026-08-31 12:16:20;USR-1056;2002-03-26;M;VIP;2;320;400;Cash;Dota 2;;0
SESS-16589;2026-08-22 17:02:02;USR-1110;2006-09-11;F;PS5;8;960;2000;Card;Valorant;;0
SESS-10719;2026-08-20 14:21:10;USR-1582;2005-05-22;F;Bootcamp;2;0;300;Card;Dota 2;5.0;0
SESS-13656;2026-08-09 02:45:26;USR-1012;2009-01-18;F;Standard;4;224;360;App;CS2;;1
SESS-14875;2026-08-08 14:24:25;USR-1239;2007-04-13;M;PS5;2;0;500;Card;Valorant;;0
SESS-15400;2026-08-08 09:19:05;USR-1708;2008-01-09;M;Standard;2;0;200;Card;Deadlock;;0
SESS-11717;2026-08-07 22:51:23;USR-1473;2008-09-08;F;PS5;8;1792;1800;Card;CS2;4.5;1
SESS-15399;2026-08-24 16:05:23;USR-1717;2003-09-19;M;Bootcamp;2;310;300;Card;CS2;;0
SESS-13128;2026-08-30 20:24:06;USR-1722;2006-12-24;M;Standard;2;160;200;App;Dota 2;;0
SESS-15178;2026-08-08 08:30:05;USR-1251;2001-12-01;M;Standard;2;240;200;Card;CS2;;0
SESS-13067;2026-08-23 15:15:03;USR-1477;2011-04-26;M;Bootcamp;2;120;300;Card;Minecraft;;0
SESS-16853;2026-08-22 01:27:18;USR-1101;2003-05-22;M;Bootcamp;8;1007;1080;Card;Valorant;4.0;1
SESS-11828;2026-08-24 22:10:19;USR-1529;2007-02-11;F;PS5;3;0;750;Card;Deadlock;;0
SESS-10038;2026-08-16 15:27:05;USR-1048;2003-07-10;F;Standard;3;240;300;Card;Dota 2;;0
SESS-12762;2026-08-02 21:23:44;USR-1076;2003-01-05;M;Bootcamp;5;750;750;Card;CS2;4.0;0
SESS-10626;2026-08-28 20:28:29;USR-1566;2006-07-16;M;Standard;1;120;100;Card;CS2;4.5;0
SESS-13107;2026-08-31 13:00:00;USR-1764;2003-03-20;M;Standard;4;480;400;Card;Deadlock;;0
SESS-15129;2026-08-10 23:10:16;USR-1145;2003-05-21;M;Standard;5;0;500;Card;Dota 2;;0
SESS-11473;2026-08-31 17:37:45;USR-1032;2011-02-27;M;Standard;3;0;270;Cash;Minecraft;;1
SESS-13869;2026-08-21 21:07:16;USR-1223;2008-01-18;F;Standard;1;120;100;App;CS2;;0
SESS-16896;2026-08-23 09:01:52;USR-1011;2011-12-14;M;Standard;4;0;400;Cash;CS2;4.5;0
SESS-12906;2026-08-14 18:14:07;USR-1688;2004-01-13;M;Bootcamp;3;630;450;Card;CS2;4.0;0
SESS-10406;2026-08-12 15:35:32;USR-1049;2011-07-07;M;Standard;1;0;100;Cash;Valorant;2.0;0
SESS-17246;2026-08-16 12:44:49;USR-1108;2002-06-14;M;Standard;2;320;200;Card;Dota 2;;0
SESS-11791;2026-08-09 10:50:46;USR-1064;2004-07-08;M;Bootcamp;4;0;540;Card;Dota 2;;1
SESS-16012;2026-08-18 18:32:53;USR-1287;1996-04-07;M;PS5;3;0;750;Card;Dota 2;;0
SESS-12594;2026-08-15 22:30:02;USR-1786;2006-04-14;M;VIP;2;310;400;Card;Dota 2;4.0;0
SESS-17226;2026-08-05 19:26:00;USR-1308;2007-07-09;M;Bootcamp;2;310;300;Card;CS2;;0
SESS-16094;2026-08-23 08:49:45;USR-1162;2010-06-16;M;Bootcamp;1;0;150;App;Minecraft;;0
SESS-12812;2026-08-05 14:51:52;USR-1125;2006-07-09;F;Bootcamp;3;390;450;App;Dota 2;4.0;0
SESS-16718;2026-08-21 14:01:40;USR-1083;2000-08-19;M;Standard;3;1050;270;Card;CS2;4.5;1
SESS-11831;2026-08-20 18:35:17;USR-1657;1997-08-05;M;VIP;4;0;800;Card;Browser/Work;;0
SESS-12116;2026-08-05 18:34:28;USR-1184;2002-05-24;M;PS5;3;0;750;Card;CS2;;0
SESS-11887;2026-08-11 18:18:37;USR-1309;2008-12-24;M;Standard;4;0;400;Card;Deadlock;;0
SESS-14508;2026-08-13 23:39:28;USR-1026;2010-02-02;M;Bootcamp;5;200;750;Card;Minecraft;4.5;0
SESS-10803;2026-08-02 17:15:54;USR-1129;1993-08-09;F;Standard;5;900;500;Card;Dota 2;4.5;0
SESS-17150;2026-08-26 19:44:09;USR-1565;2003-02-24;M;PS5;4;480;1000;Cash;Dota 2;;0
SESS-14423;2026-08-30 20:30:17;USR-1340;2009-09-22;M;Standard;1;0;100;App;Apex Legends;;0
SESS-15695;2026-08-25 11:45:12;USR-1599;2007-04-09;M;Standard;2;160;200;Card;CS2;;0
SESS-12035;2026-08-07 17:29:02;USR-1035;1998-09-03;M;VIP;1;270;200;Card;Dota 2;;0
SESS-10868;2026-08-03 16:24:25;USR-1262;2012-08-24;F;Bootcamp;2;0;300;App;CS2;;0
SESS-10598;2026-08-02 16:09:31;USR-1641;2007-08-11;M;Standard;1;120;100;App;Dota 2;;0
SESS-16031;2026-08-09 18:07:35;USR-1630;2006-11-06;M;Standard;1;160;100;Cash;Deadlock;;0
SESS-11270;2026-08-29 00:56:22;USR-1010;2007-09-24;M;Bootcamp;3;510;450;Card;Valorant;4.0;0
SESS-16010;2026-08-29 15:03:53;USR-1542;2007-02-24;M;Standard;2;240;200;Card;Dota 2;;0
SESS-15631;2026-08-08 14:48:10;USR-1124;2004-09-24;M;Standard;3;503;270;Card;CS2;;1
SESS-14958;2026-08-23 01:54:37;USR-1558;2010-10-16;M;Standard;8;672;720;Cash;Dota 2;4.0;1
SESS-14252;2026-08-22 13:37:39;USR-1417;2011-07-24;M;Standard;1;40;100;App;CS2;;0
SESS-16767;2026-08-15 08:06:07;USR-1121;2007-05-26;M;Bootcamp;3;0;405;Card;Minecraft;5.0;1
SESS-16860;2026-08-28 18:28:18;USR-1468;2009-04-06;M;Standard;3;0;300;Cash;CS2;;0
SESS-16698;2026-08-08 17:33:27;USR-1539;2009-09-05;M;Standard;1;0;100;App;CS2;;0
SESS-11097;2026-08-01 19:51:45;USR-1215;2002-08-26;M;Standard;1;80;100;App;Apex Legends;2.0;0
SESS-15426;2026-08-06 10:01:41;USR-1024;2007-08-13;M;Standard;2;320;200;Card;CS2;;0
SESS-12941;2026-08-22 12:08:57;USR-1014;2010-07-18;F;Standard;2;0;200;App;Valorant;4.0;0
SESS-11150;2026-08-01 09:14:13;USR-1070;2008-04-24;M;Bootcamp;2;470;300;Card;Deadlock;4.5;0
SESS-15177;2026-08-10 05:01:14;USR-1406;2005-05-07;M;Bootcamp;2;0;300;Cash;CS2;;0
SESS-12530;2026-08-20 21:12:30;USR-1767;2001-10-11;M;Bootcamp;1;240;150;Card;Deadlock;3.0;0
SESS-16295;2026-08-12 17:45:20;USR-1037;2003-11-24;M;Bootcamp;4;882;540;Card;Dota 2;;1
SESS-15360;2026-08-14 21:33:25;USR-1676;1992-07-26;M;VIP;4 ч.;1150;800;Card;CS2;4.0;0
SESS-17073;2026-08-01 17:18:16;USR-1133;2003-05-21;M;Bootcamp;2;240;300;Card;CS2;;0
SESS-14944;2026-08-22 20:10:29;USR-1379;2011-08-24;F;VIP;2;0;400;App;Minecraft;;0
SESS-12844;2026-08-01 13:33:07;USR-1417;2011-07-24;M;Standard;5;420;450;Cash;Minecraft;4.5;1
SESS-11970;2026-08-14 08:00:07;USR-1222;2005-04-07;M;VIP;4;0;800;Card;Deadlock;;0
SESS-16926;2026-08-03 19:29:41;USR-1030;2002-07-03;M;Standard;3;672;270;Cash;Valorant;4.5;1
SESS-16882;2026-08-22 11:41:17;USR-1510;2010-12-16;M;Standard;5;0;450;App;Deadlock;;1
SESS-14970;2026-08-04 01:46:13;USR-1593;2004-10-22;M;PS5;8;0;2000;Card;Dota 2;;0
SESS-16558;2026-08-02 18:46:39;USR-1135;2008-12-16;Мужской;Standard;12;2015;1080;App;CS2;4.0;1
SESS-10216;2026-08-01 07:33:29;USR-1028;2005-02-10;M;Bootcamp;8;0;1080;App;Apex Legends;5.0;1
SESS-10439;2026-08-10 20:51:49;USR-1010;2007-09-24;M;Bootcamp;1;240;150;Card;CS2;;0
SESS-14906;2026-08-21 13:58:12;USR-1462;2007-10-24;M;Standard;3;336;270;Card;CS2;4.5;1
SESS-12916;2026-08-01 17:40:56;USR-1196;2006-09-08;M;VIP;3;546;540;Card;CS2;;1
SESS-12534;2026-08-29 09:10:59;USR-1552;2005-07-02;M;PS5;2;160;500;App;Dota 2;5.0;0
SESS-12769;2026-08-08 18:32:48;USR-1469;1995-12-27;M;VIP;4;0;720;App;Cyberpunk 2077;4.5;1
SESS-13434;2026-08-23 08:31:36;USR-1349;2010-10-21;M;Standard;3;251;270;App;Minecraft;4.5;1
SESS-11647;2026-08-01 12:40:50;USR-1109;2011-12-05;M;Standard;1;60;100;Cash;Minecraft;;0
SESS-11364;2026-08-30 21:37:20;USR-1088;1992-02-13;M;PS5;1;0;250;Card;Browser/Work;;0
SESS-16304;2026-08-20 15:32:50;USR-1339;2011-06-06;M;Bootcamp;4;0;600;App;Dota 2;;0
SESS-13685;2026-08-17 01:52:24;USR-1300;2001-04-21;F;Bootcamp;12;1040;1800;Card;Apex Legends;4.5;0
SESS-15146;2026-08-27 19:54:06;USR-1120;2011-05-02;F;Standard;1;0;100;Card;Minecraft;;0
SESS-14726;2026-08-11 02:41:51;USR-1101;2003-05-22;M;Standard;3;503;270;Card;Deadlock;;1
SESS-16776;2026-08-27 18:40:13;USR-1539;2009-09-05;M;Standard;1;0;100;Cash;CS2;;0
SESS-13024;2026-08-23 14:53:49;USR-1293;2006-06-03;M;PS5;4;0;900;Card;PUBG;5.0;1
SESS-10350;2026-08-29 15:05:59;USR-1407;2004-05-20;M;Bootcamp;8;1110;1200;Card;CS2;4.5;0
SESS-12048;2026-08-28 20:32:13;USR-1089;2012-05-15;M;Standard;2;0;200;App;Valorant;;0
SESS-10210;2026-08-29 16:37:51;USR-1037;2003-11-24;M;VIP;3;0;540;Card;CS2;;1
SESS-15565;2026-08-09 16:03:49;USR-1333;2006-04-01;M;VIP;3;440;600;App;Deadlock;;0
SESS-15232;2026-08-26 00:40:02;USR-1593;2004-10-22;M;VIP;8;0;1600;Cash;Dota 2;;0
SESS-13851;2026-08-29 09:05:03;USR-1355;2005-11-25;F;Bootcamp;3;0;405;App;Valorant;;1
SESS-16013;2026-08-26 16:11:39;USR-1382;2006-02-09;M;Bootcamp;2;310;300;App;CS2;;0
SESS-15210;2026-08-16 18:36:42;USR-1141;2007-07-14;M;PS5;2;160;500;Card;Dota 2;;0
SESS-14814;2026-08-30 17:42:46;USR-1066;2011-12-15;M;VIP;2;0;400;App;Deadlock;3.0;0
SESS-14229;2026-08-10 16:58:37;USR-1679;2005-07-27;F;Bootcamp;4;470;600;Card;CS2;5.0;0
SESS-14372;2026-08-06 21:51:30;USR-1330;2005-11-10;F;VIP;~3;0;600;App;CS2;4.0;0
SESS-14285;2026-08-03 15:29:12;USR-1008;2001-12-13;M;Standard;3;240;300;Cash;Dota 2;4.5;0
SESS-17010;2026-08-01 18:22:31;USR-1024;2007-08-13;M;PS5;1;0;250;Card;Deadlock;;0
SESS-16346;2026-08-25 17:33:49;USR-1722;2006-12-24;M;Standard;4;640;400;App;Dota 2;3.0;0
SESS-13795;2026-08-07 11:24:31;USR-1359;2010-06-01;F;Standard;1;60;100;Card;PUBG;;0
SESS-11635;2026-08-18 23:48:55;USR-1099;2023-06-15;M;Standard;999;0;200;App;Minecraft;;0
SESS-10939;2026-08-23 22:06:30;USR-1215;2002-08-26;M;Standard;5;0;500;Card;Dota 2;5.0;0
SESS-11269;2026-08-27 12:43:20;USR-1153;2008-06-09;M;PS5;2;320;500;Card;Dota 2;;0
SESS-13978;2026-08-23 12:30:49;USR-1446;1988-03-22;M;VIP;3;1050;600;Card;Cyberpunk 2077;4.0;0
SESS-17007;2026-08-08 16:12:10;USR-1008;2001-12-13;M;Standard;2 ч.;0;200;Cash;Dota 2;4.0;0
SESS-13361;2026-08-16 15:24:41;USR-1101;2003-05-22;M;Standard;3;0;300;Card;CS2;;0
SESS-10613;2026-08-14 21:24:54;USR-1700;2003-02-17;M;PS5;2;240;500;Card;Valorant;4.5;0
SESS-12792;2026-08-22 20:12:20;USR-1032;2011-02-27;M;Standard;2;0;200;App;Dota 2;;0
SESS-12077;2026-08-05 20:10:29;USR-1245;2004-06-04;M;Standard;2;224;180;App;CS2;;1
SESS-16988;2026-08-19 18:35:58;USR-1448;1996-02-02;M;Standard;3;540;300;Card;Deadlock;2.0;0
SESS-14091;2026-08-28 04:02:49;USR-1163;2007-06-19;M;Standard;2;0;180;App;Dota 2;;1
SESS-13301;2026-08-09 21:41:23;USR-1001;2003-04-08;F;Standard;5;560;450;Card;Apex Legends;;1
SESS-14690;2026-08-27 21:32:32;USR-1697;2008-06-21;M;Standard;3;503;270;App;Dota 2;4.5;1
SESS-16645;2026-08-16 18:58:18;USR-1037;2003-11-24;M;PS5;3;0;750;Card;CS2;;0
SESS-16592;2026-08-15 16:07:58;USR-1605;1996-02-16;M;Standard;3;360;300;Card;Dota 2;;0
SESS-16063;2026-08-26 21:52:17;USR-1136;2004-04-28;M;Standard;1;160;100;App;CS2;;0
SESS-12683;2026-08-15 15:05:23;USR-1425;2011-03-08;M;Standard;3;240;300;Card;PUBG;;0
SESS-15319;2026-08-14 23:36:28;USR-1279;2004-10-22;M;Standard;5;0;500;Card;Minecraft;5.0;0
SESS-10793;2026-08-10 12:36:32;USR-1077;1996-09-03;M;VIP;4;0;720;Card;Dota 2;;1
SESS-10305;2026-08-21 17:14:08;USR-1389;2007-04-01;M;VIP;3;630;600;Card;Valorant;;0
SESS-15834;2026-08-25 00:27:38;USR-1414;2011-02-23;M;Standard;8;0;720;Card;Minecraft;5.0;1
SESS-11121;2026-08-30 10:15:26;USR-1631;1992-02-27;M;PS5;1;330;250;Card;PUBG;;0
SESS-13920;2026-08-18 12:20:47;USR-1149;2003-10-27;M;Bootcamp;3;0;450;Card;Valorant;;0
SESS-16203;2026-08-22 14:14:17;USR-1022;2012-11-14;F;Standard;2;224;180;App;CS2;;1
SESS-15952;2026-08-19 17:14:24;USR-1019;2011-02-06;M;Standard;1;80;100;App;Apex Legends;;0
SESS-16687;2026-08-14 16:31:42;USR-1044;1996-12-25;M;VIP;2;650;400;Card;Browser/Work;5.0;0
SESS-16673;2026-08-01 19:24:54;USR-1497;1992-02-13;M;Standard;2;336;180;App;CS2;;1
SESS-17206;2026-08-12 16:19:57;USR-1174;1996-03-09;M;VIP;3;0;600;Card;Dota 2;;0
SESS-11981;2026-08-30 17:23:47;USR-1068;2011-11-23;F;PS5;3;0;750;App;Dota 2;;0
SESS-16907;2026-08-09 11:15:21;USR-1679;2005-07-27;F;Bootcamp;2;0;270;Card;Deadlock;4.0;1
SESS-12474;2026-08-11 10:05:08;USR-1619;2010-06-25;M;Standard;2;0;200;App;Minecraft;;0
SESS-16384;2026-08-03 09:32:51;USR-1071;1993-04-12;M;Bootcamp;2;0;300;Card;CS2;;0
SESS-12392;2026-08-08 18:07:29;USR-1650;2011-04-01;F;Standard;3;0;300;Cash;Dota 2;;0
SESS-12484;2026-08-02 11:10:48;USR-1181;1994-12-13;F;Standard;3;0;300;Card;Valorant;;0
SESS-13924;2026-08-01 15:26:14;USR-1140;2008-06-12;M;Standard;4;672;360;Cash;Dota 2;4.0;1
SESS-16087;2026-08-08 19:59:08;USR-1047;2004-05-25;M;PS5;3;0;750;Card;Dota 2;4.5;0
SESS-12842;2026-08-14 20:50:00;USR-1269;1996-06-20;M;Bootcamp;2;0;300;Cash;Cyberpunk 2077;;0
SESS-16719;2026-08-23 22:40:40;USR-1155;2009-09-19;M;Bootcamp;8;0;1200;App;Dota 2;;0
SESS-13310;2026-08-07 01:17:12;USR-1383;2005-07-14;M;Standard;8;0;720;App;Deadlock;5.0;1
SESS-13746;2026-08-07 00:53:07;USR-1513;2005-03-25;M;PS5;5;0;1250;App;Dota 2;4.5;0
SESS-13302;2026-08-29 19:57:49;USR-1529;2007-02-11;F;Bootcamp;3;882;405;Card;CS2;4.0;1
SESS-12917;2026-08-17 14:47:34;USR-1763;2009-07-07;M;PS5;4;224;900;Card;Dota 2;4.5;1
SESS-11037;2026-08-02 16:44:21;USR-1053;1994-03-24;M;PS5;2;660;500;Card;Cyberpunk 2077;;0
SESS-13643;2026-08-09 05:25:47;USR-1089;2012-05-15;M;VIP;5;0;1000;Cash;Minecraft;4.0;0
SESS-14895;2026-08-26 03:29:07;USR-1150;2004-01-17;F;Bootcamp;3;440;450;Cash;CS2;4.5;0
SESS-11660;2026-08-28 15:21:31;USR-1499;2006-11-05;M;Standard;2;320;200;Card;Minecraft;4.0;0
SESS-12864;2026-08-21 17:51:53;USR-1372;2003-04-10;M;Bootcamp;1;310;150;Card;Dota 2;;0
SESS-12565;2026-08-07 10:27:03;USR-1153;2008-06-09;M;PS5;2;0;500;App;Dota 2;;0
SESS-12738;2026-08-14 13:07:16;USR-1029;1999-08-16;M;Standard;1;0;100;Card;CS2;4.0;0
SESS-15214;2026-08-16 18:50:27;USR-1077;1996-09-03;M;PS5;1;0;250;Card;GTA V;;0
SESS-13571;2026-08-26 07:20:15;USR-1668;2010-11-14;M;Standard;1;0;100;Card;CS2;;0
SESS-14093;2026-08-07 12:52:38;USR-1590;2004-05-18;M;Bootcamp;2;0;300;App;Valorant;;0
SESS-11042;2026-08-02 19:14:25;USR-1555;2004-01-23;M;Bootcamp;3;0;450;App;Dota 2;;0
SESS-16945;2026-08-29 00:27:03;USR-1045;2006-09-28;M;Bootcamp;12;1520;1800;Card;Dota 2;;0
SESS-15531;2026-08-16 19:25:45;USR-1010;2007-09-24;M;VIP;2;470;400;Card;CS2;;0
SESS-10712;2026-08-29 02:34:35;USR-1480;2002-10-07;F;Standard;4;0;400;App;Dota 2;4.0;0
SESS-10098;2026-08-22 13:38:22;USR-1088;1992-02-13;M;PS5;3;1260;675;Card;Cyberpunk 2077;4.5;1
SESS-13820;2026-08-07 17:46:25;USR-1133;2003-05-21;M;Bootcamp;2;310;300;Card;PUBG;4.0;0
SESS-10691;2026-08-19 13:21:05;USR-1736;2005-11-20;M;Standard;2;0;200;App;CS2;;0
SESS-10221;2026-08-08 22:14:20;USR-1020;2005-09-26;F;Standard;8;640;800;Card;Minecraft;4.5;0
SESS-15284;2026-08-24 10:24:19;USR-1523;2006-10-11;M;Standard;1;80;100;App;Apex Legends;;0
SESS-12314;2026-08-22 21:46:47;USR-1175;2004-01-25;M;Standard;1;0;100;Card;Valorant;;0
SESS-14180;2026-08-30 20:42:55;USR-1698;2005-07-10;M;PS5;2;0;500;Cash;Valorant;4.0;0
SESS-15326;2026-08-15 08:26:17;USR-1022;2012-11-14;F;Standard;1;40;100;Cash;Valorant;4.0;0
SESS-10252;2026-08-08 11:42:32;USR-1707;2011-02-23;F;Standard;1;60;100;App;Minecraft;5.0;0
SESS-13012;2026-08-05 00:41:58;USR-1606;2008-08-22;M;Standard;12;0;1080;Card;CS2;1.0;1
SESS-10046;2026-08-05 17:37:27;USR-1078;2002-12-09;M;Bootcamp;5;680;750;Card;Dota 2;;0
SESS-15487;2026-08-08 17:58:54;USR-1779;1991-03-12;M;Standard;5;840;450;Card;Deadlock;;1
SESS-12135;2026-08-15 12:42:37;USR-1079;2008-08-05;M;Standard;3;0;300;Card;CS2;4.0;0
SESS-15650;2026-08-14 20:00:05;USR-1157;2011-01-17;M;Standard;1;0;100;App;CS2;;0
SESS-15387;2026-08-09 14:48:31;USR-1089;2012-05-15;M;PS5;2;120;500;App;CS2;4.5;0
SESS-12151;2026-08-19 00:46:34;USR-1032;2011-02-27;M;VIP;8;640;1600;App;Minecraft;3.0;0
SESS-11663;2026-08-20 21:25:51;USR-1553;2002-05-22;M;Standard;3;0;300;Cash;Minecraft;;0
SESS-10825;2026-08-24 23:14:56;USR-1140;2008-06-12;M;Standard;8;1280;800;Cash;Valorant;4.5;0
SESS-10951;2026-08-31 17:46:10;USR-1023;2010-02-02;M;Standard;1;0;100;App;Dota 2;;0
SESS-14284;2026-08-12 17:30:55;USR-1028;2005-02-10;M;VIP;1;230;200;Card;Dota 2;4.5;0
SESS-13722;2026-08-01 03:49:31;USR-1079;2008-08-05;M;VIP;2;310;400;Card;Minecraft;;0
SESS-10319;2026-08-22 17:51:44;USR-1441;2009-01-06;M;Bootcamp;1;0;150;App;CS2;;0
SESS-10694;2026-08-23 19:58:24;USR-1005;2011-10-01;M;Bootcamp;8;320;1200;Cash;CS2;4.0;0
SESS-10140;2026-08-02 22:39:07;USR-1418;2009-03-28;M;Bootcamp;3;240;450;Cash;CS2;;0
SESS-11519;2026-08-18 18:16:51;USR-1692;2007-04-02;M;Bootcamp;1;270;150;App;Dota 2;4.0;0
SESS-10628;2026-08-29 16:33:50;USR-1054;2008-05-14;M;Bootcamp;8;1040;1200;Card;Deadlock;4.0;0
SESS-10128;2026-08-09 18:44:44;USR-1251;2001-12-01;M;VIP;2;0;400;App;CS2;;0
SESS-10009;2026-08-22 01:22:18;USR-1080;2007-12-19;M;VIP;8;1360;1600;Card;Dota 2;4.5;0
SESS-12297;2026-08-18 15:12:51;USR-1023;2010-02-02;M;Standard;2;0;200;App;Valorant;5.0;0
SESS-11885;2026-08-02 17:45:12;USR-1652;2011-02-19;M;Standard;3;0;300;Cash;Minecraft;4.5;0
SESS-14626;2026-08-15 12:33:08;USR-1486;1996-12-13;M;VIP;3;0;600;App;CS2;;0
SESS-13482;2026-08-22 22:35:38;USR-1333;2006/04/01;M;Bootcamp;8;1106;1080;App;CS2;;1
SESS-14128;2026-08-28 17:38:42;USR-1701;2010-07-18;M;Standard;2;0;200;App;Deadlock;;0
SESS-10716;2026-08-16 00:50:28;USR-1068;2011-11-23;F;Standard;8;0;800;Cash;Minecraft;;0
SESS-15852;2026-08-15 01:49:37;USR-1048;2003-07-10;F;PS5;5;0;1250;Card;Minecraft;;0
SESS-15158;2026-08-12 10:42:04;USR-1351;2006-08-16;M;Standard;2;160;200;Card;Deadlock;5.0;0
SESS-16866;2026-08-20 11:37:49;USR-1474;1995-07-09;M;VIP;1;270;200;Card;Dota 2;;0
SESS-10644;2026-08-23 12:05:33;USR-1520;2008-10-24;M;Standard;2;0;200;Card;CS2;;0
SESS-11567;2026-08-04 14:46:41;USR-1081;1997-02-08;F;VIP;3;1470;540;Card;Dota 2;4.0;1
SESS-10475;2026-08-23 15:48:23;USR-1652;2011-02-19;M;Standard;3;0;300;App;CS2;;0
SESS-13452;2026-08-29 12:30:09;USR-1656;2011-05-01;M;Standard;1;0;100;App;Dota 2;;0
SESS-14302;2026-08-21 00:16:45;USR-1463;2011-01-17;M;Bootcamp;8;0;1200;App;Valorant;4.5;0
SESS-13691;2026-08-30 11:41:02;USR-1065;2009-08-26;F;Standard;2;0;200;Cash;CS2;;0
SESS-10776;2026-08-19 00:38:20;USR-1081;1997-02-08;F;Standard;8;960;800;Card;PUBG;4.0;0
SESS-14709;15.08.2026 21:38:43;USR-1226;2005-09-13;M;Bootcamp;2;448;270;Card;CS2;;1
SESS-11886;2026-08-21 15:07:36;USR-1422;2012-06-23;M;PS5;2;120;500;App;CS2;5.0;0
SESS-10862;2026-08-16 20:06:28;USR-1652;2011-02-19;M;Bootcamp;2;0;300;App;PUBG;;0
SESS-13957;2026-08-15 14:45:34;USR-1031;1993-08-21;M;Standard;2;360;200;Card;Valorant;;0
SESS-16784;2026-08-10 21:00:26;USR-1276;2007-02-25;M;Standard;2;240;200;App;Dota 2;;0
SESS-12777;2026-08-28 01:31:27;USR-1344;2003-07-19;F;Bootcamp;8;1554;1080;App;CS2;;1
SESS-10778;2026-08-21 16:42:08;USR-1124;2004-09-24;M;Standard;2;320;200;Card;Dota 2;;0
SESS-14869;2026-08-29 19:24:17;USR-1050;2008-12-03;F;Standard;1;160;100;App;CS2;5.0;0
SESS-10880;2026-08-17 19:32:29;USR-1022;2012-11-14;F;Standard;12;0;1080;Card;Minecraft;;1
SESS-11708;2026-08-22 11:02:08;USR-1742;2008-04-20;M;Standard;1;120;100;Card;PUBG;4.0;0
SESS-15418;2026-08-29 19:52:35;USR-1118;2006-10-19;F;Standard;1;0;100;Cash;CS2;;0
SESS-15227;2026-08-29 12:09:59;USR-1149;2003-10-27;M;PS5;4;0;1000;Card;Dota 2;4.0;0
SESS-16381;2026-08-09 22:40:29;USR-1490;1999-01-03;M;Standard;3;750;300;App;Cyberpunk 2077;;0
SESS-16443;2026-08-12 14:42:23;USR-1503;2004-06-09;M;PS5;2;0;500;Card;CS2;;0
SESS-15509;2026-08-09 15:31:39;USR-1284;2007-03-19;F;Standard;5;0;450;Card;GTA V;5.0;1
SESS-14225;2026-08-23 18:54:50;USR-1725;2005-09-06;M;Bootcamp;3;616;405;App;CS2;3.0;1
SESS-14041;2026-08-14 09:51:02;USR-1069;2011-02-16;M;Standard;1;80;100;Cash;Valorant;5.0;0
SESS-12597;2026-08-29 01:08:25;USR-1519;2010-11-07;M;PS5;3;0;750;App;PUBG;4.0;0
SESS-15261;2026-08-14 21:28:51;USR-1118;2006-10-19;F;Standard;2;160;200;App;Deadlock;;0
SESS-10230;2026-08-08 20:08:20;USR-1135;2008-12-16;M;VIP;1;230;200;Card;Dota 2;;0
SESS-12705;2026-08-27 12:05:08;USR-1111;2011-09-06;M;Standard;4;336;360;Cash;CS2;4.0;1
SESS-15260;2026-08-09 16:05:53;USR-1125;2006-07-09;F;Standard;4;896;360;App;Dota 2;;1
SESS-13075;2026-08-23 16:38:26;USR-1117;2006-12-19;M;Standard;1;0;100;Card;Minecraft;;0
SESS-16002;2026-08-04 17:56:41;USR-1154;1987-12-02;M;PS5;3;0;750;Card;GTA V;;0
SESS-16004;2026-08-29 23:34:35;USR-1743;2005-12-14;M;Bootcamp;8;1360;1200;Card;Dota 2;4.5;0
SESS-10669;2026-08-17 15:04:26;USR-1673;1991-07-10;M;Standard;2;0;200;App;Deadlock;5.0;0
SESS-14026;2026-08-08 12:02:06;USR-1050;2008-12-03;F;Bootcamp;4;560;540;Cash;Deadlock;2.0;1
SESS-10054;2026-08-22 21:04:27;USR-1598;2005-02-28;M;Bootcamp;1;270;150;Card;CS2;;0
SESS-10631;2026-08-31 20:55:01;USR-1534;2009-09-17;M;Bootcamp;2;80;300;Card;Dota 2;4.0;0
SESS-11608;2026-08-27 16:32:51;USR-1181;1994-12-13;F;Bootcamp;5;1260;675;Card;CS2;4.5;1
SESS-16550;2026-08-22 01:49:32;USR-1350;2012-11-16;M;Standard;12;960;1200;Cash;Dota 2;4.0;0
SESS-15358;2026-08-07 17:40:12;USR-1469;1995-12-27;M;VIP;4;1300;800;Card;Dota 2;;0
SESS-14882;2026-08-04 09:22:17;USR-1130;2008-05-01;F;VIP;4;1106;720;Card;Deadlock;4.5;1
SESS-10616;2026-08-07 09:49:46;USR-1010;2007-09-24;M;Standard;3;672;270;App;CS2;;1
SESS-13748;2026-08-01 15:38:00;USR-1339;2011-06-06;M;Standard;3;0;300;Cash;Deadlock;;0
SESS-11667;2026-08-02 00:38:02;USR-1083;2000-08-19;M;PS5;3;840;750;Card;Browser/Work;4.0;0
SESS-16930;2026-08-23 11:21:32;USR-1486;1996-12-13;M;VIP;1;550;200;Card;Dota 2;;0
SESS-14898;2026-08-09 00:38:43;USR-1146;2004-01-15;M;Bootcamp;8;1360;1200;Card;CS2;5.0;0
SESS-12002;2026-08-22 00:11:24;USR-1138;2003-02-26;F;VIP;8;0;1440;Card;CS2;4.0;1
SESS-11544;2026-08-30 00:13:06;USR-1556;2009-08-19;M;Bootcamp;8;0;1200;Cash;GTA V;5.0;0
SESS-12907;2026-08-30 17:03:15;USR-1200;2008-10-20;F;VIP;1;240;200;Card;Dota 2;;0
SESS-12139;2026-08-10 12:26:50;USR-1513;2005-03-25;M;Standard;4;448;360;App;Dota 2;5.0;1
SESS-11769;2026-08-28 12:52:51;USR-1754;2012-09-14;F;Standard;4;0;400;App;Minecraft;4.0;0
SESS-15015;2026-08-07 00:34:00;USR-1108;2002-06-14;M;VIP;5;0;1000;App;Dota 2;5.0;0
SESS-13402;2026-08-27 00:18:05;USR-1618;2007-04-14;M;VIP;2;240;400;Card;Dota 2;;0
SESS-15795;2026-08-25 18:26:51;USR-1089;2012-05-15;M;Standard;8;0;800;Cash;PUBG;3.0;0
SESS-12310;2026-08-15 02:32:23;USR-1057;2007-12-06;M;Standard;2;0;200;Card;CS2;;0
SESS-16485;2026-08-16 15:38:31;USR-1067;2011-04-02;M;Standard;3;0;300;App;GTA V;;0
SESS-11508;2026-08-14 00:41:09;USR-1109;2011-12-05;M;Standard;5;200;500;App;Deadlock;;0
SESS-15638;2026-08-10 18:13:41;USR-1265;2010-09-20;F;Standard;4;0;400;Cash;CS2;;0
SESS-14071;2026-08-07 06:23:52;USR-1061;2004-03-24;M;VIP;2;310;400;Card;Dota 2;;0
SESS-16559;2026-08-21 18:55:45;USR-1063;2007-02-12;M;Standard;12;1440;1200;Card;Valorant;;0
SESS-11874;2026-08-23 19:10:40;USR-1062;1998-04-23;M;VIP;3;510;600;Card;Browser/Work;4.0;0
SESS-10315;2026-08-21 18:08:13;USR-1045;2006-09-28;M;Bootcamp;2;470;300;Card;Deadlock;;0
SESS-15652;2026-08-11 17:57:35;USR-1174;1996-03-09;M;Standard;3;540;300;Card;CS2;;0
SESS-16127;2026-08-30 09:18:11;USR-1019;2011-02-06;M;Standard;2;0;200;Cash;Valorant;;0
SESS-12386;2026-08-02 12:55:24;USR-1319;2009-08-08;M;Standard;1;40;100;Cash;Dota 2;;0
SESS-13711;2026-08-21 19:01:52;USR-1036;2005-06-28;M;Bootcamp;3;882;405;Cash;CS2;3.0;1
SESS-10987;2026-08-06 14:39:28;USR-1141;2007-07-14;M;Bootcamp;2;560;270;App;Dota 2;4.0;1
SESS-11974;2026-08-11 16:44:50;USR-1432;2004-10-17;M;Bootcamp;2;0;300;App;Dota 2;;0
SESS-10115;2026-08-15 19:55:18;USR-1236;2005-02-03;M;VIP;2;0;400;Card;Apex Legends;3.0;0
SESS-17157;2026-08-28 14:30:26;USR-1058;2008-11-03;M;Standard;2;320;200;Card;CS2;;0
SESS-16145;2026-08-16 14:11:03;USR-1099;2001-07-16;M;Standard;3;672;270;Card;Dota 2;5.0;1
SESS-17227;2026-08-07 22:14:27;USR-1420;2010-01-14;M;Standard;8;0;800;App;Dota 2;;0
SESS-12138;2026-08-23 21:47:30;USR-1264;2011-03-02;M;Standard;2;0;180;App;Valorant;;1
SESS-14535;2026-08-01 18:32:03;USR-1562;1999-02-01;M;Standard;1;120;100;Card;Dota 2;;0
SESS-13356;2026-08-14 15:54:35;USR-1673;1991-07-10;M;PS5;4;1020;1000;Card;Cyberpunk 2077;4.5;0
SESS-13846;2026-08-09 00:55:13;USR-1152;2006-12-04;M;Standard;8;0;800;Card;Dota 2;;0
SESS-12129;2026-08-08 13:46:28;USR-1013;2010-03-22;F;Bootcamp;2;0;270;Cash;Minecraft;;1
SESS-15239;2026-08-07 02:46:25;USR-1134;1995-04-07;M;VIP;1;270;200;Card;CS2;5.0;0
SESS-11438;2026-08-18 19:17:02;USR-1645;2008-11-08;M;Standard;1;0;100;App;CS2;5.0;0
SESS-10178;2026-08-04 17:33:41;USR-1052;2011-10-25;M;Standard;3;0;300;Card;Deadlock;4.5;0
SESS-16936;2026-08-30 21:26:56;USR-1292;2004-05-07;M;Standard;3;240;300;App;Deadlock;;0
SESS-16217;2026-08-07 18:18:58;USR-1019;2011-02-06;M;Standard;1;0;100;App;GTA V;5.0;0
SESS-16884;2026-08-23 21:08:29;USR-1679;2005-07-27;F; Bootcamp ;1;0;100;App;CS2;;0
SESS-10458;2026-08-20 22:27:04;USR-1464;1994-12-06;M;VIP;3;660;600;Card;Deadlock;;0
SESS-16983;2026-08-30 20:58:24;USR-1677;2011-02-09;M;Bootcamp;4;0;600;App;Minecraft;4.5;0
SESS-13900;2026-08-11 03:24:15;USR-1550;2006-08-25;M;VIP;3;440;600;Card;Valorant;4.0;0
SESS-16150;2026-08-09 21:06:38;USR-1343;2011-12-27;M;Bootcamp;2;0;300;Cash;Minecraft;;0
SESS-12006;2026-08-22 21:02:03;USR-1027;2010-04-02;F;Bootcamp;4;160;600;Card;Valorant;4.0;0
SESS-11772;2026-08-05 17:59:57;USR-1611;2011-11-18;M;Standard;2;0;200;App;Minecraft;;0
SESS-16683;2026-08-01 10:49:28;USR-1761;2001-02-23;F;Standard;8;0;800;App;Dota 2;5.0;0
SESS-14435;2026-08-29 22:09:19;USR-1610;2008-10-26;M;Standard;8;1792;720;Card;Valorant;5.0;1
SESS-13713;2026-08-10 01:39:37;USR-1440;2008-07-19;M;Standard;12;1920;1200;Card;Valorant;2.0;0
SESS-16432;2026-08-28 18:34:54;USR-1680;2011-10-20;M;Bootcamp;8;0;1080;Cash;Minecraft;5.0;1
SESS-14833;2026-08-27 12:33:30;USR-1157;2011-01-17;M;Standard;1;0;100;Cash;CS2;4.0;0
SESS-10212;2026-08-10 13:16:01;USR-1075;1995-03-20;F;PS5;3;965;675;App;Dota 2;4.5;1
SESS-16111;2026-08-04 12:46:39;USR-1065;2009-08-26;F;Standard;3;0;300;App;CS2;;0
SESS-11078;2026-08-21 04:38:07;USR-1058;2008-11-03;M;Standard;3;0;300;App;CS2;;0
SESS-11382;2026-08-18 17:38:04;USR-1276;2007-02-25;M;Standard;2;0;200;Cash;CS2;;0
SESS-10355;2026-08-12 19:17:37;USR-1143;2006-07-15;F;Standard;5;560;450;App;Dota 2;4.0;1
SESS-14796;2026-08-31 03:10:13;USR-1730;1997-10-12;M;Bootcamp;2;650;300;App;Cyberpunk 2077;5.0;0
SESS-16960;2026-08-06 13:05:09;USR-1195;2010-04-23;M;Standard;2;0;200;App;Valorant;;0
SESS-11393;2026-08-08 16:25:22;USR-1084;2006-01-24;M;VIP;3;0;600;Card;Dota 2;;0
SESS-15953;2026-08-18 23:27:33;USR-1177;2005-10-03;M;VIP;5;1050;900;App;Deadlock;4.5;1
SESS-12351;2026-08-15 20:26:14;USR-1011;2011-12-14;M;Standard;5;420;450;App;Minecraft;5.0;1
SESS-15376;2026-08-28 07:21:25;USR-1158;1993-07-18;M;Bootcamp;1 часа;550;150;Card;GTA V;;0
SESS-15049;2026-08-03 20:28:31;USR-1652;2011-02-19;M;PS5;2;160;500;Card;Valorant;;0
SESS-10217;2026-08-21 18:26:42;USR-1111;2011-09-06;M;Standard;5;0;500;App;Minecraft;4.0;0
SESS-16647;2026-08-19 17:02:18;USR-1605;1996-02-16;M;Standard;1;0;100;App;Cyberpunk 2077;4.5;0
SESS-16932;2026-08-15 19:06:14;USR-1429;2012-02-11;M;Bootcamp;2;0;300;Cash;Minecraft;5.0;0
SESS-10273;2026-08-18 18:33:43;USR-1188;2007-03-11;M;VIP;4;0;720;Card;Valorant;4.5;1
SESS-15076;2026-08-30 11:38:54;USR-1763;2009-07-07;M;PS5;1;60;250;Cash;Minecraft;;0
SESS-12678;2026-08-28 12:50:03;USR-1483;2005-08-26;M;Standard;3;0;300;Card;CS2;;0
SESS-13733;2026-08-06 21:41:48;USR-1100;2011-02-25;M;Standard;2;0;200;Cash;CS2;4.5;0
SESS-13004;2026-08-15 01:09:35;USR-1036;2005-06-28;M;Bootcamp;5;0;750;Card;CS2;;0
SESS-10831;2026-08-05 16:57:20;USR-1665;1998-03-01;M;Standard;3;0;300;Card;CS2;;0
SESS-15901;2026-08-06 11:24:42;USR-1752;2010-12-20;F;Standard;3;0;300;Cash;Apex Legends;;0
SESS-13742;2026-08-29 22:37:19;USR-1101;2003-05-22;M;PS5;2;320;500;Card;Dota 2;;0
SESS-11479;2026-08-18 20:19:08;USR-1134;1995-04-07;M;PS5;2;546;450;App;Dota 2;;1
SESS-16626;2026-08-29 21:49:31;USR-1530;2005-12-18;M;Bootcamp;4;560;540;Card;CS2;5.0;1
SESS-13540;2026-08-05 19:34:49;USR-1003;2010-11-08;M;Standard;3;240;300;Card;CS2;1.0;0
SESS-14687;2026-08-13 19:32:32;USR-1099;2001-07-16;M;VIP;1;0;200;App;GTA V;;0
SESS-13406;2026-08-13 13:11:38;USR-1121;2007-05-26;M;Bootcamp;2;0;300;App;GTA V;;0
SESS-14268;2026-08-29 13:35:50;USR-1183;2009-12-28;F;Standard;1;0;100;App;CS2;;0
SESS-12735;2026-08-27 19:18:09;USR-1006;2007-06-18;M;Bootcamp;2;470;300;Card;Deadlock;2.0;0
SESS-12692;2026-08-16 13:50:52;USR-1131;2006-04-07;M;VIP;2;310;400;App;Dota 2;;0
SESS-12401;2026-08-21 19:22:04;USR-1233;2012-06-10;M;VIP;2;80;400;App;Dota 2;;0
SESS-14409;2026-08-18 02:41:16;USR-1456;2010-01-11;M;Standard;2;120;200;App;Valorant;4.5;0
SESS-11783;2026-08-27 22:46:05;USR-1771;1997-03-02;M;ps5;5;1200;1000;App;CS2;5.0;0
SESS-10706;2026-08-15 15:20:05;USR-1291;2003-11-11;M;Bootcamp;2;448;270;App;CS2;;1
SESS-16440;2026-08-16 15:13:52;USR-1785;2006-02-09;M;Standard;4;480;400;Card;Dota 2;;0
SESS-11782;2026-08-24 18:44:26;USR-1523;2006-10-11;M;Standard;4;896;360;App;Valorant;;1
SESS-12454;2026-08-30 14:00:06;USR-1757;2001-08-06;M;Bootcamp;2;448;270;App;Dota 2;5.0;1
SESS-10113;2026-08-08 12:51:41;USR-1057;2007-12-06;M;VIP;2;240;400;App;Valorant;;0
SESS-16256;2026-08-16 01:34:55;USR-1472;2011-03-03;M;VIP;5;0;1000;App;Dota 2;;0
SESS-10618;2026-08-02 23:56:40;USR-1328;2005-07-26;M;Standard;12;0;1200;Card;Minecraft;;0
SESS-10101;2026/08/09 20:01:24;USR-1042;1997-02-02;M;VIP;3;900;600;Card;CS2;5.0;0
SESS-14233;2026-08-30 20:08:24;USR-1612;2000-09-21;F;PS5;3 ч.;0;750;Card;CS2;5.0;0
SESS-11376;2026-08-17 16:36:27;USR-1624;2004-05-20;M;Bootcamp;3;0;450;Card;CS2;4.5;0
SESS-10816;2026-08-23 04:41:10;USR-1731;2004-01-13;M;PS5;3;0;750;App;Apex Legends;5.0;0
SESS-17181;2026-08-20 19:54:49;USR-1230;1999-07-10;F;Standard;2 ч.;360;200;Card;Dota 2;4.0;0
SESS-14951;2026-08-03 15:08:41;USR-1074;2011-11-23;F;PS5;2;0;500;Cash;Dota 2;;0
SESS-11596;2026-08-02 20:34:57;USR-1064;2004-07-08;M;Standard;2;0;200;Card;Dota 2;4.5;0
SESS-16159;2026-08-19 09:09:34;USR-1513;2005-03-25;M;PS5;2;0;500;Card;Dota 2;;0
SESS-17014;2026-08-26 13:32:43;USR-1099;2001-07-16;M;Standard;3;336;270;Card;Deadlock;;1
SESS-12807;2026-08-17 16:25:00;USR-1393;2005-12-17;M;Bootcamp;3;320;450;Card;CS2;;0
SESS-14334;2026-08-09 20:10:34;USR-1204;1984-08-22;M;VIP;1;400;200;Card;PUBG;5.0;0
SESS-11051;2026-08-21 19:51:48;USR-1643;2010-06-01;M;Bootcamp;2;0;300;Cash;Minecraft;4.0;0
SESS-13866;2026-08-04 20:18:06;USR-1501;2009-12-11;F;Standard;2;160;200;App;CS2;;0
SESS-15751;2026-08-22 12:53:52;USR-1038;2010-06-02;M;Standard;3;0;300;Card;Minecraft;5.0;0
SESS-16772;2026-08-16 19:23:38;USR-1662;2010-08-09;M;Standard;4;0;360;App;Valorant;3.0;1
SESS-16292;2026-08-03 14:18:45;USR-1019;2011-02-06;M;Bootcamp;2;120;300;Cash;CS2;5.0;0
SESS-13000;2026-08-31 19:03:41;USR-1391;2005-06-01;M;Bootcamp;2;400;300;Card;Dota 2;;0
SESS-11113;2026-08-29 22:43:31;USR-1146;2004-01-15;M;Standard;5;0;500;Card;Dota 2;4.5;0
SESS-11809;2026-08-05 16:37:49;USR-1209;1997-08-10;M;VIP;5;1959;900;Card;Cyberpunk 2077;;1
SESS-10753;2026-08-29 19:47:16;USR-1456;2010-01-11;M;Standard;4;0;400;App;CS2;;0
SESS-12360;2026-08-21 14:15:12;USR-1126;1996-07-13;F;Bootcamp;8;1260;1200;Card;CS2;4.0;0
SESS-16858;2026-08-01 20:09:53;USR-1201;2006-07-13;M;Bootcamp;1;0;150;App;Dota 2;4.0;0
SESS-15590;2026-08-08 23:21:39;USR-1727;1996-03-17;M;VIP;5;750;1000;App;Dota 2;4.5;0
SESS-11542;2026-08-15 13:31:36;USR-1681;2006-06-11;M;Standard;3;336;270;Card;CS2;5.0;1
SESS-14013;2026-08-19 18:08:27;USR-1454;2006-11-21;M;Standard;3;503;270;Card;Dota 2;;1
SESS-12020;2026-08-26 15:17:09;USR-1509;2008-10-13;F;VIP;3;390;600;App;Cyberpunk 2077;;0
SESS-15195;2026-08-13 10:44:10;USR-1594;2004-06-08;M;Standard;2;0;200;Card;Dota 2;;0
SESS-11698;2026-08-10 18:06:16;USR-1670;2005-09-01;M;Standard;2;240;200;Card;CS2;;0
SESS-14066;2026-08-12 22:36:58;USR-1264;2011-03-02;M;Standard;5;0;500;Cash;CS2;3.0;0
SESS-14149;2026-08-07 17:00:58;USR-1368;2006-03-28;M;Standard;2;240;200;Card;CS2;4.0;0
SESS-12078;2026-08-27 19:43:13;USR-1420;2010-01-14;M;Standard;1;0;90;App;Dota 2;;1
SESS-17027;2026-08-24 02:43:24;USR-1045;2006-09-28;M;Standard;2;160;200;Card;CS2;4.0;0
SESS-14151;2026-08-01 15:02:56;USR-1792;2008-07-22;F;PS5;2;160;500;Cash;CS2;;0
SESS-12784;2026-08-30 21:55:59;USR-1047;2004-05-25;M;Standard;1;80;100;Card;Apex Legends;;0
SESS-12915;2026/08/23 17:05:56;USR-1580;1996-10-04;M;VIP;3;0;600;Card;Browser/Work;4.5;0
SESS-10732;2026-08-31 18:05:55;USR-1255;2006-08-03;M;VIP;1;0;200;Card;CS2;4.5;0
SESS-12034;2026-08-16 19:37:59;USR-1059;2010-04-18;M;Standard;1;0;100;Cash;Minecraft;;0
SESS-12894;2026-08-29 15:13:03;USR-1103;2008-10-01;M;Standard;4;0;400;Card;Valorant;;0
SESS-11561;2026-08-01 22:26:39;USR-1176;2011-08-02;M;PS5;12;0;3000;Cash;CS2;;0
SESS-11632;2026-08-31 11:00:43;USR-1217;2004-06-24;M;VIP;3;560;600;Card;Deadlock;;0
SESS-14237;2026-08-27 23:34:48;USR-1686;2006-06-04;M;VIP;8;720;1600;Card;PUBG;;0
SESS-17255;2026-08-29 10:54:06;USR-1527;1996-01-05;M;Standard;2;503;180;App;GTA V;;1
SESS-12304;2026-08-21 05:38:08;USR-1617;2006-01-04;M;Standard;4;0;360;Card;GTA V;;1
SESS-12858;2026-08-15 14:31:20;USR-1015;1998-01-18;M;VIP;2;650;400;Cash;CS2;;0
SESS-12175;2026-08-05 19:32:08;USR-1008;2001-12-13;M;Standard;5;0;500;Card;Dota 2;4.0;0
SESS-11648;2026-08-24 02:37:50;USR-1134;1995-04-07;M;Bootcamp;1;0;150;Card;CS2;;0
SESS-13150;2026-08-14 02:37:06;USR-1758;2011-01-07;F;Standard;3;0;300;App;Minecraft;;0
SESS-14187;2026-08-16 13:40:26;USR-1116;2006-12-01;M;VIP;3;320;600;Card;Deadlock;;0
SESS-12672;2026-08-11 16:42:01;USR-1014;2010-07-18;F;Standard;2;0;200;App;CS2;;0
SESS-16234;2026-08-08 15:47:54;USR-1328;2005-07-26;M;Bootcamp;1;0;150;Card;Dota 2;;0
SESS-10563;2026-08-02 14:58:30;USR-1746;2007-05-24;M;Standard;5;800;500;Card;CS2;4.0;0
SESS-11372;2026-08-12 16:43:49;USR-1269;1996-06-20;M;VIP;1;420;200;Card;Dota 2;4.5;0
SESS-14608;2026-08-28 16:49:48;USR-1142;2009-05-05;M;Bootcamp;1;0;150;Card;Dota 2;4.5;0
SESS-15176;2026-08-13 19:20:13;USR-1077;1996-09-03;M;Standard;3;540;300;Card;CS2;5.0;0
SESS-13355;2026-08-17 01:41:43;USR-1244;2005-04-18;M;Standard;12;1344;1080;App;Deadlock;4.5;1
SESS-10459;2026-08-02 11:41:04;USR-1692;2007-04-02;M;Standard;2;0;200;App;CS2;;0
SESS-10125;2026-08-14 05:26:05;USR-1714;2011-01-27;M;Standard;2;0;200;Card;Valorant;;0
SESS-13180;2026-08-01 20:57:02;USR-1017;2010-09-20;M;Standard;2;0;200;App;CS2;3.0;0
SESS-14124;2026-08-01 10:47:28;USR-1019;2011-02-06;M;Standard;5;280;450;App;Deadlock;;1
SESS-10195;2026-08-16 12:58:05;USR-1112;2008-11-25;M;Standard;2;0;200;Card;Dota 2;;0
SESS-14533;2026-08-14 23:58:10;USR-1691;2012-06-12;M;Bootcamp;3;180;450;App;CS2;;0
SESS-17013;2026-08-24 19:02:03;USR-1116;2006-12-01;M;Standard;4;672;360;Card;CS2;4.5;1
SESS-13120;2026-08-22 21:25:55;USR-1602;2005-10-19;F;Standard;3;240;300;Card;PUBG;;0
SESS-12390;2026-08-30 14:57:58;USR-1152;2006-12-04;M;Bootcamp;2;0;300;Card;CS2;;0
SESS-10609;2026-08-07 14:05:56;USR-1086;1990-06-20;M;PS5;5;1470;1125;Card;PUBG;;1
SESS-15563;2026-08-17 02:53:17;USR-1417;2011-07-24;M;Standard;1;0;100;App;Dota 2;;0
SESS-14462;2026-08-08 19:17:37;USR-1164;2005-09-09;M;Standard;2;0;200;Card;Valorant;;0
SESS-14243;2026-08-28 21:24:29;USR-1495;1992-04-19;M;VIP;3;660;600;Card;CS2;4.5;0
SESS-10207;2026-08-28 16:32:25;USR-1222;2005-04-07;M;Bootcamp;1;270;150;Card;CS2;;0
SESS-13435;2026-08-26 14:17:26;USR-1097;2006-04-09;M;Bootcamp;2;0;300;Card;Valorant;;0
SESS-14295;2026-08-12 18:35:52;USR-1154;1987-12-02;M;VIP;3;923;540;Card;PUBG;;1
SESS-11325;2026-08-04 02:52:01;USR-1066;2011-12-15;M;Bootcamp;8;0;1200;Cash;Dota 2;5.0;0
SESS-15121;2026-08-23 06:22:02;USR-1163;2007-06-19;M;Standard;5;1120;450;Card;GTA V;;1
SESS-15208;2026-08-18 19:34:44;USR-1372;2003-04-10;M;Standard;2;240;200;Card;Valorant;;0
SESS-15443;2026-08-22 15:53:04;USR-1496;1995-12-05;M;VIP;2;0;400;Cash;CS2;;0
SESS-16140;2026-08-08 18:06:48;USR-1623;2004-12-22;M;Standard;3;0;270;Card;Dota 2;;1
SESS-12054;2026-08-31 19:09:18;USR-1743;2005-12-14;M;VIP;1;310;200;App;PUBG;5.0;0
SESS-12506;2026-08-06 17:10:57;USR-1044;1996-12-25;M;Standard;2;500;200;Card;PUBG;;0
SESS-12198;2026-08-17 20:22:08;USR-1061;2004-03-24;M;VIP;2;0;400;App;CS2;;0
SESS-10279;2026-08-08 14:18:33;USR-1093;2004-06-23;F;Standard;1;0;100;Card;CS2;;0
SESS-14337;2026-08-29 14:46:35;USR-1553;2002-05-22;M;Bootcamp;1;200;150;Card;Apex Legends;;0
SESS-17183;2026-08-01 01:03:57;USR-1222;2005-04-07;M;Standard;8;640;800;Card;Dota 2;;0
SESS-14061;2026-08-30 17:43:46;USR-1577;2006-09-22;M;VIP;1;0;200;Card;Apex Legends;4.5;0
SESS-16491;2026-08-20 17:11:47;USR-1076;2003-01-05;M;Standard;1;80;100;App;Dota 2;3.0;0
SESS-12437;2026-08-21 19:17:31;USR-1648;2007-03-17;M;Standard;2;160;200;Card;Dota 2;2.0;0
SESS-10704;2026-08-10 19:06:12;USR-1724;2005-09-17;M;Standard;2;0;200;;Valorant;;0
SESS-11383;2026-08-12 08:55:44;USR-1018;2011-02-01;M;Standard;2;0;200;Cash;Apex Legends;;0
SESS-10984;2026-08-08 14:45:23;USR-1323;2004-06-11;F;Bootcamp;1;230;150;App;CS2;5.0;0
SESS-13598;2026-08-04 15:24:58;USR-1542;2007-02-24;M;VIP;1;0;200;;CS2;;0
SESS-15709;2026-08-14 14:24:36;USR-1595;1998-03-16;M;Standard;8;1344;720;App;Cyberpunk 2077;4.5;1
SESS-15397;2026-08-30 10:23:17;USR-1054;2008-05-14;M;Standard;2;224;180;Card;Deadlock;;1
SESS-17252;2026-08-23 21:34:09;USR-1520;10/24/2008;M;Bootcamp;3;882;405;Card;CS2;3.0;1
SESS-14746;2026-08-16 19:48:43;USR-1108;2002-06-14;M;PS5;2;240;500;Card;Dota 2;4.5;0
SESS-15318;2026-08-25 13:52:53;USR-1174;1996-03-09;M;Standard;1;0;100;Card;PUBG;;0
SESS-16174;2026-08-07 20:48:54;USR-1035;1998-09-03;M;VIP;3;1260;540;Card;GTA V;4.5;1
SESS-14981;2026-08-22 13:27:39;USR-1004;2011-07-04;M;Bootcamp;2;0;300;App;Minecraft;;0
SESS-15697;08/09/2026 13:14:17;USR-1394;2006-07-03;M;Standard;2;0;180;App;Dota 2;;1
SESS-13712;2026-08-27 21:16:26;USR-1656;2011-05-01;M;Standard;2;0;200;Cash;Minecraft;5.0;0
SESS-15492;2026-08-07 16:34:09;USR-1184;2002-05-24;M;Standard;1;0;100;Card;CS2;;0
SESS-11528;2026-08-11 15:33:59;USR-1110;2006-09-11;F;Standard;2;0;200;Card;CS2;;0
SESS-14868;2026-08-29 20:13:29;USR-1293;2006-06-03;M;VIP;3;448;540;Card;CS2;;1
SESS-12855;2026-08-22 13:55:33;USR-1102;2011-08-12;M;Standard;1;0;100;App;CS2;;0
SESS-11495;2026-08-02 18:53:46;USR-1650;2011-04-01;F;PS5;2;80;500;App;Valorant;;0
SESS-15636;2026-08-30 19:13:51;USR-1609;1999-09-26;M;VIP;1;0;200;Card;Dota 2;;0
SESS-11617;2026-08-22 22:16:48;USR-1658;2003-06-14;M;Bootcamp;5;950;750;Card;Dota 2;5.0;0
SESS-11605;2026-08-22 08:32:08;USR-1010;2007-09-24;M;VIP;5;1232;900;App;Deadlock;4.5;1
SESS-14393;2026-08-03 18:06:55;USR-1411;2010-06-20;M;Standard;2;80;200;Card;Minecraft;4.5;0
SESS-12814;2026-08-05 20:33:29;USR-1017;2010-09-20;M;VIP;3;0;600;App;CS2;4.5;0
SESS-14481;2026-08-20 23:01:48;USR-1146;2004-01-15;M;VIP;12;0;2400;Card;CS2;4.5;0
SESS-15016;2026-08-23 17:22:29;USR-1182;2011-02-24;M;Standard;2;0;200;App;Minecraft;2.0;0
SESS-12856;2026-08-06 15:26:44;USR-1379;2011-08-24;F;Bootcamp;2;80;300;App;Dota 2;;0
SESS-12572;2026-08-16 12:36:46;USR-1069;2011-02-16;M;Bootcamp;3;0;405;Cash;Dota 2;5.0;1
SESS-12829;2026-08-19 18:57:56;USR-1207;2010-06-10;M;Bootcamp;2;0;300;Cash;Dota 2;;0
SESS-13945;2026-08-26 16:51:33;USR-1446;1988-03-22;M;VIP;3;1470;540;Card;PUBG;5.0;1
SESS-15961;2026-08-21 17:22:09;USR-1511;2006-12-18;M;VIP;3;0;600;Card;Deadlock;;0
SESS-16537;2026-08-15 16:16:46;USR-1613;2011-11-27;M;Standard;4;0;400;App;Valorant;;0
SESS-14737;2026-08-27 18:31:05;USR-1778;2012-02-10;M;Bootcamp;2;0;300;App;Dota 2;;0
SESS-10519;2026-08-21 10:07:15;USR-1358;1999-07-08;M;Standard;2;360;200;Card;CS2;;0
SESS-14670;2026-08-20 01:22:05;USR-1028;2005-02-10;M;Bootcamp;8;720;1200;Card;CS2;;0
SESS-16160;2026-08-12 01:58:35;USR-1454;2006-11-21;M;Standard;5;0;500;Cash;CS2;1.0;0
SESS-12266;2026-08-26 17:17:15;USR-1724;2005-09-17;M;Bootcamp;1;0;150;Card;Valorant;;0
SESS-10133;2026-08-18 13:30:47;USR-1646;2011-06-16;M;Bootcamp;3;240;450;Cash;Valorant;5.0;0
SESS-13474;2026-08-21 19:09:17;USR-1102;2011-08-12;M;Standard;1;80;100;Card;Deadlock;;0
SESS-12130;2026-08-19 02:19:05;USR-1044;1996-12-25;M;PS5;1;400;250;App;CS2;;0
SESS-11149;2026-08-05 22:31:03;USR-1146;2004-01-15;M;VIP;8;790;1600;Card;Dota 2;5.0;0
SESS-11356;2026-08-24 02:59:52;USR-1378;1995-11-07;M;Standard;1;180;100;App;Dota 2;2.0;0
SESS-14703;2026-08-12 17:19:52;USR-1728;2008-12-03;M;VIP;1;230;200;Card;Valorant;;0
SESS-13171;2026-08-31 19:15:46;USR-1746;2007-05-24;M;PS5;3;480;750;Cash;Deadlock;4.5;0
SESS-11120;2026-08-27 15:41:07;USR-1504;2005-03-12;F;Standard;4;480;400;Card;CS2;4.0;0
SESS-16238;2026-08-26 08:59:48;USR-1571;1989-09-02;M;Standard;1;350;90;App;CS2;4.5;1
SESS-11800;2026-08-16 20:26:14;USR-1653;2006-11-11;F;Standard;5;0;450;App;Deadlock;;1
SESS-16340;2026-08-12 01:06:55;USR-1219;1996-02-18;F;VIP;8;2150;1600;Card;GTA V;4.0;0
SESS-14416;2026-08-16 13:25:01;USR-1461;2007-03-09;M;VIP;3;714;540;Card;Dota 2;4.5;1
SESS-12049;2026-08-10 21:19:07;USR-1315;2009-12-08;M;Standard;3;0;300;App;Dota 2;;0
SESS-14803;2026-08-22 18:07:54;USR-1093;2004-06-23;F;PS5;8;960;2000;App;Dota 2;;0
SESS-12938;2026-08-15 19:33:56;USR-1421;2000-05-11;F;VIP;3;510;600;Card;Browser/Work;5.0;0
SESS-12988;2026-08-04 15:37:31;USR-1659;2001-02-23;M;Standard;2;0;200;Card;CS2;;0
SESS-11460;2026-08-04 12:17:52;USR-1145;2003-05-21;M;Standard;4;448;360;App;Deadlock;4.5;1
SESS-11817;2026-08-29 02:48:03;USR-1672;2007-09-26;M;Standard;1;112;90;Card;Dota 2;;1
SESS-14755;2026-08-01 09:59:00;USR-1023;2010-02-02;M;Bootcamp;2;0;300;Card;CS2;;0
SESS-16247;2026-08-14 12:15:14;USR-1104;2006-10-08;M;Standard;4;0;400;App;Deadlock;4.5;0
SESS-16083;2026-08-15 20:31:18;USR-1674;2004-01-28;F;Bootcamp;1;0;150;Card;CS2;;0
SESS-10893;2026-08-12 15:39:19;USR-1505;1994-12-23;F;Bootcamp;2;714;270;Card;CS2;;1
SESS-15808;2026-08-12 18:32:54;USR-1002;2004-03-01;M;VIP;2;390;400;Card;Dota 2;4.5;0
SESS-13998;2026-08-23 15:33:42;USR-1183;2023-06-15;F;Standard;-2;120;300;App;CS2;5.0;0
SESS-15665;2026-08-18 19:40:40;USR-1460;2008-06-02;F;Bootcamp;2;0;300;Card;GTA V;;0
SESS-12274;2026-08-02 10:22:26;USR-1377;2008-03-07;F;Standard;2;160;200;Card;Dota 2;3.0;0
SESS-16090;2026-08-03 17:54:16;USR-1329;2007-12-17;M;PS5;3;503;675;Card;CS2;;1
SESS-12897;2026-08-09 01:19:57;USR-1707;2011-02-23;F;Standard;8;0;800;Cash;Minecraft;2.0;0
SESS-10927;2026-08-21 18:24:12;USR-1472;2011-03-03;M;Bootcamp;2;0;300;App;CS2;;0
SESS-14990;2026-08-29 17:41:11;USR-1076;2003-01-05;M;Standard;3;0;270;Card;Dota 2;;1
SESS-16658;2026-08-01 19:44:48;USR-1721;2011-03-05;M;Standard;5;0;450;App;Valorant;4.5;1
SESS-17069;2026-08-07 02:12:09;USR-1799;2010-11-20;M;Standard;2;0;200;App;GTA V;;0
SESS-16285;2026-08-23 17:41:31;USR-1778;2012-02-10;M;Standard;1;40;100;Card;Valorant;4.0;0
SESS-11465;2026-08-22 18:13:01;USR-1124;2004-09-24;M;VIP;3;390;600;Card;Valorant;;0
SESS-11316;2026-08-09 17:55:25;USR-1109;2011-12-05;M;Standard;1;80;100;App;Minecraft;;0
SESS-16215;2026-08-10 20:05:27;USR-1139;2003-05-21;M;PS5;2;160;500;Card;CS2;;0
SESS-14937;2026-08-06 22:24:48;USR-1496;1995-12-05;M;PS5;5;0;1250;Card;GTA V;4.5;0
SESS-12029;2026-08-16 14:31:45;USR-1071;1993-04-12;M;PS5;2;540;500;Card;Browser/Work;;0
SESS-14848;2026-08-03 18:13:46;USR-1028;2005-02-10;M;Standard;2;320;200;App;CS2;;0
SESS-16868;2026-08-20 18:20:00;USR-1143;2006-07-15;F;Standard;2;160;200;Card;CS2;;0
SESS-15497;2026-08-25 17:44:27;USR-1058;2008-11-03;M;Standard;2;160;200;Card;Valorant;;0
SESS-13708;2026-08-08 19:56:55;USR-1528;1992-04-11;M;PS5;3;714;675;Card;Browser/Work;4.5;1
SESS-14512;2026-08-23 19:31:58;USR-1788;2007-09-08;M;VIP;12;0;2400;Cash;PUBG;;0
SESS-14327;2026-08-22 19:13:51;USR-1116;2006-12-01;M;VIP;4;882;720;Card;CS2;;1
SESS-11457;2026-08-31 21:38:04;USR-1072;2010-03-15;M;Standard;2;160;200;Card;CS2;;0
SESS-10760;2026-08-04 17:55:28;USR-1778;2012-02-10;M;Standard;1;0;100;Cash;Dota 2;;0
SESS-12242;2026-08-23 17:37:01;USR-1678;2009-11-05;M;Standard;8;0;800;App;CS2;;0
SESS-13263;2026-08-15 14:13:19;USR-1272;2008-01-10;M;Bootcamp;2;400;300;App;Cyberpunk 2077;4.0;0
SESS-13862;2026-08-08 01:18:01;USR-1136;2004-04-28;M;VIP;8;2001;1440;Card;Apex Legends;4.0;1
SESS-10188;2026-08-18 16:40:55;USR-1123;2003-11-08;F;PS5;2;240;500;App;Dota 2;4.5;0
SESS-13915;2026-08-08 09:10:00;USR-1234;2005-06-04;M;VIP;5;1232;900;Card;CS2;;1
SESS-16121;2026-08-08 18:12:26;USR-1044;1996-12-25;M;Standard;3;0;270;Card;Dota 2;5.0;1
SESS-10522;2026-08-24 08:42:17;USR-1075;1995-03-20;F;VIP;3;0;540;Card;CS2;;1
SESS-14516;2026-08-10 21:27:05;USR-1018;2011-02-01;M;Standard;3;0;270;Cash;Dota 2;4.0;1
SESS-15720;2026-08-13 18:18:13;USR-1037;2003-11-24;M;Standard;1;80;100;App;Deadlock;;0
SESS-13644;2026-08-14 16:58:30;USR-1260;2001-11-15;M;PS5;1;80;250;Card;Deadlock;;0
SESS-15604;2026-08-01 21:45:22;USR-1498;2000-09-02;M;Standard;2;360;200;Card;Dota 2;4.5;0
SESS-16507;2026-08-30 20:08:32;USR-1599;2007-04-09;M;Bootcamp;2;240;300;Cash;Valorant;4.0;0
SESS-15959;2026-08-12 21:12:41;USR-1441;2009-01-06;M;Standard;2;160;200;Cash;Deadlock;4.0;0
SESS-15887;2026-08-01 15:58:10;USR-1024;2007-08-13;M;Standard;1;0;100;Card;Valorant;;0
SESS-15454;2026-08-22 18:32:10;USR-1212;1988-12-11;M;PS5;1;0;250;Card;Dota 2;;0
SESS-13499;2026-08-14 16:27:04;USR-1323;2004-06-11;F;Bootcamp;4;0;600;App;Apex Legends;;0
SESS-10292;2026-08-04 17:57:46;USR-1113;2010-05-22;M;Standard;12;960;1200;Card;Dota 2;;0
SESS-13529;2026-08-16 18:19:52;USR-1699;2000-12-17;M;VIP;2;510;400;Card;CS2;;0
SESS-15065;2026-08-09 15:40:33;USR-1158;1993/07/18;M;VIP;4;780;800;Card;GTA V;3.0;0
SESS-12442;2026-08-07 18:33:19;USR-1533;2009-06-12;M;Standard;2;160;200;Cash;Dota 2;5.0;0
SESS-16370;2026-08-23 01:15:52;USR-1033;2010-12-10;M;Standard;8;480;800;Cash;Valorant;4.5;0
SESS-15327;2026-08-01 09:35:24;USR-1723;2005-11-06;M;Bootcamp;2;470;300;Card;Minecraft;3.0;0
SESS-14661;2026-08-06 00:43:10;USR-1637;2005-08-14;M;Standard;12;1344;1080;App;Deadlock;5.0;1
SESS-15975;2026-08-08 16:10:21;USR-1422;2012-06-23;M;Standard;2;160;200;App;CS2;;0
SESS-11096;2026-08-04 17:02:03;USR-1712;2005-05-19;F;PS5;4;0;900;App;CS2;;1
SESS-14152;2026-08-30 16:42:24;USR-1056;2002-03-26;M;Standard;2;320;200;Card;CS2;;0
SESS-14845;2026-08-19 16:45:59;USR-1792;2008-07-22;F;Standard;4;0;360;App;CS2;4.0;1
SESS-14121;2026-08-09 02:17:12;USR-1693;2005-08-06;M;Bootcamp;5;880;750;Card;GTA V;4.5;0
SESS-10356;2026-08-11 14:11:00;USR-1748;2004-06-07;M;VIP;2;336;360;Card;Valorant;4.5;1
SESS-15953;2026-08-18 23:27:33;USR-1177;2005-10-03;M;VIP;5;1050;900;App;Deadlock;4.5;1
SESS-10819;2026-08-11 21:53:44;USR-1471;2010-04-09;F;Bootcamp;3;336;405;Cash;CS2;;1
SESS-16861;2026-08-11 23:52:44;USR-1035;1998-09-03;M;Standard;8;0;800;Card;Dota 2;;0
SESS-15659;2026-08-28 04:04:29;USR-1169;2005-04-02;M;Standard;2;0;200;Card;Dota 2;;0
SESS-11539;2026-08-18 20:14:39;USR-1286;2006-07-18;M;Bootcamp;2;310;300;App;CS2;4.5;0
SESS-11565;2026-08-29 16:18:24;USR-1145;2003-05-21;M;Standard;2;320;200;Card;Dota 2;;0
SESS-11932;2026-08-04 10:25:11;USR-1077;1996-09-03;M;VIP;1;550;200;Card;CS2;;0
SESS-14455;2026-08-06 20:28:17;USR-1680;2011-10-20;M;Bootcamp;1;40;150;Card;CS2;;0
SESS-11570;2026-08-27 01:16:29;USR-1024;2007-08-13;M;VIP;8;1554;1440;App;CS2;4.5;1
SESS-16887;2026-08-29 12:54:37;USR-1265;2010-09-20;F;Bootcamp;2;0;300;Card;Minecraft;;0
SESS-10159;2026-08-20 11:14:12;USR-1045;1886-09-20;M;VIP;999;0;400;Card;PUBG;;0
SESS-10094;2026-08-22 21:22:54;USR-1670;2005-09-01;M;Standard;2;240;200;Card;CS2;;0
SESS-13256;2026-08-30 14:28:30;USR-1049;2011-07-07;M;Standard;8;480;800;Card;Valorant;4.5;0
SESS-15933;2026-08-29 10:38:29;USR-1224;1994-04-01;F;Bootcamp;3;690;450;Card;GTA V;3.0;0
SESS-12679;2026-08-09 21:27:14;USR-1151;2023-06-15;F;Bootcamp;-2;400;300;Card;CS2;;0
SESS-10899;2026-08-14 11:57:18;USR-1169;2005-04-02;M;Standard;1;160;100;Card;PUBG;;0
SESS-10424;2026-08-09 13:08:11;USR-1134;1995-04-07;M;PS5;2;660;500;Card;Dota 2;;0
SESS-12059;2026-08-27 14:23:45;USR-1290;2006-10-02;M;VIP;2;0;400;Card;Dota 2;;0
SESS-16601;2026-08-29 18:52:10;USR-1100;2011-02-25;M;Standard;2;80;200;Card;CS2;;0
SESS-14498;2026-08-18 12:49:28;USR-1134;1995-04-07;M;Standard;5;1260;450;Card;Dota 2;;1
SESS-15822;2026-08-28 21:21:14;USR-1370;2005-07-24;M;PS5;2;160;500;App;Deadlock;;0
SESS-10553;2026-08-21 17:08:46;USR-1020;2005-09-26;F;Standard;3;480;300;App;Valorant;5.0;0
SESS-15417;2026-08-23 17:03:22;USR-1004;2011-07-04;M;PS5;1;0;250;Cash;Minecraft;;0
SESS-12799;2026-08-29 00:30:20;USR-1290;2006-10-02;M;Bootcamp;8;0;1200;Card;Valorant;;0
SESS-11843;2026-08-27 13:26:46;USR-1565;2003-02-24;M;Standard;12;1920;1200;Card;CS2;;0
SESS-11164;2026-08-16 19:01:50;USR-1002;2004-03-01;M;VIP;4;784;720;Card;CS2;4.5;1
SESS-12942;2026-08-16 15:58:24;USR-1158;1993-07-18;M;VIP;2;0;400;Card;Deadlock;4.5;0
SESS-12347;2026-08-05 22:00:53;USR-1133;2003-05-21;M;Bootcamp;2;0;300;App;Apex Legends;;0
SESS-12951;2026-08-13 15:15:27;USR-1125;2006-07-09;F;PS5;3;240;750;Cash;Dota 2;4.0;0
SESS-10301;2026-08-21 17:18:27;USR-1332;2012-09-04;M;Standard;1;80;100;App;GTA V;;0
SESS-15167;2026-08-09 19:37:15;USR-1252;2008-05-13;M;Standard;2;0;200;Card;PUBG;5.0;0
SESS-14235;2026-08-22 18:23:44;USR-1029;1999-08-16;M;Standard;1;120;100;Card;Cyberpunk 2077;;0
SESS-10144;2026-08-29 22:45:09;USR-1533;2009-06-12;M;Standard;5;0;500;App;CS2;3.0;0
SESS-13066;2026-08-19 00:55:24;USR-1589;2007-02-16;M;Bootcamp;5;950;750;Cash;Dota 2;;0
SESS-16870;2026-08-06 13:27:19;USR-1649;1994-10-11;M;Standard;2;500;200;Card;Dota 2;;0
SESS-16975;2026-08-21 14:42:44;USR-1148;2005-12-20;M;VIP;2;0;400;Card;CS2;4.5;0
SESS-16431;2026-08-13 09:06:13;USR-1069;2011-02-16;M;Standard;3;240;300;App;Minecraft;4.5;0
SESS-14538;2026-08-23 14:07:45;USR-1711;2003-02-18;M;VIP;2;390;400;Card;CS2;3.0;0
SESS-12066;2026-08-19 18:19:30;USR-1088;1992-02-13;M;PS5;2;0;500;App;GTA V;;0
SESS-15445;2026-08-01 13:47:55;USR-1606;2008-08-22;M;Bootcamp;3;0;450;Card;Apex Legends;4.5;0
SESS-13034;2026-08-29 12:38:02;USR-1118;2006-10-19;F;VIP;1;240;200;Card;CS2;5.0;0
SESS-14668;2026-08-02 18:33:39;USR-1020;2005-09-26;F;Standard;1;0;100;App;GTA V;;0
SESS-15729;2026-08-16 22:55:03;USR-1070;2008-04-24;M;Bootcamp;8;0;1200;Card;Deadlock;;0
SESS-14750;2026-08-22 18:56:51;USR-1097;2006-04-09;M;Standard;3;480;300;Card;Valorant;4.0;0
SESS-16982;2026-08-05 10:26:26;USR-1159;2003-06-05;M;Standard;4;0;400;Card;Dota 2;;0
SESS-11707;2026-08-15 13:03:10;USR-1104;2006-10-08;M;Standard;4;896;360;App;Dota 2;5.0;1
SESS-16099;2026-08-15 18:19:06;USR-1061;2004-03-24;M;Standard;3;360;300;Card;Dota 2;;0
SESS-10622;2026-08-16 23:59:43;USR-1446;1988-03-22;M;Standard;12;3000;1200;App;Cyberpunk 2077;3.0;0
SESS-13040;2026-08-26 19:23:50;USR-1054;2008-05-14;M;Standard;1;224;90;Card;Apex Legends;4.5;1
SESS-11991;2026-08-09 20:51:57;USR-1329;2007-12-17;M;VIP;1;160;200;Card;CS2;;0
SESS-13231;2026-08-16 12:03:46;USR-1021;2011-03-19;M;Standard;1;80;100;App;Valorant;2.0;0
SESS-15386;2026-08-04 23:21:27;USR-1794;2011-04-20;M;Bootcamp;8;320;1200;Cash;Minecraft;5.0;0
SESS-16787;2026-08-10 18:31:15;USR-1079;2008-08-05;M;VIP;2;0;400;Card;CS2;;0
SESS-14264;2026-08-15 12:55:22;USR-1061;2004-03-24;M;Bootcamp;2;0;300;App;Valorant;;0
SESS-11925;2026-08-24 11:33:50;USR-1227;1996-04-01;M;VIP;12;3444;2160;Card;GTA V;;1
SESS-12179;2026-08-27 16:35:53;USR-1020;2005-09-26;F;Standard;3;672;270;Card;Dota 2;;1
SESS-11694;2026-08-08 15:03:38;USR-1151;2007-01-05;F;Bootcamp;1;270;150;Card;CS2;5.0;0
SESS-10400;2026-08-05 16:53:03;USR-1466;2012-06-16;M;Bootcamp;1;0;150;App;Minecraft;;0
SESS-16250;2026-08-31 19:03:14;USR-1036;2005-06-28;M;Bootcamp;2;320;300;Card;Dota 2;4.5;0
SESS-12172;2026-08-05 00:13:04;USR-1145;2003-05-21;M;Bootcamp;3;440;450;App;Dota 2;4.0;0
SESS-16733;2026-08-09 15:31:13;USR-1103;2008-10-01;M;PS5;2;0;500;Card;CS2;;0
SESS-11653;2026-08-17 14:02:24;USR-1098;2009-05-09;F;Standard;2;224;180;App;Valorant;5.0;1
SESS-16397;2026-08-31 19:54:12;USR-1545;2007-06-27;M;Standard;3;0;300;App;CS2;;0
SESS-13090;2026-08-29 13:36:27;USR-1279;2004-10-22;M;Standard;2;0;200;Card;Apex Legends;;0
SESS-10615;2026-08-07 19:29:05;USR-1056;2002-03-26;M;Standard;4;672;360;Card;CS2;4.0;1
SESS-16086;2026-08-11 23:23:05;USR-1045;2006-09-28;M;Standard;5;0;500;App;CS2;3.0;0
SESS-16206;2026-08-20 15:58:32;USR-1006;2007-06-18;M;Standard;2;0;200;App;Deadlock;;0
SESS-10703;2026-08-08 22:36:51;USR-1224;1994-04-01;F;Standard;5;1750;450;Card;CS2;;1
SESS-10192;2026-08-01 17:13:35;USR-1505;1994-12-23;F;PS5;1;400;250;Card;Dota 2;;0
SESS-14153;2026-08-21 16:45:18;USR-1673;1991-07-10;M;Standard;1;251;90;Card;PUBG;4.0;1
SESS-16402;2026-08-07 17:20:31;USR-1733;2004-11-06;M;Bootcamp;2;240;300;Card;PUBG;;0
SESS-14463;2026-08-14 14:11:36;USR-1284;2007-03-19;F;Standard;2;160;200;Card;Dota 2;;0
SESS-12044;2026-08-23 21:50:49;USR-1120;2011-05-02;F;VIP;3;336;540;App;Minecraft;;1
SESS-15810;2026-08-28 01:52:29;USR-1017;2010-09-20;M;Standard;5;400;500;App;CS2;5.0;0
SESS-16232;2026-08-16 01:22:26;USR-1608;2005-08-27;M;VIP;8;1110;1600;Card;CS2;;0
SESS-16607;2026-08-13 20:18:46;USR-1741;2008-10-09;M;PS5;3;503;675;Card;Valorant;3.0;1
SESS-17151;2026-08-19 11:42:56;USR-1039;2004-10-18;M;VIP;3;882;540;App;Deadlock;4.5;1
SESS-17166;2026-08-26 16:35:17;USR-1033;2010-12-10;M;Standard;12;0;1200;Cash;Dota 2;3.0;0
SESS-11735;2026-08-07 14:16:45;USR-1017;2010-09-20;M;Standard;3;0;300;App;Minecraft;4.5;0
SESS-16211;2026-08-24 15:41:57;USR-1602;2005-10-19;F;VIP;1;310;200;App;CS2;;0
SESS-12489;2026-08-01 22:10:43;USR-1135;2008-12-16;M;VIP;2;310;400;Card;PUBG;5.0;0
SESS-14789;2026-08-04 02:44:01;USR-1046;2009-12-16;M;Bootcamp;12;0;1800;App;CS2;5.0;0
SESS-17039;2026-08-13 15:54:20;USR-1504;2005-03-12;F;Bootcamp;2;310;300;Card;Dota 2;;0
SESS-11201;2026-08-26 10:05:23;USR-1063;2007-02-12;M;Standard;2;0;180;Card;Dota 2;4.5;1
SESS-11017;2026-08-29 19:18:44;USR-1124;2004-09-24;M;Standard;4;0;360;Card;CS2;4.5;1
SESS-13989;2026-08-19 19:57:56;USR-1584;2001-06-10;M;Bootcamp;2;0;300;Card;CS2;;0
SESS-14030;2026-08-02 21:40:37;USR-1030;2002-07-03;M;PS5;2;0;500;App;Dota 2;;0
SESS-14427;2026-08-17 15:02:06;USR-1046;2009-12-16;M;PS5;2;0;500;App;Minecraft;;0
SESS-10275;2026-08-16 22:28:11;USR-1038;2010-06-02;M;Standard;8;0;720;Cash;Minecraft;5.0;1
SESS-13681;2026-08-22 00:38:16;USR-1421;2000-05-11;F;VIP;8;1740;1600;;GTA V;5.0;0
SESS-16806;2026-08-06 15:43:41;USR-1721;2011-03-05;M;VIP;2;0;400;Card;CS2;;0
SESS-12152;2026-08-04 12:11:33;USR-1185;2010-03-19;M;Bootcamp;1;0;150;Cash;Deadlock;4.5;0
SESS-17261;2026-08-14 23:34:58;USR-1236;2005-02-03;M;Standard;8;1792;720;Card;Dota 2;;1
SESS-14048;2026-08-14 15:22:29;USR-1042;1997-02-02;M;Standard;2;0;200;Card;GTA V;;0
SESS-14236;2026-08-11 16:32:15;USR-1044;1996-12-25;M;Bootcamp;3;0;450;Card;CS2;;0
SESS-11151;2026-08-29 19:48:52;USR-1134;1995-04-07;M;PS5;2;390;500;Card;Dota 2;;0
SESS-13615;2026-08-22 14:21:22;USR-1125;2006-07-09;F;Bootcamp;2;0;300;Card;Dota 2;4.5;0
SESS-16018;2026-08-11 13:28:09;USR-1689;2007-07-01;M;PS5;1;0;250;App;Dota 2;;0
SESS-13577;2026-08-20 08:49:57;USR-1367;2011-04-14;M;Standard;2;0;180;Card;Minecraft;;1
SESS-13784;2026-08-07 11:16:35;USR-1109;2011-12-05;M;Standard;1;0;100;Cash;Minecraft;;0
SESS-10724;2026-08-07 21:00:20;USR-1593;2004-10-22;M;Standard;1;0;100;Card;Deadlock;4.5;0
SESS-16614;2026-08-10 17:31:07;USR-1723;2005-11-06;M;Standard;2;160;200;App;Cyberpunk 2077;;0
SESS-12162;2026-08-09 21:18:12;USR-1669;1990-12-08;M;VIP;1;400;200;;Cyberpunk 2077;4.5;0
SESS-12580;2026-08-16 14:32:58;USR-1317;2011-02-20;M;Standard;2;0;200;App;GTA V;4.0;0
SESS-13946;2026-08-01 20:17:30;USR-1037;2003-11-24;M;Bootcamp;2;0;300;Cash;Apex Legends;4.5;0
SESS-10543;2026-08-13 14:55:52;USR-1119;1997-03-16;M;Standard;3;1050;270;Card;Cyberpunk 2077;;1
SESS-10182;2026-08-01 19:02:43;USR-1147;2010-04-19;M;Standard;1;80;100;App;Valorant;;0
SESS-16826;2026-08-17 15:03:24;USR-1025;2010-10-04;M;Standard;2;80;200;Cash;CS2;;0
SESS-16730;2026-08-20 08:11:31;USR-1108;2002-06-14;M;Standard;4;896;360;Card;Deadlock;4.0;1
SESS-13199;2026-08-11 06:37:38;USR-1737;2003-07-27;M;Bootcamp;2;0;300;Card;Dota 2;4.5;0
SESS-16348;2026-08-03 11:41:28;USR-1431;2003-06-20;M;Bootcamp;8;0;1200;App;Deadlock;;0
SESS-15221;2026-08-21 08:32:44;USR-1106;2010-07-26;M;Standard;1;0;100;Cash;Dota 2;4.5;0
SESS-15513;2026-08-28 16:04:02;USR-1019;2011-02-06;M;Standard;2;120;200;Cash;Dota 2;;0
SESS-15396;2026-08-05 01:48:26;USR-1177;2005-10-03;M;Standard;8;1344;720;Card;Deadlock;5.0;1
SESS-13389;2026-08-13 16:34:48;USR-1575;2002-11-19;M;Bootcamp;2;0;300;App;Dota 2;;0
SESS-11278;2026-08-02 02:37:08;USR-1071;1993-04-12;M;VIP;1;0;200;App;Cyberpunk 2077;;0
SESS-13085;2026-08-28 10:49:22;USR-1274;2011-10-23;M;Standard;1;80;100;App;Dota 2;4.5;0
SESS-11351;2026-08-02 10:11:08;USR-1029;1999-08-16;M;Standard;5;1250;500;Card;Cyberpunk 2077;4.0;0
SESS-13142;2026-08-27 22:00:29;USR-1690;2012-07-26;M;VIP;8;640;1600;App;Valorant;4.5;0
SESS-15698;2026-08-19 10:02:36;USR-1089;2012-05-15;M;Bootcamp;5;0;750;App;Minecraft;;0
SESS-12322;2026-08-09 11:17:55;USR-1527;1996-01-05;M;VIP;4;0;800;Card;CS2;4.0;0
SESS-10123;2026-08-22 18:18:04;USR-1082;2004-06-01;F;VIP;1;230;200;Card;Dota 2;;0
SESS-10228;2026-08-17 03:36:42;USR-1796;2005-09-24;M;Bootcamp;2;240;300;Card;CS2;;0
SESS-13503;2026-08-21 20:51:22;USR-1488;2006-01-14;M;PS5;2;320;500;Card;Dota 2;;0
SESS-13922;2026-08-28 08:14:18;USR-1649;1994-10-11;M;PS5;2;540;500;Card;Dota 2;1.0;0
SESS-13111;2026-08-06 18:28:42;USR-1641;2007-08-11;M;Bootcamp;2;546;270;App;Dota 2;;1
SESS-11468;2026-08-14 18:48:43;USR-1084;2006-01-24;M;Standard;2;0;200;App;Valorant;4.5;0
SESS-16277;2026-08-22 17:57:04;USR-1790;2011-09-03;M;Bootcamp;3;120;450;Card;CS2;;0
SESS-14911;2026-08-15 00:29:17;USR-1526;2012-04-13;M;Standard;8;320;800;App;CS2;;0
SESS-10653;2026-08-27 12:36:32;USR-1651;2010-02-08;M;Standard;1;40;100;Card;Valorant;4.5;0
SESS-17121;2026-08-19 15:46:17;USR-1387;2005-06-26;M;Bootcamp;2;0;300;Card;CS2;;0
SESS-15623;2026-08-12 22:53:27;USR-1037;2003-11-24;M;Bootcamp;12;0;1800;App;Dota 2;;0
SESS-15857;2026-08-12 17:35:53;USR-1217;2004-06-24;M;Standard;8;896;720;Card;CS2;5.0;1
SESS-14006;2026-08-10 11:34:09;USR-1303;2011-11-11;M;Standard;1;0;100;Cash;Minecraft;;0
SESS-10757;2026-08-27 01:25:20;USR-1320;2006-10-14;M;Standard;8;0;800;Card;Deadlock;;0
SESS-12879;2026-08-28 20:11:22;USR-1038;2010-06-02;M;Standard;1;0;100;Card;Apex Legends;;0
SESS-15009;2026-08-17 19:56:08;USR-1179;2005-05-23;M;PS5;4;640;1000;Card;Dota 2;;0
SESS-15771;2026-08-18 15:12:38;USR-1351;2006-08-16;M;Bootcamp;3;0;450;Card;CS2;;0
SESS-15767;2026-08-08 20:27:10;USR-1291;2003-11-11;M; Bootcamp ;1;0;200;Card;Deadlock;;0
SESS-13342;2026-08-25 13:14:11;USR-1611;2011-11-18;M;VIP;2;0;400;App;Deadlock;;0
SESS-16223;2026-08-03 17:05:04;USR-1670;2005-09-01;M;Standard;4;0;360;App;CS2;4.5;1
SESS-12599;2026-08-16 16:08:05;USR-1053;1994-03-24;M;PS5;3;510;750;Card;CS2;;0
SESS-10969;2026-08-12 16:29:42;USR-1004;2011-07-04;M;Standard;4;320;400;Cash;CS2;;0
SESS-13041;2026-08-08 19:28:59;USR-1058;2008-11-03;M;Standard;2;320;200;Cash;CS2;4.5;0
SESS-12979;2026-08-09 00:40:51;USR-1116;2006-12-01;M;Standard;8;0;800;Card;CS2;5.0;0
SESS-15890;2026-08-27 17:20:56;USR-1251;2001-12-01;M;Standard;2;240;200;App;CS2;;0
SESS-13218;2026-08-15 13:57:57;USR-1437;2007-10-20;M;Standard;2;0;200;Card;PUBG;;0
SESS-11737;2026-08-08 15:05:47;USR-1027;2010-04-02;F;Standard;3;168;270;App;Deadlock;4.0;1
SESS-10990;2026-08-28 09:27:59;USR-1059;2010-04-18;M;Bootcamp;3;0;450;Cash;Valorant;;0
SESS-12039;2026-08-08 15:21:06;USR-1118;2006-10-19;F;Standard;1;80;100;Card;CS2;;0
SESS-12753;2026-08-08 21:01:12;USR-1544;1996-10-17;M;Standard;2;0;200;App;Browser/Work;;0
SESS-11818;2026-08-20 20:03:44;USR-1792;2008-07-22;F;Standard;2;0;200;Card;CS2;;0
SESS-15731;2026-08-09 22:12:20;USR-1052;2011-10-25;M;Bootcamp;8;0;1200;Card;Valorant;4.0;0
SESS-11585;2026-08-14 16:35:42;USR-1682;2006-11-01;M;VIP;4;1007;720;Cash;CS2;;1
SESS-11493;2026-08-01 16:19:17;USR-1356;2007-07-16;M;VIP;2;240;400;Card;CS2;;0
SESS-15298;2026-08-15 18:04:39;USR-1408;2010-10-25;M;Standard;1;0;100;Card;Valorant;;0
SESS-10110;2026-08-01 20:41:53;USR-1227;1996-04-01;M;VIP;3;0;600;App;Cyberpunk 2077;5.0;0
SESS-11491;2026-08-27 16:25:27;USR-1514;2006-08-24;M;Standard;5;560;450;Card;CS2;5.0;1
SESS-12405;2026-08-02 20:46:32;USR-1586;2007-11-17;M;VIP;3;0;600;Card;CS2;1.0;0
SESS-16272;2026-08-11 16:27:45;USR-1029;1999-08-16;M;PS5;5;2170;1125;Card;PUBG;4.5;1
SESS-14476;2026-08-11 20:46:44;USR-1644;2010-12-18;M;Bootcamp;2;0;300;Cash;Minecraft;;0
SESS-12005;2026-08-01 18:39:07;USR-1501;2009-12-11;F;Bootcamp;3;0;450;App;Dota 2;;0
SESS-12517;2026-08-07 20:18:07;USR-1322;2005-06-26;M;VIP;3;560;600;Card;CS2;;0
SESS-15048;2026-08-10 18:41:56;USR-1006;2007-06-18;M;Standard;2;224;180;App;CS2;;1
SESS-16142;2026-08-15 15:26:39;USR-1332;2012-09-04;M;Standard;5;0;500;Cash;Deadlock;;0
SESS-15974;2026-08-29 15:25:54;USR-1079;2008-08-05; M ;VIP;2;390;400;App;Minecraft;3.0;0
SESS-15118;2026-08-03 11:14:55;USR-1764;2003-03-20;M;VIP;3;882;540;Card;Minecraft;4.5;1
SESS-14956;2026-08-31 19:16:25;USR-1685;2008-12-06;M;Standard;3;480;300;Cash;Minecraft;4.0;0
SESS-12382;2026-08-24 14:45:22;USR-1737;2003-07-27;M;Standard;3;360;300;Card;Valorant;;0
SESS-11426;2026-08-23 18:04:14;USR-1448;1996-02-02;M;VIP;2;0;400;Card;GTA V;;0
SESS-16178;2026-08-20 15:21:11;USR-1355;2005-11-25;F;Standard;8;0;800;Card;Dota 2;;0
SESS-14842;2026-08-02 21:40:17;USR-1131;2006-04-07;M;PS5;1;0;250;Card;CS2;;0
SESS-16325;2026-08-12 16:34:57;USR-1133;2003-05-21;M;Bootcamp;4;0;600;Card;Deadlock;;0
SESS-14638;2026-08-15 10:55:28;USR-1097;2006-04-09;M;Standard;2;320;200;App;CS2;;0
SESS-13500;2026-08-09 10:44:57;USR-1026;2010-02-02;M;Standard;4;160;400;Cash;Minecraft;4.5;0
SESS-15291;2026-08-27 13:18:32;USR-1662;2010-08-09;M;Bootcamp;2;120;300;App;Valorant;3.0;0
SESS-14414;2026-08-09 14:03:25;USR-1656;2011-05-01;M;Standard;1;0;100;App;Minecraft;;0
SESS-10675;2026-08-15 22:12:15;USR-1677;2011-02-09;M;VIP;8;896;1440;Cash;Dota 2;1.0;1
SESS-16676;2026-08-29 18:43:39;USR-1184;2002-05-24;M;Bootcamp;1;0;150;Card;Dota 2;3.0;0
SESS-10833;2026-08-12 18:46:39;USR-1315;2009-12-08;M;VIP;2;0;400;Card;Minecraft;;0
SESS-15393;2026-08-29 18:55:22;USR-1148;2005-12-20;M;Standard;2;320;200;Card;CS2;;0
SESS-11642;2026-08-15 16:58:55;USR-1407;2004-05-20;M;VIP;2;390;400;Card;Deadlock;;0
SESS-13060;2026-08-01 12:27:38;USR-1187;2011-07-27;M;Standard;1;80;100;App;Dota 2;;0
SESS-10078;2026-08-30 18:11:53;USR-1651;1886-09-20;M;Bootcamp;-2;80;300;Cash;CS2;5.0;0
SESS-16318;2026-08-28 12:15:42;USR-1422;2012-06-23;M;Standard;2;0;200;App;Dota 2;;0
SESS-10382;2026-08-16 19:45:10;USR-1149;2003-10-27;M;Standard;1;0;100;App;Dota 2;;0
SESS-15866;2026-08-24 12:13:50;USR-1215;2002-08-26;M;Standard;2;240;200;Card;Dota 2;3.0;0
SESS-11378;2026-08-19 00:09:07;USR-1148;2005-12-20;M;Standard;8;1344;720;Card;Dota 2;4.0;1
SESS-13544;2026-08-04 19:21:09;USR-1373;2010-10-09;M;Standard;2;160;200;App;Minecraft;;0
SESS-12600;2026-08-22 16:11:25;USR-1156;2012-02-05;F;Standard;2;0;200;Card;CS2;;0
SESS-14227;2026-08-11 22:45:03;USR-1144;2005-01-11;M;Bootcamp;8;1430;1200;Card;Deadlock;4.0;0
SESS-10514;2026-08-01 22:53:02;USR-1535;2006-09-22;M;Standard;5;800;500;Card;Dota 2;4.5;0
SESS-16190;2026-08-23 17:46:14;USR-1251;2001-12-01;M;Bootcamp;2;0;300;App;Dota 2;;0
SESS-10541;2026-08-14 13:54:36;USR-1150;2004-01-17;F;Standard;3;0;300;Card;CS2;;0
SESS-11746;2026-08-28 15:32:47;USR-1257;2011-07-16;M;Standard;1;0;100;Card;Minecraft;;0
SESS-14359;2026-08-11 21:32:49;USR-1177;2005-10-03;M;Bootcamp;3;714;405;Card;CS2;4.0;1
SESS-10012;2026-08-31 21:42:34;USR-1214;2006-05-22;M;Standard;1;80;100;Card;Valorant;4.0;0
SESS-15925;2026-08-29 14:20:06;USR-1137;1993-02-24;M;VIP;3;1260;540;Card;CS2;4.5;1
SESS-12163;2026-08-24 13:43:37;USR-1322;2005-06-26;M;Standard;2;160;200;Card;CS2;5.0;0
SESS-14579;2026-08-07 18:49:20;USR-1087;2004-11-25;F;VIP;3;0;600;Card;Deadlock;4.5;0
SESS-11330;2026-08-09 16:45:48;USR-1165;1997-06-23;M;VIP;2;540;400;Card;Browser/Work;5.0;0
SESS-16105;2026-08-28 17:58:58;USR-1021;2011-03-19;M;Bootcamp;4;448;540;Card;Dota 2;5.0;1
SESS-14979;2026-08-26 22:16:35;USR-1586;2007-11-17;M;Standard;5;0;500;Card;Apex Legends;5.0;0
SESS-16127;2026-08-30 09:18:11;USR-1019;2011-02-06;M;Standard;2;0;200;Cash;Valorant;;0
SESS-15516;2026-08-19 14:47:40;USR-1195;2010-04-23;M;Bootcamp;3;180;450;App;GTA V;4.5;0
SESS-15350;2026-08-20 20:07:35;USR-1013;2010-03-22;F;Standard;2;80;200;App;Valorant;;0
SESS-14633;2026-08-11 20:29:56;USR-1246;2010-04-28;M;Standard;2;80;200;App;Valorant;3.0;0
SESS-15173;2026-08-14 20:29:00;USR-1130;2008-05-01;F;Bootcamp;2;320;300;Cash;CS2;;0
SESS-11606;2026-08-02 16:54:05;USR-1175;2004-01-25;M;VIP;3;440;600;Card;Dota 2;2.0;0
SESS-14873;2026-08-23 21:10:06;USR-1772;2005-07-07;F;Standard;2;0;180;Card;CS2;;1
SESS-16996;2026-08-29 16:44:19;USR-1432;2004-10-17;M;Bootcamp;3;560;450;App;CS2;4.0;0
SESS-10555;2026-08-18 13:10:36;USR-1435;2005-08-01;M;Bootcamp;1;310;150;Cash;Dota 2;;0
SESS-14044;2026-08-02 12:55:12;USR-1096;2008-05-14;M;Standard;3;672;270;App;Dota 2;;1
SESS-12704;2026-08-09 12:56:25;USR-1055;2004-09-27;M;Standard;5;400;500;Card;CS2;4.5;0
SESS-14957;2026-08-01 17:18:15;USR-1106;2010-07-26;M;PS5;3;0;750;App;Dota 2;;0
SESS-12995;2026-08-29 17:26:12;USR-1147;2010-04-19;M;Bootcamp;1;0;150;App;GTA V;;0
SESS-10972;2026-08-11 08:56:28;USR-1759;2001-11-11;F;Bootcamp;2;390;300;Card;PUBG;4.0;0
SESS-16428;2026-08-09 12:02:02;USR-1425;2011-03-08;M;Bootcamp;1;40;150;Cash;Dota 2;4.5;0
SESS-12548;2026-08-22 18:46:52;USR-1762;1998-10-04;M;PS5;3;965;675;Card;CS2;4.0;1
SESS-12524;2026-08-09 13:59:25;USR-1520;2008-10-24;M;Standard;3;0;270;Cash;CS2;;1
SESS-14361;2026-08-22 10:34:18;USR-1276;2007-02-25;M;Bootcamp;2;0;300;Card;Valorant;;0
SESS-12250;2026-08-26 11:23:14;USR-1651;2010-02-08;M;Standard;2;120;200;Cash;Minecraft;4.0;0
SESS-15777;2026-08-01 22:10:14;USR-1033;2010-12-10;M;Standard;8;640;800;Cash;Valorant;4.0;0
SESS-11797;2026-08-02 19:22:33;USR-1020;2005-09-26;F;Bootcamp;4;0;540;Card;Dota 2;4.0;1
SESS-12209;2026-08-01 16:00:16;USR-1132;2007-03-22;M;VIP;5;750;1000;Cash;Valorant;;0
SESS-11492;2026-08-31 17:52:40;USR-1198;2004-04-22;M;Standard;3;480;300;App;CS2;;0
SESS-11212;2026-08-28 05:58:47;USR-1061;2004-03-24;M;Bootcamp;2;448;270;Card;Valorant;;1
SESS-12990;2026-08-24 16:24:27;USR-1014;2010-07-18;F;Standard;1;0;100;Cash;Valorant;;0
SESS-15948;2026-08-29 16:03:16;USR-1159;2003-06-05;M;VIP;2;310;400;Cash;Dota 2;;0
SESS-10890;2026-08-16 19:14:39;USR-1165;1997-06-23;M;Bootcamp;3;0;450;Card;Browser/Work;;0
SESS-13566;2026-08-05 18:45:04;USR-1526;2012-04-13;M;Standard;1;0;100;App;Minecraft;4.5;0
SESS-12042;2026-08-30 18:57:34;USR-1412;05/10/2007;M;Standard;1;160;100;Card;GTA V;;0
SESS-16948;2026-08-23 09:02:37;USR-1333;2006-04-01;M;Standard;2;0;200;Card;CS2;4.0;0
SESS-13483;2026-08-29 19:12:58;USR-1371;2012-08-02;M;Standard;2;0;200;App;Minecraft;;0
SESS-15427;2026-08-29 18:56:00;USR-1520;2008-10-24;M;VIP;3;0;600;App;Valorant;;0
SESS-13718;2026-08-08 15:40:20;USR-1253;2003-02-16;M;Standard;1;0;100;Card;Apex Legends;;0
SESS-16226;2026-08-03 00:53:38;USR-1299;2011-11-09;M;Bootcamp;5;0;750;App;Minecraft;4.5;0
SESS-16465;2026-08-25 10:46:32;USR-1141;2007-07-14;M;Standard;4;480;400;Card;Valorant;;0
SESS-14169;2026-08-14 16:28:07;USR-1037;2003-11-24;M;Standard;4;0;400;App;Cyberpunk 2077;;0
SESS-16460;2026-08-29 13:54:17;USR-1009;2004-06-03;M;Standard;2;240;200;Card;GTA V;;0
SESS-10786;2026-08-07 15:52:17;USR-1614;2006-09-16;F;Bootcamp;2;470;300;Card;Dota 2;;0
SESS-13516;2026-08-08 14:23:11;USR-1486;1996-12-13;M;VIP;3;690;600;Card;CS2;3.0;0
SESS-10484;2026-08-01 01:14:41;USR-1518;2008-11-23;M;PS5;8;640;2000;Cash;Dota 2;;0
SESS-11166;2026-08-10 16:17:23;USR-1782;2010-04-06;M;Standard;5;0;500;App;Minecraft;;0
SESS-13845;2026-08-08 01:15:37;USR-1697;2008-06-21;M;VIP;8;0;1600;Card;Dota 2;;0
SESS-10244;2026-08-22 18:42:04;USR-1130;2008-05-01;F;Bootcamp;2;390;300;App;PUBG;4.5;0
SESS-17234;2026-08-17 19:15:59;USR-1487;2006-01-01;M;VIP;3;714;540;App;Valorant;4.5;1
SESS-15541;2026-08-17 11:03:48;USR-1358;1999-07-08;M;Standard;2;0;200;Card;Cyberpunk 2077;4.0;0
SESS-13879;2026-08-30 15:05:41;USR-1067;2011-04-02;M;Standard;4;0;400;Cash;CS2;4.0;0
SESS-10579;2026-08-13 12:21:10;USR-1572;1994-06-18;M;Bootcamp;3;690;450;Card;CS2;4.5;0
SESS-11793;2026-08-16 18:01:10;USR-1428;2003-09-03;M;VIP;2;0;360;Card;Dota 2;;1
SESS-14043;2026-08-04 01:45:35;USR-1387;2005-06-26;M;Bootcamp;5;0;750;Card;CS2;;0
SESS-13848;2026-08-04 08:05:56;USR-1517;2007-04-15;M;Standard;1;80;100;Card;CS2;;0
SESS-16125;2026-08-18 17:08:53;USR-1714;2011-01-27;M;Standard;2;0;180;App;CS2;;1
SESS-14433;2026-08-20 18:19:22;USR-1157;2011-01-17;M;Standard;2;0;200;Card;CS2;;0
SESS-10956;2026-08-22 20:59:49;USR-1087;2004-11-25;F;Standard;3;336;270;Card;Minecraft;4.0;1
SESS-10412;2026-08-19 08:54:17;USR-1373;2010-10-09;M;Standard;3;0;300;Cash;CS2;;0
SESS-14206;2026-08-15 21:32:27;USR-1769;1999-03-21;F;Standard;2;500;200;Cash;GTA V;;0
SESS-15057;2026-08-23 21:50:52;USR-1599;2007-04-09;M;Standard;2;0;200;Card;CS2;;0
SESS-12317;2026-08-28 22:52:29;USR-1154;1987-12-02;M;Standard;12;0;1200;Card;GTA V;2.0;0
SESS-13148;2026-08-28 09:24:16;USR-1207;10.06.2010;M;Standard;1;0;100;App;CS2;;0
SESS-16055;2026-08-05 21:22:20;USR-1717;2003-09-19;M;Standard;3;0;300;Card;Dota 2;;0
SESS-13543;2026-08-01 20:45:18;USR-1330;2005-11-10;F;VIP;3;510;600;Card;Dota 2;;0
SESS-16680;2026-08-31 19:32:47;USR-1362;2011-09-08;M;PS5;4;0;900;Cash;Dota 2;;1
SESS-15660;2026-08-15 20:52:20;USR-1327;2004-04-27;M;Bootcamp;2;240;300;Card;Minecraft;;0
SESS-11240;2026-08-22 14:07:26;USR-1393;2005-12-17;M;Bootcamp;2;310;300;Card;Valorant;4.0;0
SESS-15507;2026-08-26 17:48:27;USR-1168;1997-09-25;M;VIP;2;540;400;App;Dota 2;4.5;0
SESS-11784;2026-08-15 19:36:51;USR-1016;2003-01-07;M;VIP;2;320;400;App;CS2;4.5;0
SESS-10686;2026-08-21 14:37:36;USR-1378;1995-11-07;M;Standard;1;250;100;Card;CS2;;0
SESS-12522;2026-08-08 15:29:19;USR-1689;2007-07-01;M;Standard;3;360;300;Card;CS2;;0
SESS-12369;2026-08-18 14:14:47;USR-1007;1995-11-02;F;Bootcamp;4;1092;540;Card;CS2;;1
SESS-15912;2026-08-07 09:21:03;USR-1068;2011-11-23;F;PS5;2;0;500;App;Valorant;;0
SESS-10239;2026-08-21 13:34:53;USR-1552;2005-07-02;M;VIP;3;784;540;Card;Dota 2;5.0;1
SESS-12888;2026-08-04 19:45:07;USR-1143;2006-07-15;F;Standard;2;0;180;Card;Valorant;4.0;1
SESS-15265;2026-08-15 18:19:10;USR-1079;2008-08-05;M;Standard;2;224;180;App;CS2;;1
SESS-14203;2026-08-28 11:31:04;USR-1082;2004-06-01;F;Standard;1;120;100;Card;CS2;4.5;0
SESS-10117;2026-08-02 15:14:59;USR-1190;2005-12-28;M;Standard;3;0;300;Cash;CS2;;0
SESS-17093;2026-08-17 14:49:58;USR-1376;2011-05-06;M;Bootcamp;1;80;150;Card;Deadlock;;0
SESS-11297;2026-08-15 09:28:24;USR-1083;2000-08-19;M;VIP;3;690;600;Card;Cyberpunk 2077;4.5;0
SESS-11298;2026-08-16 19:25:00;USR-1162;2010-06-16;M;Standard;1;0;100;App;Minecraft;;0
SESS-13941;2026-08-03 00:12:18;USR-1320;2006-10-14;м;Bootcamp;8;1007;1080;App;Valorant;4.5;1
SESS-13251;2026-08-21 14:41:49;USR-1028;2005-02-10;M;PS5;1;0;250;Card;Valorant;;0
SESS-15153;2026-08-15 14:59:41;USR-1097;2006-04-09;M;Bootcamp;2;0;300;Card;Dota 2;;0
SESS-11683;2026-08-02 13:47:05;USR-1768;2005-01-16;F;Standard;2;240;200;Card;CS2;;0
SESS-13994;2026-08-20 23:22:08;USR-1048;2003-07-10;F;Standard;8;960;800;Card;Dota 2;4.0;0
SESS-15258;2026-08-02 17:18:14;USR-1314;1993-09-01;M;Bootcamp;3;900;450;Card;Valorant;4.0;0
SESS-15776;2026-08-20 19:11:23;USR-1334;2000-05-11;M;VIP;2;540;400;Card;CS2;;0
SESS-14938;2026-08-09 20:51:50;USR-1149;2003-10-27;M;Standard;1;160;100;Card;Deadlock;;0
SESS-14077;2026-08-06 10:27:05;USR-1348;2003-02-16;F;Bootcamp;2;0;300;App;CS2;;0
SESS-15416;2026-08-20 17:48:14;USR-1059;2010-04-18;M;Standard;2;0;180;Card;CS2;;1
SESS-15710;2026-08-01 01:02:04;USR-1791;2008-10-28;M;Bootcamp;12;2000;1800;Card;Cyberpunk 2077;3.0;0
SESS-13627;2026-08-12 08:09:41;USR-1055;2004-09-27;M;VIP;5;0;1000;Card;Dota 2;;0
SESS-17153;2026-08-23 13:51:08;USR-1101;2003-05-22;M;VIP;2;400;400;Card;Dota 2;4.0;0
SESS-16922;2026-08-14 19:09:15;USR-1542;2007-02-24;M;Standard;3;0;270;App;Valorant;;1
SESS-15635;2026-08-28 10:26:05;USR-1099;2001-07-16;M;Bootcamp;1;0;150;Card;CS2;4.0;0
SESS-10339;2026-08-20 13:58:46;USR-1047;2004-05-25;M;Bootcamp;12;2000;1800;Card;Dota 2;4.0;0
SESS-10997;2026-08-19 22:14:36;USR-1103;2008-10-01;M;VIP;8;1360;1600;App;Valorant;4.5;0
SESS-10414;2026-08-29 22:47:42;USR-1295;2006-10-07;M;Bootcamp;12;2800;1620;Card;Dota 2;;1
SESS-11577;2026-08-24 18:59:59;USR-1080;2007-12-19;M;Standard;2;0;200;App;Dota 2;5.0;0
SESS-11568;2026-08-09 19:48:38;USR-1603;2005-07-17;M;Standard;1;80;100;Card;CS2;;0
SESS-16279;2026-08-06 21:50:20;USR-1646;2011-06-16;M;Standard;1;0;100;Card;CS2;;0
SESS-12687;2026-08-19 22:23:55;USR-1069;2011-02-16;M;Standard;8;320;800;Cash;Dota 2;4.5;0
SESS-10677;2026-08-22 16:30:55;USR-1138;2003-02-26;F;VIP;2;0;400;Card;Dota 2;;0
SESS-14886;2026-08-30 16:26:15;USR-1398;2012-02-18;F;Standard;2;80;200;Cash;Minecraft;;0
SESS-14016;2026-08-29 02:38:28;USR-1468;2009-04-06;M;Standard;1;0;100;Card;CS2;5.0;0
SESS-11945;2026-08-01 22:54:44;USR-1498;2000-09-02;M;Bootcamp;3;1050;450;Card;Cyberpunk 2077;2.0;0
SESS-10134;2026-08-23 20:58:52;USR-1249;2008-12-18;M;VIP;2;400;400;Card;CS2;4.0;0
SESS-10983;2026-08-26 15:04:21;USR-1609;1999-09-26;M;Standard;5;1260;450;Card;PUBG;;1
SESS-12441;2026-08-07 02:13:34;USR-1664;2003-04-01;M;Standard;3;503;270;Card;Valorant;;1
SESS-15756;2026-08-11 01:22:43;USR-1291;2003-11-11;M;Bootcamp;8;1430;1200;Card;CS2;;0
SESS-15987;2026-08-16 19:43:01;USR-1114;2005-06-01;M;Standard;3;0;300;Card;Valorant;5.0;0
SESS-14312;2026-08-07 20:43:39;USR-1341;2004-02-28;M;VIP;5;750;1000;Card;Dota 2;5.0;0
SESS-11074;2026-08-07 00:07:33;USR-1361;2006-10-14;M;Standard;8;1792;720;Cash;Dota 2;4.0;1
SESS-12389;2026-08-01 03:09:53;USR-1436;2006-04-01;M;Standard;3;0;300;Cash;Valorant;;0
SESS-15410;2026-08-19 10:27:42;USR-1112;2008-11-25;M;Standard;3;480;300;Card;GTA V;;0
SESS-11428;2026-08-27 20:33:19;USR-1439;2009-12-23;M;Standard;3;0;300;Card;Valorant;4.0;0
SESS-11821;2026-08-17 13:03:08;USR-1016;2003-01-07;M;Standard;2;0;200;App;Minecraft;;0
SESS-14318;2026-08-22 17:50:43;USR-1159;2003-06-05;M;VIP;2;0;400;Card;Dota 2;5.0;0
SESS-12361;2026-08-02 07:49:14;USR-1758;2011-01-07;F;Bootcamp;3;0;450;Cash;Minecraft;1.0;0
SESS-16741;2026-08-23 15:27:15;USR-1035;1998-09-03;M;Standard;2;360;200;Card;GTA V;;0
SESS-11068;2026-08-23 20:48:45;USR-1422;2012-06-23;M;Standard;4;448;360;App;Dota 2;;1
SESS-10083;2026-08-27 06:36:07;USR-1103;2008-10-01;M;Standard;2;0;200;Card;CS2;;0
SESS-13378;2026-08-26 11:16:13;USR-1450;2007-09-12;M;Standard;4;480;400;Card;CS2;;0
SESS-12429;2026-08-25 17:27:11;USR-1467;2003-06-07;M;Standard;5;0;500;Card;Dota 2;4.0;0
SESS-11725;2026-08-02 22:10:23;USR-1110;2006-09-11;F;VIP;5;680;1000;Card;CS2;4.5;0
SESS-15733;2026-08-13 01:24:07;USR-1174;1996-03-09;M;Bootcamp;8;1554;1080;App;CS2;;1
SESS-13317;2026-08-20 22:07:19;USR-1100;2011-02-25;M;Standard;8;0;800;Card;CS2;;0
SESS-15398;2026-08-08 20:04:58;USR-1653;2006-11-11;F;Standard;4;0;360;App;Dota 2;4.0;1
SESS-10813;2026-08-06 05:13:52;USR-1138;2003-02-26;F;VIP;2;320;400;Card;CS2;4.5;0
SESS-13709;2026-08-06 12:22:05;USR-1253;2003/02/16;M;PS5;2;320;500;Cash;CS2;;0
SESS-10136;2026-08-22 19:42:40;USR-1294;1993-09-04;M;VIP;2;660;400;Card;PUBG;5.0;0
SESS-11977;2026-08-03 02:55:51;USR-1125;2006-07-09;F;VIP;3;0;600;;Valorant;;0
SESS-11290;2026-08-04 13:42:55;USR-1016;2003-01-07;M;VIP;4;1007;720;App;Apex Legends;4.5;1
SESS-11855;2026-08-11 19:43:22;USR-1667;1992-07-17;M;Standard;4;672;360;Card;Cyberpunk 2077;;1
SESS-17048;2026-08-20 21:35:28;USR-1142;2009-05-05;M;Bootcamp;3;180;450;Card;Deadlock;;0
SESS-14111;2026-08-28 14:47:09;USR-1730;1997-10-12;M;Standard;2;0;200;Card;Browser/Work;;0
SESS-10761;2026-08-22 22:17:09;USR-1082;2004-06-01;F;VIP;3;0;600;Card;CS2;;0
SESS-10797;2026-08-24 13:49:02;USR-1012;2009-01-18;F;Standard;2;80;200;Card;Minecraft;;0
SESS-16396;2026-08-18 14:55:40;USR-1016;2023-06-15;M;Standard;999;320;200;App;Valorant;;0
SESS-14580;2026-08-30 18:06:45;USR-1536;1999-01-19;M;VIP;3;0;600;Card;PUBG;;0
SESS-13993;2026-08-13 02:52:22;USR-1039;2004-10-18;M;Standard;3;0;300;Card;Dota 2;;0
SESS-15036;2026-08-22 10:51:08;USR-1228;2009-01-15;M;Standard;2;0;200;Card;Valorant;4.0;0
SESS-16452;2026-08-29 19:41:26;USR-1146;2004-01-15;M;VIP;2;310;400;Card;CS2;;0
SESS-13787;2026-08-15 20:51:53;USR-1133;2003-05-21;M;Standard;12;0;1200;Card;Valorant;;0
SESS-14555;2026-08-29 15:38:12;USR-1598;2005-02-28;M;Standard;5;0;450;App;Valorant;4.5;1
SESS-15995;2026-08-31 20:10:08;USR-1760;2005-07-12;M;VIP;2;0;400;Card;Valorant;4.5;0
SESS-12666;2026-08-18 19:55:16;USR-1541;1999-04-05;M;Bootcamp;2;510;300;Card;CS2;4.5;0
SESS-12839;2026-08-01 18:29:30;USR-1460;2008-06-02;F;Standard;2;0;200;Card;Deadlock;;0
SESS-11750;2026-08-16 14:19:10;USR-1153;2008-06-09;M;Bootcamp;2;0;300;Card;CS2;2.0;0
SESS-11798;2026-08-23 17:34:38;USR-1752;2010-12-20;F;Bootcamp;4;336;540;App;Dota 2;4.5;1
SESS-11234;2026-08-26 22:12:54;USR-1054;2008-05-14;M;Standard;12;2015;1080;Card;Valorant;;1
SESS-15737;2026-08-06 20:40:43;USR-1519;2010-11-07;M;Standard;2;0;180;Card;Minecraft;;1
SESS-11282;2026-08-22 15:23:19;USR-1587;1992-02-27;M;Bootcamp;3;510;450;App;Cyberpunk 2077;;0
SESS-13533;2026-08-01 08:23:00;USR-1063;2007-02-12;M;VIP;4;882;720;App;CS2;5.0;1
SESS-12634;2026-08-04 18:53:15;USR-1154;1987-12-02;M;PS5;1;0;250;Card;Browser/Work;;0
SESS-13621;2026-08-26 14:36:50;USR-1516;2007-09-11;M;Bootcamp;8;1903;1080;App;Apex Legends;4.5;1
SESS-10421;2026-08-05 18:34:19;USR-1676;1992-07-26;M;PS5;4;882;900;Card;GTA V;;1
SESS-10745;2026-08-28 15:56:31;USR-1651;2010-02-08;M;Standard;1;40;100;Cash;Minecraft;;0
SESS-14720;2026-08-15 22:50:05;USR-1137;1993-02-24;M;VIP;8;1110;1600;App;Dota 2;4.5;0
SESS-13745;2026-08-09 22:45:21;USR-1054;2008-05-14;M;Bootcamp;8;0;1200;Card;Dota 2;;0
SESS-11892;2026-08-24 18:48:48;USR-1039;2004-10-18;M;Bootcamp;3;0;450;Card;Dota 2;4.0;0
SESS-10394;2026-08-07 20:35:47;USR-1150;2004-01-17;F;Bootcamp;2;0;300;Card;Dota 2;;0
SESS-12449;2026-08-17 18:05:30;USR-1015;1998-01-18;M;Bootcamp;2;540;300;Card;Dota 2;;0
SESS-10593;2026-08-27 02:47:15;USR-1056;2002-03-26;M;Standard;4;320;400;App;Valorant;5.0;0
SESS-15480;2026-08-02 23:26:02;USR-1071;1993-04-12;M;Standard;12;3024;1080;Card;GTA V;4.5;1
SESS-16260;2026-08-22 18:32:52;USR-1116;2006-12-01;M;Standard;4;640;400;Card;Deadlock;4.5;0
SESS-16653;2026-08-03 21:43:26;USR-1613;2011-11-27;M;Bootcamp;1;60;150;Card;Deadlock;4.5;0
SESS-13419;2026-08-20 08:26:49;USR-1182;2011-02-24;M;Bootcamp;2;80;300;Cash;Minecraft;;0
SESS-13522;2026-08-18 16:40:03;USR-1406;2005-05-07;M;Standard;2;448;180;Card;CS2;5.0;1
SESS-16357;2026-08-02 20:23:43;USR-1295;2006-10-07;M;Standard;4;0;400;Card;Valorant;;0
SESS-17230;2026-08-20 16:04:04;USR-1082;2004-06-01;F;VIP;3;546;540;Card;CS2;;1
SESS-11092;2026-08-04 11:38:49;USR-1373;2010-10-09;M;Standard;4;0;400;App;Minecraft;4.5;0
SESS-10405;2026-08-11 19:29:06;USR-1104;2006-10-08;M;Standard;1;80;100;Card;Apex Legends;;0
SESS-14892;2026-08-14 10:52:52;USR-1128;2007-05-19;M;Standard;4;0;360;Card;CS2;;1
SESS-14795;2026-08-17 21:16:18;USR-1676;1992-07-26;M;VIP;2;923;360;Card;CS2;3.0;1
SESS-10533;2026-08-26 18:55:21;USR-1355;2005-11-25;F;Bootcamp;3;0;450;App;CS2;5.0;0
SESS-12651;2026-08-02 18:02:15;USR-1153;2008-06-09;M;PS5;3;360;750;Card;CS2;;0
SESS-14702;2026-08-05 18:09:36;USR-1067;2011-04-02;M;Standard;1;0;100;App;CS2;;0
SESS-10143;2026-08-30 14:58:46;USR-1554;1998-02-03;M;Standard;3;756;270;Card;Dota 2;5.0;1
SESS-14651;2026-08-19 17:33:28;USR-1162;2010-06-16;M;Standard;8;0;800;Card;Valorant;3.0;0
SESS-13206;2026-08-22 23:59:53;USR-1082;2004-06-01;F;Standard;5;0;500;App;CS2;4.5;0
SESS-15540;2026-08-30 21:29:59;USR-1700;2003-02-17;M;Standard;1;120;100;Card;CS2;4.0;0
SESS-14276;2026-08-30 20:54:30;USR-1781;1995-11-14;м;Standard;5;900;500;Card;CS2;4.0;0
SESS-15792;2026-08-15 21:58:04;USR-1440;2008-07-19;M;Standard;4;0;400;App;Dota 2;;0
SESS-12700;2026-08-29 18:18:34;USR-1761;2001-02-23;F;Standard;1;0;100;Card;CS2;2.0;0
SESS-12925;2026-08-02 12:40:33;USR-1729;2009-05-27;M;Standard;3;168;270;Card;Valorant;;1
SESS-16544;2026-08-30 21:35:15;USR-1185;2010-03-19;M;Standard;2;160;200;App;Minecraft;4.0;0
SESS-16165;2026-08-30 22:54:14;USR-1012;2009-01-18;F;PS5;5;400;1250;App;Minecraft;3.0;0
SESS-15783;2026-08-21 13:29:36;USR-1327;2004-04-27;M;Standard;4;320;400;Cash;GTA V;;0
SESS-14679;2026-08-21 17:50:06;USR-1398;2012-02-18;F;Bootcamp;3;0;450;Cash;CS2;;0
SESS-16131;2026-08-21 16:13:44;USR-1080;2007-12-19;M;Bootcamp;1;0;150;Card;Dota 2;;0
SESS-11739;2026-08-07 06:53:38;USR-1797;2007-11-09;M;Bootcamp;2;0;300;App;Valorant;;0
SESS-10145;2026-08-16 04:42:36;USR-1634;2006-12-21;F;Standard;2;240;200;App;CS2;;0
SESS-14917;2026-08-09 17:21:53;USR-1028;2005-02-10;M;VIP;2;470;400;App;CS2;;0
SESS-14238;2026-08-04 04:52:53;USR-1010;2007-09-24;M;Standard;3;0;300;Cash;CS2;;0
SESS-14722;2026-08-04 20:11:41;USR-1559;2008-02-20;M;Standard;2;0;200;App;Dota 2;;0
SESS-16617;2026-08-28 17:20:27;USR-1125;2006-07-09;F;Standard;2;240;200;Cash;Valorant;5.0;0
SESS-11160;2026-08-27 19:45:02;USR-1101;2003-05-22;M;Standard;12;1344;1080;Card;Dota 2;4.5;1
SESS-13297;31.08.2026 19:00:09;USR-1692;2007-04-02;M;Bootcamp;8;0;1200;Card;CS2;;0
SESS-16816;2026-08-21 17:10:45;USR-1132;2007-03-22;M;Bootcamp;3;390;450;Card;Dota 2;5.0;0
SESS-11574;2026-08-16 10:15:40;USR-1737;2003-07-27;M;Bootcamp;2;0;300;Card;Valorant;;0
SESS-10485;2026-08-19 12:47:21;USR-1256;2009-08-06;M;Standard;2;0;200;Card;Minecraft;4.0;0
SESS-15626;2026-08-28 08:27:57;USR-1635;2002-04-25;F;VIP;3;714;540;Card;Cyberpunk 2077;;1
SESS-14383;2026-08-13 12:16:53;USR-1639;2002-02-23;M;PS5;3;480;750;Card;Valorant;;0
SESS-15578;2026-08-01 18:11:05;USR-1406;2005-05-07;M;PS5;2;240;500;Card;CS2;5.0;0
SESS-16863;2026-08-06 16:49:13;USR-1200;2008-10-20;F;Standard;2;320;200;Card;CS2;;0
SESS-10936;2026-08-13 14:29:40;USR-1024;2007-08-13;M;Standard;2;0;200;Card;Dota 2;;0
SESS-14628;2026-08-28 19:59:03;USR-1355;2005-11-25;F;Standard;3;240;300;Card;CS2;;0
SESS-15812;2026-08-29 19:24:07;USR-1009;2004-06-03;M;VIP;3;320;600;App;Dota 2;3.0;0
SESS-16290;2026-08-13 10:03:12;USR-1785;2006-02-09;M;VIP;1;160;200;Card;CS2;5.0;0
SESS-13239;2026-08-02 23:21:16;USR-1415;2011-12-24;M;Standard;12;720;1200;App;Minecraft;;0
SESS-11227;2026-08-16 21:06:24;USR-1187;2011-07-27;M;Standard;4;0;400;Cash;CS2;4.5;0
SESS-16186;2026-08-08 21:32:06;USR-1132;2007-03-22;M;PS5;4;672;900;Card;Dota 2;4.5;1
SESS-16469;2026-08-04 21:00:58;USR-1423;1989-04-26;M;VIP;2;540;400;Card;Dota 2;;0
SESS-14573;2026-08-05 19:51:02;USR-1652;2011-02-19;M;Standard;12;0;1200;App;CS2;3.0;0
SESS-10736;2026-08-27 17:55:47;USR-1115;2011-06-03;M;Standard;1;0;100;App;Minecraft;5.0;0
SESS-14354;2026-08-16 13:08:25;USR-1798;2005-01-26;F;Standard;2;240;200;App;CS2;;0
SESS-13437;2026-08-26 16:07:46;USR-1728;2008-12-03;M;Standard;1;120;100;Card;Valorant;;0
SESS-10363;2026-08-22 17:47:02;USR-1149;2003-10-27;M;Standard;2;240;200;Card;CS2;4.5;0
SESS-10742;2026-08-23 17:10:51;USR-1116;2006-12-01;M;Standard;2;240;200;Card;Apex Legends;;0
SESS-13586;2026-08-28 19:12:10;USR-1015;1998-01-18;M;VIP;3;0;600;App;Dota 2;4.0;0
SESS-16521;2026-08-15 14:16:30;USR-1001;2003-04-08;F;Standard;4;896;360;Card;CS2;;1
SESS-14167;2026-08-16 01:54:22;USR-1114;2005-06-01;M;Standard;8;640;800;Cash;Dota 2;5.0;0
SESS-10281;2026-08-29 16:45:36;USR-1566;2006-07-16;M;Standard;3;0;270;Card;Deadlock;;1
SESS-15013;2026-08-28 18:51:38;USR-1074;2011-11-23;F;Bootcamp;2;0;300;App;Minecraft;4.5;0
SESS-10286;2026-08-01 08:33:05;USR-1685;2008-12-06;M;PS5;5;800;1250;Card;Dota 2;4.0;0
SESS-15286;2026-08-21 19:11:31;USR-1369;2005-09-09;M;Standard;~1;0;100;Card;Dota 2;;0
SESS-15728;2026-08-09 22:53:54;USR-1000;1994-09-16;M;VIP;8;1764;1440;Card;PUBG;4.0;1
SESS-13798;2026-08-20 15:19:13;USR-1060;1993-12-16;M;VIP;3;965;540;Card;Cyberpunk 2077;;1
SESS-16873;2026-08-24 00:44:29;USR-1702;2010-01-12;M;Bootcamp;8;0;1200;Cash;Dota 2;;0
SESS-16729;2026-08-30 13:36:37;USR-1157;2011-01-17;M;Standard;3;0;300;Card;Deadlock;;0
SESS-16450;2026-08-05 17:15:32;USR-1552;2005-07-02;M;PS5;2;224;450;App;Dota 2;4.0;1
SESS-10474;2026-08-21 19:03:42;USR-1791;2008-10-28;M;Standard;3;480;300;Card;CS2;3.0;0
SESS-16758;2026-08-11 17:28:47;USR-1080;2007-12-19;M;Bootcamp;5;0;750;Card;CS2;5.0;0
SESS-10794;2026-08-11 18:56:05;USR-1678;2009-11-05;M;Standard;3;0;300;App;Minecraft;4.0;0
SESS-12824;2026-08-08 17:22:04;USR-1372;2003-04-10;M;Standard;2;0;200;Card;CS2;;0
SESS-10925;2026-08-24 09:23:59;USR-1150;2004-01-17;F;VIP;5;0;1000;Card;Dota 2;5.0;0
SESS-14838;2026-08-16 10:09:27;USR-1507;2003-11-04;M;Bootcamp;4;560;600;Card;Valorant;;0
SESS-13859;2026-08-17 15:06:32;USR-1765;2005-05-06;F;Standard;3;0;300;Card;Dota 2;4.5;0
SESS-15171;2026-08-24 10:38:26;USR-1525;2010-02-24;M;Bootcamp;3;180;450;Card;CS2;;0
SESS-12267;2026-08-01 15:15:15;USR-1281;2011-04-25;F;Standard;1;0;100;App;CS2;5.0;0
SESS-13891;2026-08-07 13:58:05;USR-1607;2010-10-08;M;Standard;2;112;180;Cash;CS2;;1
SESS-15345;2026-08-06 23:00:26;USR-1148;2005-12-20;M;Standard;12;960;1200;App;CS2;;0
SESS-15157;2026-08-18 21:17:41;USR-1376;2011-05-06;M;Standard;2;0;200;Card;Valorant;;0
SESS-10344;2026-08-06 17:35:00;USR-1092;2001-05-02;F;VIP;1;310;200;Card;Valorant;;0
SESS-16395;2026-08-11 08:18:33;USR-1051;2011-06-02;F;Standard;2;0;200;Card;CS2;2.0;0
SESS-13669;2026-08-04 19:51:07;USR-1185;2010-03-19;M;Standard;4;224;360;App;Minecraft;;1
SESS-14471;2026-08-17 19:58:04;USR-1154;1987-12-02;M;Bootcamp;4;0;600;Card;Cyberpunk 2077;5.0;0
SESS-14335;2026-08-10 18:26:34;USR-1090;2004-08-10;M;VIP;2;0;400;Card;Cyberpunk 2077;;0
SESS-14374;2026-08-02 10:08:48;USR-1457;2009-06-14;M;Bootcamp;3;0;405;Cash;CS2;2.0;1
SESS-10246;2026-08-30 09:59:09;USR-1113;2010-05-22;M;Standard;3;240;300;Cash;Minecraft;;0
SESS-10999;2026-08-20 18:47:14;USR-1069;2011-02-16;M;Bootcamp;1;0;150;Card;Deadlock;;0
SESS-13353;2026-08-29 11:58:30;USR-1043;2012-06-14;F;Standard;2;0;200;Cash;CS2;;0
SESS-15893;2026-08-10 17:59:35;USR-1029;1999-08-16;M;VIP;2;800;400;App;Cyberpunk 2077;;0
SESS-13001;2026-08-23 08:48:43;USR-1439;2009-12-23;M;Bootcamp;2;160;300;Cash;Minecraft;;0
SESS-12923;2026-08-03 16:08:22;USR-1609;1999-09-26;M;VIP;1;330;200;App;Dota 2;;0
SESS-14513;2026-08-24 16:00:56;USR-1139;2003-05-21;M;Bootcamp;2;470;300;Card;CS2;;0
SESS-12785;2026-08-15 23:39:13;USR-1181;1994-12-13;F;Standard;12;2160;1200;Card;GTA V;4.5;0
SESS-12611;2026-08-04 21:33:36;USR-1358;1999-07-08;M;Standard;2;0;200;Card;Cyberpunk 2077;;0
SESS-11900;2026-08-09 01:12:57;USR-1005;2011-10-01;M;Standard;8;0;800;Cash;GTA V;3.0;0
SESS-15673;2026-08-23 16:08:04;USR-1251;2001-12-01;M;Standard;3;480;300;Card;Apex Legends;;0
SESS-11402;2026-08-12 22:09:18;USR-1697;2008-06-21;M;PS5;12;2688;2700;Cash;Dota 2;;1
SESS-13099;2026-08-13 22:27:00;USR-1040;1991-03-07;M;VIP;5;1959;900;App;Dota 2;5.0;1
SESS-16751;2026-08-26 14:36:36;USR-1403;2010-01-28;M;Standard;1;0;100;App;Dota 2;4.5;0
SESS-11758;2026-08-12 16:00:49;USR-1144;2005-01-11;M;VIP;3;0;600;Card;CS2;4.0;0
SESS-15179;2026-08-21 01:12:07;USR-1131;2006-04-07;M;PS5;8;640;2000;Card;Dota 2;4.5;0
SESS-11832;2026-08-27 16:29:17;USR-1113;2010-05-22;M;Bootcamp;2;80;300;Card;CS2;;0
SESS-10759;2026-08-23 16:35:05;USR-1073;2012-07-14;F;VIP;1;0;200;Cash;Dota 2;;0
SESS-16789;08/09/2026 19:43:04;USR-1737;2003-07-27;M;Standard;2;0;200;Cash;Deadlock;;0
SESS-11332;2026-08-22 22:22:27;USR-1170;1996-04-24;M;VIP;8;0;1600;App;PUBG;;0
SESS-15230;2026-08-07 20:29:04;USR-1471;2010-04-09;F;Bootcamp;4;0;540;App;Minecraft;;1
SESS-12973;2026-08-29 22:26:37;USR-1158;1993-07-18;M;Bootcamp;12;1590;1800;Card;Dota 2;4.5;0
SESS-17146;2026-08-05 02:00:44;USR-1765;2005-05-06;F;Standard;2;320;200;Card;Valorant;;0
SESS-14070;2026-08-08 11:35:30;USR-1208;2010-04-10;M;Standard;2;80;200;App;Minecraft;;0
SESS-10483;2026-08-23 18:56:43;USR-1252;2008-05-13;M;VIP;2;310;400;Card;Dota 2;5.0;0
SESS-13096;2026-08-28 13:27:39;USR-1264;2011-03-02;M;Bootcamp;3;168;405;App;Dota 2;;1
SESS-12045;2026-08-08 00:32:05;USR-1503;2004-06-09;M;PS5;5;0;1250;Card;CS2;;0
SESS-16712;2026-08-09 16:46:05;USR-1004;2011-07-04;M;Standard;2;80;200;App;Minecraft;4.5;0
SESS-12731;2026-08-12 11:14:42;USR-1105;2004-04-12;M;PS5;1;0;250;Card;CS2;;0
SESS-12616;2026-08-24 22:38:21;USR-1585;1994-11-04;M;PS5;8;1740;2000;Card;Cyberpunk 2077;5.0;0
SESS-14649;2026-08-15 15:10:24;USR-1701;2010-07-18;M;PS5;1;60;250;App;CS2;;0
SESS-12011;2026-08-21 18:27:09;USR-1083;2000-08-19;M;Standard;4;1000;400;App;PUBG;;0
SESS-15523;2026-08-15 18:13:04;USR-1058;2008-11-03;M;Standard;2;0;200;Card;Dota 2;4.5;0
SESS-16023;2026-08-23 20:56:44;USR-1506;2012-03-23;M;Standard;3;0;270;App;CS2;4.5;1
SESS-10548;2026-08-28 15:38:24;USR-1399;1997-04-05;M;Standard;8;960;800;Cash;GTA V;4.5;0
SESS-13587;2026-08-27 16:32:31;USR-1110;2006-09-11;F;Standard;3;240;300;Card;Dota 2;5.0;0
SESS-13903;2026-08-23 20:56:48;USR-1203;2008-12-03;M;Standard;2;160;200;Card;CS2;;0
SESS-10539;2026-08-04 19:52:21;USR-1329;2007-12-17;M;Bootcamp;2;546;270;Card;Valorant;4.5;1
SESS-16830;2026-08-06 19:48:47;USR-1131;2006-04-07;M;Standard;2;448;180;App;Deadlock;3.0;1
SESS-10589;2026-08-01 21:04:29;USR-1589;2007-02-16;M;Standard;1;120;100;Card;Dota 2;;0
SESS-16723;2026-08-07 11:12:41;USR-1370;2005-07-24;M;VIP;3;0;600;App;Dota 2;4.0;0
SESS-10442;2026-08-13 20:11:51;USR-1706;1990-10-21;F;VIP;5;1400;1000;App;Dota 2;5.0;0
SESS-14987;2026-08-19 19:35:00;USR-1230;1999-07-10;F;VIP;1;560;180;App;Dota 2;4.0;1
SESS-14428;2026-08-01 19:15:06;USR-1098;2009-05-09;F;Bootcamp;5;0;750;App;Minecraft;;0
SESS-16914;2026-08-12 08:40:04;USR-1755;2003-05-13;M;PS5;1;0;225;App;Dota 2;5.0;1
SESS-16007;2026-08-17 22:11:25;USR-1068;2011-11-23;F;VIP;8;0;1600;App;Minecraft;4.5;0
SESS-14442;2026-08-09 16:03:20;USR-1668;2010-11-14;M;Standard;5;0;450;Cash;CS2;4.5;1
SESS-14918;2026-08-16 15:09:50;USR-1247;2004-06-02;M;Standard;2;0;200;Card;CS2;;0
SESS-14521;2026-08-02 01:34:07;USR-1311;2006-02-16;M;Standard;8;896;720;App;Dota 2;;1
SESS-13673;2026-08-31 20:12:16;USR-1014;2010-07-18;F;VIP;1;0;200;App;CS2;;0
SESS-13404;2026-08-29 23:07:22;USR-1711;2003-02-18;M;Bootcamp;5;0;750;Card;CS2;;0
SESS-14549;2026-08-22 15:19:57;USR-1020;2005-09-26;F;Standard;3;360;300;Card;Apex Legends;;0
SESS-16952;2026-08-25 17:00:34;USR-1793;2010-06-15;M;Standard;1;0;100;App;Deadlock;;0
SESS-12259;2026-08-28 17:17:58;USR-1360;2012-11-04;F;Standard;5;0;450;Card;Dota 2;3.0;1
SESS-16096;2026-08-24 19:05:33;USR-1795;2007-08-02;M;VIP;3;0;600;Card;CS2;;0
SESS-13246;2026-08-30 16:11:04;USR-1286;2006-07-18;M;Standard;1;0;100;Card;PUBG;4.0;0
SESS-15096;2026-08-02 17:42:19;USR-1038;2010-06-02;M;Bootcamp;2;0;300;App;Deadlock;;0
SESS-11153;2026-08-14 11:17:26;USR-1723;2005-11-06;M;VIP;4;882;720;Cash;Dota 2;4.5;1
SESS-12397;2026-08-02 19:27:02;USR-1726;09/13/2011;M;Bootcamp;2;0;300;App;Minecraft;;0
SESS-11091;2026-08-11 08:04:41;USR-1182;2011-02-24;M;Bootcamp;1;0;135;App;Valorant;;1
SESS-13087;2026-08-27 17:16:11;USR-1069;2011-02-16;M;Standard;1;0;100;App;Minecraft;;0
SESS-14704;2026-08-03 18:42:02;USR-1382;2006-02-09;M;PS5;5;560;1125;Card;GTA V;;1
SESS-16333;2026-08-18 20:15:18;USR-1128;2007-05-19;M;Bootcamp;3;546;405;Card;Dota 2;5.0;1
SESS-12280;2026-08-31 17:11:25;USR-1535;2006-09-22;M;Bootcamp;3;560;450;App;Valorant;5.0;0
SESS-11064;2026-08-30 11:23:35;USR-1697;2008-06-21;M;Standard;1;0;100;Card;Dota 2;;0
SESS-12689;2026-08-08 14:21:05;USR-1733;2004-11-06;M;VIP;2;400;400;App;Valorant;;0
SESS-10755;2026-08-21 21:05:01;USR-1634;2006-12-21;F;Standard;2;0;200;App;Valorant;;0
SESS-10839;2026-08-01 02:00:17;USR-1584;2001-06-10;M;Standard;2;0;200;Card;Cyberpunk 2077;;0
SESS-15703;2026-08-30 19:33:31;USR-1797;2007-11-09;M;Standard;3;336;270;Card;Minecraft;3.0;1
SESS-13811;2026-08-01 10:03:36;USR-1107;1989-06-02;F;Standard;2;700;180;App;Dota 2;5.0;1
SESS-16538;2026-08-20 22:25:49;USR-1133;2003-05-21;M;Standard;5;600;500;Card;Dota 2;4.0;0
SESS-16695;2026-08-19 14:11:04;USR-1113;2010-05-22;M;VIP;4;160;800;Card;Deadlock;;0
SESS-11034;2026-08-19 15:23:44;USR-1410;2003-08-02;M;PS5;1;160;250;Card;CS2;;0
SESS-13196;2026-08-26 03:34:35;USR-1163;2007-06-19;M;PS5;5;0;1125;App;Dota 2;5.0;1
SESS-11338;2026-08-28 14:28:03;USR-1647;1992-06-09;F;PS5;1;400;250;App;GTA V;;0
SESS-14788;2026-08-23 11:50:53;USR-1018;2011-02-01;M;Standard;1;0;100;Card;PUBG;;0
SESS-14140;2026-08-26 17:52:31;USR-1475;2006-02-08;F;Standard;3;336;270;Card;CS2;4.5;1
SESS-10463;2026-08-30 19:48:55;USR-1414;2011-02-23;M;Standard;1;0;100;App;Valorant;;0
SESS-15581;2026-08-23 18:16:55;USR-1540;2005-12-23;M;PS5;2;320;500;Card;CS2;;0
SESS-14561;2026-08-15 18:35:00;USR-1055;2004-09-27;M;Bootcamp;1;240;150;App;Cyberpunk 2077;;0
SESS-16567;2026-08-16 00:23:07;USR-1569;2010-03-22;M;Standard;8;0;720;Card;CS2;;1
SESS-13399;2026-08-23 18:14:28;USR-1549;2002-09-27;M;Bootcamp;2;560;270;App;Dota 2;4.5;1
SESS-13935;2026-08-10 20:51:03;USR-1334;2000-05-11;M;Standard;5;1250;500;Card;Cyberpunk 2077;4.0;0
SESS-12362;2026-08-30 21:24:21;USR-1713;1996-12-18;F;Standard;5;1750;450;Card;Browser/Work;5.0;1
SESS-11845;2026-08-02 16:42:45;USR-1722;2006-12-24;M;Standard;2;320;200;Card;CS2;;0
SESS-17193;2026-08-27 12:00:38;USR-1773;2005-04-21;M;VIP;4;784;720;Card;CS2;5.0;1
SESS-15674;2026-08-07 17:24:15;USR-1336;2002-08-22;F;Bootcamp;2;240;300;Card;Valorant;;0
SESS-14208;2026-08-08 07:19:35;USR-1641;2007-08-11;M;Standard;3;336;270;App;Valorant;;1
SESS-12816;2026-08-12 19:27:28;USR-1273;2006-11-11;M;PS5;4;672;900;Cash;CS2;4.0;1
SESS-17197;2026-08-29 15:47:57;USR-1492;2006-03-14;M;Bootcamp;1;240;150;App;CS2;3.0;0
SESS-15196;2026-08-20 18:36:19;USR-1112;2008-11-25;M;Standard;1;80;100;Card;CS2;5.0;0
SESS-11706;2026-08-17 14:06:48;USR-1594;2004-06-08;M;Bootcamp;3;320;450;Card;Valorant;5.0;0
SESS-10935;2026-08-20 18:53:39;USR-1372;2003-04-10;M;Standard;3;0;300;Card;Dota 2;;0
SESS-11323;2026-08-09 12:59:54;USR-1245;2004-06-04;M;VIP;5;0;900;Card;Deadlock;4.5;1
SESS-14443;2026-08-07 01:49:26;USR-1333;2006-04-01;M;VIP;3;0;600;Card;Dota 2;;0
SESS-12948;2026-08-20 14:58:31;USR-1326;2003-05-12;F;Standard;2;320;200;Card;CS2;3.0;0
SESS-13261;2026-08-31 17:31:41;USR-1077;1996-09-03;M;PS5;2;390;500;Card;CS2;4.0;0
SESS-17017;2026-08-24 19:35:15;USR-1297;2012-04-24;M;Standard;3;0;300;Cash;Minecraft;;0
SESS-12774;2026-08-02 09:33:42;USR-1592;1998-02-08;F;PS5;2;390;500;Card;GTA V;;0
SESS-16828;2026-08-16 12:56:51;USR-1562;1999-02-01;M;PS5;1;0;250;Card;PUBG;;0
SESS-13702;2026-08-31 18:25:14;USR-1569;2010-03-22;M;Standard;5;0;500;Card;GTA V;;0
SESS-16409;2026-08-31 12:09:58;USR-1351;2006-08-16;M;Standard;1;160;100;App;CS2;4.0;0
SESS-11421;2026-08-01 12:58:34;USR-1381;2007-09-03;F;Bootcamp;3;882;405;Card;CS2;;1
SESS-10743;2026-08-10 16:19:08;USR-1459;1996-01-12;M;VIP;1;0;200;Card;Cyberpunk 2077;;0
SESS-10293;2026-08-28 22:44:47;USR-1044;1996-12-25;M;Bootcamp;3;0;450;Card;CS2;;0
SESS-10189;2026-08-14 22:42:51;USR-1750;2010-08-03;M;Bootcamp;5;0;750;Card;Minecraft;;0
SESS-15745;2026-08-06 12:39:54;USR-1026;2010-02-02;M;Bootcamp;5;0;750;;Dota 2;;0
SESS-13220;2026-08-29 21:17:17;USR-1197;2009-05-11;F;Standard;2;0;200;Cash;Deadlock;;0
SESS-12161;2026-08-07 10:13:24;USR-1195;2010-04-23;M;Bootcamp;4;336;540;App;CS2;4.0;1
SESS-14156;2026-08-19 05:15:16;USR-1354;2008-01-14;F;Bootcamp;3;546;405;Card;CS2;;1
SESS-14069;2026-08-16 18:39:00;USR-1512;1999-11-22;M;PS5;1;420;250;Card;Deadlock;;0
SESS-17225;2026-08-04 17:28:24;USR-1041;2011-07-28;M;Standard;2;0;200;App;Minecraft;;0
SESS-13641;2026-08-13 15:09:01;USR-1365;1997-01-19;M;VIP;2;510;400;Card;Dota 2;5.0;0
SESS-16137;2026-08-15 09:01:55;USR-1128;2007-05-19;M;PS5;2;0;500;App;CS2;;0
SESS-11289;2026-08-05 22:43:25;USR-1322;2005-06-26;M;VIP;3;0;600;Card;Dota 2;4.5;0
SESS-10289;2026-08-22 15:08:02;USR-1102;2011-08-12;M;PS5;8;0;2000;Cash;Valorant;5.0;0
SESS-14417;2026-08-23 00:48:18;USR-1070;04/24/2008;M;Standard;8;0;800;Card;Dota 2;3.0;0
SESS-13670;2026-08-02 00:53:41;USR-1115;2011-06-03;M;Standard;12;480;1200;Cash;Deadlock;4.0;0
SESS-14163;2026-08-27 08:31:08;USR-1593;2004-10-22;M;VIP;3;0;600;Card;Valorant;4.5;0
SESS-16492;2026-08-23 19:08:55;USR-1124;2004-09-24;M;VIP;1;336;180;Card;Dota 2;;1
SESS-14148;2026-08-24 20:56:02;USR-1548;2006-05-07;F;VIP;3;560;600;Card;Deadlock;;0
SESS-10662;2026-08-24 21:02:42;USR-1056;2002-03-26;M;Standard;3;0;300;Card;Dota 2;;0
SESS-14314;2026-08-16 19:14:18;USR-1004;2011-07-04;M;Standard;2;160;200;Cash;Minecraft;;0
SESS-14807;2026-08-07 17:04:25;USR-1041;2011-07-28;M;Standard;2;0;200;Cash;Minecraft;;0
SESS-15717;2026-08-11 22:39:20;USR-1244;2005-04-18;M;Bootcamp;8;0;1200;Card;Apex Legends;;0
SESS-11630;2026-08-01 00:47:10;USR-1320;2006-10-14;M;VIP;8;1430;1600;Card;CS2;4.5;0
SESS-13714;2026-08-15 17:15:43;USR-1244;2005-04-18;M;Standard;3;240;300;App;CS2;;0
SESS-14382;2026-08-01 21:52:19;USR-1676;1992-07-26;M;Bootcamp;1;480;150;Card;CS2;;0
SESS-12991;2026-08-08 12:44:17;USR-1426;2011-10-06;M;Bootcamp;4;320;600;Card;Dota 2;1.0;0
SESS-17081;2026-08-11 23:09:59;USR-1119;1997-03-16;M;VIP;12;2436;2160;Card;Dota 2;5.0;1
SESS-15371;2026-08-19 18:14:26;USR-1254;2007-12-18;M;Standard;2;240;200;Card;Dota 2;4.5;0
SESS-16112;2026-08-04 20:11:24;USR-1366;2005-06-22;M;Bootcamp;5;0;750;App;CS2;;0
SESS-10053;2026-08-07 20:58:25;USR-1305;2006-03-14;M;Bootcamp;2;0;300;Card;CS2;5.0;0
SESS-17064;2026-08-19 19:00:58;USR-1152;2006-12-04;M;VIP;2;0;400;Cash;CS2;;0
SESS-10456;2026-08-28 09:19:21;USR-1492;2006-03-14;M;Standard;3;672;270;App;Valorant;;1
SESS-15768;2026-08-15 17:15:27;USR-1075;1995-03-20;F;PS5;3;660;750;App;GTA V;;0
SESS-13898;2026-08-29 15:32:42;USR-1166;2005-03-11;M;Standard;8;1792;720;Cash;Dota 2;3.0;1
SESS-11009;2026-08-12 18:08:59;USR-1036;2005-06-28;M;Standard;4;640;400;App;CS2;4.0;0
SESS-14723;2026-08-06 11:49:13;USR-1424;2005-07-20;M;Standard;2;224;180;Cash;CS2;;1
SESS-13281;2026-08-08 15:26:45;USR-1485;2004-01-19;F;Bootcamp;12;1456;1620;App;Deadlock;;1
SESS-10104;2026-08-07 18:21:45;USR-1113;2010-05-22;M;Standard;1;0;100;Card;Valorant;5.0;0
SESS-16258;2026-08-24 14:33:43;USR-1139;2003-05-21;M;PS5;4;672;900;App;Dota 2;4.5;1
SESS-14014;2026-08-30 00:43:16;USR-1326;2003-05-12;F;Bootcamp;5;0;750;Card;CS2;4.0;0
SESS-14550;2026-08-08 20:13:50;USR-1098;2009-05-09;F;Standard;1;0;100;Cash;Minecraft;;0
SESS-17167;2026-08-02 11:04:50;USR-1047;2004-05-25;M;Standard;5;400;500;App;CS2;4.5;0
SESS-16221;2026-08-27 17:17:40;USR-1578;2012-12-23;M;Standard;3;0;300;Cash;Minecraft;;0
SESS-12009;2026-08-20 13:42:50;USR-1790;2011-09-03;M;Standard;1;0;100;App;Dota 2;;0
SESS-11502;2026-08-01 19:05:02;USR-1019;2011-02-06;M;Standard;8;0;800;App;Minecraft;4.5;0
SESS-11792;2026-08-17 19:25:46;USR-1013;2010-03-22;F;Bootcamp;4;0;600;Card;Dota 2;4.0;0
SESS-16287;2026-08-21 12:30:24;USR-1190;2005-12-28;M;VIP;3;448;540;Card;GTA V;4.0;1
SESS-12794;2026-08-11 00:46:15;USR-1006;2007-06-18;M;Bootcamp;8;0;1080;Card;Valorant;;1
SESS-10795;2026-08-19 19:16:51;USR-1351;2006-08-16;M;Standard;2;0;200;Card;Valorant;;0
SESS-15842;2026-08-26 06:53:23;USR-1013;2010-03-22;F;Bootcamp;4;0;600;Card;Minecraft;4.0;0
SESS-14217;2026-08-07 21:41:25;USR-1623;2004-12-22;M;Bootcamp;4;400;600;Card;Dota 2;4.0;0
SESS-12414;2026-08-22 13:37:04;USR-1523;2006-10-11;M;PS5;2;0;500;Card;Deadlock;;0
SESS-15799;2026-08-01 21:46:03;USR-1002;2004-03-01;M;Bootcamp;4;0;600;Cash;CS2;3.0;0
SESS-11439;2026-08-19 17:37:21;USR-1141;2007-07-14;M;VIP;3;546;540;Card;CS2;4.0;1
SESS-13782;2026-08-05 16:15:30;USR-1311;2006-02-16;M;Bootcamp;1;270;150;Card;CS2;2.0;0
SESS-14650;2026-08-09 22:00:10;USR-1197;2009-05-11;F;Standard;8;896;720;App;Minecraft;;1
SESS-15063;2026-08-27 13:41:22;USR-1450;2007-09-12;M;Standard;3;0;300;Card;CS2;;0
SESS-15134;2026-08-14 17:49:02;USR-1713;1996-12-18;F;VIP;1;480;200;App;CS2;4.0;0
SESS-16919;2026-08-11 14:49:22;USR-1273;2006-11-11;M;Standard;3;0;270;Cash;Apex Legends;3.0;1
SESS-15976;2026-08-16 13:10:41;USR-1011;2011-12-14;M;Standard;2;0;200;Card;Minecraft;;0
SESS-10897;2026-08-16 17:19:33;USR-1761;2001-02-23;F;Standard;8;1792;720;Card;Dota 2;;1
SESS-12960;2026-08-29 20:18:39;USR-1113;2010-05-22;M;Standard;3;251;270;App;GTA V;5.0;1
SESS-12354;2026-08-17 01:52:21;USR-1106;2010-07-26;M;Standard;5;400;500;Card;Valorant;4.0;0
SESS-13230;2026-08-08 16:31:55;USR-1325;2009-12-02;F;Standard;4;224;360;Cash;Minecraft;4.5;1
SESS-15043;2026-08-16 03:58:12;USR-1548;2006-05-07;F;PS5;4;480;1000;App;CS2;;0
SESS-16128;2026-08-04 19:16:16;USR-1068;2011-11-23;F;Standard;3;0;270;App;CS2;;1
SESS-16198;2026-08-25 12:13:06;USR-1691;2012-06-12;M;Standard;3;168;270;App;CS2;2.0;1
SESS-13068;2026-08-01 09:56:54;USR-1707;2011-02-23;F;Standard;3;0;300;Card;Dota 2;;0
SESS-13283;2026-08-23 10:34:32;USR-1504;2005-03-12;F;VIP;2;320;400;Card;Valorant;;0
SESS-15679;2026-08-30 20:39:54;USR-1383;2005-07-14;M;PS5;3;360;750;Card;GTA V;;0
SESS-17160;2026-08-09 14:15:41;USR-1155;2009-09-19;M;Standard;2;0;180;Cash;Minecraft;;1
SESS-12438;2026-08-20 12:04:09;USR-1364;2011-06-06;M;Standard;3;0;270;Cash;Valorant;5.0;1
SESS-10959;2026-08-26 10:12:00;USR-1123;2003-11-08;F;Standard;3;0;270;Card;Dota 2;5.0;1
SESS-10629;2026-08-02 14:12:20;USR-1146;2004-01-15;M;Standard;2;320;200;Cash;CS2;4.0;0
SESS-15588;2026-08-03 13:03:30;USR-1446;1988-03-22;M;VIP;2;660;400;App;Browser/Work;5.0;0
SESS-15574;2026-08-31 20:17:49;USR-1171;2009-11-25;M;PS5;3;120;750;App;CS2;;0
SESS-11778;2026-08-01 21:05:38;USR-1136;2004-04-28;M;VIP;3;448;540;Card;CS2;4.5;1
SESS-13554;2026-08-22 18:06:30;USR-1100;2011-02-25;M;Bootcamp;2;80;300;App;GTA V;;0
SESS-11112;2026-08-27 19:20:48;USR-1797;2007-11-09;M;Bootcamp;5;0;750;App;Dota 2;;0
SESS-11904;2026-08-21 19:34:27;USR-1075;1995-03-20;F;Bootcamp;1;400;150;Card;Browser/Work;;0
SESS-15564;2026-08-19 20:59:25;USR-1065;2009-08-26;F;Standard;2;120;200;App;CS2;;0
SESS-16372;2026-08-04 15:57:09;USR-1096;2008-05-14;M;VIP;4;0;800;App;CS2;4.0;0
SESS-11872;2026-08-10 19:26:52;USR-1222;2005-04-07;M;Bootcamp;3;0;450;App;CS2;;0
SESS-12865;2026-08-13 22:19:58;USR-1029;1999-08-16;M;VIP;8 часа;0;1440;Card;Cyberpunk 2077;;1
SESS-10155;2026-08-19 21:13:13;USR-1749;2010-12-14;M;Standard;1;0;90;Cash;CS2;4.0;1
SESS-11656;2026-08-12 11:33:59;USR-1797;2007-11-09;M;Standard;3;0;300;Card;Valorant;;0
SESS-13201;2026-08-17 19:40:10;USR-1321;2010-12-09;M;Standard;4;0;400;App;Minecraft;;0
SESS-16732;2026-08-15 19:40:57;USR-1731;2004-01-13;M;Standard;1;160;100;App;CS2;;0
SESS-16843;2026-08-21 15:40:17;USR-1109;2011-12-05;M;Bootcamp;2;224;270;App;Deadlock;;1
SESS-10327;2026-08-23 21:14:05;USR-1645;2008-11-08;M;Bootcamp;2;0;300;Card;GTA V;;0
SESS-11614;2026-08-10 15:32:08;USR-1052;2011-10-25;M;Standard;2;0;200;Card;Minecraft;;0
SESS-11400;2026-08-01 19:54:55;USR-1494;2003-01-04;M;PS5;3;0;750;Card;Deadlock;;0
SESS-16549;2026-08-23 13:20:44;USR-1216;2004-05-11;M;VIP;3;546;540;App;Valorant;;1
SESS-13418;2026-08-16 15:06:48;USR-1528;1992-04-11;M;VIP;2;390;400;Card;Browser/Work;4.5;0
SESS-10152;2026-08-03 03:26:20;USR-1459;1996-01-12;M;Standard;1;250;100;Card;PUBG;;0
SESS-14098;2026-08-08 00:15:25;USR-1003;2010-11-08;M;Standard;5;0;500;Cash;Deadlock;1.0;0
SESS-12647;2026-08-21 10:28:08;USR-1150;2004-01-17;F;Standard;2;0;200;Card;Cyberpunk 2077;;0
SESS-16892;2026-08-15 14:16:55;USR-1061;2004-03-24;M;Standard;3;0;270;Card;Dota 2;;1
SESS-15309;2026-08-09 22:13:46;USR-1221;2011-10-10;M;Standard;8;320;800;Cash;Valorant;4.0;0
SESS-11702;2026-08-16 16:18:39;USR-1118;2006-10-19;F;Bootcamp;1;434;135;App;Valorant;;1
SESS-14685;2026-08-09 21:38:46;USR-1687;2008-07-28;M;Bootcamp;5;880;750;Cash;CS2;;0
SESS-17221;2026-08-15 19:21:44;USR-1051;2011-06-02;F;Standard;5;280;450;Card;Valorant;5.0;1
SESS-10500;2026-08-07 12:13:55;USR-1223;2008-01-18;F;VIP;3;560;600;Card;Valorant;4.5;0
SESS-12206;2026-08-04 13:20:23;USR-1270;2001-01-19;M;Standard;1;80;100;Card;CS2;;0
SESS-12684;2026-08-17 18:19:40;USR-1556;2009-08-19;M;Standard;8;640;800;Card;Valorant;2.0;0
SESS-11187;2026-08-06 20:55:29;USR-1739;2004-07-28;M;VIP;2;400;400;App;CS2;;0
SESS-16913;2026-08-21 23:04:22;USR-1667;1992-07-17;M;Standard;5;0;450;Card;CS2;;1
SESS-16374;2026-08-15 20:38:21;USR-1778;2012-02-10;M;Standard;2;120;200;Cash;CS2;;0
SESS-13258;2026-08-24 14:29:26;USR-1293;2006-06-03;M;VIP;2;336;360;Card;CS2;;1
SESS-11409;2026-08-06 17:58:01;USR-1662;2010-08-09;M;Standard;2;0;200;Cash;Valorant;;0
SESS-14224;2026-08-30 12:29:57;USR-1094;2004-10-05;M;Bootcamp;3;546;405;Card;Dota 2;4.0;1
SESS-14488;2026-08-13 03:04:20;USR-1684;2009-11-24;M;Bootcamp;4;0;600;Card;CS2;4.0;0
SESS-12074;2026-08-22 20:02:27;USR-1248;2008-02-06;M;VIP;2;0;400;Card;CS2;;0
SESS-13197;2026-08-02 15:07:10;USR-1216;2004-05-11;M;Bootcamp;2;0;300;Card;Dota 2;;0
SESS-13465;2026-08-21 17:03:40;USR-1099;2001-07-16;M;VIP;2;0;400;Card;Dota 2;;0
SESS-16488;2026-08-25 16:32:41;USR-1701;2010-07-18;M;Standard;3;0;300;App;GTA V;;0
SESS-14563;2026-08-06 13:33:16;USR-1532;2007-12-28;M;Standard;4;640;400;Card;CS2;;0
SESS-11546;2026-08-09 18:53:30;USR-1706;1990-10-21;F;VIP;12;2310;2400;Card;Cyberpunk 2077;3.0;0
SESS-16329;2026-08-09 00:39:15;USR-1136;2004-04-28;M;VIP;12;2070;2400;Card;Deadlock;5.0;0
SESS-12479;2026-08-03 05:00:29;USR-1050;2008-12-03;F;Standard;2;240;200;App;CS2;;0
SESS-16136;2026-08-25 12:14:04;USR-1391;2005-06-01;M;PS5;2;0;500;App;Dota 2;5.0;0
SESS-12142;2026-08-29 20:31:00;USR-1025;2010-10-04;M;Standard;3;0;300;Cash;Minecraft;;0
SESS-14192;2026-08-28 18:30:57;USR-1716;2009-02-04;F;Bootcamp;4;0;600;App;Valorant;2.0;0
SESS-15125;2026-08-07 20:19:00;USR-1559;2008-02-20;M;Bootcamp;2;0;300;Card;CS2;4.5;0
SESS-16633;2026-08-22 17:53:06;USR-1280;2003-02-25;M;Standard;2;0;200;Card;Dota 2;;0
SESS-10265;2026-08-02 08:39:23;USR-1086;1990-06-20;M;PS5;2;0;500;App;CS2;4.0;0
SESS-17196;2026-08-13 18:53:48;USR-1438;2006-04-14;M;Standard;2;0;200;App;Dota 2;4.5;0
SESS-10068;2026-08-28 15:43:35;USR-1346;2008-11-28;F;Standard;3;360;300;Card;Dota 2;;0
SESS-10557;2026-08-14 19:48:35;USR-1230;1999-07-10;F;VIP;2;390;400;App;GTA V;;0
SESS-14953;2026-08-01 13:02:54;USR-1401;2008-11-20;M;VIP;2;240;400;Card;Apex Legends;;0
SESS-12606;2026-08-11 15:13:38;USR-1060;1993-12-16;M;Bootcamp;12;1590;1800;Card;Cyberpunk 2077;5.0;0
SESS-15192;2026-08-16 17:10:30;USR-1207;2010-06-10;M;Bootcamp;2;120;300;;Dota 2;2.0;0
SESS-14545;08/22/2026 12:28:18;USR-1571;1989-09-02;M;PS5;3;0;750;Card;CS2;;0
SESS-12994;2026-08-12 10:16:14;USR-1450;2007-09-12;M;Standard;2;320;200;Card;CS2;4.0;0
SESS-14846;2026-08-29 12:48:41;USR-1755;2003-05-13;M;Standard;1;0;100;Card;Dota 2;;0
SESS-11249;2026-08-07 09:15:53;USR-1113;2010-05-22;M;Standard;1;0;100;App;Minecraft;;0
SESS-12715;2026-08-13 14:11:30;USR-1767;2001-10-11;M;Standard;2;0;200;Card;Dota 2;;0
SESS-14219;2026-08-24 10:42:08;USR-1674;2004-01-28;F;Standard;4;448;360;App;CS2;;1
SESS-12217;2026-08-30 09:52:50;USR-1579;2002-06-14;M;Standard;1;160;100;Card;Dota 2;;0
SESS-13696;2026-08-05 17:15:46;USR-1481;1992-12-08;F;VIP;2;0;400;Card;Dota 2;4.0;0
SESS-10480;2026-08-12 16:42:24;USR-1107;1989-06-02;F;PS5;1;0;250;Card;Cyberpunk 2077;;0
SESS-11273;2026-08-08 12:15:02;USR-1037;2003-11-24;M;VIP;2;0;400;App;Deadlock;;0
SESS-14459;2026-08-21 22:18:03;USR-1058;2008-11-03;M;VIP;5;950;1000;Card;Deadlock;;0
SESS-11741;2026-08-08 08:03:34;USR-1404;2009-12-11;M;Standard;2;0;200;Cash;Dota 2;5.0;0
SESS-17068;2026-08-07 18:13:38;USR-1195;2010-04-23;M;Bootcamp;1;0;150;App;CS2;;0
SESS-15896;2026-08-25 10:11:08;USR-1053;1994-03-24;M;PS5;4;1610;900;Card;Dota 2;4.5;1
SESS-14747;2026-08-15 11:46:38;USR-1258;2005-08-21;M;VIP;2;320;400;Card;CS2;4.5;0
SESS-12243;2026-08-30 14:59:34;USR-1447;2006-11-07;M;PS5;2;160;500;App;Dota 2;5.0;0
SESS-15170;2026-08-23 22:21:31;USR-1079;2008-08-05;M;Standard;3;240;300;App;Deadlock;4.0;0
SESS-11301;2026-08-16 15:05:40;USR-1567;1995-07-10;F;VIP;3;660;600;Card;CS2;4.5;0
SESS-10734;2026-08-14 12:25:51;USR-1262;2012-08-24;F;Bootcamp;4;240;600;Cash;Dota 2;5.0;0
SESS-10299;2026-08-06 19:23:22;USR-1291;2003-11-11;M;Bootcamp;1;160;150;Card;Minecraft;;0
SESS-11943;2026-08-16 19:36:59;USR-1079;2008-08-05;M;VIP ;4;0;600;Card;Cyberpunk 2077;;0
SESS-10828;2026-08-21 16:53:57;USR-1626;2006-04-27;M;PS5;3;0;750;Card;CS2;4.5;0
SESS-11905;2026-08-07 16:01:01;USR-1030;2002-07-03;M;Standard;1;80;100;Card;Deadlock;;0
SESS-12279;2026-08-21 17:36:28;USR-1365;1997-01-19;M;PS5;5;1400;1250;App;CS2;;0
SESS-16093;2026-08-06 21:49:43;USR-1441;2009-01-06;M;Standard;2;0;200;App;CS2;;0
SESS-13818;2026-08-19 08:44:29;USR-1043;2012-06-14;F;Bootcamp;2;0;270;Cash;CS2;;1
SESS-12632;2026-08-27 20:39:06;USR-1145;2003-05-21;M;Standard;8;0;800;Cash;CS2;4.5;0
SESS-11666;2026-08-28 15:22:51;USR-1530;2005-12-18;M;Standard;4;320;400;Cash;PUBG;5.0;0
SESS-16001;2026-08-30 01:13:24;USR-1740;2005-06-21;M;Bootcamp;8;1110;1200;Card;CS2;5.0;0
SESS-15379;2026-08-28 17:35:08;USR-1041;2011-07-28;M;Standard;8;0;800;App;Dota 2;;0
SESS-16310;2026-08-18 11:59:05;USR-1014;2010-07-18;F;Standard;2;0;200;App;Minecraft;;0
SESS-16586;2026-08-17 12:28:58;USR-1152;2006-12-04;M;Standard;4;0;400;App;CS2;4.0;0
SESS-17112;2026-08-14 20:43:42;USR-1121;2007-05-26;M;VIP;1;270;200;App;Valorant;;0
SESS-15796;2026-08-08 11:01:20;USR-1354;2008-01-14;F;Standard;4;0;400;App;Deadlock;;0
SESS-14932;2026-08-27 01:10:01;USR-1672;2007-09-26;M;VIP;12;2000;2400;App;CS2;5.0;0
SESS-14341;2026-08-20 22:48:26;USR-1080;2007-12-19;M;PS5;8;1344;1800;Card;Valorant;4.0;1
SESS-11062;2026-08-24 22:40:51;USR-1041;2011-07-28;M;Standard;8;0;720;Cash;Valorant;;1
SESS-13505;2026-08-05 19:29:28;USR-1660;2003-12-20;M;VIP;4;720;800;Card;Valorant;4.5;0
SESS-11407;2026-08-15 20:25:59;USR-1566;2006-07-16;M;Standard;8;1792;720;Card;Deadlock;;1
SESS-13442;2026-08-07 13:27:29;USR-1776;2004-05-21;M;Standard;2;240;200;Card;CS2;3.0;0
SESS-10946;2026-08-23 18:44:24;USR-1701;2010-07-18;M;Standard;2;0;200;App;Minecraft;;0
SESS-10000;2026-08-02 18:54:18;USR-1532;2007-12-28;M;Standard;2;320;200;App;CS2;;0
SESS-10396;2026-08-25 17:21:32;USR-1726;2011-09-13;M;Standard;4;0;360;App;Minecraft;;1
SESS-12015;2026-08-15 19:10:36;USR-1725;2005-09-06;M;Standard;2;240;200;App;Deadlock;5.0;0
SESS-11101;2026-08-22 20:52:01;USR-1308;2007-07-09;M;VIP;4;0;720;Card;Valorant;1.0;1
SESS-15910;2026-08-26 13:38:43;USR-1113;2010-05-22;M;Bootcamp;2;0;300;Card;Valorant;;0
SESS-13626;2026-08-12 05:59:23;USR-1793;2010-06-15;M;Standard;2;0;200;Cash;Dota 2;;0
SESS-12982;2026-08-09 17:52:12;USR-1777;1989-01-16;M;VIP;2;0;400;Card;GTA V;;0
SESS-16668;2026-08-29 19:25:48;USR-1774;2010-08-07;M;Standard;5;560;450;App;CS2;5.0;1
SESS-11488;2026-08-01 17:26:24;USR-1641;2007-08-11;M;Standard;2;224;180;App;CS2;5.0;1
SESS-10411;2026-08-29 22:47:52;USR-1088;1992-02-13;M;VIP;8;1110;1600;Card;Deadlock;4.5;0
SESS-10559;2026-08-17 11:37:16;USR-1031;1993-08-21;M;Bootcamp;4;0;600;App;CS2;4.0;0
SESS-10921;2026-08-20 19:07:48;USR-1648;2007-03-17;M;Standard;2;0;200;Card;Dota 2;;0
SESS-15724;2026-08-05 22:22:16;USR-1042;1997-02-02;M;Standard;8;1344;720;Card;GTA V;;1
SESS-10564;2026-08-14 11:01:40;USR-1213;2011-07-07;M;Standard;1;60;100;Cash;Minecraft;;0
SESS-11859;2026-08-14 11:40:22;USR-1498;2000-09-02;M;VIP;2;660;400;Card;PUBG;;0
SESS-14950;2026-08-12 02:37:41;USR-1090;2004-08-10;M;Bootcamp;1;310;150;Card;Deadlock;;0
SESS-13841;2026-08-21 11:36:54;USR-1239;2007-04-13;M;Standard;3;0;300;App;Dota 2;5.0;0
SESS-10603;2026-08-31 10:45:34;USR-1028;2005-02-10;M;Bootcamp;8;2001;1080;Card;Valorant;5.0;1
SESS-12436;2026-08-30 15:02:05;USR-1131;2006-04-07;M;Bootcamp;3;630;450;Card;Minecraft;4.0;0
SESS-16155;2026-08-25 18:19:07;USR-1241;2005-01-22;M;PS5;1;112;225;Card;CS2;;1
SESS-12603;2026-08-16 10:37:15;USR-1009;2004-06-03;M;Standard;5;560;450;Card;Dota 2;;1
SESS-10847;2026-08-11 16:29:32;USR-1350;2012-11-16;M;Bootcamp;2;0;300;Cash;Apex Legends;;0
SESS-13362;2026-08-29 15:56:03;USR-1072;2010-03-15;M;Standard;2;160;200;App;Valorant;;0
SESS-16893;2026-08-27 16:25:40;USR-1156;2012-02-05;F;PS5;1;80;250;App;Valorant;;0
SESS-14871;2026-08-21 20:17:05;USR-1305;2006-03-14;M;VIP;2;0;400;Card;Dota 2;;0
SESS-11038;2026-08-08 22:31:21;USR-1679;2005-07-27;F;Standard;8;0;800;App;Apex Legends;;0
SESS-14119;2026-08-10 16:26:54;USR-1130;2008-05-01;F;Bootcamp;2;320;300;Card;Valorant;;0
SESS-11077;2026-08-20 22:28:40;USR-1290;2006-10-02;M;Standard;8;0;800;Card;Apex Legends;;0
SESS-15467;2026-08-29 01:24:20;USR-1687;2008-07-28;M;Standard;8;1280;800;App;Valorant;5.0;0
SESS-16451;2026-08-18 15:54:22;USR-1513;2005-03-25;M;Standard;2;240;200;Card;Dota 2;4.0;0
SESS-13170;2026-08-15 12:39:32;USR-1118;2006-10-19;F;VIP;2;0;400;App;Dota 2;;0
SESS-16156;2026-08-17 15:02:13;USR-1023;2010-02-02;M;Standard;2;80;200;Card;CS2;;0
SESS-16029;2026-08-03 23:26:41;USR-1696;2000-03-11;M;PS5;8;1554;1800;Cash;Deadlock;;1
SESS-16781;2026-08-27 10:44:38;USR-1058;2008-11-03;M;VIP;1;310;200;Card;CS2;4.5;0
SESS-15964;2026-08-18 11:31:59;USR-1057;2007-12-06;M;Standard;3;503;270;App;CS2;4.5;1
SESS-12957;2026-08-31 16:32:41;USR-1055;2004-09-27;M;Bootcamp;2;470;300;Cash;Dota 2;3.0;0
SESS-12729;2026-08-04 19:08:49;USR-1439;2009-12-23;M;Standard;3;0;300;Cash;CS2;4.5;0
SESS-10441;2026-08-04 19:09:20;USR-1362;2011-09-08;M;Standard;2 ч.;0;200;Card;CS2;;0
SESS-13495;2026-08-12 16:06:53;USR-1345;2012-07-11;F;VIP;12;0;2160;App;CS2;4.0;1
SESS-14202;2026-08-26 09:12:57;USR-1033;2010-12-10;M;Standard;2;0;200;App;Minecraft;;0
SESS-15288;2026-08-26 16:18:51;USR-1121;2007-05-26;M;Bootcamp;2;0;300;Card;PUBG;4.0;0
SESS-11643;2026-08-16 15:54:24;USR-1145;2003-05-21;M;PS5;3;503;675;Card;Dota 2;;1
SESS-16123;2026-08-16 22:35:10;USR-1308;2007-07-09;M;Standard;5;600;500;Cash;Apex Legends;4.0;0
SESS-11490;2026-08-04 07:24:49;USR-1056;2002-03-26;M;Bootcamp;4;0;540;App;CS2;4.5;1
SESS-13002;2026-08-14 17:35:01;USR-1510;12/16/2010;M;PS5;1;60;250;Cash;Deadlock;;0
SESS-12798;2026-08-07 14:07:51;USR-1135;2008-12-16;M;VIP;5;750;1000;Cash;CS2;4.5;0
SESS-14265;2026-08-29 18:52:25;USR-1396;2003-09-15;F;Standard;3;336;270;App;Dota 2;4.5;1
SESS-12772;2026-08-19 17:34:28;USR-1131;2006-04-07;M;Bootcamp;12;0;1800;Card;CS2;;0
SESS-15256;2026-08-30 08:11:32;USR-1046;2009-12-16;M;Bootcamp;5;0;750;App;Minecraft;4.5;0
SESS-10241;2026-08-29 13:52:55;USR-1048;2003-07-10;F;VIP;12;0;2400;App;CS2;;0
SESS-14625;2026-08-17 20:11:34;USR-1532;2007-12-28;M;Bootcamp;2;336;270;Card;Deadlock;4.5;1
SESS-16126;2026-08-25 17:01:02;USR-1694;2005-10-01;M;Standard;1;0;100;Card;CS2;5.0;0
SESS-11703;2026-08-05 17:12:13;USR-1648;2007-03-17;M; standard ;1;160;200;Card;CS2;;0
SESS-17099;2026-08-04 17:35:29;USR-1055;2004-09-27;M;Bootcamp;3;320;450;Card;CS2;3.0;0
SESS-10473;2026-08-10 17:29:49;USR-1696;2000-03-11;M;Bootcamp;2;800;300;App;PUBG;;0
SESS-13352;2026-08-28 20:34:17;USR-1037;2003-11-24;M;Standard;3;336;270;Card;Dota 2;;1
SESS-16548;2026-08-12 12:37:08;USR-1396;2003-09-15;F;VIP;1;0;200;App;Dota 2;;0
SESS-14880;2026-08-03 10:01:49;USR-1082;2004-06-01;F;Bootcamp;2;400;300;App;CS2;;0
SESS-17201;2026-08-06 12:04:15;USR-1593;2004-10-22;M;Standard;2;160;200;Cash;PUBG;4.0;0
SESS-14694;2026-08-25 20:25:01;USR-1071;1993-04-12;M;VIP;8;0;1600;Cash;Dota 2;5.0;0
SESS-12012;2026-08-19 16:00:15;USR-1412;2007-05-10;M;Standard;2;0;200;App;CS2;;0
SESS-16426;2026-08-23 08:34:19;USR-1076;2003-01-05;M;Standard;1;120;100;Card;Dota 2;3.0;0
SESS-11322;2026-08-01 20:00:32;USR-1463;2011-01-17;M;Standard;2 ч.;120;200;Card;Valorant;;0
SESS-16547;2026-08-16 08:01:03;USR-1056;2002-03-26;M;Bootcamp;2;0;300;Card;Deadlock;5.0;0
SESS-16984;2026-08-31 17:51:23;USR-1098;2009-05-09;F;Standard;5;0;450;Cash;CS2;5.0;1
SESS-14850;2026-08-19 17:25:10;USR-1089;2012-05-15;M;Standard;2;0;200;App;Minecraft;5.0;0
SESS-11721;2026-08-01 20:26:03;USR-1273;2006-11-11;M;Standard;4;672;360;App;Dota 2;4.5;1
SESS-15364;2026-08-30 18:02:04;USR-1107;1989-06-02;F;Standard;1;0;100;Cash;Browser/Work;4.0;0
SESS-16331;2026-08-09 22:59:55;USR-1182;2011-02-24;M;Standard;8;0;800;Cash;Minecraft;5.0;0
SESS-11637;2026-08-29 07:30:10;USR-1289;2010-05-21;M;Standard;2;0;180;App;CS2;;1
SESS-13485;2026-08-13 08:08:34;USR-1221;2011-10-10;M;Standard;3;0;270;Cash;Valorant;;1
SESS-12448;2026-08-22 10:32:29;USR-1355;2005-11-25;F;PS5;4;0;1000;App;Deadlock;;0
SESS-13296;2026-08-22 16:00:59;USR-1289;2010-05-21;M;Standard;2;0;200;Cash;Minecraft;;0
SESS-16075;2026-08-22 09:37:15;USR-1196;2006-09-08;M;VIP;3;0;540;Card;Dota 2;;1
SESS-14748;2026-08-14 00:08:29;USR-1377;2008-03-07;F;PS5;3;480;750;App;Dota 2;;0
SESS-12618;2026-08-08 13:39:53;USR-1544;1996-10-17;M;VIP;8;0;1440;Card;Dota 2;4.5;1
SESS-10267;2026-08-15 22:45:48;USR-1070;2008-04-24;M;Bootcamp;3;320;450;Card;CS2;;0
SESS-15352;2026-08-24 17:45:48;USR-1147;2010-04-19;M;Standard;2;0;200;App;CS2;;0
SESS-12986;2026-08-21 16:03:15;USR-1014;2010-07-18;F;Standard;3;0;300;Cash;Valorant;;0
SESS-11916;2026-08-09 19:00:27;USR-1045;2006-09-28;M;Standard;1;0;100;Cash;CS2;;0
SESS-15283;2026-08-27 14:02:03;USR-1047;2004-05-25;M;VIP;8;0;1440;App;GTA V;;1
SESS-16456;2026-08-20 15:41:28;USR-1128;2007-05-19;M;Standard;1;0;100;Card;CS2;;0
SESS-14725;2026-08-15 00:42:09;USR-1439;2009-12-23;M;VIP;12;0;2160;Cash;Minecraft;5.0;1
SESS-10727;2026-08-03 05:08:32;USR-1553;2002-05-22;M;Standard;2;0;200;App;Dota 2;;0
SESS-15481;2026-08-06 18:02:02;USR-1580;1996-10-04;M;VIP;2;0;400;Card;Deadlock;4.0;0
SESS-11210;2026-08-05 17:45:42;USR-1352;2005-07-12;M;Bootcamp;1;0;150;Card;CS2;;0
SESS-11010;2026-08-28 11:34:21;USR-1130;2008-05-01;F;PS5;4;448;900;Card;CS2;5.0;1
SESS-15218;2026-08-30 17:32:54;USR-1277;1999-11-08;M;VIP;5;0;1000;Card;Dota 2;4.5;0
SESS-16995;2026-08-30 23:11:57;USR-1722;2006-12-24;M;Standard;8;0;800;Card;CS2;4.0;0
SESS-10674;2026-08-21 14:58:57;USR-1057;2007-12-06;M;Standard;4;896;360;Card;CS2;;1
SESS-11429;2026-08-26 14:57:43;USR-1116;2006-12-01;M;Standard;4;0;360;Cash;Apex Legends;5.0;1
SESS-15405;2026-08-13 21:02:32;USR-1003;2010-11-08;M;Standard;8;896;720;App;Dota 2;5.0;1
SESS-10074;2026-08-17 20:52:33;USR-1278;2012-05-26;M;Standard;1;0;100;Card;Minecraft;;0
SESS-15648;2026-08-16 19:17:07;USR-1089;2012-05-15;M;Standard;2;0;200;Cash;Valorant;5.0;0
SESS-15931;2026-08-28 00:25:28;USR-1519;2010-11-07;M;VIP;2;0;400;App;Minecraft;5.0;0
SESS-10058;2026-08-29 16:33:27;USR-1061;2004-03-24;M;Standard;1;0;100;App;Valorant;;0
SESS-10931;2026-08-13 16:43:56;USR-1067;2011-04-02;M;Standard;2;0;200;App;Minecraft;;0
SESS-12508;2026-08-28 21:13:32;USR-1618;2007-04-14;M;PS5;1;0;250;Card;Valorant;5.0;0
SESS-14675;2026-08-11 12:46:37;USR-1080;2007-12-19;M;VIP;3;0;600;App;Valorant;;0
SESS-10087;2026-08-21 18:52:25;USR-1148;2005-12-20;M;PS5;3;0;750;App;Dota 2;;0
SESS-10303;2026-08-31 16:50:22;USR-1060;1993-12-16;M;VIP;4;1092;720;Card;Dota 2;5.0;1
SESS-14195;2026-08-28 17:24:04;USR-1144;2005-01-11;M;PS5;2;0;500;Card;Deadlock;;0
SESS-17192;2026-08-18 19:02:58;USR-1034;1991-12-14;M;PS5;2;540;500;Card;Dota 2;;0
SESS-14654;2026-08-14 20:32:23;USR-1036;2005-06-28;M;Standard;1;80;100;Card;Deadlock;;0
SESS-15739;2026-08-26 18:12:56;USR-1443;2008-11-11;M;Bootcamp;1;0;150;App;Minecraft;;0
SESS-16425;2026-08-02 17:17:11;USR-1234;2005-06-04;M;Standard;1;0;100;Card;Deadlock;;0
SESS-11415;2026-08-13 01:09:52;USR-1153;2008-06-09;M;Standard;8;0;800;Card;Deadlock;;0
SESS-16852;2026-08-31 22:14:55;USR-1456;2010-01-11;M;Standard;5;0;500;App;CS2;;0
SESS-16177;2026-08-17 18:13:24;USR-1142;2009-05-05;M;Standard;1;60;100;App;CS2;;0
SESS-13141;2026-08-16 12:41:45;USR-1602;2005-10-19;F;Standard;4;480;400;Cash;Deadlock;;0
SESS-15891;2026-08-14 15:45:47;USR-1648;2007-03-17;M;VIP;3;882;540;App;CS2;;1
SESS-17022;2026-08-01 08:26:13;USR-1391;2005-06-01;M;Bootcamp;3;882;405;Card;CS2;;1
SESS-14997;2026-08-07 12:14:11;USR-1075;1995-03-20;F;Standard;2;0;200;Card;GTA V;;0
SESS-12793;2026-08-22 07:42:07;USR-1117;2023-06-15;M;PS5;-2;0;1000;Card;CS2;;0
SESS-15254;2026-08-15 19:25:11;USR-1136;2004-04-28;M;Standard;1;0;100;Card;Apex Legends;;0
SESS-15246;2026-08-30 00:31:40;USR-1725;2005-09-06;M;VIP;2;400;400;Card;Dota 2;;0
SESS-15616;2026-08-22 23:29:48;USR-1101;2003-05-22;M;PS5;12;960;3000;Card;CS2;1.0;0
SESS-15798;2026-08-05 13:28:11;USR-1517;2007-04-15;M;VIP;3;390;600;Card;CS2;2.0;0
SESS-16500;2026-08-07 21:50:52;USR-1035;1998-09-03;M;Standard;1;251;90;Card;Browser/Work;5.0;1
SESS-15873;28.08.2026 17:00:44;USR-1224;1994-04-01;F;Standard;2;360;200;Card;PUBG;4.5;0
SESS-16981;2026-08-14 07:16:17;USR-1621;2006-03-17;M;Bootcamp;4;0;540;Card;CS2;4.5;1
SESS-15543;2026-08-30 14:55:11;USR-1090;2004-08-10;M;Bootcamp;2;320;300;App;Dota 2;5.0;0
SESS-16886;2026-08-25 18:08:30;USR-1244;2005-04-18;M;Bootcamp;1;0;150;Card;Deadlock;;0
SESS-12311;2026-08-28 19:52:53;USR-1016;2003-01-07;M;Bootcamp;2;0;300;Card;CS2;4.5;0
SESS-13473;2026-08-14 01:49:32;USR-1063;2007-02-12;M;Standard;12;0;1200;Card;Apex Legends;;0
SESS-12185;2026-08-08 16:52:49;USR-1023;2010-02-02;M;Bootcamp;3;251;405;Cash;Dota 2;;1
SESS-10080;2026-08-14 16:23:29;USR-1089;2012-05-15;M;Bootcamp;2;0;300;App;CS2;4.5;0
SESS-14534;2026-08-10 23:08:11;USR-1035;1998-09-03;M;PS5;8;0;2000;App;CS2;4.5;0
SESS-10827;2026-08-29 11:01:31;USR-1775;2004-12-16;M;Standard;2;240;200;Card;Dota 2;;0
SESS-10062;2026-08-01 18:12:11;USR-1423;1989-04-26;M;Standard;5;1260;450;Card;Cyberpunk 2077;;1
SESS-11808;2026-08-22 17:28:10;USR-1721;2011-03-05;M;VIP;5;200;1000;App;Minecraft;4.5;0
SESS-15778;2026-08-28 08:35:01;USR-1128;2007-05-19;M;VIP;2;0;400;App;CS2;;0
SESS-11200;2026-08-04 10:07:25;USR-1374;1992-12-23;M;Standard;1;0;100;Card;Dota 2;5.0;0
SESS-13380;2026-08-29 11:27:28;USR-1018;2011-02-01;M;Standard;1;40;100;Cash;CS2;;0
SESS-13657;2026-08-02 10:17:10;USR-1125;2006-07-09;F;Standard;2;0;200;Card;CS2;;0
SESS-10225;2026-08-05 13:18:05;USR-1281;2011-04-25;F;Bootcamp;4;336;540;App;CS2;;1
SESS-14165;2026-08-15 15:23:05;USR-1223;2008-01-18;F;Bootcamp;4;560;600;Card;CS2;;0
SESS-11796;2026-08-20 23:21:12;USR-1776;2004-05-21;M;VIP;8;0;1600;Card;Valorant;1.0;0
SESS-15573;2026-08-17 17:27:49;USR-1012;2009-01-18;F;Standard;1;0;100;App;Minecraft;;0
SESS-16545;2026-08-22 11:05:24;USR-1082;2004-06-01;F;VIP;5;0;1000;Card;Deadlock;;0
SESS-12017;2026-08-03 05:10:30;USR-1464;1994-12-06;M;Standard;3;750;300;Card;PUBG;3.0;0
SESS-10645;2026-08-28 13:28:05;USR-1116;2006-12-01;M;Standard;2;240;200;App;Dota 2;;0
SESS-11710;2026-08-12 08:15:23;USR-1720;2012-03-11;M;Standard;2;0;180;Cash;Minecraft;;1
SESS-14407;2026-08-26 09:01:52;USR-1332;2012-09-04;M;Standard;3;168;270;Card;Minecraft;;1
SESS-15649;2026-08-28 22:48:37;USR-1072;2010-03-15;M;Standard;12;0;1080;Cash;Dota 2;5.0;1
SESS-15538;2026-08-23 00:38:34;USR-1396;2003-09-15;F;Standard;8;0;800;Card;Valorant;;0
SESS-13278;2026-08-08 18:20:59;USR-1701;2010-07-18;M;Bootcamp;3;336;405;Cash;Dota 2;4.5;1
SESS-12370;2026-08-09 01:07:58;USR-1532;2007-12-28;M;PS5;5;0;1125;App;Dota 2;;1
SESS-16703;2026-08-14 20:41:29;USR-1347;2006-01-17;F;VIP;4;0;800;Card;Dota 2;;0
SESS-14686;2026-08-02 13:20:34;USR-1114;2005-06-01;M;Standard;2;0;200;Card;CS2;4.0;0
SESS-13158;2026-08-04 15:33:27;USR-1134;1995/04/07;M;PS5;2;540;500;Card;Cyberpunk 2077;;0
SESS-13764;2026-08-16 14:19:49;USR-1360;2012-11-04;F;VIP;8;480;1600;Cash;Minecraft;4.5;0
SESS-13833;2026-08-08 17:41:46;USR-1438;2006-04-14;M;Standard;2;160;200;App;CS2;;0
SESS-15007;2026-08-28 21:14:35;USR-1061;2004-03-24;M;VIP;1;0;200;Card;CS2;;0
SESS-14913;2026-08-11 22:16:51;USR-1316;2009-10-04;M;Standard;8;320;800;App;Deadlock;4.0;0
SESS-13290;2026-08-25 15:28:30;USR-1147;2010-04-19;M;Standard;12;0;1200;Card;Minecraft;;0
SESS-16169;2026-08-20 15:31:09;USR-1399;1997-04-05;M;Bootcamp;2;510;300;Card;Dota 2;4.0;0
SESS-13458;2026-08-18 11:32:44;USR-1075;1995-03-20;F;Standard;1;250;100;Card;CS2;4.0;0
SESS-15800;2026-08-08 12:03:34;USR-1371;2012-08-02;M;Standard;1;0;90;App;Dota 2;;1
SESS-14088;2026-08-28 22:22:05;USR-1545;2007-06-27;M;Bootcamp;3;0;450;App;CS2;;0
SESS-10717;2026-08-22 18:46:55;USR-1074;2011-11-23;F;Standard;1;0;100;App;Minecraft;;0
SESS-12734;2026-08-24 18:27:21;USR-1200;2008-10-20;F;Standard;3;0;300;Card;PUBG;5.0;0
SESS-10649;2026-08-31 11:04:35;USR-1427;2011-03-11;M;Standard;2;224;180;Cash;Apex Legends;;1
SESS-14522;2026-08-13 12:16:10;USR-1135;2008-12-16;M;Standard;1;0;100;Card;Dota 2;;0
SESS-15705;2026-08-16 17:50:33;USR-1600;2002-04-16;M;Bootcamp;2;320;300;Card;CS2;5.0;0
SESS-15305;2026-08-20 20:29:21;USR-1792;2008-07-22;F;VIP;3;510;600;App;CS2;4.0;0
SESS-10454;2026-08-19 21:40:20;USR-1304;2010-11-25;M;Standard;1;40;100;Cash;Deadlock;;0
SESS-15702;2026-08-04 19:04:58;USR-1040;1991-03-07;M;Bootcamp;4;1092;540;Card;PUBG;;1
SESS-10632;2026-08-18 12:30:49;USR-1493;1995-11-27;M;Standard;5;600;500;;Dota 2;;0
SESS-16118;2026-08-05 18:50:10;USR-1177;2005-10-03;M;Standard;1;0;100;App;CS2;5.0;0
SESS-16067;2026-08-01 14:50:14;USR-1099;2001-07-16;M;Standard;2;0;180;Card;Dota 2;;1
SESS-10737;2026-08-19 13:46:22;USR-1749;2010-12-14;M;Standard;3;336;270;App;Minecraft;1.0;1
SESS-15206;2026-08-27 20:35:45;USR-1076;2003-01-05;M;Bootcamp;4;0;600;App;CS2;;0
SESS-13306;2026-08-08 16:20:12;USR-1333;2006-04-01;M;Standard;2;240;200;Card;CS2;;0
SESS-10584;2026-08-17 03:19:21;USR-1553;2002-05-22;M;Bootcamp;2;390;300;Card;CS2;2.0;0
SESS-17259;2026-08-19 18:52:12;USR-1121;2007-05-26;M;PS5;5;400;1250;Card;CS2;4.5;0
SESS-13607;2026-08-21 14:29:45;USR-1676;1992-07-26;M;VIP;2;660;400;App;Dota 2;;0
SESS-13557;2026-08-23 17:23:36;USR-1041;2011-07-28;M;Standard;2;0;200;App;Valorant;;0
SESS-16091;2026-08-17 11:49:24;USR-1714;2011-01-27;M;Standard;8;0;800;Cash;Valorant;4.0;0
SESS-16594;2026-08-03 15:29:08;USR-1221;2011-10-10;M;Standard;5;0;500;Card;Dota 2;;0
SESS-12764;2026-08-15 23:51:53;USR-1149;2003-10-27;M;Bootcamp;8;0;1200;Card;CS2;4.5;0
SESS-10202;2026-08-18 18:34:26;USR-1039;2004-10-18;M;Bootcamp;2;390;300;App;CS2;4.5;0
SESS-14729;2026-08-14 20:29:40;USR-1053;1994-03-24;M;VIP;8;1740;1600;Card;Dota 2;4.0;0
SESS-14084;2026-08-08 19:27:45;USR-1627;2006-07-13;M;Bootcamp;3;440;450;App;Dota 2;5.0;0
SESS-11563;2026-08-17 19:20:58;USR-1122;1995-12-05;M;PS5;4;1300;1000;Cash;GTA V;5.0;0
SESS-14087;2026-08-04 01:00:11;USR-1042;1997-02-02;M;PS5;8;1110;2000;Card;Dota 2;;0
SESS-13507;2026-08-31 13:57:36;USR-1777;1989-01-16;M;Standard;5;1260;450;Card;Dota 2;4.5;1
SESS-12502;2026-08-15 12:38:10;USR-1726;2011-09-13;M;Standard;4;0;360;Cash;Minecraft;;1
SESS-13855;2026-08-31 02:47:01;USR-1389;2007-04-01;M;PS5;4;0;900;App;CS2;5.0;1
SESS-13211;2026-08-14 17:29:37;USR-1528;1992-04-11;M;PS5;1;0;250;Card;CS2;;0
SESS-17148;2026-08-14 10:02:47;USR-1354;2008-01-14;F;Standard;2;240;200;Card;Dota 2;5.0;0
SESS-11691;2026-08-07 12:48:27;USR-1426;2011-10-06;M;Bootcamp;2;0;300;Card;Valorant;5.0;0
SESS-10357;2026-08-05 13:07:10;USR-1773;2005-04-21;M;Bootcamp;2;0;300;Card;CS2;4.0;0
SESS-16398;2026-08-16 13:07:19;USR-1158;1993-07-18;M;PS5;1;270;250;Card;Browser/Work;;0
SESS-13033;2026-08-31 18:11:48;USR-1006;2007-06-18;M;Standard;5;1120;450;App;Valorant;4.0;1
SESS-13132;2026-08-31 19:17:44;USR-1619;2010-06-25;M;Standard;5;420;450;Card;Dota 2;;1
SESS-11175;2026-08-17 18:09:29;USR-1030;2002-07-03;M;Standard;2;240;200;App;Dota 2;4.0;0
SESS-12861;2026-08-31 14:58:41;USR-1492;2006-03-14;M;Standard;1;80;100;Card;Apex Legends;4.5;0
SESS-13759;2026-08-02 15:13:30;USR-1490;1999-01-03;M;PS5;1;550;250;Card;Browser/Work;4.5;0
SESS-12733;2026-08-30 19:14:54;USR-1251;1886-09-20;M;Standard;-2;0;360;Card;Dota 2;;1
SESS-12607;2026-08-06 22:50:09;USR-1106;2010-07-26;M;Standard;8;896;720;Cash;Valorant;4.5;1
SESS-15485;2026-08-19 16:27:52;USR-1551;2008-11-10;M;Bootcamp;2;310;300;Card;CS2;4.0;0
SESS-13785;2026-08-08 22:55:07;USR-1129;1993-08-09;F;VIP;8;3220;1440;Card;GTA V;4.0;1
SESS-15255;2026-08-29 19:30:18;USR-1098;2009-05-09;F;PS5;4;0;1000;App;Minecraft;;0
SESS-10912;2026-08-15 21:33:52;USR-1761;2001-02-23;F;VIP;4;0;800;Cash;Valorant;5.0;0
SESS-16927;2026-08-08 20:38:56;USR-1324;2001-11-03;M;Standard;1;0;100;Cash;PUBG;;0
SESS-10812;2026-08-25 17:42:36;USR-1096;2008-05-14;M;Standard;2;224;180;Card;Dota 2;4.5;1
SESS-15807;2026-08-21 11:50:04;USR-1788;2007-09-08;M;VIP;2;400;400;Card;Deadlock;5.0;0
SESS-16062;2026-08-29 16:43:15;USR-1175;2004-01-25;M;VIP;4;1007;720;Card;CS2;3.0;1
SESS-10854;2026-08-30 18:14:45;USR-1158;1993-07-18;M;VIP;2;800;400;Card;Dota 2;;0
SESS-14557;2026-08-15 15:54:41;USR-1794;2011-04-20;M;Standard;2;80;200;App;Valorant;3.0;0
SESS-11954;2026-08-29 17:53:51;USR-1441;2009-01-06;M;Standard;4;0;400;App;Minecraft;4.5;0
SESS-11610;2026-08-29 16:11:57;USR-1608;2023-06-15;M;Bootcamp;999;310;300;Cash;Dota 2;;0
SESS-11896;2026-08-05 19:10:27;USR-1010;2007-09-24;M;Standard;3;0;300;Card;Dota 2;;0
SESS-16275;2026-08-14 09:55:14;USR-1250;2008-02-14;M;Standard;1;80;100;Cash;Dota 2;;0
SESS-13917;2026-08-30 20:32:26;USR-1053;1994-03-24;M;Standard;2;360;200;Card;CS2;;0
SESS-15905;2026-08-01 19:32:50;USR-1140;2008-06-12;M;VIP;2;320;400;Card;Dota 2;;0
SESS-12237;2026-08-10 15:55:30;USR-1771;1997-03-02;M;PS5;4;1020;1000;Card;Deadlock;;0
SESS-13367;2026-08-25 23:22:27;USR-1451;2009-10-15;M;Standard;2;0;200;App;CS2;;0
SESS-16623;2026-08-23 11:22:53;USR-1457;2009-06-14;M;Standard;2;0;200;Cash;Deadlock;;0
SESS-15528;2026-08-27 18:35:28;USR-1017;2010-09-20;M;Bootcamp;2;0;300;App;Minecraft;;0
SESS-15676;2026-08-01 15:09:41;USR-1209;1997-08-10;M;Standard;2;240;200;Card;PUBG;;0
SESS-16162;2026-08-30 15:26:41;USR-1116;2006-12-01;M;Standard;2;160;200;App;Dota 2;;0
SESS-10887;2026-08-03 11:28:42;USR-1321;2010-12-09;M;Standard;3;0;270;Cash;Valorant;5.0;1
SESS-13153;2026-08-02 10:52:20;USR-1151;2007-01-05;F;Bootcamp;2;0;300;Card;Dota 2;;0
SESS-13861;2026-08-28 12:45:39;USR-1435;2005-08-01;M;Standard;1;120;100;Card;Deadlock;;0
SESS-13146;2026-08-15 19:46:54;USR-1019;2011-02-06;M;Bootcamp;2;120;300;Card;Minecraft;;0
SESS-15527;2026-08-08 17:25:27;USR-1390;2012-10-20;M;Standard;3;0;270;Cash;Dota 2;;1
SESS-11181;2026-08-06 06:12:20;USR-1080;2007-12-19;M;Bootcamp;2;400;300;Card;CS2;5.0;0
SESS-17180;2026-08-21 01:48:29;USR-1111;2011-09-06;M;Standard;5;0;500;App;CS2;;0
SESS-14611;2026-08-13 13:24:20;USR-1604;2007-07-25;M;Standard;2;160;200;App;CS2;5.0;0
SESS-10440;2026-08-01 21:21:32;USR-1145;2003-05-21;M;Standard;5;400;500;Card;Dota 2;4.0;0
SESS-14245;2026-08-29 19:47:22;USR-1787;2005-04-18;M;Bootcamp;3;546;405;App;Deadlock;;1
SESS-14519;2026-08-29 11:24:13;USR-1459;1996-01-12;M;VIP;1;0;200;Card;CS2;;0
SESS-15391;2026-08-23 21:30:06;USR-1057;2007-12-06;M;VIP;3;784;540;Cash;Dota 2;5.0;1
SESS-12872;2026-08-08 18:52:44;USR-1104;2006-10-08;M;VIP;2;0;400;App;CS2;;0
SESS-10168;2026-08-08 15:25:57;USR-1419;2005-12-10;M;Bootcamp;2;0;300;App;Dota 2;;0
SESS-14622;2026-08-25 16:26:55;USR-1097;2006-04-09;M;Standard;3;336;270;App;CS2;4.5;1
SESS-10611;2026-08-22 17:45:04;USR-1094;2004-10-05;M;Standard;2;240;200;Card;CS2;;0
SESS-12830;2026-08-29 11:31:26;USR-1081;1997-02-08;F;PS5;2;0;500;Card;CS2;;0
SESS-13364;2026-08-22 18:19:07;USR-1151;2007-01-05;F;Standard;1;0;100;App;Deadlock;;0
SESS-13019;2026-08-30 15:10:23;USR-1744;2006-11-06;M;Standard;3;336;270;Card;CS2;5.0;1
SESS-10961;2026-08-21 10:29:09;USR-1334;05/11/2000;M;VIP;3;690;600;Card;CS2;;0
SESS-11147;2026-08-17 19:13:31;USR-1085;2000-07-21;M;Bootcamp;3;0;450;Card;CS2;;0
SESS-16213;2026-08-04 19:52:45;USR-1079;2008-08-05;M;VIP;1;230;200;Card;CS2;;0
SESS-16527;2026-08-11 20:17:04;USR-1287;1996-04-07;M;PS5;1;330;250;Card;CS2;;0
SESS-16161;2026-08-30 21:49:54;USR-1187;2011-07-27;M;Standard;3;0;300;App;CS2;;0
SESS-11556;2026-08-01 15:04:37;USR-1265;2010-09-20;F;Standard;1;0;100;Cash;Minecraft;;0
SESS-16747;2026-08-01 11:50:53;USR-1750;2010-08-03;M;VIP;2;0;400;App;Valorant;4.5;0
SESS-15804;2026-08-16 16:01:00;USR-1188;2007-03-11;M;VIP;2;320;400;App;Dota 2;;0
SESS-12091;2026-08-21 18:50:48;USR-1037;2003-11-24;M;Standard;1;120;100;Card;Dota 2;3.0;0
SESS-16361;2026-08-06 14:23:08;USR-1089;2012-05-15;M;Bootcamp;4;0;600;App;CS2;;0
SESS-13013;2026-08-28 14:24:06;USR-1061;2004-03-24;M;Standard;12;0;1200;Card;CS2;4.5;0
SESS-12183;2026-08-08 14:34:45;USR-1004;2011-07-04;M;Standard;4;0;400;App;CS2;;0
SESS-17184;2026-08-23 17:54:54;USR-1241;2005-01-22;M;Bootcamp;2;390;300;App;CS2;;0
SESS-14345;2026-08-09 03:19:06;USR-1469;1995-12-27;M;PS5;8;1554;1800;Card;Cyberpunk 2077;4.5;1
SESS-15699;2026-08-06 15:53:06;USR-1415;2011-12-24;M;PS5;1;84;225;App;CS2;5.0;1
SESS-12644;2026-08-10 15:58:01;USR-1732;2012-08-25;M;PS5;2;120;500;Cash;Minecraft;;0
SESS-16604;2026-08-04 18:11:29;USR-1335;2011-03-17;M;Standard;1;0;100;App;Dota 2;4.0;0
SESS-13428;2026-08-12 16:00:35;USR-1777;1989-01-16;M;PS5;2;650;500;Card;Cyberpunk 2077;;0
SESS-16949;2026-08-14 10:46:05;USR-1719;2007-12-25;M;Standard;1;160;100;App;Deadlock;5.0;0
SESS-16230;2026-08-29 13:07:42;USR-1075;1995-03-20;F;Standard;2;240;200;Card;CS2;5.0;0
SESS-16814;2026-08-18 11:34:33;USR-1513;2005-03-25;M;Bootcamp;2;400;300;Cash;Dota 2;;0
SESS-14275;2026-08-11 19:14:31;USR-1272;2008-01-10;M;Standard;2;336;180;App;GTA V;;1
SESS-16459;2026-08-21 19:58:45;USR-1048;2003-07-10;F;VIP;2;240;400;Card;Deadlock;;0
SESS-13893;2026-08-23 14:45:39;USR-1495;1992-04-19;M;Standard;2;500;200;App;PUBG;4.5;0
SESS-16343;2026-08-15 08:20:28;USR-1089;2012-05-15;M;Standard;3;180;300;Card;Deadlock;3.0;0
SESS-16051;2026-08-29 08:26:09;USR-1135;2008-12-16;M;Standard;1;0;100;Card;CS2;;0
SESS-11016;2026-08-08 22:50:49;USR-1322;2005-06-26;M;VIP;12;1520;2400;Card;CS2;;0
SESS-11033;2026-08-29 19:46:50;USR-1587;1992-02-27;M;Bootcamp;1;0;150;App;Cyberpunk 2077;;0
SESS-15606;2026-08-02 11:44:02;USR-1005;2011-10-01;M;VIP;3;0;600;Cash;Minecraft;;0
SESS-15061;2026-08-18 19:35:26;USR-1049;2011-07-07;M;VIP;1;0;200;App;Dota 2;;0
SESS-13229;2026-08-30 19:18:35;USR-1020;2005-09-26;F;Standard;2;320;200;App;CS2;;0
SESS-16701;2026-08-09 19:34:29;USR-1292;2004-05-07;M;Standard;3;0;270;Card;CS2;;1
SESS-12408;2026-08-31 20:41:39;USR-1200;2008-10-20;F;Bootcamp;5;680;750;Card;CS2;3.0;0
SESS-12641;2026-08-30 15:59:36;USR-1551;2008-11-10;M;Standard;4;480;400;Card;Minecraft;2.0;0
SESS-11128;2026-08-04 19:48:53;USR-1077;1996-09-03;M;Standard;1;180;100;Card;CS2;;0
SESS-13285;2026-08-18 13:13:56;USR-1588;2008-12-02;F;Standard;2;160;200;Card;Dota 2;;0
SESS-11081;2026-08-29 11:42:44;USR-1048;2003-07-10;F;Bootcamp;2;0;300;Card;Valorant;4.0;0
SESS-10075;2026-08-26 21:05:11;USR-1299;2011-11-09;M;Bootcamp;2;0;300;Cash;Minecraft;;0
SESS-14963;2026-08-12 23:38:50;USR-1205;2009-07-03;M;Standard;8;320;800;App;Dota 2;4.0;0
SESS-11990;2026-08-09 18:32:50;USR-1130;2008-05-01;F;Bootcamp;2;0;300;Card;CS2;;0
SESS-12296;2026-08-29 18:43:08;USR-1015;1998-01-18;M;Standard;2;0;200;App;Deadlock;;0
SESS-12319;2026-08-30 19:04:39;USR-1095;2006-06-20;M;Standard;5;800;500;App;CS2;4.0;0
SESS-11274;2026-08-17 15:20:48;USR-1034;1991-12-14;M;VIP;3;0;600;Card;Dota 2;;0
SESS-12516;2026-08-22 21:18:38;USR-1128;2007-05-19;M;VIP;2;400;400;Card;CS2;;0
SESS-15081;2026-08-24 16:12:17;USR-1736;2005-11-20;M;Standard;4;448;360;Card;CS2;4.5;1
SESS-14010;2026-08-08 18:32:44;USR-1537;2011-04-04;M;PS5;3;180;750;Cash;CS2;5.0;0
SESS-14296;2026-08-15 14:29:42;USR-1570;2009-09-26;M;Standard;2;0;200;App;Valorant;;0
SESS-10039;2026-08-29 07:19:33;USR-1138;2003-02-26;F;Bootcamp;2;0;300;Card;CS2;4.0;0
SESS-11255;2026-08-11 17:50:05;USR-1636;2004-10-15;M;VIP;3;784;540;Card;Dota 2;;1
SESS-13093;2026-08-21 09:44:18;USR-1669;1990-12-08;M;VIP;4;0;800;Card;Dota 2;4.5;0
SESS-10332;2026-08-24 19:00:00;USR-1547;2006-11-17;M;Standard;1;0;100;Card;Deadlock;3.0;0
SESS-16280;2026-08-07 20:18:52;USR-1758;2011-01-07;F;Standard;2;0;200;App;Deadlock;;0
SESS-14655;2026-08-05 05:13:46;USR-1143;2006-07-15;F;Standard;4;448;360;Card;Dota 2;;1
SESS-12744;2026-08-21 15:17:54;USR-1139;2003-05-21;M;VIP;1;0;200;Card;CS2;4.5;0
SESS-13634;2026-08-15 16:38:55;USR-1025;2010-10-04;M;Standard;1;60;100;App;Minecraft;;0
SESS-10985;2026/08/31 17:37:44;USR-1135;2008-12-16;M;Standard;3;672;270;App;Deadlock;4.0;1
SESS-16985;2026-08-30 11:14:22;USR-1438;2006-04-14;M;PS5;2;240;500;Card;Valorant;2.0;0
SESS-14939;2026-08-03 19:34:51;USR-1226;2005-09-13;M;Bootcamp;2;390;300;Card;CS2;;0
SESS-11214;2026-08-09 00:47:36;USR-1455;1999-01-15;M;Standard;8;960;800;Card;Dota 2;;0
SESS-16371;2026-08-16 09:40:27;USR-1712;2005-05-19;F;Standard;4;0;400;Card;CS2;3.0;0
SESS-15684;2026-08-07 18:18:11;USR-1058;2008-11-03;M;Standard;2;0;200;Card;Dota 2;;0
SESS-10898;2026-08-21 01:04:58;USR-1459;1996-01-12;M;VIP;8;1590;1600;App;Cyberpunk 2077;5.0;0
SESS-10438;2026-08-18 20:34:17;USR-1098;2009-05-09;F;Bootcamp;4;0;540;App;CS2;5.0;1
SESS-15814;2026-08-23 18:22:06;USR-1342;2011-09-02;M;Bootcamp;1;0;150;Card;Minecraft;4.5;0
SESS-14995;2026-08-13 17:28:18;USR-1130;2008-05-01;F;Bootcamp;8;1456;1080;App;CS2;;1
SESS-12650;2026-08-09 20:09:36;USR-1005;2011-10-01;M;Standard;3;0;300;App;Dota 2;4.5;0
SESS-13569;2026-08-06 00:22:44;USR-1090;2004-08-10;M;Standard;2;240;200;App;Dota 2;;0
SESS-11318;2026-08-02 15:16:04;USR-1059;2010-04-18;M;Standard;3;120;300;Card;Valorant;;0
SESS-15356;2026-08-20 12:00:28;USR-1298;2012-11-10;F;Standard;2;80;200;App;Valorant;4.0;0
SESS-16805;2026-08-29 20:37:22;USR-1066;2011-12-15;M;Standard;2;80;200;Cash;Minecraft;;0
SESS-10139;2026-08-03 20:29:30;USR-1082;2004-06-01;F;VIP;2;0;400;Card;CS2;;0
SESS-15296;2026-08-25 17:58:27;USR-1371;2012-08-02;M;Bootcamp;2;0;300;Cash;CS2;;0
SESS-15409;2026-08-24 16:16:21;USR-1110;2006-09-11;F;Bootcamp;2;0;300;App;CS2;;0
SESS-14562;2026-08-01 12:21:45;USR-1111;2011-09-06;M;Standard;2;0;200;Cash;Minecraft;4.5;0
SESS-14324;2026-08-15 20:59:13;USR-1101;2003-05-22;M;PS5;3;672;675;Card;Dota 2;;1
SESS-11098;2026-08-18 18:08:03;USR-1140;2008-06-12;M;Standard;1;0;100;Card;GTA V;;0
SESS-13932;2026-08-10 15:32:53;USR-1032;2011-02-27;M;VIP;2;0;400;App;Deadlock;;0
SESS-13260;2026-08-21 00:57:16;USR-1014;2010-07-18;F;Standard;5;200;500;App;Minecraft;;0
SESS-16066;2026-08-22 15:28:21;USR-1513;2005-03-25;M;VIP;1;0;180;Card;CS2;4.5;1
SESS-13761;2026-08-22 15:45:21;USR-1065;2009-08-26;F;Standard;1;0;100;Card;CS2;;0
SESS-12300;2026-08-24 12:11:27;USR-1360;2012-11-04;F;PS5;1;80;250;Cash;CS2;;0
SESS-13547;2026-08-30 18:39:34;USR-1079;2008-08-05;M;Standard;2;320;200;App;Dota 2;1.0;0
SESS-12944;2026-08-17 20:34:31;USR-1736;2005-11-20;M;Standard;2;0;200;App;CS2;;0
SESS-12752;2026-08-08 18:08:31;USR-1008;2001-12-13;M;Bootcamp;2;390;300;Cash;CS2;4.0;0
SESS-13044;2026-08-29 15:19:32;USR-1190;2005-12-28;M;Bootcamp;3;560;450;Card;Dota 2;;0
SESS-16934;2026-08-28 15:44:37;USR-1222;2005-04-07;M;Bootcamp;1;280;135;Card;Dota 2;5.0;1
SESS-12922;2026-08-09 16:39:53;USR-1319;2009-08-08;M;Standard;2;120;200;Cash;CS2;;0
SESS-12585;2026-08-03 11:38:18;USR-1324;2001-11-03;M;Bootcamp;3;440;450;App;CS2;;0
SESS-16987;2026-08-03 12:18:18;USR-1157;2011-01-17;M;Standard;5;420;450;Card;CS2;4.0;1
SESS-12483;2026-08-02 14:25:21;USR-1160;2006-10-02;M;Standard;5;840;450;Card;CS2;5.0;1
SESS-16964;2026-08-07 14:02:30;USR-1281;2011-04-25;F;Standard;3;168;270;App;Valorant;5.0;1
SESS-12805;2026-08-14 21:25:23;USR-1197;2009-05-11;F;Bootcamp;5;280;675;Cash;Dota 2;3.0;1
SESS-13649;2026-08-07 11:31:45;USR-1026;2010-02-02;M;Bootcamp;4;0;600;App;Minecraft;;0
SESS-16393;2026-08-04 12:16:22;USR-1245;2004-06-04;M;Standard;2;240;200;App;Deadlock;;0
SESS-16862;2026-08-04 06:01:33;USR-1158;1993-07-18;M;Standard;3;0;300;Card;GTA V;;0
SESS-12256;2026-08-20 10:14:39;USR-1318;2005-10-26;M;Standard;4;640;400;Card;CS2;;0
SESS-16462;2026-08-14 18:01:29;USR-1296;2004-12-18;M;Bootcamp;2;0;300;Card;Dota 2;;0
SESS-14045;2026-08-20 17:35:25;USR-1502;2011-10-20;F;Standard;3;0;300;App;PUBG;;0
SESS-15050;2026-08-16 15:58:41;USR-1259;1993-11-23;M;VIP;4;1428;720;App;Browser/Work;;1
SESS-13548;2026-08-25 19:07:50;USR-1549;2002-09-27;M;Standard;4;896;360;Card;CS2;;1
SESS-16204;2026-08-21 12:58:50;USR-1101;2003-05-22;M;Bootcamp;2;0;300;App;Apex Legends;;0
SESS-13403;2026-08-12 19:31:23;USR-1333;2006-04-01;M;Standard;3;0;270;App;Apex Legends;;1
SESS-12208;2026-08-10 18:14:16;USR-1699;2000-12-17;M;VIP;3;660;600;Card;Browser/Work;;0
SESS-10008;2026-08-01 10:13:38;USR-1767;2001-10-11;M;Standard;1;80;100;App;CS2;;0
SESS-11826;2026-08-19 19:20:08;USR-1109;2011-12-05;M;Bootcamp;2;80;300;Cash;Minecraft;;0
SESS-14794;2026-08-30 13:30:58;USR-1139;2003-05-21;M;Bootcamp;2;434;270;Card;CS2;4.5;1
SESS-17242;2026-08-06 11:43:47;USR-1033;2010-12-10;M;Standard;1;0;100;Cash;Minecraft;4.0;0
SESS-13560;2026-08-27 14:11:53;USR-1798;2005-01-26;F;Standard;5;400;500;Card;Valorant;5.0;0
SESS-10373;2026-08-04 11:23:40;USR-1402;2003-06-05;M;VIP;2;320;400;Card;Dota 2;;0
SESS-15923;2026-08-19 14:01:33;USR-1043;2012-06-14;F;Standard;3;336;270;Cash;Minecraft;5.0;1
SESS-16475;2026-08-23 22:09:58;USR-1602;2005-10-19;F;Bootcamp;5;0;750;App;Dota 2;4.0;0
SESS-11752;2026-08-10 13:07:43;USR-1480;2002-10-07;F;Bootcamp;3;448;405;App;Deadlock;;1
SESS-13894;2026-08-08 15:20:56;USR-1175;2004-01-25;M;VIP;1;270;200;App;CS2;;0
SESS-12883;2026-08-03 11:01:52;USR-1593;2004-10-22;M;Standard;1;160;100;Card;Valorant;;0
SESS-12180;2026-08-15 13:47:26;USR-1294;1993-09-04;M;VIP;3;1050;600;App;Cyberpunk 2077;;0
SESS-16299;2026-08-18 11:15:03;USR-1039;2004-10-18;M;Standard;3;480;300;Card;Deadlock;;0
SESS-14700;2026-08-15 10:00:10;USR-1731;2004-01-13;M;VIP;2;0;360;Card;Valorant;;1
SESS-14861;2026-08-07 00:03:46;USR-1042;1997-02-02;M;VIP;3;0;600;Card;GTA V;;0
SESS-11223;2026-08-15 17:47:37;USR-1758;2011-01-07;F;Standard;3;0;300;App;Dota 2;;0
SESS-15433;2026-08-15 16:41:50;USR-1730;1997-10-12;M;VIP;1;0;200;Card;Dota 2;;0
SESS-13351;2026-08-29 08:18:43;USR-1000;1994-09-16;M;Standard;3;540;300;Card;Cyberpunk 2077;3.0;0
SESS-10747;2026-08-21 23:45:35;USR-1077;1996-09-03;M;PS5;8;1110;2000;Card;PUBG;;0
SESS-12950;2026-08-28 17:06:37;USR-1101;2003-05-22;M;Standard;2;0;200;Card;Deadlock;;0
SESS-11085;2026-08-09 16:55:36;USR-1124;2004-09-24;M;Standard;1;160;100;App;Apex Legends;;0
SESS-10116;2026-08-05 11:02:18;USR-1712;2005-05-19;F;VIP;2 ч.;0;400;Card;Deadlock;;0
SESS-15839;2026-08-13 17:34:41;USR-1542;2007-02-24;M;VIP;2;0;400;Card;Valorant;;0
SESS-10531;2026-08-18 12:59:03;USR-1160;2006-10-02;M;Bootcamp;4;720;600;App;Apex Legends;;0
SESS-15750;2026-08-13 14:48:03;USR-1759;2001-11-11;F;VIP;5;0;1000;App;Minecraft;;0
SESS-11927;2026-08-23 14:46:16;USR-1218;2012-09-19;M;PS5;3;0;675;App;CS2;5.0;1
SESS-12380;2026-08-15 19:11:29;USR-1719;2007-12-25;M;PS5;1;0;250;App;CS2;;0
SESS-13005;2026-08-24 01:12:52;USR-1376;2011-05-06;M;Standard;12;720;1200;Cash;GTA V;4.0;0
SESS-11951;2026-08-03 22:10:43;USR-1397;2004-08-22;M;Standard;3;0;300;Card;Deadlock;;0
SESS-12621;2026-08-23 21:01:13;USR-1155;2009-09-19;M;PS5;3;0;750;App;CS2;5.0;0
SESS-16291;2026-08-19 19:12:24;USR-1786;2006-04-14;M;Standard;1;160;100;App;Valorant;;0
SESS-12721;2026-08-21 18:57:32;USR-1222;2005-04-07;M;Standard;3;672;270;Card;Valorant;;1
SESS-10060;2026-08-30 09:20:40;USR-1035;1998-09-03;M;Standard;2;360;200;Card;Cyberpunk 2077;;0
SESS-14135;2026-08-29 23:52:20;USR-1074;2011-11-23;F;Standard;5;0;500;App;Valorant;;0
SESS-11352;2026-08-21 21:28:40;USR-1427;2011-03-11;M;Standard;3;0;300;Card;Minecraft;;0
SESS-14860;2026-08-18 09:29:08;USR-1241;2005-01-22;M;VIP;2;0;400;App;CS2;;0
SESS-14931;2026-08-15 15:48:44;USR-1090;2004-08-10;M;Bootcamp;4;658;540;App;Dota 2;;1
SESS-14903;2026-08-30 19:05:39;USR-1120;2011-05-02;F;PS5;3;0;675;App;Minecraft;;1
SESS-12747;2026-08-05 15:49:09;USR-1307;2007-08-26;M;Bootcamp;2;310;300;App;CS2;;0
SESS-13097;2026-08-08 19:35:51;USR-1091;2004-01-15;M;Standard;1;224;90;Card;Valorant;4.5;1
SESS-15128;2026-08-29 20:55:14;USR-1093;2004-06-23;F;Bootcamp;5;550;750;App;Valorant;;0
SESS-14923;2026-08-23 20:34:16;USR-1121;2007-05-26;M;PS5;1;0;250;Card;CS2;4.5;0
SESS-10072;2026-08-29 13:53:05;USR-1350;2012-11-16;M;Standard;2;0;200;Card;GTA V;4.0;0
SESS-10894;2026-08-27 18:45:49;USR-1027;2010-04-02;F;Bootcamp;2;120;300;Cash;Minecraft;4.0;0
SESS-11005;2026-08-28 16:20:03;USR-1155;2009-09-19;M;Standard;2;80;200;Cash;Valorant;;0
SESS-12070;2026-08-25 19:21:58;USR-1007;1995-11-02;F;VIP;3;1260;540;Card;Cyberpunk 2077;5.0;1
SESS-11825;2026-08-25 10:53:28;USR-1470;2009-07-10;M;Bootcamp;4;0;600;Cash;Minecraft;;0
SESS-12674;2026-08-26 02:14:22;USR-1096;2008-05-14;M;Standard;2;240;200;App;Dota 2;;0
SESS-13190;2026-08-23 21:04:45;USR-1373;2010-10-09;M;Standard;3;336;270;App;Dota 2;5.0;1
SESS-16706;2026-08-08 11:46:22;USR-1146;2004-01-15;M;VIP;2;310;400;;Valorant;4.0;0
SESS-11380;2026-08-22 17:40:48;USR-1111;2011-09-06;M;Standard;1;0;100;Card;Minecraft;3.0;0
SESS-17158;2026-08-01 17:58:52;USR-1136;2004-04-28;M;Standard;4;0;360;Card;Valorant;3.0;1
SESS-12564;2026-08-19 19:29:26;USR-1076;2003-01-05;M;Bootcamp;3;882;405;Card;CS2;4.0;1
SESS-16561;2026-08-27 20:14:39;USR-1543;2011-10-08;M;VIP;4;224;720;Cash;Dota 2;;1
SESS-15744;2026-08-17 08:39:35;USR-1070;2008-04-24;M;Bootcamp;1;0;150;Card;Deadlock;;0
SESS-12187;2026-08-17 16:05:24;USR-1059;2010-04-18;M;Standard;1;60;100;Cash;CS2;4.0;0
SESS-15082;2026-08-15 23:48:16;USR-1455;1999-01-15;M;Bootcamp;8;2150;1200;Card;Dota 2;5.0;0
SESS-10419;2026-08-17 23:39:25;USR-1038;2010-06-02;M;Bootcamp;8;672;1080;Cash;Dota 2;3.0;1
SESS-11810;2026-08-15 09:59:55;USR-1431;2003-06-20;M;Standard;3;336;270;Card;Apex Legends;4.5;1
SESS-16867;2026-08-14 17:48:45;USR-1176;2011-08-02;M;Bootcamp;3;120;450;Cash;Dota 2;;0
SESS-15889;2026-08-31 09:24:44;USR-1006;2007-06-18;M;Bootcamp;1;240;150;Cash;Dota 2;4.0;0
SESS-16721;2026-08-20 10:16:55;USR-1134;1995-04-07;M;Standard;1;180;100;Card;Dota 2;5.0;0
SESS-15859;2026-08-30 15:38:41;USR-1778;2012-02-10;M;Bootcamp;2;80;300;Cash;Minecraft;4.5;0
SESS-14405;2026-08-04 21:25:23;USR-1163;2007-06-19;M;Standard;8;1792;720;Card;CS2;4.5;1
SESS-11803;2026-08-26 21:50:45;USR-1463;2011-01-17;M;Standard;4;0;360;App;CS2;5.0;1
SESS-15567;2026-08-22 19:56:00;USR-1371;2012-08-02;M;Standard;1;80;100;App;CS2;;0
SESS-14530;2026-08-17 18:21:44;USR-1040;1991-03-07;M;Standard;2;500;200;Card;Dota 2;;0
SESS-14607;2026-08-08 11:32:19;USR-1117;2006-12-19;M;VIP;4;658;720;Card;CS2;5.0;1
SESS-16736;2026-08-06 16:44:02;USR-1630;2006-11-06;M;Standard;5;0;500;Card;CS2;4.0;0
SESS-13984;2026-08-02 10:28:33;USR-1782;2010-04-06;M;Standard;2;0;200;Cash;Minecraft;;0
SESS-14240;2026-08-23 19:33:57;USR-1298;2012-11-10;F;Standard;2;160;200;;Deadlock;;0
SESS-11080;2026-08-30 15:36:45;USR-1194;1999-09-11;M;PS5;2;540;500;App;Dota 2;4.0;0
SESS-13537;2026-08-16 17:17:17;USR-1694;2005-10-01;M;PS5;2;320;500;App;Valorant;;0
SESS-10384;2026-08-16 11:30:27;USR-1144;2005-01-11;M;Standard;2;160;200;Card;Deadlock;;0
SESS-13695;2026-08-27 06:14:26;USR-1073;2012-07-14;F;Standard;1;40;100;App;Valorant;4.0;0
SESS-14735;2026-08-17 16:48:07;USR-1349;2010-10-21;M;Standard;2;0;200;Card;Dota 2;;0
SESS-15504;2026-08-07 22:57:04;USR-1309;2008-12-24;M;Bootcamp;8;0;1200;Card;CS2;4.5;0
SESS-10904;2026-08-24 13:33:07;USR-1093;2004-06-23;F;VIP;2;390;400;Card;Deadlock;4.5;0
SESS-11133;2026-08-02 00:41:23;USR-1558;2010-10-16;M;Standard;8;0;800;App;Dota 2;4.5;0
SESS-15252;2026-08-07 18:53:59;USR-1325;2009-12-02;2;Bootcamp;3;0;405;App;CS2;;1
SESS-13104;2026-08-21 11:50:54;USR-1427;2011-03-11;M;Standard;1;0;100;App;Valorant;4.0;0
SESS-13069;2026-08-10 10:41:50;USR-1159;2003-06-05;M;Bootcamp;1;0;150;App;Dota 2;5.0;0
SESS-14313;2026-08-22 15:17:06;USR-1053;1994-03-24;M;VIP;2;510;400;;Dota 2;;0
SESS-17056;2026-08-08 19:01:09;USR-1611;2011-11-18;M;Standard;2;0;200;App;Dota 2;;0
SESS-12395;2026-08-25 01:40:19;USR-1047;2004-05-25;M;VIP;5;680;1000;Card;Cyberpunk 2077;;0
SESS-11398;2026-08-08 16:49:55;USR-1689;2007-07-01;M;Bootcamp;3;616;405;Card;CS2;4.0;1
SESS-11507;2026-08-30 11:19:49;USR-1301;2006-10-09;M;VIP;3;320;600;Card;CS2;4.5;0
SESS-15070;2026-08-15 22:57:43;USR-1741;2008-10-09;M;Standard;5;800;500;Card;Valorant;4.5;0
SESS-11891;2026-08-15 21:26:46;USR-1202;2008-09-03;F;VIP;2;546;360;Card;Dota 2;;1
SESS-10863;2026-08-01 18:57:47;USR-1152;2006-12-04;M;Standard;2;0;200;Card;CS2;;0
SESS-10756;2026-08-16 13:04:22;USR-1437;2007-10-20;M;VIP;4;560;720;App;Deadlock;;1
SESS-10037;2026-08-09 22:30:18;USR-1352;2005-07-12;M;PS5;8;0;1800;App;CS2;4.0;1
SESS-13048;2026-08-15 10:05:55;USR-1226;2005-09-13;M;Standard;2;320;200;Card;Dota 2;;0
SESS-15644;2026-08-16 12:07:53;USR-1061;2004-03-24;M;Bootcamp;4;0;600;App;Dota 2;4.5;0
SESS-12081;2026-08-30 09:40:57;USR-1798;2005-01-26;F;Standard;3;360;300;App;CS2;;0
SESS-16089;2026-08-30 16:29:55;USR-1571;1989-09-02;M;Bootcamp;3;0;405;Card;Cyberpunk 2077;5.0;1
SESS-17043;2026-08-28 23:16:36;USR-1399;1997-04-05;M;PS5;8;2436;1800;Card;Dota 2;;1
SESS-14032;2026-08-30 10:12:34;USR-1096;2008-05-14;M;Standard;1;224;90;Card;Dota 2;;1
SESS-16141;2026-08-06 23:06:03;USR-1170;1996-04-24;M;VIP;8;0;1600;Card;PUBG;4.5;0
SESS-15500;2026-08-26 02:35:26;USR-1244;2005-04-18;M;PS5;1;120;250;Card;Dota 2;;0
SESS-13814;2026-08-22 14:22:46;USR-1071;1993-04-12;M;Bootcamp;4;0;600;Card;Cyberpunk 2077;;0
SESS-13021;2026-08-30 19:17:13;USR-1105;2004-04-12;M;Standard;2;160;200;Card;CS2;;0
SESS-11443;2026-08-14 17:00:10;USR-1399;1997-04-05;M;VIP;4;0;800;App;CS2;;0
SESS-10237;2026-08-06 19:12:33;USR-1507;2003-11-04;M;Bootcamp;2;320;300;Card;Deadlock;1.0;0
SESS-15711;2026-08-16 12:14:41;USR-1532;2007-12-28;M;Bootcamp;2;0;300;Card;CS2;;0
SESS-16476;2026-08-29 19:21:32;USR-1354;2008-01-14;F;Bootcamp;3;546;405;Card;PUBG;4.5;1
SESS-11233;2026-08-06 18:23:32;USR-1690;2012-07-26;M;VIP;4;0;800;Card;CS2;5.0;0
SESS-13969;2026-08-31 18:44:01;USR-1421;2000-05-11;F;Standard;4;1000;400;Card;PUBG;5.0;0
SESS-12487;2026-08-14 23:15:13;USR-1133;2003-05-21;M;Standard;8;1344;720;App;Dota 2;5.0;1
SESS-10891;2026-08-08 10:48:09;USR-1045;2006-09-28;M;Bootcamp;1;240;150;App;CS2;;0
SESS-15249;2026-08-28 13:39:34;USR-1084;2006-01-24;M;Bootcamp;3;0;450;Card;Dota 2;4.0;0
SESS-15897;2026-08-18 18:36:20;USR-1600;2002-04-16;M;PS5;4;0;1000;Card;Apex Legends;;0
SESS-12928;2026-08-17 17:37:22;USR-1079;2008-08-05;M;Bootcamp;2;400;300;App;CS2;;0
SESS-16969;2026-08-02 22:40:52;USR-1064;2004-07-08;M;Standard;8;0;800;Cash;Dota 2;5.0;0
SESS-13667;2026-08-14 17:45:24;USR-1377;2008-03-07;F;Standard;2;448;180;Card;PUBG;;1
SESS-13472;2026-08-07 19:56:47;USR-1021;2011-03-19;M;Standard;2;120;200;App;Valorant;4.5;0
SESS-16531;2026-08-18 08:21:37;USR-1488;2006-01-14;M;VIP;2;470;400;App;Dota 2;;0
SESS-15577;2026-08-29 10:24:23;USR-1311;2006-02-16;M;Standard;2;160;200;Card;Dota 2;;0
SESS-16677;2026-08-03 20:59:39;USR-1121;2007-05-26;M;Bootcamp;3;440;450;Card;CS2;5.0;0
SESS-13272;2026-08-04 19:36:27;USR-1652;2011-02-19;M;Bootcamp;2;80;300;Cash;Minecraft;;0
SESS-12954;2026-08-10 15:32:58;USR-1051;2011-06-02;F;Standard;4;0;400;App;CS2;;0
SESS-11258;2026-08-01 17:59:15;USR-1340;2009-09-22;M;Standard;5;0;500;App;Dota 2;4.0;0
SESS-12675;2026-08-28 23:02:19;USR-1036;2005-06-28;M;Bootcamp;5;0;750;Card;CS2;;0
SESS-13967;2026-08-03 09:11:00;USR-1151;2007-01-05;F;Bootcamp;3;560;450;Card;Dota 2;;0
SESS-14181;2026-08-26 18:51:26;USR-1369;2005-09-09;M;PS5;2;0;500;Card;Valorant;;0
SESS-15098;2026-08-10 15:41:13;USR-1041;2011-07-28;M;Standard;3;180;300;App;CS2;5.0;0
SESS-13831;2026-08-10 15:30:33;USR-1307;2007-08-26;M;Standard;3;360;300;Card;CS2;4.5;0
SESS-14411;2026-08-06 02:59:15;USR-1275;2010-05-27;F;Standard;2;0;200;App;CS2;;0
SESS-12026;2026-08-02 16:17:33;USR-1021;2011-03-19;M;Standard;2;0;200;App;CS2;5.0;0
SESS-10142;2026-08-21 12:11:32;USR-1127;2009-02-14;M;Bootcamp;3;336;405;App;CS2;;1
SESS-14469;2026-08-13 23:24:37;USR-1501;2009-12-11;F;Standard;12;0;1200;App;GTA V;5.0;0
SESS-16764;2026-08-20 11:11:21;USR-1213;2011-07-07;M;Standard;1;40;100;Cash;Minecraft;;0
SESS-13635;2026-08-05 18:52:42;USR-1556;2009-08-19;M;VIP;3;120;600;Card;CS2;5.0;0
SESS-12707;2026-08-18 17:17:28;USR-1268;2003-10-09;M;VIP;3;546;540;App;CS2;5.0;1
SESS-11303;2026-08-14 01:03:26;USR-1170;1996-04-24;M;VIP;8;0;1600;App;PUBG;4.5;0
SESS-11586;2026-08-17 12:02:38;USR-1547;2006-11-17;M;VIP;1;160;200;Card;Dota 2;4.0;0
SESS-12895;2026-08-30 21:33:38;USR-1130;2008-05-01;F;VIP;1;200;200;Card;Valorant;4.0;0
SESS-11127;2026-08-13 16:18:53;USR-1063;2007-02-12;M;Standard;3;0;300;App;PUBG;5.0;0
SESS-16146;2026-08-05 20:19:41;USR-1352;2005-07-12;M;Standard;1;0;100;App;CS2;;0
SESS-12778;2026-08-26 00:37:48;USR-1398;2012-02-18;F;Standard;8;0;800;App;Minecraft;4.0;0
SESS-11447;2026-08-29 07:13:29;USR-1735;1987-10-01;F;VIP;4;1428;720;Card;CS2;;1
SESS-12204;2026-08-09 20:53:05;USR-1680;2011-10-20;M;Standard;2;0;200;App;Dota 2;;0
SESS-14336;2026-08-04 10:28:47;USR-1151;2007-01-05;F;Bootcamp;12;0;1800;App;Dota 2;;0
SESS-16759;2026-08-16 22:38:58;USR-1062;1998-04-23;M;Standard;8;0;800;Card;Dota 2;;0
SESS-15472;2026-08-03 14:42:15;USR-1506;2012-03-23;M;Standard;4;0;360;Cash;Dota 2;5.0;1
SESS-10779;2026-08-26 08:14:35;USR-1077;1996-09-03;M;Bootcamp;2;510;300;Card;GTA V;4.5;0
SESS-14075;2026-08-16 17:55:13;USR-1559;2008-02-20;M;VIP;4;882;720;App;Dota 2;;1
SESS-12352;2026-08-01 15:09:49;USR-1112;2008-11-25;M;Standard;1;160;100;Card;Deadlock;;0
SESS-13265;2026-08-02 19:26:07;USR-1105;2004-04-12;M;Standard;5;560;450;Card;CS2;4.5;1
SESS-13049;2026-08-05 18:54:05;USR-1024;2007-08-13;M;VIP;1;0;200;Card;Apex Legends;;0
SESS-12932;2026-08-08 16:55:30;USR-1154;1987-12-02;M;PS5;3;510;750;Card;PUBG;5.0;0
SESS-16253;2026-08-26 15:15:22;USR-1423;1989-04-26;M;Standard;2;0;200;Card;CS2;;0
SESS-15997;2026-08-26 10:21:28;USR-1338;2006-04-28;F;Bootcamp;2;400;300;Cash;Valorant;5.0;0
SESS-13183;2026-08-08 13:42:59;USR-1087;2004-11-25;F;Bootcamp;3;448;405;Card;CS2;5.0;1
SESS-14855;2026-08-27 21:11:24;USR-1597;1996-05-02;M;Bootcamp;3;1050;450;Card;Cyberpunk 2077;4.5;0
SESS-11397;2026-08-23 15:00:11;USR-1144;2005-01-11;M;VIP;2;400;400;App;Deadlock;;0
SESS-11969;2026-08-28 15:45:35;USR-1061;2004-03-24;M;Standard;2;160;200;Card;CS2;;0
SESS-13597;2026-08-29 20:26:27;USR-1153;2008-06-09;M;VIP;2;240;400;Card;Valorant;;0
SESS-12298;2026-08-10 17:10:20;USR-1093;2004-06-23;F;Standard;3;0;300;App;Valorant;;0
SESS-14559;2026-08-21 17:38:26;USR-1588;2008-12-02;F;Standard;2;224;180;Card;CS2;4.5;1
SESS-16435;2026-08-25 18:16:23;USR-1214;2006-05-22;M;VIP;2;390;400;Card;CS2;4.5;0
SESS-10546;2026-08-30 15:00:15;USR-1390;2012-10-20;M;Standard;8;0;800;App;Valorant;4.5;0
SESS-12870;2026-08-17 09:13:04;USR-1156;2012-02-05;F;Standard;1;40;100;App;Minecraft;;0
SESS-12140;2026-08-13 16:42:43;USR-1149;2003-10-27;M;Standard;2;0;200;Card;CS2;;0
SESS-15092;2026-08-09 19:29:47;USR-1193;2004-02-11;M;Bootcamp;2;434;270;Cash;CS2;;1
SESS-13592;2026-08-29 14:36:07;USR-1768;2005-01-16;F;Standard;1;120;100;Card;Minecraft;4.5;0
SESS-13026;2026-08-28 08:23:00;USR-1025;2010-10-04;M;VIP;1;0;200;Cash;Apex Legends;;0
SESS-16986;2026-08-07 03:09:04;USR-1511;2006-12-18;M;Bootcamp;3;0;405;Card;Dota 2;;1
SESS-13999;2026-08-21 15:12:58;USR-1775;2004-12-16;M;VIP;3;0;600;App;Valorant;4.5;0
SESS-13735;2026-08-08 16:41:47;USR-1751;1997-10-14;M;Bootcamp;2;0;300;App;GTA V;;0
SESS-11716;2026-08-08 17:49:00;USR-1114;2005-06-01;M;VIP;5;672;900;Card;CS2;4.0;1
SESS-12326;2026-08-23 23:17:16;USR-1145;2003-05-21;M;Standard;8;640;800;Card;Valorant;4.5;0
SESS-10504;2026-08-24 20:07:00;USR-1526;2012-04-13;M;Standard;5;0;500;App;CS2;;0
SESS-14933;2026-08-15 21:34:14;USR-1495;1992-04-19;M;Standard;2;500;200;App;CS2;;0
SESS-11059;2026-08-29 10:47:43;USR-1132;2007-03-22;M;Bootcamp;2;470;300;Card;CS2;;0
SESS-12568;2026-08-07 10:28:46;USR-1106;2010-07-26;M;Standard;2;0;200;App;Valorant;;0
SESS-15039;2026-08-01 03:11:37;USR-1764;2003-03-20;m;Standard;2;336;180;App;PUBG;;1
SESS-12820;2026-08-04 17:14:59;USR-1534;2009-09-17;M;Bootcamp;3;0;405;App;CS2;4.5;1
SESS-11893;2026-08-17 18:44:05;USR-1551;2008-11-10;M;Standard;2;240;200;Card;CS2;2.0;0
SESS-15361;2026-08-22 00:40:48;USR-1052;2011-10-25;M;Bootcamp;8;0;1200;Cash;CS2;1.0;0
SESS-15941;2026-08-11 20:54:55;USR-1741;2008-10-09;M;Standard;3;360;300;Card;Apex Legends;;0
SESS-11640;2026-08-15 15:55:11;USR-1102;2011-08-12;M;Standard;3;0;300;App;Valorant;;0
SESS-14483;2026-08-02 18:07:17;USR-1121;2007-05-26;M;VIP;2;0;400;Card;Dota 2;;0
SESS-13439;2026-08-11 09:23:54;USR-1455;1999-01-15;M;VIP;3;690;600;Card;CS2;;0
SESS-11520;2026-08-25 20:41:01;USR-1093;2004-06-23;F;PS5;2;240;500;Card;Deadlock;5.0;0
SESS-16197;2026-08-08 18:32:29;USR-1188;2007-03-11;M;VIP;2;0;400;Card;CS2;;0
SESS-10282;2026-08-24 21:52:06;USR-1416;1990-11-01;M;PS5;2;650;500;Card;CS2;;0
SESS-15110;2026-08-28 14:55:15;USR-1584;2001-06-10;M;Standard;2;320;200;App;CS2;;0
SESS-16611;2026-08-08 18:32:01;USR-1122;1995-12-05;M;Standard;1;0;100;Card;Valorant;;0
SESS-14793;2026-08-26 02:56:04;USR-1578;2012-12-23;M;Standard;2;0;200;Cash;CS2;;0
SESS-10073;2026-08-19 12:41:02;USR-1093;2004-06-23;F;PS5;2;240;500;Card;Dota 2;;0
SESS-13830;2026-08-21 23:17:41;USR-1406;2005-05-07;M;Standard;5;800;500;Card;CS2;4.5;0
SESS-12100;2026-08-20 20:48:09;USR-1358;1999-07-08;M;VIP;5;1050;1000;Card;GTA V;3.0;0
SESS-16675;2026-08-14 16:33:20;USR-1302;2005-06-01;M;VIP;3;560;600;Card;CS2;;0
SESS-16494;2026-08-12 16:19:16;USR-1693;2005-08-06;M;Bootcamp;2;448;270;App;PUBG;4.5;1
SESS-15461;2026-08-14 01:21:20;USR-1145;2003-05-21;M;VIP;8;790;1600;Card;CS2;;0
SESS-11941;2026-08-30 15:41:55;USR-1761;2001-02-23;F;Bootcamp;2;0;270;Card;CS2;;1
SESS-12199;2026-08-17 22:13:52;USR-1191;2004-10-14;M;Bootcamp;8;1106;1080;Card;CS2;;1
SESS-16107;2026-08-27 13:04:57;USR-1353;2006-01-14;M;Standard;3;0;300;App;Deadlock;4.5;0
SESS-13377;2026-08-30 12:06:32;USR-1353;2006-01-14;M;VIP;3;0;600;Card;CS2;;0
SESS-15423;2026-08-01 01:43:04;USR-1032;2011-02-27;M;Standard;12;0;1200;Card;Minecraft;;0
SESS-13471;2026-08-20 21:16:57;USR-1699;2000-12-17;M;Standard;1;0;100;Card;Dota 2;;0
SESS-12365;2026-08-18 20:17:06;USR-1608;2005-08-27;M;PS5;1;0;250;Card;Dota 2;;0
SESS-13720;2026-08-09 09:43:54;USR-1020;2005-09-26;F;Standard;3;0;300;App;Valorant;2.0;0
SESS-11109;2026-08-07 15:43:00;USR-1119;1997-03-16;M;VIP;2;540;400;App;Deadlock;;0
SESS-16755;2026-08-30 09:05:53;USR-1003;2010-11-08;M;Standard;1;0;100;Cash;Minecraft;;0
